SPDI,Gene,ACMG_variations
NC_000001.11:45330556:C:A,HPDL,LP
NC_000001.11:45331528:G:A,HPDL,LP
NC_000001.11:45331555:C:T,HPDL,LP
NC_000001.11:45332214:G:A,HPDL,LP
NC_000001.11:45332251:T:C,HPDL,LP
NC_000001.11:45332442:C:A,HPDL,LP
NC_000001.11:45332445:G:A,HPDL,LP
NC_000001.11:45332456:C:T,HPDL,LP
NC_000001.11:45332620:C:T,HPDL,LP
NC_000001.11:45332802:T:C,HPDL,LP
NC_000001.11:45332951:G:A,HPDL,LP
NC_000001.11:45333435:G:A,HPDL,LP
NC_000001.11:241508642:C:T,FH,LP
NC_000001.11:241511967:T:C,FH,LP
NC_000001.11:241511982:T:C,FH,LP
NC_000001.11:241512000:G:C,FH,LP
NC_000001.11:241513631:C:G,FH,LP
NC_000001.11:241513660:T:G,FH,LP
NC_000002.12:47373819:G:A,EPCAM,LP
NC_000002.12:47408465:C:T,MSH2,LP
NC_000002.12:47410208:T:A,MSH2,LP
NC_000002.12:47410210:G:A,MSH2,LP
NC_000002.12:47410214:T:G,MSH2,LP
NC_000002.12:47410214:T:A,MSH2,LP
NC_000002.12:47410216:G:A,MSH2,LP
NC_000002.12:47410219:T:G,MSH2,LP
NC_000002.12:47410244:T:C,MSH2,LP
NC_000002.12:47410250:T:C,MSH2,LP
NC_000002.12:47410286:T:G,MSH2,LP
NC_000002.12:47410286:T:C,MSH2,LP
NC_000002.12:47410321:T:C,MSH2,LP
NC_000002.12:47416350:G:A,MSH2,LP
NC_000002.12:47416398:C:T,MSH2,LP
NC_000002.12:47466717:G:C,MSH2,LP
NC_000002.12:47475063:C:T,MSH2,LP
NC_000002.12:47475129:C:T,MSH2,LP
NC_000002.12:47475170:G:C,MSH2,LP
NC_000002.12:47475179:C:T,MSH2,LP
NC_000002.12:47476371:A:T,MSH2,LP
NC_000002.12:47476380:G:C,MSH2,LP
NC_000002.12:47476434:G:C,MSH2,LP
NC_000002.12:47476447:C:T,MSH2,LP
NC_000002.12:47476449:T:C,MSH2,LP
NC_000002.12:47476450:G:T,MSH2,LP
NC_000002.12:47478302:G:T,MSH2,LP
NC_000002.12:47478305:G:A,MSH2,LP
NC_000002.12:47799286:T:C,MSH6,LP
NC_000002.12:47799328:T:C,MSH6,LP
NC_000002.12:47799736:T:C,MSH6,LP
NC_000002.12:47800296:C:T,MSH6,LP
NC_000002.12:47803472:C:T,MSH6,LP
NC_000002.12:47805637:G:A,MSH6,LP
NC_000002.12:47806281:G:A,MSH6,LP
NC_000002.12:47808187:G:C,MSH6,LP
NC_000002.12:127292725:T:G,ERCC3,LP
NC_000002.12:127292784:A:G,ERCC3,LP
NC_000003.12:10142037:G:C,VHL,LP
NC_000003.12:10142039:T:G,VHL,LP
NC_000003.12:10142040:C:T,VHL,LP
NC_000003.12:10142040:C:G,VHL,LP
NC_000003.12:10142054:G:A,VHL,LP
NC_000003.12:10142079:A:C,VHL,LP
NC_000003.12:10142079:A:G,VHL,LP
NC_000003.12:10142091:G:C,VHL,LP
NC_000003.12:10142096:G:C,VHL,LP
NC_000003.12:10142096:G:T,VHL,LP
NC_000003.12:10142102:C:T,VHL,LP
NC_000003.12:10142102:C:G,VHL,LP
NC_000003.12:10142103:C:G,VHL,LP
NC_000003.12:10142103:C:T,VHL,LP
NC_000003.12:10142109:G:C,VHL,LP
NC_000003.12:10142112:T:C,VHL,LP
NC_000003.12:10142123:G:T,VHL,LP
NC_000003.12:10142123:G:A,VHL,LP
NC_000003.12:10142138:T:C,VHL,LP
NC_000003.12:10142165:C:G,VHL,LP
NC_000003.12:10142166:G:C,VHL,LP
NC_000003.12:10142178:G:A,VHL,LP
NC_000003.12:10142179:C:G,VHL,LP
NC_000003.12:10142180:T:A,VHL,LP
NC_000003.12:10142180:T:C,VHL,LP
NC_000003.12:10146523:G:T,VHL,LP
NC_000003.12:10146534:A:G,VHL,LP
NC_000003.12:10146548:G:T,VHL,LP
NC_000003.12:10146560:G:C,VHL,LP
NC_000003.12:10146577:A:C,VHL,LP
NC_000003.12:10146617:G:A,VHL,LP
NC_000003.12:10149789:A:G,VHL,LP
NC_000003.12:10149792:C:T,VHL,LP
NC_000003.12:10149795:T:C,VHL,LP
NC_000003.12:10149804:G:A,VHL,LP
NC_000003.12:10149807:G:A,VHL,LP
NC_000003.12:10149807:G:T,VHL,LP
NC_000003.12:10149808:C:G,VHL,LP
NC_000003.12:10149809:C:T,VHL,LP
NC_000003.12:10149810:T:C,VHL,LP
NC_000003.12:10149813:A:G,VHL,LP
NC_000003.12:10149818:G:T,VHL,LP
NC_000003.12:10149821:C:G,VHL,LP
NC_000003.12:10149821:C:T,VHL,LP
NC_000003.12:10149822:G:A,VHL,LP
NC_000003.12:10149893:C:G,VHL,LP
NC_000003.12:37000975:T:C,MLH1,LP
NC_000003.12:37000976:G:A,MLH1,LP
NC_000003.12:37000984:T:G,MLH1,LP
NC_000003.12:37000996:A:G,MLH1,LP
NC_000003.12:37001047:G:A,MLH1,LP
NC_000003.12:37001048:G:A,MLH1,LP
NC_000003.12:37001050:G:A,MLH1,LP
NC_000003.12:37004413:T:G,MLH1,LP
NC_000003.12:37004425:C:T,MLH1,LP
NC_000003.12:37004443:C:G,MLH1,LP
NC_000003.12:37004443:C:T,MLH1,LP
NC_000003.12:37006991:G:C,MLH1,LP
NC_000003.12:37008823:T:G,MLH1,LP
NC_000003.12:37008903:A:G,MLH1,LP
NC_000003.12:37008904:G:A,MLH1,LP
NC_000003.12:37011827:T:G,MLH1,LP
NC_000003.12:37012098:G:T,MLH1,LP
NC_000003.12:37014484:G:A,MLH1,LP
NC_000003.12:37014492:T:C,MLH1,LP
NC_000003.12:37014532:T:G,MLH1,LP
NC_000003.12:37017507:C:A,MLH1,LP
NC_000003.12:37017507:C:T,MLH1,LP
NC_000003.12:37017589:T:C,MLH1,LP
NC_000003.12:37020335:A:T,MLH1,LP
NC_000003.12:37020410:A:C,MLH1,LP
NC_000003.12:37025637:C:T,MLH1,LP
NC_000003.12:37040242:C:A,MLH1,LP
NC_000003.12:37040251:A:C,MLH1,LP
NC_000003.12:37040275:T:C,MLH1,LP
NC_000003.12:37042320:T:C,MLH1,LP
NC_000003.12:37047540:T:G,MLH1,LP
NC_000003.12:37047552:C:A,MLH1,LP
NC_000003.12:37047641:G:C,MLH1,LP
NC_000003.12:37047651:T:A,MLH1,LP
NC_000003.12:37048537:C:T,MLH1,LP
NC_000003.12:37048538:C:T,MLH1,LP
NC_000003.12:37048561:C:T,MLH1,LP
NC_000003.12:37048562:C:T,MLH1,LP
NC_000003.12:37048580:C:T,MLH1,LP
NC_000003.12:37048595:G:T,MLH1,LP
NC_000003.12:37048595:G:C,MLH1,LP
NC_000003.12:37048603:A:C,MLH1,LP
NC_000003.12:37048909:T:C,MLH1,LP
NC_000003.12:37048954:G:A,MLH1,LP
NC_000003.12:37048972:C:T,MLH1,LP
NC_000003.12:37050627:T:C,MLH1,LP
NC_000003.12:69964939:G:A,MITF,LP
NC_000005.10:112839776:A:T,APC,LP
NC_000007.14:5982884:C:T,PMS2,LP
NC_000007.14:6005917:C:A,AIMP2,LP
NC_000007.14:6009018:T:C,AIMP2,LP
NC_000007.14:116763205:T:G,MET,LP
NC_000009.12:21970981:A:T,CDKN2A,LP
NC_000009.12:21971036:C:A,CDKN2A,LP
NC_000009.12:21971057:C:A,CDKN2A,LP
NC_000009.12:21971092:C:T,CDKN2A,LP
NC_000009.12:21971098:C:G,CDKN2A,LP
NC_000009.12:21971182:A:C,CDKN2A,LP
NC_000009.12:21971191:C:A,CDKN2A,LP
NC_000009.12:21971199:C:G,CDKN2A,LP
NC_000009.12:21974678:T:C,CDKN2A,LP
NC_000009.12:21974732:A:G,CDKN2A,LP
NC_000009.12:21974756:C:G,CDKN2A,LP
NC_000009.12:21974780:A:G,CDKN2A,LP
NC_000009.12:95101722:A:G,FANCC,LP
NC_000009.12:95107111:A:C,FANCC,LP
NC_000009.12:95453532:A:G,PTCH1,LP
NC_000009.12:95453586:T:A,PTCH1,LP
NC_000009.12:95459763:A:C,PTCH1,LP
NC_000009.12:97687095:C:G,XPA,LP
NC_000009.12:97689599:C:A,XPA,LP
NC_000009.12:132921428:A:C,TSC1,LP
NC_000009.12:132921909:A:T,TSC1,LP
NC_000009.12:132921942:A:G,TSC1,LP
NC_000009.12:132923460:C:T,TSC1,VUS
NC_000009.12:132925734:A:G,TSC1,VUS
NC_000009.12:132927228:A:C,TSC1,LP
NC_000010.11:43100479:C:T,RET,LP
NC_000010.11:43112172:G:T,RET,LP
NC_000010.11:43113620:T:G,RET,LP
NC_000010.11:43113620:T:C,RET,LP
NC_000010.11:43113621:G:A,RET,LP
NC_000010.11:43113622:C:G,RET,LP
NC_000010.11:43113626:T:A,RET,LP
NC_000010.11:43113626:T:G,RET,LP
NC_000010.11:43113626:T:C,RET,LP
NC_000010.11:43113627:G:A,RET,LP
NC_000010.11:43113628:C:G,RET,LP
NC_000010.11:43113647:T:A,RET,LP
NC_000010.11:43113647:T:C,RET,LP
NC_000010.11:43113647:T:G,RET,LP
NC_000010.11:43113648:G:T,RET,LP
NC_000010.11:43113648:G:A,RET,LP
NC_000010.11:43113648:G:C,RET,LP
NC_000010.11:43113653:T:A,RET,LP
NC_000010.11:43113653:T:G,RET,LP
NC_000010.11:43113653:T:C,RET,LP
NC_000010.11:43113654:G:C,RET,LP
NC_000010.11:43113654:G:T,RET,LP
NC_000010.11:43113654:G:A,RET,LP
NC_000010.11:43113655:C:G,RET,LP
NC_000010.11:43114488:G:A,RET,LP
NC_000010.11:43114499:T:A,RET,LP
NC_000010.11:43114499:T:C,RET,LP
NC_000010.11:43114499:T:G,RET,LP
NC_000010.11:43114500:G:T,RET,LP
NC_000010.11:43114500:G:C,RET,LP
NC_000010.11:43114500:G:A,RET,LP
NC_000010.11:43114501:C:G,RET,LP
NC_000010.11:43114518:C:G,RET,LP
NC_000010.11:43114597:G:C,RET,LP
NC_000010.11:43118391:G:T,RET,LP
NC_000010.11:43118391:G:C,RET,LP
NC_000010.11:43118457:G:T,RET,LP
NC_000010.11:43118457:G:C,RET,LP
NC_000010.11:43119547:G:C,RET,LP
NC_000010.11:43119547:G:A,RET,LP
NC_000010.11:43119547:G:T,RET,LP
NC_000010.11:43120143:T:G,RET,LP
NC_000010.11:43121967:T:C,RET,LP
NC_000010.11:43123782:A:G,RET,LP
NC_000010.11:86899829:T:C,BMPR1A,LP
NC_000010.11:86919315:C:A,BMPR1A,LP
NC_000010.11:86919429:G:A,BMPR1A,LP
NC_000010.11:87894024:A:C,PTEN,LP
NC_000010.11:87894048:T:G,PTEN,LP
NC_000010.11:87894050:G:C,PTEN,LP
NC_000010.11:87894083:A:G,PTEN,LP
NC_000010.11:87925517:T:G,PTEN,LP
NC_000010.11:87925528:C:G,PTEN,LP
NC_000010.11:87925529:A:G,PTEN,LP
NC_000010.11:87925549:T:C,PTEN,LP
NC_000010.11:87925556:T:C,PTEN,LP
NC_000010.11:87933036:A:G,PTEN,LP
NC_000010.11:87933072:G:A,PTEN,LP
NC_000010.11:87933093:T:C,PTEN,LP
NC_000010.11:87933120:C:G,PTEN,LP
NC_000010.11:87933125:C:T,PTEN,LP
NC_000010.11:87933126:A:G,PTEN,LP
NC_000010.11:87933128:T:C,PTEN,LP
NC_000010.11:87933143:G:A,PTEN,LP
NC_000010.11:87933144:G:A,PTEN,LP
NC_000010.11:87933147:G:A,PTEN,LP
NC_000010.11:87933150:C:T,PTEN,LP
NC_000010.11:87933153:G:T,PTEN,LP
NC_000010.11:87933161:A:G,PTEN,LP
NC_000010.11:87933165:G:A,PTEN,LP
NC_000010.11:87952118:G:T,PTEN,LP
NC_000010.11:87952124:C:A,PTEN,LP
NC_000010.11:87952134:T:A,PTEN,LP
NC_000010.11:87952141:C:T,PTEN,LP
NC_000010.11:87952142:G:C,PTEN,LP
NC_000010.11:87952144:T:A,PTEN,LP
NC_000010.11:87957939:T:C,PTEN,LP
NC_000010.11:87957954:C:T,PTEN,LP
NC_000010.11:87957972:A:G,PTEN,LP
NC_000011.10:32389178:C:T,WT1,LP
NC_000011.10:47234783:A:G,DDB2,LP
NC_000011.10:47234871:G:A,DDB2,LP
NC_000011.10:64809694:G:C,MEN1,LP
NC_000011.10:64810033:C:T,MEN1,LP
NC_000011.10:64810044:A:C,MEN1,LP
NC_000011.10:64810074:G:A,MEN1,LP
NC_000011.10:108244999:C:T,ATM,LP
NC_000011.10:108247028:A:G,ATM,LP
NC_000011.10:108271073:T:G,ATM,LP
NC_000011.10:108272590:T:C,ATM,LP
NC_000011.10:108289758:T:C,ATM,LP
NC_000011.10:108301697:C:T,ATM,LP
NC_000011.10:108315862:A:G,ATM,LP
NC_000011.10:108315910:G:A,ATM,LP
NC_000011.10:108317373:C:A,ATM,LP
NC_000011.10:108325415:C:T,ATM,LP
NC_000011.10:108329201:T:G,ATM,LP
NC_000011.10:108330313:T:G,ATM,LP
NC_000011.10:108333924:T:C,ATM,LP
NC_000011.10:108335062:T:G,ATM,LP
NC_000011.10:108343245:G:A,ATM,LP
NC_000011.10:108345803:T:G,ATM,LP
NC_000011.10:108345817:C:T,ATM,LP
NC_000011.10:108345888:T:G,ATM,LP
NC_000011.10:108353804:A:G,ATM,LP
NC_000011.10:108365358:C:T,ATM,LP
NC_000011.10:108365359:G:A,ATM,LP
NC_000011.10:108365439:C:T,ATM,VUS
NC_000012.12:57751646:C:T,CDK4,LP
NC_000012.12:57751647:G:A,CDK4,LP
NC_000012.12:132673626:G:C,POLE,VUS
NC_000012.12:132673663:G:C,POLE,LP
NC_000013.11:32346895:G:A,BRCA2,LP
NC_000013.11:32362594:G:C,BRCA2,LP
NC_000013.11:32363264:T:C,BRCA2,LP
NC_000013.11:32363389:G:C,BRCA2,LP
NC_000013.11:32370419:C:T,BRCA2,LP
NC_000013.11:48411593:A:G,RB1,VUS
NC_000013.11:48411861:T:A,RB1,LP
NC_000013.11:48452996:C:T,RB1,LP
NC_000013.11:48459707:C:T,RB1,LP
NC_000013.11:48463757:T:C,RB1,LP
NC_000013.11:102846348:C:A,ERCC5,LP
NC_000013.11:102852243:C:A,ERCC5,LP
NC_000013.11:102866686:C:T,ERCC5,LP
NC_000013.11:102866764:C:T,ERCC5,LP
NC_000013.11:102868151:T:C,ERCC5,LP
NC_000013.11:102873282:G:C,ERCC5,LP
NC_000015.10:90763097:A:G,BLM,LP
NC_000015.10:90794253:G:T,BLM,LP
NC_000015.10:90794310:G:C,BLM,LP
NC_000016.10:2054436:C:G,TSC2,LP
NC_000016.10:2070569:C:T,TSC2,LP
NC_000016.10:2070570:G:A,TSC2,LP
NC_000016.10:2071510:C:A,TSC2,LP
NC_000016.10:2071923:G:A,TSC2,LP
NC_000016.10:2072292:T:G,TSC2,LP
NC_000016.10:2076140:C:T,TSC2,LP
NC_000016.10:2076141:G:A,TSC2,LP
NC_000016.10:2079144:T:C,TSC2,LP
NC_000016.10:2080364:C:T,TSC2,LP
NC_000016.10:13926629:G:C,ERCC4,LP
NC_000016.10:13928131:T:C,ERCC4,LP
NC_000016.10:13928148:T:C,ERCC4,LP
NC_000016.10:13935696:C:T,ERCC4,LP
NC_000016.10:13947660:C:A,ERCC4,LP
NC_000016.10:68811858:G:T,CDH1,LP
NC_000016.10:68822189:C:T,CDH1,LP
NC_000016.10:89739478:T:C,FANCA,LP
NC_000016.10:89740014:G:A,FANCA,LP
NC_000016.10:89746847:T:C,FANCA,LP
NC_000016.10:89746889:T:C,FANCA,LP
NC_000016.10:89761948:C:T,FANCA,LP
NC_000016.10:89765028:C:T,FANCA,LP
NC_000016.10:89765061:T:G,FANCA,LP
NC_000016.10:89816613:A:G,FANCA,LP
NC_000017.11:7670677:A:G,TP53,LP
NC_000017.11:7670683:C:G,TP53,LP
NC_000017.11:7670698:C:G,TP53,LP
NC_000017.11:7670698:C:A,TP53,LP
NC_000017.11:7670698:C:T,TP53,LP
NC_000017.11:7670699:G:A,TP53,LP
NC_000017.11:7673732:T:C,TP53,LP
NC_000017.11:7673763:C:T,TP53,LP
NC_000017.11:7673765:T:A,TP53,LP
NC_000017.11:7673775:G:C,TP53,LP
NC_000017.11:7673775:G:A,TP53,LP
NC_000017.11:7673777:T:A,TP53,LP
NC_000017.11:7673777:T:C,TP53,LP
NC_000017.11:7673780:C:G,TP53,LP
NC_000017.11:7673786:G:A,TP53,LP
NC_000017.11:7673792:G:C,TP53,LP
NC_000017.11:7673795:C:T,TP53,LP
NC_000017.11:7673801:C:G,TP53,LP
NC_000017.11:7673801:C:T,TP53,LP
NC_000017.11:7673802:G:A,TP53,LP
NC_000017.11:7673805:C:T,TP53,LP
NC_000017.11:7673805:C:A,TP53,LP
NC_000017.11:7673820:G:A,TP53,LP
NC_000017.11:7673825:A:G,TP53,LP
NC_000017.11:7674190:C:T,TP53,LP
NC_000017.11:7674211:T:G,TP53,LP
NC_000017.11:7674215:C:A,TP53,LP
NC_000017.11:7674219:C:G,TP53,LP
NC_000017.11:7674219:C:A,TP53,LP
NC_000017.11:7674219:C:T,TP53,LP
NC_000017.11:7674220:G:A,TP53,LP
NC_000017.11:7674226:T:C,TP53,LP
NC_000017.11:7674228:C:T,TP53,LP
NC_000017.11:7674229:C:T,TP53,LP
NC_000017.11:7674229:C:A,TP53,LP
NC_000017.11:7674237:C:T,TP53,LP
NC_000017.11:7674240:G:C,TP53,LP
NC_000017.11:7674240:G:A,TP53,LP
NC_000017.11:7674249:C:T,TP53,LP
NC_000017.11:7674250:A:C,TP53,LP
NC_000017.11:7674251:C:T,TP53,LP
NC_000017.11:7674256:A:G,TP53,LP
NC_000017.11:7674261:T:C,TP53,LP
NC_000017.11:7674262:A:C,TP53,LP
NC_000017.11:7674267:A:G,TP53,LP
NC_000017.11:7674871:T:C,TP53,LP
NC_000017.11:7674871:T:G,TP53,LP
NC_000017.11:7674884:C:T,TP53,LP
NC_000017.11:7674892:C:G,TP53,LP
NC_000017.11:7674892:C:T,TP53,LP
NC_000017.11:7674943:C:G,TP53,LP
NC_000017.11:7674946:A:G,TP53,LP
NC_000017.11:7674950:G:A,TP53,LP
NC_000017.11:7674952:T:C,TP53,LP
NC_000017.11:7674953:G:A,TP53,LP
NC_000017.11:7675069:C:T,TP53,LP
NC_000017.11:7675073:C:T,TP53,LP
NC_000017.11:7675076:G:A,TP53,LP
NC_000017.11:7675084:C:T,TP53,LP
NC_000017.11:7675087:C:A,TP53,LP
NC_000017.11:7675087:C:T,TP53,LP
NC_000017.11:7675094:C:T,TP53,LP
NC_000017.11:7675121:T:C,TP53,LP
NC_000017.11:7675123:T:C,TP53,LP
NC_000017.11:7675138:C:G,TP53,LP
NC_000017.11:7675138:C:T,TP53,LP
NC_000017.11:7675142:C:A,TP53,LP
NC_000017.11:7675156:G:A,TP53,LP
NC_000017.11:7675160:G:A,TP53,LP
NC_000017.11:7675160:G:T,TP53,LP
NC_000017.11:7675184:C:T,TP53,LP
NC_000017.11:7675189:C:T,TP53,LP
NC_000017.11:7675198:G:A,TP53,LP
NC_000017.11:7675199:C:G,TP53,LP
NC_000017.11:7675210:A:C,TP53,LP
NC_000017.11:7675213:A:G,TP53,LP
NC_000017.11:7675220:T:A,TP53,LP
NC_000017.11:7675231:G:C,TP53,LP
NC_000017.11:7675231:G:A,TP53,LP
NC_000017.11:7675994:G:T,TP53,LP
NC_000017.11:7676039:C:G,TP53,LP
NC_000017.11:31159049:C:T,NF1,LP
NC_000017.11:31159082:G:A,NF1,LP
NC_000017.11:31163330:T:C,NF1,LP
NC_000017.11:31163375:G:C,NF1,LP
NC_000017.11:31169991:T:G,NF1,LP
NC_000017.11:31200502:T:C,NF1,LP
NC_000017.11:31200545:A:G,NF1,LP
NC_000017.11:31201043:T:C,NF1,LP
NC_000017.11:31214523:A:G,NF1,LP
NC_000017.11:31214580:T:C,NF1,LP
NC_000017.11:31221853:T:C,NF1,LP
NC_000017.11:31223454:T:G,NF1,LP
NC_000017.11:31223469:A:G,NF1,LP
NC_000017.11:31225133:G:A,NF1,LP
NC_000017.11:31226516:T:C,NF1,LP
NC_000017.11:31227253:T:C,NF1,LP
NC_000017.11:31227526:G:C,NF1,LP
NC_000017.11:31227535:C:A,NF1,LP
NC_000017.11:31227538:A:C,NF1,LP
NC_000017.11:31227546:T:C,NF1,LP
NC_000017.11:31227548:G:C,NF1,LP
NC_000017.11:31229144:C:T,NF1,LP
NC_000017.11:31229145:T:C,NF1,LP
NC_000017.11:31229145:T:G,NF1,LP
NC_000017.11:31229154:T:C,NF1,LP
NC_000017.11:31229157:G:A,NF1,LP
NC_000017.11:31229307:T:C,NF1,LP
NC_000017.11:31229886:T:G,NF1,LP
NC_000017.11:31233082:T:G,NF1,LP
NC_000017.11:31233091:T:G,NF1,LP
NC_000017.11:31233114:C:T,NF1,LP
NC_000017.11:31233114:C:G,NF1,LP
NC_000017.11:31235629:T:C,NF1,LP
NC_000017.11:31235727:C:G,NF1,LP
NC_000017.11:31235728:G:A,NF1,LP
NC_000017.11:31235728:G:C,NF1,LP
NC_000017.11:31258487:A:C,NF1,LP
NC_000017.11:31258500:A:G,NF1,LP
NC_000017.11:31258501:G:T,NF1,LP
NC_000017.11:31259035:T:C,NF1,LP
NC_000017.11:31260402:A:G,NF1,LP
NC_000017.11:31327718:G:T,NF1,LP
NC_000017.11:31334878:T:C,NF1,LP
NC_000017.11:31335025:G:A,NF1,LP
NC_000017.11:31336728:T:C,NF1,LP
NC_000017.11:35103500:G:A,RAD51D,LP
NC_000017.11:43045760:A:G,BRCA1,LP
NC_000017.11:43049163:C:A,BRCA1,LP
NC_000017.11:43051070:A:T,BRCA1,LP
NC_000017.11:43051070:A:C,BRCA1,LP
NC_000017.11:43051097:A:C,BRCA1,LP
NC_000017.11:43051103:A:G,BRCA1,LP
NC_000017.11:43057082:G:C,BRCA1,LP
NC_000017.11:43057112:T:A,BRCA1,LP
NC_000017.11:43057112:T:C,BRCA1,LP
NC_000017.11:43057116:C:T,BRCA1,LP
NC_000017.11:43057121:A:G,BRCA1,LP
NC_000017.11:43063371:C:A,BRCA1,LP
NC_000017.11:43063880:G:C,BRCA1,LP
NC_000017.11:43063880:G:T,BRCA1,LP
NC_000017.11:43063882:T:G,BRCA1,LP
NC_000017.11:43063902:G:T,BRCA1,LP
NC_000017.11:43063908:C:T,BRCA1,LP
NC_000017.11:43063929:C:T,BRCA1,LP
NC_000017.11:43063930:G:A,BRCA1,LP
NC_000017.11:43063936:A:G,BRCA1,LP
NC_000017.11:43067609:G:A,BRCA1,LP
NC_000017.11:43067615:A:C,BRCA1,LP
NC_000017.11:43067623:A:T,BRCA1,LP
NC_000017.11:43067624:T:C,BRCA1,LP
NC_000017.11:43067627:G:A,BRCA1,LP
NC_000017.11:43067628:T:C,BRCA1,LP
NC_000017.11:43070949:G:A,BRCA1,LP
NC_000017.11:43071045:G:C,BRCA1,LP
NC_000017.11:43076487:C:A,BRCA1,LP
NC_000017.11:43082528:A:G,BRCA1,LP
NC_000017.11:43106455:C:T,BRCA1,LP
NC_000017.11:43106476:C:T,BRCA1,LP
NC_000017.11:43106477:A:C,BRCA1,LP
NC_000017.11:43106486:A:C,BRCA1,LP
NC_000017.11:43124031:A:G,BRCA1,LP
NC_000017.11:43124043:A:G,BRCA1,LP
NC_000017.11:48728342:C:T,HOXB13,LP
NC_000017.11:58695158:G:T,RAD51C,LP
NC_000017.11:58695188:G:A,RAD51C,LP
NC_000017.11:58696701:G:C,RAD51C,LP
NC_000018.10:51065455:A:G,SMAD4,LP
NC_000018.10:51065520:G:A,SMAD4,LP
NC_000018.10:51065547:C:A,SMAD4,LP
NC_000018.10:51065547:C:T,SMAD4,LP
NC_000018.10:51065548:G:A,SMAD4,LP
NC_000018.10:51067035:G:A,SMAD4,LP
NC_000018.10:51078284:G:C,SMAD4,LP
NC_000018.10:51078293:C:T,SMAD4,LP
NC_000018.10:51078305:A:G,SMAD4,LP
NC_000018.10:51078306:T:C,SMAD4,LP
NC_000018.10:51078307:A:G,SMAD4,LP
NC_000019.10:1207057:T:G,STK11,LP
NC_000019.10:1207112:T:C,STK11,LP
NC_000019.10:1219351:G:C,STK11,LP
NC_000019.10:1220395:G:A,STK11,LP
NC_000019.10:1220433:G:A,STK11,LP
NC_000019.10:1220487:G:A,STK11,LP
NC_000019.10:1220487:G:T,STK11,LP
NC_000019.10:1220699:G:C,STK11,LP
NC_000019.10:45352225:C:G,ERCC2,LP
NC_000019.10:45352234:G:A,ERCC2,LP
NC_000019.10:45352248:G:C,ERCC2,LP
NC_000019.10:45352350:C:T,ERCC2,LP
NC_000019.10:45352351:G:A,ERCC2,LP
NC_000019.10:45352579:G:A,ERCC2,LP
NC_000019.10:45352800:C:G,ERCC2,LP
NC_000019.10:45352801:G:A,ERCC2,LP
NC_000019.10:45353111:C:A,ERCC2,LP
NC_000019.10:45354773:T:G,ERCC2,LP
NC_000019.10:45357294:A:G,ERCC2,LP
NC_000019.10:45364273:C:T,ERCC2,LP
NC_000019.10:45368654:C:T,ERCC2,LP
NC_000019.10:50406443:T:C,POLD1,LP
NC_000019.10:50406455:G:A,POLD1,LP
NC_000022.11:28695799:T:G,CHEK2,LP
NC_000022.11:28711993:A:G,CHEK2,LP
NC_000022.11:28725069:C:T,CHEK2,LP
NC_000022.11:28725253:G:A,CHEK2,LP
NC_000022.11:28725337:T:C,CHEK2,LP
NC_000022.11:28734672:C:A,CHEK2,LP
NC_000022.11:29671904:T:C,NF2,LP
NC_000022.11:29681467:T:C,NF2,LP
NC_000022.11:29681476:A:C,NF2,LP
NC_000001.11:45331234:A:T,HPDL,VUS
NC_000001.11:45331303:T:G,HPDL,VUS
NC_000001.11:45331483:A:C,HPDL,VUS
NC_000001.11:45331501:T:C,HPDL,LP
NC_000001.11:45331528:G:C,HPDL,VUS
NC_000001.11:45331543:C:A,HPDL,VUS
NC_000001.11:45331680:A:C,HPDL,VUS
NC_000001.11:45331683:A:G,HPDL,LP
NC_000001.11:45331722:C:T,HPDL,VUS
NC_000001.11:45332241:C:T,HPDL,LP
NC_000001.11:45332259:T:C,HPDL,VUS
NC_000001.11:45332274:G:A,HPDL,VUS
NC_000001.11:45332274:G:T,HPDL,VUS
NC_000001.11:45332277:C:G,HPDL,VUS
NC_000001.11:45332278:G:A,HPDL,LP
NC_000001.11:45332286:T:A,HPDL,VUS
NC_000001.11:45332302:C:G,HPDL,VUS
NC_000001.11:45332429:C:A,HPDL,VUS
NC_000001.11:45332435:G:T,HPDL,VUS
NC_000001.11:45332439:G:C,HPDL,LP
NC_000001.11:45332444:C:T,HPDL,LP
NC_000001.11:45332448:A:C,HPDL,VUS
NC_000001.11:45332457:G:A,HPDL,LP
NC_000001.11:45332470:A:T,HPDL,VUS
NC_000001.11:45332472:C:T,HPDL,LP
NC_000001.11:45332617:C:A,HPDL,VUS
NC_000001.11:45332781:A:G,HPDL,VUS
NC_000001.11:45332790:C:T,HPDL,LP
NC_000001.11:45332793:C:T,HPDL,LP
NC_000001.11:45332794:G:A,HPDL,LP
NC_000001.11:45332799:T:C,HPDL,VUS
NC_000001.11:45332820:A:G,HPDL,VUS
NC_000001.11:45332917:C:G,HPDL,VUS
NC_000001.11:45332955:A:C,HPDL,VUS
NC_000001.11:45333113:A:G,HPDL,VUS
NC_000001.11:45333157:T:C,HPDL,VUS
NC_000001.11:45333161:A:G,HPDL,VUS
NC_000001.11:45333167:A:T,HPDL,LP
NC_000001.11:45333288:A:T,HPDL,LP
NC_000001.11:45333423:A:C,HPDL,VUS
NC_000001.11:45333428:A:G,HPDL,LP
NC_000001.11:45333434:C:G,HPDL,LP
NC_000001.11:45333435:G:C,HPDL,LP
NC_000001.11:45333497:C:G,HPDL,VUS
NC_000001.11:45333507:G:C,HPDL,VUS
NC_000001.11:45334504:T:C,MUTYH,LP
NC_000001.11:241497840:A:T,FH,LP
NC_000001.11:241497903:G:T,FH,LP
NC_000001.11:241497966:T:C,FH,LP
NC_000001.11:241500468:A:G,FH,LP
NC_000001.11:241500525:C:A,FH,VUS
NC_000001.11:241500526:A:G,FH,LP
NC_000001.11:241500551:A:T,FH,LP
NC_000001.11:241500558:A:C,FH,LP
NC_000001.11:241500570:G:A,FH,LP
NC_000001.11:241500571:A:G,FH,LP
NC_000001.11:241502473:T:A,FH,LP
NC_000001.11:241502473:T:C,FH,LP
NC_000001.11:241502476:C:A,FH,VUS
NC_000001.11:241502482:C:T,FH,LP
NC_000001.11:241502486:C:T,FH,LP
NC_000001.11:241502489:C:T,FH,LP
NC_000001.11:241502498:C:G,FH,VUS
NC_000001.11:241502500:G:A,FH,LP
NC_000001.11:241502501:C:G,FH,LP
NC_000001.11:241502520:T:G,FH,LP
NC_000001.11:241502521:T:C,FH,LP
NC_000001.11:241502525:C:G,FH,VUS
NC_000001.11:241502533:A:G,FH,LP
NC_000001.11:241502534:T:C,FH,LP
NC_000001.11:241502558:G:T,FH,LP
NC_000001.11:241502559:G:T,FH,VUS
NC_000001.11:241502561:T:C,FH,LP
NC_000001.11:241504043:GGC:AGT,FH,LP
NC_000001.11:241504052:C:T,FH,LP
NC_000001.11:241504055:C:T,FH,LP
NC_000001.11:241504056:T:C,FH,LP
NC_000001.11:241504065:C:G,FH,LP
NC_000001.11:241504065:C:T,FH,LP
NC_000001.11:241504085:T:A,FH,VUS
NC_000001.11:241504086:C:T,FH,VUS
NC_000001.11:241504106:C:T,FH,VUS
NC_000001.11:241504110:A:G,FH,VUS
NC_000001.11:241504112:C:T,FH,LP
NC_000001.11:241504126:A:C,FH,LP
NC_000001.11:241504128:C:A,FH,VUS
NC_000001.11:241504128:C:T,FH,LP
NC_000001.11:241504129:A:T,FH,LP
NC_000001.11:241504142:A:C,FH,LP
NC_000001.11:241504149:T:G,FH,LP
NC_000001.11:241504151:C:A,FH,VUS
NC_000001.11:241504155:C:G,FH,VUS
NC_000001.11:241504161:T:G,FH,LP
NC_000001.11:241504172:C:T,FH,LP
NC_000001.11:241504178:A:G,FH,VUS
NC_000001.11:241504182:C:T,FH,LP
NC_000001.11:241504184:A:T,FH,VUS
NC_000001.11:241504194:C:A,FH,VUS
NC_000001.11:241504196:T:A,FH,LP
NC_000001.11:241504197:G:A,FH,LP
NC_000001.11:241504199:G:A,FH,LP
NC_000001.11:241504202:G:A,FH,VUS
NC_000001.11:241504202:G:T,FH,LP
NC_000001.11:241504205:A:G,FH,LP
NC_000001.11:241504213:A:C,FH,LP
NC_000001.11:241504214:A:C,FH,LP
NC_000001.11:241504214:A:G,FH,LP
NC_000001.11:241504215:A:C,FH,LP
NC_000001.11:241504215:A:G,FH,LP
NC_000001.11:241504226:G:A,FH,LP
NC_000001.11:241504227:C:T,FH,LP
NC_000001.11:241504234:A:C,FH,LP
NC_000001.11:241504235:A:G,FH,LP
NC_000001.11:241504236:A:G,FH,VUS
NC_000001.11:241506013:G:A,FH,VUS
NC_000001.11:241506061:C:A,FH,LP
NC_000001.11:241506062:C:G,FH,LP
NC_000001.11:241506064:G:C,FH,VUS
NC_000001.11:241506079:C:A,FH,VUS
NC_000001.11:241506079:C:T,FH,LP
NC_000001.11:241506082:C:T,FH,VUS
NC_000001.11:241506083:C:T,FH,LP
NC_000001.11:241506113:C:T,FH,LP
NC_000001.11:241508625:C:T,FH,VUS
NC_000001.11:241508628:C:G,FH,VUS
NC_000001.11:241508628:C:T,FH,LP
NC_000001.11:241508635:A:C,FH,LP
NC_000001.11:241508636:T:C,FH,LP
NC_000001.11:241508637:G:A,FH,LP
NC_000001.11:241508637:G:C,FH,LP
NC_000001.11:241508637:G:T,FH,VUS
NC_000001.11:241508639:G:A,FH,LP
NC_000001.11:241508639:G:T,FH,VUS
NC_000001.11:241508640:T:A,FH,VUS
NC_000001.11:241508640:T:C,FH,LP
NC_000001.11:241508640:T:G,FH,LP
NC_000001.11:241508642:C:A,FH,LP
NC_000001.11:241508642:C:G,FH,LP
NC_000001.11:241508643:G:A,FH,LP
NC_000001.11:241508643:G:C,FH,LP
NC_000001.11:241508650:C:G,FH,LP
NC_000001.11:241508651:T:C,FH,LP
NC_000001.11:241508652:T:C,FH,LP
NC_000001.11:241508652:T:G,FH,LP
NC_000001.11:241508676:A:G,FH,LP
NC_000001.11:241508687:A:C,FH,LP
NC_000001.11:241508687:A:G,FH,LP
NC_000001.11:241508751:T:A,FH,LP
NC_000001.11:241508756:A:G,FH,LP
NC_000001.11:241508757:T:C,FH,LP
NC_000001.11:241508765:G:A,FH,LP
NC_000001.11:241508766:G:C,FH,LP
NC_000001.11:241508774:T:A,FH,LP
NC_000001.11:241508777:T:A,FH,LP
NC_000001.11:241508780:G:A,FH,LP
NC_000001.11:241508781:A:G,FH,VUS
NC_000001.11:241508783:C:T,FH,LP
NC_000001.11:241511967:T:G,FH,LP
NC_000001.11:241511982:T:A,FH,LP
NC_000001.11:241511991:G:C,FH,LP
NC_000001.11:241511997:A:C,FH,VUS
NC_000001.11:241512000:G:T,FH,LP
NC_000001.11:241512039:G:T,FH,VUS
NC_000001.11:241512041:T:A,FH,VUS
NC_000001.11:241512042:C:G,FH,VUS
NC_000001.11:241512043:T:C,FH,LP
NC_000001.11:241512051:A:C,FH,LP
NC_000001.11:241512055:C:T,FH,VUS
NC_000001.11:241512057:T:A,FH,VUS
NC_000001.11:241512059:A:C,FH,LP
NC_000001.11:241512068:C:G,FH,VUS
NC_000001.11:241512071:A:T,FH,LP
NC_000001.11:241512073:T:C,FH,LP
NC_000001.11:241512082:T:C,FH,LP
NC_000001.11:241512096:T:C,FH,LP
NC_000001.11:241512097:G:T,FH,VUS
NC_000001.11:241512117:T:C,FH,LP
NC_000001.11:241513602:C:G,FH,LP
NC_000001.11:241513603:T:A,FH,VUS
NC_000001.11:241513659:G:C,FH,VUS
NC_000001.11:241513678:C:G,FH,LP
NC_000001.11:241513696:G:T,FH,VUS
NC_000001.11:241517185:A:T,FH,LP
NC_000001.11:241517234:T:G,FH,LP
NC_000001.11:241517248:T:C,FH,VUS
NC_000001.11:241517296:C:G,FH,LP
NC_000001.11:241517296:C:T,FH,LP
NC_000001.11:241519590:C:T,FH,LP
NC_000001.11:241519719:C:T,FH,LP
NC_000010.11:43077258:A:G,RET,VUS
NC_000010.11:43100613:C:T,RET,LP
NC_000010.11:43100661:G:A,RET,LP
NC_000010.11:43102443:T:C,RET,LP
NC_000010.11:43102607:G:C,RET,LP
NC_000010.11:43105143:C:A,RET,LP
NC_000010.11:43105185:G:A,RET,LP
NC_000010.11:43105185:G:T,RET,LP
NC_000010.11:43112197:G:A,RET,VUS
NC_000010.11:43112867:T:G,RET,VUS
NC_000010.11:43112956:T:C,RET,LP
NC_000010.11:43113621:G:C,RET,LP
NC_000010.11:43113621:G:T,RET,LP
NC_000010.11:43113627:GC:AT,RET,LP
NC_000010.11:43113627:G:T,RET,LP
NC_000010.11:43114487:T:A,RET,LP
NC_000010.11:43114487:T:C,RET,LP
NC_000010.11:43114488:G:C,RET,VUS
NC_000010.11:43114490:G:T,RET,LP
NC_000010.11:43114498:GT:AA,RET,VUS
NC_000010.11:43114498:GT:TC,RET,VUS
NC_000010.11:43114500:GC:TT,RET,VUS
NC_000010.11:43114501:CC:GG,RET,VUS
NC_000010.11:43114595:A:G,RET,LP
NC_000010.11:43114597:G:T,RET,LP
NC_000010.11:43118391:GCTG:CCTT,RET,VUS
NC_000010.11:43118457:GT:TC,RET,VUS
NC_000010.11:43119546:CG:TT,RET,VUS
NC_000010.11:43120089:C:T,RET,VUS
NC_000010.11:43120101:G:C,RET,LP
NC_000010.11:43120119:GC:TT,RET,LP
NC_000010.11:43120144:C:T,RET,LP
NC_000010.11:43121966:A:G,RET,LP
NC_000010.11:43123705:C:T,RET,LP
NC_000010.11:43123756:T:C,RET,VUS
NC_000010.11:43123773:C:T,RET,LP
NC_000010.11:86876018:A:C,BMPR1A,LP
NC_000010.11:86876018:A:G,BMPR1A,LP
NC_000010.11:86876020:G:A,BMPR1A,LP
NC_000010.11:86876020:G:C,BMPR1A,LP
NC_000010.11:86876020:G:T,BMPR1A,LP
NC_000010.11:86876084:G:A,BMPR1A,LP
NC_000010.11:86876084:G:C,BMPR1A,VUS
NC_000010.11:86890193:G:T,BMPR1A,VUS
NC_000010.11:86892140:G:T,BMPR1A,LP
NC_000010.11:86892190:G:C,BMPR1A,VUS
NC_000010.11:86892194:G:A,BMPR1A,LP
NC_000010.11:86899814:C:T,BMPR1A,LP
NC_000010.11:86899829:T:A,BMPR1A,LP
NC_000010.11:86899830:G:A,BMPR1A,LP
NC_000010.11:86899832:T:G,BMPR1A,LP
NC_000010.11:86899889:G:C,BMPR1A,LP
NC_000010.11:86919323:G:T,BMPR1A,LP
NC_000010.11:86919338:C:G,BMPR1A,VUS
NC_000010.11:86919339:A:G,BMPR1A,LP
NC_000010.11:86921583:G:A,BMPR1A,LP
NC_000010.11:86923441:T:A,BMPR1A,VUS
NC_000010.11:86923441:T:G,BMPR1A,VUS
NC_000010.11:86923470:C:G,BMPR1A,LP
NC_000010.11:87864333:G:C,PTEN,LP
NC_000010.11:87864469:A:C,PTEN,VUS
NC_000010.11:87864469:A:G,PTEN,LP
NC_000010.11:87864469:A:T,PTEN,VUS
NC_000010.11:87864470:T:C,PTEN,LP
NC_000010.11:87864470:T:G,PTEN,LP
NC_000010.11:87864471:G:A,PTEN,LP
NC_000010.11:87864482:T:C,PTEN,LP
NC_000010.11:87864484:A:G,PTEN,LP
NC_000010.11:87864485:A:T,PTEN,VUS
NC_000010.11:87864503:A:C,PTEN,LP
NC_000010.11:87864503:A:T,PTEN,LP
NC_000010.11:87864505:A:C,PTEN,LP
NC_000010.11:87864505:A:G,PTEN,LP
NC_000010.11:87864512:G:A,PTEN,LP
NC_000010.11:87864512:G:C,PTEN,LP
NC_000010.11:87864513:A:C,PTEN,LP
NC_000010.11:87864513:A:T,PTEN,LP
NC_000010.11:87864514:T:G,PTEN,LP
NC_000010.11:87864524:A:T,PTEN,VUS
NC_000010.11:87864527:G:T,PTEN,LP
NC_000010.11:87864530:T:C,PTEN,VUS
NC_000010.11:87864532:G:C,PTEN,LP
NC_000010.11:87864533:A:G,PTEN,LP
NC_000010.11:87864533:A:T,PTEN,VUS
NC_000010.11:87864535:T:G,PTEN,LP
NC_000010.11:87864538:G:C,PTEN,LP
NC_000010.11:87864538:G:T,PTEN,LP
NC_000010.11:87864539:A:G,PTEN,LP
NC_000010.11:87864539:A:T,PTEN,LP
NC_000010.11:87864543:G:C,PTEN,LP
NC_000010.11:87864544:A:C,PTEN,LP
NC_000010.11:87864545:C:A,PTEN,LP
NC_000010.11:87864545:C:T,PTEN,LP
NC_000010.11:87864547:T:A,PTEN,LP
NC_000010.11:87894024:A:G,PTEN,LP
NC_000010.11:87894024:A:T,PTEN,VUS
NC_000010.11:87894035:A:G,PTEN,LP
NC_000010.11:87894047:A:C,PTEN,LP
NC_000010.11:87894047:A:G,PTEN,LP
NC_000010.11:87894048:T:C,PTEN,LP
NC_000010.11:87894049:GG:AC,PTEN,LP
NC_000010.11:87894049:GG:TC,PTEN,VUS
NC_000010.11:87894049:G:T,PTEN,VUS
NC_000010.11:87894050:G:A,PTEN,LP
NC_000010.11:87894051:G:A,PTEN,LP
NC_000010.11:87894056:C:A,PTEN,VUS
NC_000010.11:87894057:C:G,PTEN,LP
NC_000010.11:87894057:C:T,PTEN,LP
NC_000010.11:87894080:T:A,PTEN,VUS
NC_000010.11:87894080:T:C,PTEN,LP
NC_000010.11:87894084:G:A,PTEN,LP
NC_000010.11:87894085:GA:TC,PTEN,VUS
NC_000010.11:87894087:A:G,PTEN,LP
NC_000010.11:87894088:C:A,PTEN,LP
NC_000010.11:87894088:C:G,PTEN,LP
NC_000010.11:87894093:T:C,PTEN,LP
NC_000010.11:87894102:T:C,PTEN,LP
NC_000010.11:87925514:T:C,PTEN,VUS
NC_000010.11:87925529:A:C,PTEN,VUS
NC_000010.11:87925538:A:C,PTEN,VUS
NC_000010.11:87925543:A:G,PTEN,VUS
NC_000010.11:87925545:G:T,PTEN,LP
NC_000010.11:87925547:T:G,PTEN,LP
NC_000010.11:87925549:T:G,PTEN,LP
NC_000010.11:87925550:A:C,PTEN,LP
NC_000010.11:87925550:A:G,PTEN,LP
NC_000010.11:87925556:T:G,PTEN,VUS
NC_000010.11:87931047:G:A,PTEN,LP
NC_000010.11:87931077:T:G,PTEN,LP
NC_000010.11:87931078:T:G,PTEN,VUS
NC_000010.11:87933027:T:C,PTEN,LP
NC_000010.11:87933032:G:T,PTEN,LP
NC_000010.11:87933033:A:C,PTEN,LP
NC_000010.11:87933033:A:G,PTEN,LP
NC_000010.11:87933033:A:T,PTEN,LP
NC_000010.11:87933035:C:A,PTEN,LP
NC_000010.11:87933035:C:G,PTEN,LP
NC_000010.11:87933035:C:T,PTEN,LP
NC_000010.11:87933036:A:C,PTEN,LP
NC_000010.11:87933042:C:T,PTEN,LP
NC_000010.11:87933044:C:T,PTEN,LP
NC_000010.11:87933045:C:A,PTEN,LP
NC_000010.11:87933045:C:G,PTEN,LP
NC_000010.11:87933045:C:T,PTEN,LP
NC_000010.11:87933051:T:C,PTEN,VUS
NC_000010.11:87933051:T:G,PTEN,LP
NC_000010.11:87933056:C:T,PTEN,LP
NC_000010.11:87933060:T:A,PTEN,LP
NC_000010.11:87933060:T:C,PTEN,LP
NC_000010.11:87933071:T:C,PTEN,VUS
NC_000010.11:87933071:T:G,PTEN,LP
NC_000010.11:87933077:G:T,PTEN,LP
NC_000010.11:87933078:A:G,PTEN,LP
NC_000010.11:87933078:A:T,PTEN,LP
NC_000010.11:87933080:C:T,PTEN,LP
NC_000010.11:87933081:T:C,PTEN,LP
NC_000010.11:87933081:T:G,PTEN,VUS
NC_000010.11:87933089:T:C,PTEN,LP
NC_000010.11:87933092:C:G,PTEN,LP
NC_000010.11:87933093:T:G,PTEN,LP
NC_000010.11:87933111:A:C,PTEN,VUS
NC_000010.11:87933113:G:C,PTEN,LP
NC_000010.11:87933113:G:T,PTEN,LP
NC_000010.11:87933114:T:C,PTEN,VUS
NC_000010.11:87933114:T:G,PTEN,LP
NC_000010.11:87933116:G:A,PTEN,LP
NC_000010.11:87933119:G:A,PTEN,LP
NC_000010.11:87933119:G:C,PTEN,LP
NC_000010.11:87933120:C:A,PTEN,LP
NC_000010.11:87933125:C:A,PTEN,LP
NC_000010.11:87933125:C:G,PTEN,LP
NC_000010.11:87933127:C:G,PTEN,LP
NC_000010.11:87933128:T:A,PTEN,LP
NC_000010.11:87933128:T:G,PTEN,LP
NC_000010.11:87933129:G:A,PTEN,LP
NC_000010.11:87933129:G:C,PTEN,LP
NC_000010.11:87933130:T:G,PTEN,VUS
NC_000010.11:87933131:A:G,PTEN,LP
NC_000010.11:87933132:A:G,PTEN,VUS
NC_000010.11:87933134:G:A,PTEN,LP
NC_000010.11:87933134:G:C,PTEN,LP
NC_000010.11:87933135:C:A,PTEN,LP
NC_000010.11:87933135:C:T,PTEN,LP
NC_000010.11:87933137:G:A,PTEN,LP
NC_000010.11:87933137:G:C,PTEN,LP
NC_000010.11:87933140:A:G,PTEN,LP
NC_000010.11:87933141:A:G,PTEN,LP
NC_000010.11:87933142:G:C,PTEN,LP
NC_000010.11:87933143:G:C,PTEN,LP
NC_000010.11:87933144:GA:TT,PTEN,LP
NC_000010.11:87933144:G:T,PTEN,LP
NC_000010.11:87933146:C:G,PTEN,LP
NC_000010.11:87933147:G:C,PTEN,LP
NC_000010.11:87933147:G:T,PTEN,LP
NC_000010.11:87933152:G:A,PTEN,LP
NC_000010.11:87933153:G:A,PTEN,LP
NC_000010.11:87933159:T:C,PTEN,LP
NC_000010.11:87933159:T:G,PTEN,LP
NC_000010.11:87933160:G:C,PTEN,LP
NC_000010.11:87933160:G:T,PTEN,LP
NC_000010.11:87933162:T:A,PTEN,LP
NC_000010.11:87933164:T:C,PTEN,LP
NC_000010.11:87933165:G:T,PTEN,LP
NC_000010.11:87933166:T:G,PTEN,LP
NC_000010.11:87933168:C:A,PTEN,LP
NC_000010.11:87933180:A:C,PTEN,LP
NC_000010.11:87933180:A:T,PTEN,LP
NC_000010.11:87933183:G:C,PTEN,LP
NC_000010.11:87933219:T:G,PTEN,LP
NC_000010.11:87933221:T:A,PTEN,LP
NC_000010.11:87933221:T:C,PTEN,LP
NC_000010.11:87933222:A:C,PTEN,LP
NC_000010.11:87933222:A:G,PTEN,LP
NC_000010.11:87933233:A:G,PTEN,LP
NC_000010.11:87933233:A:T,PTEN,VUS
NC_000010.11:87933234:G:A,PTEN,LP
NC_000010.11:87933234:G:T,PTEN,LP
NC_000010.11:87933237:C:T,PTEN,LP
NC_000010.11:87933244:C:G,PTEN,LP
NC_000010.11:87952117:G:A,PTEN,LP
NC_000010.11:87952117:G:C,PTEN,LP
NC_000010.11:87952121:T:A,PTEN,LP
NC_000010.11:87952132:A:C,PTEN,LP
NC_000010.11:87952133:G:A,PTEN,LP
NC_000010.11:87952133:G:T,PTEN,LP
NC_000010.11:87952134:T:G,PTEN,LP
NC_000010.11:87952135:C:A,PTEN,LP
NC_000010.11:87952135:C:G,PTEN,LP
NC_000010.11:87952136:A:G,PTEN,LP
NC_000010.11:87952141:C:G,PTEN,LP
NC_000010.11:87952142:G:A,PTEN,LP
NC_000010.11:87952142:G:T,PTEN,LP
NC_000010.11:87952144:T:C,PTEN,LP
NC_000010.11:87952145:A:G,PTEN,LP
NC_000010.11:87952147:G:A,PTEN,LP
NC_000010.11:87952153:T:C,PTEN,LP
NC_000010.11:87952166:T:C,PTEN,LP
NC_000010.11:87952208:T:C,PTEN,VUS
NC_000010.11:87952217:T:A,PTEN,LP
NC_000010.11:87952222:T:G,PTEN,LP
NC_000010.11:87952229:C:T,PTEN,LP
NC_000010.11:87952234:C:G,PTEN,LP
NC_000010.11:87952257:C:G,PTEN,LP
NC_000010.11:87957878:A:G,PTEN,LP
NC_000010.11:87957938:T:C,PTEN,LP
NC_000010.11:87957957:T:C,PTEN,LP
NC_000010.11:87957963:T:G,PTEN,LP
NC_000010.11:87957969:G:T,PTEN,LP
NC_000010.11:87957969:GT:TG,PTEN,LP
NC_000010.11:87957972:A:T,PTEN,LP
NC_000010.11:87957978:A:C,PTEN,LP
NC_000010.11:87957981:T:A,PTEN,LP
NC_000010.11:87957981:T:G,PTEN,LP
NC_000010.11:87958018:G:C,PTEN,LP
NC_000010.11:87960906:A:C,PTEN,LP
NC_000010.11:87960912:G:T,PTEN,LP
NC_000010.11:87960918:A:G,PTEN,VUS
NC_000010.11:87960920:A:G,PTEN,LP
NC_000010.11:87960921:C:G,PTEN,LP
NC_000010.11:87960921:C:T,PTEN,LP
NC_000010.11:87961020:A:G,PTEN,LP
NC_000010.11:87961038:T:C,PTEN,LP
NC_000010.11:87961067:G:A,PTEN,LP
NC_000010.11:87961068:A:G,PTEN,LP
NC_000010.11:87961117:G:T,PTEN,LP
NC_000010.11:87965293:T:C,PTEN,LP
NC_000011.10:32389122:C:G,WT1,LP
NC_000011.10:32389127:C:A,WT1,LP
NC_000011.10:32389127:C:T,WT1,LP
NC_000011.10:32389128:G:A,WT1,LP
NC_000011.10:32391985:T:C,WT1,VUS
NC_000011.10:32391996:G:T,WT1,LP
NC_000011.10:32391997:T:G,WT1,LP
NC_000011.10:32391998:G:A,WT1,LP
NC_000011.10:32392010:G:A,WT1,VUS
NC_000011.10:32392012:T:C,WT1,LP
NC_000011.10:32392013:C:A,WT1,LP
NC_000011.10:32392013:C:T,WT1,LP
NC_000011.10:32392018:C:G,WT1,LP
NC_000011.10:32392018:C:T,WT1,LP
NC_000011.10:32392019:G:A,WT1,LP
NC_000011.10:32392021:G:A,WT1,LP
NC_000011.10:32392024:A:G,WT1,VUS
NC_000011.10:32392025:A:G,WT1,LP
NC_000011.10:32392045:C:T,WT1,VUS
NC_000011.10:32392046:A:G,WT1,VUS
NC_000011.10:32392051:A:C,WT1,VUS
NC_000011.10:32392052:A:G,WT1,LP
NC_000011.10:32392063:C:T,WT1,LP
NC_000011.10:32392668:T:G,WT1,LP
NC_000011.10:32392671:G:A,WT1,LP
NC_000011.10:32392681:G:C,WT1,LP
NC_000011.10:32392681:G:T,WT1,LP
NC_000011.10:32392695:G:T,WT1,VUS
NC_000011.10:32392697:T:A,WT1,LP
NC_000011.10:32392703:C:T,WT1,LP
NC_000011.10:32392704:G:A,WT1,LP
NC_000011.10:32392722:A:C,WT1,LP
NC_000011.10:32392737:A:G,WT1,VUS
NC_000011.10:32392738:C:G,WT1,LP
NC_000011.10:32392751:T:C,WT1,VUS
NC_000011.10:32392754:C:A,WT1,LP
NC_000011.10:32396261:T:G,WT1,LP
NC_000011.10:32396312:C:A,WT1,VUS
NC_000011.10:32396312:C:T,WT1,LP
NC_000011.10:32396313:A:C,WT1,VUS
NC_000011.10:32400024:T:C,WT1,LP
NC_000011.10:32400039:T:C,WT1,LP
NC_000011.10:32417630:G:A,WT1,LP
NC_000011.10:32434809:G:T,WT1,VUS
NC_000011.10:32434837:C:A,WT1,LP
NC_000011.10:32434848:C:A,WT1,LP
NC_000011.10:32434860:A:T,WT1,LP
NC_000011.10:32434909:A:C,WT1,VUS
NC_000011.10:32435082:C:G,WT1,LP
NC_000011.10:47235307:G:T,DDB2,LP
NC_000011.10:64804430:A:G,MAP4K2,VUS
NC_000011.10:64804484:A:C,MAP4K2,VUS
NC_000011.10:64804493:A:G,MAP4K2,VUS
NC_000011.10:64804497:T:C,MAP4K2,LP
NC_000011.10:64804502:C:T,MAP4K2,LP
NC_000011.10:64804503:T:C,MAP4K2,VUS
NC_000011.10:64804512:T:A,MAP4K2,LP
NC_000011.10:64804811:C:A,MAP4K2,LP
NC_000011.10:64804811:C:G,MAP4K2,LP
NC_000011.10:64804812:G:C,MAP4K2,LP
NC_000011.10:64805033:C:G,MAP4K2,LP
NC_000011.10:64805043:A:G,MAP4K2,LP
NC_000011.10:64805055:G:T,MAP4K2,LP
NC_000011.10:64805056:A:G,MAP4K2,VUS
NC_000011.10:64805075:C:A,MAP4K2,LP
NC_000011.10:64805077:A:G,MAP4K2,LP
NC_000011.10:64805077:A:T,MAP4K2,LP
NC_000011.10:64805102:A:T,MAP4K2,LP
NC_000011.10:64805103:C:A,MAP4K2,VUS
NC_000011.10:64805116:A:G,MAP4K2,LP
NC_000011.10:64805121:C:T,MAP4K2,LP
NC_000011.10:64805124:A:C,MAP4K2,LP
NC_000011.10:64805125:T:A,MAP4K2,LP
NC_000011.10:64805127:C:A,MAP4K2,LP
NC_000011.10:64805129:GTC:ATT,MAP4K2,VUS
NC_000011.10:64805131:C:A,MAP4K2,LP
NC_000011.10:64805131:C:G,MAP4K2,LP
NC_000011.10:64805131:C:T,MAP4K2,LP
NC_000011.10:64805145:A:G,MAP4K2,VUS
NC_000011.10:64805151:G:A,MAP4K2,LP
NC_000011.10:64805152:C:G,MAP4K2,VUS
NC_000011.10:64805692:A:G,MAP4K2,LP
NC_000011.10:64805702:G:A,MAP4K2,LP
NC_000011.10:64805716:G:T,MAP4K2,LP
NC_000011.10:64805717:C:G,MAP4K2,LP
NC_000011.10:64805717:C:T,MAP4K2,LP
NC_000011.10:64805744:CC:TT,MAP4K2,LP
NC_000011.10:64805762:A:C,MAP4K2,VUS
NC_000011.10:64805767:T:C,MAP4K2,LP
NC_000011.10:64805768:A:T,MAP4K2,VUS
NC_000011.10:64806231:T:A,MAP4K2,VUS
NC_000011.10:64806237:A:T,MAP4K2,VUS
NC_000011.10:64806249:G:C,MAP4K2,LP
NC_000011.10:64806250:T:G,MAP4K2,LP
NC_000011.10:64806256:C:G,MAP4K2,LP
NC_000011.10:64806267:A:G,MAP4K2,LP
NC_000011.10:64806270:G:T,MAP4K2,LP
NC_000011.10:64806271:C:G,MAP4K2,LP
NC_000011.10:64806297:T:G,MAP4K2,VUS
NC_000011.10:64806321:G:A,MAP4K2,LP
NC_000011.10:64806322:G:T,MAP4K2,VUS
NC_000011.10:64806330:T:C,MAP4K2,LP
NC_000011.10:64806331:G:A,MAP4K2,LP
NC_000011.10:64806358:A:G,MAP4K2,LP
NC_000011.10:64807071:G:A,MAP4K2,LP
NC_000011.10:64807071:G:T,MAP4K2,LP
NC_000011.10:64807072:C:T,MAP4K2,VUS
NC_000011.10:64807081:C:T,MAP4K2,LP
NC_000011.10:64807088:C:T,MAP4K2,VUS
NC_000011.10:64807089:A:C,MAP4K2,LP
NC_000011.10:64807092:G:C,MAP4K2,VUS
NC_000011.10:64807092:G:T,MAP4K2,LP
NC_000011.10:64807178:C:A,MAP4K2,VUS
NC_000011.10:64807178:C:T,MAP4K2,LP
NC_000011.10:64807184:A:C,MAP4K2,VUS
NC_000011.10:64807211:A:G,MAP4K2,LP
NC_000011.10:64807567:A:G,MAP4K2,VUS
NC_000011.10:64807568:G:A,MAP4K2,LP
NC_000011.10:64807576:G:C,MAP4K2,LP
NC_000011.10:64807583:T:G,MAP4K2,VUS
NC_000011.10:64807609:G:A,MAP4K2,LP
NC_000011.10:64807612:C:T,MAP4K2,LP
NC_000011.10:64807613:A:G,MAP4K2,LP
NC_000011.10:64807646:A:G,MAP4K2,LP
NC_000011.10:64807661:C:T,MAP4K2,LP
NC_000011.10:64807666:A:C,MAP4K2,VUS
NC_000011.10:64807666:A:G,MAP4K2,LP
NC_000011.10:64807676:A:G,MAP4K2,LP
NC_000011.10:64807900:A:T,MAP4K2,LP
NC_000011.10:64807901:C:T,MAP4K2,LP
NC_000011.10:64807993:A:T,MAP4K2,LP
NC_000011.10:64807995:C:G,MAP4K2,LP
NC_000011.10:64808002:T:C,MAP4K2,LP
NC_000011.10:64808003:G:C,MAP4K2,LP
NC_000011.10:64808006:CC:AA,MAP4K2,LP
NC_000011.10:64808009:C:T,MAP4K2,LP
NC_000011.10:64808011:G:C,MAP4K2,LP
NC_000011.10:64808014:A:C,MAP4K2,VUS
NC_000011.10:64808018:C:G,MAP4K2,LP
NC_000011.10:64808029:T:A,MAP4K2,LP
NC_000011.10:64808030:C:A,MAP4K2,LP
NC_000011.10:64808041:A:G,MAP4K2,LP
NC_000011.10:64808046:C:G,MAP4K2,VUS
NC_000011.10:64808050:C:T,MAP4K2,LP
NC_000011.10:64808051:A:G,MAP4K2,VUS
NC_000011.10:64808053:G:A,MAP4K2,LP
NC_000011.10:64808053:G:T,MAP4K2,LP
NC_000011.10:64808066:C:G,MAP4K2,LP
NC_000011.10:64808077:C:T,MAP4K2,LP
NC_000011.10:64808078:C:A,MAP4K2,LP
NC_000011.10:64808078:C:G,MAP4K2,LP
NC_000011.10:64808086:T:A,MAP4K2,LP
NC_000011.10:64808086:T:G,MAP4K2,LP
NC_000011.10:64809663:C:A,MEN1,VUS
NC_000011.10:64809663:C:T,MEN1,VUS
NC_000011.10:64809678:A:C,MEN1,VUS
NC_000011.10:64809681:A:C,MEN1,VUS
NC_000011.10:64809681:A:T,MEN1,VUS
NC_000011.10:64809685:A:G,MEN1,LP
NC_000011.10:64809687:T:A,MEN1,VUS
NC_000011.10:64809687:T:C,MEN1,VUS
NC_000011.10:64809692:G:C,MEN1,LP
NC_000011.10:64809692:G:T,MEN1,LP
NC_000011.10:64809693:T:C,MEN1,LP
NC_000011.10:64809693:T:G,MEN1,VUS
NC_000011.10:64809694:G:A,MEN1,LP
NC_000011.10:64809753:T:A,MEN1,VUS
NC_000011.10:64809798:G:T,MEN1,VUS
NC_000011.10:64809955:G:C,MEN1,LP
NC_000011.10:64809972:T:A,MEN1,VUS
NC_000011.10:64809972:T:C,MEN1,VUS
NC_000011.10:64809972:T:G,MEN1,LP
NC_000011.10:64809974:C:G,MEN1,LP
NC_000011.10:64809975:T:A,MEN1,VUS
NC_000011.10:64809975:T:C,MEN1,LP
NC_000011.10:64809976:C:G,MEN1,VUS
NC_000011.10:64809976:C:T,MEN1,LP
NC_000011.10:64809984:C:A,MEN1,LP
NC_000011.10:64809984:C:G,MEN1,LP
NC_000011.10:64809985:C:G,MEN1,LP
NC_000011.10:64809996:G:A,MEN1,LP
NC_000011.10:64809996:G:T,MEN1,VUS
NC_000011.10:64809997:A:G,MEN1,LP
NC_000011.10:64810010:G:C,MEN1,VUS
NC_000011.10:64810012:C:A,MEN1,VUS
NC_000011.10:64810012:C:G,MEN1,LP
NC_000011.10:64810014:G:C,MEN1,VUS
NC_000011.10:64810045:G:T,MEN1,VUS
NC_000011.10:64810074:G:C,MEN1,VUS
NC_000011.10:64810106:C:T,MEN1,LP
NC_000011.10:64810107:A:C,MEN1,VUS
NC_000011.10:64810107:A:G,MEN1,VUS
NC_000011.10:64810107:A:T,MEN1,VUS
NC_000011.10:64810108:T:A,MEN1,LP
NC_000011.10:64810108:T:C,MEN1,LP
NC_000011.10:64810108:T:G,MEN1,LP
NC_000011.10:108227624:A:C,NPAT,LP
NC_000011.10:108227624:A:G,NPAT,LP
NC_000011.10:108227624:A:T,NPAT,LP
NC_000011.10:108227625:T:C,NPAT,LP
NC_000011.10:108227626:G:A,NPAT,LP
NC_000011.10:108227626:G:C,NPAT,LP
NC_000011.10:108227682:C:G,ATM,LP
NC_000011.10:108227695:G:C,ATM,LP
NC_000011.10:108229323:G:A,ATM,LP
NC_000011.10:108229323:G:C,ATM,LP
NC_000011.10:108229323:G:T,ATM,LP
NC_000011.10:108229324:T:G,ATM,LP
NC_000011.10:108235833:G:C,ATM,LP
NC_000011.10:108249101:G:C,ATM,LP
NC_000011.10:108271257:T:C,ATM,LP
NC_000011.10:108271393:T:G,ATM,LP
NC_000011.10:108272531:G:T,ATM,LP
NC_000011.10:108272546:G:T,ATM,VUS
NC_000011.10:108272815:A:G,ATM,LP
NC_000011.10:108272851:G:A,ATM,LP
NC_000011.10:108272851:G:C,ATM,VUS
NC_000011.10:108272851:G:T,ATM,VUS
NC_000011.10:108281167:G:T,ATM,LP
NC_000011.10:108284327:T:C,ATM,LP
NC_000011.10:108293475:A:T,ATM,VUS
NC_000011.10:108297381:G:A,ATM,LP
NC_000011.10:108301705:G:A,ATM,LP
NC_000011.10:108301778:C:T,ATM,LP
NC_000011.10:108310221:C:T,ATM,LP
NC_000011.10:108316029:G:A,ATM,LP
NC_000011.10:108317376:T:C,ATM,LP
NC_000011.10:108317411:T:G,ATM,LP
NC_000011.10:108320039:A:T,ATM,LP
NC_000011.10:108325534:G:C,ATM,LP
NC_000011.10:108327757:G:C,ATM,LP
NC_000011.10:108329111:C:T,ATM,LP
NC_000011.10:108329191:A:C,ATM,VUS
NC_000011.10:108329236:A:G,ATM,VUS
NC_000011.10:108330260:T:C,ATM,LP
NC_000011.10:108331497:G:C,ATM,LP
NC_000011.10:108332761:G:T,ATM,LP
NC_000011.10:108332837:C:T,ATM,LP
NC_000011.10:108332847:TG:GC,ATM,LP
NC_000011.10:108332847:T:G,ATM,LP
NC_000011.10:108332848:G:C,ATM,LP
NC_000011.10:108332887:A:C,ATM,VUS
NC_000011.10:108332898:A:T,ATM,LP
NC_000011.10:108333942:T:A,ATM,LP
NC_000011.10:108333954:C:A,ATM,LP
NC_000011.10:108333954:C:T,ATM,LP
NC_000011.10:108333967:G:C,ATM,VUS
NC_000011.10:108334987:A:G,ATM,LP
NC_000011.10:108335062:T:A,ATM,VUS
NC_000011.10:108335079:G:A,ATM,LP
NC_000011.10:108335079:G:C,ATM,LP
NC_000011.10:108335081:T:A,ATM,LP
NC_000011.10:108335103:G:T,ATM,LP
NC_000011.10:108335104:T:C,ATM,LP
NC_000011.10:108335881:A:C,ATM,LP
NC_000011.10:108343245:G:C,ATM,VUS
NC_000011.10:108343246:G:C,ATM,LP
NC_000011.10:108343246:G:T,ATM,LP
NC_000011.10:108343252:T:C,ATM,VUS
NC_000011.10:108345808:C:T,ATM,LP
NC_000011.10:108345818:G:T,ATM,LP
NC_000011.10:108345869:G:C,ATM,LP
NC_000011.10:108345887:G:T,ATM,LP
NC_000011.10:108345888:T:A,ATM,LP
NC_000011.10:108345888:TG:AA,ATM,LP
NC_000011.10:108353801:C:T,ATM,LP
NC_000011.10:108353830:G:T,ATM,LP
NC_000012.12:132619442:G:C,POLE,VUS
NC_000012.12:132634322:T:A,POLE,LP
NC_000012.12:132664441:T:C,POLE,VUS
NC_000012.12:132673260:G:A,POLE,LP
NC_000012.12:132673263:T:A,POLE,LP
NC_000012.12:132673264:A:G,POLE,LP
NC_000012.12:132673627:G:A,POLE,LP
NC_000012.12:132675751:G:C,POLE,LP
NC_000012.12:132676564:G:A,POLE,LP
NC_000013.11:32316460:A:G,ZAR1L,LP
NC_000013.11:32316461:T:A,ZAR1L,LP
NC_000013.11:32316461:T:C,ZAR1L,LP
NC_000013.11:32316461:T:G,ZAR1L,LP
NC_000013.11:32316462:G:A,ZAR1L,LP
NC_000013.11:32316462:G:T,ZAR1L,LP
NC_000013.11:32316526:G:T,ZAR1L,LP
NC_000013.11:32319099:T:C,ZAR1L,LP
NC_000013.11:32319100:G:C,ZAR1L,LP
NC_000013.11:32326149:G:A,BRCA2,LP
NC_000013.11:32326281:G:T,BRCA2,LP
NC_000013.11:32326498:G:C,BRCA2,LP
NC_000013.11:32326612:G:A,BRCA2,LP
NC_000013.11:32326612:G:C,BRCA2,LP
NC_000013.11:32330927:AG:GA,BRCA2,LP
NC_000013.11:32339441:G:T,BRCA2,LP
NC_000013.11:32339920:CA:TG,BRCA2,VUS
NC_000013.11:32341017:C:G,BRCA2,LP
NC_000013.11:32341195:G:T,BRCA2,LP
NC_000013.11:32346895:G:C,BRCA2,LP
NC_000013.11:32346895:G:T,BRCA2,LP
NC_000013.11:32355072:TT:AA,BRCA2,VUS
NC_000013.11:32356520:T:C,BRCA2,LP
NC_000013.11:32357909:G:C,BRCA2,LP
NC_000013.11:32357910:G:A,BRCA2,LP
NC_000013.11:32357919:A:G,BRCA2,LP
NC_000013.11:32357925:A:G,BRCA2,LP
NC_000013.11:32357928:G:C,BRCA2,LP
NC_000013.11:32362523:G:C,BRCA2,LP
NC_000013.11:32362535:ACT:CCC,BRCA2,VUS
NC_000013.11:32362542:G:A,BRCA2,LP
NC_000013.11:32362542:G:T,BRCA2,LP
NC_000013.11:32362571:T:G,BRCA2,VUS
NC_000013.11:32362573:G:C,BRCA2,LP
NC_000013.11:32362583:C:T,BRCA2,LP
NC_000013.11:32362584:A:C,BRCA2,VUS
NC_000013.11:32362584:A:G,BRCA2,LP
NC_000013.11:32362586:T:G,BRCA2,VUS
NC_000013.11:32362592:T:A,BRCA2,LP
NC_000013.11:32362592:T:C,BRCA2,LP
NC_000013.11:32362594:G:T,BRCA2,LP
NC_000013.11:32362595:A:T,BRCA2,LP
NC_000013.11:32362596:T:A,BRCA2,LP
NC_000013.11:32362604:A:C,BRCA2,LP
NC_000013.11:32362656:T:C,BRCA2,LP
NC_000013.11:32362671:T:G,BRCA2,LP
NC_000013.11:32362674:T:C,BRCA2,LP
NC_000013.11:32362680:A:G,BRCA2,LP
NC_000013.11:32362691:A:G,BRCA2,LP
NC_000013.11:32362692:G:A,BRCA2,LP
NC_000013.11:32362692:G:C,BRCA2,LP
NC_000013.11:32363178:A:T,BRCA2,VUS
NC_000013.11:32363179:T:G,BRCA2,LP
NC_000013.11:32363188:G:A,BRCA2,LP
NC_000013.11:32363189:A:T,BRCA2,LP
NC_000013.11:32363210:C:T,BRCA2,LP
NC_000013.11:32363224:A:G,BRCA2,LP
NC_000013.11:32363258:T:C,BRCA2,LP
NC_000013.11:32363365:A:G,BRCA2,LP
NC_000013.11:32363366:C:A,BRCA2,LP
NC_000013.11:32363366:C:G,BRCA2,LP
NC_000013.11:32363368:G:C,BRCA2,LP
NC_000013.11:32363369:A:C,BRCA2,LP
NC_000013.11:32363369:A:G,BRCA2,LP
NC_000013.11:32363369:A:T,BRCA2,LP
NC_000013.11:32363371:G:A,BRCA2,LP
NC_000013.11:32363371:G:T,BRCA2,LP
NC_000013.11:32363372:G:T,BRCA2,LP
NC_000013.11:32363375:G:T,BRCA2,LP
NC_000013.11:32363377:T:A,BRCA2,LP
NC_000013.11:32363378:A:G,BRCA2,LP
NC_000013.11:32363389:G:A,BRCA2,LP
NC_000013.11:32363443:G:A,BRCA2,LP
NC_000013.11:32363444:G:A,BRCA2,LP
NC_000013.11:32370408:C:A,BRCA2,VUS
NC_000013.11:32370431:T:C,BRCA2,LP
NC_000013.11:32370446:G:A,BRCA2,LP
NC_000013.11:32370447:G:A,BRCA2,LP
NC_000013.11:32370555:A:C,BRCA2,LP
NC_000013.11:32370555:A:G,BRCA2,LP
NC_000013.11:32371099:G:A,BRCA2,LP
NC_000013.11:32376790:G:C,BRCA2,VUS
NC_000013.11:32379755:T:G,BRCA2,VUS
NC_000013.11:32379799:G:A,BRCA2,LP
NC_000013.11:32379877:G:C,BRCA2,LP
NC_000013.11:32380042:C:T,BRCA2,LP
NC_000013.11:32380043:G:T,BRCA2,LP
NC_000013.11:32380109:T:C,BRCA2,VUS
NC_000013.11:32380114:G:A,BRCA2,LP
NC_000013.11:32380114:G:C,BRCA2,LP
NC_000013.11:32380115:G:A,BRCA2,LP
NC_000013.11:32380115:G:T,BRCA2,LP
NC_000013.11:32380142:CA:TT,BRCA2,LP
NC_000013.11:32394716:C:A,BRCA2,LP
NC_000013.11:32394716:C:G,BRCA2,LP
NC_000013.11:32394733:T:C,BRCA2,LP
NC_000013.11:32394733:T:G,BRCA2,LP
NC_000013.11:32394802:A:T,BRCA2,LP
NC_000013.11:32394804:C:T,BRCA2,LP
NC_000013.11:48303912:A:G,RB1,VUS
NC_000013.11:48304048:G:A,RB1,LP
NC_000013.11:48342713:G:A,RB1,LP
NC_000013.11:48342713:G:C,RB1,LP
NC_000013.11:48342713:G:T,RB1,LP
NC_000013.11:48360060:T:G,RB1,LP
NC_000013.11:48360066:C:G,RB1,LP
NC_000013.11:48362952:A:G,RB1,LP
NC_000013.11:48362956:G:C,RB1,LP
NC_000013.11:48373475:T:C,RB1,LP
NC_000013.11:48377032:A:C,RB1,LP
NC_000013.11:48377032:A:T,RB1,LP
NC_000013.11:48377033:G:C,RB1,LP
NC_000013.11:48379605:G:A,RB1,LP
NC_000013.11:48379606:G:A,RB1,LP
NC_000013.11:48379606:G:T,RB1,LP
NC_000013.11:48380083:G:T,RB1,LP
NC_000013.11:48380190:A:G,RB1,VUS
NC_000013.11:48381336:A:G,RB1,LP
NC_000013.11:48381443:G:A,RB1,LP
NC_000013.11:48381443:G:C,RB1,VUS
NC_000013.11:48381443:G:T,RB1,LP
NC_000013.11:48381444:T:A,RB1,VUS
NC_000013.11:48381444:T:G,RB1,LP
NC_000013.11:48381447:G:A,RB1,LP
NC_000013.11:48381447:G:T,RB1,VUS
NC_000013.11:48411590:C:T,RB1,VUS
NC_000013.11:48411681:T:A,RB1,VUS
NC_000013.11:48411687:T:C,RB1,VUS
NC_000013.11:48411858:C:T,RB1,LP
NC_000013.11:48411987:C:T,RB1,LP
NC_000013.11:48412235:T:A,RB1,LP
NC_000013.11:48412422:T:C,RB1,LP
NC_000013.11:48456315:A:G,RB1,LP
NC_000013.11:48456348:G:A,RB1,LP
NC_000013.11:48456348:G:C,RB1,LP
NC_000013.11:48456348:G:T,RB1,LP
NC_000013.11:48459696:T:C,RB1,VUS
NC_000013.11:48459711:T:C,RB1,VUS
NC_000013.11:48459765:T:C,RB1,LP
NC_000013.11:48459810:T:A,RB1,LP
NC_000013.11:48459827:G:A,RB1,LP
NC_000013.11:48459830:C:A,RB1,LP
NC_000013.11:48459831:A:G,RB1,LP
NC_000013.11:48463740:G:A,RB1,LP
NC_000013.11:48463820:C:T,RB1,LP
NC_000013.11:48463834:G:T,RB1,LP
NC_000013.11:48465064:T:C,RB1,LP
NC_000013.11:48465110:G:T,RB1,VUS
NC_000013.11:48476842:G:A,RB1,LP
NC_000013.11:48476842:G:C,RB1,VUS
NC_000013.11:102846276:A:C,ERCC5,VUS
NC_000013.11:102866644:T:C,ERCC5,VUS
NC_000013.11:102875597:G:C,ERCC5,LP
NC_000015.10:90747392:A:C,BLM,LP
NC_000015.10:90790679:G:C,BLM,VUS
NC_000015.10:90794309:T:C,BLM,LP
NC_000015.10:90794309:T:G,BLM,VUS
NC_000015.10:90794337:A:T,BLM,LP
NC_000016.10:2046282:T:A,TSC2,VUS
NC_000016.10:2048616:T:A,TSC2,VUS
NC_000016.10:2048617:G:A,TSC2,LP
NC_000016.10:2048617:G:T,TSC2,LP
NC_000016.10:2053426:T:C,TSC2,LP
NC_000016.10:2053452:G:A,TSC2,LP
NC_000016.10:2053452:G:C,TSC2,LP
NC_000016.10:2053452:G:T,TSC2,VUS
NC_000016.10:2053453:T:G,TSC2,LP
NC_000016.10:2054398:C:A,TSC2,LP
NC_000016.10:2054430:G:T,TSC2,VUS
NC_000016.10:2055470:T:A,TSC2,LP
NC_000016.10:2056722:T:C,TSC2,LP
NC_000016.10:2056724:T:C,TSC2,LP
NC_000016.10:2057120:T:C,TSC2,LP
NC_000016.10:2057168:T:C,TSC2,VUS
NC_000016.10:2057172:G:T,TSC2,LP
NC_000016.10:2058777:G:A,TSC2,LP
NC_000016.10:2060730:T:A,TSC2,LP
NC_000016.10:2060750:CTC:TTT,TSC2,VUS
NC_000016.10:2060778:T:C,TSC2,LP
NC_000016.10:2060811:A:G,TSC2,VUS
NC_000016.10:2060812:G:C,TSC2,LP
NC_000016.10:2061922:T:A,TSC2,VUS
NC_000016.10:2061990:T:G,TSC2,LP
NC_000016.10:2062005:C:T,TSC2,LP
NC_000016.10:2062599:G:A,TSC2,VUS
NC_000016.10:2063006:T:C,TSC2,LP
NC_000016.10:2063006:T:G,TSC2,LP
NC_000016.10:2063052:G:T,TSC2,VUS
NC_000016.10:2064304:C:G,TSC2,LP
NC_000016.10:2064350:C:A,TSC2,LP
NC_000016.10:2064410:T:C,TSC2,LP
NC_000016.10:2064426:G:T,TSC2,VUS
NC_000016.10:2070527:C:T,TSC2,LP
NC_000016.10:2070528:A:G,TSC2,LP
NC_000016.10:2070530:T:A,TSC2,VUS
NC_000016.10:2070530:T:C,TSC2,LP
NC_000016.10:2070531:A:G,TSC2,LP
NC_000016.10:2070541:C:G,TSC2,LP
NC_000016.10:2070569:C:G,TSC2,LP
NC_000016.10:2070570:G:C,TSC2,VUS
NC_000016.10:2070577:G:C,TSC2,LP
NC_000016.10:2071509:G:C,TSC2,LP
NC_000016.10:2071533:C:T,TSC2,LP
NC_000016.10:2071922:T:C,TSC2,VUS
NC_000016.10:2071923:G:T,TSC2,LP
NC_000016.10:2072267:G:T,TSC2,LP
NC_000016.10:2072268:T:G,TSC2,LP
NC_000016.10:2072339:C:G,TSC2,LP
NC_000016.10:2072340:T:C,TSC2,LP
NC_000016.10:2072352:T:C,TSC2,LP
NC_000016.10:2074253:T:C,TSC2,LP
NC_000016.10:2074266:T:C,TSC2,LP
NC_000016.10:2074320:T:C,TSC2,LP
NC_000016.10:2074374:T:C,TSC2,LP
NC_000016.10:2074388:A:C,TSC2,VUS
NC_000016.10:2075801:T:C,TSC2,LP
NC_000016.10:2075860:G:C,TSC2,LP
NC_000016.10:2075875:T:G,TSC2,LP
NC_000016.10:2076092:G:C,TSC2,LP
NC_000016.10:2076093:C:T,TSC2,LP
NC_000016.10:2076117:T:C,TSC2,LP
NC_000016.10:2076125:T:G,TSC2,LP
NC_000016.10:2076126:G:A,TSC2,LP
NC_000016.10:2076140:C:G,TSC2,LP
NC_000016.10:2076153:T:A,TSC2,LP
NC_000016.10:2076162:T:C,TSC2,LP
NC_000016.10:2076494:T:C,TSC2,LP
NC_000016.10:2079146:G:A,TSC2,VUS
NC_000016.10:2079147:A:T,TSC2,LP
NC_000016.10:2079150:T:G,TSC2,VUS
NC_000016.10:2079153:T:G,TSC2,LP
NC_000016.10:2079159:G:C,TSC2,LP
NC_000016.10:2079195:G:A,TSC2,LP
NC_000016.10:2079195:G:C,TSC2,LP
NC_000016.10:2079277:C:T,TSC2,LP
NC_000016.10:2079322:G:C,TSC2,VUS
NC_000016.10:2079325:T:C,TSC2,LP
NC_000016.10:2079345:A:C,TSC2,LP
NC_000016.10:2079346:C:T,TSC2,LP
NC_000016.10:2079355:C:G,TSC2,LP
NC_000016.10:2079427:G:A,TSC2,LP
NC_000016.10:2079664:G:C,TSC2,VUS
NC_000016.10:2080364:C:G,TSC2,LP
NC_000016.10:2080376:G:A,TSC2,LP
NC_000016.10:2081594:G:A,TSC2,LP
NC_000016.10:2081599:A:C,TSC2,VUS
NC_000016.10:2084402:T:C,PKD1,VUS
NC_000016.10:2084444:G:A,PKD1,LP
NC_000016.10:2084710:C:A,PKD1,LP
NC_000016.10:2084711:C:G,PKD1,LP
NC_000016.10:2084711:C:T,PKD1,LP
NC_000016.10:2084714:G:C,PKD1,LP
NC_000016.10:2084964:A:C,PKD1,LP
NC_000016.10:2084964:A:G,PKD1,LP
NC_000016.10:2084965:G:T,PKD1,LP
NC_000016.10:2084967:T:C,PKD1,VUS
NC_000016.10:2085293:T:C,PKD1,VUS
NC_000016.10:2085302:T:C,PKD1,LP
NC_000016.10:2085304:T:C,PKD1,LP
NC_000016.10:2085305:A:G,PKD1,LP
NC_000016.10:2085321:G:T,PKD1,LP
NC_000016.10:2086201:G:A,PKD1,LP
NC_000016.10:2086214:T:C,PKD1,LP
NC_000016.10:2086221:T:G,PKD1,VUS
NC_000016.10:2086229:G:T,PKD1,VUS
NC_000016.10:2086239:G:C,PKD1,LP
NC_000016.10:2086240:T:C,PKD1,LP
NC_000016.10:2086241:A:G,PKD1,LP
NC_000016.10:2086262:T:C,PKD1,LP
NC_000016.10:2086264:G:A,PKD1,LP
NC_000016.10:2086312:G:A,PKD1,LP
NC_000016.10:2086312:G:C,PKD1,LP
NC_000016.10:2086316:G:T,PKD1,VUS
NC_000016.10:2086319:T:C,PKD1,VUS
NC_000016.10:2086739:C:T,PKD1,LP
NC_000016.10:2086740:A:G,PKD1,LP
NC_000016.10:2086740:A:T,PKD1,LP
NC_000016.10:2086749:C:T,PKD1,LP
NC_000016.10:2086755:T:A,PKD1,VUS
NC_000016.10:2086799:C:T,PKD1,LP
NC_000016.10:2086800:A:C,PKD1,LP
NC_000016.10:2086800:A:G,PKD1,LP
NC_000016.10:2086806:G:A,PKD1,LP
NC_000016.10:2086808:A:C,PKD1,LP
NC_000016.10:2086811:G:T,PKD1,LP
NC_000016.10:2086817:G:A,PKD1,LP
NC_000016.10:2086817:G:T,PKD1,LP
NC_000016.10:2086824:T:C,PKD1,LP
NC_000016.10:2086832:A:C,PKD1,VUS
NC_000016.10:2086833:A:G,PKD1,LP
NC_000016.10:2086838:T:C,PKD1,LP
NC_000016.10:2086847:G:T,PKD1,VUS
NC_000016.10:2087884:T:A,PKD1,LP
NC_000016.10:2087890:T:G,PKD1,LP
NC_000016.10:2087895:C:T,PKD1,VUS
NC_000016.10:2087896:C:A,PKD1,LP
NC_000016.10:2087896:C:G,PKD1,LP
NC_000016.10:2087896:C:T,PKD1,LP
NC_000016.10:2087915:C:A,PKD1,VUS
NC_000016.10:2087915:C:G,PKD1,LP
NC_000016.10:2087917:T:C,PKD1,VUS
NC_000016.10:2087920:T:C,PKD1,VUS
NC_000016.10:2087920:T:G,PKD1,LP
NC_000016.10:2087922:T:C,PKD1,LP
NC_000016.10:2087928:C:A,PKD1,LP
NC_000016.10:2087940:G:C,PKD1,LP
NC_000016.10:2087940:G:T,PKD1,LP
NC_000016.10:2088101:T:C,PKD1,LP
NC_000016.10:2088104:C:G,PKD1,LP
NC_000016.10:2088104:C:T,PKD1,LP
NC_000016.10:2088116:G:A,PKD1,LP
NC_000016.10:2088116:G:C,PKD1,LP
NC_000016.10:2088128:T:C,PKD1,LP
NC_000016.10:2088229:G:C,PKD1,VUS
NC_000016.10:2088230:C:A,PKD1,LP
NC_000016.10:2088292:C:G,PKD1,LP
NC_000016.10:2088292:C:T,PKD1,LP
NC_000016.10:2088293:G:A,PKD1,LP
NC_000016.10:2088293:G:C,PKD1,LP
NC_000016.10:2088293:G:T,PKD1,LP
NC_000016.10:2088296:T:C,PKD1,LP
NC_000016.10:2088302:A:C,PKD1,LP
NC_000016.10:2088305:T:A,PKD1,LP
NC_000016.10:13928157:G:A,ERCC4,LP
NC_000016.10:13935702:C:G,ERCC4,LP
NC_000016.10:23607863:C:T,PALB2,LP
NC_000016.10:23621361:C:G,PALB2,VUS
NC_000016.10:23635259:AT:GA,PALB2,VUS
NC_000016.10:23641154:C:A,PALB2,VUS
NC_000016.10:23641154:C:T,PALB2,LP
NC_000016.10:23641155:A:C,PALB2,LP
NC_000016.10:23641155:A:G,PALB2,LP
NC_000016.10:23641155:A:T,PALB2,LP
NC_000016.10:23641156:T:A,PALB2,VUS
NC_000016.10:23641156:T:C,PALB2,LP
NC_000016.10:23641156:T:G,PALB2,VUS
NC_000016.10:68737415:A:G,CDH1,LP
NC_000016.10:68737415:A:T,CDH1,LP
NC_000016.10:68737416:T:A,CDH1,LP
NC_000016.10:68737416:T:C,CDH1,LP
NC_000016.10:68737416:T:G,CDH1,LP
NC_000016.10:68737417:G:A,CDH1,LP
NC_000016.10:68808503:G:C,CDH1,VUS
NC_000016.10:68810223:G:A,CDH1,LP
NC_000016.10:68810268:G:T,CDH1,LP
NC_000016.10:68810276:T:A,CDH1,LP
NC_000016.10:68810340:G:A,CDH1,LP
NC_000016.10:68811794:A:G,CDH1,VUS
NC_000016.10:68812182:G:A,CDH1,LP
NC_000016.10:68813494:G:T,CDH1,LP
NC_000016.10:68819392:C:G,CDH1,LP
NC_000016.10:68819416:C:G,CDH1,LP
NC_000016.10:68819424:G:A,CDH1,LP
NC_000016.10:68822054:A:T,CDH1,LP
NC_000016.10:68828203:G:A,CDH1,LP
NC_000016.10:68828280:G:A,CDH1,LP
NC_000016.10:89738683:C:A,FANCA,LP
NC_000016.10:89738883:C:A,FANCA,LP
NC_000016.10:89738928:G:A,FANCA,LP
NC_000016.10:89738942:C:G,FANCA,LP
NC_000016.10:89738943:G:A,FANCA,LP
NC_000016.10:89738946:C:G,FANCA,LP
NC_000016.10:89739131:C:T,FANCA,VUS
NC_000016.10:89739219:C:G,FANCA,LP
NC_000016.10:89739230:C:G,FANCA,LP
NC_000016.10:89739514:C:G,FANCA,LP
NC_000016.10:89739516:G:A,FANCA,LP
NC_000016.10:89740845:G:C,FANCA,LP
NC_000016.10:89744973:C:G,FANCA,LP
NC_000016.10:89745003:G:A,FANCA,LP
NC_000016.10:89746605:G:A,FANCA,LP
NC_000016.10:89746606:G:A,FANCA,LP
NC_000016.10:89746846:G:T,FANCA,VUS
NC_000016.10:89746852:T:A,FANCA,LP
NC_000016.10:89746888:C:G,FANCA,LP
NC_000016.10:89748671:A:C,FANCA,LP
NC_000016.10:89748677:T:G,FANCA,LP
NC_000016.10:89749729:C:A,FANCA,LP
NC_000016.10:89749729:C:T,FANCA,LP
NC_000016.10:89749804:C:T,FANCA,LP
NC_000016.10:89749805:G:A,FANCA,LP
NC_000016.10:89749805:G:C,FANCA,LP
NC_000016.10:89758669:A:G,FANCA,VUS
NC_000016.10:89761948:C:A,FANCA,LP
NC_000016.10:89761949:G:A,FANCA,LP
NC_000016.10:89761993:T:C,FANCA,LP
NC_000016.10:89761994:C:T,FANCA,LP
NC_000016.10:89762006:A:G,FANCA,LP
NC_000016.10:89764905:T:A,FANCA,LP
NC_000016.10:89764929:T:G,FANCA,LP
NC_000016.10:89764944:A:G,FANCA,LP
NC_000016.10:89765035:C:G,FANCA,LP
NC_000016.10:89765062:G:C,FANCA,VUS
NC_000016.10:89767207:A:G,FANCA,LP
NC_000016.10:89767214:A:C,FANCA,LP
NC_000016.10:89767228:G:C,FANCA,LP
NC_000016.10:89769870:A:G,FANCA,VUS
NC_000016.10:89769890:A:G,FANCA,LP
NC_000016.10:89769978:C:G,FANCA,LP
NC_000016.10:89770191:G:A,FANCA,LP
NC_000016.10:89770199:A:T,FANCA,LP
NC_000016.10:89770257:G:T,FANCA,LP
NC_000016.10:89770615:T:G,FANCA,LP
NC_000016.10:89771774:C:G,FANCA,LP
NC_000016.10:89771777:A:G,FANCA,LP
NC_000016.10:89773305:A:G,FANCA,LP
NC_000016.10:89778834:C:T,FANCA,LP
NC_000016.10:89783083:G:A,FANCA,LP
NC_000016.10:89783097:T:C,FANCA,LP
NC_000016.10:89784956:A:G,FANCA,VUS
NC_000016.10:89791418:T:C,FANCA,LP
NC_000016.10:89791453:C:G,FANCA,LP
NC_000016.10:89791454:T:C,FANCA,LP
NC_000016.10:89791457:C:A,FANCA,LP
NC_000016.10:89791457:C:G,FANCA,LP
NC_000016.10:89791457:C:T,FANCA,LP
NC_000016.10:89791458:G:A,FANCA,LP
NC_000016.10:89791503:C:T,FANCA,LP
NC_000016.10:89791931:A:C,FANCA,LP
NC_000016.10:89791986:C:A,FANCA,LP
NC_000016.10:89792066:A:G,FANCA,LP
NC_000016.10:89792480:A:C,FANCA,LP
NC_000016.10:89792489:A:G,FANCA,VUS
NC_000016.10:89795940:A:C,FANCA,LP
NC_000016.10:89795940:A:G,FANCA,VUS
NC_000016.10:89805305:G:C,FANCA,LP
NC_000016.10:89805359:A:C,FANCA,LP
NC_000016.10:89816612:C:A,FANCA,LP
NC_000016.10:89816612:C:T,FANCA,VUS
NC_000016.10:89816613:A:C,FANCA,LP
NC_000016.10:89816613:A:T,FANCA,LP
NC_000016.10:89816614:T:A,FANCA,LP
NC_000016.10:89816614:T:C,FANCA,LP
NC_000016.10:89816614:T:G,FANCA,LP
NC_000017.11:7670668:G:T,TP53,LP
NC_000017.11:7670686:AA:CT,TP53,VUS
NC_000017.11:7670699:G:C,TP53,VUS
NC_000017.11:7670708:C:A,TP53,LP
NC_000017.11:7670713:A:T,TP53,LP
NC_000017.11:7673550:T:A,TP53,LP
NC_000017.11:7673762:T:G,TP53,LP
NC_000017.11:7673766:C:T,TP53,LP
NC_000017.11:7673774:C:G,TP53,LP
NC_000017.11:7673776:G:T,TP53,LP
NC_000017.11:7673777:T:G,TP53,LP
NC_000017.11:7673778:C:A,TP53,LP
NC_000017.11:7673778:C:G,TP53,LP
NC_000017.11:7673778:C:T,TP53,LP
NC_000017.11:7673779:T:G,TP53,LP
NC_000017.11:7673787:G:A,TP53,LP
NC_000017.11:7673787:G:T,TP53,LP
NC_000017.11:7673794:A:C,TP53,LP
NC_000017.11:7673795:C:A,TP53,LP
NC_000017.11:7673801:C:A,TP53,LP
NC_000017.11:7673802:G:C,TP53,LP
NC_000017.11:7673802:G:T,TP53,LP
NC_000017.11:7673805:C:G,TP53,LP
NC_000017.11:7673807:T:A,TP53,LP
NC_000017.11:7673810:A:C,TP53,LP
NC_000017.11:7673810:A:G,TP53,LP
NC_000017.11:7673811:A:C,TP53,LP
NC_000017.11:7673813:C:A,TP53,VUS
NC_000017.11:7673820:G:C,TP53,LP
NC_000017.11:7673822:C:T,TP53,LP
NC_000017.11:7673823:C:G,TP53,LP
NC_000017.11:7673823:C:T,TP53,LP
NC_000017.11:7673825:A:T,TP53,LP
NC_000017.11:7674186:T:G,TP53,LP
NC_000017.11:7674190:CC:TT,TP53,VUS
NC_000017.11:7674200:GA:AT,TP53,VUS
NC_000017.11:7674201:A:T,TP53,LP
NC_000017.11:7674205:T:C,TP53,LP
NC_000017.11:7674211:T:A,TP53,LP
NC_000017.11:7674213:G:A,TP53,LP
NC_000017.11:7674216:C:G,TP53,LP
NC_000017.11:7674220:G:C,TP53,LP
NC_000017.11:7674220:GG:AA,TP53,LP
NC_000017.11:7674224:C:G,TP53,LP
NC_000017.11:7674224:C:T,TP53,LP
NC_000017.11:7674225:A:T,TP53,LP
NC_000017.11:7674227:GC:AT,TP53,LP
NC_000017.11:7674228:C:A,TP53,LP
NC_000017.11:7674231:C:A,TP53,LP
NC_000017.11:7674231:C:G,TP53,LP
NC_000017.11:7674231:C:T,TP53,LP
NC_000017.11:7674232:C:T,TP53,LP
NC_000017.11:7674236:G:C,TP53,LP
NC_000017.11:7674240:G:T,TP53,LP
NC_000017.11:7674241:A:C,TP53,LP
NC_000017.11:7674241:A:T,TP53,LP
NC_000017.11:7674243:C:T,TP53,LP
NC_000017.11:7674244:T:A,TP53,VUS
NC_000017.11:7674244:T:C,TP53,LP
NC_000017.11:7674245:G:T,TP53,VUS
NC_000017.11:7674246:T:C,TP53,LP
NC_000017.11:7674248:A:C,TP53,LP
NC_000017.11:7674249:C:A,TP53,LP
NC_000017.11:7674249:C:G,TP53,LP
NC_000017.11:7674250:A:G,TP53,LP
NC_000017.11:7674251:C:A,TP53,LP
NC_000017.11:7674251:C:G,TP53,LP
NC_000017.11:7674252:A:T,TP53,LP
NC_000017.11:7674262:A:G,TP53,LP
NC_000017.11:7674262:A:T,TP53,LP
NC_000017.11:7674267:A:C,TP53,LP
NC_000017.11:7674267:A:T,TP53,LP
NC_000017.11:7674872:A:G,TP53,LP
NC_000017.11:7674877:A:T,TP53,VUS
NC_000017.11:7674889:T:A,TP53,VUS
NC_000017.11:7674889:T:C,TP53,LP
NC_000017.11:7674891:TCG:CCA,TP53,VUS
NC_000017.11:7674916:T:C,TP53,LP
NC_000017.11:7674917:A:C,TP53,LP
NC_000017.11:7674917:A:G,TP53,LP
NC_000017.11:7674934:C:A,TP53,LP
NC_000017.11:7674952:T:G,TP53,LP
NC_000017.11:7674953:G:T,TP53,LP
NC_000017.11:7674961:G:A,TP53,LP
NC_000017.11:7675069:C:G,TP53,LP
NC_000017.11:7675074:A:C,TP53,LP
NC_000017.11:7675074:A:T,TP53,LP
NC_000017.11:7675076:G:C,TP53,LP
NC_000017.11:7675077:G:C,TP53,LP
NC_000017.11:7675077:G:T,TP53,LP
NC_000017.11:7675079:G:C,TP53,LP
NC_000017.11:7675081:G:C,TP53,LP
NC_000017.11:7675083:GCA:CCG,TP53,LP
NC_000017.11:7675084:C:A,TP53,LP
NC_000017.11:7675088:G:C,TP53,LP
NC_000017.11:7675088:G:T,TP53,VUS
NC_000017.11:7675093:A:G,TP53,LP
NC_000017.11:7675094:C:A,TP53,LP
NC_000017.11:7675098:C:A,TP53,LP
NC_000017.11:7675099:T:C,TP53,VUS
NC_000017.11:7675108:T:A,TP53,LP
NC_000017.11:7675108:T:G,TP53,LP
NC_000017.11:7675117:T:A,TP53,LP
NC_000017.11:7675130:C:T,TP53,LP
NC_000017.11:7675135:G:A,TP53,LP
NC_000017.11:7675135:G:T,TP53,LP
NC_000017.11:7675137:GC:AA,TP53,LP
NC_000017.11:7675138:C:A,TP53,LP
NC_000017.11:7675139:G:C,TP53,LP
NC_000017.11:7675139:G:T,TP53,LP
NC_000017.11:7675140:GA:AC,TP53,VUS
NC_000017.11:7675141:A:C,TP53,LP
NC_000017.11:7675144:C:G,TP53,LP
NC_000017.11:7675147:G:T,TP53,LP
NC_000017.11:7675156:G:C,TP53,LP
NC_000017.11:7675159:G:C,TP53,LP
NC_000017.11:7675159:GG:AA,TP53,LP
NC_000017.11:7675159:GG:CT,TP53,VUS
NC_000017.11:7675160:G:C,TP53,LP
NC_000017.11:7675171:A:C,TP53,VUS
NC_000017.11:7675183:A:G,TP53,LP
NC_000017.11:7675188:G:C,TP53,LP
NC_000017.11:7675207:C:A,TP53,LP
NC_000017.11:7675207:C:G,TP53,VUS
NC_000017.11:7675208:A:C,TP53,LP
NC_000017.11:7675208:A:G,TP53,LP
NC_000017.11:7675211:A:T,TP53,LP
NC_000017.11:7675215:C:A,TP53,LP
NC_000017.11:7675215:C:G,TP53,LP
NC_000017.11:7675216:T:C,TP53,LP
NC_000017.11:7675219:T:A,TP53,LP
NC_000017.11:7675220:T:G,TP53,VUS
NC_000017.11:7675222:A:G,TP53,LP
NC_000017.11:7675222:A:T,TP53,LP
NC_000017.11:7675231:G:T,TP53,LP
NC_000017.11:7675232:A:G,TP53,LP
NC_000017.11:7675994:G:C,TP53,LP
NC_000017.11:7675998:A:G,TP53,VUS
NC_000017.11:7676029:G:C,TP53,VUS
NC_000017.11:7676029:G:T,TP53,VUS
NC_000017.11:7676030:A:C,TP53,LP
NC_000017.11:7676031:A:G,TP53,VUS
NC_000017.11:7676031:A:T,TP53,VUS
NC_000017.11:7676036:A:T,TP53,LP
NC_000017.11:7676038:AC:GG,TP53,LP
NC_000017.11:7676039:C:A,TP53,LP
NC_000017.11:7676040:G:C,TP53,VUS
NC_000017.11:7676042:A:C,TP53,LP
NC_000017.11:7676043:A:T,TP53,LP
NC_000017.11:7676055:C:G,TP53,LP
NC_000017.11:7676055:C:T,TP53,LP
NC_000017.11:17213737:A:G,FLCN,LP
NC_000017.11:17213841:A:G,FLCN,LP
NC_000017.11:17216379:C:G,FLCN,LP
NC_000017.11:17217118:A:T,FLCN,VUS
NC_000017.11:17221535:C:A,FLCN,VUS
NC_000017.11:17222516:GC:AA,FLCN,VUS
NC_000017.11:17223929:C:A,FLCN,LP
NC_000017.11:17224001:T:G,FLCN,LP
NC_000017.11:17224102:T:A,FLCN,LP
NC_000017.11:17228072:G:T,FLCN,VUS
NC_000017.11:17228104:G:C,FLCN,LP
NC_000017.11:17228105:C:T,FLCN,VUS
NC_000017.11:17228134:C:G,FLCN,LP
NC_000017.11:17228134:C:T,FLCN,VUS
NC_000017.11:17228135:A:G,FLCN,VUS
NC_000017.11:17228136:T:C,FLCN,LP
NC_000017.11:31095309:A:C,NF1,LP
NC_000017.11:31095309:A:G,NF1,LP
NC_000017.11:31095309:A:T,NF1,LP
NC_000017.11:31095310:T:C,NF1,LP
NC_000017.11:31095310:T:G,NF1,LP
NC_000017.11:31095311:G:A,NF1,LP
NC_000017.11:31095311:G:C,NF1,LP
NC_000017.11:31095311:G:T,NF1,VUS
NC_000017.11:31095368:G:C,NF1,LP
NC_000017.11:31156043:A:T,NF1,LP
NC_000017.11:31156049:T:A,NF1,LP
NC_000017.11:31156049:T:C,NF1,LP
NC_000017.11:31156060:T:C,NF1,LP
NC_000017.11:31156061:C:T,NF1,LP
NC_000017.11:31156094:T:C,NF1,LP
NC_000017.11:31156094:T:G,NF1,LP
NC_000017.11:31156096:A:C,NF1,VUS
NC_000017.11:31159048:T:C,NF1,LP
NC_000017.11:31159049:C:A,NF1,LP
NC_000017.11:31159052:A:C,NF1,LP
NC_000017.11:31159073:T:A,NF1,LP
NC_000017.11:31159073:T:C,NF1,LP
NC_000017.11:31159081:T:C,NF1,LP
NC_000017.11:31159083:T:G,NF1,LP
NC_000017.11:31163308:G:C,NF1,LP
NC_000017.11:31163330:TC:CT,NF1,VUS
NC_000017.11:31163330:T:G,NF1,VUS
NC_000017.11:31163375:G:A,NF1,LP
NC_000017.11:31169940:T:A,NF1,VUS
NC_000017.11:31169940:T:G,NF1,LP
NC_000017.11:31169967:A:T,NF1,LP
NC_000017.11:31169991:T:C,NF1,LP
NC_000017.11:31181721:T:A,NF1,VUS
NC_000017.11:31181721:T:C,NF1,LP
NC_000017.11:31181779:T:G,NF1,VUS
NC_000017.11:31181784:G:A,NF1,LP
NC_000017.11:31182513:C:A,NF1,LP
NC_000017.11:31182522:TA:CT,NF1,VUS
NC_000017.11:31182563:A:G,NF1,LP
NC_000017.11:31182585:A:C,NF1,VUS
NC_000017.11:31182594:T:G,NF1,VUS
NC_000017.11:31200477:GC:AA,NF1,LP
NC_000017.11:31200491:C:A,NF1,LP
NC_000017.11:31200500:C:A,NF1,LP
NC_000017.11:31200512:T:G,NF1,LP
NC_000017.11:31200521:C:T,NF1,LP
NC_000017.11:31200544:G:A,NF1,LP
NC_000017.11:31200594:G:C,NF1,LP
NC_000017.11:31200594:G:T,NF1,LP
NC_000017.11:31201108:T:C,NF1,LP
NC_000017.11:31201112:T:A,NF1,LP
NC_000017.11:31201112:T:C,NF1,LP
NC_000017.11:31201158:G:T,NF1,VUS
NC_000017.11:31201453:T:C,NF1,LP
NC_000017.11:31206318:T:C,NF1,LP
NC_000017.11:31214483:A:G,NF1,LP
NC_000017.11:31214570:A:G,NF1,LP
NC_000017.11:31219062:T:C,NF1,VUS
NC_000017.11:31219071:T:G,NF1,LP
NC_000017.11:31219110:C:A,NF1,VUS
NC_000017.11:31221853:T:G,NF1,VUS
NC_000017.11:31221862:T:A,NF1,VUS
NC_000017.11:31221864:C:G,NF1,LP
NC_000017.11:31221865:A:C,NF1,LP
NC_000017.11:31221865:A:G,NF1,LP
NC_000017.11:31221928:G:A,NF1,LP
NC_000017.11:31221928:G:C,NF1,LP
NC_000017.11:31221928:G:T,NF1,LP
NC_000017.11:31221929:G:C,NF1,LP
NC_000017.11:31221929:G:T,NF1,LP
NC_000017.11:31221930:T:A,NF1,LP
NC_000017.11:31221930:T:C,NF1,VUS
NC_000017.11:31221930:T:G,NF1,LP
NC_000017.11:31221931:A:C,NF1,LP
NC_000017.11:31221931:A:G,NF1,LP
NC_000017.11:31223451:T:G,NF1,VUS
NC_000017.11:31223454:T:C,NF1,LP
NC_000017.11:31223463:T:G,NF1,VUS
NC_000017.11:31223466:G:T,NF1,LP
NC_000017.11:31223529:T:A,NF1,LP
NC_000017.11:31223566:G:C,NF1,LP
NC_000017.11:31223566:G:T,NF1,LP
NC_000017.11:31226504:T:C,NF1,LP
NC_000017.11:31226516:T:G,NF1,LP
NC_000017.11:31226557:T:C,NF1,LP
NC_000017.11:31226683:G:A,NF1,LP
NC_000017.11:31226683:G:C,NF1,LP
NC_000017.11:31227217:G:T,NF1,LP
NC_000017.11:31227253:T:G,NF1,LP
NC_000017.11:31227289:A:C,NF1,LP
NC_000017.11:31227289:A:G,NF1,LP
NC_000017.11:31227290:G:C,NF1,LP
NC_000017.11:31227290:G:T,NF1,LP
NC_000017.11:31227525:T:A,NF1,LP
NC_000017.11:31227525:T:G,NF1,LP
NC_000017.11:31227534:A:C,NF1,LP
NC_000017.11:31227535:C:G,NF1,LP
NC_000017.11:31227546:T:A,NF1,LP
NC_000017.11:31227546:T:G,NF1,VUS
NC_000017.11:31227548:G:T,NF1,LP
NC_000017.11:31227571:T:A,NF1,LP
NC_000017.11:31227588:A:C,NF1,LP
NC_000017.11:31229123:T:A,NF1,LP
NC_000017.11:31229123:T:C,NF1,LP
NC_000017.11:31229123:T:G,NF1,LP
NC_000017.11:31229135:A:C,NF1,LP
NC_000017.11:31229138:GGCTTCCT:AGCTTCCA,NF1,LP
NC_000017.11:31229145:T:A,NF1,LP
NC_000017.11:31229147:T:C,NF1,LP
NC_000017.11:31229148:G:A,NF1,LP
NC_000017.11:31229150:G:C,NF1,LP
NC_000017.11:31229151:C:A,NF1,LP
NC_000017.11:31229154:T:G,NF1,LP
NC_000017.11:31229156:G:A,NF1,LP
NC_000017.11:31229156:G:C,NF1,LP
NC_000017.11:31229231:C:G,NF1,LP
NC_000017.11:31229295:T:C,NF1,LP
NC_000017.11:31229307:T:A,NF1,LP
NC_000017.11:31229307:T:G,NF1,LP
NC_000017.11:31229324:T:A,NF1,LP
NC_000017.11:31229364:T:A,NF1,LP
NC_000017.11:31229364:T:G,NF1,VUS
NC_000017.11:31229378:G:A,NF1,LP
NC_000017.11:31229400:T:C,NF1,LP
NC_000017.11:31229400:T:G,NF1,LP
NC_000017.11:31229412:T:C,NF1,LP
NC_000017.11:31229464:G:C,NF1,LP
NC_000017.11:31229834:G:T,NF1,LP
NC_000017.11:31229853:A:T,NF1,LP
NC_000017.11:31229853:AT:TC,NF1,LP
NC_000017.11:31229877:T:G,NF1,LP
NC_000017.11:31229955:T:G,NF1,LP
NC_000017.11:31229958:T:G,NF1,LP
NC_000017.11:31229973:G:A,NF1,LP
NC_000017.11:31229973:G:C,NF1,LP
NC_000017.11:31229973:G:T,NF1,LP
NC_000017.11:31230259:G:C,NF1,LP
NC_000017.11:31230259:G:T,NF1,LP
NC_000017.11:31230266:C:A,NF1,VUS
NC_000017.11:31230267:G:C,NF1,LP
NC_000017.11:31230270:T:A,NF1,LP
NC_000017.11:31230312:T:C,NF1,LP
NC_000017.11:31230312:T:G,NF1,LP
NC_000017.11:31230314:T:C,NF1,LP
NC_000017.11:31230315:G:A,NF1,LP
NC_000017.11:31230316:T:G,NF1,LP
NC_000017.11:31230317:C:G,NF1,VUS
NC_000017.11:31230372:T:A,NF1,LP
NC_000017.11:31230374:A:G,NF1,LP
NC_000017.11:31230380:A:G,NF1,LP
NC_000017.11:31230381:G:C,NF1,LP
NC_000017.11:31230869:T:C,NF1,LP
NC_000017.11:31230869:T:G,NF1,LP
NC_000017.11:31230924:G:A,NF1,LP
NC_000017.11:31232085:G:C,NF1,LP
NC_000017.11:31232110:T:C,NF1,LP
NC_000017.11:31232113:T:C,NF1,LP
NC_000017.11:31232124:C:T,NF1,LP
NC_000017.11:31232125:C:G,NF1,LP
NC_000017.11:31232151:G:A,NF1,LP
NC_000017.11:31232152:T:A,NF1,LP
NC_000017.11:31232169:A:G,NF1,VUS
NC_000017.11:31232176:A:T,NF1,LP
NC_000017.11:31232185:T:G,NF1,VUS
NC_000017.11:31232811:C:T,NF1,LP
NC_000017.11:31232820:G:C,NF1,LP
NC_000017.11:31232820:G:T,NF1,LP
NC_000017.11:31232827:C:A,NF1,LP
NC_000017.11:31232829:A:G,NF1,LP
NC_000017.11:31232830:T:C,NF1,LP
NC_000017.11:31232831:G:A,NF1,LP
NC_000017.11:31232831:G:C,NF1,LP
NC_000017.11:31232831:G:T,NF1,LP
NC_000017.11:31232831:GT:TG,NF1,LP
NC_000017.11:31232832:T:C,NF1,LP
NC_000017.11:31232845:A:T,NF1,LP
NC_000017.11:31232848:C:A,NF1,LP
NC_000017.11:31232851:A:C,NF1,LP
NC_000017.11:31232852:C:A,NF1,LP
NC_000017.11:31232878:T:A,NF1,LP
NC_000017.11:31232880:G:A,NF1,LP
NC_000017.11:31232880:G:C,NF1,LP
NC_000017.11:31232880:G:T,NF1,LP
NC_000017.11:31233006:G:C,NF1,LP
NC_000017.11:31233007:G:A,NF1,LP
NC_000017.11:31233009:T:A,NF1,VUS
NC_000017.11:31233027:A:G,NF1,LP
NC_000017.11:31233043:T:G,NF1,LP
NC_000017.11:31233048:G:C,NF1,LP
NC_000017.11:31233048:G:T,NF1,LP
NC_000017.11:31233052:T:G,NF1,LP
NC_000017.11:31233064:T:G,NF1,LP
NC_000017.11:31233070:A:G,NF1,LP
NC_000017.11:31233072:G:A,NF1,LP
NC_000017.11:31233073:G:A,NF1,LP
NC_000017.11:31233075:A:T,NF1,LP
NC_000017.11:31233076:C:G,NF1,LP
NC_000017.11:31233081:T:G,NF1,VUS
NC_000017.11:31233082:T:A,NF1,LP
NC_000017.11:31233082:T:C,NF1,LP
NC_000017.11:31233083:T:A,NF1,LP
NC_000017.11:31233083:T:G,NF1,LP
NC_000017.11:31233090:C:G,NF1,LP
NC_000017.11:31233090:C:T,NF1,LP
NC_000017.11:31233091:T:C,NF1,LP
NC_000017.11:31233099:A:C,NF1,LP
NC_000017.11:31233115:G:T,NF1,LP
NC_000017.11:31233127:T:G,NF1,LP
NC_000017.11:31233145:T:A,NF1,LP
NC_000017.11:31233145:T:G,NF1,LP
NC_000017.11:31233148:T:G,NF1,LP
NC_000017.11:31233153:G:A,NF1,LP
NC_000017.11:31233153:G:T,NF1,VUS
NC_000017.11:31233154:A:G,NF1,VUS
NC_000017.11:31233154:A:T,NF1,LP
NC_000017.11:31233155:T:G,NF1,LP
NC_000017.11:31233159:G:A,NF1,LP
NC_000017.11:31233160:G:A,NF1,LP
NC_000017.11:31233160:G:T,NF1,LP
NC_000017.11:31233166:T:G,NF1,LP
NC_000017.11:31233210:T:C,NF1,LP
NC_000017.11:31235629:T:G,NF1,LP
NC_000017.11:31235638:T:C,NF1,LP
NC_000017.11:31235640:T:A,NF1,LP
NC_000017.11:31235673:T:A,NF1,VUS
NC_000017.11:31235673:T:C,NF1,LP
NC_000017.11:31235728:G:T,NF1,LP
NC_000017.11:31235733:A:T,NF1,LP
NC_000017.11:31235734:A:T,NF1,LP
NC_000017.11:31235735:C:G,NF1,LP
NC_000017.11:31235745:A:C,NF1,LP
NC_000017.11:31235747:T:G,NF1,LP
NC_000017.11:31235752:T:G,NF1,VUS
NC_000017.11:31235771:G:C,NF1,LP
NC_000017.11:31236020:G:A,NF1,LP
NC_000017.11:31236020:G:C,NF1,LP
NC_000017.11:31236020:G:T,NF1,LP
NC_000017.11:31249024:T:G,NF1,LP
NC_000017.11:31249117:AG:CC,NF1,LP
NC_000017.11:31258400:C:G,NF1,LP
NC_000017.11:31258400:C:T,NF1,LP
NC_000017.11:31258401:T:C,NF1,LP
NC_000017.11:31258401:T:G,NF1,VUS
NC_000017.11:31258403:A:G,NF1,LP
NC_000017.11:31258404:GA:CT,NF1,VUS
NC_000017.11:31258404:G:A,NF1,LP
NC_000017.11:31258404:G:C,NF1,LP
NC_000017.11:31258404:G:T,NF1,VUS
NC_000017.11:31258405:A:C,NF1,LP
NC_000017.11:31258405:A:T,NF1,LP
NC_000017.11:31258412:A:T,NF1,LP
NC_000017.11:31258414:T:A,NF1,LP
NC_000017.11:31258414:T:G,NF1,LP
NC_000017.11:31258425:T:A,NF1,LP
NC_000017.11:31258427:T:C,NF1,VUS
NC_000017.11:31258487:A:G,NF1,LP
NC_000017.11:31258499:A:C,NF1,LP
NC_000017.11:31258499:A:G,NF1,LP
NC_000017.11:31258500:A:C,NF1,LP
NC_000017.11:31258501:G:C,NF1,LP
NC_000017.11:31259035:T:G,NF1,VUS
NC_000017.11:31259037:C:A,NF1,LP
NC_000017.11:31259037:C:G,NF1,LP
NC_000017.11:31259038:A:C,NF1,LP
NC_000017.11:31259038:A:G,NF1,LP
NC_000017.11:31259038:AG:CA,NF1,LP
NC_000017.11:31259039:G:C,NF1,LP
NC_000017.11:31259049:A:C,NF1,VUS
NC_000017.11:31259049:A:G,NF1,LP
NC_000017.11:31259050:A:T,NF1,LP
NC_000017.11:31259051:T:A,NF1,VUS
NC_000017.11:31259051:T:G,NF1,VUS
NC_000017.11:31259067:A:C,NF1,LP
NC_000017.11:31259067:A:G,NF1,LP
NC_000017.11:31259068:A:C,NF1,VUS
NC_000017.11:31259068:A:G,NF1,LP
NC_000017.11:31259069:A:C,NF1,LP
NC_000017.11:31259069:A:T,NF1,LP
NC_000017.11:31259070:G:A,NF1,LP
NC_000017.11:31259071:A:T,NF1,VUS
NC_000017.11:31259072:A:C,NF1,VUS
NC_000017.11:31259077:A:C,NF1,VUS
NC_000017.11:31259080:T:A,NF1,LP
NC_000017.11:31259101:T:G,NF1,LP
NC_000017.11:31260435:A:G,NF1,LP
NC_000017.11:31260469:T:C,NF1,LP
NC_000017.11:31260469:T:G,NF1,LP
NC_000017.11:31260481:A:G,NF1,LP
NC_000017.11:31261718:A:G,NF1,LP
NC_000017.11:31261738:T:G,NF1,VUS
NC_000017.11:31261739:T:C,NF1,VUS
NC_000017.11:31261750:G:C,NF1,LP
NC_000017.11:31261856:G:C,NF1,LP
NC_000017.11:31265299:C:A,NF1,LP
NC_000017.11:31265332:C:A,NF1,VUS
NC_000017.11:31265335:G:T,NF1,LP
NC_000017.11:31325819:G:C,NF1,LP
NC_000017.11:31325860:A:C,NF1,VUS
NC_000017.11:31325860:AT:CA,NF1,VUS
NC_000017.11:31325863:T:A,NF1,LP
NC_000017.11:31325898:T:A,NF1,LP
NC_000017.11:31325898:T:G,NF1,LP
NC_000017.11:31325913:G:A,NF1,LP
NC_000017.11:31325913:G:C,NF1,VUS
NC_000017.11:31325913:G:T,NF1,LP
NC_000017.11:31325914:A:C,NF1,LP
NC_000017.11:31325914:A:G,NF1,LP
NC_000017.11:31325914:A:T,NF1,LP
NC_000017.11:31325919:A:C,NF1,LP
NC_000017.11:31326015:T:G,NF1,LP
NC_000017.11:31326032:C:A,NF1,LP
NC_000017.11:31326032:C:G,NF1,LP
NC_000017.11:31327540:A:G,NF1,LP
NC_000017.11:31327627:A:C,NF1,LP
NC_000017.11:31327705:C:A,NF1,LP
NC_000017.11:31327717:C:A,NF1,LP
NC_000017.11:31327717:C:G,NF1,LP
NC_000017.11:31327717:C:T,NF1,LP
NC_000017.11:31327718:G:C,NF1,LP
NC_000017.11:31327763:T:C,NF1,LP
NC_000017.11:31327763:T:G,NF1,LP
NC_000017.11:31327774:G:A,NF1,LP
NC_000017.11:31327774:G:T,NF1,LP
NC_000017.11:31327780:C:T,NF1,LP
NC_000017.11:31327781:C:A,NF1,LP
NC_000017.11:31327790:T:C,NF1,LP
NC_000017.11:31327790:T:G,NF1,LP
NC_000017.11:31327793:T:G,NF1,LP
NC_000017.11:31327812:T:G,NF1,LP
NC_000017.11:31327838:G:A,NF1,LP
NC_000017.11:31327838:G:T,NF1,LP
NC_000017.11:31330314:C:A,NF1,VUS
NC_000017.11:31330315:T:C,NF1,LP
NC_000017.11:31330335:T:C,NF1,LP
NC_000017.11:31330337:T:A,NF1,LP
NC_000017.11:31330337:T:G,NF1,LP
NC_000017.11:31330353:G:C,NF1,LP
NC_000017.11:31330353:GG:TT,NF1,VUS
NC_000017.11:31330354:G:C,NF1,LP
NC_000017.11:31330419:A:C,NF1,VUS
NC_000017.11:31330429:T:A,NF1,VUS
NC_000017.11:31330429:T:C,NF1,LP
NC_000017.11:31330429:T:G,NF1,VUS
NC_000017.11:31330452:A:T,NF1,LP
NC_000017.11:31330453:C:G,NF1,LP
NC_000017.11:31330473:T:C,NF1,LP
NC_000017.11:31334866:T:G,NF1,LP
NC_000017.11:31334878:T:A,NF1,LP
NC_000017.11:31334880:G:T,NF1,LP
NC_000017.11:31334881:C:G,NF1,LP
NC_000017.11:31334957:TG:CT,NF1,VUS
NC_000017.11:31335026:G:C,NF1,LP
NC_000017.11:31336347:G:C,NF1,LP
NC_000017.11:31336347:G:T,NF1,LP
NC_000017.11:31336348:A:C,NF1,LP
NC_000017.11:31336348:A:G,NF1,LP
NC_000017.11:31336378:G:T,NF1,VUS
NC_000017.11:31336379:T:G,NF1,LP
NC_000017.11:31336794:T:C,NF1,LP
NC_000017.11:31336829:C:A,NF1,VUS
NC_000017.11:31336860:T:A,NF1,VUS
NC_000017.11:31336860:T:G,NF1,LP
NC_000017.11:31336884:T:G,NF1,LP
NC_000017.11:31336890:C:T,NF1,LP
NC_000017.11:31336913:G:A,NF1,LP
NC_000017.11:31337429:C:A,NF1,LP
NC_000017.11:31337513:T:A,NF1,LP
NC_000017.11:31337581:G:C,NF1,LP
NC_000017.11:31337581:G:T,NF1,LP
NC_000017.11:31337860:T:C,NF1,LP
NC_000017.11:31337860:T:G,NF1,LP
NC_000017.11:31338137:A:C,NF1,VUS
NC_000017.11:31338137:A:T,NF1,LP
NC_000017.11:31338138:G:C,NF1,LP
NC_000017.11:31338138:G:T,NF1,LP
NC_000017.11:31338703:G:T,NF1,LP
NC_000017.11:31338728:C:T,NF1,LP
NC_000017.11:31338776:T:G,NF1,VUS
NC_000017.11:31338804:G:C,NF1,LP
NC_000017.11:31340526:T:G,NF1,LP
NC_000017.11:31340531:T:C,NF1,VUS
NC_000017.11:31340583:G:A,NF1,LP
NC_000017.11:31340592:T:C,NF1,VUS
NC_000017.11:31340595:T:C,NF1,LP
NC_000017.11:31340595:T:G,NF1,LP
NC_000017.11:31343101:T:A,NF1,LP
NC_000017.11:31343114:T:G,NF1,LP
NC_000017.11:31343117:T:A,NF1,LP
NC_000017.11:31343126:T:C,NF1,LP
NC_000017.11:31343126:T:G,NF1,LP
NC_000017.11:31343134:G:A,NF1,LP
NC_000017.11:31343134:G:C,NF1,VUS
NC_000017.11:31343134:G:T,NF1,VUS
NC_000017.11:31349155:C:G,NF1,LP
NC_000017.11:31349176:T:C,NF1,LP
NC_000017.11:31349248:C:T,NF1,VUS
NC_000017.11:31349250:G:A,NF1,VUS
NC_000017.11:31357293:A:G,NF1,LP
NC_000017.11:31358480:C:T,NF1,LP
NC_000017.11:31360535:C:A,NF1,LP
NC_000017.11:43045708:A:G,BRCA1,LP
NC_000017.11:43045711:T:C,BRCA1,LP
NC_000017.11:43045711:T:G,BRCA1,LP
NC_000017.11:43045712:A:G,BRCA1,LP
NC_000017.11:43045712:A:T,BRCA1,LP
NC_000017.11:43045742:C:G,BRCA1,LP
NC_000017.11:43045746:A:C,BRCA1,LP
NC_000017.11:43045747:C:A,BRCA1,LP
NC_000017.11:43045747:C:T,BRCA1,LP
NC_000017.11:43045748:T:G,BRCA1,LP
NC_000017.11:43045753:A:G,BRCA1,LP
NC_000017.11:43045756:A:C,BRCA1,LP
NC_000017.11:43045756:A:T,BRCA1,LP
NC_000017.11:43045758:C:A,BRCA1,LP
NC_000017.11:43045758:CC:AG,BRCA1,LP
NC_000017.11:43045758:C:G,BRCA1,LP
NC_000017.11:43045760:A:C,BRCA1,LP
NC_000017.11:43045760:A:T,BRCA1,LP
NC_000017.11:43045771:A:C,BRCA1,VUS
NC_000017.11:43045772:C:T,BRCA1,LP
NC_000017.11:43045781:C:A,BRCA1,LP
NC_000017.11:43045793:G:A,BRCA1,LP
NC_000017.11:43047642:C:A,BRCA1,LP
NC_000017.11:43047642:C:G,BRCA1,LP
NC_000017.11:43047642:C:T,BRCA1,LP
NC_000017.11:43047656:T:C,BRCA1,LP
NC_000017.11:43047660:C:A,BRCA1,LP
NC_000017.11:43047664:C:T,BRCA1,LP
NC_000017.11:43047675:G:C,BRCA1,LP
NC_000017.11:43047677:T:C,BRCA1,LP
NC_000017.11:43047677:T:G,BRCA1,LP
NC_000017.11:43047678:G:A,BRCA1,LP
NC_000017.11:43047678:G:T,BRCA1,VUS
NC_000017.11:43047683:A:T,BRCA1,LP
NC_000017.11:43047701:C:G,BRCA1,LP
NC_000017.11:43049160:G:A,BRCA1,LP
NC_000017.11:43049160:G:T,BRCA1,LP
NC_000017.11:43049163:CCACA:TCACT,BRCA1,LP
NC_000017.11:43049163:C:G,BRCA1,LP
NC_000017.11:43049164:C:A,BRCA1,LP
NC_000017.11:43049166:C:T,BRCA1,LP
NC_000017.11:43049175:A:T,BRCA1,LP
NC_000017.11:43049187:A:C,BRCA1,LP
NC_000017.11:43049187:A:G,BRCA1,LP
NC_000017.11:43049187:A:T,BRCA1,LP
NC_000017.11:43051062:C:T,BRCA1,LP
NC_000017.11:43051071:T:C,BRCA1,LP
NC_000017.11:43051085:C:A,BRCA1,LP
NC_000017.11:43051097:A:G,BRCA1,LP
NC_000017.11:43051097:A:T,BRCA1,LP
NC_000017.11:43051112:A:C,BRCA1,LP
NC_000017.11:43051112:A:G,BRCA1,LP
NC_000017.11:43057069:T:A,BRCA1,LP
NC_000017.11:43057069:T:G,BRCA1,LP
NC_000017.11:43057070:C:A,BRCA1,LP
NC_000017.11:43057071:T:C,BRCA1,LP
NC_000017.11:43057073:G:T,BRCA1,LP
NC_000017.11:43057074:C:G,BRCA1,LP
NC_000017.11:43057076:C:G,BRCA1,LP
NC_000017.11:43057077:G:C,BRCA1,LP
NC_000017.11:43057085:C:T,BRCA1,LP
NC_000017.11:43057086:C:A,BRCA1,LP
NC_000017.11:43057086:C:G,BRCA1,LP
NC_000017.11:43057092:G:C,BRCA1,LP
NC_000017.11:43057100:C:T,BRCA1,LP
NC_000017.11:43057111:A:C,BRCA1,LP
NC_000017.11:43057113:C:A,BRCA1,LP
NC_000017.11:43057113:C:G,BRCA1,LP
NC_000017.11:43057115:C:A,BRCA1,LP
NC_000017.11:43057115:C:T,BRCA1,LP
NC_000017.11:43057116:C:G,BRCA1,LP
NC_000017.11:43057121:A:C,BRCA1,LP
NC_000017.11:43057122:C:A,BRCA1,LP
NC_000017.11:43057127:A:G,BRCA1,VUS
NC_000017.11:43057128:A:T,BRCA1,LP
NC_000017.11:43063361:A:G,BRCA1,LP
NC_000017.11:43063369:A:C,BRCA1,LP
NC_000017.11:43063371:C:G,BRCA1,LP
NC_000017.11:43063372:C:T,BRCA1,LP
NC_000017.11:43063881:C:T,BRCA1,LP
NC_000017.11:43063882:T:A,BRCA1,LP
NC_000017.11:43063884:A:C,BRCA1,LP
NC_000017.11:43063885:C:A,BRCA1,LP
NC_000017.11:43063886:TA:CC,BRCA1,VUS
NC_000017.11:43063887:A:C,BRCA1,LP
NC_000017.11:43063888:C:A,BRCA1,LP
NC_000017.11:43063894:T:C,BRCA1,LP
NC_000017.11:43063908:C:A,BRCA1,LP
NC_000017.11:43063909:C:G,BRCA1,LP
NC_000017.11:43063909:C:T,BRCA1,LP
NC_000017.11:43063911:A:G,BRCA1,LP
NC_000017.11:43063918:A:C,BRCA1,LP
NC_000017.11:43063921:T:G,BRCA1,LP
NC_000017.11:43063927:T:C,BRCA1,LP
NC_000017.11:43063929:C:A,BRCA1,LP
NC_000017.11:43063935:C:A,BRCA1,LP
NC_000017.11:43063935:C:T,BRCA1,LP
NC_000017.11:43063942:A:C,BRCA1,LP
NC_000017.11:43063950:T:A,BRCA1,LP
NC_000017.11:43063950:T:G,BRCA1,LP
NC_000017.11:43067607:C:A,BRCA1,LP
NC_000017.11:43067607:C:G,BRCA1,LP
NC_000017.11:43067607:C:T,BRCA1,LP
NC_000017.11:43067609:G:C,BRCA1,LP
NC_000017.11:43067609:G:T,BRCA1,LP
NC_000017.11:43067615:A:T,BRCA1,LP
NC_000017.11:43067619:C:A,BRCA1,LP
NC_000017.11:43067621:A:C,BRCA1,LP
NC_000017.11:43067625:G:A,BRCA1,LP
NC_000017.11:43067625:G:C,BRCA1,LP
NC_000017.11:43067636:T:A,BRCA1,VUS
NC_000017.11:43067693:A:C,BRCA1,LP
NC_000017.11:43070950:A:G,BRCA1,LP
NC_000017.11:43070955:A:T,BRCA1,LP
NC_000017.11:43074330:C:G,BRCA1,LP
NC_000017.11:43074330:C:T,BRCA1,LP
NC_000017.11:43076487:C:G,BRCA1,LP
NC_000017.11:43076487:C:T,BRCA1,LP
NC_000017.11:43082439:C:T,BRCA1,LP
NC_000017.11:43082536:C:G,BRCA1,LP
NC_000017.11:43090943:C:G,BRCA1,LP
NC_000017.11:43094577:T:A,BRCA1,LP
NC_000017.11:43104259:A:C,BRCA1,LP
NC_000017.11:43104259:A:T,BRCA1,LP
NC_000017.11:43104259:AT:TC,BRCA1,LP
NC_000017.11:43104881:T:A,BRCA1,LP
NC_000017.11:43104881:T:C,BRCA1,LP
NC_000017.11:43104881:T:G,BRCA1,LP
NC_000017.11:43104884:A:G,BRCA1,LP
NC_000017.11:43106455:C:A,BRCA1,LP
NC_000017.11:43106455:C:G,BRCA1,LP
NC_000017.11:43106456:T:A,BRCA1,LP
NC_000017.11:43106456:T:C,BRCA1,LP
NC_000017.11:43106475:A:C,BRCA1,LP
NC_000017.11:43106476:C:G,BRCA1,LP
NC_000017.11:43106477:A:G,BRCA1,LP
NC_000017.11:43106477:A:T,BRCA1,LP
NC_000017.11:43106485:C:T,BRCA1,LP
NC_000017.11:43106486:A:G,BRCA1,LP
NC_000017.11:43106486:A:T,BRCA1,LP
NC_000017.11:43106527:C:A,BRCA1,LP
NC_000017.11:43106527:C:T,BRCA1,LP
NC_000017.11:43106528:A:C,BRCA1,LP
NC_000017.11:43106528:A:G,BRCA1,LP
NC_000017.11:43106528:A:T,BRCA1,LP
NC_000017.11:43115727:GC:AG,BRCA1,VUS
NC_000017.11:43115727:G:C,BRCA1,LP
NC_000017.11:43115728:C:A,BRCA1,LP
NC_000017.11:43115728:C:G,BRCA1,LP
NC_000017.11:43115728:C:T,BRCA1,LP
NC_000017.11:43115729:A:G,BRCA1,LP
NC_000017.11:43115729:A:T,BRCA1,LP
NC_000017.11:43115737:T:A,BRCA1,LP
NC_000017.11:43115737:T:C,BRCA1,LP
NC_000017.11:43115738:G:A,BRCA1,LP
NC_000017.11:43115738:G:C,BRCA1,LP
NC_000017.11:43115738:G:T,BRCA1,LP
NC_000017.11:43115742:A:C,BRCA1,LP
NC_000017.11:43115743:C:A,BRCA1,LP
NC_000017.11:43115743:C:T,BRCA1,LP
NC_000017.11:43115744:A:C,BRCA1,LP
NC_000017.11:43115744:A:G,BRCA1,LP
NC_000017.11:43115744:A:T,BRCA1,LP
NC_000017.11:43115749:G:C,BRCA1,LP
NC_000017.11:43115749:G:T,BRCA1,LP
NC_000017.11:43115750:T:C,BRCA1,LP
NC_000017.11:43115755:A:G,BRCA1,LP
NC_000017.11:43115758:G:C,BRCA1,LP
NC_000017.11:43115778:A:C,BRCA1,VUS
NC_000017.11:43124016:C:A,BRCA1,LP
NC_000017.11:43124016:C:T,BRCA1,LP
NC_000017.11:43124017:A:C,BRCA1,VUS
NC_000017.11:43124017:A:G,BRCA1,VUS
NC_000017.11:43124019:A:T,BRCA1,LP
NC_000017.11:43124022:G:A,BRCA1,LP
NC_000017.11:43124024:A:C,BRCA1,LP
NC_000017.11:43124025:C:G,BRCA1,LP
NC_000017.11:43124025:C:T,BRCA1,LP
NC_000017.11:43124026:A:C,BRCA1,LP
NC_000017.11:43124026:A:G,BRCA1,LP
NC_000017.11:43124026:A:T,BRCA1,LP
NC_000017.11:43124043:A:C,BRCA1,LP
NC_000017.11:43124043:A:T,BRCA1,LP
NC_000017.11:43124093:C:A,BRCA1,LP
NC_000017.11:43124093:C:G,BRCA1,LP
NC_000017.11:43124093:C:T,BRCA1,LP
NC_000017.11:43124094:A:C,BRCA1,LP
NC_000017.11:43124094:A:G,BRCA1,LP
NC_000017.11:43124094:A:T,BRCA1,LP
NC_000017.11:43124095:T:C,BRCA1,LP
NC_000017.11:58695125:G:A,RAD51C,VUS
NC_000017.11:58695146:C:G,RAD51C,VUS
NC_000017.11:58695149:A:G,RAD51C,VUS
NC_000017.11:58695175:A:G,RAD51C,VUS
NC_000017.11:58695178:A:C,RAD51C,LP
NC_000017.11:58695179:C:T,RAD51C,VUS
NC_000017.11:58695188:G:C,RAD51C,LP
NC_000017.11:58695188:G:T,RAD51C,LP
NC_000017.11:58695189:G:C,RAD51C,LP
NC_000017.11:58696736:G:T,RAD51C,VUS
NC_000017.11:58696763:A:G,RAD51C,VUS
NC_000017.11:58696858:G:A,RAD51C,LP
NC_000017.11:58720811:G:C,RAD51C,VUS
NC_000017.11:58724098:A:G,RAD51C,LP
NC_000017.11:61743012:C:A,BRIP1,LP
NC_000017.11:61780853:A:C,BRIP1,VUS
NC_000017.11:61801347:C:G,BRIP1,LP
NC_000017.11:61808587:G:T,BRIP1,VUS
NC_000017.11:61808619:C:A,BRIP1,LP
NC_000017.11:61808619:C:G,BRIP1,LP
NC_000017.11:61808633:G:A,BRIP1,LP
NC_000017.11:61808657:T:C,BRIP1,LP
NC_000017.11:61849128:C:A,BRIP1,LP
NC_000017.11:65558306:A:C,AXIN2,LP
NC_000018.10:51065517:G:C,SMAD4,LP
NC_000018.10:51065518:A:T,SMAD4,LP
NC_000018.10:51065524:A:C,SMAD4,LP
NC_000018.10:51065547:C:G,SMAD4,LP
NC_000018.10:51065553:T:C,SMAD4,LP
NC_000018.10:51065553:T:G,SMAD4,LP
NC_000018.10:51065554:G:A,SMAD4,LP
NC_000018.10:51065557:T:G,SMAD4,LP
NC_000018.10:51065605:G:A,SMAD4,LP
NC_000018.10:51067026:T:G,SMAD4,LP
NC_000018.10:51067027:A:G,SMAD4,LP
NC_000018.10:51076686:C:T,SMAD4,LP
NC_000018.10:51078302:T:C,SMAD4,LP
NC_000018.10:51078330:G:A,SMAD4,LP
NC_000018.10:51078336:G:T,SMAD4,LP
NC_000018.10:51078379:G:T,SMAD4,LP
NC_000018.10:51078405:T:C,SMAD4,LP
NC_000019.10:1207033:A:G,STK11,VUS
NC_000019.10:1219342:T:C,STK11,LP
NC_000019.10:1219355:T:G,STK11,VUS
NC_000019.10:1219367:T:C,STK11,LP
NC_000019.10:1219388:G:C,STK11,VUS
NC_000019.10:1220394:G:C,STK11,LP
NC_000019.10:1220433:G:C,STK11,VUS
NC_000019.10:1220434:A:G,STK11,LP
NC_000019.10:1220437:T:A,STK11,LP
NC_000019.10:1220443:C:A,STK11,VUS
NC_000019.10:1220443:C:G,STK11,VUS
NC_000019.10:1220448:AAC:GAA,STK11,LP
NC_000019.10:1220448:A:G,STK11,LP
NC_000019.10:1220449:A:C,STK11,VUS
NC_000019.10:1220449:A:G,STK11,LP
NC_000019.10:1220450:C:A,STK11,LP
NC_000019.10:1220450:C:G,STK11,LP
NC_000019.10:1220489:C:A,STK11,LP
NC_000019.10:1220489:C:G,STK11,LP
NC_000019.10:1220493:G:C,STK11,LP
NC_000019.10:1220691:G:C,STK11,LP
NC_000019.10:1220693:C:A,STK11,LP
NC_000019.10:1220699:G:T,STK11,LP
NC_000019.10:1220701:C:G,STK11,LP
NC_000019.10:1220706:G:A,STK11,LP
NC_000019.10:1220715:C:T,STK11,VUS
NC_000019.10:1221322:T:G,STK11,VUS
NC_000019.10:1221974:A:G,STK11,LP
NC_000019.10:1221976:G:T,STK11,LP
NC_000019.10:1221995:C:T,STK11,LP
NC_000019.10:1221996:G:C,STK11,LP
NC_000019.10:1221999:A:C,STK11,VUS
NC_000019.10:1222001:C:T,STK11,LP
NC_000019.10:1222985:T:G,STK11,VUS
NC_000019.10:1222986:G:T,STK11,LP
NC_000019.10:1222987:G:T,STK11,LP
NC_000019.10:45352225:C:T,ERCC2,LP
NC_000019.10:45352273:T:G,ERCC2,LP
NC_000019.10:45352528:C:G,ERCC2,VUS
NC_000019.10:45352555:G:A,ERCC2,LP
NC_000019.10:45352564:A:G,ERCC2,LP
NC_000019.10:45352578:C:T,ERCC2,LP
NC_000019.10:45352579:G:C,ERCC2,LP
NC_000019.10:45352645:G:A,ERCC2,LP
NC_000019.10:45354758:C:T,ERCC2,LP
NC_000019.10:45354771:G:C,ERCC2,VUS
NC_000019.10:45355675:C:T,ERCC2,LP
NC_000019.10:45369113:C:T,ERCC2,LP
NC_000019.10:50406454:A:C,POLD1,VUS
NC_000019.10:50417841:C:G,POLD1,LP
NC_000002.12:47369505:A:G,EPCAM,LP
NC_000002.12:47369507:G:C,EPCAM,VUS
NC_000002.12:47373929:G:A,EPCAM,LP
NC_000002.12:47403401:G:A,MSH2,LP
NC_000002.12:47403401:G:C,MSH2,LP
NC_000002.12:47403401:G:T,MSH2,VUS
NC_000002.12:47410171:G:C,MSH2,VUS
NC_000002.12:47410216:G:C,MSH2,LP
NC_000002.12:47410216:G:T,MSH2,LP
NC_000002.12:47410217:G:A,MSH2,LP
NC_000002.12:47410244:T:G,MSH2,LP
NC_000002.12:47410286:T:A,MSH2,VUS
NC_000002.12:47410295:T:C,MSH2,LP
NC_000002.12:47410298:T:G,MSH2,VUS
NC_000002.12:47410319:A:C,MSH2,VUS
NC_000002.12:47410322:G:A,MSH2,LP
NC_000002.12:47410323:T:G,MSH2,LP
NC_000002.12:47410325:T:A,MSH2,LP
NC_000002.12:47414284:T:C,MSH2,LP
NC_000002.12:47414284:T:G,MSH2,VUS
NC_000002.12:47414404:T:C,MSH2,LP
NC_000002.12:47414404:T:G,MSH2,LP
NC_000002.12:47414417:G:T,MSH2,LP
NC_000002.12:47416341:T:C,MSH2,LP
NC_000002.12:47416341:T:G,MSH2,VUS
NC_000002.12:47416349:T:C,MSH2,LP
NC_000002.12:47416350:G:T,MSH2,LP
NC_000002.12:47416351:T:G,MSH2,LP
NC_000002.12:47416355:A:C,MSH2,LP
NC_000002.12:47416364:G:A,MSH2,LP
NC_000002.12:47416364:G:C,MSH2,LP
NC_000002.12:47416365:GA:AT,MSH2,VUS
NC_000002.12:47416365:G:A,MSH2,LP
NC_000002.12:47416374:T:C,MSH2,LP
NC_000002.12:47416385:T:C,MSH2,VUS
NC_000002.12:47416396:GC:CT,MSH2,VUS
NC_000002.12:47416397:C:A,MSH2,LP
NC_000002.12:47416397:C:T,MSH2,LP
NC_000002.12:47416398:C:A,MSH2,VUS
NC_000002.12:47416398:C:G,MSH2,LP
NC_000002.12:47416398:CT:GC,MSH2,LP
NC_000002.12:47416419:T:G,MSH2,LP
NC_000002.12:47416427:A:G,MSH2,VUS
NC_000002.12:47416428:G:C,MSH2,LP
NC_000002.12:47416428:G:T,MSH2,LP
NC_000002.12:47429741:A:T,MSH2,LP
NC_000002.12:47429896:T:G,MSH2,VUS
NC_000002.12:47429905:T:C,MSH2,LP
NC_000002.12:47429940:G:A,MSH2,LP
NC_000002.12:47445589:T:C,MSH2,LP
NC_000002.12:47445589:T:G,MSH2,LP
NC_000002.12:47445628:T:A,MSH2,LP
NC_000002.12:47445631:T:A,MSH2,VUS
NC_000002.12:47463076:T:G,MSH2,VUS
NC_000002.12:47466714:T:C,MSH2,LP
NC_000002.12:47466806:A:G,MSH2,LP
NC_000002.12:47466806:A:T,MSH2,LP
NC_000002.12:47466807:G:A,MSH2,LP
NC_000002.12:47466807:G:C,MSH2,LP
NC_000002.12:47466807:G:T,MSH2,LP
NC_000002.12:47470969:T:C,MSH2,LP
NC_000002.12:47470969:T:G,MSH2,LP
NC_000002.12:47471061:G:A,MSH2,LP
NC_000002.12:47471061:G:C,MSH2,LP
NC_000002.12:47471061:G:T,MSH2,LP
NC_000002.12:47475048:T:G,MSH2,LP
NC_000002.12:47475063:C:A,MSH2,VUS
NC_000002.12:47475071:G:T,MSH2,LP
NC_000002.12:47475072:A:G,MSH2,LP
NC_000002.12:47475072:A:T,MSH2,LP
NC_000002.12:47475075:C:A,MSH2,LP
NC_000002.12:47475093:A:C,MSH2,VUS
NC_000002.12:47475126:G:T,MSH2,LP
NC_000002.12:47475128:C:A,MSH2,LP
NC_000002.12:47475129:C:A,MSH2,LP
NC_000002.12:47475129:C:G,MSH2,LP
NC_000002.12:47475219:C:A,MSH2,LP
NC_000002.12:47475243:A:G,MSH2,LP
NC_000002.12:47475270:G:A,MSH2,LP
NC_000002.12:47475270:G:C,MSH2,LP
NC_000002.12:47475270:G:T,MSH2,LP
NC_000002.12:47476366:GC:TT,MSH2,VUS
NC_000002.12:47476366:G:T,MSH2,LP
NC_000002.12:47476372:A:T,MSH2,LP
NC_000002.12:47476380:G:A,MSH2,LP
NC_000002.12:47476381:G:A,MSH2,LP
NC_000002.12:47476381:G:T,MSH2,LP
NC_000002.12:47476387:C:T,MSH2,LP
NC_000002.12:47476390:C:G,MSH2,LP
NC_000002.12:47476399:G:C,MSH2,LP
NC_000002.12:47476402:AAAC:CAAT,MSH2,VUS
NC_000002.12:47476407:G:A,MSH2,LP
NC_000002.12:47476407:G:C,MSH2,LP
NC_000002.12:47476414:T:G,MSH2,LP
NC_000002.12:47476420:T:C,MSH2,LP
NC_000002.12:47476420:T:G,MSH2,VUS
NC_000002.12:47476422:A:G,MSH2,LP
NC_000002.12:47476423:T:G,MSH2,LP
NC_000002.12:47476425:G:C,MSH2,LP
NC_000002.12:47476434:G:A,MSH2,LP
NC_000002.12:47476434:G:T,MSH2,LP
NC_000002.12:47476435:G:T,MSH2,LP
NC_000002.12:47476438:G:A,MSH2,LP
NC_000002.12:47476440:T:A,MSH2,LP
NC_000002.12:47476441:T:C,MSH2,LP
NC_000002.12:47476443:G:A,MSH2,LP
NC_000002.12:47476447:C:A,MSH2,LP
NC_000002.12:47476447:C:G,MSH2,LP
NC_000002.12:47476450:G:A,MSH2,LP
NC_000002.12:47476451:T:G,MSH2,VUS
NC_000002.12:47476459:C:A,MSH2,LP
NC_000002.12:47476483:T:A,MSH2,LP
NC_000002.12:47476492:G:C,MSH2,LP
NC_000002.12:47476554:A:C,MSH2,LP
NC_000002.12:47476570:G:A,MSH2,LP
NC_000002.12:47478306:A:G,MSH2,VUS
NC_000002.12:47478311:G:A,MSH2,LP
NC_000002.12:47478311:G:C,MSH2,LP
NC_000002.12:47478341:G:A,MSH2,LP
NC_000002.12:47478341:G:C,MSH2,LP
NC_000002.12:47478347:G:C,MSH2,LP
NC_000002.12:47478380:A:G,MSH2,LP
NC_000002.12:47478420:T:G,MSH2,LP
NC_000002.12:47478462:A:C,MSH2,LP
NC_000002.12:47480871:G:A,MSH2,LP
NC_000002.12:47480871:G:T,MSH2,LP
NC_000002.12:47480872:T:A,MSH2,LP
NC_000002.12:47480872:T:C,MSH2,LP
NC_000002.12:47480872:T:G,MSH2,LP
NC_000002.12:47783233:A:G,MSH6,LP
NC_000002.12:47783234:T:C,MSH6,VUS
NC_000002.12:47783235:G:C,MSH6,LP
NC_000002.12:47783235:G:T,MSH6,LP
NC_000002.12:47783315:C:G,MSH6,VUS
NC_000002.12:47783381:G:A,MSH6,VUS
NC_000002.12:47783382:G:A,MSH6,VUS
NC_000002.12:47783411:T:A,MSH6,LP
NC_000002.12:47783426:C:A,MSH6,VUS
NC_000002.12:47783426:C:G,MSH6,LP
NC_000002.12:47783468:C:A,MSH6,LP
NC_000002.12:47783470:G:A,MSH6,LP
NC_000002.12:47791122:G:A,MSH6,LP
NC_000002.12:47791123:G:A,MSH6,LP
NC_000002.12:47791123:G:T,MSH6,LP
NC_000002.12:47799082:A:G,MSH6,LP
NC_000002.12:47799091:T:C,MSH6,LP
NC_000002.12:47799175:T:A,MSH6,LP
NC_000002.12:47799219:T:C,MSH6,LP
NC_000002.12:47799220:G:C,MSH6,VUS
NC_000002.12:47799220:G:T,MSH6,VUS
NC_000002.12:47799221:G:C,MSH6,LP
NC_000002.12:47799234:T:C,MSH6,LP
NC_000002.12:47799276:T:C,MSH6,LP
NC_000002.12:47799277:T:A,MSH6,VUS
NC_000002.12:47799277:T:C,MSH6,LP
NC_000002.12:47799298:A:G,MSH6,LP
NC_000002.12:47799354:C:A,MSH6,LP
NC_000002.12:47799421:T:A,MSH6,LP
NC_000002.12:47799427:G:C,MSH6,LP
NC_000002.12:47799603:A:C,MSH6,LP
NC_000002.12:47799736:TA:CT,MSH6,VUS
NC_000002.12:47800039:G:A,MSH6,LP
NC_000002.12:47800062:T:C,MSH6,LP
NC_000002.12:47800099:T:C,MSH6,LP
NC_000002.12:47800216:T:A,MSH6,LP
NC_000002.12:47800258:T:C,MSH6,LP
NC_000002.12:47800281:A:C,MSH6,LP
NC_000002.12:47800282:C:T,MSH6,LP
NC_000002.12:47800290:G:T,MSH6,LP
NC_000002.12:47800315:T:C,MSH6,LP
NC_000002.12:47800323:C:T,MSH6,LP
NC_000002.12:47800324:C:T,MSH6,LP
NC_000002.12:47800541:G:C,MSH6,LP
NC_000002.12:47800541:G:T,MSH6,LP
NC_000002.12:47800882:T:A,MSH6,VUS
NC_000002.12:47800887:T:C,MSH6,LP
NC_000002.12:47800888:A:G,MSH6,LP
NC_000002.12:47801145:G:C,MSH6,LP
NC_000002.12:47801154:G:C,MSH6,LP
NC_000002.12:47801154:G:T,MSH6,LP
NC_000002.12:47803434:T:G,MSH6,LP
NC_000002.12:47803472:C:G,MSH6,LP
NC_000002.12:47803654:T:G,MSH6,VUS
NC_000002.12:47803658:G:T,MSH6,VUS
NC_000002.12:47803677:T:G,MSH6,LP
NC_000002.12:47803684:G:C,MSH6,LP
NC_000002.12:47803684:G:T,MSH6,LP
NC_000002.12:47804922:C:A,MSH6,LP
NC_000002.12:47804931:C:A,MSH6,LP
NC_000002.12:47804934:A:G,MSH6,LP
NC_000002.12:47804939:G:A,MSH6,LP
NC_000002.12:47804939:G:T,MSH6,LP
NC_000002.12:47805638:A:T,MSH6,LP
NC_000002.12:47805652:G:C,MSH6,VUS
NC_000002.12:47805691:C:T,MSH6,LP
NC_000002.12:47805692:T:C,MSH6,LP
NC_000002.12:47805692:T:G,MSH6,VUS
NC_000002.12:47806280:C:G,MSH6,LP
NC_000002.12:47806510:T:A,MSH6,VUS
NC_000002.12:47806543:T:A,MSH6,VUS
NC_000002.12:47806580:G:T,MSH6,VUS
NC_000002.12:47806650:G:A,MSH6,LP
NC_000002.12:47806650:G:C,MSH6,LP
NC_000002.12:47806650:G:T,MSH6,LP
NC_000002.12:47808154:G:A,MSH6,VUS
NC_000002.12:47808169:G:T,MSH6,VUS
NC_000002.12:47808172:T:A,MSH6,LP
NC_000002.12:47808172:T:C,MSH6,LP
NC_000002.12:47808173:C:A,MSH6,VUS
NC_000002.12:47808226:G:T,MSH6,LP
NC_000002.12:47808235:T:A,MSH6,VUS
NC_000002.12:47808379:C:T,MSH6,LP
NC_000002.12:127292614:T:C,ERCC3,LP
NC_000002.12:214730507:C:T,BARD1,LP
NC_000002.12:214780559:C:A,BARD1,LP
NC_000002.12:214797063:C:T,BARD1,LP
NC_000022.11:28695866:C:G,CHEK2,LP
NC_000022.11:28719394:C:G,CHEK2,VUS
NC_000022.11:28725069:C:G,CHEK2,LP
NC_000022.11:28725340:C:T,CHEK2,LP
NC_000022.11:29604110:A:C,NF2,VUS
NC_000022.11:29636826:T:C,NF2,VUS
NC_000022.11:29642259:T:C,NF2,LP
NC_000022.11:29658243:G:A,NF2,LP
NC_000022.11:29658246:A:T,NF2,LP
NC_000022.11:29673338:T:C,NF2,LP
NC_000022.11:29681488:T:A,NF2,VUS
NC_000003.12:10142007:T:G,VHL,VUS
NC_000003.12:10142008:G:A,VHL,LP
NC_000003.12:10142034:T:G,VHL,LP
NC_000003.12:10142036:C:A,VHL,LP
NC_000003.12:10142039:T:A,VHL,LP
NC_000003.12:10142039:T:C,VHL,LP
NC_000003.12:10142048:T:C,VHL,VUS
NC_000003.12:10142054:G:C,VHL,LP
NC_000003.12:10142060:T:C,VHL,LP
NC_000003.12:10142066:G:T,VHL,VUS
NC_000003.12:10142070:T:G,VHL,LP
NC_000003.12:10142072:T:A,VHL,LP
NC_000003.12:10142078:A:C,VHL,LP
NC_000003.12:10142078:A:G,VHL,LP
NC_000003.12:10142078:A:T,VHL,LP
NC_000003.12:10142079:A:T,VHL,LP
NC_000003.12:10142082:G:C,VHL,LP
NC_000003.12:10142084:A:C,VHL,LP
NC_000003.12:10142084:A:G,VHL,LP
NC_000003.12:10142085:G:A,VHL,LP
NC_000003.12:10142085:G:T,VHL,LP
NC_000003.12:10142086:T:A,VHL,LP
NC_000003.12:10142088:C:T,VHL,LP
NC_000003.12:10142090:C:G,VHL,LP
NC_000003.12:10142091:G:T,VHL,LP
NC_000003.12:10142096:G:A,VHL,LP
NC_000003.12:10142097:T:A,VHL,LP
NC_000003.12:10142108:T:A,VHL,LP
NC_000003.12:10142108:T:C,VHL,LP
NC_000003.12:10142110:G:C,VHL,LP
NC_000003.12:10142110:G:T,VHL,LP
NC_000003.12:10142115:A:T,VHL,LP
NC_000003.12:10142123:G:C,VHL,LP
NC_000003.12:10142124:G:A,VHL,LP
NC_000003.12:10142124:GC:TT,VHL,LP
NC_000003.12:10142137:CT:AC,VHL,VUS
NC_000003.12:10142138:T:A,VHL,LP
NC_000003.12:10142139:A:C,VHL,LP
NC_000003.12:10142139:A:G,VHL,LP
NC_000003.12:10142148:T:A,VHL,LP
NC_000003.12:10142148:T:C,VHL,LP
NC_000003.12:10142148:T:G,VHL,VUS
NC_000003.12:10142159:A:C,VHL,LP
NC_000003.12:10142165:C:A,VHL,VUS
NC_000003.12:10142166:G:A,VHL,LP
NC_000003.12:10142176:CA:TT,VHL,VUS
NC_000003.12:10142177:A:C,VHL,VUS
NC_000003.12:10142177:A:G,VHL,LP
NC_000003.12:10142177:A:T,VHL,LP
NC_000003.12:10142186:G:A,VHL,LP
NC_000003.12:10142186:G:C,VHL,LP
NC_000003.12:10146513:G:T,VHL,VUS
NC_000003.12:10146515:C:T,VHL,LP
NC_000003.12:10146516:A:C,VHL,LP
NC_000003.12:10146516:A:G,VHL,LP
NC_000003.12:10146517:C:A,VHL,LP
NC_000003.12:10146521:T:C,VHL,VUS
NC_000003.12:10146521:T:G,VHL,LP
NC_000003.12:10146522:G:C,VHL,LP
NC_000003.12:10146525:T:C,VHL,LP
NC_000003.12:10146525:T:G,VHL,LP
NC_000003.12:10146527:T:C,VHL,LP
NC_000003.12:10146529:C:A,VHL,LP
NC_000003.12:10146529:C:G,VHL,LP
NC_000003.12:10146530:A:G,VHL,LP
NC_000003.12:10146531:G:A,VHL,VUS
NC_000003.12:10146533:G:A,VHL,LP
NC_000003.12:10146534:A:T,VHL,LP
NC_000003.12:10146543:C:T,VHL,LP
NC_000003.12:10146546:A:C,VHL,LP
NC_000003.12:10146553:GC:TT,VHL,LP
NC_000003.12:10146555:T:C,VHL,LP
NC_000003.12:10146560:G:T,VHL,LP
NC_000003.12:10146563:A:T,VHL,LP
NC_000003.12:10146564:A:G,VHL,LP
NC_000003.12:10146565:C:A,VHL,LP
NC_000003.12:10146567:A:C,VHL,LP
NC_000003.12:10146569:A:C,VHL,LP
NC_000003.12:10146578:T:G,VHL,VUS
NC_000003.12:10146579:T:C,VHL,LP
NC_000003.12:10146617:G:C,VHL,LP
NC_000003.12:10146617:G:T,VHL,LP
NC_000003.12:10146618:C:T,VHL,LP
NC_000003.12:10146624:T:C,VHL,LP
NC_000003.12:10146624:T:G,VHL,LP
NC_000003.12:10146630:T:A,VHL,LP
NC_000003.12:10146632:C:A,VHL,LP
NC_000003.12:10146632:C:G,VHL,LP
NC_000003.12:10146632:C:T,VHL,LP
NC_000003.12:10146633:C:T,VHL,LP
NC_000003.12:10146635:G:A,VHL,LP
NC_000003.12:10146635:G:T,VHL,LP
NC_000003.12:10149786:T:G,VHL,LP
NC_000003.12:10149794:C:G,VHL,LP
NC_000003.12:10149797:A:G,VHL,LP
NC_000003.12:10149801:A:T,VHL,LP
NC_000003.12:10149803:C:G,VHL,LP
NC_000003.12:10149804:G:C,VHL,LP
NC_000003.12:10149806:T:C,VHL,LP
NC_000003.12:10149807:G:C,VHL,VUS
NC_000003.12:10149807:GC:TT,VHL,VUS
NC_000003.12:10149810:T:G,VHL,LP
NC_000003.12:10149814:G:C,VHL,LP
NC_000003.12:10149814:G:T,VHL,LP
NC_000003.12:10149819:T:A,VHL,LP
NC_000003.12:10149819:T:C,VHL,LP
NC_000003.12:10149822:G:C,VHL,LP
NC_000003.12:10149822:G:T,VHL,LP
NC_000003.12:10149830:G:C,VHL,LP
NC_000003.12:10149831:T:A,VHL,LP
NC_000003.12:10149831:T:C,VHL,LP
NC_000003.12:10149845:T:A,VHL,VUS
NC_000003.12:10149846:A:G,VHL,LP
NC_000003.12:10149855:T:A,VHL,LP
NC_000003.12:10149855:T:C,VHL,LP
NC_000003.12:10149855:T:G,VHL,LP
NC_000003.12:10149873:T:C,VHL,LP
NC_000003.12:10149885:T:A,VHL,LP
NC_000003.12:10149885:T:C,VHL,LP
NC_000003.12:10149885:T:G,VHL,LP
NC_000003.12:10149911:G:A,VHL,LP
NC_000003.12:10149915:T:A,VHL,LP
NC_000003.12:10149915:T:C,VHL,LP
NC_000003.12:10149921:G:C,VHL,VUS
NC_000003.12:10149921:G:T,VHL,LP
NC_000003.12:10149924:T:C,VHL,LP
NC_000003.12:14156434:G:C,XPC,LP
NC_000003.12:14158128:T:C,XPC,LP
NC_000003.12:14178566:A:C,LSM3,LP
NC_000003.12:14178566:A:G,LSM3,LP
NC_000003.12:14178566:A:T,LSM3,VUS
NC_000003.12:14178567:T:A,LSM3,LP
NC_000003.12:36993547:A:C,EPM2AIP1,LP
NC_000003.12:36993547:A:G,EPM2AIP1,LP
NC_000003.12:36993547:A:T,EPM2AIP1,LP
NC_000003.12:36993548:T:A,EPM2AIP1,LP
NC_000003.12:36993548:T:C,EPM2AIP1,LP
NC_000003.12:36993548:T:G,EPM2AIP1,LP
NC_000003.12:36993549:G:A,EPM2AIP1,LP
NC_000003.12:36993549:G:T,EPM2AIP1,LP
NC_000003.12:36993601:A:T,EPM2AIP1,LP
NC_000003.12:36993607:G:C,EPM2AIP1,LP
NC_000003.12:36993608:C:A,EPM2AIP1,LP
NC_000003.12:36993608:C:G,EPM2AIP1,VUS
NC_000003.12:36993608:C:T,EPM2AIP1,LP
NC_000003.12:36993615:A:C,EPM2AIP1,VUS
NC_000003.12:36993619:A:T,EPM2AIP1,LP
NC_000003.12:36993629:C:T,EPM2AIP1,LP
NC_000003.12:36993632:C:G,EPM2AIP1,LP
NC_000003.12:36993641:T:A,EPM2AIP1,LP
NC_000003.12:36993647:A:C,EPM2AIP1,LP
NC_000003.12:36993650:T:A,EPM2AIP1,LP
NC_000003.12:36993650:TG:AC,EPM2AIP1,LP
NC_000003.12:36993650:T:G,EPM2AIP1,LP
NC_000003.12:36993655:G:A,EPM2AIP1,LP
NC_000003.12:36993658:A:C,EPM2AIP1,LP
NC_000003.12:36993658:A:T,EPM2AIP1,LP
NC_000003.12:36993659:A:G,EPM2AIP1,LP
NC_000003.12:36993660:C:A,EPM2AIP1,LP
NC_000003.12:36993660:C:G,EPM2AIP1,LP
NC_000003.12:36996622:G:A,EPM2AIP1,LP
NC_000003.12:36996622:G:C,EPM2AIP1,LP
NC_000003.12:36996622:G:T,EPM2AIP1,VUS
NC_000003.12:36996623:A:G,EPM2AIP1,LP
NC_000003.12:36996623:A:T,EPM2AIP1,LP
NC_000003.12:36996632:C:A,EPM2AIP1,LP
NC_000003.12:36996632:CC:TT,EPM2AIP1,LP
NC_000003.12:36996632:C:T,EPM2AIP1,LP
NC_000003.12:36996644:A:C,EPM2AIP1,LP
NC_000003.12:36996647:T:A,EPM2AIP1,LP
NC_000003.12:36996653:T:A,EPM2AIP1,LP
NC_000003.12:36996688:G:A,EPM2AIP1,LP
NC_000003.12:36996688:G:C,EPM2AIP1,LP
NC_000003.12:36996689:A:T,EPM2AIP1,LP
NC_000003.12:36996690:C:A,EPM2AIP1,LP
NC_000003.12:36996694:G:A,EPM2AIP1,LP
NC_000003.12:36996694:G:C,EPM2AIP1,LP
NC_000003.12:36996694:G:T,EPM2AIP1,VUS
NC_000003.12:36996695:G:A,EPM2AIP1,LP
NC_000003.12:36996700:G:A,EPM2AIP1,LP
NC_000003.12:36996700:G:C,EPM2AIP1,LP
NC_000003.12:36996700:G:T,EPM2AIP1,LP
NC_000003.12:36996701:G:A,EPM2AIP1,LP
NC_000003.12:36996704:T:A,EPM2AIP1,LP
NC_000003.12:36996704:T:G,EPM2AIP1,LP
NC_000003.12:37000964:T:G,MLH1,LP
NC_000003.12:37000984:T:A,MLH1,LP
NC_000003.12:37000990:A:G,MLH1,LP
NC_000003.12:37000991:C:T,MLH1,LP
NC_000003.12:37000996:A:C,MLH1,VUS
NC_000003.12:37001000:T:C,MLH1,VUS
NC_000003.12:37001038:GG:TT,MLH1,LP
NC_000003.12:37001042:T:C,MLH1,VUS
NC_000003.12:37001045:G:C,MLH1,LP
NC_000003.12:37001047:G:C,MLH1,LP
NC_000003.12:37001047:G:T,MLH1,VUS
NC_000003.12:37001052:G:C,MLH1,LP
NC_000003.12:37004413:T:A,MLH1,LP
NC_000003.12:37004424:G:T,MLH1,LP
NC_000003.12:37004425:C:A,MLH1,VUS
NC_000003.12:37004443:C:A,MLH1,LP
NC_000003.12:37004448:A:G,MLH1,LP
NC_000003.12:37004467:C:A,MLH1,LP
NC_000003.12:37004473:G:A,MLH1,LP
NC_000003.12:37004473:G:C,MLH1,LP
NC_000003.12:37004473:G:T,MLH1,LP
NC_000003.12:37006997:T:A,MLH1,VUS
NC_000003.12:37006997:T:C,MLH1,LP
NC_000003.12:37006998:A:C,MLH1,VUS
NC_000003.12:37007049:G:A,MLH1,LP
NC_000003.12:37008873:G:A,MLH1,LP
NC_000003.12:37011854:T:G,MLH1,LP
NC_000003.12:37012098:G:A,MLH1,LP
NC_000003.12:37014483:G:C,MLH1,VUS
NC_000003.12:37017507:C:G,MLH1,LP
NC_000003.12:37017507:CG:GT,MLH1,LP
NC_000003.12:37017508:G:C,MLH1,LP
NC_000003.12:37017541:T:G,MLH1,LP
NC_000003.12:37017556:C:T,MLH1,LP
NC_000003.12:37017597:A:C,MLH1,LP
NC_000003.12:37017597:A:G,MLH1,LP
NC_000003.12:37017598:G:A,MLH1,LP
NC_000003.12:37017598:G:T,MLH1,LP
NC_000003.12:37020340:A:G,MLH1,LP
NC_000003.12:37020342:T:A,MLH1,LP
NC_000003.12:37020347:A:C,MLH1,LP
NC_000003.12:37020347:A:T,MLH1,VUS
NC_000003.12:37020355:A:G,MLH1,LP
NC_000003.12:37020356:A:G,MLH1,LP
NC_000003.12:37020356:A:T,MLH1,VUS
NC_000003.12:37020461:A:G,MLH1,LP
NC_000003.12:37020462:G:C,MLH1,LP
NC_000003.12:37020462:G:T,MLH1,LP
NC_000003.12:37040241:G:C,MLH1,VUS
NC_000003.12:37040274:C:T,MLH1,VUS
NC_000003.12:37040275:T:G,MLH1,VUS
NC_000003.12:37040280:A:C,MLH1,VUS
NC_000003.12:37040290:T:C,MLH1,LP
NC_000003.12:37040290:T:G,MLH1,LP
NC_000003.12:37040293:G:A,MLH1,LP
NC_000003.12:37040293:G:T,MLH1,LP
NC_000003.12:37042267:T:G,MLH1,LP
NC_000003.12:37042275:T:C,MLH1,LP
NC_000003.12:37042283:C:G,MLH1,VUS
NC_000003.12:37042314:G:T,MLH1,LP
NC_000003.12:37047531:T:A,MLH1,LP
NC_000003.12:37047531:TC:GT,MLH1,VUS
NC_000003.12:37047531:T:C,MLH1,LP
NC_000003.12:37047531:T:G,MLH1,VUS
NC_000003.12:37047543:C:A,MLH1,LP
NC_000003.12:37047630:T:C,MLH1,LP
NC_000003.12:37047651:T:C,MLH1,LP
NC_000003.12:37047651:T:G,MLH1,VUS
NC_000003.12:37047682:G:C,MLH1,LP
NC_000003.12:37047682:G:T,MLH1,VUS
NC_000003.12:37048525:CT:GG,MLH1,VUS
NC_000003.12:37048537:C:A,MLH1,LP
NC_000003.12:37048555:T:G,MLH1,VUS
NC_000003.12:37048561:C:A,MLH1,LP
NC_000003.12:37048562:C:A,MLH1,VUS
NC_000003.12:37048562:C:G,MLH1,LP
NC_000003.12:37048577:T:C,MLH1,LP
NC_000003.12:37048577:T:G,MLH1,LP
NC_000003.12:37048604:C:G,MLH1,VUS
NC_000003.12:37048608:G:C,MLH1,LP
NC_000003.12:37048608:G:T,MLH1,LP
NC_000003.12:37048940:T:G,MLH1,LP
NC_000003.12:37048951:T:C,MLH1,LP
NC_000003.12:37048954:G:C,MLH1,LP
NC_000003.12:37048955:C:T,MLH1,LP
NC_000003.12:37048960:T:G,MLH1,VUS
NC_000003.12:37048961:T:C,MLH1,LP
NC_000003.12:37048963:T:G,MLH1,LP
NC_000003.12:37049016:G:C,MLH1,LP
NC_000003.12:37050534:A:C,MLH1,LP
NC_000003.12:37050626:C:G,MLH1,VUS
NC_000003.12:37050639:T:C,MLH1,LP
NC_000003.12:37050644:A:G,MLH1,LP
NC_000003.12:37050646:G:T,MLH1,VUS
NC_000003.12:52402642:T:C,BAP1,VUS
NC_000003.12:52403240:C:G,BAP1,LP
NC_000003.12:52403436:G:C,BAP1,LP
NC_000003.12:52406348:G:T,BAP1,VUS
NC_000003.12:52406880:TC:AA,BAP1,LP
NC_000003.12:52406881:C:G,BAP1,LP
NC_000003.12:52406883:A:G,BAP1,LP
NC_000003.12:52406901:A:G,BAP1,VUS
NC_000003.12:52407214:A:G,BAP1,LP
NC_000003.12:52407246:G:C,BAP1,LP
NC_000003.12:52407398:C:G,BAP1,LP
NC_000003.12:52407414:G:A,BAP1,VUS
NC_000003.12:52407957:C:G,BAP1,VUS
NC_000003.12:52408057:G:A,BAP1,LP
NC_000003.12:52408060:C:G,BAP1,LP
NC_000003.12:52408552:C:G,BAP1,LP
NC_000003.12:52408582:A:G,BAP1,LP
NC_000003.12:52408595:C:T,BAP1,LP
NC_000003.12:52409844:G:C,BAP1,LP
NC_000003.12:52409844:G:T,BAP1,LP
NC_000003.12:52409847:C:G,BAP1,LP
NC_000003.12:52409850:T:C,BAP1,LP
NC_000003.12:52409875:C:G,BAP1,VUS
NC_000003.12:52409876:A:C,BAP1,VUS
NC_000003.12:52409876:A:G,BAP1,LP
NC_000003.12:52409877:T:A,BAP1,VUS
NC_000003.12:52409877:T:C,BAP1,VUS
NC_000003.12:69936722:A:G,MITF,LP
NC_000003.12:69941298:TT:CC,MITF,LP
NC_000003.12:69949081:A:G,MITF,LP
NC_000003.12:69951855:G:A,MITF,LP
NC_000003.12:69951858:A:G,MITF,LP
NC_000003.12:69951869:G:C,MITF,LP
NC_000003.12:69951876:C:G,MITF,VUS
NC_000003.12:69951877:A:G,MITF,LP
NC_000003.12:69951878:C:A,MITF,VUS
NC_000003.12:69951880:A:T,MITF,VUS
NC_000003.12:69951881:C:A,MITF,VUS
NC_000003.12:69951881:C:G,MITF,LP
NC_000003.12:69951883:T:C,MITF,LP
NC_000003.12:69956454:T:G,MITF,VUS
NC_000003.12:69956455:T:G,MITF,VUS
NC_000003.12:69956457:A:G,MITF,VUS
NC_000003.12:69956459:C:G,MITF,VUS
NC_000003.12:69956460:G:T,MITF,VUS
NC_000003.12:69956468:A:G,MITF,LP
NC_000003.12:69956469:G:A,MITF,VUS
NC_000003.12:69956478:T:C,MITF,VUS
NC_000003.12:69956482:T:A,MITF,VUS
NC_000003.12:69956499:T:G,MITF,VUS
NC_000003.12:69959291:G:A,MITF,LP
NC_000003.12:69959292:G:A,MITF,LP
NC_000003.12:69959309:T:C,MITF,LP
NC_000003.12:69959310:C:A,MITF,LP
NC_000005.10:80864941:G:A,MSH3,LP
NC_000005.10:112766409:G:A,APC,VUS
NC_000005.10:112767256:G:A,APC,LP
NC_000005.10:112775628:G:T,APC,LP
NC_000005.10:112815592:G:C,APC,LP
NC_000005.10:112827246:G:C,APC,LP
NC_000005.10:112828005:G:C,APC,LP
NC_000005.10:112828971:G:C,APC,LP
NC_000005.10:112828971:G:T,APC,VUS
NC_000005.10:112835115:G:A,APC,LP
NC_000005.10:112835163:A:G,APC,LP
NC_000005.10:112835164:G:A,APC,LP
NC_000005.10:112835164:G:C,APC,LP
NC_000005.10:112835164:G:T,APC,LP
NC_000005.10:112838629:T:A,APC,LP
NC_000005.10:112838670:A:G,APC,LP
NC_000005.10:112838676:G:A,APC,LP
NC_000005.10:112838676:G:T,APC,LP
NC_000005.10:112838677:T:A,APC,LP
NC_000005.10:112839018:A:T,APC,VUS
NC_000005.10:112843622:G:C,APC,VUS
NC_000006.12:43597775:A:C,POLH,LP
NC_000006.12:43603914:G:T,POLH,LP
NC_000007.14:5973456:G:T,RSPH10B,LP
NC_000007.14:5973459:C:G,RSPH10B,LP
NC_000007.14:5973486:A:G,RSPH10B,VUS
NC_000007.14:5977588:G:A,PMS2,LP
NC_000007.14:5977757:C:G,PMS2,LP
NC_000007.14:5977758:T:G,PMS2,LP
NC_000007.14:5982883:T:C,PMS2,VUS
NC_000007.14:5982902:C:G,PMS2,LP
NC_000007.14:5982958:C:T,PMS2,LP
NC_000007.14:5986762:T:C,PMS2,LP
NC_000007.14:5989799:C:G,PMS2,LP
NC_000007.14:5995533:C:A,PMS2,LP
NC_000007.14:5995533:C:G,PMS2,LP
NC_000007.14:5995624:C:A,PMS2,LP
NC_000007.14:5995625:C:G,PMS2,VUS
NC_000007.14:6002484:G:C,PMS2,LP
NC_000007.14:6002636:C:T,PMS2,LP
NC_000007.14:6002637:T:C,PMS2,LP
NC_000007.14:6003689:C:G,PMS2,LP
NC_000007.14:6003689:C:T,PMS2,LP
NC_000007.14:6003723:G:A,PMS2,LP
NC_000007.14:6003792:C:A,PMS2,LP
NC_000007.14:6003792:C:G,PMS2,LP
NC_000007.14:6003792:C:T,PMS2,VUS
NC_000007.14:6003980:C:A,PMS2,LP
NC_000007.14:6003989:C:A,PMS2,LP
NC_000007.14:6004000:C:A,PMS2,VUS
NC_000007.14:6004001:C:G,PMS2,LP
NC_000007.14:6004002:A:T,PMS2,LP
NC_000007.14:6004012:T:A,PMS2,LP
NC_000007.14:6004048:A:G,PMS2,LP
NC_000007.14:6005917:C:T,AIMP2,LP
NC_000007.14:6005920:T:G,AIMP2,LP
NC_000007.14:6009016:C:A,AIMP2,LP
NC_000007.14:6009016:C:G,AIMP2,LP
NC_000007.14:6009016:C:T,AIMP2,LP
NC_000007.14:6009017:A:C,AIMP2,LP
NC_000007.14:6009017:A:G,AIMP2,LP
NC_000007.14:6009017:A:T,AIMP2,LP
NC_000007.14:6009018:T:A,AIMP2,LP
NC_000007.14:6009018:T:G,AIMP2,LP
NC_000007.14:116777402:G:A,MET,LP
NC_000007.14:116777409:A:G,MET,LP
NC_000007.14:116778826:T:C,MET,LP
NC_000007.14:116778937:T:G,MET,VUS
NC_000007.14:116778952:C:T,MET,LP
NC_000007.14:116782026:G:T,MET,LP
NC_000007.14:116783328:G:A,MET,LP
NC_000007.14:116783352:G:A,MET,LP
NC_000007.14:116783371:A:G,MET,LP
NC_000007.14:116783401:A:G,MET,LP
NC_000007.14:116783419:T:C,MET,LP
NC_000007.14:116783420:G:A,MET,LP
NC_000008.11:89953514:T:C,NBN,LP
NC_000008.11:89958853:C:T,NBN,LP
NC_000008.11:89980758:A:G,NBN,VUS
NC_000009.12:21970901:C:A,CDKN2A,LP
NC_000009.12:21971017:G:C,CDKN2A,LP
NC_000009.12:21971024:G:C,CDKN2A,LP
NC_000009.12:21971028:C:T,CDKN2A,LP
NC_000009.12:21971062:C:G,CDKN2A,LP
NC_000009.12:21971077:A:G,CDKN2A,LP
NC_000009.12:21971096:C:A,CDKN2A,LP
NC_000009.12:21971099:G:A,CDKN2A,LP
NC_000009.12:21971107:T:A,CDKN2A,LP
NC_000009.12:21971107:T:G,CDKN2A,LP
NC_000009.12:21971116:G:A,CDKN2A,LP
NC_000009.12:21971120:G:A,CDKN2A,LP
NC_000009.12:21971145:G:T,CDKN2A,VUS
NC_000009.12:21971146:T:C,CDKN2A,LP
NC_000009.12:21971153:CC:AA,CDKN2A,LP
NC_000009.12:21971155:GC:AA,CDKN2A,LP
NC_000009.12:21971179:G:T,CDKN2A,LP
NC_000009.12:21971186:G:A,CDKN2A,LP
NC_000009.12:21971194:C:T,CDKN2A,LP
NC_000009.12:21971199:C:T,CDKN2A,LP
NC_000009.12:21971201:T:C,CDKN2A,LP
NC_000009.12:21974645:T:A,CDKN2A,VUS
NC_000009.12:21974675:A:C,CDKN2A,LP
NC_000009.12:21974675:A:G,CDKN2A,LP
NC_000009.12:21974676:C:T,CDKN2A,VUS
NC_000009.12:21974678:T:G,CDKN2A,LP
NC_000009.12:21974681:A:C,CDKN2A,LP
NC_000009.12:21974684:G:A,CDKN2A,LP
NC_000009.12:21974685:G:T,CDKN2A,LP
NC_000009.12:21974759:C:T,CDKN2A,LP
NC_000009.12:21974760:C:A,CDKN2A,LP
NC_000009.12:21974760:C:G,CDKN2A,LP
NC_000009.12:21974760:C:T,CDKN2A,LP
NC_000009.12:21974780:A:C,CDKN2A,LP
NC_000009.12:21994138:C:G,CDKN2B-AS1,LP
NC_000009.12:95107267:A:C,FANCC,VUS
NC_000009.12:95135484:G:A,FANCC,LP
NC_000009.12:95249288:C:A,FANCC,LP
NC_000009.12:95449890:C:G,PTCH1,VUS
NC_000009.12:95449890:C:T,PTCH1,LP
NC_000009.12:95449901:C:A,PTCH1,LP
NC_000009.12:95449902:C:G,PTCH1,LP
NC_000009.12:95449922:A:C,PTCH1,LP
NC_000009.12:95453486:A:G,PTCH1,LP
NC_000009.12:95453520:C:G,PTCH1,LP
NC_000009.12:95453520:C:T,PTCH1,LP
NC_000009.12:95453528:G:A,PTCH1,VUS
NC_000009.12:95453531:G:A,PTCH1,LP
NC_000009.12:95456304:C:G,PTCH1,VUS
NC_000009.12:95456304:C:T,PTCH1,LP
NC_000009.12:95456306:A:T,PTCH1,LP
NC_000009.12:95458118:T:C,PTCH1,VUS
NC_000009.12:95459709:C:G,PTCH1,LP
NC_000009.12:95459710:A:C,PTCH1,VUS
NC_000009.12:95467143:C:A,PTCH1,LP
NC_000009.12:95467143:C:G,PTCH1,LP
NC_000009.12:95467144:C:G,PTCH1,LP
NC_000009.12:95467145:A:G,PTCH1,LP
NC_000009.12:95467180:A:T,PTCH1,LP
NC_000009.12:95467210:A:G,PTCH1,LP
NC_000009.12:95467343:T:G,PTCH1,LP
NC_000009.12:95469881:G:C,PTCH1,LP
NC_000009.12:95476055:G:T,PTCH1,LP
NC_000009.12:95476101:T:G,PTCH1,LP
NC_000009.12:95476826:C:G,PTCH1,VUS
NC_000009.12:95476829:C:G,PTCH1,LP
NC_000009.12:95476834:C:A,PTCH1,LP
NC_000009.12:95476834:C:T,PTCH1,LP
NC_000009.12:95476835:C:G,PTCH1,LP
NC_000009.12:95476849:G:T,PTCH1,LP
NC_000009.12:95477547:T:C,PTCH1,LP
NC_000009.12:95477553:G:C,PTCH1,VUS
NC_000009.12:95477587:A:G,PTCH1,LP
NC_000009.12:95477589:A:C,PTCH1,LP
NC_000009.12:95477599:C:T,PTCH1,LP
NC_000009.12:95478076:A:T,PTCH1,LP
NC_000009.12:95480424:A:G,PTCH1,LP
NC_000009.12:95481985:C:T,PTCH1,LP
NC_000009.12:95482196:C:A,PTCH1,LP
NC_000009.12:95485684:C:T,PTCH1,LP
NC_000009.12:95485714:G:T,PTCH1,VUS
NC_000009.12:95506415:A:G,PTCH1,LP
NC_000009.12:95506529:C:G,PTCH1,LP
NC_000009.12:95508359:A:C,PTCH1,VUS
NC_000009.12:97689533:C:T,XPA,LP
NC_000009.12:97689544:A:C,XPA,LP
NC_000009.12:97693648:C:T,XPA,VUS
NC_000009.12:97697290:A:G,XPA,LP
NC_000009.12:97697290:ATCTCT:GTCTCC,XPA,VUS
NC_000009.12:97697291:TCTCT:ACTCC,XPA,VUS
NC_000009.12:132904410:C:T,TSC1,LP
NC_000009.12:132912281:C:G,TSC1,VUS
NC_000009.12:132921822:A:T,TSC1,LP
NC_000009.12:132921834:A:G,TSC1,LP
NC_000009.12:132921909:A:C,TSC1,LP
NC_000009.12:132921909:A:G,TSC1,LP
NC_000009.12:132921911:GC:AG,TSC1,LP
NC_000009.12:132921912:C:G,TSC1,LP
NC_000009.12:132921919:A:C,TSC1,VUS
NC_000009.12:132921939:T:G,TSC1,LP
NC_000009.12:132923373:A:G,TSC1,LP
NC_000009.12:132923467:T:G,TSC1,VUS
NC_000009.12:132925586:C:A,TSC1,LP
NC_000009.12:132925586:C:G,TSC1,LP
NC_000009.12:132925587:T:A,TSC1,LP
NC_000009.12:132925671:A:T,TSC1,LP
NC_000009.12:132927228:A:G,TSC1,LP
NC_000009.12:132927285:A:T,TSC1,LP
NC_000001.11:45329370:G:T,HPDL,LB
NC_000001.11:45329411:G:A,HPDL,LB
NC_000001.11:45331728:G:A,HPDL,LB
NC_000001.11:45331833:T:C,HPDL,LB
NC_000001.11:45333300:G:A,HPDL,LB
NC_000001.11:45334483:C:T,MUTYH,LB
NC_000001.11:45343309:G:A,TESK2,LB
NC_000001.11:45343547:C:T,TESK2,LB
NC_000001.11:241508670:C:T,FH,LB
NC_000001.11:241519645:G:A,FH,LB
NC_000001.11:241519669:G:A,FH,LB
NC_000002.12:47369509:C:T,EPCAM,LB
NC_000002.12:47373491:G:A,EPCAM,LB
NC_000002.12:47373536:G:A,EPCAM,LB
NC_000002.12:47373966:T:C,EPCAM,LB
NC_000002.12:47373967:G:C,EPCAM,LB
NC_000002.12:47375265:G:C,EPCAM,LB
NC_000002.12:47377036:C:T,EPCAM,LB
NC_000002.12:47379941:A:G,EPCAM,LB
NC_000002.12:47403194:G:A,MSH2,LB
NC_000002.12:47403213:C:T,MSH2,LB
NC_000002.12:47403324:C:T,MSH2,LB
NC_000002.12:47403328:C:G,MSH2,LB
NC_000002.12:47408475:G:A,MSH2,LB
NC_000002.12:47408492:G:A,MSH2,LB
NC_000002.12:47408505:G:A,MSH2,LB
NC_000002.12:47408513:A:G,MSH2,LB
NC_000002.12:47410106:A:G,MSH2,LB
NC_000002.12:47410225:G:C,MSH2,LB
NC_000002.12:47410231:A:G,MSH2,LB
NC_000002.12:47410319:A:G,MSH2,LB
NC_000002.12:47410356:G:A,MSH2,LB
NC_000002.12:47414290:C:T,MSH2,LB
NC_000002.12:47414314:T:C,MSH2,VUS
NC_000002.12:47414322:G:T,MSH2,LB
NC_000002.12:47416296:G:T,MSH2,LB
NC_000002.12:47416317:G:A,MSH2,LB
NC_000002.12:47429832:C:T,MSH2,LB
NC_000002.12:47429919:C:A,MSH2,LB
NC_000002.12:47470992:A:G,MSH2,LB
NC_000002.12:47471032:T:C,MSH2,LB
NC_000002.12:47475055:T:A,MSH2,VUS
NC_000002.12:47475150:A:G,MSH2,LB
NC_000002.12:47476461:G:A,MSH2,LB
NC_000002.12:47480736:G:A,MSH2,LB
NC_000002.12:47480815:C:T,MSH2,LB
NC_000002.12:47482857:C:G,MSH2,LB
NC_000002.12:47521601:G:A,KCNK12,LB
NC_000002.12:47783291:C:T,MSH6,LB
NC_000002.12:47783348:G:A,MSH6,LB
NC_000002.12:47783393:G:C,MSH6,LB
NC_000002.12:47783426:C:T,MSH6,LB
NC_000002.12:47791096:G:T,MSH6,LB
NC_000002.12:47795926:A:C,MSH6,LB
NC_000002.12:47798642:A:C,MSH6,LB
NC_000002.12:47799001:T:C,MSH6,LB
NC_000002.12:47799031:C:T,MSH6,LB
NC_000002.12:47799168:C:G,MSH6,LB
NC_000002.12:47799385:G:A,MSH6,LB
NC_000002.12:47799418:A:G,MSH6,LB
NC_000002.12:47799490:C:G,MSH6,LB
NC_000002.12:47799508:T:C,MSH6,LB
NC_000002.12:47800262:G:T,MSH6,VUS
NC_000002.12:47800380:G:C,MSH6,LB
NC_000002.12:47800615:T:C,MSH6,LB
NC_000002.12:47801142:A:T,MSH6,LB
NC_000002.12:47803463:C:T,MSH6,LB
NC_000002.12:47804958:A:T,MSH6,LB
NC_000002.12:47806560:G:A,MSH6,LB
NC_000002.12:47806635:C:T,MSH6,LB
NC_000002.12:47806790:G:A,MSH6,LB
NC_000002.12:47809221:T:C,MSH6,LB
NC_000002.12:47809254:T:C,MSH6,LB
NC_000002.12:127259401:G:A,ERCC3,LB
NC_000002.12:127286831:C:T,ERCC3,LB
NC_000002.12:214728797:T:C,BARD1,LB
NC_000002.12:214730439:G:A,BARD1,LB
NC_000002.12:214730478:A:G,BARD1,LB
NC_000002.12:214745793:C:T,BARD1,LB
NC_000002.12:214752453:C:G,BARD1,LB
NC_000002.12:214767530:C:T,BARD1,LB
NC_000002.12:214780739:C:G,BARD1,LB
NC_000002.12:214781151:G:C,BARD1,LB
NC_000002.12:214781253:T:C,BARD1,LB
NC_000002.12:214792407:C:A,BARD1,LB
NC_000002.12:214809499:G:A,BARD1,LB
NC_000002.12:214809525:C:A,BARD1,LB
NC_000003.12:10141920:C:T,VHL,LB
NC_000003.12:10141935:G:A,VHL,LB
NC_000003.12:10141965:C:T,VHL,LB
NC_000003.12:10142000:G:A,VHL,LB
NC_000003.12:10142087:C:T,VHL,LB
NC_000003.12:10142764:C:T,VHL,LB
NC_000003.12:10142807:T:C,VHL,LB
NC_000003.12:10142834:T:C,VHL,LB
NC_000003.12:10142887:G:T,VHL,LB
NC_000003.12:10142893:G:A,VHL,LB
NC_000003.12:10142899:C:T,VHL,LB
NC_000003.12:14145948:G:T,XPC,LB
NC_000003.12:14145981:T:G,XPC,LB
NC_000003.12:14152383:G:A,XPC,LB
NC_000003.12:14156470:G:A,XPC,LB
NC_000003.12:14158041:A:G,XPC,LB
NC_000003.12:14158343:C:G,XPC,LB
NC_000003.12:14158386:G:A,XPC,LB
NC_000003.12:14158407:C:T,XPC,LB
NC_000003.12:14158439:C:A,XPC,LB
NC_000003.12:14158881:G:T,XPC,LB
NC_000003.12:14158882:G:A,XPC,LB
NC_000003.12:14164834:C:T,XPC,LB
NC_000003.12:14164852:A:C,XPC,LB
NC_000003.12:14170517:T:A,XPC,LB
NC_000003.12:14173023:G:A,XPC,LB
NC_000003.12:14173060:A:T,XPC,LB
NC_000003.12:36993611:G:C,EPM2AIP1,LB
NC_000003.12:37007003:G:C,MLH1,LB
NC_000003.12:37012058:G:A,MLH1,LB
NC_000003.12:37012076:A:G,MLH1,LB
NC_000003.12:37017517:A:G,MLH1,LB
NC_000003.12:37017559:C:G,MLH1,LB
NC_000003.12:37020398:G:A,MLH1,LB
NC_000003.12:37020401:T:C,MLH1,LB
NC_000003.12:37025733:A:G,MLH1,LB
NC_000003.12:37025748:T:A,MLH1,LB
NC_000003.12:37025814:G:A,MLH1,LB
NC_000003.12:37025918:G:A,MLH1,LB
NC_000003.12:37040278:A:G,MLH1,LB
NC_000003.12:37047519:A:G,MLH1,LB
NC_000003.12:37047528:C:T,MLH1,LB
NC_000003.12:37047594:C:G,MLH1,LB
NC_000003.12:37047606:T:A,MLH1,LB
NC_000003.12:37047639:A:G,MLH1,LB
NC_000003.12:37047639:A:C,MLH1,LB
NC_000003.12:37048582:A:G,MLH1,LB
NC_000003.12:37048979:A:G,MLH1,LB
NC_000003.12:37049014:C:A,MLH1,LB
NC_000003.12:37050527:G:A,MLH1,LB
NC_000003.12:37050533:C:T,MLH1,LB
NC_000003.12:37050633:A:G,MLH1,LB
NC_000003.12:52403189:G:A,BAP1,LB
NC_000003.12:52403717:A:G,BAP1,LB
NC_000003.12:52403876:G:T,BAP1,LB
NC_000003.12:52405790:G:A,BAP1,LB
NC_000003.12:52405826:T:C,BAP1,LB
NC_000003.12:52409554:C:T,BAP1,LB
NC_000003.12:69763863:C:T,MITF,LB
NC_000003.12:69939137:A:G,MITF,LB
NC_000003.12:69964946:T:C,MITF,LB
NC_000003.12:69965047:C:A,MITF,LB
NC_000003.12:69965239:A:G,MITF,LB
NC_000005.10:80654861:C:A,MSH3,LB
NC_000005.10:80654899:C:T,MSH3,LB
NC_000005.10:80654904:G:C,MSH3,LB
NC_000005.10:80654916:C:G,MSH3,LB
NC_000005.10:80654919:G:C,MSH3,LB
NC_000005.10:80656528:C:T,MSH3,LB
NC_000005.10:112707835:G:C,APC,LB
NC_000005.10:112707846:G:A,APC,LB
NC_000005.10:112738433:G:A,APC,LB
NC_000005.10:112767262:C:T,APC,LB
NC_000005.10:112767387:G:C,APC,LB
NC_000005.10:112780877:G:A,APC,LB
NC_000005.10:112819271:C:T,APC,LB
NC_000005.10:112835031:G:A,APC,LB
NC_000005.10:112837797:C:T,APC,LB
NC_000005.10:112838069:T:G,APC,LB
NC_000005.10:112838179:C:G,APC,LB
NC_000005.10:112838201:C:T,APC,LB
NC_000005.10:112838427:G:T,APC,LB
NC_000005.10:112838428:G:T,APC,LB
NC_000005.10:112838541:T:C,APC,LB
NC_000005.10:112838842:T:G,APC,LB
NC_000005.10:112838945:A:G,APC,LB
NC_000005.10:112838979:T:C,APC,LB
NC_000005.10:112839104:C:T,APC,LB
NC_000005.10:112839225:T:G,APC,LB
NC_000005.10:112839243:A:C,APC,LB
NC_000005.10:112839332:G:A,APC,LB
NC_000005.10:112839542:G:C,APC,LB
NC_000005.10:112839929:G:A,APC,LB
NC_000005.10:112839992:C:T,APC,LB
NC_000005.10:112840013:G:A,APC,LB
NC_000005.10:112840512:G:A,APC,LB
NC_000005.10:112840620:G:C,APC,LB
NC_000005.10:112841058:T:A,APC,LB
NC_000005.10:112842414:C:T,APC,LB
NC_000005.10:112843097:G:A,APC,LB
NC_000005.10:112843107:G:A,APC,LB
NC_000005.10:112843136:A:G,APC,LB
NC_000005.10:112843238:C:T,APC,LB
NC_000005.10:112843374:C:G,APC,LB
NC_000005.10:112843455:C:G,APC,LB
NC_000005.10:112843661:G:A,APC,LB
NC_000006.12:43583036:A:T,POLH,LB
NC_000006.12:43597830:G:T,POLH,LB
NC_000006.12:43604715:C:T,POLH,LB
NC_000006.12:43610578:T:C,POLH,LB
NC_000006.12:43613847:C:T,POLH,LB
NC_000006.12:43613986:A:C,POLH,LB
NC_000006.12:43614017:A:G,POLH,LB
NC_000006.12:43614159:C:T,POLH,LB
NC_000006.12:43614197:A:G,POLH,LB
NC_000006.12:43614353:A:T,POLH,LB
NC_000007.14:5977708:T:C,PMS2,LB
NC_000007.14:5986898:C:T,PMS2,LB
NC_000007.14:5986974:G:C,PMS2,LB
NC_000007.14:5986975:T:A,PMS2,LB
NC_000007.14:5987053:G:T,PMS2,LB
NC_000007.14:5987076:C:A,PMS2,LB
NC_000007.14:5987143:T:C,PMS2,LB
NC_000007.14:5987155:C:T,PMS2,LB
NC_000007.14:5987233:T:C,PMS2,LB
NC_000007.14:5987310:G:T,PMS2,LB
NC_000007.14:5987356:G:A,PMS2,LB
NC_000007.14:6004041:G:C,PMS2,LB
NC_000007.14:6004055:G:C,PMS2,LB
NC_000007.14:6006002:T:C,AIMP2,LB
NC_000007.14:116699193:T:C,MET,LB
NC_000007.14:116700031:A:G,MET,LB
NC_000007.14:116700042:C:T,MET,LB
NC_000007.14:116700168:T:C,MET,LB
NC_000007.14:116700207:A:G,MET,LB
NC_000007.14:116755375:C:A,MET,LB
NC_000007.14:116769722:C:T,MET,LB
NC_000007.14:116774894:T:G,MET,LB
NC_000007.14:116774916:G:A,MET,LB
NC_000007.14:116796037:G:A,MET,LB
NC_000008.11:89947855:C:T,NBN,LB
NC_000008.11:89953398:C:T,NBN,LB
NC_000008.11:89953599:T:C,NBN,LB
NC_000008.11:89955457:T:C,NBN,LB
NC_000008.11:89970462:G:A,NBN,LB
NC_000008.11:89978250:C:G,NBN,LB
NC_000009.12:21968733:C:G,CDKN2A,LB
NC_000009.12:21970916:C:T,CDKN2A,LB
NC_000009.12:21970928:G:A,CDKN2A,LB
NC_000009.12:21970979:C:A,CDKN2A,LB
NC_000009.12:21971184:T:C,CDKN2A,LB
NC_000009.12:21971184:T:G,CDKN2A,LB
NC_000009.12:21974525:G:A,CDKN2A,LB
NC_000009.12:21974657:G:A,CDKN2A,LB
NC_000009.12:95107204:T:C,FANCC,LB
NC_000009.12:95107253:C:T,FANCC,LB
NC_000009.12:95111287:G:A,FANCC,LB
NC_000009.12:95125108:C:T,FANCC,LB
NC_000009.12:95172076:C:T,FANCC,LB
NC_000009.12:95446999:C:T,PTCH1,LB
NC_000009.12:95447015:C:T,PTCH1,LB
NC_000009.12:95447036:C:T,PTCH1,LB
NC_000009.12:95447045:T:C,PTCH1,LB
NC_000009.12:95447083:C:T,PTCH1,LB
NC_000009.12:95447084:G:A,PTCH1,LB
NC_000009.12:95447107:G:A,PTCH1,LB
NC_000009.12:95447168:C:T,PTCH1,LB
NC_000009.12:95447186:T:C,PTCH1,LB
NC_000009.12:95447207:G:A,PTCH1,LB
NC_000009.12:95447302:G:A,PTCH1,LB
NC_000009.12:95447311:G:A,PTCH1,LB
NC_000009.12:95447315:G:A,PTCH1,LB
NC_000009.12:95447336:G:C,PTCH1,LB
NC_000009.12:95447347:C:T,PTCH1,LB
NC_000009.12:95447348:G:A,PTCH1,LB
NC_000009.12:95447366:G:A,PTCH1,LB
NC_000009.12:95447410:G:A,PTCH1,LB
NC_000009.12:95447416:G:A,PTCH1,LB
NC_000009.12:95447419:G:A,PTCH1,LB
NC_000009.12:95449106:C:T,PTCH1,LB
NC_000009.12:95449148:C:T,PTCH1,LB
NC_000009.12:95449157:G:A,PTCH1,LB
NC_000009.12:95449231:G:A,PTCH1,LB
NC_000009.12:95449238:C:T,PTCH1,LB
NC_000009.12:95449289:T:A,PTCH1,LB
NC_000009.12:95459772:T:C,PTCH1,VUS
NC_000009.12:95461866:C:T,PTCH1,LB
NC_000009.12:95461878:C:T,PTCH1,LB
NC_000009.12:95461880:C:T,PTCH1,LB
NC_000009.12:95467169:C:T,PTCH1,LB
NC_000009.12:95467196:T:C,PTCH1,VUS
NC_000009.12:95467214:C:T,PTCH1,LB
NC_000009.12:95467405:A:G,PTCH1,LB
NC_000009.12:95468778:G:A,PTCH1,LB
NC_000009.12:95468785:G:A,PTCH1,LB
NC_000009.12:95468817:G:A,PTCH1,LB
NC_000009.12:95468821:A:G,PTCH1,LB
NC_000009.12:95468827:G:A,PTCH1,LB
NC_000009.12:95468932:C:T,PTCH1,LB
NC_000009.12:95468956:G:A,PTCH1,LB
NC_000009.12:95468980:C:T,PTCH1,LB
NC_000009.12:95469006:C:T,PTCH1,LB
NC_000009.12:95469094:T:C,PTCH1,LB
NC_000009.12:95476100:C:T,PTCH1,LB
NC_000009.12:95478095:C:T,PTCH1,LB
NC_000009.12:95478147:C:A,PTCH1,LB
NC_000009.12:95478154:G:C,PTCH1,LB
NC_000009.12:95479037:C:T,PTCH1,LB
NC_000009.12:95479977:T:C,PTCH1,LB
NC_000009.12:95506588:G:A,PTCH1,LB
NC_000009.12:95508252:C:G,PTCH1,LB
NC_000009.12:95516689:T:C,PTCH1,LB
NC_000009.12:95516734:C:A,PTCH1,LB
NC_000009.12:97675494:T:C,XPA,LB
NC_000009.12:97675506:G:C,XPA,LB
NC_000009.12:97675560:C:A,XPA,LB
NC_000009.12:97685027:A:C,XPA,LB
NC_000009.12:97687153:A:G,XPA,LB
NC_000009.12:97689633:C:T,XPA,LB
NC_000009.12:98807855:C:G,GALNT12,VUS
NC_000009.12:98808056:G:C,GALNT12,LB
NC_000009.12:98826844:G:C,GALNT12,LB
NC_000009.12:98826862:C:T,GALNT12,LB
NC_000009.12:98826888:C:G,GALNT12,LB
NC_000009.12:98831820:G:A,GALNT12,LB
NC_000009.12:98849036:G:A,GALNT12,LB
NC_000009.12:132896310:G:A,TSC1,LB
NC_000009.12:132896439:C:T,TSC1,LB
NC_000009.12:132896596:G:C,TSC1,LB
NC_000009.12:132897234:A:T,TSC1,LB
NC_000009.12:132897539:G:C,TSC1,LB
NC_000009.12:132897582:G:A,TSC1,LB
NC_000009.12:132897588:C:T,TSC1,LB
NC_000009.12:132901605:T:G,TSC1,LB
NC_000009.12:132901665:C:G,TSC1,LB
NC_000009.12:132901667:G:A,TSC1,LB
NC_000009.12:132905601:G:A,TSC1,LB
NC_000009.12:132905641:T:C,TSC1,LB
NC_000009.12:132905769:G:A,TSC1,LB
NC_000009.12:132905782:C:T,TSC1,LB
NC_000009.12:132905805:G:T,TSC1,LB
NC_000009.12:132905805:G:A,TSC1,LB
NC_000009.12:132905817:T:C,TSC1,LB
NC_000009.12:132905877:G:A,TSC1,LB
NC_000009.12:132905929:G:C,TSC1,LB
NC_000009.12:132905941:C:A,TSC1,LB
NC_000009.12:132905946:C:T,TSC1,LB
NC_000009.12:132906010:C:G,TSC1,LB
NC_000009.12:132906051:C:T,TSC1,LB
NC_000009.12:132906826:G:A,TSC1,LB
NC_000009.12:132910614:C:T,TSC1,LB
NC_000009.12:132910625:G:A,TSC1,LB
NC_000009.12:132911063:G:T,TSC1,LB
NC_000009.12:132911475:G:A,TSC1,LB
NC_000009.12:132911480:G:A,TSC1,LB
NC_000009.12:132911516:A:G,TSC1,LB
NC_000009.12:132912412:T:C,TSC1,LB
NC_000009.12:132921856:T:C,TSC1,LB
NC_000009.12:132923479:C:T,TSC1,LB
NC_000009.12:132925699:C:T,TSC1,LB
NC_000010.11:43100584:G:A,RET,LB
NC_000010.11:43102344:G:A,RET,LB
NC_000010.11:43102627:G:T,RET,LB
NC_000010.11:43104978:C:T,RET,LB
NC_000010.11:43105158:C:A,RET,LB
NC_000010.11:43109084:C:T,RET,LB
NC_000010.11:43111278:G:C,RET,LB
NC_000010.11:43111407:G:A,RET,LB
NC_000010.11:43116692:G:C,RET,LB
NC_000010.11:43119691:A:G,RET,LB
NC_000010.11:43126676:C:T,RET,LB
NC_000010.11:43126737:C:T,RET,LB
NC_000010.11:86876021:C:A,BMPR1A,LB
NC_000010.11:87862042:A:T,PTEN,LB
NC_000010.11:87862095:T:C,PTEN,LB
NC_000010.11:87862105:G:C,PTEN,LB
NC_000010.11:87863565:G:A,PTEN,LB
NC_000010.11:87863956:G:C,PTEN,LB
NC_000010.11:87864031:T:C,PTEN,LB
NC_000010.11:87864317:A:G,PTEN,LB
NC_000010.11:87864460:C:G,PTEN,LB
NC_000010.11:87931070:G:A,PTEN,LB
NC_000010.11:87960973:T:G,PTEN,LB
NC_000010.11:87965320:C:A,PTEN,LB
NC_000010.11:87965337:A:G,PTEN,LB
NC_000011.10:32434899:G:A,WT1,LB
NC_000011.10:32435101:C:T,WT1,LB
NC_000011.10:32435144:C:A,WT1,LB
NC_000011.10:47232933:G:A,DDB2,LB
NC_000011.10:47234613:T:C,DDB2,LB
NC_000011.10:64804658:C:T,MAP4K2,LB
NC_000011.10:64805906:G:T,MAP4K2,LB
NC_000011.10:64805932:A:G,MAP4K2,LB
NC_000011.10:64806002:T:C,MAP4K2,LB
NC_000011.10:108227848:C:G,ATM,LB
NC_000011.10:108235707:A:G,ATM,LB
NC_000011.10:108235715:T:A,ATM,LB
NC_000011.10:108243999:G:C,ATM,LB
NC_000011.10:108244021:G:A,ATM,LB
NC_000011.10:108244024:T:A,ATM,LB
NC_000011.10:108248939:A:G,ATM,LB
NC_000011.10:108251005:G:A,ATM,LB
NC_000011.10:108251864:C:G,ATM,LB
NC_000011.10:108254033:T:C,ATM,LB
NC_000011.10:108257591:A:C,ATM,LB
NC_000011.10:108259050:C:A,ATM,LB
NC_000011.10:108267275:T:C,ATM,LB
NC_000011.10:108267317:C:T,ATM,LB
NC_000011.10:108271260:T:C,ATM,LB
NC_000011.10:108272571:A:G,ATM,LB
NC_000011.10:108272728:C:G,ATM,LB
NC_000011.10:108279588:A:G,ATM,LB
NC_000011.10:108284404:G:A,ATM,LB
NC_000011.10:108289004:C:T,ATM,LB
NC_000011.10:108289622:C:T,ATM,LB
NC_000011.10:108297325:A:G,ATM,LB
NC_000011.10:108304734:G:A,ATM,LB
NC_000011.10:108307914:G:A,ATM,LB
NC_000011.10:108309008:T:C,ATM,LB
NC_000011.10:108310217:G:C,ATM,LB
NC_000011.10:108312439:G:A,ATM,LB
NC_000011.10:108315903:A:G,ATM,LB
NC_000011.10:108317408:G:A,ATM,LB
NC_000011.10:108327663:T:C,ATM,LB
NC_000012.12:132624737:G:C,POLE,LB
NC_000012.12:132624740:T:A,POLE,LB
NC_000012.12:132624791:C:T,POLE,LB
NC_000012.12:132624794:T:A,POLE,LB
NC_000012.12:132626153:C:T,POLE,LB
NC_000012.12:132626229:C:T,POLE,LB
NC_000012.12:132635898:C:T,POLE,LB
NC_000012.12:132638121:T:C,POLE,LB
NC_000012.12:132642214:G:A,POLE,LB
NC_000012.12:132642727:T:G,POLE,LB
NC_000012.12:132643233:A:G,POLE,LB
NC_000012.12:132643867:G:A,POLE,LB
NC_000012.12:132649800:G:A,POLE,LB
NC_000012.12:132649801:C:A,POLE,LB
NC_000012.12:132668439:G:A,POLE,LB
NC_000012.12:132668445:A:T,POLE,LB
NC_000012.12:132677384:C:T,POLE,LB
NC_000012.12:132677387:C:T,POLE,LB
NC_000012.12:132677579:C:G,POLE,LB
NC_000012.12:132681250:C:A,POLE,LB
NC_000012.12:132687677:C:T,PXMP2,LB
NC_000013.11:32316512:G:A,ZAR1L,LB
NC_000013.11:32319130:C:T,ZAR1L,LB
NC_000013.11:32319133:A:G,ZAR1L,LB
NC_000013.11:32319175:A:C,ZAR1L,LB
NC_000013.11:32319231:G:C,ZAR1L,LB
NC_000013.11:32325080:A:C,BRCA2,LB
NC_000013.11:32326114:A:G,BRCA2,LB
NC_000013.11:32326267:C:A,BRCA2,LB
NC_000013.11:32332308:T:G,BRCA2,LB
NC_000013.11:32332333:T:C,BRCA2,LB
NC_000013.11:32332420:T:A,BRCA2,LB
NC_000013.11:32332441:A:C,BRCA2,LB
NC_000013.11:32332455:C:A,BRCA2,LB
NC_000013.11:32332517:A:G,BRCA2,LB
NC_000013.11:32332600:C:T,BRCA2,LB
NC_000013.11:32332618:G:A,BRCA2,LB
NC_000013.11:32332628:C:T,BRCA2,LB
NC_000013.11:32332643:C:A,BRCA2,LB
NC_000013.11:32332658:A:C,BRCA2,LB
NC_000013.11:32332758:C:G,BRCA2,LB
NC_000013.11:32332862:A:G,BRCA2,LB
NC_000013.11:32332991:T:C,BRCA2,LB
NC_000013.11:32333015:A:G,BRCA2,LB
NC_000013.11:32333139:T:G,BRCA2,LB
NC_000013.11:32333221:A:C,BRCA2,LB
NC_000013.11:32333263:G:C,BRCA2,LB
NC_000013.11:32333269:A:G,BRCA2,LB
NC_000013.11:32333275:T:C,BRCA2,LB
NC_000013.11:32333287:A:G,BRCA2,LB
NC_000013.11:32333366:C:T,BRCA2,LB
NC_000013.11:32336318:C:G,BRCA2,LB
NC_000013.11:32336492:A:T,BRCA2,LB
NC_000013.11:32336704:A:G,BRCA2,LB
NC_000013.11:32336770:G:C,BRCA2,LB
NC_000013.11:32336825:T:C,BRCA2,LB
NC_000013.11:32337034:G:A,BRCA2,LB
NC_000013.11:32337109:G:A,BRCA2,LB
NC_000013.11:32337140:T:C,BRCA2,LB
NC_000013.11:32337157:G:A,BRCA2,LB
NC_000013.11:32337157:G:C,BRCA2,LB
NC_000013.11:32337280:T:A,BRCA2,LB
NC_000013.11:32337281:C:T,BRCA2,LB
NC_000013.11:32337314:A:T,BRCA2,LB
NC_000013.11:32337341:T:G,BRCA2,LB
NC_000013.11:32337409:C:G,BRCA2,LB
NC_000013.11:32337658:A:T,BRCA2,LB
NC_000013.11:32337799:A:G,BRCA2,LB
NC_000013.11:32337869:C:T,BRCA2,LB
NC_000013.11:32337922:C:T,BRCA2,LB
NC_000013.11:32337929:T:G,BRCA2,LB
NC_000013.11:32337935:G:A,BRCA2,LB
NC_000013.11:32338036:A:G,BRCA2,LB
NC_000013.11:32338193:A:T,BRCA2,LB
NC_000013.11:32338223:G:A,BRCA2,LB
NC_000013.11:32338415:C:T,BRCA2,LB
NC_000013.11:32338444:A:C,BRCA2,LB
NC_000013.11:32338448:G:A,BRCA2,LB
NC_000013.11:32338541:A:G,BRCA2,LB
NC_000013.11:32338595:C:T,BRCA2,LB
NC_000013.11:32338612:G:T,BRCA2,LB
NC_000013.11:32338939:G:A,BRCA2,LB
NC_000013.11:32339111:C:T,BRCA2,VUS
NC_000013.11:32339133:A:C,BRCA2,LB
NC_000013.11:32339424:A:C,BRCA2,LB
NC_000013.11:32339449:G:A,BRCA2,LB
NC_000013.11:32339524:A:G,BRCA2,LB
NC_000013.11:32339552:C:T,BRCA2,LB
NC_000013.11:32339666:G:A,BRCA2,LB
NC_000013.11:32339809:C:T,BRCA2,LB
NC_000013.11:32339828:C:T,BRCA2,LB
NC_000013.11:32339906:T:G,BRCA2,LB
NC_000013.11:32339988:C:G,BRCA2,LB
NC_000013.11:32339994:T:G,BRCA2,LB
NC_000013.11:32340064:C:G,BRCA2,LB
NC_000013.11:32340106:C:T,BRCA2,LB
NC_000013.11:32340107:A:G,BRCA2,LB
NC_000013.11:32340122:A:C,BRCA2,LB
NC_000013.11:32340139:A:G,BRCA2,LB
NC_000013.11:32340233:G:A,BRCA2,LB
NC_000013.11:32340454:C:T,BRCA2,LB
NC_000013.11:32340497:A:T,BRCA2,LB
NC_000013.11:32340574:C:A,BRCA2,LB
NC_000013.11:32340644:C:T,BRCA2,LB
NC_000013.11:32340676:C:T,BRCA2,LB
NC_000013.11:32340677:G:A,BRCA2,LB
NC_000013.11:32340692:A:G,BRCA2,LB
NC_000013.11:32340701:A:G,BRCA2,LB
NC_000013.11:32340809:C:A,BRCA2,LB
NC_000013.11:32341102:A:G,BRCA2,LB
NC_000013.11:32344568:A:G,BRCA2,LB
NC_000013.11:32344650:A:T,BRCA2,LB
NC_000013.11:32346841:G:A,BRCA2,LB
NC_000013.11:32354904:C:G,BRCA2,LB
NC_000013.11:32354909:G:C,BRCA2,LB
NC_000013.11:32355002:C:A,BRCA2,LB
NC_000013.11:32355084:A:C,BRCA2,LB
NC_000013.11:32355159:A:T,BRCA2,LB
NC_000013.11:32356496:G:A,BRCA2,LB
NC_000013.11:32356525:C:T,BRCA2,LB
NC_000013.11:32356535:C:T,BRCA2,LB
NC_000013.11:32356550:G:A,BRCA2,LB
NC_000013.11:32357882:C:T,BRCA2,LB
NC_000013.11:32363195:A:G,BRCA2,LB
NC_000013.11:32363228:T:C,BRCA2,LB
NC_000013.11:32363350:G:T,BRCA2,LB
NC_000013.11:32363383:G:A,BRCA2,LB
NC_000013.11:32363388:G:T,BRCA2,LB
NC_000013.11:32370970:T:C,BRCA2,LB
NC_000013.11:32370992:G:A,BRCA2,LB
NC_000013.11:32379466:G:A,BRCA2,LB
NC_000013.11:32379478:C:T,BRCA2,LB
NC_000013.11:32379767:G:A,BRCA2,LB
NC_000013.11:32379833:C:T,BRCA2,LB
NC_000013.11:32380123:G:A,BRCA2,LB
NC_000013.11:32394723:T:C,BRCA2,LB
NC_000013.11:32396904:A:G,N4BP2L1,LB
NC_000013.11:32396987:T:C,N4BP2L1,LB
NC_000013.11:32397000:C:T,N4BP2L1,LB
NC_000013.11:32397029:G:C,N4BP2L1,LB
NC_000013.11:32398387:C:T,N4BP2L1,LB
NC_000013.11:32398557:A:G,N4BP2L1,LB
NC_000013.11:32398633:C:T,N4BP2L1,LB
NC_000013.11:32398665:C:T,N4BP2L1,LB
NC_000013.11:48303963:G:T,RB1,LB
NC_000013.11:48304017:G:A,RB1,LB
NC_000013.11:48304024:G:A,RB1,LB
NC_000013.11:48333022:C:T,RB1,LB
NC_000013.11:48342605:A:G,RB1,LB
NC_000013.11:48342674:C:T,RB1,LB
NC_000013.11:48345109:A:T,RB1,LB
NC_000013.11:48345183:T:A,RB1,LB
NC_000013.11:48360036:G:T,RB1,LB
NC_000013.11:48367511:C:G,RB1,LB
NC_000013.11:48367512:G:A,RB1,LB
NC_000013.11:48373405:A:T,RB1,LB
NC_000013.11:48373456:G:A,RB1,LB
NC_000013.11:48377007:C:A,RB1,LB
NC_000013.11:48381321:C:G,RB1,LB
NC_000013.11:48411502:C:A,RB1,LB
NC_000013.11:48411629:A:G,RB1,LB
NC_000013.11:48411665:G:C,RB1,VUS
NC_000013.11:48411797:T:C,RB1,LB
NC_000013.11:48456264:G:A,RB1,LB
NC_000013.11:48459728:C:T,RB1,LB
NC_000013.11:48465333:C:G,RB1,LB
NC_000013.11:48476831:A:C,RB1,LB
NC_000013.11:102846341:A:G,ERCC5,LB
NC_000013.11:102854339:G:A,ERCC5,LB
NC_000013.11:102858385:C:T,ERCC5,LB
NC_000013.11:102858386:G:A,ERCC5,LB
NC_000013.11:102861593:A:G,ERCC5,LB
NC_000013.11:102861600:A:G,ERCC5,LB
NC_000013.11:102862275:C:T,ERCC5,LB
NC_000013.11:102862488:C:T,ERCC5,LB
NC_000013.11:102862647:G:A,ERCC5,LB
NC_000013.11:102862734:G:C,ERCC5,LB
NC_000013.11:102863028:C:A,ERCC5,LB
NC_000013.11:102868214:A:G,ERCC5,LB
NC_000013.11:102872395:A:C,ERCC5,LB
NC_000013.11:102875580:G:A,ERCC5,LB
NC_000013.11:102875651:G:C,ERCC5,LB
NC_000015.10:90749521:G:C,BLM,LB
NC_000015.10:90749677:A:G,BLM,LB
NC_000015.10:90751879:C:T,BLM,LB
NC_000015.10:90782868:C:T,BLM,LB
NC_000015.10:90794208:A:G,BLM,LB
NC_000015.10:90794274:C:A,BLM,LB
NC_000015.10:90804199:G:A,BLM,LB
NC_000015.10:90804220:G:A,BLM,LB
NC_000015.10:90811290:G:A,BLM,LB
NC_000016.10:2048634:A:G,TSC2,LB
NC_000016.10:2050427:A:G,TSC2,LB
NC_000016.10:2050483:G:A,TSC2,LB
NC_000016.10:2053387:C:T,TSC2,LB
NC_000016.10:2053390:A:T,TSC2,LB
NC_000016.10:2054353:C:G,TSC2,LB
NC_000016.10:2055505:G:A,TSC2,LB
NC_000016.10:2056223:G:A,TSC2,LB
NC_000016.10:2056710:T:G,TSC2,LB
NC_000016.10:2056754:G:A,TSC2,LB
NC_000016.10:2057110:C:T,TSC2,LB
NC_000016.10:2057143:G:A,TSC2,LB
NC_000016.10:2058753:A:G,TSC2,LB
NC_000016.10:2058754:T:C,TSC2,LB
NC_000016.10:2058763:C:T,TSC2,LB
NC_000016.10:2058862:C:T,TSC2,LB
NC_000016.10:2060793:G:A,TSC2,LB
NC_000016.10:2061900:G:A,TSC2,LB
NC_000016.10:2062530:C:T,TSC2,LB
NC_000016.10:2062975:G:A,TSC2,LB
NC_000016.10:2062987:G:A,TSC2,LB
NC_000016.10:2062996:A:G,TSC2,LB
NC_000016.10:2064401:A:G,TSC2,LB
NC_000016.10:2065527:C:T,TSC2,LB
NC_000016.10:2070473:C:G,TSC2,LB
NC_000016.10:2070485:G:A,TSC2,LB
NC_000016.10:2070557:G:A,TSC2,LB
NC_000016.10:2071585:G:A,TSC2,LB
NC_000016.10:2071615:T:C,TSC2,LB
NC_000016.10:2071817:G:A,TSC2,LB
NC_000016.10:2071854:C:T,TSC2,LB
NC_000016.10:2071863:G:C,TSC2,LB
NC_000016.10:2071865:C:T,TSC2,LB
NC_000016.10:2071868:G:A,TSC2,LB
NC_000016.10:2072975:C:G,TSC2,LB
NC_000016.10:2072975:C:T,TSC2,LB
NC_000016.10:2074235:C:T,TSC2,LB
NC_000016.10:2074247:A:G,TSC2,LB
NC_000016.10:2076508:C:G,TSC2,LB
NC_000016.10:2077632:A:G,TSC2,LB
NC_000016.10:2077722:G:C,TSC2,LB
NC_000016.10:2079042:C:T,TSC2,LB
NC_000016.10:2079101:G:A,TSC2,LB
NC_000016.10:2079418:C:T,TSC2,LB
NC_000016.10:2079424:C:T,TSC2,LB
NC_000016.10:2079566:G:A,TSC2,LB
NC_000016.10:2079635:C:T,TSC2,LB
NC_000016.10:2079645:G:A,TSC2,LB
NC_000016.10:2080179:G:A,TSC2,LB
NC_000016.10:2080187:G:A,TSC2,LB
NC_000016.10:2080188:C:T,TSC2,LB
NC_000016.10:2080200:C:T,TSC2,LB
NC_000016.10:2080241:C:T,TSC2,LB
NC_000016.10:2080323:A:G,TSC2,LB
NC_000016.10:2081753:C:T,TSC2,LB
NC_000016.10:2081786:G:A,TSC2,LB
NC_000016.10:2082447:C:T,TSC2,LB
NC_000016.10:2083724:C:T,PKD1,LB
NC_000016.10:2083778:C:T,PKD1,LB
NC_000016.10:2084416:G:A,PKD1,LB
NC_000016.10:2084506:G:T,PKD1,LB
NC_000016.10:2084519:C:T,PKD1,LB
NC_000016.10:2084537:G:A,PKD1,LB
NC_000016.10:2084588:T:A,PKD1,LB
NC_000016.10:2084657:C:T,PKD1,LB
NC_000016.10:2084669:G:C,PKD1,LB
NC_000016.10:2085021:A:G,PKD1,LB
NC_000016.10:2085269:T:C,PKD1,LB
NC_000016.10:2086841:G:A,PKD1,LB
NC_000016.10:2087889:G:C,PKD1,LB
NC_000016.10:2088072:C:A,PKD1,LB
NC_000016.10:2088109:G:A,PKD1,LB
NC_000016.10:2088251:G:A,PKD1,LB
NC_000016.10:2088460:G:A,PKD1,LB
NC_000016.10:2088497:C:T,PKD1,LB
NC_000016.10:2088542:C:G,PKD1,LB
NC_000016.10:2088563:G:A,PKD1,LB
NC_000016.10:2088568:C:T,PKD1,LB
NC_000016.10:13922063:G:T,ERCC4,LB
NC_000016.10:13935175:G:A,ERCC4,LB
NC_000016.10:13935273:G:C,ERCC4,LB
NC_000016.10:13944801:T:C,ERCC4,LB
NC_000016.10:13948212:A:G,ERCC4,LB
NC_000016.10:13948219:A:G,ERCC4,LB
NC_000016.10:13948242:G:A,ERCC4,LB
NC_000016.10:23607964:C:G,PALB2,LB
NC_000016.10:23621420:C:G,PALB2,LB
NC_000016.10:23622971:C:T,PALB2,LB
NC_000016.10:23624048:C:T,PALB2,LB
NC_000016.10:23626393:G:A,PALB2,LB
NC_000016.10:23630018:G:A,PALB2,LB
NC_000016.10:23630126:A:G,PALB2,LB
NC_000016.10:23630139:C:G,PALB2,LB
NC_000016.10:23634869:T:C,PALB2,LB
NC_000016.10:23635620:T:C,PALB2,LB
NC_000016.10:23635824:T:C,PALB2,LB
NC_000016.10:68737422:C:G,CDH1,LB
NC_000016.10:68738335:C:A,CDH1,LB
NC_000016.10:68738372:C:T,CDH1,LB
NC_000016.10:68801669:T:G,CDH1,LB
NC_000016.10:68801689:G:A,CDH1,LB
NC_000016.10:68801693:G:A,CDH1,LB
NC_000016.10:68801719:G:A,CDH1,LB
NC_000016.10:68801774:G:A,CDH1,LB
NC_000016.10:68801809:G:A,CDH1,LB
NC_000016.10:68801875:C:T,CDH1,LB
NC_000016.10:68808534:G:A,CDH1,LB
NC_000016.10:68808706:A:C,CDH1,LB
NC_000016.10:68808764:G:A,CDH1,LB
NC_000016.10:68808830:C:T,CDH1,LB
NC_000016.10:68810316:T:G,CDH1,LB
NC_000016.10:68811742:G:A,CDH1,LB
NC_000016.10:68811854:G:A,CDH1,LB
NC_000016.10:68812143:A:G,CDH1,LB
NC_000016.10:68812144:C:T,CDH1,LB
NC_000016.10:68812261:C:T,CDH1,LB
NC_000016.10:68813336:G:A,CDH1,LB
NC_000016.10:68813348:G:A,CDH1,LB
NC_000016.10:68813352:T:A,CDH1,LB
NC_000016.10:68813397:C:T,CDH1,LB
NC_000016.10:68813471:G:A,CDH1,LB
NC_000016.10:68813472:A:G,CDH1,LB
NC_000016.10:68815602:C:T,CDH1,LB
NC_000016.10:68815610:G:A,CDH1,LB
NC_000016.10:68822062:G:A,CDH1,LB
NC_000016.10:68822137:G:A,CDH1,LB
NC_000016.10:68822176:C:G,CDH1,LB
NC_000016.10:68823481:A:T,CDH1,LB
NC_000016.10:68823514:G:A,CDH1,LB
NC_000016.10:68823538:G:A,CDH1,LB
NC_000016.10:68823565:G:A,CDH1,LB
NC_000016.10:68823592:C:G,CDH1,LB
NC_000016.10:68828212:C:T,CDH1,LB
NC_000016.10:68829686:G:A,CDH1,LB
NC_000016.10:68829693:G:A,CDH1,LB
NC_000016.10:68829700:A:T,CDH1,LB
NC_000016.10:68829770:G:A,CDH1,LB
NC_000016.10:68833299:C:T,CDH1,LB
NC_000016.10:68833343:G:A,CDH1,LB
NC_000016.10:68833361:A:G,CDH1,LB
NC_000016.10:68833487:G:A,CDH1,LB
NC_000016.10:89738889:C:T,FANCA,LB
NC_000016.10:89738890:G:A,FANCA,LB
NC_000016.10:89738908:C:T,FANCA,LB
NC_000016.10:89738915:C:T,FANCA,LB
NC_000016.10:89738931:G:A,FANCA,LB
NC_000016.10:89738932:C:T,FANCA,LB
NC_000016.10:89738958:G:A,FANCA,LB
NC_000016.10:89739263:C:T,FANCA,LB
NC_000016.10:89739505:T:C,FANCA,LB
NC_000016.10:89740068:C:T,FANCA,LB
NC_000016.10:89745046:C:T,FANCA,LB
NC_000016.10:89746684:G:C,FANCA,LB
NC_000016.10:89748709:C:G,FANCA,LB
NC_000016.10:89748741:C:T,FANCA,LB
NC_000016.10:89748743:G:A,FANCA,LB
NC_000016.10:89752172:G:A,FANCA,LB
NC_000016.10:89758698:G:T,FANCA,LB
NC_000016.10:89767167:G:C,FANCA,LB
NC_000016.10:89769914:C:T,FANCA,LB
NC_000016.10:89770214:C:T,FANCA,LB
NC_000016.10:89770245:C:A,FANCA,LB
NC_000016.10:89770569:G:A,FANCA,LB
NC_000016.10:89771677:C:A,FANCA,LB
NC_000016.10:89771807:G:A,FANCA,LB
NC_000016.10:89773356:G:C,FANCA,LB
NC_000016.10:89773357:G:C,FANCA,LB
NC_000016.10:89783071:C:T,FANCA,LB
NC_000016.10:89791526:G:A,FANCA,LB
NC_000016.10:89795954:G:C,FANCA,LB
NC_000016.10:89795979:A:G,FANCA,LB
NC_000016.10:89799207:C:G,FANCA,LB
NC_000016.10:89799634:T:C,FANCA,LB
NC_000016.10:89803295:T:C,FANCA,LB
NC_000016.10:89803296:C:T,FANCA,LB
NC_000016.10:89805365:G:A,FANCA,LB
NC_000016.10:89805387:G:A,FANCA,LB
NC_000016.10:89808347:G:A,FANCA,LB
NC_000016.10:89810771:G:C,FANCA,LB
NC_000016.10:89816591:G:C,FANCA,LB
NC_000016.10:89816598:A:T,FANCA,LB
NC_000017.11:7669627:T:G,TP53,LB
NC_000017.11:7669654:C:T,TP53,LB
NC_000017.11:7669655:G:T,TP53,LB
NC_000017.11:7670612:A:C,TP53,LB
NC_000017.11:7670615:G:A,TP53,LB
NC_000017.11:7670629:C:G,TP53,LB
NC_000017.11:7670648:G:T,TP53,LB
NC_000017.11:7670683:C:T,TP53,LB
NC_000017.11:7670693:C:G,TP53,LB
NC_000017.11:7670710:C:T,TP53,LB
NC_000017.11:7673244:A:G,TP53,LB
NC_000017.11:7673247:A:G,TP53,LB
NC_000017.11:7673311:A:C,TP53,LB
NC_000017.11:7673335:G:C,TP53,LB
NC_000017.11:7673578:G:T,TP53,LB
NC_000017.11:7673581:G:T,TP53,LB
NC_000017.11:7673584:A:T,TP53,LB
NC_000017.11:7673592:G:C,TP53,LB
NC_000017.11:7673727:C:T,TP53,LB
NC_000017.11:7673733:G:A,TP53,LB
NC_000017.11:7673742:C:A,TP53,LB
NC_000017.11:7673750:C:T,TP53,LB
NC_000017.11:7673751:G:A,TP53,LB
NC_000017.11:7673768:G:A,TP53,LB
NC_000017.11:7673772:G:A,TP53,LB
NC_000017.11:7673835:C:T,TP53,VUS
NC_000017.11:7674183:G:T,TP53,LB
NC_000017.11:7674258:T:C,TP53,LB
NC_000017.11:7674958:G:C,TP53,LB
NC_000017.11:7675053:A:T,TP53,LB
NC_000017.11:7675057:C:T,TP53,LB
NC_000017.11:7675100:C:T,TP53,VUS
NC_000017.11:7675102:G:A,TP53,LB
NC_000017.11:7675131:C:T,TP53,LB
NC_000017.11:7675142:C:T,TP53,LB
NC_000017.11:7675998:A:T,TP53,LB
NC_000017.11:7676024:T:C,TP53,LB
NC_000017.11:7676039:C:T,TP53,LB
NC_000017.11:7676046:C:T,TP53,LB
NC_000017.11:7676049:A:G,TP53,LB
NC_000017.11:7676123:G:A,TP53,LB
NC_000017.11:7676151:C:T,TP53,LB
NC_000017.11:7676153:G:T,TP53,LB
NC_000017.11:7676153:G:C,TP53,VUS
NC_000017.11:7676180:G:A,TP53,LB
NC_000017.11:7676181:C:T,TP53,LB
NC_000017.11:7676219:A:G,TP53,LB
NC_000017.11:7676223:C:T,TP53,LB
NC_000017.11:7676223:C:G,TP53,LB
NC_000017.11:7676229:G:A,TP53,LB
NC_000017.11:7676263:C:G,TP53,LB
NC_000017.11:7676566:C:T,TP53,LB
NC_000017.11:7676573:A:T,TP53,LB
NC_000017.11:7688678:C:T,WRAP53,LB
NC_000017.11:7688849:C:G,WRAP53,LB
NC_000017.11:7689054:C:G,WRAP53,LB
NC_000017.11:17216477:C:T,FLCN,LB
NC_000017.11:17221415:G:A,FLCN,LB
NC_000017.11:17221436:G:A,FLCN,LB
NC_000017.11:17221520:A:T,FLCN,LB
NC_000017.11:31225149:T:C,NF1,LB
NC_000017.11:31225181:A:G,NF1,LB
NC_000017.11:31226656:G:T,NF1,LB
NC_000017.11:31232074:A:T,NF1,LB
NC_000017.11:31232078:G:T,NF1,LB
NC_000017.11:31295109:T:C,OMG,LB
NC_000017.11:31304590:G:C,EVI2B,LB
NC_000017.11:31304716:A:G,EVI2B,VUS
NC_000017.11:31304756:C:G,EVI2B,LB
NC_000017.11:31304851:C:A,EVI2B,LB
NC_000017.11:31304930:A:T,EVI2B,LB
NC_000017.11:31305106:G:A,EVI2B,VUS
NC_000017.11:31305274:A:G,EVI2B,LB
NC_000017.11:31318454:C:T,EVI2B,LB
NC_000017.11:31318486:T:C,EVI2B,LB
NC_000017.11:31318684:A:G,EVI2B,LB
NC_000017.11:31318975:T:C,EVI2B,LB
NC_000017.11:31326018:A:G,NF1,LB
NC_000017.11:31352329:G:C,NF1,LB
NC_000017.11:31352393:C:T,NF1,LB
NC_000017.11:35100956:G:A,RAD51D,LB
NC_000017.11:35103264:T:C,RAD51D,LB
NC_000017.11:35103293:T:C,RAD51D,LB
NC_000017.11:35103296:C:T,RAD51D,LB
NC_000017.11:35106467:C:T,RAD51D,LB
NC_000017.11:35116873:G:A,FNDC8,LB
NC_000017.11:35116895:C:T,FNDC8,LB
NC_000017.11:35116912:T:C,FNDC8,LB
NC_000017.11:35116991:G:A,FNDC8,LB
NC_000017.11:35117026:G:A,FNDC8,LB
NC_000017.11:43045684:T:A,BRCA1,LB
NC_000017.11:43045690:T:G,BRCA1,LB
NC_000017.11:43045693:G:C,BRCA1,LB
NC_000017.11:43045697:T:G,BRCA1,LB
NC_000017.11:43047653:T:C,BRCA1,LB
NC_000017.11:43047698:A:T,BRCA1,LB
NC_000017.11:43057076:C:T,BRCA1,LB
NC_000017.11:43057130:T:C,BRCA1,LB
NC_000017.11:43063367:T:C,BRCA1,LB
NC_000017.11:43063908:C:G,BRCA1,LB
NC_000017.11:43070957:C:T,BRCA1,LB
NC_000017.11:43070958:A:G,BRCA1,LB
NC_000017.11:43071003:G:A,BRCA1,LB
NC_000017.11:43071030:A:G,BRCA1,LB
NC_000017.11:43071073:G:A,BRCA1,LB
NC_000017.11:43071076:T:C,BRCA1,LB
NC_000017.11:43071076:T:A,BRCA1,LB
NC_000017.11:43071097:T:C,BRCA1,LB
NC_000017.11:43071184:A:G,BRCA1,LB
NC_000017.11:43071222:A:G,BRCA1,LB
NC_000017.11:43071231:G:A,BRCA1,LB
NC_000017.11:43074369:C:T,BRCA1,LB
NC_000017.11:43074405:C:T,BRCA1,LB
NC_000017.11:43074470:C:A,BRCA1,LB
NC_000017.11:43074485:C:G,BRCA1,LB
NC_000017.11:43076569:T:G,BRCA1,LB
NC_000017.11:43082433:G:C,BRCA1,LB
NC_000017.11:43082547:T:C,BRCA1,LB
NC_000017.11:43090996:C:T,BRCA1,LB
NC_000017.11:43091484:G:A,BRCA1,LB
NC_000017.11:43091491:T:C,BRCA1,LB
NC_000017.11:43091494:C:T,BRCA1,LB
NC_000017.11:43091707:T:C,BRCA1,LB
NC_000017.11:43091782:C:T,BRCA1,LB
NC_000017.11:43091791:C:T,BRCA1,LB
NC_000017.11:43091817:G:A,BRCA1,LB
NC_000017.11:43091822:A:C,BRCA1,LB
NC_000017.11:43091873:C:G,BRCA1,LB
NC_000017.11:43091890:C:T,BRCA1,LB
NC_000017.11:43091922:C:T,BRCA1,LB
NC_000017.11:43091930:C:A,BRCA1,LB
NC_000017.11:43091930:C:G,BRCA1,LB
NC_000017.11:43091982:T:C,BRCA1,LB
NC_000017.11:43091989:C:T,BRCA1,LB
NC_000017.11:43092067:C:G,BRCA1,LB
NC_000017.11:43092082:G:A,BRCA1,LB
NC_000017.11:43092112:T:C,BRCA1,LB
NC_000017.11:43092114:C:A,BRCA1,LB
NC_000017.11:43092203:T:G,BRCA1,LB
NC_000017.11:43092228:C:T,BRCA1,LB
NC_000017.11:43092234:G:A,BRCA1,LB
NC_000017.11:43092390:A:G,BRCA1,LB
NC_000017.11:43092411:C:T,BRCA1,LB
NC_000017.11:43092417:T:C,BRCA1,LB
NC_000017.11:43092447:C:T,BRCA1,LB
NC_000017.11:43092506:C:T,BRCA1,LB
NC_000017.11:43092508:T:C,BRCA1,LB
NC_000017.11:43092595:G:A,BRCA1,LB
NC_000017.11:43092651:C:T,BRCA1,LB
NC_000017.11:43092757:T:G,BRCA1,LB
NC_000017.11:43092855:A:G,BRCA1,LB
NC_000017.11:43092861:C:A,BRCA1,LB
NC_000017.11:43092918:G:A,BRCA1,LB
NC_000017.11:43092933:C:T,BRCA1,LB
NC_000017.11:43092934:G:A,BRCA1,LB
NC_000017.11:43092946:T:C,BRCA1,LB
NC_000017.11:43092964:A:G,BRCA1,LB
NC_000017.11:43093008:C:T,BRCA1,LB
NC_000017.11:43093009:G:A,BRCA1,LB
NC_000017.11:43093053:G:T,BRCA1,LB
NC_000017.11:43093072:T:C,BRCA1,LB
NC_000017.11:43093102:T:A,BRCA1,LB
NC_000017.11:43093118:C:G,BRCA1,LB
NC_000017.11:43093179:G:A,BRCA1,LB
NC_000017.11:43093215:A:G,BRCA1,LB
NC_000017.11:43093363:T:C,BRCA1,LB
NC_000017.11:43093453:C:T,BRCA1,LB
NC_000017.11:43093528:G:A,BRCA1,LB
NC_000017.11:43093665:G:A,BRCA1,LB
NC_000017.11:43093741:C:T,BRCA1,LB
NC_000017.11:43093827:G:A,BRCA1,LB
NC_000017.11:43093875:C:A,BRCA1,LB
NC_000017.11:43093882:T:G,BRCA1,LB
NC_000017.11:43093914:G:A,BRCA1,LB
NC_000017.11:43093996:G:A,BRCA1,LB
NC_000017.11:43094043:C:T,BRCA1,LB
NC_000017.11:43094044:G:A,BRCA1,LB
NC_000017.11:43094074:A:G,BRCA1,LB
NC_000017.11:43094103:T:C,BRCA1,LB
NC_000017.11:43094137:A:C,BRCA1,LB
NC_000017.11:43094147:A:T,BRCA1,LB
NC_000017.11:43094297:A:C,BRCA1,LB
NC_000017.11:43094393:A:C,BRCA1,LB
NC_000017.11:43094463:T:C,BRCA1,LB
NC_000017.11:43094494:G:A,BRCA1,LB
NC_000017.11:43094529:G:A,BRCA1,LB
NC_000017.11:43094584:T:C,BRCA1,LB
NC_000017.11:43094707:C:T,BRCA1,LB
NC_000017.11:43094719:C:T,BRCA1,LB
NC_000017.11:43094794:A:C,BRCA1,LB
NC_000017.11:43094814:T:C,BRCA1,LB
NC_000017.11:43095874:T:C,BRCA1,LB
NC_000017.11:43097265:C:T,BRCA1,LB
NC_000017.11:43097279:G:T,BRCA1,LB
NC_000017.11:43099785:T:C,BRCA1,LB
NC_000017.11:43099813:G:A,BRCA1,LB
NC_000017.11:43104135:C:T,BRCA1,LB
NC_000017.11:43104137:G:T,BRCA1,LB
NC_000017.11:43104166:G:T,BRCA1,LB
NC_000017.11:43104248:T:C,BRCA1,LB
NC_000017.11:43106468:C:A,BRCA1,LB
NC_000017.11:43115726:T:G,BRCA1,LB
NC_000017.11:58695160:G:A,RAD51C,LB
NC_000017.11:58720766:A:G,RAD51C,LB
NC_000017.11:61744452:T:C,BRIP1,LB
NC_000017.11:61793636:T:C,BRIP1,LB
NC_000017.11:61847143:A:G,BRIP1,LB
NC_000017.11:61847150:C:T,BRIP1,LB
NC_000017.11:61849205:C:T,BRIP1,LB
NC_000017.11:65534034:G:T,AXIN2,LB
NC_000017.11:65535649:G:A,AXIN2,LB
NC_000017.11:65536485:G:A,AXIN2,LB
NC_000017.11:65536508:G:A,AXIN2,LB
NC_000017.11:65536968:C:G,AXIN2,LB
NC_000017.11:65537785:G:A,AXIN2,LB
NC_000017.11:65538221:C:T,AXIN2,LB
NC_000017.11:65538332:C:T,AXIN2,LB
NC_000018.10:51058202:A:C,SMAD4,LB
NC_000018.10:51058203:G:C,SMAD4,LB
NC_000019.10:1223125:C:G,STK11,LB
NC_000019.10:45350542:G:A,ERCC2,LB
NC_000019.10:45351660:T:G,ERCC2,LB
NC_000019.10:45363886:G:A,ERCC2,LB
NC_000019.10:45364000:C:T,ERCC2,LB
NC_000019.10:45368695:C:G,ERCC2,LB
NC_000019.10:45368705:T:C,ERCC2,LB
NC_000019.10:50398906:G:A,POLD1,LB
NC_000019.10:50398938:C:T,POLD1,LB
NC_000019.10:50401893:G:A,POLD1,LB
NC_000019.10:50408761:G:A,POLD1,LB
NC_000019.10:50408764:C:T,POLD1,LB
NC_000019.10:50408765:G:A,POLD1,LB
NC_000019.10:50409160:C:G,POLD1,LB
NC_000019.10:50413823:C:T,POLD1,LB
NC_000019.10:50414971:G:A,POLD1,LB
NC_000022.11:28695158:A:C,CHEK2,LB
NC_000022.11:28734467:G:A,CHEK2,LB
NC_000022.11:29674881:G:A,NF2,LB
NC_000022.11:29678199:T:C,NF2,LB
NC_000001.11:45329310:G:T,HPDL,VUS
NC_000001.11:45329330:T:G,HPDL,VUS
NC_000001.11:45329331:G:C,HPDL,VUS
NC_000001.11:45329342:G:C,HPDL,VUS
NC_000001.11:45329351:G:A,HPDL,VUS
NC_000001.11:45329352:A:G,HPDL,VUS
NC_000001.11:45329354:C:T,HPDL,LB
NC_000001.11:45329360:A:G,HPDL,VUS
NC_000001.11:45329363:T:C,HPDL,VUS
NC_000001.11:45329366:T:C,HPDL,VUS
NC_000001.11:45329376:G:T,HPDL,VUS
NC_000001.11:45329382:C:A,HPDL,VUS
NC_000001.11:45329397:T:C,HPDL,VUS
NC_000001.11:45329406:A:T,HPDL,VUS
NC_000001.11:45329409:G:A,HPDL,VUS
NC_000001.11:45329412:A:T,HPDL,VUS
NC_000001.11:45329415:A:T,HPDL,VUS
NC_000001.11:45329417:A:C,HPDL,VUS
NC_000001.11:45329423:G:T,HPDL,VUS
NC_000001.11:45329426:C:A,HPDL,VUS
NC_000001.11:45330516:A:T,HPDL,VUS
NC_000001.11:45330526:C:T,HPDL,VUS
NC_000001.11:45330532:G:T,HPDL,VUS
NC_000001.11:45330538:C:G,HPDL,VUS
NC_000001.11:45330541:G:C,HPDL,VUS
NC_000001.11:45331187:C:T,HPDL,VUS
NC_000001.11:45331201:C:T,HPDL,VUS
NC_000001.11:45331209:G:C,HPDL,VUS
NC_000001.11:45331209:G:T,HPDL,VUS
NC_000001.11:45331213:G:A,HPDL,VUS
NC_000001.11:45331239:G:A,HPDL,VUS
NC_000001.11:45331240:C:A,HPDL,VUS
NC_000001.11:45331249:G:A,HPDL,VUS
NC_000001.11:45331249:G:C,HPDL,VUS
NC_000001.11:45331257:G:A,HPDL,VUS
NC_000001.11:45331257:G:T,HPDL,VUS
NC_000001.11:45331269:T:C,HPDL,VUS
NC_000001.11:45331273:C:A,HPDL,VUS
NC_000001.11:45331273:C:T,HPDL,VUS
NC_000001.11:45331275:T:C,HPDL,VUS
NC_000001.11:45331306:G:T,HPDL,VUS
NC_000001.11:45331324:T:A,HPDL,VUS
NC_000001.11:45331330:C:T,HPDL,VUS
NC_000001.11:45331420:T:A,HPDL,VUS
NC_000001.11:45331421:C:G,HPDL,VUS
NC_000001.11:45331427:G:C,HPDL,VUS
NC_000001.11:45331429:T:C,HPDL,VUS
NC_000001.11:45331438:T:C,HPDL,VUS
NC_000001.11:45331439:G:T,HPDL,VUS
NC_000001.11:45331441:G:C,HPDL,VUS
NC_000001.11:45331441:G:T,HPDL,VUS
NC_000001.11:45331445:C:T,HPDL,VUS
NC_000001.11:45331460:C:A,HPDL,VUS
NC_000001.11:45331462:C:G,HPDL,VUS
NC_000001.11:45331493:G:T,HPDL,VUS
NC_000001.11:45331504:T:C,HPDL,VUS
NC_000001.11:45331517:A:G,HPDL,VUS
NC_000001.11:45331553:G:T,HPDL,VUS
NC_000001.11:45331664:G:C,HPDL,VUS
NC_000001.11:45331695:C:A,HPDL,VUS
NC_000001.11:45331704:C:A,HPDL,VUS
NC_000001.11:45331713:T:C,HPDL,VUS
NC_000001.11:45331726:T:C,HPDL,VUS
NC_000001.11:45331733:G:T,HPDL,VUS
NC_000001.11:45331734:C:T,HPDL,VUS
NC_000001.11:45331735:T:A,HPDL,VUS
NC_000001.11:45331746:G:C,HPDL,VUS
NC_000001.11:45331757:G:T,HPDL,VUS
NC_000001.11:45331779:A:G,HPDL,VUS
NC_000001.11:45331793:C:G,HPDL,LB
NC_000001.11:45331826:G:T,HPDL,VUS
NC_000001.11:45331827:T:G,HPDL,VUS
NC_000001.11:45331828:G:A,HPDL,VUS
NC_000001.11:45331832:C:G,HPDL,LB
NC_000001.11:45331833:T:A,HPDL,VUS
NC_000001.11:45331841:G:T,HPDL,VUS
NC_000001.11:45332027:T:G,HPDL,VUS
NC_000001.11:45332043:T:G,HPDL,VUS
NC_000001.11:45332054:C:A,HPDL,VUS
NC_000001.11:45332085:C:A,HPDL,VUS
NC_000001.11:45332191:C:G,HPDL,VUS
NC_000001.11:45332396:T:C,HPDL,VUS
NC_000001.11:45332939:T:C,HPDL,VUS
NC_000001.11:45332957:T:C,HPDL,VUS
NC_000001.11:45333101:T:G,HPDL,VUS
NC_000001.11:45333106:C:T,HPDL,VUS
NC_000001.11:45333110:T:C,HPDL,VUS
NC_000001.11:45333122:T:C,HPDL,VUS
NC_000001.11:45333285:A:C,HPDL,LB
NC_000001.11:45333285:A:T,HPDL,VUS
NC_000001.11:45333288:A:G,HPDL,LB
NC_000001.11:45333291:T:A,HPDL,LB
NC_000001.11:45333291:T:C,HPDL,LB
NC_000001.11:45333291:T:G,HPDL,VUS
NC_000001.11:45333294:C:A,HPDL,LB
NC_000001.11:45333294:C:T,HPDL,LB
NC_000001.11:45333306:G:A,HPDL,LB
NC_000001.11:45333308:C:G,HPDL,VUS
NC_000001.11:45333308:C:T,HPDL,VUS
NC_000001.11:45333313:T:C,HPDL,VUS
NC_000001.11:45333313:T:G,HPDL,VUS
NC_000001.11:45333317:C:T,HPDL,VUS
NC_000001.11:45333416:C:T,HPDL,VUS
NC_000001.11:45333432:C:T,HPDL,VUS
NC_000001.11:45333439:C:G,HPDL,VUS
NC_000001.11:45333443:T:C,HPDL,VUS
NC_000001.11:45333455:C:G,HPDL,VUS
NC_000001.11:45333465:T:C,HPDL,VUS
NC_000001.11:45333467:C:T,HPDL,VUS
NC_000001.11:45333476:G:A,HPDL,VUS
NC_000001.11:45333484:T:A,HPDL,VUS
NC_000001.11:45333485:T:G,HPDL,VUS
NC_000001.11:45333529:C:A,HPDL,VUS
NC_000001.11:45333536:A:T,HPDL,LB
NC_000001.11:45333539:T:C,HPDL,VUS
NC_000001.11:45333545:G:T,HPDL,VUS
NC_000001.11:45333546:G:A,HPDL,VUS
NC_000001.11:45333555:C:A,HPDL,VUS
NC_000001.11:45333555:C:T,HPDL,VUS
NC_000001.11:45333557:A:C,HPDL,VUS
NC_000001.11:45333560:C:A,HPDL,VUS
NC_000001.11:45333582:C:G,HPDL,VUS
NC_000001.11:45333590:A:G,HPDL,VUS
NC_000001.11:45334405:G:T,MUTYH,VUS
NC_000001.11:45334438:G:T,MUTYH,VUS
NC_000001.11:45334439:C:A,MUTYH,VUS
NC_000001.11:45334450:G:T,MUTYH,VUS
NC_000001.11:45334452:C:T,MUTYH,VUS
NC_000001.11:45334456:C:A,MUTYH,VUS
NC_000001.11:45340226:G:T,TESK2,LB
NC_000001.11:241519637:C:T,FH,VUS
NC_000001.11:241519672:G:A,FH,LB
NC_000010.11:43077327:A:G,RET,LB
NC_000010.11:43100646:A:G,RET,LB
NC_000010.11:43102392:C:T,RET,LB
NC_000010.11:43102495:G:C,RET,VUS
NC_000010.11:43102627:G:C,RET,VUS
NC_000010.11:43104956:G:A,RET,VUS
NC_000010.11:43105004:T:C,RET,VUS
NC_000010.11:43105061:C:G,RET,LB
NC_000010.11:43105062:A:G,RET,VUS
NC_000010.11:43105081:G:C,RET,LB
NC_000010.11:43105083:T:A,RET,LB
NC_000010.11:43105090:G:A,RET,VUS
NC_000010.11:43105143:C:T,RET,VUS
NC_000010.11:43106454:G:C,RET,VUS
NC_000010.11:43106529:A:C,RET,VUS
NC_000010.11:43109047:A:G,RET,VUS
NC_000010.11:43109066:A:G,RET,LB
NC_000010.11:43109075:T:C,RET,VUS
NC_000010.11:43109185:A:G,RET,LB
NC_000010.11:43111236:GCA:TCG,RET,VUS
NC_000010.11:43111293:A:G,RET,VUS
NC_000010.11:43111350:A:C,RET,LB
NC_000010.11:43111371:A:G,RET,LB
NC_000010.11:43111412:G:T,RET,LB
NC_000010.11:43112918:T:C,RET,LB
NC_000010.11:43112962:C:A,RET,VUS
NC_000010.11:43113612:A:T,RET,VUS
NC_000010.11:43114574:T:C,RET,VUS
NC_000010.11:43120110:A:G,RET,LB
NC_000010.11:43123770:C:T,RET,LB
NC_000010.11:43126728:T:C,RET,LB
NC_000010.11:43126730:T:C,RET,LB
NC_000010.11:43126730:T:G,RET,VUS
NC_000010.11:43126733:C:A,RET,LB
NC_000010.11:43126734:A:G,RET,VUS
NC_000010.11:43126736:G:A,RET,LB
NC_000010.11:43128112:C:G,RET,LB
NC_000010.11:43128135:G:A,RET,VUS
NC_000010.11:43128183:T:G,RET,VUS
NC_000010.11:43128247:A:C,RET,VUS
NC_000010.11:86899805:G:A,BMPR1A,LB
NC_000010.11:86921547:A:G,BMPR1A,VUS
NC_000010.11:86923476:A:C,BMPR1A,VUS
NC_000010.11:87862429:A:G,PTEN,LB
NC_000010.11:87863956:G:T,PTEN,LB
NC_000010.11:87863958:G:A,PTEN,LB
NC_000010.11:87864003:G:A,PTEN,LB
NC_000010.11:87864009:G:C,PTEN,VUS
NC_000010.11:87864140:C:T,PTEN,LB
NC_000010.11:87864179:A:T,PTEN,LB
NC_000010.11:87864185:C:T,PTEN,LB
NC_000010.11:87864217:T:C,PTEN,LB
NC_000010.11:87864457:A:T,PTEN,LB
NC_000010.11:87960983:C:G,PTEN,LB
NC_000010.11:87965319:C:T,PTEN,VUS
NC_000011.10:32396396:CGT:TGC,WT1,VUS
NC_000011.10:32416531:G:C,WT1,VUS
NC_000011.10:32434791:G:A,WT1,LB
NC_000011.10:32435079:C:T,WT1,LB
NC_000011.10:32435136:C:T,WT1,LB
NC_000011.10:32435163:G:C,WT1,VUS
NC_000011.10:32435204:C:A,WT1,LB
NC_000011.10:32435329:A:C,WT1,VUS
NC_000011.10:32435334:G:T,WT1,VUS
NC_000011.10:47215172:T:C,DDB2,VUS
NC_000011.10:47216407:G:A,DDB2,LB
NC_000011.10:47232876:G:A,DDB2,VUS
NC_000011.10:64804340:C:A,MAP4K2,LB
NC_000011.10:64804545:T:C,MAP4K2,LB
NC_000011.10:64804545:TG:CA,MAP4K2,VUS
NC_000011.10:64804545:TG:CT,MAP4K2,LB
NC_000011.10:64804556:A:C,MAP4K2,LB
NC_000011.10:64804557:C:G,MAP4K2,LB
NC_000011.10:64804772:G:A,MAP4K2,VUS
NC_000011.10:64805634:C:G,MAP4K2,VUS
NC_000011.10:64807640:G:A,MAP4K2,LB
NC_000011.10:64809654:G:A,MEN1,LB
NC_000011.10:64809655:G:C,MEN1,LB
NC_000011.10:64809657:C:A,MEN1,LB
NC_000011.10:64809657:C:T,MEN1,VUS
NC_000011.10:108227778:G:C,ATM,LB
NC_000011.10:108227826:C:T,ATM,LB
NC_000011.10:108227863:A:T,ATM,VUS
NC_000011.10:108229188:A:G,ATM,VUS
NC_000011.10:108229270:G:T,ATM,VUS
NC_000011.10:108243958:T:A,ATM,LB
NC_000011.10:108244064:C:A,ATM,LB
NC_000011.10:108244080:T:G,ATM,VUS
NC_000011.10:108244101:G:A,ATM,LB
NC_000011.10:108244809:C:A,ATM,VUS
NC_000011.10:108244860:A:G,ATM,VUS
NC_000011.10:108247074:A:G,ATM,VUS
NC_000011.10:108249028:A:C,ATM,VUS
NC_000011.10:108249048:A:C,ATM,VUS
NC_000011.10:108250842:A:G,ATM,VUS
NC_000011.10:108250848:G:A,ATM,VUS
NC_000011.10:108250926:T:A,ATM,LB
NC_000011.10:108251896:A:C,ATM,LB
NC_000011.10:108251974:C:G,ATM,LB
NC_000011.10:108251988:G:C,ATM,LB
NC_000011.10:108252005:A:G,ATM,LB
NC_000011.10:108253822:C:A,ATM,VUS
NC_000011.10:108253842:T:C,ATM,LB
NC_000011.10:108253898:T:A,ATM,VUS
NC_000011.10:108253920:G:A,ATM,VUS
NC_000011.10:108253946:A:G,ATM,VUS
NC_000011.10:108253992:G:A,ATM,LB
NC_000011.10:108254033:T:A,ATM,LB
NC_000011.10:108267171:C:T,ATM,VUS
NC_000011.10:108267216:T:G,ATM,VUS
NC_000011.10:108267248:G:A,ATM,LB
NC_000011.10:108267251:G:C,ATM,VUS
NC_000011.10:108267276:T:C,ATM,VUS
NC_000011.10:108267277:T:G,ATM,LB
NC_000011.10:108267283:T:A,ATM,VUS
NC_000011.10:108267287:C:A,ATM,LB
NC_000011.10:108267300:T:G,ATM,LB
NC_000011.10:108272736:A:G,ATM,VUS
NC_000011.10:108272772:C:T,ATM,LB
NC_000011.10:108281063:A:G,ATM,VUS
NC_000011.10:108284395:A:G,ATM,VUS
NC_000011.10:108284442:G:T,ATM,LB
NC_000011.10:108284457:C:G,ATM,VUS
NC_000011.10:108287614:A:G,ATM,VUS
NC_000011.10:108287702:G:A,ATM,LB
NC_000011.10:108289798:A:T,ATM,LB
NC_000011.10:108293403:A:T,ATM,LB
NC_000011.10:108295017:T:G,ATM,VUS
NC_000011.10:108297351:A:C,ATM,VUS
NC_000011.10:108299797:C:T,ATM,VUS
NC_000011.10:108301775:C:A,ATM,LB
NC_000011.10:108302886:C:A,ATM,LB
NC_000011.10:108302999:A:G,ATM,LB
NC_000011.10:108304737:A:G,ATM,VUS
NC_000011.10:108304797:C:T,ATM,LB
NC_000011.10:108307933:A:T,ATM,VUS
NC_000011.10:108310302:A:T,ATM,VUS
NC_000011.10:108312433:G:A,ATM,VUS
NC_000011.10:108312437:G:C,ATM,VUS
NC_000011.10:108312473:A:T,ATM,LB
NC_000011.10:108312476:A:C,ATM,VUS
NC_000011.10:108315882:G:C,ATM,LB
NC_000011.10:108317514:C:G,ATM,VUS
NC_000011.10:108319973:G:A,ATM,VUS
NC_000011.10:108325319:C:G,ATM,VUS
NC_000011.10:108325389:G:A,ATM,LB
NC_000011.10:108325453:G:T,ATM,LB
NC_000011.10:108326219:G:A,ATM,VUS
NC_000011.10:108327646:C:G,ATM,LB
NC_000011.10:108327654:G:A,ATM,VUS
NC_000011.10:108329033:C:T,ATM,VUS
NC_000011.10:108329039:A:G,ATM,LB
NC_000011.10:108329057:G:A,ATM,LB
NC_000011.10:108330409:G:A,ATM,LB
NC_000011.10:108333944:G:A,ATM,VUS
NC_000011.10:108334990:G:A,ATM,LB
NC_000011.10:108345744:G:C,ATM,VUS
NC_000011.10:108365158:T:G,ATM,LB
NC_000011.10:108365181:T:C,ATM,VUS
NC_000011.10:108365349:G:A,ATM,VUS
NC_000011.10:108365448:C:A,ATM,LB
NC_000012.12:57748548:A:C,CDK4,VUS
NC_000012.12:57749207:C:G,CDK4,VUS
NC_000012.12:57749252:G:A,CDK4,VUS
NC_000012.12:57749453:T:G,CDK4,VUS
NC_000012.12:57750655:T:C,CDK4,VUS
NC_000012.12:57750924:C:A,CDK4,VUS
NC_000012.12:57751242:C:G,CDK4,VUS
NC_000012.12:57751302:C:A,CDK4,VUS
NC_000012.12:57751302:C:G,CDK4,VUS
NC_000012.12:57751578:C:T,CDK4,VUS
NC_000012.12:57751710:T:C,CDK4,LB
NC_000012.12:132624700:T:C,POLE,LB
NC_000012.12:132624929:T:C,POLE,VUS
NC_000012.12:132625697:T:C,POLE,VUS
NC_000012.12:132632760:G:T,POLE,VUS
NC_000012.12:132634208:T:C,POLE,VUS
NC_000012.12:132634309:A:C,POLE,VUS
NC_000012.12:132634324:A:T,POLE,VUS
NC_000012.12:132634347:C:A,POLE,VUS
NC_000012.12:132634356:C:T,POLE,VUS
NC_000012.12:132634374:C:A,POLE,VUS
NC_000012.12:132639149:T:C,POLE,VUS
NC_000012.12:132642392:A:G,POLE,VUS
NC_000012.12:132642539:C:T,POLE,VUS
NC_000012.12:132642667:G:C,POLE,LB
NC_000012.12:132642920:G:C,POLE,LB
NC_000012.12:132643326:C:T,POLE,VUS
NC_000012.12:132643530:G:C,POLE,VUS
NC_000012.12:132643939:T:C,POLE,LB
NC_000012.12:132649029:G:C,POLE,LB
NC_000012.12:132649459:C:A,POLE,VUS
NC_000012.12:132649502:C:A,POLE,LB
NC_000012.12:132649716:T:C,POLE,VUS
NC_000012.12:132649826:G:C,POLE,VUS
NC_000012.12:132657878:C:T,POLE,VUS
NC_000012.12:132675818:G:A,POLE,VUS
NC_000012.12:132677391:T:G,POLE,LB
NC_000012.12:132677408:G:A,POLE,LB
NC_000012.12:132679580:T:C,POLE,VUS
NC_000012.12:132679581:T:G,POLE,VUS
NC_000012.12:132681190:C:G,POLE,VUS
NC_000012.12:132687311:A:G,POLE,VUS
NC_000013.11:32316473:C:G,ZAR1L,LB
NC_000013.11:32316508:A:G,ZAR1L,VUS
NC_000013.11:32319126:C:G,ZAR1L,LB
NC_000013.11:32319268:C:T,ZAR1L,LB
NC_000013.11:32319276:C:G,ZAR1L,VUS
NC_000013.11:32326142:T:A,BRCA2,LB
NC_000013.11:32326514:A:C,BRCA2,VUS
NC_000013.11:32326517:A:G,BRCA2,LB
NC_000013.11:32329448:A:G,BRCA2,VUS
NC_000013.11:32329463:A:C,BRCA2,VUS
NC_000013.11:32329473:T:G,BRCA2,LB
NC_000013.11:32330998:A:T,BRCA2,LB
NC_000013.11:32332273:T:C,BRCA2,LB
NC_000013.11:32332342:AAT:CAC,BRCA2,VUS
NC_000013.11:32332342:A:C,BRCA2,LB
NC_000013.11:32332344:T:A,BRCA2,VUS
NC_000013.11:32332345:G:C,BRCA2,LB
NC_000013.11:32332385:C:T,BRCA2,LB
NC_000013.11:32332427:C:G,BRCA2,LB
NC_000013.11:32332440:A:C,BRCA2,LB
NC_000013.11:32332539:T:G,BRCA2,VUS
NC_000013.11:32332549:G:A,BRCA2,LB
NC_000013.11:32332550:T:C,BRCA2,VUS
NC_000013.11:32332558:A:G,BRCA2,LB
NC_000013.11:32332583:A:G,BRCA2,LB
NC_000013.11:32332591:A:C,BRCA2,LB
NC_000013.11:32332594:C:A,BRCA2,LB
NC_000013.11:32332601:C:T,BRCA2,LB
NC_000013.11:32332606:G:C,BRCA2,LB
NC_000013.11:32332707:A:C,BRCA2,VUS
NC_000013.11:32332733:G:A,BRCA2,VUS
NC_000013.11:32332776:C:A,BRCA2,LB
NC_000013.11:32332787:A:C,BRCA2,VUS
NC_000013.11:32332790:A:T,BRCA2,LB
NC_000013.11:32332794:T:A,BRCA2,LB
NC_000013.11:32332831:C:A,BRCA2,LB
NC_000013.11:32332847:A:C,BRCA2,VUS
NC_000013.11:32332850:C:G,BRCA2,LB
NC_000013.11:32332936:G:T,BRCA2,LB
NC_000013.11:32332957:G:C,BRCA2,VUS
NC_000013.11:32332962:TT:GG,BRCA2,VUS
NC_000013.11:32332973:A:G,BRCA2,LB
NC_000013.11:32332990:A:C,BRCA2,VUS
NC_000013.11:32332990:A:G,BRCA2,LB
NC_000013.11:32333092:G:A,BRCA2,LB
NC_000013.11:32333103:A:G,BRCA2,LB
NC_000013.11:32333119:C:A,BRCA2,VUS
NC_000013.11:32333147:T:C,BRCA2,VUS
NC_000013.11:32333152:G:A,BRCA2,LB
NC_000013.11:32333155:A:G,BRCA2,LB
NC_000013.11:32333157:T:G,BRCA2,VUS
NC_000013.11:32333198:T:C,BRCA2,VUS
NC_000013.11:32333224:T:A,BRCA2,LB
NC_000013.11:32333273:C:T,BRCA2,LB
NC_000013.11:32333281:G:A,BRCA2,LB
NC_000013.11:32333319:T:G,BRCA2,VUS
NC_000013.11:32333329:G:C,BRCA2,LB
NC_000013.11:32333342:C:T,BRCA2,LB
NC_000013.11:32333352:T:G,BRCA2,VUS
NC_000013.11:32336291:G:A,BRCA2,LB
NC_000013.11:32336292:C:A,BRCA2,LB
NC_000013.11:32336296:T:C,BRCA2,VUS
NC_000013.11:32336392:A:G,BRCA2,VUS
NC_000013.11:32336473:G:T,BRCA2,LB
NC_000013.11:32336486:G:T,BRCA2,VUS
NC_000013.11:32336492:A:C,BRCA2,LB
NC_000013.11:32336563:G:T,BRCA2,LB
NC_000013.11:32336573:C:T,BRCA2,LB
NC_000013.11:32336575:G:T,BRCA2,LB
NC_000013.11:32336597:A:G,BRCA2,LB
NC_000013.11:32336603:A:G,BRCA2,LB
NC_000013.11:32336629:C:T,BRCA2,LB
NC_000013.11:32336757:C:A,BRCA2,LB
NC_000013.11:32336808:T:A,BRCA2,LB
NC_000013.11:32336836:T:C,BRCA2,LB
NC_000013.11:32336837:A:G,BRCA2,LB
NC_000013.11:32336845:G:T,BRCA2,VUS
NC_000013.11:32336857:C:T,BRCA2,LB
NC_000013.11:32336877:A:T,BRCA2,LB
NC_000013.11:32336922:T:A,BRCA2,LB
NC_000013.11:32336977:G:C,BRCA2,LB
NC_000013.11:32337052:A:G,BRCA2,LB
NC_000013.11:32337056:T:C,BRCA2,VUS
NC_000013.11:32337116:T:A,BRCA2,LB
NC_000013.11:32337179:C:T,BRCA2,VUS
NC_000013.11:32337185:A:C,BRCA2,VUS
NC_000013.11:32337226:A:G,BRCA2,LB
NC_000013.11:32337238:C:T,BRCA2,LB
NC_000013.11:32337304:G:A,BRCA2,VUS
NC_000013.11:32337316:G:A,BRCA2,LB
NC_000013.11:32337319:T:G,BRCA2,LB
NC_000013.11:32337325:A:G,BRCA2,LB
NC_000013.11:32337428:A:G,BRCA2,LB
NC_000013.11:32337470:C:T,BRCA2,LB
NC_000013.11:32337476:G:A,BRCA2,LB
NC_000013.11:32337486:T:G,BRCA2,LB
NC_000013.11:32337578:G:A,BRCA2,LB
NC_000013.11:32337587:T:G,BRCA2,LB
NC_000013.11:32337596:G:C,BRCA2,VUS
NC_000013.11:32337598:A:G,BRCA2,VUS
NC_000013.11:32337619:C:G,BRCA2,VUS
NC_000013.11:32337646:A:T,BRCA2,LB
NC_000013.11:32337750:A:C,BRCA2,LB
NC_000013.11:32337755:G:C,BRCA2,LB
NC_000013.11:32337757:T:C,BRCA2,LB
NC_000013.11:32337801:G:C,BRCA2,LB
NC_000013.11:32337865:C:G,BRCA2,VUS
NC_000013.11:32337873:T:G,BRCA2,LB
NC_000013.11:32337890:G:A,BRCA2,LB
NC_000013.11:32337908:C:G,BRCA2,VUS
NC_000013.11:32337927:G:C,BRCA2,VUS
NC_000013.11:32337931:G:T,BRCA2,LB
NC_000013.11:32337950:A:G,BRCA2,LB
NC_000013.11:32337956:A:G,BRCA2,LB
NC_000013.11:32337968:C:A,BRCA2,VUS
NC_000013.11:32338011:T:G,BRCA2,VUS
NC_000013.11:32338111:G:A,BRCA2,VUS
NC_000013.11:32338127:T:G,BRCA2,LB
NC_000013.11:32338133:T:C,BRCA2,VUS
NC_000013.11:32338147:T:A,BRCA2,LB
NC_000013.11:32338153:G:A,BRCA2,LB
NC_000013.11:32338169:T:G,BRCA2,VUS
NC_000013.11:32338177:A:G,BRCA2,LB
NC_000013.11:32338197:A:C,BRCA2,VUS
NC_000013.11:32338201:G:T,BRCA2,VUS
NC_000013.11:32338202:T:G,BRCA2,LB
NC_000013.11:32338212:A:T,BRCA2,LB
NC_000013.11:32338216:A:G,BRCA2,VUS
NC_000013.11:32338240:A:C,BRCA2,VUS
NC_000013.11:32338259:C:A,BRCA2,LB
NC_000013.11:32338270:G:A,BRCA2,LB
NC_000013.11:32338296:G:C,BRCA2,LB
NC_000013.11:32338298:G:A,BRCA2,LB
NC_000013.11:32338313:A:G,BRCA2,LB
NC_000013.11:32338382:A:G,BRCA2,VUS
NC_000013.11:32338400:T:C,BRCA2,LB
NC_000013.11:32338413:A:C,BRCA2,VUS
NC_000013.11:32338423:C:A,BRCA2,VUS
NC_000013.11:32338433:A:T,BRCA2,LB
NC_000013.11:32338441:A:C,BRCA2,VUS
NC_000013.11:32338480:G:A,BRCA2,VUS
NC_000013.11:32338480:G:C,BRCA2,VUS
NC_000013.11:32338484:A:T,BRCA2,LB
NC_000013.11:32338504:T:G,BRCA2,LB
NC_000013.11:32338517:C:A,BRCA2,LB
NC_000013.11:32338540:C:G,BRCA2,LB
NC_000013.11:32338573:G:C,BRCA2,VUS
NC_000013.11:32338613:A:G,BRCA2,VUS
NC_000013.11:32338625:C:G,BRCA2,LB
NC_000013.11:32338772:A:G,BRCA2,VUS
NC_000013.11:32338789:A:C,BRCA2,LB
NC_000013.11:32338790:G:C,BRCA2,LB
NC_000013.11:32338792:T:C,BRCA2,LB
NC_000013.11:32338796:A:G,BRCA2,VUS
NC_000013.11:32338843:G:T,BRCA2,LB
NC_000013.11:32338875:G:C,BRCA2,LB
NC_000013.11:32338877:G:T,BRCA2,VUS
NC_000013.11:32338893:T:A,BRCA2,LB
NC_000013.11:32338920:G:T,BRCA2,LB
NC_000013.11:32338924:T:G,BRCA2,LB
NC_000013.11:32338931:C:G,BRCA2,VUS
NC_000013.11:32338947:A:T,BRCA2,LB
NC_000013.11:32338963:G:A,BRCA2,LB
NC_000013.11:32338993:G:A,BRCA2,LB
NC_000013.11:32339021:T:C,BRCA2,VUS
NC_000013.11:32339024:C:G,BRCA2,LB
NC_000013.11:32339039:A:G,BRCA2,LB
NC_000013.11:32339072:G:A,BRCA2,LB
NC_000013.11:32339163:C:A,BRCA2,LB
NC_000013.11:32339174:T:A,BRCA2,VUS
NC_000013.11:32339180:C:G,BRCA2,LB
NC_000013.11:32339180:C:T,BRCA2,LB
NC_000013.11:32339290:G:A,BRCA2,LB
NC_000013.11:32339353:T:A,BRCA2,LB
NC_000013.11:32339357:C:G,BRCA2,LB
NC_000013.11:32339404:A:T,BRCA2,LB
NC_000013.11:32339425:A:C,BRCA2,VUS
NC_000013.11:32339501:A:G,BRCA2,LB
NC_000013.11:32339506:A:G,BRCA2,VUS
NC_000013.11:32339578:A:G,BRCA2,LB
NC_000013.11:32339585:G:A,BRCA2,LB
NC_000013.11:32339594:A:G,BRCA2,VUS
NC_000013.11:32339606:A:C,BRCA2,LB
NC_000013.11:32339652:T:A,BRCA2,LB
NC_000013.11:32339662:T:G,BRCA2,VUS
NC_000013.11:32339677:G:C,BRCA2,LB
NC_000013.11:32339688:T:A,BRCA2,LB
NC_000013.11:32339767:A:G,BRCA2,LB
NC_000013.11:32339821:A:C,BRCA2,LB
NC_000013.11:32339836:A:G,BRCA2,LB
NC_000013.11:32339897:G:C,BRCA2,LB
NC_000013.11:32339989:GAGAAT:AAGAAG,BRCA2,LB
NC_000013.11:32340025:G:A,BRCA2,LB
NC_000013.11:32340034:T:C,BRCA2,VUS
NC_000013.11:32340037:G:C,BRCA2,LB
NC_000013.11:32340059:A:C,BRCA2,VUS
NC_000013.11:32340085:G:C,BRCA2,LB
NC_000013.11:32340086:A:G,BRCA2,LB
NC_000013.11:32340086:A:T,BRCA2,LB
NC_000013.11:32340098:C:A,BRCA2,LB
NC_000013.11:32340098:C:T,BRCA2,LB
NC_000013.11:32340136:G:C,BRCA2,VUS
NC_000013.11:32340158:A:T,BRCA2,VUS
NC_000013.11:32340162:G:T,BRCA2,LB
NC_000013.11:32340184:A:G,BRCA2,LB
NC_000013.11:32340187:A:G,BRCA2,VUS
NC_000013.11:32340202:G:A,BRCA2,LB
NC_000013.11:32340372:T:A,BRCA2,LB
NC_000013.11:32340388:T:C,BRCA2,VUS
NC_000013.11:32340405:A:C,BRCA2,VUS
NC_000013.11:32340418:T:G,BRCA2,VUS
NC_000013.11:32340518:T:A,BRCA2,LB
NC_000013.11:32340536:C:T,BRCA2,LB
NC_000013.11:32340541:GG:AA,BRCA2,VUS
NC_000013.11:32340560:T:C,BRCA2,VUS
NC_000013.11:32340568:T:A,BRCA2,LB
NC_000013.11:32340644:C:A,BRCA2,LB
NC_000013.11:32340738:A:C,BRCA2,LB
NC_000013.11:32340766:G:A,BRCA2,VUS
NC_000013.11:32340857:G:C,BRCA2,LB
NC_000013.11:32340886:C:T,BRCA2,LB
NC_000013.11:32340890:T:C,BRCA2,LB
NC_000013.11:32340895:G:A,BRCA2,LB
NC_000013.11:32340937:G:A,BRCA2,LB
NC_000013.11:32340985:G:A,BRCA2,LB
NC_000013.11:32341010:C:T,BRCA2,VUS
NC_000013.11:32341052:C:T,BRCA2,LB
NC_000013.11:32341180:C:G,BRCA2,LB
NC_000013.11:32344578:A:G,BRCA2,VUS
NC_000013.11:32346831:A:T,BRCA2,LB
NC_000013.11:32346894:C:G,BRCA2,LB
NC_000013.11:32354869:G:C,BRCA2,LB
NC_000013.11:32354973:A:T,BRCA2,VUS
NC_000013.11:32355039:T:C,BRCA2,LB
NC_000013.11:32355040:G:T,BRCA2,LB
NC_000013.11:32355147:G:A,BRCA2,VUS
NC_000013.11:32355171:A:G,BRCA2,LB
NC_000013.11:32355188:A:G,BRCA2,LB
NC_000013.11:32355196:G:T,BRCA2,LB
NC_000013.11:32355204:A:G,BRCA2,LB
NC_000013.11:32355206:A:T,BRCA2,VUS
NC_000013.11:32355223:T:A,BRCA2,LB
NC_000013.11:32355249:TA:CG,BRCA2,LB
NC_000013.11:32355249:TA:CT,BRCA2,VUS
NC_000013.11:32355249:T:C,BRCA2,LB
NC_000013.11:32355267:A:C,BRCA2,LB
NC_000013.11:32355275:G:A,BRCA2,VUS
NC_000013.11:32356450:G:A,BRCA2,VUS
NC_000013.11:32356454:G:C,BRCA2,VUS
NC_000013.11:32356456:G:C,BRCA2,VUS
NC_000013.11:32356460:T:C,BRCA2,LB
NC_000013.11:32356465:G:A,BRCA2,VUS
NC_000013.11:32356474:A:G,BRCA2,VUS
NC_000013.11:32356504:C:T,BRCA2,VUS
NC_000013.11:32356547:C:G,BRCA2,VUS
NC_000013.11:32356563:A:T,BRCA2,VUS
NC_000013.11:32356576:G:C,BRCA2,VUS
NC_000013.11:32356577:G:T,BRCA2,VUS
NC_000013.11:32356585:C:G,BRCA2,VUS
NC_000013.11:32356606:C:G,BRCA2,VUS
NC_000013.11:32357747:A:G,BRCA2,VUS
NC_000013.11:32357748:C:G,BRCA2,VUS
NC_000013.11:32357759:T:C,BRCA2,VUS
NC_000013.11:32357765:C:A,BRCA2,VUS
NC_000013.11:32357769:G:C,BRCA2,VUS
NC_000013.11:32357775:A:G,BRCA2,VUS
NC_000013.11:32357787:A:C,BRCA2,VUS
NC_000013.11:32357796:A:C,BRCA2,VUS
NC_000013.11:32357822:T:C,BRCA2,VUS
NC_000013.11:32357854:A:C,BRCA2,LB
NC_000013.11:32357854:A:T,BRCA2,LB
NC_000013.11:32357864:T:G,BRCA2,VUS
NC_000013.11:32357885:A:C,BRCA2,VUS
NC_000013.11:32362529:T:C,BRCA2,VUS
NC_000013.11:32362563:C:G,BRCA2,VUS
NC_000013.11:32362611:C:G,BRCA2,LB
NC_000013.11:32362614:C:T,BRCA2,VUS
NC_000013.11:32362618:G:A,BRCA2,LB
NC_000013.11:32362621:A:C,BRCA2,VUS
NC_000013.11:32362632:C:G,BRCA2,LB
NC_000013.11:32363191:A:T,BRCA2,VUS
NC_000013.11:32363205:A:C,BRCA2,VUS
NC_000013.11:32363215:A:G,BRCA2,LB
NC_000013.11:32363222:A:T,BRCA2,VUS
NC_000013.11:32363223:G:T,BRCA2,LB
NC_000013.11:32363276:A:G,BRCA2,VUS
NC_000013.11:32363291:G:T,BRCA2,VUS
NC_000013.11:32363294:C:G,BRCA2,VUS
NC_000013.11:32363303:C:T,BRCA2,VUS
NC_000013.11:32363309:C:A,BRCA2,VUS
NC_000013.11:32363323:A:T,BRCA2,VUS
NC_000013.11:32363324:C:G,BRCA2,VUS
NC_000013.11:32363345:A:G,BRCA2,VUS
NC_000013.11:32363362:C:G,BRCA2,VUS
NC_000013.11:32363383:G:T,BRCA2,VUS
NC_000013.11:32363394:G:C,BRCA2,VUS
NC_000013.11:32363395:T:G,BRCA2,VUS
NC_000013.11:32363402:C:G,BRCA2,VUS
NC_000013.11:32363413:G:A,BRCA2,VUS
NC_000013.11:32363419:T:A,BRCA2,VUS
NC_000013.11:32363428:G:T,BRCA2,LB
NC_000013.11:32363446:C:G,BRCA2,VUS
NC_000013.11:32363455:A:G,BRCA2,VUS
NC_000013.11:32363458:C:T,BRCA2,VUS
NC_000013.11:32363471:A:T,BRCA2,VUS
NC_000013.11:32363509:G:A,BRCA2,LB
NC_000013.11:32363516:A:T,BRCA2,VUS
NC_000013.11:32363527:T:A,BRCA2,LB
NC_000013.11:32370414:G:A,BRCA2,VUS
NC_000013.11:32370415:T:A,BRCA2,VUS
NC_000013.11:32370422:C:A,BRCA2,LB
NC_000013.11:32370429:G:T,BRCA2,VUS
NC_000013.11:32370435:A:T,BRCA2,VUS
NC_000013.11:32370452:T:G,BRCA2,VUS
NC_000013.11:32370453:T:G,BRCA2,VUS
NC_000013.11:32370458:G:C,BRCA2,VUS
NC_000013.11:32370464:A:G,BRCA2,VUS
NC_000013.11:32370466:A:T,BRCA2,VUS
NC_000013.11:32370480:C:A,BRCA2,VUS
NC_000013.11:32370482:T:A,BRCA2,VUS
NC_000013.11:32370497:A:T,BRCA2,VUS
NC_000013.11:32370500:G:A,BRCA2,VUS
NC_000013.11:32370540:G:A,BRCA2,VUS
NC_000013.11:32370542:G:T,BRCA2,VUS
NC_000013.11:32370961:G:A,BRCA2,VUS
NC_000013.11:32370966:G:C,BRCA2,LB
NC_000013.11:32371019:C:T,BRCA2,LB
NC_000013.11:32371030:G:A,BRCA2,VUS
NC_000013.11:32371052:T:A,BRCA2,LB
NC_000013.11:32371062:A:T,BRCA2,VUS
NC_000013.11:32371076:A:C,BRCA2,VUS
NC_000013.11:32371080:G:C,BRCA2,VUS
NC_000013.11:32371085:T:C,BRCA2,VUS
NC_000013.11:32371092:A:C,BRCA2,VUS
NC_000013.11:32376675:C:T,BRCA2,LB
NC_000013.11:32376677:A:C,BRCA2,VUS
NC_000013.11:32376684:C:T,BRCA2,VUS
NC_000013.11:32376692:C:A,BRCA2,VUS
NC_000013.11:32376693:C:A,BRCA2,VUS
NC_000013.11:32376698:C:A,BRCA2,VUS
NC_000013.11:32376698:C:T,BRCA2,LB
NC_000013.11:32376705:T:C,BRCA2,VUS
NC_000013.11:32376705:T:G,BRCA2,VUS
NC_000013.11:32376738:G:A,BRCA2,LB
NC_000013.11:32376740:G:T,BRCA2,VUS
NC_000013.11:32376743:G:A,BRCA2,VUS
NC_000013.11:32376743:G:C,BRCA2,VUS
NC_000013.11:32376764:A:G,BRCA2,VUS
NC_000013.11:32376770:G:A,BRCA2,LB
NC_000013.11:32376770:G:C,BRCA2,VUS
NC_000013.11:32376785:C:T,BRCA2,VUS
NC_000013.11:32379319:T:C,BRCA2,VUS
NC_000013.11:32379325:A:G,BRCA2,LB
NC_000013.11:32379347:T:G,BRCA2,LB
NC_000013.11:32379353:A:C,BRCA2,VUS
NC_000013.11:32379367:T:G,BRCA2,VUS
NC_000013.11:32379371:A:C,BRCA2,VUS
NC_000013.11:32379388:C:G,BRCA2,VUS
NC_000013.11:32379391:A:T,BRCA2,LB
NC_000013.11:32379394:C:G,BRCA2,VUS
NC_000013.11:32379400:G:A,BRCA2,LB
NC_000013.11:32379410:A:C,BRCA2,VUS
NC_000013.11:32379410:A:G,BRCA2,VUS
NC_000013.11:32379411:G:C,BRCA2,LB
NC_000013.11:32379412:G:A,BRCA2,LB
NC_000013.11:32379412:G:C,BRCA2,VUS
NC_000013.11:32379412:G:T,BRCA2,LB
NC_000013.11:32379416:T:C,BRCA2,VUS
NC_000013.11:32379432:A:T,BRCA2,VUS
NC_000013.11:32379439:C:G,BRCA2,LB
NC_000013.11:32379491:A:G,BRCA2,VUS
NC_000013.11:32379496:A:C,BRCA2,VUS
NC_000013.11:32379503:A:T,BRCA2,VUS
NC_000013.11:32379509:A:G,BRCA2,VUS
NC_000013.11:32379754:C:G,BRCA2,VUS
NC_000013.11:32379781:T:G,BRCA2,VUS
NC_000013.11:32379790:C:G,BRCA2,LB
NC_000013.11:32379838:A:G,BRCA2,LB
NC_000013.11:32379852:A:C,BRCA2,VUS
NC_000013.11:32379863:C:A,BRCA2,VUS
NC_000013.11:32379865:A:G,BRCA2,VUS
NC_000013.11:32379874:T:A,BRCA2,VUS
NC_000013.11:32379884:C:T,BRCA2,LB
NC_000013.11:32379890:A:G,BRCA2,VUS
NC_000013.11:32379899:A:T,BRCA2,VUS
NC_000013.11:32379905:A:T,BRCA2,VUS
NC_000013.11:32380017:A:T,BRCA2,VUS
NC_000013.11:32380032:T:G,BRCA2,VUS
NC_000013.11:32380051:C:A,BRCA2,VUS
NC_000013.11:32380055:A:C,BRCA2,VUS
NC_000013.11:32380057:T:G,BRCA2,VUS
NC_000013.11:32380063:A:G,BRCA2,LB
NC_000013.11:32380066:T:A,BRCA2,VUS
NC_000013.11:32380066:T:G,BRCA2,VUS
NC_000013.11:32380075:C:T,BRCA2,LB
NC_000013.11:32380078:G:C,BRCA2,VUS
NC_000013.11:32380087:C:T,BRCA2,LB
NC_000013.11:32380111:A:G,BRCA2,VUS
NC_000013.11:32380132:G:C,BRCA2,VUS
NC_000013.11:32380142:C:G,BRCA2,VUS
NC_000013.11:32394700:T:C,BRCA2,VUS
NC_000013.11:32394710:G:T,BRCA2,VUS
NC_000013.11:32394717:G:C,BRCA2,VUS
NC_000013.11:32394747:T:C,BRCA2,VUS
NC_000013.11:32394769:T:G,BRCA2,VUS
NC_000013.11:32394798:A:C,BRCA2,VUS
NC_000013.11:32394801:A:C,BRCA2,LB
NC_000013.11:32394816:C:A,BRCA2,VUS
NC_000013.11:32394819:G:A,BRCA2,VUS
NC_000013.11:32394820:A:T,BRCA2,VUS
NC_000013.11:32394841:C:G,BRCA2,VUS
NC_000013.11:32394852:G:C,BRCA2,VUS
NC_000013.11:32394889:G:A,BRCA2,VUS
NC_000013.11:32394901:A:G,BRCA2,VUS
NC_000013.11:32396913:G:T,N4BP2L1,VUS
NC_000013.11:32396917:T:A,N4BP2L1,VUS
NC_000013.11:32396933:C:T,N4BP2L1,LB
NC_000013.11:32396956:T:A,N4BP2L1,LB
NC_000013.11:32396983:A:C,N4BP2L1,VUS
NC_000013.11:32397017:A:G,N4BP2L1,VUS
NC_000013.11:32397038:C:T,N4BP2L1,LB
NC_000013.11:32397039:T:A,N4BP2L1,VUS
NC_000013.11:32398185:T:A,N4BP2L1,LB
NC_000013.11:32398216:C:A,N4BP2L1,VUS
NC_000013.11:32398242:G:A,N4BP2L1,LB
NC_000013.11:32398261:C:T,N4BP2L1,LB
NC_000013.11:32398284:G:A,N4BP2L1,VUS
NC_000013.11:32398421:T:G,N4BP2L1,VUS
NC_000013.11:32398424:T:G,N4BP2L1,VUS
NC_000013.11:32398428:A:G,N4BP2L1,LB
NC_000013.11:32398429:C:T,N4BP2L1,LB
NC_000013.11:32398476:A:C,N4BP2L1,LB
NC_000013.11:32398487:T:G,N4BP2L1,VUS
NC_000013.11:32398521:A:G,N4BP2L1,LB
NC_000013.11:32398543:T:A,N4BP2L1,LB
NC_000013.11:32398554:A:G,N4BP2L1,VUS
NC_000013.11:32398605:G:A,N4BP2L1,VUS
NC_000013.11:32398613:A:C,N4BP2L1,LB
NC_000013.11:32398623:A:G,N4BP2L1,LB
NC_000013.11:32398694:G:C,N4BP2L1,VUS
NC_000013.11:32398707:G:T,N4BP2L1,LB
NC_000013.11:32398719:G:C,N4BP2L1,VUS
NC_000013.11:32398738:A:C,N4BP2L1,VUS
NC_000013.11:32398743:A:G,N4BP2L1,LB
NC_000013.11:32398746:A:G,N4BP2L1,LB
NC_000013.11:32398747:T:G,N4BP2L1,LB
NC_000013.11:32398750:C:T,N4BP2L1,LB
NC_000013.11:32398755:A:G,N4BP2L1,LB
NC_000013.11:48303975:G:C,RB1,VUS
NC_000013.11:48307296:C:T,RB1,LB
NC_000013.11:48307314:C:T,RB1,LB
NC_000013.11:48307394:G:A,RB1,VUS
NC_000013.11:48345095:A:G,RB1,VUS
NC_000013.11:48347859:G:A,RB1,VUS
NC_000013.11:48348972:A:G,RB1,VUS
NC_000013.11:48348978:C:T,RB1,LB
NC_000013.11:48360018:G:C,RB1,VUS
NC_000013.11:48360093:C:T,RB1,LB
NC_000013.11:48367595:A:G,RB1,LB
NC_000013.11:48373432:A:G,RB1,LB
NC_000013.11:48376944:A:C,RB1,LB
NC_000013.11:48377016:G:A,RB1,VUS
NC_000013.11:48380070:A:C,RB1,LB
NC_000013.11:48381266:G:A,RB1,LB
NC_000013.11:48381366:G:T,RB1,LB
NC_000013.11:48412057:A:T,RB1,LB
NC_000013.11:48412065:A:C,RB1,LB
NC_000013.11:48412069:A:C,RB1,LB
NC_000013.11:48412184:C:T,RB1,LB
NC_000013.11:48456246:A:G,RB1,VUS
NC_000013.11:48456249:C:G,RB1,LB
NC_000013.11:48456276:A:G,RB1,LB
NC_000013.11:48456286:C:T,RB1,LB
NC_000013.11:48459693:G:A,RB1,LB
NC_000013.11:48459815:G:C,RB1,LB
NC_000013.11:48465058:C:T,RB1,LB
NC_000013.11:48476781:C:A,RB1,LB
NC_000013.11:48479983:C:T,RB1,LB
NC_000013.11:48479993:C:A,RB1,VUS
NC_000013.11:48479998:T:C,RB1,VUS
NC_000013.11:48479998:T:G,RB1,VUS
NC_000013.11:48480010:A:G,RB1,VUS
NC_000013.11:102862763:C:T,ERCC5,LB
NC_000013.11:102862946:G:A,ERCC5,LB
NC_000013.11:102875498:G:C,ERCC5,LB
NC_000013.11:102875544:C:T,ERCC5,LB
NC_000013.11:102875550:T:C,ERCC5,VUS
NC_000013.11:102875579:G:C,ERCC5,LB
NC_000013.11:102875579:GG:CA,ERCC5,LB
NC_000013.11:102875691:C:G,ERCC5,VUS
NC_000015.10:90749403:A:G,BLM,VUS
NC_000015.10:90749497:T:C,BLM,VUS
NC_000015.10:90749667:A:G,BLM,VUS
NC_000015.10:90749686:A:G,BLM,LB
NC_000015.10:90749722:A:G,BLM,LB
NC_000015.10:90749758:A:G,BLM,VUS
NC_000015.10:90749862:T:C,BLM,VUS
NC_000015.10:90749919:A:G,BLM,LB
NC_000015.10:90750037:C:T,BLM,VUS
NC_000015.10:90751799:G:C,BLM,VUS
NC_000015.10:90751818:G:A,BLM,LB
NC_000015.10:90751860:G:A,BLM,VUS
NC_000015.10:90751910:T:G,BLM,VUS
NC_000015.10:90751917:G:A,BLM,VUS
NC_000015.10:90760705:C:T,BLM,LB
NC_000015.10:90760712:G:A,BLM,VUS
NC_000015.10:90760850:A:G,BLM,VUS
NC_000015.10:90760856:A:C,BLM,VUS
NC_000015.10:90761086:C:T,BLM,LB
NC_000015.10:90782868:CGA:TAG,BLM,VUS
NC_000015.10:90794263:A:G,BLM,LB
NC_000015.10:90798231:G:A,BLM,VUS
NC_000015.10:90803537:A:C,BLM,VUS
NC_000015.10:90803699:G:A,BLM,LB
NC_000015.10:90803711:A:C,BLM,LB
NC_000015.10:90811221:G:C,BLM,LB
NC_000015.10:90811236:A:G,BLM,VUS
NC_000015.10:90815121:A:G,BLM,VUS
NC_000015.10:90815206:C:A,BLM,LB
NC_000015.10:90815237:A:G,BLM,LB
NC_000016.10:2046169:A:C,TSC2,VUS
NC_000016.10:2046215:A:G,TSC2,VUS
NC_000016.10:2046283:C:T,TSC2,VUS
NC_000016.10:2046286:A:G,TSC2,VUS
NC_000016.10:2046292:C:G,TSC2,LB
NC_000016.10:2046292:C:T,TSC2,LB
NC_000016.10:2046295:G:A,TSC2,LB
NC_000016.10:2046295:G:C,TSC2,LB
NC_000016.10:2046296:C:G,TSC2,VUS
NC_000016.10:2046298:C:T,TSC2,LB
NC_000016.10:2046362:G:C,TSC2,LB
NC_000016.10:2047722:C:T,TSC2,LB
NC_000016.10:2047723:T:C,TSC2,VUS
NC_000016.10:2047782:C:G,TSC2,VUS
NC_000016.10:2048618:G:T,TSC2,LB
NC_000016.10:2048627:A:G,TSC2,LB
NC_000016.10:2048631:G:C,TSC2,LB
NC_000016.10:2048665:T:G,TSC2,VUS
NC_000016.10:2048678:G:A,TSC2,LB
NC_000016.10:2048696:C:T,TSC2,LB
NC_000016.10:2048730:T:C,TSC2,LB
NC_000016.10:2050456:G:C,TSC2,LB
NC_000016.10:2053372:C:A,TSC2,LB
NC_000016.10:2053385:G:T,TSC2,LB
NC_000016.10:2053464:G:A,TSC2,VUS
NC_000016.10:2053465:C:G,TSC2,LB
NC_000016.10:2053467:A:G,TSC2,VUS
NC_000016.10:2054300:G:T,TSC2,VUS
NC_000016.10:2054310:G:A,TSC2,LB
NC_000016.10:2054343:G:T,TSC2,LB
NC_000016.10:2054346:T:C,TSC2,LB
NC_000016.10:2054356:A:C,TSC2,LB
NC_000016.10:2054361:G:A,TSC2,LB
NC_000016.10:2054391:G:A,TSC2,LB
NC_000016.10:2054432:A:G,TSC2,VUS
NC_000016.10:2054435:G:A,TSC2,VUS
NC_000016.10:2055405:C:G,TSC2,LB
NC_000016.10:2056218:G:A,TSC2,LB
NC_000016.10:2056698:G:A,TSC2,LB
NC_000016.10:2056715:G:A,TSC2,LB
NC_000016.10:2056737:A:T,TSC2,LB
NC_000016.10:2057111:G:T,TSC2,LB
NC_000016.10:2057173:G:A,TSC2,LB
NC_000016.10:2060682:C:T,TSC2,LB
NC_000016.10:2060729:A:C,TSC2,VUS
NC_000016.10:2060755:G:C,TSC2,LB
NC_000016.10:2060759:G:C,TSC2,LB
NC_000016.10:2061891:A:G,TSC2,LB
NC_000016.10:2061997:A:G,TSC2,VUS
NC_000016.10:2062505:C:A,TSC2,LB
NC_000016.10:2062509:T:C,TSC2,LB
NC_000016.10:2062514:C:G,TSC2,LB
NC_000016.10:2062535:T:C,TSC2,VUS
NC_000016.10:2062567:G:C,TSC2,LB
NC_000016.10:2064299:C:T,TSC2,LB
NC_000016.10:2064357:G:C,TSC2,LB
NC_000016.10:2064360:G:T,TSC2,LB
NC_000016.10:2065546:C:T,TSC2,LB
NC_000016.10:2065569:G:T,TSC2,LB
NC_000016.10:2070494:G:C,TSC2,LB
NC_000016.10:2071527:C:G,TSC2,LB
NC_000016.10:2071564:C:T,TSC2,LB
NC_000016.10:2071567:A:G,TSC2,LB
NC_000016.10:2071591:G:T,TSC2,VUS
NC_000016.10:2071787:C:T,TSC2,LB
NC_000016.10:2071851:C:G,TSC2,LB
NC_000016.10:2071921:G:C,TSC2,VUS
NC_000016.10:2072342:T:A,TSC2,LB
NC_000016.10:2072349:C:T,TSC2,LB
NC_000016.10:2072858:C:T,TSC2,VUS
NC_000016.10:2072926:G:T,TSC2,LB
NC_000016.10:2072968:G:A,TSC2,LB
NC_000016.10:2072978:A:G,TSC2,LB
NC_000016.10:2074242:G:C,TSC2,LB
NC_000016.10:2074268:T:G,TSC2,LB
NC_000016.10:2074271:A:G,TSC2,LB
NC_000016.10:2074289:C:T,TSC2,LB
NC_000016.10:2075817:C:A,TSC2,LB
NC_000016.10:2075832:TGCCG:CGCCA,TSC2,VUS
NC_000016.10:2075879:C:G,TSC2,LB
NC_000016.10:2076078:A:G,TSC2,LB
NC_000016.10:2076129:G:T,TSC2,LB
NC_000016.10:2076137:T:C,TSC2,VUS
NC_000016.10:2076532:G:A,TSC2,LB
NC_000016.10:2077629:T:G,TSC2,LB
NC_000016.10:2079086:G:A,TSC2,LB
NC_000016.10:2079282:G:A,TSC2,LB
NC_000016.10:2079319:C:T,TSC2,LB
NC_000016.10:2079660:C:G,TSC2,LB
NC_000016.10:2080206:C:T,TSC2,LB
NC_000016.10:2080242:G:T,TSC2,LB
NC_000016.10:2080256:G:A,TSC2,LB
NC_000016.10:2080256:G:T,TSC2,LB
NC_000016.10:2080274:T:C,TSC2,LB
NC_000016.10:2080286:C:T,TSC2,LB
NC_000016.10:2080290:T:C,TSC2,LB
NC_000016.10:2081686:C:T,TSC2,LB
NC_000016.10:2081689:A:T,TSC2,LB
NC_000016.10:2081758:A:G,TSC2,VUS
NC_000016.10:2081765:C:T,TSC2,LB
NC_000016.10:2081776:C:T,TSC2,LB
NC_000016.10:2081777:C:T,TSC2,LB
NC_000016.10:2082440:T:C,TSC2,LB
NC_000016.10:2082466:C:G,TSC2,LB
NC_000016.10:2082495:C:G,TSC2,LB
NC_000016.10:2082512:T:C,TSC2,VUS
NC_000016.10:2082513:C:G,TSC2,VUS
NC_000016.10:2082513:C:T,TSC2,VUS
NC_000016.10:2082517:G:C,TSC2,VUS
NC_000016.10:2082518:A:T,TSC2,VUS
NC_000016.10:2082519:G:A,TSC2,LB
NC_000016.10:2083702:G:A,TSC2,LB
NC_000016.10:2083717:G:A,PKD1,LB
NC_000016.10:2083744:G:C,PKD1,LB
NC_000016.10:2083777:G:C,PKD1,LB
NC_000016.10:2083796:G:A,PKD1,LB
NC_000016.10:2083807:T:G,PKD1,LB
NC_000016.10:2084243:G:A,PKD1,LB
NC_000016.10:2084250:G:C,PKD1,LB
NC_000016.10:2084266:G:A,PKD1,LB
NC_000016.10:2084311:TC:GT,PKD1,VUS
NC_000016.10:2084312:C:A,PKD1,LB
NC_000016.10:2084329:C:T,PKD1,LB
NC_000016.10:2084389:G:C,PKD1,LB
NC_000016.10:2084456:C:G,PKD1,LB
NC_000016.10:2084483:G:A,PKD1,LB
NC_000016.10:2084499:A:C,PKD1,VUS
NC_000016.10:2084515:G:A,PKD1,LB
NC_000016.10:2084534:G:C,PKD1,VUS
NC_000016.10:2084567:C:G,PKD1,LB
NC_000016.10:2084643:A:C,PKD1,VUS
NC_000016.10:2084661:A:C,PKD1,VUS
NC_000016.10:2084668:A:G,PKD1,LB
NC_000016.10:2084674:A:G,PKD1,VUS
NC_000016.10:2084690:A:G,PKD1,LB
NC_000016.10:2084695:G:C,PKD1,VUS
NC_000016.10:2084966:C:T,PKD1,LB
NC_000016.10:2086217:C:G,PKD1,LB
NC_000016.10:2086766:G:A,PKD1,LB
NC_000016.10:2086787:GAC:AAT,PKD1,VUS
NC_000016.10:2086811:G:A,PKD1,LB
NC_000016.10:2086823:A:G,PKD1,LB
NC_000016.10:2086826:G:A,PKD1,LB
NC_000016.10:2086837:C:G,PKD1,VUS
NC_000016.10:2086847:G:A,PKD1,VUS
NC_000016.10:2087872:A:G,PKD1,LB
NC_000016.10:2087904:T:C,PKD1,LB
NC_000016.10:2088059:T:C,PKD1,VUS
NC_000016.10:2088064:G:C,PKD1,VUS
NC_000016.10:2088088:T:G,PKD1,VUS
NC_000016.10:2088257:A:G,PKD1,LB
NC_000016.10:2088263:C:G,PKD1,VUS
NC_000016.10:2088272:A:C,PKD1,LB
NC_000016.10:2088313:C:T,PKD1,LB
NC_000016.10:2088321:G:C,PKD1,VUS
NC_000016.10:2088477:C:G,PKD1,LB
NC_000016.10:2088506:G:C,PKD1,LB
NC_000016.10:2088507:C:G,PKD1,LB
NC_000016.10:2088518:C:A,PKD1,LB
NC_000016.10:2088550:G:A,PKD1,LB
NC_000016.10:2088580:T:C,PKD1,LB
NC_000016.10:13922099:A:G,ERCC4,VUS
NC_000016.10:23603475:C:T,PALB2,VUS
NC_000016.10:23603613:T:C,PALB2,LB
NC_000016.10:23603646:C:T,PALB2,LB
NC_000016.10:23603665:G:A,PALB2,LB
NC_000016.10:23607920:T:G,PALB2,VUS
NC_000016.10:23607926:T:G,PALB2,LB
NC_000016.10:23621373:T:A,PALB2,LB
NC_000016.10:23621378:C:A,PALB2,VUS
NC_000016.10:23621407:G:C,PALB2,VUS
NC_000016.10:23623039:C:G,PALB2,LB
NC_000016.10:23623063:TTTTA:CTTTG,PALB2,VUS
NC_000016.10:23623121:A:G,PALB2,VUS
NC_000016.10:23623122:A:G,PALB2,LB
NC_000016.10:23626259:T:G,PALB2,LB
NC_000016.10:23626306:C:T,PALB2,VUS
NC_000016.10:23629228:T:A,PALB2,LB
NC_000016.10:23629767:C:T,PALB2,VUS
NC_000016.10:23629821:T:G,PALB2,VUS
NC_000016.10:23629878:G:T,PALB2,LB
NC_000016.10:23629898:C:A,PALB2,LB
NC_000016.10:23629931:C:G,PALB2,LB
NC_000016.10:23629994:G:A,PALB2,LB
NC_000016.10:23629995:T:C,PALB2,VUS
NC_000016.10:23630171:G:A,PALB2,LB
NC_000016.10:23630334:G:C,PALB2,LB
NC_000016.10:23630369:T:G,PALB2,VUS
NC_000016.10:23634868:TT:GC,PALB2,VUS
NC_000016.10:23634974:G:A,PALB2,VUS
NC_000016.10:23634980:G:T,PALB2,VUS
NC_000016.10:23634981:G:C,PALB2,VUS
NC_000016.10:23635032:C:T,PALB2,LB
NC_000016.10:23635188:G:T,PALB2,VUS
NC_000016.10:23635207:A:C,PALB2,LB
NC_000016.10:23635241:A:G,PALB2,LB
NC_000016.10:23635272:C:A,PALB2,VUS
NC_000016.10:23635280:T:G,PALB2,LB
NC_000016.10:23635391:G:A,PALB2,VUS
NC_000016.10:23635472:G:A,PALB2,VUS
NC_000016.10:23635571:A:T,PALB2,VUS
NC_000016.10:23635575:T:C,PALB2,VUS
NC_000016.10:23635603:T:G,PALB2,LB
NC_000016.10:23635612:T:G,PALB2,VUS
NC_000016.10:23635638:G:T,PALB2,VUS
NC_000016.10:23635717:G:T,PALB2,VUS
NC_000016.10:23635892:T:C,PALB2,VUS
NC_000016.10:23635955:G:C,PALB2,LB
NC_000016.10:23636102:T:C,PALB2,VUS
NC_000016.10:23636263:T:G,PALB2,VUS
NC_000016.10:23637877:C:A,PALB2,VUS
NC_000016.10:23637900:C:T,PALB2,VUS
NC_000016.10:23638091:C:G,PALB2,VUS
NC_000016.10:23641111:T:C,PALB2,LB
NC_000016.10:23641131:A:T,PALB2,LB
NC_000016.10:23641136:C:A,PALB2,VUS
NC_000016.10:68737418:G:A,CDH1,LB
NC_000016.10:68738326:C:G,CDH1,VUS
NC_000016.10:68738339:G:T,CDH1,LB
NC_000016.10:68738360:C:A,CDH1,LB
NC_000016.10:68738360:C:T,CDH1,LB
NC_000016.10:68738366:C:G,CDH1,VUS
NC_000016.10:68738372:C:A,CDH1,VUS
NC_000016.10:68738377:C:A,CDH1,LB
NC_000016.10:68738407:A:G,CDH1,LB
NC_000016.10:68738408:G:A,CDH1,LB
NC_000016.10:68801672:A:G,CDH1,VUS
NC_000016.10:68801678:A:T,CDH1,LB
NC_000016.10:68801726:G:A,CDH1,LB
NC_000016.10:68801728:T:C,CDH1,LB
NC_000016.10:68801732:A:C,CDH1,VUS
NC_000016.10:68801740:A:C,CDH1,LB
NC_000016.10:68801791:A:G,CDH1,LB
NC_000016.10:68801802:G:T,CDH1,VUS
NC_000016.10:68801849:C:T,CDH1,LB
NC_000016.10:68801876:G:A,CDH1,LB
NC_000016.10:68808427:C:T,CDH1,VUS
NC_000016.10:68808429:G:A,CDH1,LB
NC_000016.10:68808831:G:A,CDH1,LB
NC_000016.10:68810232:G:A,CDH1,LB
NC_000016.10:68810239:A:G,CDH1,LB
NC_000016.10:68810310:A:G,CDH1,LB
NC_000016.10:68810328:G:A,CDH1,LB
NC_000016.10:68811716:C:T,CDH1,LB
NC_000016.10:68811766:A:T,CDH1,VUS
NC_000016.10:68811767:G:A,CDH1,VUS
NC_000016.10:68811787:G:A,CDH1,VUS
NC_000016.10:68811789:C:A,CDH1,LB
NC_000016.10:68812155:G:A,CDH1,LB
NC_000016.10:68812243:C:T,CDH1,LB
NC_000016.10:68812257:A:C,CDH1,LB
NC_000016.10:68812258:C:T,CDH1,LB
NC_000016.10:68813315:A:G,CDH1,VUS
NC_000016.10:68813328:C:A,CDH1,LB
NC_000016.10:68813338:G:T,CDH1,LB
NC_000016.10:68813345:G:C,CDH1,LB
NC_000016.10:68813381:G:A,CDH1,LB
NC_000016.10:68813399:T:C,CDH1,LB
NC_000016.10:68813445:T:C,CDH1,VUS
NC_000016.10:68813447:G:A,CDH1,LB
NC_000016.10:68813457:A:G,CDH1,LB
NC_000016.10:68813470:C:G,CDH1,LB
NC_000016.10:68815553:G:A,CDH1,LB
NC_000016.10:68815593:C:G,CDH1,LB
NC_000016.10:68815646:A:G,CDH1,VUS
NC_000016.10:68815686:A:C,CDH1,LB
NC_000016.10:68815758:C:T,CDH1,LB
NC_000016.10:68819281:A:G,CDH1,LB
NC_000016.10:68819343:A:T,CDH1,LB
NC_000016.10:68819397:A:G,CDH1,LB
NC_000016.10:68822102:G:A,CDH1,VUS
NC_000016.10:68822153:A:G,CDH1,LB
NC_000016.10:68823418:A:C,CDH1,VUS
NC_000016.10:68823427:A:T,CDH1,VUS
NC_000016.10:68823489:C:G,CDH1,VUS
NC_000016.10:68823537:TG:CA,CDH1,VUS
NC_000016.10:68829700:A:C,CDH1,VUS
NC_000016.10:68829756:G:A,CDH1,LB
NC_000016.10:68833484:G:A,CDH1,LB
NC_000016.10:89738215:G:C,FANCA,LB
NC_000016.10:89738622:G:T,FANCA,VUS
NC_000016.10:89738702:C:A,FANCA,VUS
NC_000016.10:89738702:C:T,FANCA,VUS
NC_000016.10:89738704:G:A,FANCA,LB
NC_000016.10:89738707:G:A,FANCA,LB
NC_000016.10:89738887:C:G,FANCA,LB
NC_000016.10:89738893:T:G,FANCA,VUS
NC_000016.10:89738896:G:A,FANCA,LB
NC_000016.10:89738899:G:A,FANCA,LB
NC_000016.10:89738902:C:T,FANCA,VUS
NC_000016.10:89738905:T:C,FANCA,LB
NC_000016.10:89738914:C:G,FANCA,VUS
NC_000016.10:89738938:A:G,FANCA,VUS
NC_000016.10:89738941:A:G,FANCA,LB
NC_000016.10:89738941:A:T,FANCA,VUS
NC_000016.10:89738959:T:C,FANCA,VUS
NC_000016.10:89738965:G:A,FANCA,LB
NC_000016.10:89738965:G:C,FANCA,LB
NC_000016.10:89738968:G:A,FANCA,LB
NC_000016.10:89739505:TG:CA,FANCA,VUS
NC_000016.10:89739523:C:A,FANCA,VUS
NC_000016.10:89740070:T:G,FANCA,LB
NC_000016.10:89740805:T:G,FANCA,VUS
NC_000016.10:89740808:A:G,FANCA,VUS
NC_000016.10:89742922:C:G,FANCA,VUS
NC_000016.10:89744960:G:T,FANCA,VUS
NC_000016.10:89745061:G:A,FANCA,VUS
NC_000016.10:89746627:C:T,FANCA,VUS
NC_000016.10:89746644:A:G,FANCA,VUS
NC_000016.10:89748702:T:C,FANCA,VUS
NC_000016.10:89749894:A:G,FANCA,VUS
NC_000016.10:89752151:T:A,FANCA,VUS
NC_000016.10:89764900:C:T,FANCA,VUS
NC_000016.10:89764924:T:C,FANCA,VUS
NC_000016.10:89764932:G:C,FANCA,VUS
NC_000016.10:89764941:G:C,FANCA,LB
NC_000016.10:89765019:A:T,FANCA,LB
NC_000016.10:89765039:G:T,FANCA,LB
NC_000016.10:89765048:G:C,FANCA,VUS
NC_000016.10:89767177:G:A,FANCA,VUS
NC_000016.10:89769847:G:C,FANCA,VUS
NC_000016.10:89769913:AC:GT,FANCA,VUS
NC_000016.10:89771678:A:G,FANCA,VUS
NC_000016.10:89771733:T:C,FANCA,VUS
NC_000016.10:89771738:A:G,FANCA,LB
NC_000016.10:89771790:T:C,FANCA,VUS
NC_000016.10:89773369:C:T,FANCA,VUS
NC_000016.10:89773374:A:G,FANCA,VUS
NC_000016.10:89775752:T:A,FANCA,LB
NC_000016.10:89778842:T:C,FANCA,VUS
NC_000016.10:89779878:T:A,FANCA,VUS
NC_000016.10:89783041:T:C,FANCA,VUS
NC_000016.10:89783071:CG:TA,FANCA,LB
NC_000016.10:89791491:G:C,FANCA,LB
NC_000016.10:89792484:A:C,FANCA,VUS
NC_000016.10:89795968:G:A,FANCA,VUS
NC_000016.10:89799634:TG:CA,FANCA,VUS
NC_000016.10:89805380:A:G,FANCA,VUS
NC_000016.10:89808345:C:T,FANCA,LB
NC_000016.10:89814599:A:G,FANCA,LB
NC_000016.10:89814606:C:G,FANCA,VUS
NC_000016.10:89815972:C:G,FANCA,LB
NC_000016.10:89816555:C:G,FANCA,LB
NC_000017.11:7669613:C:A,TP53,LB
NC_000017.11:7669626:T:A,TP53,LB
NC_000017.11:7669628:C:G,TP53,LB
NC_000017.11:7669631:T:G,TP53,LB
NC_000017.11:7669635:G:T,TP53,LB
NC_000017.11:7669637:A:G,TP53,LB
NC_000017.11:7669639:A:G,TP53,LB
NC_000017.11:7669640:T:C,TP53,LB
NC_000017.11:7669654:C:A,TP53,LB
NC_000017.11:7669658:A:T,TP53,VUS
NC_000017.11:7669667:G:T,TP53,LB
NC_000017.11:7669669:C:A,TP53,VUS
NC_000017.11:7669670:C:G,TP53,LB
NC_000017.11:7670641:C:T,TP53,LB
NC_000017.11:7670642:C:G,TP53,LB
NC_000017.11:7670645:C:T,TP53,LB
NC_000017.11:7670647:T:A,TP53,VUS
NC_000017.11:7670647:T:G,TP53,VUS
NC_000017.11:7670659:A:C,TP53,VUS
NC_000017.11:7670662:T:C,TP53,VUS
NC_000017.11:7670668:G:C,TP53,LB
NC_000017.11:7670679:C:A,TP53,VUS
NC_000017.11:7670683:CG:AA,TP53,VUS
NC_000017.11:7670685:G:C,TP53,LB
NC_000017.11:7670688:C:A,TP53,LB
NC_000017.11:7670688:C:G,TP53,LB
NC_000017.11:7670702:C:G,TP53,LB
NC_000017.11:7670704:C:A,TP53,LB
NC_000017.11:7670705:G:A,TP53,VUS
NC_000017.11:7670711:G:A,TP53,LB
NC_000017.11:7670714:T:G,TP53,VUS
NC_000017.11:7673222:G:A,TP53,LB
NC_000017.11:7673227:G:C,TP53,LB
NC_000017.11:7673249:C:T,TP53,LB
NC_000017.11:7673311:A:G,TP53,LB
NC_000017.11:7673318:T:G,TP53,LB
NC_000017.11:7673331:G:A,TP53,LB
NC_000017.11:7673549:T:G,TP53,VUS
NC_000017.11:7673555:A:T,TP53,LB
NC_000017.11:7673557:C:T,TP53,LB
NC_000017.11:7673571:T:G,TP53,VUS
NC_000017.11:7673575:G:A,TP53,LB
NC_000017.11:7673589:C:T,TP53,LB
NC_000017.11:7673592:G:T,TP53,LB
NC_000017.11:7673597:G:C,TP53,LB
NC_000017.11:7673598:T:C,TP53,LB
NC_000017.11:7673607:G:C,TP53,VUS
NC_000017.11:7673712:T:C,TP53,LB
NC_000017.11:7673714:C:G,TP53,LB
NC_000017.11:7673720:G:A,TP53,LB
NC_000017.11:7673736:G:A,TP53,LB
NC_000017.11:7673744:T:C,TP53,LB
NC_000017.11:7673753:A:G,TP53,LB
NC_000017.11:7673799:C:T,TP53,LB
NC_000017.11:7673814:T:A,TP53,LB
NC_000017.11:7673831:T:C,TP53,LB
NC_000017.11:7674202:T:C,TP53,LB
NC_000017.11:7674280:C:A,TP53,VUS
NC_000017.11:7674895:A:G,TP53,VUS
NC_000017.11:7674901:T:C,TP53,VUS
NC_000017.11:7674908:C:T,TP53,LB
NC_000017.11:7674909:A:C,TP53,VUS
NC_000017.11:7674918:C:G,TP53,VUS
NC_000017.11:7674954:C:G,TP53,LB
NC_000017.11:7675055:C:T,TP53,LB
NC_000017.11:7675056:G:C,TP53,LB
NC_000017.11:7675064:A:G,TP53,LB
NC_000017.11:7675090:C:T,TP53,LB
NC_000017.11:7675115:A:T,TP53,VUS
NC_000017.11:7675225:G:T,TP53,VUS
NC_000017.11:7675996:G:C,TP53,VUS
NC_000017.11:7676004:C:T,TP53,LB
NC_000017.11:7676015:G:A,TP53,LB
NC_000017.11:7676085:A:T,TP53,VUS
NC_000017.11:7676087:G:A,TP53,LB
NC_000017.11:7676088:A:C,TP53,VUS
NC_000017.11:7676118:C:T,TP53,LB
NC_000017.11:7676121:C:G,TP53,VUS
NC_000017.11:7676132:G:A,TP53,VUS
NC_000017.11:7676141:G:C,TP53,LB
NC_000017.11:7676147:G:A,TP53,LB
NC_000017.11:7676149:CACGG:TACGC,TP53,VUS
NC_000017.11:7676150:A:T,TP53,LB
NC_000017.11:7676152:GG:AC,TP53,LB
NC_000017.11:7676152:GG:CC,TP53,VUS
NC_000017.11:7676152:GG:TC,TP53,VUS
NC_000017.11:7676153:GGG:CGA,TP53,VUS
NC_000017.11:7676154:G:C,TP53,VUS
NC_000017.11:7676172:T:C,TP53,LB
NC_000017.11:7676180:G:C,TP53,LB
NC_000017.11:7676183:T:C,TP53,VUS
NC_000017.11:7676192:C:T,TP53,LB
NC_000017.11:7676196:G:C,TP53,LB
NC_000017.11:7676198:T:A,TP53,VUS
NC_000017.11:7676224:G:T,TP53,LB
NC_000017.11:7676225:T:C,TP53,VUS
NC_000017.11:7676261:G:T,TP53,LB
NC_000017.11:7676383:G:C,TP53,LB
NC_000017.11:7676392:T:C,TP53,LB
NC_000017.11:7676532:T:G,TP53,VUS
NC_000017.11:7676566:C:G,TP53,LB
NC_000017.11:7676571:G:A,TP53,LB
NC_000017.11:7676571:G:C,TP53,VUS
NC_000017.11:7676573:A:C,TP53,LB
NC_000017.11:7676583:G:A,TP53,LB
NC_000017.11:7676583:G:T,TP53,LB
NC_000017.11:17213750:C:G,FLCN,LB
NC_000017.11:17215188:G:T,FLCN,VUS
NC_000017.11:17215274:T:C,FLCN,VUS
NC_000017.11:17215304:T:C,FLCN,VUS
NC_000017.11:17216481:C:T,FLCN,LB
NC_000017.11:17219097:T:C,FLCN,VUS
NC_000017.11:17219139:G:A,FLCN,VUS
NC_000017.11:17221383:C:T,FLCN,LB
NC_000017.11:17221407:G:C,FLCN,LB
NC_000017.11:17221500:C:T,FLCN,LB
NC_000017.11:17221502:G:A,FLCN,LB
NC_000017.11:17221516:C:A,FLCN,LB
NC_000017.11:17221516:C:G,FLCN,LB
NC_000017.11:17221521:G:T,FLCN,VUS
NC_000017.11:17221523:A:G,FLCN,LB
NC_000017.11:17221524:C:A,FLCN,LB
NC_000017.11:17221524:C:T,FLCN,LB
NC_000017.11:17221529:G:T,FLCN,VUS
NC_000017.11:17221530:C:A,FLCN,VUS
NC_000017.11:17227931:A:G,FLCN,LB
NC_000017.11:17228030:T:C,FLCN,VUS
NC_000017.11:17228054:G:C,FLCN,LB
NC_000017.11:31156054:A:C,NF1,VUS
NC_000017.11:31156120:A:G,NF1,VUS
NC_000017.11:31159045:C:G,NF1,VUS
NC_000017.11:31182641:G:C,NF1,VUS
NC_000017.11:31200577:A:T,NF1,LB
NC_000017.11:31214497:A:C,NF1,LB
NC_000017.11:31219011:G:T,NF1,VUS
NC_000017.11:31219094:G:C,NF1,LB
NC_000017.11:31221935:G:A,NF1,LB
NC_000017.11:31221936:T:G,NF1,LB
NC_000017.11:31221937:A:G,NF1,LB
NC_000017.11:31221940:T:A,NF1,LB
NC_000017.11:31221940:T:G,NF1,VUS
NC_000017.11:31221941:T:G,NF1,LB
NC_000017.11:31221943:A:G,NF1,VUS
NC_000017.11:31221945:T:A,NF1,VUS
NC_000017.11:31225137:T:A,NF1,LB
NC_000017.11:31226459:C:G,NF1,LB
NC_000017.11:31226522:A:G,NF1,LB
NC_000017.11:31226594:G:C,NF1,VUS
NC_000017.11:31226633:A:G,NF1,VUS
NC_000017.11:31227585:G:A,NF1,LB
NC_000017.11:31229034:G:A,NF1,VUS
NC_000017.11:31229189:G:A,NF1,LB
NC_000017.11:31229198:A:T,NF1,VUS
NC_000017.11:31229199:C:A,NF1,VUS
NC_000017.11:31229299:G:A,NF1,LB
NC_000017.11:31229299:G:T,NF1,LB
NC_000017.11:31229417:A:G,NF1,LB
NC_000017.11:31230300:T:A,NF1,LB
NC_000017.11:31230338:G:T,NF1,VUS
NC_000017.11:31232073:G:T,NF1,LB
NC_000017.11:31232761:A:T,NF1,LB
NC_000017.11:31233169:C:T,NF1,LB
NC_000017.11:31235986:T:C,NF1,LB
NC_000017.11:31249059:A:G,NF1,LB
NC_000017.11:31295027:A:G,OMG,LB
NC_000017.11:31295065:C:G,OMG,LB
NC_000017.11:31295439:G:A,OMG,VUS
NC_000017.11:31296269:C:T,OMG,LB
NC_000017.11:31304455:C:T,EVI2B,VUS
NC_000017.11:31305398:T:C,EVI2B,LB
NC_000017.11:31305412:A:G,EVI2B,LB
NC_000017.11:31305452:C:T,EVI2B,LB
NC_000017.11:31318912:C:T,EVI2B,LB
NC_000017.11:31319005:G:A,EVI2B,VUS
NC_000017.11:31326229:A:G,NF1,LB
NC_000017.11:31340597:G:A,NF1,LB
NC_000017.11:31340627:C:G,NF1,VUS
NC_000017.11:31343110:G:T,NF1,LB
NC_000017.11:31349225:T:G,NF1,LB
NC_000017.11:31350290:C:T,NF1,VUS
NC_000017.11:31350310:T:A,NF1,LB
NC_000017.11:31352345:C:T,NF1,VUS
NC_000017.11:31360531:G:A,NF1,LB
NC_000017.11:31360552:C:A,NF1,LB
NC_000017.11:31374149:G:T,NF1,LB
NC_000017.11:35100980:C:T,RAD51D,LB
NC_000017.11:35100984:G:C,RAD51D,VUS
NC_000017.11:35101001:G:T,RAD51D,LB
NC_000017.11:35101015:C:A,RAD51D,LB
NC_000017.11:35101015:C:T,RAD51D,LB
NC_000017.11:35101259:C:G,RAD51D,LB
NC_000017.11:35116879:C:G,FNDC8,LB
NC_000017.11:35116882:C:T,FNDC8,LB
NC_000017.11:35116904:A:G,FNDC8,LB
NC_000017.11:35116922:C:T,FNDC8,LB
NC_000017.11:35119140:C:A,FNDC8,VUS
NC_000017.11:43045703:G:A,BRCA1,LB
NC_000017.11:43045724:C:T,BRCA1,LB
NC_000017.11:43045726:T:C,BRCA1,LB
NC_000017.11:43045729:C:G,BRCA1,LB
NC_000017.11:43045731:C:A,BRCA1,VUS
NC_000017.11:43045732:T:C,BRCA1,LB
NC_000017.11:43045738:A:C,BRCA1,LB
NC_000017.11:43045777:G:A,BRCA1,LB
NC_000017.11:43045778:G:A,BRCA1,VUS
NC_000017.11:43045791:C:G,BRCA1,LB
NC_000017.11:43045791:C:T,BRCA1,LB
NC_000017.11:43045793:G:C,BRCA1,LB
NC_000017.11:43045794:C:A,BRCA1,LB
NC_000017.11:43045794:C:T,BRCA1,LB
NC_000017.11:43045796:C:G,BRCA1,VUS
NC_000017.11:43045797:A:G,BRCA1,LB
NC_000017.11:43045797:A:T,BRCA1,LB
NC_000017.11:43045798:A:T,BRCA1,LB
NC_000017.11:43045800:T:C,BRCA1,VUS
NC_000017.11:43045800:T:G,BRCA1,LB
NC_000017.11:43047643:A:G,BRCA1,LB
NC_000017.11:43047646:G:A,BRCA1,LB
NC_000017.11:43047649:G:A,BRCA1,LB
NC_000017.11:43047649:G:C,BRCA1,LB
NC_000017.11:43047652:A:G,BRCA1,LB
NC_000017.11:43047658:C:T,BRCA1,LB
NC_000017.11:43047660:C:G,BRCA1,VUS
NC_000017.11:43047661:T:C,BRCA1,LB
NC_000017.11:43047662:G:C,BRCA1,LB
NC_000017.11:43047663:T:C,BRCA1,LB
NC_000017.11:43047670:A:G,BRCA1,LB
NC_000017.11:43047670:A:T,BRCA1,VUS
NC_000017.11:43047679:C:G,BRCA1,LB
NC_000017.11:43047679:C:T,BRCA1,LB
NC_000017.11:43047682:A:T,BRCA1,LB
NC_000017.11:43047685:C:G,BRCA1,LB
NC_000017.11:43047691:T:G,BRCA1,LB
NC_000017.11:43047694:G:A,BRCA1,LB
NC_000017.11:43047696:G:A,BRCA1,VUS
NC_000017.11:43047697:G:A,BRCA1,LB
NC_000017.11:43047700:A:G,BRCA1,LB
NC_000017.11:43049128:G:T,BRCA1,VUS
NC_000017.11:43049134:A:T,BRCA1,VUS
NC_000017.11:43049142:A:C,BRCA1,LB
NC_000017.11:43049179:T:A,BRCA1,LB
NC_000017.11:43049189:T:G,BRCA1,LB
NC_000017.11:43051082:G:C,BRCA1,LB
NC_000017.11:43057057:G:C,BRCA1,VUS
NC_000017.11:43057059:C:A,BRCA1,LB
NC_000017.11:43057083:G:T,BRCA1,LB
NC_000017.11:43057134:G:C,BRCA1,LB
NC_000017.11:43063335:A:C,BRCA1,LB
NC_000017.11:43063357:A:G,BRCA1,LB
NC_000017.11:43063362:C:A,BRCA1,VUS
NC_000017.11:43063892:T:G,BRCA1,LB
NC_000017.11:43067622:C:T,BRCA1,LB
NC_000017.11:43067631:T:C,BRCA1,LB
NC_000017.11:43067637:C:T,BRCA1,LB
NC_000017.11:43067640:T:C,BRCA1,VUS
NC_000017.11:43067651:G:C,BRCA1,VUS
NC_000017.11:43067651:G:T,BRCA1,LB
NC_000017.11:43067657:G:A,BRCA1,LB
NC_000017.11:43067661:T:C,BRCA1,LB
NC_000017.11:43067664:G:A,BRCA1,LB
NC_000017.11:43067664:G:C,BRCA1,LB
NC_000017.11:43067679:A:C,BRCA1,LB
NC_000017.11:43067681:T:G,BRCA1,LB
NC_000017.11:43067685:A:T,BRCA1,LB
NC_000017.11:43067687:A:C,BRCA1,LB
NC_000017.11:43067690:A:G,BRCA1,LB
NC_000017.11:43067691:G:A,BRCA1,LB
NC_000017.11:43070928:A:G,BRCA1,LB
NC_000017.11:43070955:A:G,BRCA1,LB
NC_000017.11:43070970:T:C,BRCA1,LB
NC_000017.11:43070970:T:G,BRCA1,LB
NC_000017.11:43070972:G:C,BRCA1,VUS
NC_000017.11:43070976:A:T,BRCA1,LB
NC_000017.11:43070977:C:A,BRCA1,VUS
NC_000017.11:43070983:C:G,BRCA1,LB
NC_000017.11:43070986:T:A,BRCA1,LB
NC_000017.11:43070988:G:A,BRCA1,LB
NC_000017.11:43070992:C:A,BRCA1,LB
NC_000017.11:43070992:C:T,BRCA1,LB
NC_000017.11:43070994:G:C,BRCA1,VUS
NC_000017.11:43070995:T:C,BRCA1,LB
NC_000017.11:43071000:T:A,BRCA1,LB
NC_000017.11:43071005:C:A,BRCA1,LB
NC_000017.11:43071016:T:C,BRCA1,LB
NC_000017.11:43071098:C:G,BRCA1,VUS
NC_000017.11:43071109:C:G,BRCA1,LB
NC_000017.11:43071136:T:A,BRCA1,LB
NC_000017.11:43071147:C:T,BRCA1,LB
NC_000017.11:43071163:C:A,BRCA1,LB
NC_000017.11:43074369:C:A,BRCA1,LB
NC_000017.11:43074377:C:T,BRCA1,VUS
NC_000017.11:43074461:C:T,BRCA1,LB
NC_000017.11:43074462:C:T,BRCA1,LB
NC_000017.11:43076514:C:T,BRCA1,LB
NC_000017.11:43079333:C:T,BRCA1,LB
NC_000017.11:43079348:T:C,BRCA1,LB
NC_000017.11:43079351:G:A,BRCA1,LB
NC_000017.11:43079384:C:T,BRCA1,VUS
NC_000017.11:43082427:G:C,BRCA1,LB
NC_000017.11:43082466:T:G,BRCA1,LB
NC_000017.11:43082505:C:G,BRCA1,LB
NC_000017.11:43082556:G:A,BRCA1,LB
NC_000017.11:43090969:A:G,BRCA1,LB
NC_000017.11:43091449:T:A,BRCA1,LB
NC_000017.11:43091449:T:G,BRCA1,LB
NC_000017.11:43091519:G:C,BRCA1,LB
NC_000017.11:43091535:C:T,BRCA1,LB
NC_000017.11:43091572:A:G,BRCA1,LB
NC_000017.11:43091595:G:C,BRCA1,LB
NC_000017.11:43091612:C:A,BRCA1,LB
NC_000017.11:43091679:T:C,BRCA1,LB
NC_000017.11:43091701:C:G,BRCA1,LB
NC_000017.11:43091703:A:G,BRCA1,VUS
NC_000017.11:43091704:A:C,BRCA1,LB
NC_000017.11:43091712:T:C,BRCA1,LB
NC_000017.11:43091732:G:C,BRCA1,LB
NC_000017.11:43091733:C:G,BRCA1,LB
NC_000017.11:43091747:T:A,BRCA1,LB
NC_000017.11:43091772:G:T,BRCA1,LB
NC_000017.11:43091802:C:G,BRCA1,LB
NC_000017.11:43091806:T:C,BRCA1,LB
NC_000017.11:43091808:G:C,BRCA1,LB
NC_000017.11:43091832:T:C,BRCA1,LB
NC_000017.11:43091863:G:A,BRCA1,LB
NC_000017.11:43091873:C:A,BRCA1,LB
NC_000017.11:43091878:T:A,BRCA1,LB
NC_000017.11:43091917:C:G,BRCA1,LB
NC_000017.11:43091925:T:C,BRCA1,VUS
NC_000017.11:43091926:A:G,BRCA1,VUS
NC_000017.11:43091929:C:T,BRCA1,LB
NC_000017.11:43091967:C:A,BRCA1,LB
NC_000017.11:43091980:C:T,BRCA1,LB
NC_000017.11:43091988:A:G,BRCA1,LB
NC_000017.11:43092003:A:T,BRCA1,LB
NC_000017.11:43092046:C:T,BRCA1,LB
NC_000017.11:43092063:T:G,BRCA1,LB
NC_000017.11:43092098:C:A,BRCA1,LB
NC_000017.11:43092156:G:T,BRCA1,LB
NC_000017.11:43092158:G:C,BRCA1,VUS
NC_000017.11:43092193:A:G,BRCA1,VUS
NC_000017.11:43092302:T:A,BRCA1,LB
NC_000017.11:43092387:C:A,BRCA1,LB
NC_000017.11:43092400:T:C,BRCA1,LB
NC_000017.11:43092402:T:C,BRCA1,LB
NC_000017.11:43092420:T:A,BRCA1,LB
NC_000017.11:43092448:G:A,BRCA1,LB
NC_000017.11:43092458:G:C,BRCA1,LB
NC_000017.11:43092472:G:A,BRCA1,LB
NC_000017.11:43092493:C:T,BRCA1,LB
NC_000017.11:43092583:G:C,BRCA1,VUS
NC_000017.11:43092589:G:C,BRCA1,LB
NC_000017.11:43092609:A:G,BRCA1,LB
NC_000017.11:43092618:T:C,BRCA1,LB
NC_000017.11:43092619:G:T,BRCA1,LB
NC_000017.11:43092628:G:C,BRCA1,LB
NC_000017.11:43092631:T:A,BRCA1,LB
NC_000017.11:43092646:C:T,BRCA1,LB
NC_000017.11:43092669:A:T,BRCA1,LB
NC_000017.11:43092676:A:G,BRCA1,VUS
NC_000017.11:43092696:C:G,BRCA1,VUS
NC_000017.11:43092732:C:G,BRCA1,LB
NC_000017.11:43092772:C:T,BRCA1,LB
NC_000017.11:43092784:T:A,BRCA1,LB
NC_000017.11:43092795:T:C,BRCA1,LB
NC_000017.11:43092819:T:C,BRCA1,VUS
NC_000017.11:43092827:A:C,BRCA1,VUS
NC_000017.11:43092895:C:T,BRCA1,LB
NC_000017.11:43092918:GG:AA,BRCA1,VUS
NC_000017.11:43092918:GGAGC:AGAGG,BRCA1,VUS
NC_000017.11:43093005:T:C,BRCA1,LB
NC_000017.11:43093015:G:A,BRCA1,LB
NC_000017.11:43093056:T:A,BRCA1,LB
NC_000017.11:43093117:A:G,BRCA1,LB
NC_000017.11:43093119:T:A,BRCA1,VUS
NC_000017.11:43093138:G:C,BRCA1,LB
NC_000017.11:43093183:T:C,BRCA1,LB
NC_000017.11:43093195:T:A,BRCA1,LB
NC_000017.11:43093244:T:A,BRCA1,LB
NC_000017.11:43093279:T:C,BRCA1,VUS
NC_000017.11:43093285:C:G,BRCA1,LB
NC_000017.11:43093293:T:A,BRCA1,VUS
NC_000017.11:43093300:C:T,BRCA1,LB
NC_000017.11:43093323:T:C,BRCA1,LB
NC_000017.11:43093323:T:G,BRCA1,LB
NC_000017.11:43093350:G:A,BRCA1,LB
NC_000017.11:43093375:T:C,BRCA1,LB
NC_000017.11:43093447:C:A,BRCA1,LB
NC_000017.11:43093448:G:C,BRCA1,VUS
NC_000017.11:43093453:C:A,BRCA1,LB
NC_000017.11:43093556:C:T,BRCA1,LB
NC_000017.11:43093567:A:C,BRCA1,LB
NC_000017.11:43093570:T:C,BRCA1,LB
NC_000017.11:43093598:A:C,BRCA1,LB
NC_000017.11:43093603:T:C,BRCA1,LB
NC_000017.11:43093606:C:G,BRCA1,LB
NC_000017.11:43093629:G:C,BRCA1,LB
NC_000017.11:43093633:G:T,BRCA1,LB
NC_000017.11:43093680:G:T,BRCA1,LB
NC_000017.11:43093696:T:C,BRCA1,LB
NC_000017.11:43093727:G:T,BRCA1,VUS
NC_000017.11:43093730:G:C,BRCA1,LB
NC_000017.11:43093786:T:C,BRCA1,LB
NC_000017.11:43093864:T:G,BRCA1,LB
NC_000017.11:43093887:A:C,BRCA1,LB
NC_000017.11:43093966:C:T,BRCA1,LB
NC_000017.11:43093969:C:G,BRCA1,LB
NC_000017.11:43094019:C:T,BRCA1,LB
NC_000017.11:43094056:T:C,BRCA1,LB
NC_000017.11:43094062:G:A,BRCA1,LB
NC_000017.11:43094072:A:C,BRCA1,LB
NC_000017.11:43094072:A:T,BRCA1,LB
NC_000017.11:43094109:A:G,BRCA1,LB
NC_000017.11:43094112:T:A,BRCA1,LB
NC_000017.11:43094112:T:C,BRCA1,LB
NC_000017.11:43094156:G:C,BRCA1,LB
NC_000017.11:43094214:G:A,BRCA1,VUS
NC_000017.11:43094245:T:C,BRCA1,VUS
NC_000017.11:43094269:C:T,BRCA1,LB
NC_000017.11:43094290:C:A,BRCA1,LB
NC_000017.11:43094293:A:C,BRCA1,LB
NC_000017.11:43094322:G:A,BRCA1,LB
NC_000017.11:43094361:T:C,BRCA1,LB
NC_000017.11:43094371:A:T,BRCA1,LB
NC_000017.11:43094400:C:T,BRCA1,LB
NC_000017.11:43094403:T:C,BRCA1,LB
NC_000017.11:43094425:C:T,BRCA1,LB
NC_000017.11:43094430:G:C,BRCA1,LB
NC_000017.11:43094442:T:C,BRCA1,LB
NC_000017.11:43094444:C:G,BRCA1,VUS
NC_000017.11:43094449:A:C,BRCA1,LB
NC_000017.11:43094457:A:G,BRCA1,LB
NC_000017.11:43094466:T:C,BRCA1,LB
NC_000017.11:43094502:TT:CA,BRCA1,VUS
NC_000017.11:43094529:G:T,BRCA1,LB
NC_000017.11:43094533:T:C,BRCA1,LB
NC_000017.11:43094629:T:G,BRCA1,LB
NC_000017.11:43094639:C:A,BRCA1,LB
NC_000017.11:43094639:C:T,BRCA1,LB
NC_000017.11:43094691:G:C,BRCA1,LB
NC_000017.11:43094703:G:C,BRCA1,LB
NC_000017.11:43094706:C:T,BRCA1,LB
NC_000017.11:43094740:T:A,BRCA1,LB
NC_000017.11:43094742:C:G,BRCA1,LB
NC_000017.11:43094743:C:A,BRCA1,LB
NC_000017.11:43094787:G:T,BRCA1,LB
NC_000017.11:43094791:T:C,BRCA1,LB
NC_000017.11:43094844:G:T,BRCA1,VUS
NC_000017.11:43095863:A:C,BRCA1,LB
NC_000017.11:43095892:G:A,BRCA1,VUS
NC_000017.11:43099785:T:A,BRCA1,VUS
NC_000017.11:43099810:T:C,BRCA1,LB
NC_000017.11:43099858:G:C,BRCA1,LB
NC_000017.11:43104149:A:C,BRCA1,VUS
NC_000017.11:43104165:G:A,BRCA1,LB
NC_000017.11:43104165:G:T,BRCA1,LB
NC_000017.11:43104192:T:C,BRCA1,LB
NC_000017.11:43104240:C:A,BRCA1,LB
NC_000017.11:43104257:G:C,BRCA1,LB
NC_000017.11:43104868:C:G,BRCA1,VUS
NC_000017.11:43104879:T:A,BRCA1,LB
NC_000017.11:43104885:G:T,BRCA1,LB
NC_000017.11:43104886:C:A,BRCA1,LB
NC_000017.11:43104886:C:G,BRCA1,LB
NC_000017.11:43104900:T:C,BRCA1,LB
NC_000017.11:43104945:C:T,BRCA1,LB
NC_000017.11:43106470:T:C,BRCA1,LB
NC_000017.11:43106478:T:C,BRCA1,LB
NC_000017.11:43106492:A:C,BRCA1,LB
NC_000017.11:43106523:C:A,BRCA1,LB
NC_000017.11:43115740:T:C,BRCA1,VUS
NC_000017.11:43115760:T:G,BRCA1,LB
NC_000017.11:43115762:C:T,BRCA1,LB
NC_000017.11:43124018:G:C,BRCA1,VUS
NC_000017.11:43124035:T:G,BRCA1,LB
NC_000017.11:43124044:T:G,BRCA1,LB
NC_000017.11:43124050:T:C,BRCA1,VUS
NC_000017.11:43124056:C:T,BRCA1,VUS
NC_000017.11:43124057:A:T,BRCA1,LB
NC_000017.11:43124065:C:T,BRCA1,VUS
NC_000017.11:43124076:C:A,BRCA1,LB
NC_000017.11:43124087:T:G,BRCA1,LB
NC_000017.11:43124092:C:T,BRCA1,VUS
NC_000017.11:48726938:C:A,HOXB13,VUS
NC_000017.11:48728228:C:T,HOXB13,LB
NC_000017.11:48728298:G:T,HOXB13,VUS
NC_000017.11:48728465:A:T,HOXB13,VUS
NC_000017.11:48728532:C:T,HOXB13,LB
NC_000017.11:58692681:T:A,RAD51C,LB
NC_000017.11:58692692:T:A,RAD51C,VUS
NC_000017.11:58692700:T:G,RAD51C,LB
NC_000017.11:58692724:G:T,RAD51C,VUS
NC_000017.11:58692728:C:G,RAD51C,VUS
NC_000017.11:58692745:G:A,RAD51C,VUS
NC_000017.11:58692749:A:G,RAD51C,LB
NC_000017.11:58694933:T:C,RAD51C,LB
NC_000017.11:58694947:G:T,RAD51C,VUS
NC_000017.11:58695007:T:C,RAD51C,VUS
NC_000017.11:58695032:A:G,RAD51C,LB
NC_000017.11:58695058:G:C,RAD51C,LB
NC_000017.11:58695109:G:A,RAD51C,VUS
NC_000017.11:58696786:G:A,RAD51C,LB
NC_000017.11:58696786:G:T,RAD51C,LB
NC_000017.11:58734171:G:A,RAD51C,VUS
NC_000017.11:61683456:C:T,BRIP1,LB
NC_000017.11:61683500:G:A,BRIP1,LB
NC_000017.11:61683537:G:T,BRIP1,LB
NC_000017.11:61683543:T:C,BRIP1,LB
NC_000017.11:61683596:G:T,BRIP1,LB
NC_000017.11:61683601:G:C,BRIP1,LB
NC_000017.11:61683704:T:A,BRIP1,LB
NC_000017.11:61683719:C:A,BRIP1,VUS
NC_000017.11:61683737:A:G,BRIP1,LB
NC_000017.11:61683956:G:C,BRIP1,VUS
NC_000017.11:61683978:G:A,BRIP1,LB
NC_000017.11:61684080:T:C,BRIP1,VUS
NC_000017.11:61684115:G:T,BRIP1,VUS
NC_000017.11:61685985:A:C,BRIP1,LB
NC_000017.11:61685985:A:G,BRIP1,LB
NC_000017.11:61685985:AG:GA,BRIP1,VUS
NC_000017.11:61685985:A:T,BRIP1,LB
NC_000017.11:61686036:T:C,BRIP1,VUS
NC_000017.11:61686066:G:T,BRIP1,LB
NC_000017.11:61716033:G:C,BRIP1,LB
NC_000017.11:61744450:GAT:AAC,BRIP1,VUS
NC_000017.11:61744467:C:A,BRIP1,VUS
NC_000017.11:61780929:A:T,BRIP1,VUS
NC_000017.11:61780932:T:G,BRIP1,VUS
NC_000017.11:61780985:T:C,BRIP1,VUS
NC_000017.11:61793712:C:A,BRIP1,LB
NC_000017.11:61801314:G:T,BRIP1,LB
NC_000017.11:61801401:T:G,BRIP1,VUS
NC_000017.11:61801408:G:T,BRIP1,LB
NC_000017.11:61847152:G:A,BRIP1,VUS
NC_000017.11:61849169:C:T,BRIP1,LB
NC_000017.11:61857090:A:G,BRIP1,VUS
NC_000017.11:61857138:T:C,BRIP1,LB
NC_000017.11:61857146:T:C,BRIP1,VUS
NC_000017.11:61857170:G:A,BRIP1,LB
NC_000017.11:61857198:C:T,BRIP1,VUS
NC_000017.11:61857221:G:A,BRIP1,VUS
NC_000017.11:65530046:T:C,AXIN2,VUS
NC_000017.11:65534064:T:C,AXIN2,VUS
NC_000017.11:65535632:G:A,AXIN2,VUS
NC_000017.11:65537394:G:C,AXIN2,LB
NC_000017.11:65537416:T:C,AXIN2,LB
NC_000017.11:65537420:C:T,AXIN2,LB
NC_000017.11:65537462:G:C,AXIN2,LB
NC_000017.11:65537785:G:C,AXIN2,VUS
NC_000017.11:65537790:C:A,AXIN2,LB
NC_000017.11:65537800:T:C,AXIN2,LB
NC_000017.11:65537807:T:A,AXIN2,VUS
NC_000017.11:65557823:G:C,AXIN2,VUS
NC_000017.11:65557883:G:A,AXIN2,VUS
NC_000017.11:65558145:C:T,AXIN2,VUS
NC_000017.11:65558369:G:T,AXIN2,VUS
NC_000017.11:65558385:T:C,AXIN2,VUS
NC_000017.11:65558472:G:A,AXIN2,LB
NC_000017.11:65558472:GCATG:ACATA,AXIN2,VUS
NC_000017.11:65558490:G:C,AXIN2,VUS
NC_000018.10:51048709:C:T,SMAD4,LB
NC_000018.10:51058202:AG:CC,SMAD4,LB
NC_000018.10:51058342:G:A,SMAD4,LB
NC_000018.10:51058345:C:G,SMAD4,VUS
NC_000019.10:1223063:A:G,STK11,LB
NC_000019.10:1223123:T:C,STK11,LB
NC_000019.10:1226480:A:C,STK11,LB
NC_000019.10:1226520:G:A,STK11,LB
NC_000019.10:1226549:C:A,STK11,LB
NC_000019.10:1226566:G:C,STK11,LB
NC_000019.10:1226605:A:G,STK11,VUS
NC_000019.10:45351678:C:G,ERCC2,LB
NC_000019.10:45364943:G:A,ERCC2,VUS
NC_000019.10:50398869:C:T,POLD1,LB
NC_000019.10:50398961:C:A,POLD1,LB
NC_000019.10:50399044:T:C,POLD1,VUS
NC_000019.10:50399437:G:T,POLD1,VUS
NC_000019.10:50401810:C:T,POLD1,VUS
NC_000019.10:50401816:G:A,POLD1,LB
NC_000019.10:50401816:GC:AT,POLD1,VUS
NC_000019.10:50402043:T:C,POLD1,VUS
NC_000019.10:50402045:G:T,POLD1,LB
NC_000019.10:50402052:G:A,POLD1,LB
NC_000019.10:50402073:G:A,POLD1,LB
NC_000019.10:50402529:G:A,POLD1,VUS
NC_000019.10:50402619:G:T,POLD1,LB
NC_000019.10:50402678:C:A,POLD1,LB
NC_000019.10:50403142:C:T,POLD1,LB
NC_000019.10:50406214:G:C,POLD1,LB
NC_000019.10:50406260:C:A,POLD1,LB
NC_000019.10:50406274:A:T,POLD1,VUS
NC_000019.10:50406993:C:G,POLD1,VUS
NC_000019.10:50407037:A:C,POLD1,LB
NC_000019.10:50407037:A:T,POLD1,VUS
NC_000019.10:50408716:C:G,POLD1,LB
NC_000019.10:50408758:C:T,POLD1,LB
NC_000019.10:50408765:G:C,POLD1,LB
NC_000019.10:50408765:GC:TT,POLD1,VUS
NC_000019.10:50408765:G:T,POLD1,VUS
NC_000019.10:50408767:G:C,POLD1,LB
NC_000019.10:50408768:G:A,POLD1,LB
NC_000019.10:50408771:G:C,POLD1,VUS
NC_000019.10:50408773:T:C,POLD1,LB
NC_000019.10:50408774:C:T,POLD1,LB
NC_000019.10:50408776:C:T,POLD1,LB
NC_000019.10:50408777:C:T,POLD1,LB
NC_000019.10:50413852:T:C,POLD1,LB
NC_000019.10:50414961:G:A,POLD1,VUS
NC_000019.10:50415798:G:C,POLD1,LB
NC_000019.10:50416720:A:G,POLD1,VUS
NC_000002.12:47369520:G:A,EPCAM,LB
NC_000002.12:47369554:C:A,EPCAM,LB
NC_000002.12:47373467:G:A,EPCAM,LB
NC_000002.12:47373478:C:G,EPCAM,LB
NC_000002.12:47373503:G:A,EPCAM,LB
NC_000002.12:47373552:C:G,EPCAM,LB
NC_000002.12:47373812:G:T,EPCAM,LB
NC_000002.12:47373966:TG:CA,EPCAM,VUS
NC_000002.12:47375261:G:A,EPCAM,LB
NC_000002.12:47375282:A:G,EPCAM,LB
NC_000002.12:47377069:G:A,EPCAM,VUS
NC_000002.12:47378961:A:G,EPCAM,VUS
NC_000002.12:47379775:G:A,EPCAM,LB
NC_000002.12:47379876:G:C,EPCAM,VUS
NC_000002.12:47379912:G:A,EPCAM,LB
NC_000002.12:47386591:G:A,EPCAM,VUS
NC_000002.12:47403197:G:C,MSH2,VUS
NC_000002.12:47403197:G:T,MSH2,LB
NC_000002.12:47403202:G:T,MSH2,LB
NC_000002.12:47403211:G:C,MSH2,LB
NC_000002.12:47403220:G:T,MSH2,LB
NC_000002.12:47403230:G:C,MSH2,VUS
NC_000002.12:47403233:G:C,MSH2,VUS
NC_000002.12:47403242:G:A,MSH2,VUS
NC_000002.12:47403242:G:C,MSH2,VUS
NC_000002.12:47403243:G:C,MSH2,LB
NC_000002.12:47403247:C:A,MSH2,VUS
NC_000002.12:47403251:C:G,MSH2,LB
NC_000002.12:47403251:C:T,MSH2,VUS
NC_000002.12:47403261:A:C,MSH2,VUS
NC_000002.12:47403273:A:C,MSH2,VUS
NC_000002.12:47403276:A:G,MSH2,LB
NC_000002.12:47403281:A:C,MSH2,VUS
NC_000002.12:47403282:C:T,MSH2,VUS
NC_000002.12:47403290:G:C,MSH2,LB
NC_000002.12:47403294:G:T,MSH2,LB
NC_000002.12:47403328:C:A,MSH2,VUS
NC_000002.12:47403329:G:C,MSH2,LB
NC_000002.12:47403332:G:C,MSH2,LB
NC_000002.12:47403342:T:C,MSH2,VUS
NC_000002.12:47403354:G:A,MSH2,LB
NC_000002.12:47403357:A:G,MSH2,LB
NC_000002.12:47403360:T:C,MSH2,VUS
NC_000002.12:47403362:T:C,MSH2,LB
NC_000002.12:47403368:A:T,MSH2,VUS
NC_000002.12:47403371:C:A,MSH2,VUS
NC_000002.12:47403372:A:G,MSH2,VUS
NC_000002.12:47403375:G:T,MSH2,LB
NC_000002.12:47403380:A:T,MSH2,VUS
NC_000002.12:47403383:A:G,MSH2,LB
NC_000002.12:47403386:T:C,MSH2,VUS
NC_000002.12:47403387:A:G,MSH2,LB
NC_000002.12:47403389:A:T,MSH2,LB
NC_000002.12:47408405:A:C,MSH2,VUS
NC_000002.12:47408414:C:G,MSH2,LB
NC_000002.12:47408416:G:C,MSH2,LB
NC_000002.12:47408441:T:G,MSH2,VUS
NC_000002.12:47408444:G:C,MSH2,LB
NC_000002.12:47408459:G:C,MSH2,LB
NC_000002.12:47408471:G:C,MSH2,LB
NC_000002.12:47408484:G:T,MSH2,VUS
NC_000002.12:47408498:A:G,MSH2,VUS
NC_000002.12:47408500:G:T,MSH2,LB
NC_000002.12:47408504:A:G,MSH2,LB
NC_000002.12:47408513:A:C,MSH2,VUS
NC_000002.12:47408532:A:G,MSH2,VUS
NC_000002.12:47408533:T:G,MSH2,LB
NC_000002.12:47408546:G:T,MSH2,VUS
NC_000002.12:47408553:A:C,MSH2,VUS
NC_000002.12:47410099:C:T,MSH2,LB
NC_000002.12:47410106:ATCTC:GTCTT,MSH2,VUS
NC_000002.12:47410108:C:A,MSH2,VUS
NC_000002.12:47410109:T:C,MSH2,VUS
NC_000002.12:47410111:T:C,MSH2,LB
NC_000002.12:47410123:G:C,MSH2,LB
NC_000002.12:47410159:A:T,MSH2,VUS
NC_000002.12:47410183:T:G,MSH2,VUS
NC_000002.12:47410186:G:C,MSH2,LB
NC_000002.12:47410242:A:T,MSH2,LB
NC_000002.12:47410279:T:C,MSH2,VUS
NC_000002.12:47410292:C:T,MSH2,LB
NC_000002.12:47410303:C:A,MSH2,LB
NC_000002.12:47410304:A:G,MSH2,VUS
NC_000002.12:47410307:T:A,MSH2,LB
NC_000002.12:47410309:G:C,MSH2,LB
NC_000002.12:47410341:G:T,MSH2,VUS
NC_000002.12:47410346:C:T,MSH2,LB
NC_000002.12:47410361:A:G,MSH2,VUS
NC_000002.12:47412416:A:G,MSH2,LB
NC_000002.12:47412431:A:T,MSH2,VUS
NC_000002.12:47412443:G:A,MSH2,LB
NC_000002.12:47412447:G:T,MSH2,VUS
NC_000002.12:47412468:C:A,MSH2,VUS
NC_000002.12:47412476:A:T,MSH2,LB
NC_000002.12:47412484:G:T,MSH2,LB
NC_000002.12:47412507:G:A,MSH2,VUS
NC_000002.12:47412507:G:C,MSH2,VUS
NC_000002.12:47412512:A:G,MSH2,VUS
NC_000002.12:47412522:A:T,MSH2,VUS
NC_000002.12:47412524:A:T,MSH2,LB
NC_000002.12:47412526:G:C,MSH2,LB
NC_000002.12:47414274:G:A,MSH2,LB
NC_000002.12:47414274:G:C,MSH2,LB
NC_000002.12:47414275:T:C,MSH2,VUS
NC_000002.12:47414287:C:T,MSH2,LB
NC_000002.12:47414317:C:T,MSH2,LB
NC_000002.12:47414323:A:T,MSH2,LB
NC_000002.12:47414338:A:G,MSH2,LB
NC_000002.12:47414350:C:T,MSH2,LB
NC_000002.12:47414359:A:C,MSH2,VUS
NC_000002.12:47414362:T:C,MSH2,LB
NC_000002.12:47414365:G:C,MSH2,VUS
NC_000002.12:47414370:T:A,MSH2,LB
NC_000002.12:47414387:T:G,MSH2,VUS
NC_000002.12:47414397:A:G,MSH2,LB
NC_000002.12:47414406:A:G,MSH2,VUS
NC_000002.12:47414408:C:G,MSH2,VUS
NC_000002.12:47414414:T:A,MSH2,VUS
NC_000002.12:47416299:CT:GG,MSH2,VUS
NC_000002.12:47416301:G:A,MSH2,LB
NC_000002.12:47416302:T:C,MSH2,LB
NC_000002.12:47416317:GCTCT:ACTCC,MSH2,VUS
NC_000002.12:47416334:G:T,MSH2,LB
NC_000002.12:47416335:C:T,MSH2,LB
NC_000002.12:47416347:A:G,MSH2,VUS
NC_000002.12:47416355:A:T,MSH2,LB
NC_000002.12:47416382:C:G,MSH2,LB
NC_000002.12:47416411:G:C,MSH2,LB
NC_000002.12:47416416:G:A,MSH2,LB
NC_000002.12:47416417:A:C,MSH2,VUS
NC_000002.12:47429742:T:A,MSH2,VUS
NC_000002.12:47429745:A:C,MSH2,VUS
NC_000002.12:47429763:G:A,MSH2,LB
NC_000002.12:47429764:T:C,MSH2,LB
NC_000002.12:47429777:A:C,MSH2,VUS
NC_000002.12:47429787:A:T,MSH2,LB
NC_000002.12:47429791:T:C,MSH2,LB
NC_000002.12:47429793:C:G,MSH2,LB
NC_000002.12:47429797:A:C,MSH2,LB
NC_000002.12:47429836:C:G,MSH2,LB
NC_000002.12:47429844:T:C,MSH2,LB
NC_000002.12:47429851:G:A,MSH2,VUS
NC_000002.12:47429851:G:C,MSH2,LB
NC_000002.12:47429854:A:C,MSH2,VUS
NC_000002.12:47429862:A:C,MSH2,VUS
NC_000002.12:47429867:A:C,MSH2,VUS
NC_000002.12:47429873:T:G,MSH2,VUS
NC_000002.12:47429887:A:T,MSH2,LB
NC_000002.12:47429892:G:A,MSH2,LB
NC_000002.12:47429895:A:T,MSH2,LB
NC_000002.12:47429898:A:C,MSH2,VUS
NC_000002.12:47429908:C:A,MSH2,LB
NC_000002.12:47429919:C:G,MSH2,LB
NC_000002.12:47429928:G:C,MSH2,LB
NC_000002.12:47429932:A:G,MSH2,LB
NC_000002.12:47445558:A:C,MSH2,VUS
NC_000002.12:47445558:A:G,MSH2,VUS
NC_000002.12:47445566:G:C,MSH2,LB
NC_000002.12:47445580:T:A,MSH2,LB
NC_000002.12:47445606:G:C,MSH2,LB
NC_000002.12:47445634:A:C,MSH2,VUS
NC_000002.12:47445634:A:G,MSH2,VUS
NC_000002.12:47445637:C:G,MSH2,LB
NC_000002.12:47445650:G:A,MSH2,LB
NC_000002.12:47463060:T:G,MSH2,VUS
NC_000002.12:47463079:G:A,MSH2,LB
NC_000002.12:47463103:A:G,MSH2,LB
NC_000002.12:47463105:T:A,MSH2,LB
NC_000002.12:47463107:G:C,MSH2,VUS
NC_000002.12:47463127:C:A,MSH2,LB
NC_000002.12:47463133:T:C,MSH2,VUS
NC_000002.12:47463135:A:G,MSH2,VUS
NC_000002.12:47466666:C:T,MSH2,VUS
NC_000002.12:47466675:A:C,MSH2,VUS
NC_000002.12:47466675:A:G,MSH2,VUS
NC_000002.12:47466678:T:C,MSH2,VUS
NC_000002.12:47466686:G:A,MSH2,LB
NC_000002.12:47466693:G:C,MSH2,LB
NC_000002.12:47466698:C:G,MSH2,LB
NC_000002.12:47466700:G:C,MSH2,VUS
NC_000002.12:47466740:G:T,MSH2,VUS
NC_000002.12:47466756:A:C,MSH2,LB
NC_000002.12:47466757:A:C,MSH2,VUS
NC_000002.12:47466759:A:T,MSH2,LB
NC_000002.12:47466768:C:A,MSH2,VUS
NC_000002.12:47466774:A:C,MSH2,VUS
NC_000002.12:47466776:A:T,MSH2,LB
NC_000002.12:47470980:A:G,MSH2,VUS
NC_000002.12:47471001:A:G,MSH2,LB
NC_000002.12:47471013:G:A,MSH2,LB
NC_000002.12:47471020:C:T,MSH2,VUS
NC_000002.12:47471028:G:C,MSH2,LB
NC_000002.12:47471050:A:C,MSH2,LB
NC_000002.12:47471052:A:G,MSH2,LB
NC_000002.12:47471055:T:G,MSH2,VUS
NC_000002.12:47475037:A:T,MSH2,LB
NC_000002.12:47475044:A:G,MSH2,LB
NC_000002.12:47475044:A:T,MSH2,LB
NC_000002.12:47475046:A:C,MSH2,LB
NC_000002.12:47475049:C:A,MSH2,VUS
NC_000002.12:47475062:G:A,MSH2,LB
NC_000002.12:47475080:G:A,MSH2,LB
NC_000002.12:47475096:T:C,MSH2,LB
NC_000002.12:47475098:T:C,MSH2,LB
NC_000002.12:47475104:G:A,MSH2,LB
NC_000002.12:47475111:C:T,MSH2,LB
NC_000002.12:47475113:G:A,MSH2,LB
NC_000002.12:47475114:T:C,MSH2,LB
NC_000002.12:47475119:T:C,MSH2,LB
NC_000002.12:47475132:C:G,MSH2,VUS
NC_000002.12:47475152:G:C,MSH2,LB
NC_000002.12:47475156:G:T,MSH2,LB
NC_000002.12:47475159:T:G,MSH2,LB
NC_000002.12:47475168:A:C,MSH2,VUS
NC_000002.12:47475170:G:A,MSH2,LB
NC_000002.12:47475182:G:T,MSH2,LB
NC_000002.12:47475188:G:A,MSH2,LB
NC_000002.12:47475194:G:A,MSH2,LB
NC_000002.12:47475194:G:T,MSH2,VUS
NC_000002.12:47475206:A:G,MSH2,LB
NC_000002.12:47475219:C:G,MSH2,LB
NC_000002.12:47475222:A:G,MSH2,VUS
NC_000002.12:47475224:G:A,MSH2,LB
NC_000002.12:47475227:G:T,MSH2,LB
NC_000002.12:47475230:T:A,MSH2,LB
NC_000002.12:47475249:A:G,MSH2,VUS
NC_000002.12:47475253:G:T,MSH2,VUS
NC_000002.12:47475258:A:G,MSH2,LB
NC_000002.12:47475258:A:T,MSH2,VUS
NC_000002.12:47475265:T:G,MSH2,VUS
NC_000002.12:47475278:C:G,MSH2,LB
NC_000002.12:47475279:C:G,MSH2,VUS
NC_000002.12:47475282:G:T,MSH2,LB
NC_000002.12:47475284:T:G,MSH2,VUS
NC_000002.12:47475288:G:T,MSH2,VUS
NC_000002.12:47475291:C:T,MSH2,LB
NC_000002.12:47476369:C:G,MSH2,LB
NC_000002.12:47476410:G:A,MSH2,LB
NC_000002.12:47476453:A:G,MSH2,VUS
NC_000002.12:47476462:A:T,MSH2,VUS
NC_000002.12:47476509:A:G,MSH2,LB
NC_000002.12:47476538:G:A,MSH2,LB
NC_000002.12:47476538:G:T,MSH2,LB
NC_000002.12:47478278:A:T,MSH2,VUS
NC_000002.12:47478290:T:A,MSH2,VUS
NC_000002.12:47478377:A:G,MSH2,LB
NC_000002.12:47478398:T:C,MSH2,LB
NC_000002.12:47478413:C:G,MSH2,LB
NC_000002.12:47478443:C:T,MSH2,LB
NC_000002.12:47478454:T:G,MSH2,LB
NC_000002.12:47478458:C:G,MSH2,LB
NC_000002.12:47478486:A:G,MSH2,LB
NC_000002.12:47480701:G:C,MSH2,LB
NC_000002.12:47480753:T:G,MSH2,VUS
NC_000002.12:47480757:A:T,MSH2,VUS
NC_000002.12:47480769:A:C,MSH2,LB
NC_000002.12:47480805:A:C,MSH2,LB
NC_000002.12:47480815:C:G,MSH2,LB
NC_000002.12:47480823:T:G,MSH2,LB
NC_000002.12:47480826:G:T,MSH2,LB
NC_000002.12:47480832:A:G,MSH2,LB
NC_000002.12:47480845:C:A,MSH2,VUS
NC_000002.12:47480889:A:T,MSH2,VUS
NC_000002.12:47482778:C:G,MSH2,LB
NC_000002.12:47482787:A:G,MSH2,VUS
NC_000002.12:47482789:A:T,MSH2,LB
NC_000002.12:47482800:A:T,MSH2,LB
NC_000002.12:47482821:A:C,MSH2,VUS
NC_000002.12:47482821:A:G,MSH2,VUS
NC_000002.12:47482824:T:G,MSH2,LB
NC_000002.12:47482826:C:T,MSH2,LB
NC_000002.12:47482838:A:C,MSH2,VUS
NC_000002.12:47482850:A:G,MSH2,VUS
NC_000002.12:47482852:C:G,MSH2,LB
NC_000002.12:47482856:A:C,MSH2,VUS
NC_000002.12:47482910:G:C,MSH2,VUS
NC_000002.12:47482917:A:G,MSH2,VUS
NC_000002.12:47482926:C:T,MSH2,VUS
NC_000002.12:47482928:C:G,MSH2,VUS
NC_000002.12:47482932:T:A,MSH2,VUS
NC_000002.12:47482943:A:G,MSH2,LB
NC_000002.12:47512368:G:A,KCNK12,LB
NC_000002.12:47521586:T:A,KCNK12,VUS
NC_000002.12:47570294:T:A,KCNK12,VUS
NC_000002.12:47783254:T:C,MSH6,LB
NC_000002.12:47783285:G:C,MSH6,LB
NC_000002.12:47783290:G:C,MSH6,LB
NC_000002.12:47783298:G:A,MSH6,LB
NC_000002.12:47783302:T:C,MSH6,LB
NC_000002.12:47783304:G:A,MSH6,LB
NC_000002.12:47783304:G:C,MSH6,VUS
NC_000002.12:47783304:G:T,MSH6,VUS
NC_000002.12:47783307:C:A,MSH6,VUS
NC_000002.12:47783313:C:T,MSH6,LB
NC_000002.12:47783316:A:C,MSH6,VUS
NC_000002.12:47783331:T:C,MSH6,VUS
NC_000002.12:47783337:C:A,MSH6,VUS
NC_000002.12:47783341:G:T,MSH6,VUS
NC_000002.12:47783344:C:A,MSH6,VUS
NC_000002.12:47783346:C:A,MSH6,VUS
NC_000002.12:47783346:C:G,MSH6,VUS
NC_000002.12:47783348:GG:AA,MSH6,VUS
NC_000002.12:47783348:GGGCC:AGGCT,MSH6,VUS
NC_000002.12:47783349:G:T,MSH6,VUS
NC_000002.12:47783352:C:A,MSH6,LB
NC_000002.12:47783355:T:A,MSH6,VUS
NC_000002.12:47783358:T:A,MSH6,LB
NC_000002.12:47783358:T:G,MSH6,LB
NC_000002.12:47783361:C:A,MSH6,VUS
NC_000002.12:47783369:G:A,MSH6,LB
NC_000002.12:47783370:G:A,MSH6,VUS
NC_000002.12:47783370:G:C,MSH6,VUS
NC_000002.12:47783370:G:T,MSH6,VUS
NC_000002.12:47783376:G:C,MSH6,VUS
NC_000002.12:47783378:C:A,MSH6,LB
NC_000002.12:47783379:C:G,MSH6,VUS
NC_000002.12:47783387:A:C,MSH6,VUS
NC_000002.12:47783391:T:A,MSH6,LB
NC_000002.12:47783391:T:C,MSH6,LB
NC_000002.12:47783391:T:G,MSH6,LB
NC_000002.12:47783394:G:C,MSH6,VUS
NC_000002.12:47783394:G:T,MSH6,VUS
NC_000002.12:47783400:G:C,MSH6,VUS
NC_000002.12:47783403:C:G,MSH6,VUS
NC_000002.12:47783403:C:T,MSH6,LB
NC_000002.12:47783409:C:A,MSH6,VUS
NC_000002.12:47783415:GCGC:ACGA,MSH6,VUS
NC_000002.12:47783415:G:T,MSH6,LB
NC_000002.12:47783424:G:A,MSH6,LB
NC_000002.12:47783439:G:T,MSH6,VUS
NC_000002.12:47783442:G:C,MSH6,VUS
NC_000002.12:47783445:C:T,MSH6,VUS
NC_000002.12:47783454:A:C,MSH6,VUS
NC_000002.12:47783454:A:G,MSH6,VUS
NC_000002.12:47783460:G:A,MSH6,VUS
NC_000002.12:47783473:G:A,MSH6,LB
NC_000002.12:47791029:G:A,MSH6,LB
NC_000002.12:47795946:G:C,MSH6,LB
NC_000002.12:47795977:A:C,MSH6,LB
NC_000002.12:47795997:A:G,MSH6,VUS
NC_000002.12:47798619:A:G,MSH6,VUS
NC_000002.12:47798623:A:C,MSH6,LB
NC_000002.12:47798626:T:C,MSH6,VUS
NC_000002.12:47798645:A:T,MSH6,LB
NC_000002.12:47798691:G:A,MSH6,VUS
NC_000002.12:47798713:A:G,MSH6,VUS
NC_000002.12:47798721:A:C,MSH6,VUS
NC_000002.12:47798829:G:A,MSH6,VUS
NC_000002.12:47798937:A:G,MSH6,LB
NC_000002.12:47799003:T:G,MSH6,LB
NC_000002.12:47799058:G:C,MSH6,LB
NC_000002.12:47799070:C:T,MSH6,LB
NC_000002.12:47799147:C:T,MSH6,LB
NC_000002.12:47799259:G:T,MSH6,VUS
NC_000002.12:47799382:G:A,MSH6,LB
NC_000002.12:47799388:A:T,MSH6,LB
NC_000002.12:47799469:G:A,MSH6,LB
NC_000002.12:47799649:A:T,MSH6,LB
NC_000002.12:47799813:A:G,MSH6,VUS
NC_000002.12:47799828:T:C,MSH6,LB
NC_000002.12:47799913:G:C,MSH6,LB
NC_000002.12:47799940:T:C,MSH6,VUS
NC_000002.12:47800204:A:G,MSH6,LB
NC_000002.12:47800412:G:C,MSH6,LB
NC_000002.12:47800465:T:A,MSH6,VUS
NC_000002.12:47800525:C:T,MSH6,LB
NC_000002.12:47800618:C:G,MSH6,LB
NC_000002.12:47800622:T:G,MSH6,VUS
NC_000002.12:47800649:G:C,MSH6,VUS
NC_000002.12:47800653:A:G,MSH6,LB
NC_000002.12:47800702:T:C,MSH6,LB
NC_000002.12:47800747:G:A,MSH6,LB
NC_000002.12:47800977:A:T,MSH6,LB
NC_000002.12:47801108:A:C,MSH6,LB
NC_000002.12:47803527:C:T,MSH6,LB
NC_000002.12:47803629:A:T,MSH6,LB
NC_000002.12:47803631:T:G,MSH6,LB
NC_000002.12:47803671:CGCTT:TGCTA,MSH6,VUS
NC_000002.12:47805022:G:A,MSH6,LB
NC_000002.12:47806471:A:G,MSH6,LB
NC_000002.12:47806495:T:C,MSH6,VUS
NC_000002.12:47806501:G:C,MSH6,LB
NC_000002.12:47806513:A:G,MSH6,LB
NC_000002.12:47806516:C:T,MSH6,LB
NC_000002.12:47806525:A:T,MSH6,VUS
NC_000002.12:47806528:T:G,MSH6,VUS
NC_000002.12:47806534:T:A,MSH6,LB
NC_000002.12:47806546:C:T,MSH6,VUS
NC_000002.12:47806555:A:G,MSH6,VUS
NC_000002.12:47806567:T:A,MSH6,VUS
NC_000002.12:47806567:T:C,MSH6,VUS
NC_000002.12:47806582:A:C,MSH6,LB
NC_000002.12:47806594:G:A,MSH6,VUS
NC_000002.12:47806597:A:C,MSH6,VUS
NC_000002.12:47806597:A:G,MSH6,LB
NC_000002.12:47806606:A:G,MSH6,LB
NC_000002.12:47806621:G:A,MSH6,LB
NC_000002.12:47806624:G:A,MSH6,LB
NC_000002.12:47806781:A:G,MSH6,LB
NC_000002.12:47806787:C:T,MSH6,VUS
NC_000002.12:47808173:C:T,MSH6,LB
NC_000002.12:47808226:G:A,MSH6,LB
NC_000002.12:47809235:A:G,MSH6,VUS
NC_000002.12:47809660:C:G,MSH6,LB
NC_000002.12:127259309:A:G,ERCC3,LB
NC_000002.12:127272922:A:C,ERCC3,VUS
NC_000002.12:127286777:C:T,ERCC3,LB
NC_000002.12:127293710:C:G,MAP3K2,VUS
NC_000002.12:214728778:T:C,BARD1,VUS
NC_000002.12:214728919:G:A,BARD1,LB
NC_000002.12:214728971:A:C,BARD1,VUS
NC_000002.12:214730481:C:G,BARD1,VUS
NC_000002.12:214745132:C:A,BARD1,VUS
NC_000002.12:214745132:C:T,BARD1,VUS
NC_000002.12:214767530:CA:TG,BARD1,VUS
NC_000002.12:214767530:CATGC:TGTGA,BARD1,VUS
NC_000002.12:214767625:T:C,BARD1,VUS
NC_000002.12:214780613:C:A,BARD1,LB
NC_000002.12:214780616:A:T,BARD1,LB
NC_000002.12:214780627:G:C,BARD1,VUS
NC_000002.12:214780734:T:G,BARD1,LB
NC_000002.12:214780744:C:T,BARD1,VUS
NC_000002.12:214780759:C:T,BARD1,VUS
NC_000002.12:214780762:T:C,BARD1,VUS
NC_000002.12:214780791:T:G,BARD1,VUS
NC_000002.12:214780802:T:C,BARD1,LB
NC_000002.12:214780815:G:A,BARD1,VUS
NC_000002.12:214780868:T:A,BARD1,VUS
NC_000002.12:214780944:G:A,BARD1,VUS
NC_000002.12:214780948:T:C,BARD1,VUS
NC_000002.12:214780957:T:C,BARD1,LB
NC_000002.12:214780968:T:C,BARD1,LB
NC_000002.12:214780999:T:C,BARD1,LB
NC_000002.12:214781107:C:T,BARD1,VUS
NC_000002.12:214781170:A:C,BARD1,VUS
NC_000002.12:214781197:C:T,BARD1,LB
NC_000002.12:214781275:C:A,BARD1,VUS
NC_000002.12:214781340:T:A,BARD1,VUS
NC_000002.12:214781344:G:C,BARD1,VUS
NC_000002.12:214781355:G:T,BARD1,VUS
NC_000002.12:214781363:T:G,BARD1,VUS
NC_000002.12:214781421:C:T,BARD1,VUS
NC_000002.12:214781493:T:C,BARD1,LB
NC_000002.12:214792415:C:T,BARD1,VUS
NC_000002.12:214792441:A:T,BARD1,VUS
NC_000002.12:214792443:T:A,BARD1,LB
NC_000002.12:214809499:GC:AT,BARD1,LB
NC_000002.12:214809499:GCGCG:ACGCA,BARD1,VUS
NC_000022.11:28687922:G:T,CHEK2,VUS
NC_000022.11:28689141:A:G,CHEK2,LB
NC_000022.11:28695144:C:T,CHEK2,VUS
NC_000022.11:28696912:G:C,CHEK2,LB
NC_000022.11:28711910:C:T,CHEK2,LB
NC_000022.11:28711935:C:A,CHEK2,LB
NC_000022.11:28719434:C:A,CHEK2,LB
NC_000022.11:28734651:T:C,CHEK2,VUS
NC_000022.11:28734660:G:A,CHEK2,LB
NC_000022.11:29636839:C:G,NF2,LB
NC_000022.11:29636893:T:C,NF2,LB
NC_000022.11:29639182:G:A,NF2,LB
NC_000022.11:29668412:A:T,NF2,LB
NC_000022.11:29694759:G:A,NF2,VUS
NC_000022.11:29694777:A:G,NF2,VUS
NC_000022.11:29694779:T:A,NF2,VUS
NC_000003.12:10141847:A:C,VHL,VUS
NC_000003.12:10141857:G:A,VHL,LB
NC_000003.12:10141862:G:A,VHL,VUS
NC_000003.12:10141904:G:A,VHL,VUS
NC_000003.12:10141982:G:A,VHL,VUS
NC_000003.12:10142003:G:A,VHL,VUS
NC_000003.12:10142005:G:T,VHL,VUS
NC_000003.12:10142043:T:A,VHL,VUS
NC_000003.12:10142043:T:C,VHL,VUS
NC_000003.12:10142052:G:A,VHL,VUS
NC_000003.12:10142117:T:G,VHL,LB
NC_000003.12:10142172:T:C,VHL,VUS
NC_000003.12:10142767:A:C,VHL,VUS
NC_000003.12:10142769:G:C,VHL,VUS
NC_000003.12:10142776:G:C,VHL,VUS
NC_000003.12:10142787:C:G,VHL,LB
NC_000003.12:10142789:G:C,VHL,VUS
NC_000003.12:10142791:G:T,VHL,VUS
NC_000003.12:10142809:G:C,VHL,VUS
NC_000003.12:10142812:A:G,VHL,LB
NC_000003.12:10142813:A:G,VHL,VUS
NC_000003.12:10142819:T:C,VHL,LB
NC_000003.12:10142824:C:G,VHL,VUS
NC_000003.12:10142832:A:T,VHL,LB
NC_000003.12:10142861:A:G,VHL,LB
NC_000003.12:10142887:G:A,VHL,LB
NC_000003.12:10142890:C:A,VHL,VUS
NC_000003.12:10142890:C:G,VHL,VUS
NC_000003.12:10142891:G:A,VHL,VUS
NC_000003.12:10142900:G:C,VHL,LB
NC_000003.12:10142900:G:T,VHL,LB
NC_000003.12:10142902:G:C,VHL,LB
NC_000003.12:10142907:A:T,VHL,VUS
NC_000003.12:10142910:G:C,VHL,LB
NC_000003.12:10142914:T:C,VHL,VUS
NC_000003.12:10142923:G:C,VHL,LB
NC_000003.12:10142924:C:T,VHL,LB
NC_000003.12:10142931:A:T,VHL,VUS
NC_000003.12:10142968:C:T,VHL,VUS
NC_000003.12:10142975:C:G,VHL,LB
NC_000003.12:10142975:C:T,VHL,VUS
NC_000003.12:10142977:G:A,VHL,LB
NC_000003.12:10142986:G:A,VHL,LB
NC_000003.12:10142988:G:C,VHL,VUS
NC_000003.12:10142989:A:G,VHL,LB
NC_000003.12:10142992:A:G,VHL,VUS
NC_000003.12:10142994:G:C,VHL,VUS
NC_000003.12:10142995:A:G,VHL,LB
NC_000003.12:10142995:A:T,VHL,LB
NC_000003.12:10142996:T:C,VHL,VUS
NC_000003.12:10143000:G:T,VHL,VUS
NC_000003.12:10146524:C:G,VHL,VUS
NC_000003.12:10146545:C:A,VHL,VUS
NC_000003.12:10146570:C:A,VHL,VUS
NC_000003.12:10146593:A:T,VHL,VUS
NC_000003.12:10146626:A:T,VHL,VUS
NC_000003.12:10149791:A:G,VHL,VUS
NC_000003.12:10149934:G:C,VHL,VUS
NC_000003.12:10149954:T:G,VHL,VUS
NC_000003.12:10149959:G:T,VHL,VUS
NC_000003.12:14148900:C:A,XPC,VUS
NC_000003.12:14158034:G:C,XPC,VUS
NC_000003.12:14158491:G:A,XPC,LB
NC_000003.12:14158866:A:G,XPC,VUS
NC_000003.12:14165466:C:T,XPC,LB
NC_000003.12:14178522:G:C,LSM3,LB
NC_000003.12:14178543:C:T,LSM3,VUS
NC_000003.12:37001037:T:C,MLH1,LB
NC_000003.12:37001043:T:C,MLH1,VUS
NC_000003.12:37001044:C:A,MLH1,VUS
NC_000003.12:37001046:A:C,MLH1,VUS
NC_000003.12:37012076:A:C,MLH1,LB
NC_000003.12:37014469:C:T,MLH1,LB
NC_000003.12:37025637:C:A,MLH1,LB
NC_000003.12:37025672:A:G,MLH1,LB
NC_000003.12:37025699:T:C,MLH1,LB
NC_000003.12:37025864:A:G,MLH1,LB
NC_000003.12:37025957:G:A,MLH1,VUS
NC_000003.12:37025972:T:G,MLH1,VUS
NC_000003.12:37047585:A:G,MLH1,LB
NC_000003.12:37047638:AA:GC,MLH1,LB
NC_000003.12:37048987:T:C,MLH1,LB
NC_000003.12:37050578:C:T,MLH1,LB
NC_000003.12:52402826:G:C,BAP1,VUS
NC_000003.12:52402827:T:C,BAP1,LB
NC_000003.12:52403198:C:T,BAP1,LB
NC_000003.12:52403234:G:A,BAP1,VUS
NC_000003.12:52403241:T:C,BAP1,LB
NC_000003.12:52403273:G:A,BAP1,VUS
NC_000003.12:52403798:G:A,BAP1,VUS
NC_000003.12:52404484:C:G,BAP1,VUS
NC_000003.12:52404519:A:C,BAP1,VUS
NC_000003.12:52404548:C:G,BAP1,VUS
NC_000003.12:52405278:G:T,BAP1,LB
NC_000003.12:52405811:A:G,BAP1,VUS
NC_000003.12:52405826:T:G,BAP1,VUS
NC_000003.12:52407417:C:T,BAP1,VUS
NC_000003.12:52408492:T:C,BAP1,VUS
NC_000003.12:52408589:T:C,BAP1,VUS
NC_000003.12:52409573:G:C,BAP1,VUS
NC_000003.12:69866297:C:T,MITF,LB
NC_000003.12:69965069:A:G,MITF,VUS
NC_000005.10:80654766:T:G,MSH3,VUS
NC_000005.10:80654844:T:C,MSH3,LB
NC_000005.10:80654861:C:G,MSH3,VUS
NC_000005.10:80654875:G:A,MSH3,VUS
NC_000005.10:80654898:G:C,MSH3,LB
NC_000005.10:80654904:GCCG:CCCC,MSH3,VUS
NC_000005.10:80654934:G:A,MSH3,LB
NC_000005.10:80654960:CA:TG,MSH3,VUS
NC_000005.10:80654961:A:G,MSH3,LB
NC_000005.10:80654961:ATA:GTG,MSH3,VUS
NC_000005.10:80656528:C:G,MSH3,VUS
NC_000005.10:80665316:A:G,MSH3,VUS
NC_000005.10:80679011:G:A,MSH3,VUS
NC_000005.10:80725560:C:G,MSH3,VUS
NC_000005.10:80728963:G:A,MSH3,LB
NC_000005.10:80768046:G:T,MSH3,VUS
NC_000005.10:80768836:T:G,MSH3,VUS
NC_000005.10:80813584:A:G,MSH3,VUS
NC_000005.10:80854160:CA:AG,MSH3,VUS
NC_000005.10:80854161:A:G,MSH3,LB
NC_000005.10:80854161:AG:GA,MSH3,VUS
NC_000005.10:80864880:C:A,MSH3,VUS
NC_000005.10:80873117:G:A,MSH3,LB
NC_000005.10:80873171:A:G,MSH3,VUS
NC_000005.10:112707738:G:A,APC,LB
NC_000005.10:112707794:C:A,APC,LB
NC_000005.10:112707841:G:A,APC,LB
NC_000005.10:112738436:G:A,APC,LB
NC_000005.10:112767202:A:G,APC,LB
NC_000005.10:112767344:G:T,APC,LB
NC_000005.10:112767356:G:A,APC,LB
NC_000005.10:112792514:G:C,APC,LB
NC_000005.10:112801291:A:G,APC,LB
NC_000005.10:112801357:A:G,APC,LB
NC_000005.10:112819026:G:A,APC,LB
NC_000005.10:112819101:T:C,APC,LB
NC_000005.10:112819230:G:T,APC,VUS
NC_000005.10:112823320:C:T,APC,LB
NC_000005.10:112827185:C:T,APC,LB
NC_000005.10:112838174:G:A,APC,LB
NC_000005.10:112838372:G:A,APC,VUS
NC_000005.10:112838440:G:A,APC,VUS
NC_000005.10:112838502:G:C,APC,LB
NC_000005.10:112839105:G:A,APC,LB
NC_000005.10:112839143:G:A,APC,LB
NC_000005.10:112839201:G:T,APC,LB
NC_000005.10:112839339:G:C,APC,LB
NC_000005.10:112839523:G:C,APC,VUS
NC_000005.10:112839523:G:T,APC,LB
NC_000005.10:112840262:A:G,APC,LB
NC_000005.10:112840469:C:G,APC,LB
NC_000005.10:112840499:G:T,APC,LB
NC_000005.10:112840842:T:C,APC,LB
NC_000005.10:112840958:G:A,APC,LB
NC_000005.10:112841056:GGT:AGA,APC,VUS
NC_000005.10:112841338:G:C,APC,LB
NC_000005.10:112841361:C:T,APC,VUS
NC_000005.10:112841547:A:T,APC,LB
NC_000005.10:112842471:G:C,APC,LB
NC_000005.10:112843008:C:A,APC,LB
NC_000005.10:112843101:G:A,APC,LB
NC_000005.10:112843635:C:T,APC,LB
NC_000005.10:112843848:A:C,APC,LB
NC_000005.10:112844031:C:A,APC,LB
NC_000006.12:43583024:T:C,POLH,LB
NC_000006.12:43583033:T:C,POLH,LB
NC_000006.12:43583036:A:G,POLH,VUS
NC_000006.12:43583078:G:A,POLH,LB
NC_000006.12:43583093:T:C,POLH,VUS
NC_000006.12:43583096:A:G,POLH,LB
NC_000006.12:43614165:T:C,POLH,LB
NC_000007.14:5973413:GACAC:CACAG,RSPH10B,VUS
NC_000007.14:5973417:C:G,RSPH10B,LB
NC_000007.14:5977621:T:C,PMS2,LB
NC_000007.14:5977667:T:G,PMS2,VUS
NC_000007.14:5977762:A:G,PMS2,LB
NC_000007.14:5977763:G:A,PMS2,LB
NC_000007.14:5977763:G:C,PMS2,LB
NC_000007.14:5977766:T:A,PMS2,LB
NC_000007.14:5977768:C:A,PMS2,VUS
NC_000007.14:5977768:C:G,PMS2,VUS
NC_000007.14:5977768:C:T,PMS2,LB
NC_000007.14:5977770:A:T,PMS2,VUS
NC_000007.14:5977774:T:C,PMS2,VUS
NC_000007.14:5977774:T:G,PMS2,VUS
NC_000007.14:5977775:G:T,PMS2,VUS
NC_000007.14:5978598:T:C,PMS2,VUS
NC_000007.14:5978609:A:G,PMS2,LB
NC_000007.14:5978695:T:G,PMS2,VUS
NC_000007.14:5982919:T:G,PMS2,VUS
NC_000007.14:5986806:C:A,PMS2,LB
NC_000007.14:5986847:A:C,PMS2,LB
NC_000007.14:5986959:G:A,PMS2,LB
NC_000007.14:5986995:A:C,PMS2,LB
NC_000007.14:5987022:T:G,PMS2,LB
NC_000007.14:5987046:G:C,PMS2,LB
NC_000007.14:5987121:T:C,PMS2,VUS
NC_000007.14:5987225:A:C,PMS2,VUS
NC_000007.14:5987232:G:A,PMS2,LB
NC_000007.14:5987340:A:G,PMS2,LB
NC_000007.14:5987356:GT:AC,PMS2,VUS
NC_000007.14:5987371:T:C,PMS2,VUS
NC_000007.14:5987373:T:C,PMS2,LB
NC_000007.14:5987385:C:G,PMS2,LB
NC_000007.14:5987401:A:C,PMS2,VUS
NC_000007.14:5987422:C:G,PMS2,LB
NC_000007.14:5987424:A:G,PMS2,VUS
NC_000007.14:5987475:G:A,PMS2,VUS
NC_000007.14:5987617:T:G,PMS2,VUS
NC_000007.14:5989825:C:T,PMS2,VUS
NC_000007.14:6002557:G:C,PMS2,VUS
NC_000007.14:6002639:T:A,PMS2,LB
NC_000007.14:6002640:G:A,PMS2,LB
NC_000007.14:6002640:G:T,PMS2,VUS
NC_000007.14:6002644:G:C,PMS2,LB
NC_000007.14:6002648:A:G,PMS2,LB
NC_000007.14:6002649:C:A,PMS2,LB
NC_000007.14:6002649:C:G,PMS2,VUS
NC_000007.14:6002649:C:T,PMS2,VUS
NC_000007.14:6002651:A:G,PMS2,VUS
NC_000007.14:6002652:G:C,PMS2,VUS
NC_000007.14:6002654:C:T,PMS2,LB
NC_000007.14:6002655:A:G,PMS2,LB
NC_000007.14:6003795:A:C,PMS2,VUS
NC_000007.14:6003795:A:G,PMS2,VUS
NC_000007.14:6003803:T:C,PMS2,VUS
NC_000007.14:6003806:A:G,PMS2,VUS
NC_000007.14:6003807:A:C,PMS2,VUS
NC_000007.14:6003810:T:C,PMS2,VUS
NC_000007.14:6003810:T:G,PMS2,VUS
NC_000007.14:6003975:G:C,PMS2,VUS
NC_000007.14:6003978:T:C,PMS2,LB
NC_000007.14:6003996:T:C,PMS2,LB
NC_000007.14:6003999:C:G,PMS2,VUS
NC_000007.14:6003999:C:T,PMS2,VUS
NC_000007.14:6004005:T:A,PMS2,VUS
NC_000007.14:6004005:T:C,PMS2,LB
NC_000007.14:6005991:CTTCC:TTTCT,AIMP2,VUS
NC_000007.14:6005995:C:T,AIMP2,LB
NC_000007.14:6011164:G:T,AIMP2,LB
NC_000007.14:116699169:C:T,MET,LB
NC_000007.14:116699225:GCG:ACA,MET,VUS
NC_000007.14:116699227:GG:AA,MET,VUS
NC_000007.14:116699297:G:C,MET,LB
NC_000007.14:116699306:G:A,MET,LB
NC_000007.14:116699308:G:C,MET,LB
NC_000007.14:116699357:C:T,MET,LB
NC_000007.14:116699387:A:C,MET,LB
NC_000007.14:116699489:G:C,MET,VUS
NC_000007.14:116699526:A:G,MET,LB
NC_000007.14:116699530:T:A,MET,VUS
NC_000007.14:116699532:A:G,MET,VUS
NC_000007.14:116699548:G:C,MET,LB
NC_000007.14:116699585:G:A,MET,VUS
NC_000007.14:116699654:C:T,MET,LB
NC_000007.14:116699678:A:C,MET,VUS
NC_000007.14:116699705:G:C,MET,LB
NC_000007.14:116699822:A:G,MET,LB
NC_000007.14:116699847:G:A,MET,VUS
NC_000007.14:116699853:A:C,MET,VUS
NC_000007.14:116699853:A:T,MET,VUS
NC_000007.14:116699881:G:C,MET,LB
NC_000007.14:116699891:G:A,MET,LB
NC_000007.14:116700083:G:A,MET,VUS
NC_000007.14:116700090:G:A,MET,VUS
NC_000007.14:116700113:G:A,MET,LB
NC_000007.14:116700155:G:A,MET,LB
NC_000007.14:116700218:A:G,MET,VUS
NC_000007.14:116731790:A:G,MET,VUS
NC_000007.14:116740009:C:G,MET,VUS
NC_000007.14:116740029:T:G,MET,VUS
NC_000007.14:116740962:C:G,MET,VUS
NC_000007.14:116755430:A:G,MET,VUS
NC_000007.14:116757503:C:T,MET,LB
NC_000007.14:116758538:T:C,MET,LB
NC_000007.14:116758552:A:G,MET,VUS
NC_000007.14:116759347:A:G,MET,VUS
NC_000007.14:116763178:G:A,MET,VUS
NC_000007.14:116763231:G:A,MET,VUS
NC_000007.14:116763246:T:G,MET,VUS
NC_000007.14:116763247:G:A,MET,VUS
NC_000007.14:116769720:T:C,MET,VUS
NC_000007.14:116769731:G:T,MET,LB
NC_000007.14:116769794:G:A,MET,VUS
NC_000007.14:116769798:T:C,MET,VUS
NC_000007.14:116796079:G:A,MET,VUS
NC_000007.14:116796080:A:T,MET,VUS
NC_000007.14:116796119:C:T,MET,VUS
NC_000008.11:89935601:A:T,NBN,LB
NC_000008.11:89943290:T:C,NBN,LB
NC_000008.11:89943358:T:A,NBN,VUS
NC_000008.11:89946160:T:A,NBN,VUS
NC_000008.11:89946189:C:T,NBN,LB
NC_000008.11:89946195:G:C,NBN,LB
NC_000008.11:89946204:A:C,NBN,VUS
NC_000008.11:89946270:T:C,NBN,VUS
NC_000008.11:89946285:T:C,NBN,VUS
NC_000008.11:89953323:C:T,NBN,LB
NC_000008.11:89953429:C:G,NBN,LB
NC_000008.11:89953444:A:C,NBN,VUS
NC_000008.11:89955342:G:A,NBN,VUS
NC_000008.11:89955346:T:A,NBN,VUS
NC_000008.11:89955351:T:C,NBN,LB
NC_000008.11:89955437:A:C,NBN,VUS
NC_000008.11:89955478:G:A,NBN,LB
NC_000008.11:89970468:A:G,NBN,LB
NC_000008.11:89971254:C:T,NBN,LB
NC_000008.11:89980757:C:A,NBN,VUS
NC_000008.11:89981492:A:T,NBN,VUS
NC_000008.11:89982784:T:G,NBN,VUS
NC_000008.11:89982788:ATC:GTT,NBN,LB
NC_000008.11:89982797:G:C,NBN,VUS
NC_000008.11:89984527:C:G,NBN,LB
NC_000009.12:21968766:C:A,CDKN2A,LB
NC_000009.12:21970924:A:C,CDKN2A,VUS
NC_000009.12:21970925:T:G,CDKN2A,LB
NC_000009.12:21970928:GG:AT,CDKN2A,VUS
NC_000009.12:21970938:A:T,CDKN2A,VUS
NC_000009.12:21971019:C:G,CDKN2A,VUS
NC_000009.12:21971021:G:A,CDKN2A,LB
NC_000009.12:21971031:G:C,CDKN2A,LB
NC_000009.12:21971037:G:C,CDKN2A,LB
NC_000009.12:21971046:C:T,CDKN2A,LB
NC_000009.12:21971049:C:T,CDKN2A,LB
NC_000009.12:21971055:C:G,CDKN2A,LB
NC_000009.12:21971061:C:T,CDKN2A,LB
NC_000009.12:21971078:G:A,CDKN2A,LB
NC_000009.12:21971079:C:A,CDKN2A,VUS
NC_000009.12:21971079:C:T,CDKN2A,LB
NC_000009.12:21971087:G:A,CDKN2A,LB
NC_000009.12:21971088:G:A,CDKN2A,LB
NC_000009.12:21971094:C:T,CDKN2A,LB
NC_000009.12:21971100:G:T,CDKN2A,LB
NC_000009.12:21971103:A:C,CDKN2A,VUS
NC_000009.12:21971112:C:A,CDKN2A,LB
NC_000009.12:21971118:T:C,CDKN2A,LB
NC_000009.12:21971121:G:A,CDKN2A,VUS
NC_000009.12:21971121:G:T,CDKN2A,VUS
NC_000009.12:21971133:G:A,CDKN2A,LB
NC_000009.12:21971133:G:T,CDKN2A,LB
NC_000009.12:21971142:G:A,CDKN2A,LB
NC_000009.12:21971154:C:T,CDKN2A,LB
NC_000009.12:21971163:G:A,CDKN2A,LB
NC_000009.12:21971166:C:G,CDKN2A,VUS
NC_000009.12:21971168:G:A,CDKN2A,LB
NC_000009.12:21971169:C:G,CDKN2A,VUS
NC_000009.12:21971186:G:T,CDKN2A,LB
NC_000009.12:21971187:G:A,CDKN2A,LB
NC_000009.12:21971189:C:T,CDKN2A,LB
NC_000009.12:21974484:C:T,CDKN2A,LB
NC_000009.12:21974540:A:C,CDKN2A,LB
NC_000009.12:21974637:G:C,CDKN2A,LB
NC_000009.12:21974652:C:A,CDKN2A,VUS
NC_000009.12:21974657:G:C,CDKN2A,LB
NC_000009.12:21974657:G:T,CDKN2A,LB
NC_000009.12:21974666:C:T,CDKN2A,LB
NC_000009.12:21974667:C:A,CDKN2A,LB
NC_000009.12:21974670:T:C,CDKN2A,VUS
NC_000009.12:21974717:A:G,CDKN2A,LB
NC_000009.12:21974738:G:T,CDKN2A,LB
NC_000009.12:21974797:C:A,CDKN2A,LB
NC_000009.12:21974800:C:A,CDKN2A,LB
NC_000009.12:21974807:C:T,CDKN2A,LB
NC_000009.12:21994240:T:C,CDKN2B-AS1,LB
NC_000009.12:95101783:T:C,FANCC,VUS
NC_000009.12:95107174:G:A,FANCC,LB
NC_000009.12:95107174:G:T,FANCC,LB
NC_000009.12:95107184:C:G,FANCC,VUS
NC_000009.12:95107189:A:G,FANCC,VUS
NC_000009.12:95107207:G:A,FANCC,LB
NC_000009.12:95107246:C:T,FANCC,LB
NC_000009.12:95111576:C:A,FANCC,LB
NC_000009.12:95111599:T:C,FANCC,LB
NC_000009.12:95114707:T:C,FANCC,LB
NC_000009.12:95125114:C:G,FANCC,VUS
NC_000009.12:95125141:T:C,FANCC,VUS
NC_000009.12:95125150:T:C,FANCC,LB
NC_000009.12:95135482:T:A,FANCC,VUS
NC_000009.12:95149995:T:C,FANCC,VUS
NC_000009.12:95150017:G:T,FANCC,VUS
NC_000009.12:95172143:C:G,FANCC,VUS
NC_000009.12:95240649:T:C,FANCC,VUS
NC_000009.12:95240674:G:C,FANCC,VUS
NC_000009.12:95240677:C:T,FANCC,VUS
NC_000009.12:95247485:T:C,FANCC,VUS
NC_000009.12:95249154:C:T,FANCC,LB
NC_000009.12:95249172:T:C,FANCC,VUS
NC_000009.12:95249274:A:G,FANCC,LB
NC_000009.12:95446981:G:A,PTCH1,LB
NC_000009.12:95446997:A:G,PTCH1,LB
NC_000009.12:95447099:C:T,PTCH1,LB
NC_000009.12:95447174:C:A,PTCH1,LB
NC_000009.12:95447207:G:C,PTCH1,LB
NC_000009.12:95447230:C:T,PTCH1,LB
NC_000009.12:95447234:G:A,PTCH1,LB
NC_000009.12:95447263:G:C,PTCH1,LB
NC_000009.12:95447312:G:C,PTCH1,LB
NC_000009.12:95447340:G:C,PTCH1,LB
NC_000009.12:95447356:T:A,PTCH1,LB
NC_000009.12:95447359:C:T,PTCH1,LB
NC_000009.12:95447374:G:A,PTCH1,LB
NC_000009.12:95447446:A:G,PTCH1,LB
NC_000009.12:95447450:C:G,PTCH1,VUS
NC_000009.12:95449076:G:A,PTCH1,LB
NC_000009.12:95449079:C:T,PTCH1,LB
NC_000009.12:95449085:C:T,PTCH1,LB
NC_000009.12:95449108:A:G,PTCH1,LB
NC_000009.12:95449120:G:T,PTCH1,LB
NC_000009.12:95449156:C:T,PTCH1,LB
NC_000009.12:95449179:CA:TG,PTCH1,VUS
NC_000009.12:95449213:G:C,PTCH1,LB
NC_000009.12:95449222:C:T,PTCH1,LB
NC_000009.12:95449247:T:C,PTCH1,LB
NC_000009.12:95449256:G:A,PTCH1,LB
NC_000009.12:95449267:G:A,PTCH1,LB
NC_000009.12:95449917:T:A,PTCH1,LB
NC_000009.12:95453582:G:A,PTCH1,LB
NC_000009.12:95456319:C:T,PTCH1,LB
NC_000009.12:95456400:C:T,PTCH1,LB
NC_000009.12:95458113:C:T,PTCH1,LB
NC_000009.12:95459626:C:T,PTCH1,LB
NC_000009.12:95459655:T:C,PTCH1,VUS
NC_000009.12:95459698:C:T,PTCH1,LB
NC_000009.12:95459749:T:C,PTCH1,LB
NC_000009.12:95461869:T:C,PTCH1,LB
NC_000009.12:95467181:C:T,PTCH1,LB
NC_000009.12:95467232:T:C,PTCH1,LB
NC_000009.12:95467313:A:C,PTCH1,LB
NC_000009.12:95467346:G:C,PTCH1,LB
NC_000009.12:95468830:C:T,PTCH1,LB
NC_000009.12:95468851:C:T,PTCH1,LB
NC_000009.12:95468950:C:T,PTCH1,LB
NC_000009.12:95468986:T:C,PTCH1,LB
NC_000009.12:95469025:G:C,PTCH1,LB
NC_000009.12:95469062:G:T,PTCH1,VUS
NC_000009.12:95469066:T:C,PTCH1,LB
NC_000009.12:95469096:T:C,PTCH1,LB
NC_000009.12:95476155:T:C,PTCH1,VUS
NC_000009.12:95476840:G:A,PTCH1,LB
NC_000009.12:95478163:T:C,PTCH1,LB
NC_000009.12:95479031:T:C,PTCH1,LB
NC_000009.12:95479088:A:G,PTCH1,VUS
NC_000009.12:95480004:C:T,PTCH1,LB
NC_000009.12:95480019:T:C,PTCH1,LB
NC_000009.12:95480041:T:C,PTCH1,VUS
NC_000009.12:95480418:C:T,PTCH1,LB
NC_000009.12:95480453:C:G,PTCH1,LB
NC_000009.12:95480570:C:T,PTCH1,LB
NC_000009.12:95482002:G:A,PTCH1,LB
NC_000009.12:95482138:C:T,PTCH1,LB
NC_000009.12:95482181:C:A,PTCH1,LB
NC_000009.12:95485697:A:G,PTCH1,LB
NC_000009.12:95485867:C:T,PTCH1,VUS
NC_000009.12:95506419:C:G,PTCH1,LB
NC_000009.12:95506445:C:T,PTCH1,LB
NC_000009.12:95506464:G:T,PTCH1,LB
NC_000009.12:95506583:G:C,PTCH1,VUS
NC_000009.12:95506593:C:G,PTCH1,VUS
NC_000009.12:95508197:T:A,PTCH1,LB
NC_000009.12:95508219:C:A,PTCH1,LB
NC_000009.12:95508248:CCC:ACA,PTCH1,VUS
NC_000009.12:95508249:C:G,PTCH1,LB
NC_000009.12:95508260:C:G,PTCH1,LB
NC_000009.12:95508300:T:G,PTCH1,LB
NC_000009.12:95508309:T:A,PTCH1,LB
NC_000009.12:95516657:C:G,PTCH1,LB
NC_000009.12:95516819:T:G,PTCH1,LB
NC_000009.12:98807710:A:G,GALNT12,LB
NC_000009.12:98807816:A:T,GALNT12,VUS
NC_000009.12:98807833:G:A,GALNT12,LB
NC_000009.12:98807844:G:C,GALNT12,VUS
NC_000009.12:98807860:A:G,GALNT12,VUS
NC_000009.12:98807870:C:T,GALNT12,LB
NC_000009.12:98807890:A:C,GALNT12,LB
NC_000009.12:98807987:G:C,GALNT12,VUS
NC_000009.12:98808053:A:T,GALNT12,LB
NC_000009.12:98826817:A:T,GALNT12,LB
NC_000009.12:98826873:G:A,GALNT12,LB
NC_000009.12:98831935:A:G,GALNT12,LB
NC_000009.12:98831943:G:A,GALNT12,LB
NC_000009.12:98844104:A:C,GALNT12,VUS
NC_000009.12:98846055:T:C,GALNT12,VUS
NC_000009.12:98846081:G:C,GALNT12,VUS
NC_000009.12:98846090:G:A,GALNT12,VUS
NC_000009.12:98849006:A:C,GALNT12,VUS
NC_000009.12:98849022:C:G,GALNT12,VUS
NC_000009.12:98849034:A:T,GALNT12,VUS
NC_000009.12:98849075:A:G,GALNT12,VUS
NC_000009.12:132896254:T:A,TSC1,LB
NC_000009.12:132896293:C:G,TSC1,LB
NC_000009.12:132896298:G:T,TSC1,LB
NC_000009.12:132896302:G:C,TSC1,LB
NC_000009.12:132896337:A:G,TSC1,VUS
NC_000009.12:132896418:C:T,TSC1,LB
NC_000009.12:132896424:C:G,TSC1,LB
NC_000009.12:132896463:C:G,TSC1,LB
NC_000009.12:132896535:G:A,TSC1,LB
NC_000009.12:132896560:C:T,TSC1,LB
NC_000009.12:132896571:T:C,TSC1,VUS
NC_000009.12:132896653:C:A,TSC1,LB
NC_000009.12:132897510:T:C,TSC1,VUS
NC_000009.12:132900779:C:T,TSC1,LB
NC_000009.12:132901662:G:C,TSC1,LB
NC_000009.12:132902782:T:C,TSC1,LB
NC_000009.12:132905638:C:G,TSC1,VUS
NC_000009.12:132905668:C:T,TSC1,LB
NC_000009.12:132905674:T:C,TSC1,LB
NC_000009.12:132905713:T:C,TSC1,VUS
NC_000009.12:132905763:T:A,TSC1,LB
NC_000009.12:132905839:T:C,TSC1,LB
NC_000009.12:132905926:C:T,TSC1,VUS
NC_000009.12:132905943:G:A,TSC1,LB
NC_000009.12:132906000:G:A,TSC1,LB
NC_000009.12:132906039:G:A,TSC1,LB
NC_000009.12:132906049:C:T,TSC1,LB
NC_000009.12:132906098:C:G,TSC1,LB
NC_000009.12:132906135:G:T,TSC1,LB
NC_000009.12:132906830:C:G,TSC1,VUS
NC_000009.12:132907360:T:C,TSC1,LB
NC_000009.12:132910589:G:A,TSC1,LB
NC_000009.12:132911038:A:C,TSC1,VUS
NC_000009.12:132911043:G:A,TSC1,VUS
NC_000009.12:132911466:T:A,TSC1,LB
NC_000009.12:132911484:G:A,TSC1,LB
NC_000009.12:132911514:G:C,TSC1,LB
NC_000009.12:132911514:G:T,TSC1,LB
NC_000009.12:132911515:CA:AG,TSC1,LB
NC_000009.12:132911515:CA:TG,TSC1,VUS
NC_000009.12:132911561:G:A,TSC1,LB
NC_000009.12:132921387:T:C,TSC1,LB
NC_000009.12:132921888:T:C,TSC1,LB
NC_000009.12:132921958:C:T,TSC1,VUS
NC_000009.12:132923365:A:G,TSC1,LB
NC_000009.12:132925698:G:T,TSC1,LB
NC_000009.12:132925736:G:T,TSC1,LB
NC_000009.12:132927234:T:A,TSC1,LB
NC_000009.12:132927249:G:C,TSC1,LB
