SPDI,Gene,y,MetaRNN_rankscore,am_pathogenicity,CADD_PHRED,PHACTboost_rankscore,gMVP_rankscore,MutationTaster_rankscore,REVEL_rankscore,Eigen-raw_coding_rankscore,VARITY_R_LOO_rankscore,ESM1b_converted_rankscore,PrimateAI_rankscore,fathmm-XF_coding_rankscore,MVP_rankscore,MutationAssessor_rankscore,GERP++_RS_rankscore,phyloP100way_vertebrate_rankscore,phyloP470way_mammalian_rankscore,phastCons100way_vertebrate_rankscore,SpliceAI_DS_max,EVE_SCORE,MetaSVM_rankscore,DEOGEN2_rankscore,MetaLR_rankscore,bStatistic_converted_rankscore,MutFormer_rankscore
NC_000009.12:95101722:A:G,FANCC,1,0.93957,0.6935,24.5,0.77666,0.82384,0.53912,0.85019,0.63482,0.88859,0.57033,0.51438,0.58304,0.89851,0.62361,0.6017,0.60437,0.84024,0.37145,0.0,,0.81585,0.80367,0.74184,0.93516,0.93786
NC_000009.12:95107111:A:C,FANCC,1,0.99622,0.5142,23.1,0.79341,0.7215,0.83495,0.79598,0.70002,0.87659,0.46166,0.42681,0.50611,0.9171,0.69018,0.64629,0.66142,0.85398,0.71708,0.0,0.704854129,0.80115,0.82046,0.72247,0.93516,0.93949
NC_000010.11:87894024:A:C,PTEN,1,0.99199,0.9872,28.3,0.98239,0.99143,0.95536,0.99545,0.74966,0.95951,0.92063,0.89317,0.95909,0.99584,0.96155,0.71412,0.91453,0.85161,0.71708,0.02,,0.9961,0.99582,0.98613,0.20789,0.99633
NC_000010.11:87894048:T:G,PTEN,1,0.99977,0.9995,34.0,0.99831,0.99876,0.9938,0.99976,0.90299,0.98535,0.97616,0.93375,0.91255,0.9971,0.9552,0.71412,0.80954,0.68546,0.71708,0.37,0.723183612,0.9846,0.99637,0.99313,0.20789,0.99778
NC_000010.11:87894050:G:C,PTEN,1,0.99955,0.9999,34.0,0.99426,0.99002,0.9938,0.99995,0.94939,0.96323,0.95403,0.98869,0.95102,0.9968,0.94011,0.71412,0.96695,0.93873,0.71708,0.27,0.705102797,0.98353,0.99362,0.99366,0.20789,0.99752
NC_000010.11:87894083:A:G,PTEN,1,0.97241,0.9997,29.6,0.99426,0.99177,0.9938,0.99315,0.89315,0.95335,0.95928,0.9303,0.72062,0.99549,0.96964,0.71412,0.61002,0.79104,0.71708,0.06,0.7036514,0.97969,0.99428,0.99422,0.20789,0.9969
NC_000010.11:87925517:T:G,PTEN,1,0.95687,0.9916,32.0,0.99297,0.99324,0.98095,0.99518,0.93138,0.87225,0.96519,0.98935,0.94803,0.98906,0.96667,0.79676,0.79523,0.70961,0.71708,0.03,0.571739557,0.97977,0.99558,0.99422,0.16444,0.99644
NC_000010.11:87925528:C:G,PTEN,1,0.96565,0.9996,32.0,0.99579,0.99777,0.98095,0.99315,0.95669,0.92919,0.99716,0.98531,0.9008,0.97555,0.95255,0.8001,0.78461,0.63705,0.71708,0.01,0.699986973,0.98094,0.99552,0.99389,0.16444,0.99739
NC_000010.11:87925529:A:G,PTEN,1,0.94527,0.9987,28.3,0.99078,0.99455,0.9938,0.99874,0.94975,0.91252,0.87167,0.9873,0.95585,0.9951,0.97454,0.8001,0.90878,0.88311,0.71708,0.01,0.715416443,0.97836,0.99697,0.99448,0.16444,0.99714
NC_000010.11:87925549:T:C,PTEN,1,0.99596,0.9987,31.0,0.94253,0.98104,0.97127,0.99961,0.91551,0.85156,0.93362,0.98636,0.91377,0.98547,0.91213,0.8001,0.79523,0.7168,0.71708,0.03,0.715806907,0.98385,0.99383,0.99343,0.16444,0.99655
NC_000010.11:87925556:T:C,PTEN,1,0.98753,1.0,34.0,0.99426,0.99838,0.96289,0.99961,0.95553,0.9925,0.92456,0.95828,0.98126,0.99619,0.96667,0.8001,0.79523,0.7168,0.71708,0.08,,0.97836,0.99637,0.99448,0.16444,0.99752
NC_000010.11:87933036:A:G,PTEN,1,0.99471,0.9997,31.0,0.99831,0.99001,0.98095,0.99597,0.8791,0.94342,0.9526,0.93892,0.91652,0.99644,0.91682,0.6809,0.92008,0.90936,0.71708,0.0,0.703244619,0.99274,0.98596,0.99116,0.13697,0.99644
NC_000010.11:87933072:G:A,PTEN,1,0.97729,1.0,33.0,0.99831,0.99326,0.9938,0.97205,0.92263,0.99978,0.96786,0.97543,0.92323,0.98086,0.89821,0.6809,0.97085,0.98682,0.71708,0.0,0.720406059,0.94405,0.9953,0.93374,0.13697,0.99739
NC_000010.11:87933093:T:C,PTEN,1,0.99825,0.9999,33.0,0.99831,0.99951,0.9938,0.99981,0.92986,0.99931,0.89497,0.87504,0.94089,0.99377,0.94693,0.72269,0.82277,0.74398,0.71708,0.01,0.694779336,0.97486,0.99637,0.99539,0.13697,0.99879
NC_000010.11:87933120:C:G,PTEN,1,0.92757,0.9351,33.0,0.95877,0.94895,0.98095,0.92883,0.88148,0.96452,0.8503,0.77717,0.9124,0.88033,0.79673,0.72269,0.80669,0.66336,0.71708,0.18,0.473768308,0.93251,0.98821,0.9269,0.13697,0.99591
NC_000010.11:87933125:C:T,PTEN,1,0.99694,0.9988,32.0,0.99579,0.99413,0.93592,0.99647,0.94916,0.9929,0.76205,0.98306,0.7924,0.99093,0.97683,0.72269,0.80669,0.66336,0.71708,0.0,0.715241766,0.95575,0.99588,0.99925,0.13697,0.99864
NC_000010.11:87933126:A:G,PTEN,1,0.99899,0.9998,32.0,0.99426,0.99807,0.9938,0.9993,0.95617,0.99979,0.73345,0.98282,0.93056,0.99563,0.97683,0.72269,0.92034,0.90936,0.71708,0.01,0.711921811,0.95519,0.99612,0.99938,0.13697,0.99879
NC_000010.11:87933128:T:C,PTEN,1,0.9996,0.9999,33.0,0.99831,0.99779,0.9938,0.99545,0.94504,0.99975,0.77637,0.99204,0.95433,0.99538,0.97634,0.72269,0.82277,0.74398,0.71708,0.01,0.70929002,0.95494,0.99576,0.99927,0.13697,0.99894
NC_000010.11:87933143:G:A,PTEN,1,0.99163,1.0,33.0,0.99831,0.99617,0.9938,0.98634,0.97478,0.99507,0.92536,0.99888,0.95392,0.98445,0.97558,0.72269,0.97104,0.98682,0.71708,0.01,0.715485529,0.97819,0.99418,0.95655,0.13697,0.99879
NC_000010.11:87933144:G:A,PTEN,1,0.9977,0.9999,33.0,0.99183,0.9981,0.9938,0.98707,0.95993,0.99883,0.97814,0.99847,0.95392,0.97712,0.95407,0.72269,0.97104,0.98682,0.71708,0.01,0.729805391,0.96689,0.9946,0.94963,0.13697,0.99879
NC_000010.11:87933147:G:A,PTEN,1,0.99947,0.9996,34.0,0.99831,0.99096,0.9244,0.99783,0.96076,0.99711,0.88936,0.95057,0.92315,0.99756,0.93787,0.72269,0.97104,0.82994,0.71708,0.0,0.7254342,0.98372,0.99489,0.9932,0.13697,0.99909
NC_000010.11:87933150:C:T,PTEN,1,0.98625,0.9999,32.0,0.99831,0.99236,0.97127,0.99518,0.90109,0.98929,0.96508,0.9847,0.78393,0.99377,0.8745,0.68631,0.80669,0.66336,0.71708,0.0,0.723450266,0.97492,0.99457,0.99615,0.13697,0.99894
NC_000010.11:87933153:G:T,PTEN,1,0.99974,0.9999,33.0,0.99831,0.9953,0.97127,0.99969,0.94422,0.99767,0.9801,0.98402,0.95737,0.99136,0.95446,0.72269,0.97104,0.98682,0.71708,0.0,0.691989842,0.97056,0.99623,0.99719,0.13697,0.99939
NC_000010.11:87933161:A:G,PTEN,1,0.93281,0.4377,33.0,0.85649,0.82985,0.9244,0.94221,0.72925,0.57615,0.60722,0.93294,0.94675,0.96619,0.16137,0.72269,0.92034,0.90936,0.71708,0.64,0.187418365,0.97488,0.85001,0.97495,0.13697,0.99453
NC_000010.11:87933165:G:A,PTEN,1,0.99765,0.9999,33.0,0.98982,0.9905,0.9938,0.9974,0.95928,0.99863,0.95945,0.99414,0.98202,0.97273,0.94613,0.72269,0.97104,0.98682,0.71708,0.0,0.682141406,0.97983,0.99526,0.99441,0.13697,0.99864
NC_000010.11:87952118:G:T,PTEN,1,0.99711,0.9994,35.0,0.99579,0.98923,0.94202,0.99124,0.95878,0.9888,0.97883,0.97895,0.9718,0.9868,0.86536,0.90063,0.9684,0.98055,0.71708,0.15,0.720264657,0.99339,0.99421,0.99068,0.17826,0.99924
NC_000010.11:87952124:C:A,PTEN,1,0.92087,0.9962,32.0,0.98499,0.86894,0.93005,0.91423,0.89685,0.906,0.93638,0.86995,0.8858,0.95295,0.82193,0.90063,0.79989,0.65701,0.71708,0.0,0.701916311,0.99438,0.98578,0.99102,0.17826,0.99739
NC_000010.11:87952134:T:A,PTEN,1,0.99566,0.9999,27.8,0.99831,0.99602,0.98095,0.99157,0.83901,0.99293,0.99861,0.93298,0.54465,0.99734,0.97401,0.56495,0.47673,0.29384,0.71708,0.0,0.706379057,0.9992,0.9961,0.99231,0.17826,0.99909
NC_000010.11:87952141:C:T,PTEN,1,0.97146,0.9981,34.0,0.99579,0.98284,0.97127,0.99695,0.94803,0.88868,0.87717,0.98467,0.92641,0.99166,0.96907,0.90063,0.79989,0.65701,0.71708,0.01,0.701164759,0.98285,0.99655,0.99418,0.17826,0.99894
NC_000010.11:87952142:G:C,PTEN,1,0.99902,0.9999,34.0,0.99831,0.99789,0.97127,0.99986,0.96583,0.98421,0.96966,0.97198,0.99457,0.99363,0.96907,0.90063,0.9684,0.98163,0.71708,0.01,0.685231987,0.98285,0.99682,0.99418,0.17826,0.99924
NC_000010.11:87952144:T:A,PTEN,1,0.99303,0.9985,33.0,0.99831,0.99758,0.9938,0.9892,0.92915,0.97953,0.97881,0.98715,0.89312,0.96456,0.96542,0.90063,0.81619,0.73776,0.71708,0.0,0.693549451,0.98018,0.99582,0.99399,0.17826,0.99879
NC_000010.11:87957939:T:C,PTEN,1,0.85402,0.9871,26.6,0.92173,0.9765,0.93592,0.95643,0.48107,0.85991,0.94744,0.85534,0.94805,0.97735,0.8242,0.70272,0.82277,0.72256,0.71708,0.01,0.218220142,0.82327,0.98181,0.82721,0.2265,0.99274
NC_000010.11:87957954:C:T,PTEN,1,0.86307,0.9408,27.0,0.83208,0.91603,0.94846,0.94373,0.61461,0.68119,0.8427,0.94323,0.90834,0.98895,0.5934,0.70272,0.80669,0.5203,0.71708,0.0,0.224923252,0.82665,0.98009,0.81586,0.2265,0.98895
NC_000010.11:87957972:A:G,PTEN,1,0.97903,0.9997,31.0,0.99831,0.994,0.9938,0.99671,0.83056,0.9334,0.96194,0.97735,0.97004,0.99393,0.89892,0.70272,0.92034,0.88806,0.71708,0.0,0.715258258,0.98854,0.99464,0.99215,0.2265,0.99864
NC_000011.10:108244999:C:T,ATM,1,0.93738,0.5691,27.4,0.9027,0.72663,0.95536,0.91466,0.87404,0.65123,0.32527,0.46193,0.70121,0.95778,0.71709,0.69992,0.78481,0.6062,0.71708,0.0,0.60479212,0.82627,0.61763,0.80632,0.94944,0.99009
NC_000011.10:108247028:A:G,ATM,1,0.60161,0.1405,32.0,0.77223,0.34277,0.91349,0.65439,0.72135,0.39269,0.17205,0.42356,0.52999,0.91785,0.54858,0.89371,0.68425,0.78976,0.71708,0.96,0.361962366,0.69152,0.37051,0.68727,0.94944,0.98198
NC_000011.10:108271073:T:G,ATM,1,0.95941,0.9633,26.6,0.93099,0.77503,0.97127,0.94487,0.84167,0.7966,0.71299,0.44308,0.64066,0.98517,0.82641,0.87665,0.71396,0.6866,0.71708,0.0,0.832827313,0.85978,0.72556,0.84218,0.9426,0.99989
NC_000011.10:108272590:T:C,ATM,1,0.93621,0.9762,27.5,0.93803,0.77933,0.94202,0.95495,0.73185,0.79196,0.92309,0.53055,0.71028,0.97948,0.79122,0.78994,0.72337,0.70283,0.71708,0.0,0.498255367,0.84115,0.84428,0.81566,0.9426,0.99966
NC_000011.10:108289758:T:C,ATM,1,0.9516,0.9698,24.3,0.98063,0.88789,0.95536,0.93521,0.8491,0.89877,0.56387,0.84068,0.9435,0.98238,0.72168,0.83668,0.83676,0.64619,0.71708,0.01,0.74694615,0.80899,0.83886,0.78746,0.9426,0.99644
NC_000011.10:108301697:C:T,ATM,1,0.90982,0.6581,25.8,0.81583,0.79701,0.94846,0.94788,0.82069,0.71165,0.65234,0.65559,0.62452,0.96097,0.82641,0.63627,0.73687,0.60901,0.71708,0.03,0.434996703,0.87378,0.65965,0.86298,0.9422,0.98243
NC_000011.10:108315862:A:G,ATM,1,0.98935,0.9844,27.7,0.93,0.91435,0.9938,0.93323,0.85328,0.79959,0.78332,0.62391,0.79504,0.90238,0.77977,0.75666,0.91699,0.87474,0.71708,0.03,0.866790425,0.74146,0.89966,0.69049,0.9422,0.96349
NC_000011.10:108315910:G:A,ATM,1,0.80492,0.5083,28.6,0.90119,0.71614,0.95536,0.73954,0.79594,0.66427,0.4579,0.6297,0.92953,0.98417,0.7648,0.75666,0.96862,0.94956,0.71708,0.54,,0.02335,0.55979,0.09161,0.9422,0.934
NC_000011.10:108317373:C:A,ATM,1,0.97067,0.9585,26.6,0.89638,0.8299,0.79042,0.73882,0.81975,0.66796,0.8136,0.56759,0.48696,0.97488,0.67327,0.97797,0.53926,0.62026,0.71708,0.01,0.603234578,0.00065,0.77636,0.10998,0.9422,0.94651
NC_000011.10:108325415:C:T,ATM,1,0.99608,0.5444,29.7,0.95735,0.82728,0.94202,0.95495,0.83996,0.81337,0.73545,0.53942,0.64667,0.98107,0.77977,0.66999,0.66075,0.46013,0.71708,0.01,0.774983688,0.94436,0.85512,0.93877,0.94147,0.99326
NC_000011.10:108329201:T:G,ATM,1,0.89749,0.3072,26.1,0.95712,0.57115,0.96289,0.95532,0.8623,0.65965,0.58206,0.38805,0.84492,0.99173,0.73732,0.82897,0.88231,0.5483,0.71708,0.0,0.541818676,0.86033,0.8012,0.84305,0.94147,0.99792
NC_000011.10:108330313:T:G,ATM,1,0.99541,0.9304,27.0,0.99579,0.90579,0.93005,0.95495,0.82291,0.8588,0.97204,0.87752,0.80145,0.98989,0.7648,0.58758,0.80642,0.74298,0.71708,0.02,0.887529688,0.86998,0.85706,0.84852,0.94147,0.99849
NC_000011.10:108333924:T:C,ATM,1,0.98669,0.8986,24.1,0.96346,0.83494,0.93592,0.95458,0.80847,0.82809,0.81724,0.5665,0.88824,0.99731,0.8146,0.80334,0.77926,0.70283,0.71708,0.02,0.819678784,0.92619,0.84403,0.92952,0.94147,0.99026
NC_000011.10:108335062:T:G,ATM,1,0.99542,0.977,26.6,0.96903,0.93294,0.9938,0.99346,0.94021,0.77579,0.93096,0.63958,0.79559,0.99913,0.96574,0.87665,0.82449,0.70165,0.71708,0.0,0.862498303,0.96295,0.88308,0.94987,0.94119,0.98667
NC_000011.10:108343245:G:A,ATM,1,0.9934,0.978,28.5,0.99426,0.88094,0.9938,0.97773,0.98075,0.9623,0.87641,0.83619,0.87094,0.98404,0.98895,0.83668,0.96945,0.94685,0.71708,0.11,0.892528713,0.95107,0.8955,0.93452,0.93275,0.99026
NC_000011.10:108345803:T:G,ATM,1,0.99633,0.5333,27.0,0.9649,0.82291,0.97127,0.96792,0.89389,0.81837,0.81203,0.51096,0.86127,0.997,0.74103,0.83668,0.88108,0.73578,0.71708,0.0,0.723471795,0.88289,0.82505,0.86146,0.93105,0.96524
NC_000011.10:108345817:C:T,ATM,1,0.99094,0.5301,33.0,0.88838,0.76997,0.94202,0.946,0.89569,0.85907,0.72214,0.63655,0.63677,0.97405,0.94096,0.79676,0.63798,0.65498,0.71708,0.0,0.815294771,0.89908,0.88072,0.87986,0.93105,0.9691
NC_000011.10:108345888:T:G,ATM,1,0.99478,0.9989,33.0,0.98431,0.97689,0.94846,0.97281,0.7059,0.97822,0.98246,0.81657,0.44558,0.95761,0.98475,0.25758,0.23825,0.07729,0.71708,0.91,0.876537754,0.92807,0.89384,0.94268,0.93105,0.97798
NC_000011.10:108353804:A:G,ATM,1,0.94573,0.9909,32.0,0.97703,0.97747,0.9938,0.99221,0.95347,0.97636,0.90932,0.89866,0.8219,0.99069,0.97943,0.78654,0.95499,0.9006,0.71708,0.02,0.858320294,0.96799,0.89782,0.95268,0.92511,0.97788
NC_000011.10:108365358:C:T,ATM,1,0.93789,0.9486,28.1,0.94498,0.83829,0.91349,0.79414,0.83645,0.68412,0.83191,0.8558,0.71112,0.96515,0.67703,0.72269,0.68458,0.40953,0.71708,0.02,0.846294786,0.00087,0.8449,0.15132,0.86449,0.93739
NC_000011.10:108365359:G:A,ATM,1,0.80316,0.7952,26.7,0.90005,0.77438,0.65321,0.75827,0.89831,0.67389,0.74993,0.8071,0.87073,0.97045,0.67703,0.72269,0.97085,0.95708,0.71708,0.01,0.722919707,0.00087,0.81011,0.15132,0.86449,0.93053
NC_000013.11:32346895:G:A,BRCA2,1,0.68817,0.0786,35.0,,0.19558,0.90294,0.73521,0.46782,,0.1879,0.01362,0.54145,0.8984,0.40981,0.66999,0.61333,0.93153,0.71708,0.28,,0.64138,0.52178,0.65245,0.5323,0.98173
NC_000013.11:32362594:G:C,BRCA2,1,0.99003,0.9348,28.9,,0.85829,0.94202,0.97507,0.96836,,0.76827,0.75923,0.83097,0.9876,0.85042,0.87285,0.98588,0.95208,0.71708,0.01,,0.96941,0.91532,0.9677,0.56437,0.99428
NC_000013.11:32363264:T:C,BRCA2,1,0.95768,0.9754,26.8,,0.95053,0.90819,0.99571,0.89463,,0.95771,0.51624,0.9756,0.99314,0.95985,0.68358,0.82184,0.69132,0.71708,0.0,,0.96411,0.87598,0.95268,0.56708,0.99552
NC_000013.11:32363389:G:C,BRCA2,1,0.90961,0.9654,24.0,,0.93786,0.94846,0.89652,0.84206,,0.89388,0.35109,0.77696,0.94654,0.94978,0.81012,0.73758,0.59572,0.71708,0.0,,0.93802,0.86184,0.9275,0.56708,0.99372
NC_000013.11:32370419:C:T,BRCA2,1,0.80122,0.5032,27.5,,0.85984,0.94202,0.90859,0.80897,,0.78244,0.5264,0.67233,0.96159,0.94401,0.53954,0.5872,0.37699,0.71708,0.02,,0.93751,0.86883,0.92097,0.55149,0.99212
NC_000015.10:90763097:A:G,BLM,1,0.99852,0.9854,31.0,0.9708,0.99389,0.96289,0.99405,0.98411,0.99486,0.98224,0.66909,0.79835,0.98731,0.99779,0.79676,0.94271,0.86761,0.71708,0.13,0.911186789,0.95574,0.82562,0.99923,0.63085,0.91397
NC_000015.10:90794253:G:T,BLM,1,0.98943,0.9894,28.6,0.92706,0.88406,0.9244,0.95273,0.97958,0.99971,0.757,0.71917,0.87629,0.98712,0.99151,0.8252,0.98027,0.93696,0.71708,0.0,0.918869275,0.94303,0.91967,0.91206,0.69774,0.97803
NC_000015.10:90794310:G:C,BLM,1,0.97646,0.9898,26.9,0.93938,0.84079,0.93592,0.9616,0.96595,0.99385,0.84099,0.72144,0.87629,0.93916,0.9245,0.92077,0.98027,0.93696,0.71708,0.0,0.918733061,0.91343,0.88722,0.89178,0.69774,0.983
NC_000016.10:68811858:G:T,CDH1,1,0.75114,0.9209,35.0,0.84585,0.69284,0.97127,0.85441,0.9485,0.94688,0.78669,0.51235,0.95502,0.95225,0.74374,0.80334,0.97632,0.93234,0.71708,0.91,0.780979575,0.8869,0.83482,0.86504,0.8723,0.99726
NC_000016.10:68822189:C:T,CDH1,1,0.27399,0.3147,33.0,0.58105,0.37168,0.78463,0.3158,0.41463,0.31126,0.52242,0.32093,0.46888,0.81356,0.35689,0.88013,0.45924,0.66799,0.35427,0.91,0.151277229,0.54775,0.61431,0.48302,0.86292,0.8865
NC_000016.10:89739478:T:C,FANCA,1,0.59676,0.1142,26.6,0.82201,0.3989,0.71705,0.79107,0.62845,0.44617,0.33167,0.29046,0.60198,0.95683,0.76305,0.73155,0.58727,0.69739,0.71708,0.61,,0.87135,0.90429,0.87257,0.58047,0.93214
NC_000016.10:89740014:G:A,FANCA,1,0.83713,0.2163,21.4,0.74669,0.33887,0.43258,0.87862,0.44349,0.12297,0.28789,0.22714,0.24989,0.93162,0.63625,0.27466,0.39859,0.44753,0.36137,0.02,0.738543342,0.86263,0.89739,0.87886,0.58047,0.94424
NC_000016.10:89746847:T:C,FANCA,1,0.79123,0.3962,23.8,0.78243,0.65107,0.86145,0.9505,0.69519,0.75277,0.06029,0.29842,0.4907,0.96323,0.80597,0.68631,0.56624,0.38393,0.71708,0.03,0.752643351,0.92259,0.88309,0.91094,0.58969,0.93845
NC_000016.10:89746889:T:C,FANCA,1,0.95212,0.3769,23.6,0.83722,0.55079,0.68236,0.95976,0.66633,0.56448,0.3484,0.23736,0.6992,0.96814,0.77977,0.68631,0.67131,0.4652,0.71708,0.0,0.872348969,0.92306,0.87111,0.91242,0.58969,0.95069
NC_000016.10:89761948:C:T,FANCA,1,0.95728,0.4184,28.5,0.84108,0.76231,0.86665,0.90551,0.63455,0.5868,0.31229,0.19178,0.5672,0.9659,,0.61384,0.46451,0.49374,0.71708,0.01,,0.93009,0.87873,0.93069,0.60851,0.96174
NC_000016.10:89765028:C:T,FANCA,1,0.81089,0.2069,25.0,0.72514,0.58087,0.81307,0.94066,0.61396,0.68235,0.09353,0.14612,0.35166,0.95719,0.77977,0.49811,0.47423,0.50126,0.35826,0.07,0.705214725,0.94386,0.87998,0.94745,0.60851,0.95636
NC_000016.10:89765061:T:G,FANCA,1,0.95795,0.7698,29.8,0.89194,0.73401,0.87702,0.96755,0.73234,0.80934,0.1411,0.25704,0.74383,0.94721,0.7648,0.71989,0.58838,0.67003,0.71708,0.39,0.846196351,0.89336,0.9011,0.88986,0.60851,0.95955
NC_000016.10:89816613:A:G,FANCA,1,0.98778,,17.19,0.99831,0.23517,0.98618,0.7487,0.41189,0.93513,0.61466,,0.01154,0.90569,,0.49811,0.30359,0.53042,0.15309,0.0,,0.87701,0.38228,0.86947,0.69035,0.97166
NC_000017.11:7670677:A:G,TP53,1,0.99285,0.9962,26.7,0.8434,0.88221,0.95536,0.95791,0.80464,0.99321,0.93421,0.48638,0.9861,0.99043,0.83539,0.78994,0.89686,0.87626,0.32506,0.0,0.8927605,0.98113,0.99858,0.96656,0.79385,0.99835
NC_000017.11:7670683:C:G,TP53,1,0.90506,0.9836,20.2,0.90176,0.85739,0.91889,0.86724,0.39605,0.97993,0.71163,0.09122,0.46849,0.98318,0.69268,0.2813,0.07285,0.09898,0.06397,0.0,0.745694654,0.85834,0.97988,0.93278,0.79385,0.99524
NC_000017.11:7670698:C:G,TP53,1,0.94084,0.9871,22.6,0.88933,0.87841,0.98095,0.93124,0.47899,0.9947,0.70482,0.33396,0.54328,0.98585,0.84765,0.3857,0.18012,0.34575,0.06397,0.0,0.788502385,0.95747,0.99601,0.96425,0.79385,0.99778
NC_000017.11:7670698:C:A,TP53,1,0.92995,0.9398,22.0,0.75704,0.68879,0.96289,0.92016,0.47124,0.95765,0.5844,0.32147,0.3828,0.91576,0.84765,0.3857,0.18012,0.34575,0.06397,0.0,0.553715018,0.95491,0.99513,0.96265,0.79385,0.99591
NC_000017.11:7670698:C:T,TP53,1,0.9563,0.5518,22.5,0.69484,0.5666,0.97127,0.88818,0.41714,0.66398,0.4587,0.31071,0.3271,0.9559,0.69268,0.3857,0.18012,0.34575,0.06397,0.0,0.28536755,0.93585,0.9738,0.94644,0.79385,0.99326
NC_000017.11:7670699:G:A,TP53,1,0.97441,0.8021,22.4,0.73558,0.64868,0.87184,0.89834,0.34896,0.77233,0.63727,0.38026,0.38945,0.99487,0.39331,0.37772,0.27913,0.56026,0.1381,0.0,0.305799729,0.92506,0.99627,0.93841,0.79385,0.99612
NC_000017.11:7673732:T:C,TP53,1,0.2072,0.0587,4.621,0.74125,0.23977,0.13577,0.64843,0.06127,0.52903,0.25314,0.1175,0.02787,0.63638,0.11102,0.26269,0.1986,0.15579,0.06397,0.0,0.058266802,0.99969,0.71406,0.97913,0.80702,0.99245
NC_000017.11:7673763:C:T,TP53,1,0.99452,0.9477,27.0,0.9375,0.93659,0.97127,0.99024,0.8702,0.98583,0.85873,0.41482,0.93073,0.98727,0.90084,0.65926,0.86533,0.67543,0.71708,0.0,0.735264994,0.96034,0.99992,0.99872,0.80702,0.99978
NC_000017.11:7673765:T:A,TP53,1,0.99226,0.9811,26.6,0.88385,0.82156,0.9938,0.98561,0.81735,0.97043,0.83101,0.22083,0.91606,0.97051,0.78847,0.65926,0.88776,0.55303,0.71708,0.0,0.922245619,0.96605,0.99989,0.99773,0.80702,0.99989
NC_000017.11:7673775:G:C,TP53,1,0.99503,0.9871,25.3,0.96519,0.8469,0.9938,0.95828,0.54595,0.99638,0.79822,0.46722,0.70681,0.9884,0.71063,0.21948,0.57064,0.55915,0.71708,0.0,0.959583241,0.98455,0.99989,0.99806,0.80702,0.99978
NC_000017.11:7673775:G:A,TP53,1,0.95182,0.9462,28.0,0.94223,0.83772,0.9938,0.97054,0.60972,0.90511,0.83501,0.58554,0.7494,0.97982,0.88168,0.21948,0.57064,0.55915,0.71708,0.0,0.91687203,0.97514,0.99989,0.99809,0.80702,0.99978
NC_000017.11:7673777:T:A,TP53,1,0.99539,0.9997,27.2,0.9509,0.93562,0.9938,0.99622,0.90115,0.96552,0.97367,0.49921,0.94968,0.99418,0.89409,0.69713,0.88776,0.55303,0.71708,0.0,0.965127036,0.96067,0.99979,0.99864,0.80702,0.99989
NC_000017.11:7673777:T:C,TP53,1,0.99803,0.9995,27.4,0.93246,0.91909,0.9938,0.9974,0.9023,0.97672,0.89386,0.51684,0.95881,0.99634,0.89409,0.69713,0.88776,0.55303,0.71708,0.0,0.969970316,0.96067,0.99982,0.99864,0.80702,0.99989
NC_000017.11:7673780:C:G,TP53,1,0.96564,0.9997,29.6,0.95366,0.91258,0.9938,0.98707,0.92472,0.99383,0.96786,0.65398,0.95404,0.9896,0.90151,0.69713,0.86533,0.67645,0.4147,0.12,0.985623414,0.96084,0.99974,0.99874,0.80702,0.99989
NC_000017.11:7673786:G:A,TP53,1,0.99837,0.9972,28.6,0.93305,0.83206,0.9938,0.98707,0.8949,0.99328,0.82863,0.75283,0.92419,0.97289,0.90662,0.48116,0.99691,0.99706,0.71708,0.01,0.772623664,0.96129,0.99991,0.99882,0.80702,0.99989
NC_000017.11:7673792:G:C,TP53,1,0.94574,0.9785,27.6,0.93596,0.69913,0.9938,0.98339,0.91644,0.99362,0.69378,0.56535,0.98403,0.96576,0.87862,0.64131,0.99691,0.99654,0.71708,0.0,0.960080211,0.9606,0.99996,0.99854,0.80702,0.99978
NC_000017.11:7673795:C:T,TP53,1,0.99892,0.9996,27.3,0.97851,0.94421,0.9938,0.99695,0.91432,0.99985,0.91034,0.8106,0.99081,0.99415,0.90283,0.64131,0.86533,0.67543,0.71708,0.0,0.984102489,0.95993,0.99969,0.99872,0.80702,0.99989
NC_000017.11:7673801:C:G,TP53,1,0.99693,0.9988,26.0,0.97391,0.96621,0.9938,0.98414,0.78326,0.99954,0.95361,0.66203,0.99232,0.99722,0.88696,0.64131,0.86533,0.67543,0.71708,0.0,0.958727334,0.96038,0.99982,0.99862,0.80702,0.99989
NC_000017.11:7673801:C:T,TP53,1,0.84134,0.9889,24.4,0.91518,0.79131,0.9938,0.96012,0.60286,0.78088,0.86685,0.64249,0.91586,0.99672,0.57226,0.64131,0.86533,0.67543,0.71708,0.01,0.385441336,0.96226,0.99987,0.99806,0.80702,0.99978
NC_000017.11:7673802:G:A,TP53,1,0.99597,0.9945,27.9,0.9352,0.84884,0.9938,0.97243,0.65918,0.92118,0.80526,0.71951,0.6917,0.99659,0.88696,0.44926,0.6831,0.83048,0.71708,0.05,0.851074903,0.96602,0.99982,0.99838,0.80702,0.99989
NC_000017.11:7673805:C:T,TP53,1,0.95181,0.9572,25.9,0.83596,0.77218,0.9938,0.97469,0.87825,0.96852,0.75163,0.47254,0.76977,0.96457,0.88628,0.69713,0.71917,0.67543,0.71708,0.01,0.960583025,0.96432,0.99706,0.99829,0.80702,0.99978
NC_000017.11:7673805:C:A,TP53,1,0.96863,0.9653,25.5,0.85429,0.72135,0.9938,0.96382,0.79602,0.94456,0.65939,0.43444,0.76977,0.95843,0.88628,0.69713,0.71917,0.67543,0.71708,0.02,0.698564611,0.96781,0.99851,0.9973,0.80702,0.99978
NC_000017.11:7673820:G:A,TP53,1,0.99163,0.9682,31.0,0.862,0.86436,0.9938,0.97849,0.68468,0.95771,0.78409,0.63371,0.76376,0.9925,0.8927,0.47956,0.4351,0.5165,0.39528,0.04,0.932841891,0.96289,0.99995,0.99849,0.80702,0.99989
NC_000017.11:7673825:A:G,TP53,1,0.99535,0.9913,27.8,0.98723,0.95053,0.9938,0.98989,0.85882,0.99882,0.74178,0.57814,0.99868,0.9982,0.83853,0.69713,0.96021,0.92108,0.71708,0.0,0.970437473,0.96159,0.99996,0.99835,0.80702,0.99989
NC_000017.11:7674190:C:T,TP53,1,0.99598,0.9918,25.3,0.97008,0.95599,0.9938,0.99405,0.77975,0.99969,0.82671,0.74312,0.97076,0.99108,0.90151,0.40586,0.86533,0.65701,0.71708,0.0,0.954615681,0.96238,0.99996,0.9986,0.80702,0.99989
NC_000017.11:7674211:T:G,TP53,1,0.96905,0.616,24.3,0.88133,0.64825,0.9938,0.96531,0.63547,0.94703,0.76077,0.71793,0.98779,0.98842,0.59901,0.56929,0.88776,0.7382,0.71708,0.0,0.714820278,0.9712,0.98353,0.99532,0.80638,0.99978
NC_000017.11:7674215:C:A,TP53,1,0.99177,0.9995,19.25,0.86351,0.90004,0.9938,0.92184,0.47173,0.98768,0.90505,0.70909,0.48531,0.99471,0.90472,0.12972,0.02461,0.05677,0.17103,0.0,0.81323618,0.98609,0.99996,0.99773,0.80638,0.99989
NC_000017.11:7674219:C:G,TP53,1,0.99819,0.9994,27.9,0.98008,0.95923,0.9938,0.99518,0.79899,0.9999,0.86964,0.69451,0.9867,0.98653,0.90084,0.40956,0.7181,0.52482,0.71708,0.0,0.928231354,0.96662,0.99994,0.99849,0.80638,0.99989
NC_000017.11:7674219:C:A,TP53,1,0.99864,0.999,26.9,0.96208,0.91386,0.9938,0.99376,0.79848,0.99216,0.9328,0.68979,0.87328,0.99324,0.90084,0.40956,0.7181,0.52482,0.71708,0.0,0.858529983,0.96662,0.99995,0.99849,0.80638,0.99989
NC_000017.11:7674219:C:T,TP53,1,0.93915,0.9963,28.4,0.94629,0.87379,0.9938,0.98488,0.76878,0.92088,0.89194,0.56914,0.77222,0.97446,0.8448,0.40956,0.7181,0.52482,0.71708,0.0,0.425741908,0.96539,0.99985,0.99826,0.80638,0.99989
NC_000017.11:7674220:G:A,TP53,1,0.99767,0.9968,29.2,0.94596,0.91345,0.9938,0.98227,0.67281,0.9664,0.90987,0.75516,0.76775,0.9838,0.90084,0.29803,0.27338,0.60926,0.71708,0.0,0.940569945,0.96963,0.99995,0.99829,0.80638,0.99989
NC_000017.11:7674226:T:C,TP53,1,0.98636,0.9304,24.4,0.98431,0.63511,0.9938,0.98114,0.73501,0.98999,0.7209,0.65628,0.93663,0.9604,0.86696,0.3962,0.88776,0.7382,0.71708,0.0,0.887090662,0.98448,0.9998,0.99654,0.80638,0.99978
NC_000017.11:7674228:C:T,TP53,1,0.99789,0.9989,26.6,0.93952,0.89965,0.9938,0.9974,0.90789,0.99882,0.81169,0.79189,0.98306,0.99513,0.90472,0.56929,0.86533,0.52497,0.71708,0.0,0.939310955,0.95698,0.99995,0.99889,0.80638,0.99989
NC_000017.11:7674229:C:T,TP53,1,0.93886,0.9732,27.5,0.91913,0.80224,0.9938,0.98955,0.87033,0.96528,0.78291,0.64305,0.98306,0.9934,0.7648,0.56929,0.86533,0.65701,0.71708,0.0,0.626504285,0.95692,0.99977,0.99867,0.80638,0.99978
NC_000017.11:7674229:C:A,TP53,1,0.99908,0.9965,27.5,0.93022,0.84667,0.98095,0.99647,0.90523,0.9986,0.87333,0.7197,0.98719,0.99461,0.90472,0.56929,0.86533,0.65701,0.71708,0.0,0.954616989,0.95698,0.99992,0.99889,0.80638,0.99989
NC_000017.11:7674237:C:T,TP53,1,0.99953,0.9995,27.3,0.97703,0.90575,0.9938,0.99718,0.9147,0.99967,0.86195,0.88846,0.99136,0.9803,0.90662,0.56929,0.86533,0.64122,0.71708,0.0,0.984502818,0.95353,0.99987,0.99923,0.80638,0.99966
NC_000017.11:7674240:G:C,TP53,1,0.994,0.998,26.4,0.97477,0.84866,,0.99124,0.74514,0.98267,0.88098,0.65753,0.44,0.9711,0.90662,0.40834,0.37325,0.96801,0.71708,0.01,0.975270257,0.96248,0.99994,0.9986,0.80638,0.99978
NC_000017.11:7674240:G:A,TP53,1,0.99813,0.999,27.4,0.98178,0.90401,0.9938,0.99315,0.74521,0.9954,0.92711,0.69519,0.60602,0.99186,0.90662,0.40834,0.37325,0.96801,0.71708,0.0,0.94415224,0.96219,0.99995,0.9986,0.80638,0.99953
NC_000017.11:7674249:C:T,TP53,1,0.9995,0.9996,27.7,0.9708,0.94751,0.9938,0.99285,0.9012,0.99983,0.82524,0.95991,0.98753,0.9926,0.90781,0.47014,0.84953,0.63756,0.71708,0.02,0.976318514,0.95483,0.99971,0.9997,0.80638,0.99989
NC_000017.11:7674250:A:C,TP53,1,0.99967,0.9956,27.1,0.9646,0.93929,0.9938,0.98634,0.87271,0.9984,0.82688,0.86427,0.99168,0.99493,0.85543,0.47014,0.9446,0.88381,0.71708,0.02,0.972790042,0.94324,0.99975,0.99966,0.80638,0.99989
NC_000017.11:7674251:C:T,TP53,1,0.99673,0.9957,25.0,0.99078,0.67539,0.9938,0.98076,0.78394,0.95349,0.72758,0.70554,0.8685,0.9635,0.8996,0.34949,0.84953,0.63756,0.71708,0.0,0.805115431,0.9774,0.99991,0.99669,0.80638,0.99966
NC_000017.11:7674256:A:G,TP53,1,0.97454,0.982,27.4,0.85049,0.68932,0.9938,0.92308,0.72812,0.96874,0.84279,0.4074,0.90777,0.94322,0.65215,0.3962,0.95367,0.8722,0.71708,0.01,0.85285809,0.98789,0.99976,0.99496,0.80638,0.99939
NC_000017.11:7674261:T:C,TP53,1,0.9904,0.8,24.4,0.95491,0.68652,0.9938,0.98886,0.67619,0.97629,0.75186,0.77242,0.6306,0.99408,0.84364,0.39034,0.3687,0.54843,0.71708,0.0,0.679525429,0.97874,0.99981,0.99758,0.80638,0.99978
NC_000017.11:7674262:A:C,TP53,1,0.97171,0.9975,26.7,0.97434,0.82951,0.97127,0.96308,0.60141,0.9948,0.96826,0.76133,0.6787,0.99219,0.62976,0.56929,0.59956,0.79813,0.71708,0.0,0.921797927,0.96779,0.99979,0.997,0.80638,0.99978
NC_000017.11:7674267:A:G,TP53,1,0.91593,0.9462,25.9,0.83385,0.67661,0.9938,0.97963,0.61327,0.86559,0.78391,0.51501,0.91751,0.99068,0.80458,0.56929,0.95267,0.86662,0.71708,0.0,0.511472425,0.96304,0.9974,0.99669,0.80638,0.99966
NC_000017.11:7674871:T:C,TP53,1,0.99531,0.8515,28.7,0.96155,0.79867,0.9938,0.98561,0.82837,0.95975,0.7543,0.61116,0.75604,0.98198,0.88473,0.74104,0.72505,0.72963,0.71708,0.13,0.88195816,0.96448,0.99991,0.99806,0.80638,0.99978
NC_000017.11:7674871:T:G,TP53,1,0.99533,0.9754,26.6,0.9509,0.84513,0.9938,0.97887,0.82141,0.97598,0.93162,0.52267,0.72724,0.99557,0.88473,0.74104,0.72505,0.72963,0.71708,0.0,0.875754993,0.96448,0.9997,0.99806,0.80638,0.99989
NC_000017.11:7674884:C:T,TP53,1,0.98683,0.9421,26.9,0.90402,0.6926,0.9938,0.99253,0.9371,0.9595,0.7712,0.65347,0.94606,0.98252,0.89551,0.74104,0.86533,0.64882,0.71708,0.11,0.887347675,0.96095,0.99968,0.99879,0.80638,0.99978
NC_000017.11:7674892:C:G,TP53,1,0.99674,0.9986,28.6,0.95829,0.92353,0.9938,0.99091,0.78999,0.99987,0.92938,0.40765,0.98696,0.99746,0.89892,0.50878,0.86533,0.64882,0.33433,0.0,0.96441747,0.96369,0.99997,0.9986,0.80638,0.99978
NC_000017.11:7674892:C:T,TP53,1,0.90744,0.9561,28.3,0.89597,0.7857,0.9938,0.97963,0.78949,0.95305,0.78899,0.3019,0.85252,0.98901,0.89892,0.50878,0.86533,0.64882,0.33433,0.0,0.814999276,0.96369,0.99995,0.9986,0.80638,0.99966
NC_000017.11:7674943:C:G,TP53,1,0.9974,0.9985,28.9,0.96051,0.9415,0.9938,0.98743,0.79986,0.99996,0.86738,0.58593,0.99928,0.99378,0.8962,0.52945,0.86533,0.64882,0.71708,0.0,0.941383058,0.96085,0.99992,0.9986,0.80638,0.99989
NC_000017.11:7674946:A:G,TP53,1,0.98392,0.9962,24.7,0.92798,0.79611,0.9938,0.95384,0.63596,0.95405,0.89506,0.75002,0.91652,0.98669,0.87777,0.35896,0.96021,0.80356,0.71708,0.0,0.964237246,0.98292,0.99984,0.99765,0.80638,0.99978
NC_000017.11:7674950:G:A,TP53,1,0.97983,0.9428,26.2,0.96736,0.54974,0.9938,0.95384,0.6183,0.88375,0.77849,0.66054,0.94685,0.99501,0.65068,0.53142,0.89545,0.82581,0.71708,0.0,0.481032303,0.96655,0.99826,0.99746,0.80638,0.99978
NC_000017.11:7674952:T:C,TP53,1,0.99508,0.9982,25.5,0.95034,0.8985,0.9938,0.96606,0.65861,0.99715,0.79603,0.77547,0.94722,0.99759,0.85042,0.51062,0.88776,0.72963,0.71708,0.0,0.959325612,0.97321,0.99997,0.99809,0.80638,0.99989
NC_000017.11:7674953:G:A,TP53,1,0.98174,0.9627,27.7,0.94978,0.84156,0.9938,0.96717,0.89515,0.99607,0.78708,0.77199,0.97872,0.98934,0.85042,0.78301,0.99691,0.97442,0.71708,0.0,0.894451282,0.96257,0.99996,0.99862,0.80638,0.99989
NC_000017.11:7675069:C:T,TP53,1,0.71429,0.5897,25.9,0.7619,0.28754,0.9938,0.93323,0.61923,0.78981,0.52689,0.33493,0.58441,0.96094,0.59968,0.50161,0.267,0.52321,0.23071,0.02,0.677783957,0.97501,0.97899,0.99597,0.80547,0.99978
NC_000017.11:7675073:C:T,TP53,1,0.96435,0.9545,26.8,0.93044,0.41537,0.98095,0.94335,0.73008,0.94894,0.67806,0.65093,0.64044,0.94279,0.52694,0.80334,0.64045,0.66491,0.71708,0.03,0.750602393,0.97744,0.98938,0.99549,0.80547,0.99978
NC_000017.11:7675076:G:A,TP53,1,0.99711,0.9976,26.0,0.91635,0.82601,0.9938,0.98989,0.95527,0.99384,0.80733,0.58645,0.9749,0.99252,0.8996,0.84669,0.99691,0.98811,0.71708,0.0,0.940370905,0.95855,0.99995,0.99906,0.80547,0.99989
NC_000017.11:7675084:C:T,TP53,1,0.99945,0.9994,27.3,0.9727,0.89167,0.9938,0.99024,0.89472,0.99985,0.88557,0.84775,0.996,0.98582,0.90781,0.56706,0.86533,0.52575,0.71708,0.0,0.963689431,0.95852,0.99987,0.99979,0.80547,0.99989
NC_000017.11:7675087:C:A,TP53,1,0.99888,0.9907,28.0,0.9248,0.84662,0.9938,0.99376,0.91098,0.99449,0.75634,0.61218,0.83774,0.99671,0.90084,0.78301,0.7181,0.65988,0.71708,0.01,0.913271072,0.95951,0.99995,0.999,0.80547,0.99989
NC_000017.11:7675087:C:T,TP53,1,0.9964,0.9857,25.9,0.83357,0.78277,0.9938,0.98038,0.82166,0.95957,0.76817,0.606,0.84391,0.99714,0.75371,0.78301,0.7181,0.65988,0.71708,0.01,0.502472544,0.95951,0.99994,0.999,0.80547,0.99989
NC_000017.11:7675094:C:T,TP53,1,0.99639,0.9974,24.4,0.9117,0.6968,0.9938,0.96903,0.84527,0.96874,0.74966,0.73208,0.93926,0.99215,0.90596,0.84669,0.86533,0.66596,0.71708,0.01,0.956158949,0.96286,0.9997,0.99882,0.80547,0.99989
NC_000017.11:7675121:T:C,TP53,1,0.95317,0.9696,24.6,0.96519,0.73844,,0.96271,0.57939,0.95632,0.93418,0.6166,0.97555,0.9977,0.69268,0.54363,0.88776,0.74697,0.71708,0.0,0.847914521,0.98154,0.99934,0.99546,0.80547,0.99978
NC_000017.11:7675123:T:C,TP53,1,0.99803,0.9824,23.0,0.97116,0.81357,0.9938,0.9616,0.6107,0.98803,0.75829,0.69875,0.79866,0.99281,0.88473,0.371,0.64894,0.55045,0.71708,0.0,0.582656868,0.97922,0.99968,0.99723,0.80547,0.99989
NC_000017.11:7675138:C:G,TP53,1,0.99957,0.9986,24.3,0.97154,0.95532,0.9938,0.97811,0.63241,0.99919,0.91149,0.47899,0.99892,0.99724,0.8927,0.57158,0.86533,0.5267,0.71708,0.0,0.931455915,0.9619,0.99995,0.99857,0.80547,0.99953
NC_000017.11:7675138:C:T,TP53,1,0.99781,0.9236,22.9,0.92646,0.78692,0.9938,0.95124,0.50372,0.92903,0.75871,0.45547,0.93545,0.99801,0.58575,0.57158,0.86533,0.5267,0.71708,0.0,0.373822816,0.96451,0.99987,0.99792,0.80547,0.99939
NC_000017.11:7675142:C:A,TP53,1,0.94031,0.9349,18.28,0.84507,0.73149,0.9938,0.89515,0.3491,0.95318,0.8491,0.32433,0.40982,0.9769,0.82641,0.28684,0.20311,0.29247,0.21532,0.0,0.855676029,0.97823,0.99974,0.99692,0.80547,0.99909
NC_000017.11:7675156:G:A,TP53,1,0.99919,0.3559,25.3,0.88156,0.71361,0.9938,0.96382,0.82499,0.95308,0.67831,0.36361,0.96606,0.9875,0.66062,0.84669,0.99691,0.99149,0.71708,0.0,0.74029879,0.96103,0.99893,0.99896,0.80547,0.99939
NC_000017.11:7675160:G:A,TP53,1,0.99554,0.961,23.6,0.81976,0.6583,0.9938,0.9713,0.81993,0.97096,0.82435,0.3689,0.96069,0.96823,0.65215,0.84669,0.88077,0.99224,0.71708,0.0,0.768297992,0.96104,0.99997,0.99884,0.80547,0.99924
NC_000017.11:7675160:G:T,TP53,1,0.99557,0.8944,23.4,0.84442,0.64884,0.9938,0.97621,0.82686,0.98449,0.84605,0.41156,0.94955,0.97612,0.88913,0.84669,0.88077,0.99224,0.71708,0.0,0.680400645,0.96104,0.99996,0.99884,0.80547,0.99924
NC_000017.11:7675184:C:T,TP53,1,0.87139,0.6458,24.0,0.75377,0.56616,0.98095,0.87174,0.58062,0.76939,0.71032,0.42654,0.39805,0.95446,0.71063,0.5457,0.32701,0.52559,0.28538,0.0,0.680782771,0.98016,0.99563,0.99654,0.80547,0.99835
NC_000017.11:7675189:C:T,TP53,1,0.99609,0.9774,26.5,0.88947,0.76666,0.9938,0.97092,0.66053,0.99867,0.7394,0.84643,0.88069,0.99117,0.88325,0.54363,0.71582,0.67003,0.71708,0.0,0.959666081,0.96448,0.99984,0.99816,0.80547,0.99966
NC_000017.11:7675198:G:A,TP53,1,0.97177,0.9331,25.8,0.86018,0.4536,0.9938,0.96086,0.72911,0.93485,0.69843,0.66823,0.7364,0.98071,0.69018,0.80665,0.68568,0.83077,0.71708,0.0,0.930818928,0.9648,0.99981,0.99802,0.80547,0.99939
NC_000017.11:7675199:C:G,TP53,1,0.99168,0.9887,27.1,0.96001,0.69126,0.9938,0.99024,0.89392,0.99471,0.80291,0.7146,0.99937,0.98806,0.87303,0.80665,0.86138,0.5284,0.71708,0.0,0.939833812,0.96323,0.99982,0.99857,0.80547,0.99953
NC_000017.11:7675210:A:C,TP53,1,0.9887,0.9992,26.1,0.91322,0.82384,0.9938,0.99024,0.73567,0.99378,0.79253,0.55787,0.72432,0.98643,0.85543,0.5219,0.50444,0.91463,0.71708,0.0,0.930073205,0.97307,0.99982,0.99781,0.80547,0.99909
NC_000017.11:7675213:A:G,TP53,1,0.98462,0.9114,23.9,0.85956,0.61709,0.9938,0.92638,0.49487,0.92946,0.53677,0.51414,0.98915,0.99226,0.06502,0.80665,0.95545,0.80742,0.71708,0.0,0.502515676,0.99541,0.99821,0.99119,0.80547,0.99909
NC_000017.11:7675220:T:A,TP53,1,0.93874,0.5291,25.2,0.91964,0.60672,0.9938,0.96419,0.70678,0.94345,0.88044,0.4393,0.98328,0.97798,0.86274,0.5219,0.88313,0.7509,0.71708,0.0,0.966944275,0.97773,0.99985,0.99692,0.80547,0.9982
NC_000017.11:7675231:G:C,TP53,1,0.96383,0.8325,25.1,0.94596,0.81407,0.96289,0.97811,0.90735,0.98455,0.85243,0.47986,0.98887,0.97931,0.90151,0.5457,0.98964,0.99224,0.71708,0.0,0.973385018,0.95231,0.99996,0.99927,0.80547,0.99909
NC_000017.11:7675231:G:A,TP53,1,0.97191,0.9947,25.7,0.96346,0.87471,0.9938,0.98152,0.90752,0.98999,0.91629,0.51485,0.98708,0.98752,0.90151,0.5457,0.98964,0.99224,0.71708,0.0,0.874380073,0.95231,0.99997,0.99927,0.80547,0.99909
NC_000017.11:7675994:G:T,TP53,1,0.98671,0.9893,28.6,0.93857,0.74814,0.96289,0.99463,0.92271,0.99963,0.92988,0.58401,0.98854,0.99002,0.89821,0.59936,0.88061,0.9756,0.71708,0.0,0.826007825,0.96336,0.99994,0.99826,0.80547,0.99953
NC_000017.11:7676039:C:G,TP53,1,0.77277,0.9045,17.49,0.84271,0.79484,0.9938,0.83721,0.3423,0.99382,0.71908,0.18723,0.51848,0.98996,0.64741,0.09779,0.24003,0.02379,0.23678,0.0,0.793004835,0.99873,0.98297,0.99405,0.80547,0.99924
NC_000017.11:35103500:G:A,RAD51D,1,0.9174,0.7457,28.7,0.66176,0.7903,0.9244,0.94182,0.91363,0.95066,0.91186,,0.72672,0.95595,0.98354,0.67549,0.64362,0.93452,0.71708,0.0,0.759345996,0.90371,0.81237,0.87229,0.22328,0.97134
NC_000017.11:43045760:A:G,BRCA1,1,0.98819,0.9976,27.7,0.95975,0.86538,0.9938,0.97205,0.80782,0.88767,0.9241,0.58701,0.66356,0.99511,0.66633,0.75361,0.63646,0.89139,0.71708,0.0,0.861862779,0.99385,0.74596,0.98976,0.81664,0.99966
NC_000017.11:43049163:C:A,BRCA1,1,0.93154,0.9249,24.4,0.97656,0.91579,0.9938,0.9557,0.75482,0.83222,0.89083,0.4132,0.67304,0.97282,0.66633,0.78654,0.5909,0.62421,0.71708,0.0,0.873223206,0.98676,0.81042,0.98314,0.80114,0.99953
NC_000017.11:43051070:A:T,BRCA1,1,0.89118,0.8787,23.4,0.92338,0.86844,0.9938,0.90683,0.79089,0.97785,0.87918,0.47621,0.66928,0.96275,0.66633,0.71989,0.64008,0.87137,0.71708,0.01,0.866631202,0.93053,0.59917,0.92637,0.79453,0.99879
NC_000017.11:43051070:A:C,BRCA1,1,0.89291,0.893,23.5,0.94389,0.87382,0.9938,0.90418,0.79248,0.9842,0.88046,0.44976,0.68269,0.96313,0.66633,0.71989,0.64008,0.87137,0.71708,0.0,0.868741652,0.93053,0.71101,0.92637,0.79453,0.99879
NC_000017.11:43051097:A:C,BRCA1,1,0.94555,0.9315,27.3,0.95951,0.91992,0.9938,0.92266,0.76504,0.85815,0.82872,0.3188,0.66853,0.99777,0.57939,0.67822,0.64008,0.86083,0.71708,0.0,0.780772645,0.93501,0.66563,0.92336,0.79453,0.99778
NC_000017.11:43051103:A:G,BRCA1,1,0.90947,0.9211,27.2,0.93508,0.82488,0.9938,0.88007,0.72479,0.90481,0.81734,0.46456,0.72257,0.98778,0.63999,0.67822,0.64008,0.86083,0.71708,0.0,0.784185691,0.92204,0.75184,0.91787,0.79453,0.99835
NC_000017.11:43057082:G:C,BRCA1,1,0.89508,0.9406,24.0,0.94298,0.91746,0.9938,0.94066,0.7205,0.84345,0.8212,0.34465,0.71317,0.91044,0.5584,0.6809,0.70163,0.81057,0.71708,0.0,0.872165706,0.98493,0.63919,0.98108,0.74575,0.9982
NC_000017.11:43057112:T:A,BRCA1,1,0.92231,0.9773,24.1,0.9708,0.86382,0.9938,0.95199,0.66021,0.83734,0.91893,0.32394,0.69294,0.82962,0.5584,0.6809,0.61924,0.62421,0.71708,0.0,0.838378258,0.92913,0.62775,0.92528,0.74575,0.99765
NC_000017.11:43057112:T:C,BRCA1,1,0.90116,0.9767,24.6,0.94078,0.82165,0.9938,0.92556,0.65995,0.85039,0.91246,0.34268,0.69522,0.87089,0.5584,0.6809,0.61924,0.62421,0.71708,0.0,0.868670536,0.92913,0.69376,0.92528,0.74575,0.99765
NC_000017.11:43057116:C:T,BRCA1,1,0.91518,0.9885,25.1,0.95225,0.84783,0.9938,0.9189,0.73299,0.87171,0.91842,0.615,0.72575,0.86947,0.54378,0.6809,0.61487,0.49682,0.71708,0.0,0.840922577,0.93265,0.72793,0.92896,0.74575,0.99792
NC_000017.11:43057121:A:G,BRCA1,1,0.91073,0.8955,26.2,0.88179,0.79039,0.9938,0.94487,0.81846,0.70694,0.62128,0.50046,0.64551,0.89178,0.89892,0.6809,0.67118,0.83953,0.71708,0.0,0.528996729,0.95041,0.46751,0.94704,0.74575,0.99714
NC_000017.11:43063371:C:A,BRCA1,1,0.89281,0.9803,33.0,0.92968,0.97737,0.9938,0.98598,0.86834,0.99784,0.80803,0.60042,0.76368,0.99264,0.8996,0.8001,0.62072,0.6181,0.71708,0.01,,0.99389,0.80478,0.98767,0.72295,0.99909
NC_000017.11:43063880:G:C,BRCA1,1,0.79956,0.9947,23.2,0.94713,0.92634,0.9938,0.88581,0.77551,0.98503,0.9669,0.64026,0.49057,0.91514,0.87303,0.6337,0.40734,0.46532,0.71708,0.16,0.717632882,0.88675,0.6167,0.88184,0.72295,0.99835
NC_000017.11:43063880:G:T,BRCA1,1,0.80539,0.9947,22.8,0.94713,0.92634,0.9938,0.88104,0.77551,0.98503,0.9669,0.64026,0.4833,0.91514,0.87303,0.6337,0.40734,0.46532,0.71708,0.03,0.717632882,0.88675,0.6167,0.88184,0.72295,0.99835
NC_000017.11:43063882:T:G,BRCA1,1,0.84115,0.9947,24.0,0.94713,0.92634,0.9938,0.91164,0.82018,0.98503,0.9669,0.64026,0.70625,0.93348,0.87303,0.98024,0.52407,0.71005,0.71708,0.02,0.717632882,0.90318,0.6167,0.88986,0.72295,0.99835
NC_000017.11:43063902:G:T,BRCA1,1,0.86323,0.9712,25.5,0.97391,0.94427,0.9938,0.94637,0.91344,0.94625,0.93343,0.72834,0.75301,0.96781,0.88016,0.93054,0.72014,0.95801,0.71708,0.15,0.867504794,0.94974,0.74963,0.94637,0.72295,0.99894
NC_000017.11:43063908:C:T,BRCA1,1,0.87794,0.9845,25.2,0.96026,0.97863,0.9938,0.95828,0.89352,0.9838,0.99818,0.87032,0.74679,0.97586,0.88473,0.93054,0.62756,0.6298,0.71708,0.02,0.865022688,0.94448,0.80542,0.93905,0.72295,0.99894
NC_000017.11:43063929:C:T,BRCA1,1,0.8311,0.7345,29.2,0.8731,0.87447,0.98095,0.92843,0.90218,0.98158,0.79429,0.61622,0.72937,0.96646,0.89409,0.93054,0.62756,0.6298,0.71708,0.15,0.871013132,0.96178,0.80313,0.95778,0.72295,0.99879
NC_000017.11:43063930:G:A,BRCA1,1,0.8328,0.8237,33.0,0.94799,0.90622,0.9938,0.94105,0.85538,0.97086,0.84401,0.77271,0.65672,0.96939,0.89409,0.61863,0.52391,0.82246,0.71708,0.14,0.869379119,0.96085,0.74481,0.96041,0.72295,0.99849
NC_000017.11:43063936:A:G,BRCA1,1,0.89282,0.9586,24.5,0.91113,0.95297,0.9938,0.97735,0.86144,0.97194,0.80391,0.87628,0.86781,0.99126,0.88248,0.93054,0.68561,0.87534,0.71708,0.0,0.833509185,0.93817,0.75625,0.9304,0.72295,0.99879
NC_000017.11:43067609:G:A,BRCA1,1,0.82824,0.8983,31.0,0.87871,0.75746,0.98095,0.90418,0.82992,0.93494,0.72386,0.80227,0.72317,0.95557,0.82193,0.72847,0.70508,0.96859,0.71708,0.66,0.801641952,0.8869,0.69579,0.87681,0.72643,0.99806
NC_000017.11:43067615:A:C,BRCA1,1,0.85113,0.9347,23.7,0.92935,0.93365,0.9938,0.91208,0.77774,0.98868,0.98545,0.73579,0.72314,0.98201,0.83217,0.72847,0.67411,0.88806,0.71708,0.27,0.791547916,0.86867,0.74594,0.85175,0.72643,0.9982
NC_000017.11:43067623:A:T,BRCA1,1,0.84321,0.9361,17.74,0.84895,0.94549,0.9938,0.95865,0.57262,0.98717,0.92136,0.604,0.44684,0.94189,0.90472,0.16395,0.16875,0.21804,0.36907,0.0,0.869099223,0.88904,0.81992,0.90914,0.72643,0.99849
NC_000017.11:43067624:T:C,BRCA1,1,0.88124,0.9307,23.4,0.88199,0.96368,0.9938,0.97394,0.82841,0.9948,0.91616,0.64805,0.70702,0.97376,0.90472,0.72847,0.6225,0.72147,0.71708,0.0,0.871006531,0.92579,0.81992,0.91249,0.72643,0.99864
NC_000017.11:43067627:G:A,BRCA1,1,0.85824,0.9339,24.5,0.88933,0.9097,0.9938,0.96457,0.86858,0.91863,0.93461,0.74916,0.70495,0.96143,0.90472,0.72847,0.70508,0.96745,0.71708,0.19,0.857068526,0.93898,0.82087,0.92853,0.72643,0.99835
NC_000017.11:43067628:T:C,BRCA1,1,0.859,0.523,23.5,0.85225,0.86479,0.9938,0.96531,0.7572,0.95635,0.93213,0.62863,0.66764,0.95202,0.90472,0.72847,0.6225,0.72147,0.71708,0.0,0.863214548,0.9353,0.81747,0.92454,0.72643,0.99835
NC_000017.11:43070949:G:A,BRCA1,1,0.85872,0.894,27.2,0.98301,0.83341,0.9938,0.94144,0.85531,0.97728,0.97292,0.38967,0.67398,0.97234,0.8906,0.61625,0.66164,0.95249,0.71708,0.01,0.858029224,0.96519,0.74714,0.96355,0.72714,0.99879
NC_000017.11:43071045:G:C,BRCA1,1,0.68108,0.1102,19.33,0.61886,0.19897,0.94846,0.81273,0.11009,0.05511,0.22446,0.02168,0.24211,0.63507,0.47096,0.23405,0.16125,0.30461,0.06397,0.92,0.594690832,0.67875,0.55837,0.82273,0.7278,0.9897
NC_000017.11:43076487:C:A,BRCA1,1,0.65618,0.1566,28.1,0.77998,0.29065,0.9938,0.89238,0.62176,0.30703,0.23976,0.09872,0.73466,0.88342,0.50191,0.65402,0.55996,0.49382,0.71708,0.6,,0.90684,0.49643,0.91227,0.73889,0.99542
NC_000017.11:43082528:A:G,BRCA1,1,0.56529,0.8963,23.4,0.91619,0.64991,0.97127,0.52551,0.55966,0.72416,0.70999,0.53336,0.77079,0.79983,0.70068,0.76609,0.69147,0.87779,0.71708,0.0,0.820962266,0.52672,0.70757,0.55925,0.74382,0.98587
NC_000017.11:43106455:C:T,BRCA1,1,0.81021,0.6817,32.0,0.92085,0.47426,0.9938,0.90815,0.72352,0.81212,0.64578,0.54292,0.76532,0.96813,0.71063,0.57382,0.57696,0.63308,0.71708,0.65,,0.94146,0.66881,0.94745,0.78841,0.99372
NC_000017.11:43106476:C:T,BRCA1,1,0.99609,0.9929,29.1,0.9761,0.88607,0.9938,0.99189,0.90714,0.98561,0.9332,0.82192,0.76729,0.99953,0.98395,0.57382,0.57696,0.63308,0.71708,0.0,0.857523202,0.96449,0.92982,0.99809,0.78841,0.99702
NC_000017.11:43106477:A:C,BRCA1,1,0.99325,0.9729,27.0,0.9708,0.85404,0.9938,0.98955,0.87274,0.98446,0.88974,0.66126,0.83878,0.99959,0.94055,0.57382,0.62917,0.87942,0.71708,0.65,0.860293912,0.96942,0.92982,0.99762,0.78841,0.99739
NC_000017.11:43106486:A:C,BRCA1,1,0.99706,0.9904,24.5,0.95034,0.9051,0.9938,0.98989,0.88358,0.99312,0.97646,0.59766,0.78883,0.99845,0.98456,0.70832,0.64508,0.87942,0.71708,0.16,0.873332914,0.96393,0.92966,0.99832,0.78841,0.99726
NC_000017.11:43124031:A:G,BRCA1,1,0.98153,0.9757,26.5,0.95621,0.83825,0.95536,0.93164,0.70086,0.89446,0.79251,0.65353,0.72758,0.96747,0.42446,0.43258,0.58147,0.85863,0.71708,0.0,0.304259887,0.9272,0.71441,0.92764,0.78199,0.99395
NC_000017.11:43124043:A:G,BRCA1,1,0.93286,0.9257,23.3,0.885,0.67792,0.9938,0.92225,0.56866,0.91902,0.80805,0.7935,0.70363,0.95204,0.15132,0.43258,0.58147,0.85708,0.71708,0.0,0.215442953,0.86017,0.70979,0.85792,0.78199,0.99289
NC_000017.11:58695158:G:T,RAD51C,1,0.99688,0.9645,29.6,0.93235,0.96212,0.98095,0.98339,0.82384,0.9971,0.96023,0.61761,0.9384,0.98255,0.98623,0.78301,0.91782,0.96634,0.71708,0.01,0.87589362,0.9146,0.8387,0.87391,0.71492,0.83268
NC_000017.11:58695188:G:A,RAD51C,1,0.88354,0.9635,35.0,0.94404,0.91019,0.9938,0.91208,0.99531,0.97183,0.9541,0.80444,0.98209,0.85334,0.96604,0.69171,0.91349,0.94749,0.71708,0.85,,0.71137,0.82178,0.72216,0.71492,
NC_000017.11:58696701:G:C,RAD51C,1,0.76793,0.5004,23.3,0.72475,0.81769,0.89772,0.83666,0.57618,0.81674,0.65592,0.71483,0.53102,0.83462,0.94652,0.29887,0.47449,0.36288,0.71708,0.01,0.705865513,0.67183,0.741,0.67797,0.71492,0.99289
NC_000019.10:1207057:T:G,STK11,1,0.97998,0.9992,33.0,0.94106,0.96922,0.84032,0.98989,0.87294,0.99966,0.99724,0.99154,0.92725,0.9806,0.85343,0.44212,0.81987,0.62026,0.71708,0.0,0.729254225,0.97025,0.99313,0.96466,0.04754,0.99996
NC_000019.10:1207112:T:C,STK11,1,0.95522,0.9996,33.0,0.93424,0.95038,0.9938,0.95087,0.74114,0.99998,0.9556,0.97831,0.98632,0.98388,0.66227,0.44212,0.84009,0.62178,0.71708,0.0,0.685566724,0.93872,0.84118,0.92786,0.04754,0.99989
NC_000019.10:1219351:G:C,STK11,1,0.98916,0.9618,34.0,0.87542,0.95681,0.95536,0.97545,0.91202,0.88077,0.78833,0.96572,0.93701,0.87265,0.86443,0.6286,0.97954,0.93176,0.71708,0.32,0.307771989,0.94596,0.8587,0.9258,0.09207,0.99989
NC_000019.10:1220395:G:A,STK11,1,0.99448,0.9995,32.0,0.90606,0.98389,0.98095,0.99057,0.98086,0.99861,0.88222,0.9669,0.95071,0.93935,0.92716,0.84988,0.98434,0.95167,0.71708,0.01,0.748953251,0.98516,0.88889,0.9691,0.10612,0.99996
NC_000019.10:1220433:G:A,STK11,1,0.99023,0.9988,32.0,0.94328,0.97299,0.90819,0.98376,0.96785,0.97271,0.93023,0.95432,0.91059,0.95411,0.8146,0.84988,0.98434,0.95228,0.71708,0.0,0.757111838,0.98829,0.86382,0.97553,0.10612,0.99978
NC_000019.10:1220487:G:A,STK11,1,0.99631,0.9991,31.0,0.96346,0.98953,0.96289,0.96012,0.95208,0.96986,0.89906,0.97926,0.90454,0.95553,0.74589,0.83668,0.98434,0.95167,0.71708,0.0,0.748367595,0.9904,0.87359,0.97644,0.10612,0.99978
NC_000019.10:1220487:G:T,STK11,1,0.99883,0.9986,28.9,0.98805,0.99796,0.90819,0.98302,0.96903,0.99847,0.88334,0.97917,0.91258,0.98752,0.97828,0.83668,0.98434,0.95167,0.71708,0.0,0.756215998,0.9961,0.89264,0.98406,0.10612,0.99996
NC_000019.10:1220699:G:C,STK11,1,0.99246,0.9993,34.0,0.978,0.99708,0.98095,0.9568,0.98858,0.99955,0.84292,0.99922,0.95151,0.95306,0.95951,0.84988,0.98434,0.95068,0.71708,0.0,0.749905539,0.99394,0.89296,0.97603,0.10612,0.99996
NC_000022.11:28695799:T:G,CHEK2,1,0.98337,0.9816,27.5,0.87263,0.93335,0.98095,0.96086,0.9519,0.99846,0.9237,0.76345,0.75876,0.89718,0.93122,0.94754,0.75836,0.71836,0.71708,0.0,,0.93932,0.80981,0.9076,0.78841,0.96911
NC_000022.11:28711993:A:G,CHEK2,1,0.25099,0.9983,29.4,0.87503,0.91421,0.9938,0.81096,0.87371,0.99382,0.97874,0.58933,0.83677,0.79311,0.78706,0.70547,0.67956,0.88697,0.71708,0.0,,0.82525,0.75589,0.76848,0.79264,0.94368
NC_000022.11:28725069:C:T,CHEK2,1,0.94636,0.9959,29.6,0.9629,0.89385,0.9938,0.99221,0.96637,0.99709,0.64552,0.85185,0.68123,0.98687,0.98895,0.94261,0.6775,0.60134,0.71708,0.0,,0.97424,0.93079,0.99615,0.80385,0.99281
NC_000022.11:28725253:G:A,CHEK2,1,0.88807,0.8312,33.0,0.80072,0.75835,0.9938,0.93912,0.82176,0.92212,0.7615,0.60506,0.59357,0.97476,0.82783,0.57158,0.52276,0.77169,0.71708,0.0,,0.95637,0.91616,0.95625,0.80385,0.99147
NC_000022.11:28725337:T:C,CHEK2,1,0.9559,0.9945,25.8,0.91235,0.80431,0.9938,0.98339,0.87467,0.99628,0.74327,0.54266,0.4981,0.98367,0.98659,0.61384,0.38111,0.35736,0.42797,0.0,,0.98804,0.91119,0.98945,0.80385,0.99205
NC_000022.11:28734672:C:A,CHEK2,1,0.01172,0.0617,0.003,0.11885,0.11593,0.9938,0.16509,0.00388,0.01842,0.00361,0.08511,0.13474,0.58491,0.06502,0.02515,0.01208,,0.06397,0.0,,0.73768,0.43523,0.77262,0.80385,0.90852
NC_000010.11:87864333:G:C,PTEN,1,,,19.34,,,,,,,,,,,,,,,,0.0,,,,,,
NC_000010.11:87864469:A:G,PTEN,1,0.99916,,23.6,0.99831,0.92629,0.9938,0.98038,0.6449,0.71225,0.43047,,0.34739,0.99431,,0.59467,0.735,0.8877,0.71708,0.04,,0.96277,0.95543,0.96817,0.1446,0.99497
NC_000010.11:87864470:T:C,PTEN,1,0.99963,,26.2,0.99831,0.95425,0.9938,0.97016,0.67737,0.85023,0.4712,,0.26908,0.9819,,0.5923,0.76684,0.72256,0.71708,0.01,,0.96704,0.98951,0.96957,0.1446,0.99561
NC_000010.11:87864470:T:G,PTEN,1,0.99973,,27.0,0.99831,0.98085,0.9938,0.98561,0.69153,0.93574,0.46539,,0.27979,0.98383,,0.5923,0.76684,0.72256,0.71708,0.0,,0.97333,0.9886,0.97343,0.1446,0.99655
NC_000010.11:87864471:G:A,PTEN,1,0.9996,,28.1,0.99831,0.89517,0.9938,0.9668,0.72382,0.71799,0.49272,,0.33188,0.98159,,0.59467,0.76266,0.96859,0.71708,0.0,,0.97255,0.96352,0.97259,0.1446,0.99514
NC_000010.11:87864482:T:C,PTEN,1,0.86797,0.9691,25.8,0.90676,0.91696,0.91349,0.94259,0.47153,0.70174,0.81915,0.97331,0.83721,0.97311,0.83289,0.59467,0.77144,0.73019,0.71708,0.01,0.403271014,0.89708,0.95407,0.92157,0.1446,0.9897
NC_000010.11:87864484:A:G,PTEN,1,0.91166,0.9903,26.9,0.96077,0.91673,0.88736,0.96829,0.48619,0.74098,0.8932,0.89282,0.73738,0.96012,0.82641,0.59467,0.73193,0.8954,0.71708,0.05,0.619360488,0.91339,0.97625,0.93196,0.1446,0.9888
NC_000010.11:87864503:A:C,PTEN,1,0.78905,0.8218,25.5,0.88789,0.90168,0.89253,0.76889,0.50283,0.59823,0.82898,0.90837,0.9269,0.9251,0.67981,0.67549,0.89995,0.8954,0.71708,0.02,0.249442827,0.90779,0.97941,0.93199,0.1446,0.98005
NC_000010.11:87864503:A:T,PTEN,1,0.8806,0.9727,26.3,0.92191,0.95604,0.86665,0.88818,0.55678,0.74951,0.9297,0.92545,0.92839,0.92851,0.67981,0.67549,0.89995,0.8954,0.71708,0.0,0.281843164,0.92499,0.99221,0.94012,0.1446,0.98825
NC_000010.11:87864505:A:C,PTEN,1,0.90632,0.9992,26.1,0.95034,0.93979,0.82411,0.92225,0.74069,0.667,0.8633,0.8961,0.9226,0.96165,0.89691,0.67276,0.89995,0.80371,0.71708,0.0,0.67462782,0.96756,0.99108,0.96533,0.1446,0.99009
NC_000010.11:87864505:A:G,PTEN,1,0.90055,0.9997,26.9,0.97477,0.96341,0.90819,0.93678,0.62725,0.73858,0.96466,0.92455,0.93433,0.98922,0.89691,0.67276,0.89995,0.80371,0.71708,0.0,0.690043921,0.96254,0.99185,0.96516,0.1446,0.99341
NC_000010.11:87864512:G:A,PTEN,1,0.80402,0.9964,27.6,0.98499,0.98067,0.84566,0.89145,0.55764,0.88367,0.72807,0.92203,0.93828,0.98693,0.92016,0.67549,0.92949,0.97503,0.71708,0.0,0.71078293,0.93694,0.98311,0.95497,0.1446,0.99318
NC_000010.11:87864512:G:C,PTEN,1,0.90138,0.9999,29.2,0.98301,0.991,0.94846,0.96086,0.71951,0.93311,0.88991,0.9098,0.88652,0.99256,0.95255,0.67549,0.92949,0.97503,0.71708,0.0,0.725484391,0.97344,0.9965,0.96569,0.1446,0.99561
NC_000010.11:87864513:A:C,PTEN,1,0.90175,0.9999,25.1,0.99183,0.99285,0.95536,0.93403,0.53594,0.94192,0.85298,0.88592,0.70777,0.99834,0.95255,0.67549,0.54536,0.53529,0.71708,0.0,0.700371861,0.94209,0.99435,0.95884,0.1446,0.99488
NC_000010.11:87864513:A:T,PTEN,1,0.90208,0.9999,25.3,0.99183,0.99285,0.95536,0.93403,0.53594,0.94192,0.85298,0.88592,0.73127,0.99834,0.95255,0.67549,0.54536,0.53529,0.71708,0.0,0.700371861,0.94209,0.99435,0.95884,0.1446,0.99488
NC_000010.11:87864514:T:G,PTEN,1,0.91566,0.9988,28.1,0.98365,0.98158,0.94202,0.95124,0.58059,0.90626,0.99664,0.96541,0.86236,0.99713,0.87862,0.67549,0.77244,0.73019,0.71708,0.0,0.367996505,0.94545,0.99459,0.95289,0.1446,0.9881
NC_000010.11:87864527:G:T,PTEN,1,0.92217,0.9934,33.0,0.9752,0.97781,0.94202,0.98376,0.87894,0.95887,0.91388,0.84772,0.96077,0.98854,0.9453,0.74104,0.92964,0.97503,0.71708,0.09,0.612321483,0.99669,0.99453,0.98705,0.1446,0.99666
NC_000010.11:87864532:G:C,PTEN,1,0.93466,0.9976,33.0,0.9727,0.92874,0.94846,0.99518,0.86282,0.84946,0.85727,0.88407,0.92581,0.99689,0.84765,0.74104,0.92964,0.97503,0.71708,0.04,0.662458475,0.9951,0.99157,0.98852,0.1446,0.99612
NC_000010.11:87864533:A:G,PTEN,1,0.91099,0.998,26.8,0.97434,0.96898,0.94846,0.96012,0.55921,0.79853,0.82681,0.81294,0.94858,0.99801,0.84765,0.74104,0.90004,0.8954,0.71708,0.01,0.605326657,0.9772,0.98389,0.97583,0.1446,0.99479
NC_000010.11:87864535:T:G,PTEN,1,0.96886,0.9813,27.5,0.95167,0.94314,0.90819,0.96717,0.75255,0.83097,0.9097,0.83075,0.48099,0.98831,0.8996,0.74104,0.37976,0.54604,0.71708,0.0,0.710274304,0.99825,0.9878,0.99017,0.1446,0.99542
NC_000010.11:87864538:G:C,PTEN,1,0.99565,0.9999,33.0,0.99078,0.98384,0.97127,0.99858,0.89349,0.93313,0.96247,0.95276,0.91568,0.99754,0.96819,0.74104,0.92964,0.97503,0.71708,0.0,0.722764515,0.99174,0.99641,0.99221,0.1446,0.99726
NC_000010.11:87864538:G:T,PTEN,1,0.99933,0.9995,33.0,0.99831,0.99437,0.9938,0.99969,0.91817,0.95874,0.93862,0.94321,0.93543,0.99842,0.96819,0.74104,0.92964,0.97503,0.71708,0.0,0.727023739,0.98553,0.99687,0.99347,0.1446,0.99739
NC_000010.11:87864539:A:G,PTEN,1,0.98745,0.9998,27.6,0.98645,0.99348,0.9938,0.99124,0.70025,0.95083,0.94471,0.90979,0.93861,0.99786,0.96819,0.74104,0.90004,0.8954,0.71708,0.06,0.714611512,0.99434,0.9964,0.98596,0.1446,0.99655
NC_000010.11:87864539:A:T,PTEN,1,0.99841,0.9999,32.0,0.99297,0.99327,0.9938,0.99993,0.85698,0.91444,0.96564,0.89578,0.93063,0.99809,0.96819,0.74104,0.90004,0.8954,0.71708,0.08,0.671256406,0.98687,0.99681,0.99205,0.1446,0.99714
NC_000010.11:87864543:G:C,PTEN,1,0.96437,0.9978,29.4,0.97565,0.9584,0.98095,0.97167,0.70344,0.78102,0.8278,0.91334,0.48763,0.99591,0.93366,0.74104,0.50115,0.82203,0.71708,0.0,0.699472843,0.99121,0.97524,0.98542,0.1446,0.99571
NC_000010.11:87864544:A:C,PTEN,1,0.94433,0.9965,28.7,0.99426,0.99251,0.9938,0.98671,0.65187,0.9539,0.98435,0.89947,0.99337,0.99724,0.92921,0.74104,0.90004,0.8954,0.71708,0.04,0.542970792,0.99368,0.99232,0.98345,0.1446,0.99633
NC_000010.11:87864545:C:A,PTEN,1,0.89627,0.9861,25.8,0.96937,0.98946,0.94846,0.8632,0.53761,0.85695,0.87437,0.9499,0.8093,0.92493,0.88696,0.74104,0.76581,0.64937,0.71708,0.0,0.548526346,0.97007,0.9693,0.97485,0.1446,0.98992
NC_000010.11:87864545:C:T,PTEN,1,0.94334,0.999,27.2,0.98008,0.98455,0.94846,0.99157,0.62891,0.82342,0.86191,0.96862,0.77653,0.99406,0.85343,0.74104,0.76581,0.64937,0.71708,0.0,0.606725076,0.99385,0.99006,0.98201,0.1446,0.99497
NC_000010.11:87864547:T:A,PTEN,1,0.98679,0.9923,28.5,0.9731,0.99313,0.94202,0.99858,0.7241,0.97277,0.86734,0.94242,0.80504,0.98436,0.96155,0.74104,0.77268,0.73019,0.71708,0.12,,0.99606,0.99621,0.98623,0.1446,0.99581
NC_000010.11:87894024:A:G,PTEN,1,0.99249,0.9817,27.4,0.91651,0.99361,0.94202,0.99981,0.90966,0.82653,0.84551,0.94558,0.97573,0.97984,0.96155,0.71412,0.91453,0.85161,0.71708,0.0,,0.98891,0.99626,0.99102,0.20789,0.99591
NC_000010.11:87894035:A:G,PTEN,1,0.94476,0.769,34.0,0.96262,0.96081,0.84032,0.97925,0.85723,0.78799,0.92594,0.8887,0.93684,0.96544,0.84664,0.71412,0.91453,0.8522,0.71708,0.44,0.64893638,0.99464,0.97669,0.98983,0.20789,0.99097
NC_000010.11:87894047:A:C,PTEN,1,0.98448,0.9581,29.2,0.9731,0.9632,0.89253,0.98598,0.80413,0.79874,0.90844,0.90204,0.93501,0.99236,0.86091,0.71412,0.91453,0.8522,0.71708,0.14,0.706675826,0.99132,0.97375,0.98619,0.20789,0.99462
NC_000010.11:87894047:A:G,PTEN,1,0.99598,0.9682,32.0,0.98645,0.97693,0.90294,0.99157,0.80547,0.87431,0.82794,0.84993,0.93501,0.9989,0.64167,0.71412,0.91453,0.8522,0.71708,0.28,0.692297495,0.99073,0.98124,0.9867,0.20789,0.99655
NC_000010.11:87894048:T:C,PTEN,1,0.99817,0.9971,34.0,0.98723,0.99263,0.98095,0.99057,0.7874,0.93288,0.89556,0.96332,0.88181,0.99816,0.67474,0.71412,0.80954,0.68546,0.71708,0.45,0.700664505,0.98759,0.98566,0.98375,0.20789,0.99714
NC_000010.11:87894049:GG:AC,PTEN,1,,,,,,,,,,,,,,,,,,,,,,,,,
NC_000010.11:87894050:G:A,PTEN,1,0.99956,0.9999,33.0,0.99426,0.99002,0.9938,0.99995,0.94939,0.96323,0.95403,0.98869,0.94718,0.99683,0.94011,0.71412,0.96695,0.93873,0.71708,0.02,0.705102797,0.98353,0.99362,0.99366,0.20789,0.99752
NC_000010.11:87894051:G:A,PTEN,1,0.99386,0.9999,33.0,0.99078,0.99508,0.96289,0.99858,0.93507,0.97478,0.96821,0.98662,0.94718,0.98788,0.90283,0.71412,0.96695,0.816,0.71708,0.1,0.737425131,0.98789,0.99547,0.99278,0.20789,0.99752
NC_000010.11:87894057:C:G,PTEN,1,0.99534,0.9995,33.0,0.99297,0.99727,0.97127,0.9892,0.90627,0.90192,0.98115,0.94514,0.71421,0.98998,0.96935,0.71412,0.6831,0.50673,0.71708,0.16,0.735930478,0.97587,0.99698,0.99576,0.20789,0.99726
NC_000010.11:87894057:C:T,PTEN,1,0.99064,0.9992,34.0,0.99183,0.99526,0.98095,0.98076,0.9061,0.90651,0.92051,0.95134,0.67663,0.98649,0.92559,0.71412,0.6831,0.50673,0.71708,0.47,0.73659564,0.97587,0.99708,0.99576,0.20789,0.99644
NC_000010.11:87894080:T:C,PTEN,1,0.97593,0.9993,31.0,0.97477,0.97966,0.80747,0.99518,0.85482,0.89989,0.88429,0.97115,0.8269,0.99061,0.94401,0.71412,0.80993,0.68565,0.71708,0.04,0.587268531,0.99327,0.99068,0.99099,0.20789,0.99726
NC_000010.11:87894084:G:A,PTEN,1,0.95869,0.998,32.0,0.98645,0.97441,0.94202,0.97318,0.88765,0.93279,0.78989,0.96613,0.86906,0.97892,0.8146,0.68358,0.96598,0.93873,0.71708,0.05,0.72831544,0.99551,0.97298,0.98811,0.20789,0.99622
NC_000010.11:87894087:A:G,PTEN,1,0.95305,0.9981,27.3,0.98982,0.98585,0.81307,0.97887,0.90263,0.84677,0.88398,0.94259,0.85548,0.98277,0.90845,0.71412,0.91453,0.85232,0.71708,0.01,0.706934648,0.98792,0.99014,0.99248,0.20789,0.99198
NC_000010.11:87894088:C:A,PTEN,1,0.99407,0.9999,29.5,0.99426,0.9964,0.9938,0.96198,0.88714,0.95206,0.95598,0.98713,0.68182,0.98028,0.90781,0.71412,0.68258,0.4504,0.71708,0.19,0.725251238,0.99095,0.99077,0.99179,0.20789,0.99341
NC_000010.11:87894088:C:G,PTEN,1,0.994,0.9999,32.0,0.99426,0.9964,0.9938,0.96198,0.88714,0.95206,0.95598,0.98713,0.68182,0.98038,0.90781,0.71412,0.68258,0.4504,0.71708,0.12,0.725251238,0.99095,0.99077,0.99179,0.20789,0.99348
NC_000010.11:87894093:T:C,PTEN,1,0.93116,0.9498,29.5,0.94579,0.96256,0.97127,0.9984,0.81447,0.78208,0.88769,0.97602,0.80719,0.99204,0.73897,0.71412,0.80993,0.68565,0.71708,0.05,0.543948708,0.99515,0.97722,0.98859,0.20789,0.99497
NC_000010.11:87894102:T:C,PTEN,1,0.96883,0.9956,31.0,0.98805,0.98213,0.94846,0.99024,0.87825,0.87534,0.76623,0.9901,0.79099,0.96073,0.93552,0.71412,0.80993,0.68546,0.71708,0.13,0.683439296,0.98111,0.98402,0.9946,0.20789,0.99533
NC_000010.11:87925545:G:T,PTEN,1,0.93405,0.9979,34.0,0.96102,0.95898,0.9938,0.93084,0.91382,0.96128,0.93245,0.94674,0.77468,0.97081,0.93172,0.8001,0.71076,0.9644,0.71708,0.0,0.640933231,0.98596,0.98134,0.99347,0.16444,0.99453
NC_000010.11:87925547:T:G,PTEN,1,0.99015,0.9995,29.9,0.99297,0.99724,0.9938,0.99762,0.88388,0.96937,0.99168,0.98264,0.93382,0.99647,0.94139,0.8001,0.79523,0.7168,0.71708,0.01,0.50417947,0.99012,0.99496,0.99185,0.16444,0.99752
NC_000010.11:87925549:T:G,PTEN,1,0.99559,0.9999,32.0,0.99297,0.99831,0.9938,0.99918,0.91551,0.98262,0.99905,0.98227,0.93382,0.99339,0.94693,0.8001,0.79523,0.7168,0.71708,0.03,0.695950329,0.98804,0.99411,0.99202,0.16444,0.99739
NC_000010.11:87925550:A:C,PTEN,1,0.98811,0.9982,32.0,0.98301,0.9945,0.98095,0.99942,0.9318,0.96758,0.99455,0.96156,0.96103,0.99025,0.91213,0.8001,0.90878,0.88276,0.71708,0.03,0.694662386,0.98385,0.9933,0.99343,0.16444,0.99726
NC_000010.11:87925550:A:G,PTEN,1,0.9868,0.9913,31.0,0.98301,0.99353,0.9938,0.9993,0.9318,0.93008,0.94051,0.98481,0.97716,0.99113,0.91213,0.8001,0.90878,0.88276,0.71708,0.01,0.736655077,0.98385,0.99445,0.99343,0.16444,0.99714
NC_000010.11:87931047:G:A,PTEN,1,0.98457,0.9998,33.0,0.99831,0.9896,0.98095,0.99285,0.97588,0.98387,0.95047,0.99723,0.98884,0.98372,0.95216,0.85706,0.93756,0.98402,0.71708,0.0,0.705539,0.98392,0.99469,0.99347,0.14292,0.99752
NC_000010.11:87931077:T:G,PTEN,1,0.93057,0.9992,32.0,0.98982,0.99479,0.97127,0.98038,0.93771,0.93237,0.96933,0.98306,0.9622,0.97048,0.93269,0.85706,0.78301,0.7382,0.71708,0.0,0.717990152,0.97827,0.99613,0.95995,0.14292,0.99644
NC_000010.11:87933027:T:C,PTEN,1,0.983,0.9992,34.0,0.99426,0.99639,0.96289,0.99918,0.92195,0.97509,0.98715,0.89931,0.9352,0.99231,0.95369,0.6809,0.82234,0.74348,0.71708,0.0,0.652131745,0.97874,0.99119,0.99432,0.13697,0.99678
NC_000010.11:87933032:G:T,PTEN,1,0.99612,0.9994,34.0,0.99831,0.99388,0.9938,0.99376,0.97048,0.98018,0.96788,0.9517,0.91114,0.99485,0.97454,0.6809,0.97085,0.98682,0.71708,0.15,0.701172612,0.9639,0.9933,0.99769,0.13697,0.99644
NC_000010.11:87933033:A:C,PTEN,1,0.99873,0.9998,33.0,0.99831,0.99042,0.9938,0.99969,0.90729,0.92583,0.96407,0.91481,0.88074,0.9951,0.95216,0.6809,0.92008,0.90936,0.71708,0.05,0.7093259,0.97483,0.98917,0.99594,0.13697,0.99666
NC_000010.11:87933033:A:G,PTEN,1,0.99787,0.9998,33.0,0.99831,0.98744,0.9938,0.99803,0.88685,0.94462,0.95104,0.92337,0.92546,0.9953,0.82641,0.6809,0.92008,0.90936,0.71708,0.09,0.705872246,0.98285,0.98515,0.99428,0.13697,0.99655
NC_000010.11:87933033:A:T,PTEN,1,0.99791,0.9999,33.0,0.99831,0.99345,0.98095,0.99918,0.91841,0.95122,0.98957,0.91632,0.91652,0.99047,0.95216,0.6809,0.92008,0.90936,0.71708,0.07,0.698485256,0.97267,0.99531,0.99632,0.13697,0.99633
NC_000010.11:87933035:C:A,PTEN,1,0.96408,0.9995,31.0,0.99579,0.97934,0.94846,0.96866,0.89106,0.95847,0.97628,0.93706,0.89153,0.97123,0.83853,0.6809,0.80611,0.66336,0.71708,0.0,0.708529249,0.99044,0.98699,0.99215,0.13697,0.99436
NC_000010.11:87933035:C:G,PTEN,1,0.96705,0.9999,33.0,0.99831,0.9971,0.9938,0.99346,0.89921,0.94784,0.99557,0.93354,0.90672,0.98261,0.97295,0.6809,0.80611,0.66336,0.71708,0.0,0.698368215,0.98863,0.99398,0.99261,0.13697,0.99633
NC_000010.11:87933035:C:T,PTEN,1,0.99485,0.9993,32.0,0.99579,0.98877,0.95536,0.99762,0.9031,0.94342,0.94864,0.93864,0.90672,0.99437,0.91682,0.6809,0.80611,0.66336,0.71708,0.0,0.720174176,0.98704,0.98702,0.99294,0.13697,0.99644
NC_000010.11:87933036:A:C,PTEN,1,0.95985,0.9998,33.0,0.99831,0.99548,0.9938,0.9974,0.94109,0.9428,0.97372,0.88651,0.99135,0.9814,0.9502,0.6809,0.92008,0.90936,0.71708,0.0,0.728236625,0.97874,0.99552,0.99432,0.13697,0.99622
NC_000010.11:87933042:C:T,PTEN,1,0.94833,0.9984,33.0,0.99426,0.99006,0.97127,0.98302,0.86569,0.95282,0.91491,0.89358,0.89208,0.98476,0.90906,0.6809,0.80611,0.66336,0.71708,0.02,0.585420245,0.99644,0.982,0.98866,0.13697,0.99666
NC_000010.11:87933044:C:T,PTEN,1,0.9857,0.9995,32.0,0.99297,0.9974,0.94846,0.98376,0.90491,0.9924,0.81147,0.78297,0.88188,0.98569,0.97427,0.47798,0.80611,0.66336,0.71708,0.01,0.691221391,0.9703,0.99524,0.99658,0.13697,0.9969
NC_000010.11:87933045:C:A,PTEN,1,0.99827,0.9999,33.0,0.99579,0.99819,0.98095,0.99545,0.95607,0.99131,0.88729,0.79406,0.86995,0.99319,0.97427,0.6809,0.80611,0.66336,0.71708,0.0,0.702355944,0.967,0.99535,0.99696,0.13697,0.99714
NC_000010.11:87933045:C:G,PTEN,1,0.99558,0.9998,33.0,0.99831,0.99894,0.96289,0.99545,0.94301,0.99629,0.93626,0.8493,0.88589,0.9948,0.97427,0.6809,0.80611,0.66336,0.71708,0.0,0.706144661,0.97093,0.99521,0.99643,0.13697,0.99726
NC_000010.11:87933045:C:T,PTEN,1,0.98808,0.9983,33.0,0.99579,0.99791,0.9244,0.98451,0.93423,0.9937,0.82361,0.86539,0.89208,0.98105,0.95216,0.6809,0.80611,0.66336,0.71708,0.0,0.680698411,0.97223,0.987,0.99625,0.13697,0.99666
NC_000010.11:87933051:T:G,PTEN,1,0.92963,0.998,32.0,0.98239,0.99874,0.91889,0.97318,0.82517,0.98412,0.96412,0.94678,0.74753,0.98977,0.92506,0.6809,0.69698,0.55093,0.71708,0.0,0.288870245,0.96273,0.98887,0.95581,0.13697,0.99702
NC_000010.11:87933056:C:T,PTEN,1,0.85585,0.9398,32.0,0.96937,0.91895,0.97127,0.88296,0.79421,0.91657,0.63747,0.87922,0.6878,0.87378,0.8365,0.6809,0.68677,0.52607,0.71708,0.0,0.480345976,0.90486,0.9784,0.90842,0.13697,0.99601
NC_000010.11:87933060:T:A,PTEN,1,0.96028,0.9989,33.0,0.98805,0.99815,0.98095,0.99221,0.87864,0.99832,0.97938,0.95245,0.91975,0.97346,0.93919,0.6809,0.82234,0.74398,0.71708,0.0,0.581990975,0.98842,0.99436,0.99228,0.13697,0.99792
NC_000010.11:87933060:T:C,PTEN,1,0.93916,0.9953,31.0,0.9731,0.98311,0.9938,0.99874,0.83634,0.9588,0.77264,0.95915,0.91429,0.99566,0.90151,0.6809,0.82234,0.74398,0.71708,0.0,0.602141786,0.9948,0.99005,0.99027,0.13697,0.99835
NC_000010.11:87933071:T:G,PTEN,1,0.96423,0.9953,32.0,0.99579,0.99027,0.97127,0.96979,0.89175,0.99961,0.95226,0.88776,0.97051,0.98962,0.9229,0.6809,0.82234,0.74398,0.71708,0.0,0.710821621,0.95441,0.99535,0.93859,0.13697,0.99765
NC_000010.11:87933077:G:T,PTEN,1,0.93003,0.9951,34.0,0.99831,0.97828,0.9938,0.94487,0.92314,0.9944,0.8652,0.9578,0.81668,0.98751,0.92506,0.6809,0.97085,0.98682,0.71708,0.02,0.681806647,0.95172,0.99193,0.94371,0.13697,0.99714
NC_000010.11:87933078:A:G,PTEN,1,0.92012,0.9921,34.0,0.99183,0.97011,0.9938,0.98561,0.8383,0.98583,0.64893,0.92787,0.83332,0.97844,0.78282,0.6809,0.92008,0.90936,0.71708,0.17,0.685000816,0.91551,0.9913,0.91181,0.13697,0.99752
NC_000010.11:87933078:A:T,PTEN,1,0.92575,0.9967,32.0,0.99831,0.97738,0.9938,0.95791,0.81871,0.98925,0.95527,0.92488,0.82269,0.98705,0.8448,0.6809,0.92008,0.90936,0.71708,0.01,0.633159479,0.91752,0.98658,0.91818,0.13697,0.99778
NC_000010.11:87933080:C:T,PTEN,1,0.88222,0.9917,32.0,0.94612,0.93919,0.88736,0.9268,0.75022,0.92836,0.80613,0.91569,0.48455,0.92715,0.47448,0.6809,0.59956,0.66336,0.71708,0.0,0.218315488,0.99546,0.982,0.98701,0.13697,0.99714
NC_000010.11:87933081:T:C,PTEN,1,0.99334,0.9999,33.0,0.98982,0.9969,0.9938,0.99091,0.81179,0.99954,0.87683,0.975,0.97488,0.99745,0.602,0.6809,0.82234,0.74398,0.71708,0.0,0.225334465,0.99464,0.99411,0.98873,0.13697,0.99849
NC_000010.11:87933089:T:C,PTEN,1,0.99739,0.9997,33.0,0.99579,0.99206,0.9938,0.99405,0.84195,0.98046,0.81537,0.99494,0.87096,0.97698,0.95951,0.6809,0.82234,0.74398,0.71708,0.0,0.725312328,0.98908,0.99402,0.99119,0.13697,0.99924
NC_000010.11:87933092:C:G,PTEN,1,0.92183,0.9234,35.0,0.96972,0.97068,0.91889,0.96903,0.84959,0.93768,0.89239,0.69961,0.69929,0.98576,0.87374,0.6809,0.68859,0.66336,0.71708,0.85,0.704600065,0.99245,0.99255,0.9899,0.13697,0.99835
NC_000010.11:87933093:T:G,PTEN,1,0.97676,0.9951,33.0,0.99579,0.99918,0.97127,0.9993,0.92986,0.98304,0.93544,0.84504,0.88211,0.99218,0.97078,0.72269,0.82277,0.74398,0.71708,0.01,0.695867697,0.97854,0.99563,0.99438,0.13697,0.99879
NC_000010.11:87933113:G:C,PTEN,1,0.89338,0.992,32.0,0.98723,0.97448,0.94846,0.98076,0.90546,0.95815,0.80633,0.92288,0.93056,0.96862,0.94055,0.72269,0.97104,0.98682,0.71708,0.01,0.601051915,0.99524,0.99225,0.98897,0.13697,0.99702
NC_000010.11:87933113:G:T,PTEN,1,0.95963,0.9962,34.0,0.99297,0.99652,0.9938,0.99545,0.9615,0.99352,0.88096,0.89913,0.93056,0.98776,0.94055,0.72269,0.97104,0.98682,0.71708,0.09,0.610454938,0.97872,0.99618,0.99457,0.13697,0.99806
NC_000010.11:87933114:T:G,PTEN,1,0.93445,0.9957,33.0,0.99831,0.99815,0.9938,0.9993,0.82438,0.99756,0.95643,0.83728,0.93854,0.98908,0.94055,0.68631,0.82277,0.74398,0.71708,0.0,0.627134619,0.99537,0.99472,0.98969,0.13697,0.99835
NC_000010.11:87933116:G:A,PTEN,1,0.90648,0.9756,33.0,0.9658,0.90498,0.94202,0.9189,0.92353,0.92483,0.70673,0.89602,0.90801,0.90207,0.93919,0.72269,0.97104,0.98682,0.71708,0.0,0.499150086,0.93817,0.98389,0.93175,0.13697,0.99666
NC_000010.11:87933119:G:A,PTEN,1,0.93096,0.951,33.0,0.96769,0.92368,0.90294,0.94297,0.94786,0.96734,0.85115,0.79307,0.90801,0.89777,0.91793,0.72269,0.97104,0.98682,0.71708,0.0,0.385271011,0.95883,0.99478,0.94261,0.13697,0.99633
NC_000010.11:87933119:G:C,PTEN,1,0.95314,0.9991,33.0,0.99579,0.99629,0.98095,0.97659,0.95208,0.99984,0.98752,0.86334,0.99301,0.96429,0.91793,0.72269,0.97104,0.98682,0.71708,0.0,0.556292762,0.96738,0.99561,0.9535,0.13697,0.99806
NC_000010.11:87933120:C:A,PTEN,1,0.9653,0.9998,33.0,0.99297,0.99698,0.9938,0.96606,0.91185,0.99963,0.96126,0.86571,0.90276,0.96793,0.91793,0.72269,0.80669,0.66336,0.71708,0.03,0.518260223,0.95063,0.99561,0.93859,0.13697,0.99792
NC_000010.11:87933125:C:A,PTEN,1,0.99793,0.9951,32.0,0.98982,0.995,0.9244,0.95976,0.92526,0.99114,0.81833,0.98236,0.90693,0.96435,0.93919,0.72269,0.80669,0.66336,0.71708,0.0,0.72234677,0.95603,0.99603,0.99923,0.13697,0.99778
NC_000010.11:87933125:C:G,PTEN,1,0.99964,0.9998,33.0,0.99831,0.99915,0.9938,0.99858,0.96136,0.99843,0.82081,0.97868,0.90693,0.9908,0.97683,0.72269,0.80669,0.66336,0.71708,0.0,0.715459214,0.95546,0.99592,0.99943,0.13697,0.99879
NC_000010.11:87933127:C:G,PTEN,1,0.99857,0.9997,28.8,0.99426,0.99564,0.98095,0.97583,0.90029,0.99851,0.76893,0.97591,0.62599,0.99501,0.97683,0.50518,0.50107,0.36589,0.71708,0.0,0.707845387,0.9614,0.99582,0.99918,0.13697,0.99894
NC_000010.11:87933128:T:A,PTEN,1,0.9892,0.9995,32.0,0.99831,0.99601,0.94202,0.99762,0.91964,0.99393,0.83462,0.96712,0.97008,0.98982,0.9552,0.72269,0.82277,0.74398,0.71708,0.01,0.696994417,0.9555,0.99547,0.99914,0.13697,0.99879
NC_000010.11:87933128:T:G,PTEN,1,0.99491,0.9978,34.0,0.99831,0.99756,0.97127,0.99463,0.94493,0.99882,0.79865,0.95119,0.9833,0.99055,0.97634,0.72269,0.82277,0.74398,0.71708,0.37,0.693941282,0.95494,0.99538,0.99927,0.13697,0.99909
NC_000010.11:87933129:G:A,PTEN,1,0.99961,0.9999,33.0,0.99831,0.99766,0.97127,0.99491,0.97608,0.99945,0.90497,0.99389,0.97841,0.98398,0.97634,0.72269,0.97104,0.98682,0.71708,0.0,0.727677696,0.95488,0.99576,0.99932,0.13697,0.99894
NC_000010.11:87933129:G:C,PTEN,1,0.99,0.9995,33.0,0.99831,0.99601,0.93592,0.99376,0.96161,0.99393,0.83462,0.96712,0.98031,0.98845,0.9552,0.72269,0.97104,0.98682,0.71708,0.0,0.696994417,0.95629,0.99547,0.9992,0.13697,0.99879
NC_000010.11:87933131:A:G,PTEN,1,0.94073,0.9997,33.0,0.99831,0.99279,0.97127,0.99091,0.93344,0.99808,0.99086,0.9383,0.92571,0.98216,0.97022,0.72269,0.92034,0.90936,0.71708,0.02,0.718326148,0.98133,0.9911,0.99386,0.13697,0.99806
NC_000010.11:87933134:G:A,PTEN,1,0.96681,0.9995,33.0,0.99183,0.9526,0.91349,0.99695,0.93346,0.98148,0.94495,0.9336,0.90801,0.99283,0.83741,0.72269,0.97104,0.98682,0.71708,0.0,0.689704079,0.98485,0.99413,0.99399,0.13697,0.99835
NC_000010.11:87933134:G:C,PTEN,1,0.96706,0.9994,33.0,0.99831,0.99211,0.9938,0.99622,0.96184,0.99992,0.986,0.96228,0.99301,0.99493,0.96321,0.72269,0.97104,0.98682,0.71708,0.0,0.68089083,0.97612,0.99653,0.99542,0.13697,0.99864
NC_000010.11:87933135:C:A,PTEN,1,0.96816,0.9993,33.0,0.99831,0.99102,0.9938,0.99376,0.88923,0.9896,0.9922,0.97603,0.90276,0.9898,0.83741,0.72269,0.80669,0.66336,0.71708,0.0,0.611841271,0.98982,0.9924,0.9931,0.13697,0.99835
NC_000010.11:87933135:C:T,PTEN,1,0.96429,0.9997,33.0,0.99297,0.96932,0.9938,0.99346,0.95605,0.98704,0.96105,0.94511,0.79371,0.98401,0.93599,0.72269,0.80669,0.66336,0.71708,0.0,0.688127187,0.972,0.99653,0.99601,0.13697,0.99849
NC_000010.11:87933137:G:A,PTEN,1,0.99502,1.0,34.0,0.99831,0.99218,0.9938,0.99405,0.97603,0.99985,0.69258,0.99567,0.94491,0.99564,0.97558,0.72269,0.97104,0.98682,0.71708,0.0,0.678121905,0.96486,0.99696,0.99966,0.13697,0.99909
NC_000010.11:87933137:G:C,PTEN,1,0.99506,1.0,33.0,0.99831,0.99218,0.9938,0.99376,0.97603,0.99985,0.69258,0.99567,0.94887,0.99552,0.97558,0.72269,0.97104,0.98682,0.71708,0.0,0.678121905,0.96486,0.99696,0.99966,0.13697,0.99909
NC_000010.11:87933140:A:G,PTEN,1,0.98245,0.9997,32.0,0.99579,0.99669,0.95536,0.99091,0.94563,0.9997,0.9487,0.97568,0.93508,0.992,0.97321,0.72269,0.92034,0.90936,0.71708,0.0,0.682683452,0.96852,0.99485,0.94943,0.13697,0.99879
NC_000010.11:87933141:A:G,PTEN,1,0.92795,0.9615,30.0,0.9857,0.97596,0.95536,0.94449,0.85007,0.96124,0.87627,0.95327,0.94269,0.94188,0.74822,0.72269,0.92034,0.90805,0.71708,0.0,0.686264638,0.92039,0.98367,0.91551,0.13697,0.9969
NC_000010.11:87933142:G:C,PTEN,1,0.95695,0.9999,32.0,0.99579,0.99552,0.98095,0.95273,0.87966,0.99735,0.92459,0.98238,0.91811,0.95388,0.97321,0.50518,0.83511,0.82788,0.71708,0.02,0.715703435,0.95428,0.9952,0.94133,0.13697,0.9969
NC_000010.11:87933143:G:C,PTEN,1,0.99162,1.0,33.0,0.99831,0.99617,0.9938,0.98671,0.97478,0.99507,0.92536,0.99888,0.95737,0.98416,0.97558,0.72269,0.97104,0.98682,0.71708,0.02,0.715485529,0.97819,0.99418,0.95655,0.13697,0.99879
NC_000010.11:87933144:GA:TT,PTEN,1,,,,,,,,,,,,,,,,,,,,0.697088464,,,,,
NC_000010.11:87933144:G:T,PTEN,1,0.9871,0.9998,36.0,0.99579,0.99335,0.98095,0.98525,0.95993,0.99968,0.96063,0.9956,0.95392,0.97961,0.95407,0.72269,0.97104,0.98682,0.71708,0.85,0.697088464,0.96689,0.99469,0.94963,0.13697,0.99879
NC_000010.11:87933146:C:G,PTEN,1,0.9996,0.9999,33.0,0.99831,0.99762,0.96289,0.99434,0.94331,0.99982,0.95175,0.97261,0.78797,0.99561,0.97609,0.72269,0.67243,0.66336,0.71708,0.0,0.717971251,0.97638,0.99559,0.99454,0.13697,0.99894
NC_000010.11:87933147:G:C,PTEN,1,0.99938,0.9998,34.0,0.99831,0.99937,0.9938,0.99918,0.96681,0.99997,0.93679,0.98455,0.99515,0.99368,0.95446,0.72269,0.97104,0.82994,0.71708,0.0,0.713488651,0.98081,0.99518,0.99376,0.13697,0.99939
NC_000010.11:87933147:G:T,PTEN,1,0.99976,0.9997,34.0,0.99831,0.99626,0.97127,0.99952,0.96084,0.9991,0.96966,0.98111,0.939,0.99707,0.95446,0.72269,0.97104,0.82994,0.71708,0.0,0.721530861,0.98372,0.99391,0.9932,0.13697,0.99924
NC_000010.11:87933152:G:A,PTEN,1,0.99887,0.9994,33.0,0.99831,0.98892,0.96289,0.99253,0.78877,0.99781,0.90787,0.97981,0.9432,0.98917,0.89892,0.50518,0.97104,0.98682,0.71708,0.0,0.701764111,0.97115,0.99626,0.99692,0.13697,0.99909
NC_000010.11:87933153:G:A,PTEN,1,0.99972,1.0,33.0,0.99831,0.99879,0.97127,0.99981,0.97435,0.99993,0.96445,0.99606,0.95392,0.99289,0.97583,0.72269,0.97104,0.98682,0.71708,0.0,0.708832976,0.96163,0.99715,0.99826,0.13697,0.99924
NC_000010.11:87933159:T:C,PTEN,1,0.94455,0.9989,29.6,0.99297,0.99268,0.96289,0.98815,0.87534,0.98111,0.89202,0.99561,0.85631,0.97085,0.88628,0.72269,0.82277,0.74398,0.71708,0.01,0.698751141,0.94474,0.99379,0.93086,0.13697,0.99835
NC_000010.11:87933159:T:G,PTEN,1,0.99103,0.9999,33.0,0.99831,0.99934,0.9938,0.99718,0.91045,0.99996,0.96132,0.98907,0.94269,0.98174,0.94736,0.72269,0.82277,0.74398,0.71708,0.03,0.714831145,0.96012,0.99515,0.94282,0.13697,0.99864
NC_000010.11:87933160:G:C,PTEN,1,0.93354,0.9985,32.0,0.99183,0.98647,0.94202,0.96903,0.84601,0.96954,0.82521,0.97996,0.90976,0.98493,0.49809,0.72269,0.97104,0.98682,0.71708,0.0,0.689568743,0.87709,0.98526,0.88666,0.13697,0.99765
NC_000010.11:87933160:G:T,PTEN,1,0.93281,0.9985,32.0,0.99183,0.98647,0.94202,0.96903,0.84601,0.96954,0.82521,0.97996,0.91064,0.98493,0.49809,0.72269,0.97104,0.98682,0.71708,0.0,0.689568743,0.87709,0.98526,0.88666,0.13697,0.99765
NC_000010.11:87933162:T:A,PTEN,1,0.98208,0.9999,32.0,0.99831,0.99697,0.97127,0.99976,0.91879,0.9957,0.99143,0.99128,0.93501,0.99526,0.93873,0.72269,0.82277,0.74398,0.71708,0.0,0.678232101,0.97746,0.99488,0.99496,0.13697,0.99864
NC_000010.11:87933164:T:C,PTEN,1,0.99948,0.9998,33.0,0.99579,0.99558,0.9938,0.99981,0.91562,0.99977,0.98546,0.99218,0.95211,0.99208,0.94613,0.72269,0.82277,0.74398,0.71708,0.01,0.736363601,0.98133,0.99525,0.99386,0.13697,0.99864
NC_000010.11:87933165:G:T,PTEN,1,0.98183,0.9996,34.0,0.99426,0.98738,0.98095,0.99545,0.95928,0.99962,0.95177,0.97269,0.98366,0.98278,0.94613,0.72269,0.97104,0.98682,0.71708,0.0,0.67202996,0.97983,0.99526,0.99441,0.13697,0.99849
NC_000010.11:87933166:T:G,PTEN,1,0.97774,0.9999,27.8,0.99831,0.99198,0.96289,0.99189,0.83777,0.99966,0.9874,0.98635,0.76647,0.99518,0.94613,0.72269,0.49319,0.30063,0.71708,0.0,0.662073479,0.98133,0.99543,0.99386,0.13697,0.99849
NC_000010.11:87933168:C:A,PTEN,1,0.96313,0.9995,32.0,0.99579,0.9921,0.9938,0.99376,0.91446,0.99605,0.9983,0.98352,0.91362,0.99088,0.88473,0.72269,0.80669,0.66336,0.71708,0.0,0.500487973,0.98235,0.99444,0.99425,0.13697,0.99894
NC_000010.11:87933180:A:C,PTEN,1,0.9315,0.9995,32.0,0.99183,0.98481,0.94846,0.9819,0.88638,0.99715,0.9977,0.94259,0.9953,0.95582,0.83853,0.72269,0.92034,0.90936,0.71708,0.0,0.602795021,0.93791,0.9938,0.92683,0.13697,0.99765
NC_000010.11:87933180:A:T,PTEN,1,0.90739,0.9814,31.0,0.9731,0.95541,0.94202,0.93284,0.79115,0.94374,0.96967,0.96209,0.93953,0.95205,0.54572,0.72269,0.92034,0.90936,0.71708,0.0,0.66143112,0.88295,0.98659,0.88897,0.13697,0.99666
NC_000010.11:87933183:G:C,PTEN,1,0.90415,0.998,33.0,0.9661,0.97602,0.86665,0.96345,0.82805,0.9857,0.99944,0.99269,0.99477,0.97235,0.32428,0.68631,0.82436,0.82994,0.71708,0.0,0.239210192,0.91279,0.98972,0.91377,0.13697,0.99571
NC_000010.11:87933219:T:G,PTEN,1,0.9234,0.8864,32.0,0.94482,0.95899,0.93592,0.97243,0.88355,0.94585,0.76152,0.98787,0.93735,0.95652,0.84364,0.72269,0.82277,0.74298,0.71708,0.0,0.203539811,0.95635,0.99236,0.94381,0.13697,0.99835
NC_000010.11:87933221:T:A,PTEN,1,0.94961,0.9987,32.0,0.99579,0.99698,0.94846,0.97621,0.90835,0.99994,0.99255,0.96932,0.85827,0.93143,0.93873,0.72269,0.82277,0.74298,0.71708,0.0,0.697744489,0.95778,0.99511,0.94133,0.13697,0.99864
NC_000010.11:87933221:T:C,PTEN,1,0.94252,0.999,32.0,0.97656,0.98933,0.94846,0.9892,0.88803,0.98798,0.99015,0.97296,0.80447,0.97597,0.87058,0.72269,0.82277,0.74298,0.71708,0.0,0.660076068,0.94943,0.9946,0.93456,0.13697,0.99879
NC_000010.11:87933222:A:C,PTEN,1,0.94939,0.9959,32.0,0.98892,0.99586,0.9938,0.99091,0.92597,0.99968,0.98013,0.93835,0.89672,0.98104,0.93873,0.72269,0.92034,0.90805,0.71708,0.0,0.733599242,0.95778,0.99532,0.94133,0.13697,0.99909
NC_000010.11:87933222:A:G,PTEN,1,0.97947,0.9967,33.0,0.99183,0.99438,0.9938,0.99597,0.86915,0.99379,0.94896,0.97075,0.93738,0.97898,0.84364,0.72269,0.92034,0.90805,0.71708,0.0,0.721316366,0.92886,0.99361,0.92125,0.13697,0.99894
NC_000010.11:87933233:A:G,PTEN,1,0.9897,0.9997,32.0,0.99831,0.99583,0.94202,0.99221,0.85615,0.99832,0.96652,0.95131,0.60796,0.99648,0.97532,0.68631,0.49757,0.80113,0.71708,0.0,0.717085129,0.96458,0.99599,0.99857,0.13697,0.99849
NC_000010.11:87933234:G:A,PTEN,1,0.9801,0.9976,33.0,0.99579,0.98551,0.90294,0.99405,0.88936,0.97117,0.92859,0.97594,0.91801,0.99587,0.80597,0.68631,0.97104,0.98553,0.71708,0.0,0.714337592,0.9767,0.99175,0.99658,0.13697,0.99879
NC_000010.11:87933234:G:T,PTEN,1,0.9865,1.0,34.0,0.99426,0.98967,0.9938,0.99518,0.96553,0.9898,0.99481,0.96208,0.91801,0.99168,0.97532,0.68631,0.97104,0.98553,0.71708,0.0,0.724661096,0.9571,0.99621,0.99884,0.13697,0.99924
NC_000010.11:87933237:C:T,PTEN,1,0.92984,0.999,32.0,0.99426,0.95206,0.98095,0.96903,0.92124,0.98532,0.96925,0.93887,0.81459,0.96205,0.88473,0.68631,0.80669,0.66186,0.71708,0.0,0.708807706,0.98522,0.99165,0.99281,0.13697,0.99894
NC_000010.11:87933244:C:G,PTEN,1,0.86279,0.998,23.7,0.97154,0.83454,0.93592,0.9015,0.44266,0.79014,0.84106,0.92856,0.52527,0.9921,0.44274,0.19692,0.3657,0.19948,0.71708,0.0,0.507727966,0.95261,0.95351,0.97566,0.13697,0.99765
NC_000010.11:87952117:G:A,PTEN,1,0.97804,0.9999,35.0,0.99831,0.9765,0.97127,0.98886,0.93897,0.95322,0.95653,0.99353,0.9718,0.97602,0.93021,0.62108,0.9684,0.98055,0.71708,0.06,0.722188301,0.98414,0.99378,0.99317,0.17826,0.99879
NC_000010.11:87952117:G:C,PTEN,1,0.97844,0.9999,35.0,0.99831,0.9765,0.97127,0.98886,0.93897,0.95322,0.95653,0.99353,0.97416,0.97635,0.93021,0.62108,0.9684,0.98055,0.71708,0.02,0.722188301,0.98414,0.99378,0.99317,0.17826,0.99879
NC_000010.11:87952121:T:A,PTEN,1,0.94581,0.9998,32.0,0.99579,0.98058,0.96289,0.99647,0.89737,0.98237,0.97157,0.91229,0.90394,0.99205,0.96636,0.90063,0.81619,0.73776,0.71708,0.0,0.69585115,0.98283,0.99594,0.9937,0.17826,0.99894
NC_000010.11:87952132:A:C,PTEN,1,0.99511,0.9999,33.0,0.99831,0.99602,0.98095,0.9989,0.94541,0.99293,0.99861,0.93298,0.93228,0.9969,0.97401,0.90063,0.91663,0.90333,0.71708,0.0,0.706379057,0.98232,0.9961,0.99383,0.17826,0.99924
NC_000010.11:87952133:G:A,PTEN,1,0.95687,0.9996,33.0,0.99831,0.99016,0.93592,0.95939,0.9684,0.91838,0.94971,0.92583,0.91953,0.96992,0.95176,0.90063,0.9684,0.98163,0.71708,0.01,0.730867951,0.98198,0.99442,0.99441,0.17826,0.99752
NC_000010.11:87952133:G:T,PTEN,1,0.95337,0.9998,34.0,0.99831,0.99189,0.98095,0.99571,0.9687,0.97734,0.9951,0.90612,0.9129,0.99597,0.97401,0.90063,0.9684,0.98163,0.71708,0.01,0.710772357,0.98198,0.9968,0.99441,0.17826,0.99909
NC_000010.11:87952134:T:G,PTEN,1,0.99521,0.9999,28.0,0.99831,0.99602,0.98095,0.99124,0.83901,0.99293,0.99861,0.93298,0.57132,0.99735,0.97401,0.56495,0.47673,0.29384,0.71708,0.0,0.706379057,0.99054,0.9961,0.99231,0.17826,0.99909
NC_000010.11:87952135:C:A,PTEN,1,0.96653,0.9988,33.0,0.99831,0.99626,0.95536,0.99491,0.94107,0.97319,0.97539,0.92786,0.89842,0.99678,0.97532,0.90063,0.79989,0.65701,0.71708,0.05,0.68047276,0.97547,0.99647,0.99651,0.17826,0.99894
NC_000010.11:87952135:C:G,PTEN,1,0.96164,0.9765,29.9,0.99831,0.99181,0.95536,0.99671,0.8887,0.94644,0.96897,0.88982,0.89261,0.99439,0.97532,0.90063,0.79989,0.65701,0.71708,0.01,0.709444184,0.98642,0.99149,0.99483,0.17826,0.99879
NC_000010.11:87952136:A:G,PTEN,1,0.95358,0.9993,32.0,0.99831,0.9958,0.93592,0.99762,0.93971,0.98002,0.97662,0.92507,0.9312,0.99803,0.97532,0.90063,0.91663,0.90333,0.71708,0.0,0.697435315,0.97177,0.99642,0.99643,0.17826,0.99894
NC_000010.11:87952141:C:G,PTEN,1,0.99313,0.9995,33.0,0.99831,0.99297,0.97127,0.99671,0.95943,0.95589,0.88064,0.95385,0.96853,0.99606,0.96907,0.90063,0.79989,0.65701,0.71708,0.01,0.676854885,0.97897,0.99655,0.99483,0.17826,0.99909
NC_000010.11:87952142:G:A,PTEN,1,0.99775,0.9951,34.0,0.99426,0.97495,0.96289,0.99024,0.92109,0.81731,0.90397,0.96616,0.93277,0.99077,0.96907,0.90063,0.9684,0.98163,0.71708,0.01,0.718632051,0.99494,0.99098,0.99085,0.17826,0.99864
NC_000010.11:87952142:G:T,PTEN,1,0.97603,0.998,31.0,0.99579,0.98994,0.95536,0.946,0.65048,0.92284,0.95332,0.96906,0.93803,0.99467,0.92506,0.90063,0.9684,0.98163,0.71708,0.01,0.652921208,0.98048,0.99254,0.98545,0.17826,0.99806
NC_000010.11:87952144:T:C,PTEN,1,0.98874,0.9995,32.0,0.99297,0.99254,0.94202,0.99671,0.93342,0.93591,0.98163,0.98894,0.8578,0.98502,0.96542,0.90063,0.81619,0.73776,0.71708,0.0,0.68778624,0.97991,0.99562,0.99408,0.17826,0.99894
NC_000010.11:87952145:A:G,PTEN,1,0.99594,0.9985,32.0,0.99579,0.99683,0.9938,0.99822,0.95186,0.96276,0.93339,0.98716,0.95612,0.98756,0.96542,0.90063,0.91663,0.90333,0.71708,0.0,0.691074867,0.97936,0.99579,0.99432,0.17826,0.99924
NC_000010.11:87952147:G:A,PTEN,1,0.92843,0.9964,33.0,0.99579,0.90211,0.94846,0.96755,0.95197,0.81083,0.84607,0.97742,0.91749,0.98502,0.91851,0.90063,0.9684,0.98163,0.71708,0.01,0.700625011,0.98777,0.98354,0.99333,0.17826,0.99849
NC_000010.11:87952153:T:C,PTEN,1,0.94005,0.9969,31.0,0.99831,0.98957,0.94846,0.98743,0.91288,0.87811,0.94604,0.97082,0.8625,0.97402,0.9679,0.90063,0.81619,0.73776,0.71708,0.0,0.695929673,0.98533,0.99543,0.99265,0.17826,0.99864
NC_000010.11:87952166:T:C,PTEN,1,0.99853,0.9997,33.0,0.99426,0.99302,0.9938,0.99918,0.87467,0.99239,0.98666,0.98191,0.98075,0.99752,0.91851,0.90063,0.81619,0.73776,0.71708,0.0,0.561653225,0.98996,0.99377,0.99119,0.17826,0.99909
NC_000010.11:87952217:T:A,PTEN,1,0.85154,0.998,26.4,0.98892,0.98003,0.98095,0.949,0.53986,0.94037,0.93072,0.94823,0.90401,0.97489,0.70568,0.93659,0.81619,0.73776,0.71708,0.0,0.098576791,0.78627,0.97712,0.82167,0.19425,0.99542
NC_000010.11:87952222:T:G,PTEN,1,0.78795,0.8594,26.0,0.85935,0.87157,0.9938,0.84645,0.60358,0.75545,0.66532,0.8695,0.91357,0.96686,0.76936,0.93659,0.81619,0.73776,0.71708,0.0,0.143591587,0.80791,0.91308,0.81712,0.19425,0.99245
NC_000010.11:87952229:C:T,PTEN,1,0.89734,0.9943,29.4,0.95491,0.83543,0.94846,0.96643,0.87584,0.5784,0.69455,0.89324,0.82555,0.94608,0.85446,0.93659,0.79989,0.65701,0.71708,0.0,0.262835357,0.90581,0.97753,0.91846,0.19425,0.99542
NC_000010.11:87952234:C:G,PTEN,1,0.97554,0.993,27.8,0.96402,0.87258,0.85623,0.96494,0.83901,0.81737,0.76478,0.89387,0.83442,0.96283,0.87862,0.93659,0.79989,0.65701,0.71708,0.0,0.645683969,0.94615,0.99399,0.95514,0.19425,0.99752
NC_000010.11:87952257:C:G,PTEN,1,0.97341,0.9978,33.0,0.98239,0.95575,0.88736,0.9557,0.88057,0.91762,0.76045,0.96374,0.84849,0.98248,0.8745,0.93659,0.68251,0.45985,0.71708,0.0,0.348496251,0.92091,0.99071,0.93175,0.19425,0.99644
NC_000010.11:87957878:A:G,PTEN,1,0.8046,0.9748,28.8,0.90354,0.96018,0.83495,0.9006,0.75213,0.86755,0.97095,0.83089,0.95379,0.95238,0.82641,0.87665,0.92034,0.89429,0.71708,0.0,0.192496795,0.86935,0.94495,0.87241,0.2265,0.99445
NC_000010.11:87957938:T:C,PTEN,1,0.62244,0.9601,24.1,0.85461,0.89608,0.9244,0.79598,0.45519,0.64553,0.70136,0.88969,0.95398,0.88312,0.47361,0.70272,0.82277,0.72256,0.71708,0.04,0.10295145,0.72087,0.85268,0.75613,0.2265,0.98227
NC_000010.11:87957957:T:C,PTEN,1,0.90921,0.9951,29.1,0.90562,0.97,0.86665,0.97887,0.81273,0.89349,0.93631,0.89757,0.93115,0.96324,0.84664,0.70272,0.82277,0.72256,0.71708,0.0,0.232935428,0.93046,0.98826,0.92693,0.2265,0.99752
NC_000010.11:87957963:T:G,PTEN,1,0.93584,0.9946,30.0,0.99078,0.99124,0.9938,0.99376,0.78563,0.95098,0.99359,0.87596,0.96901,0.97657,0.84765,0.70272,0.82277,0.72256,0.71708,0.0,0.273574485,0.92723,0.99411,0.9257,0.2265,0.99765
NC_000010.11:87957969:G:T,PTEN,1,0.96339,0.9996,32.0,0.99426,0.98582,0.9938,0.99597,0.89031,0.96904,0.93872,0.99262,0.97453,0.98388,0.88628,0.70272,0.97104,0.8255,0.71708,0.0,0.661866992,0.98426,0.99499,0.97974,0.2265,0.99864
NC_000010.11:87957969:GT:TG,PTEN,1,,,,,,,,,,,,,,,,,,,,0.661866992,,,,,
NC_000010.11:87957972:A:T,PTEN,1,0.98559,0.9998,30.0,0.99831,0.99396,0.9938,0.99434,0.84691,0.93745,0.99599,0.9732,0.96532,0.99011,0.89892,0.70272,0.92034,0.88806,0.71708,0.0,0.720430088,0.98783,0.99423,0.99291,0.2265,0.9982
NC_000010.11:87957978:A:C,PTEN,1,0.90241,0.9954,28.5,0.98365,0.95078,0.98095,0.98339,0.84691,0.83476,0.94962,0.98993,0.9329,0.97226,0.87619,0.70272,0.92034,0.88806,0.71708,0.0,0.606616744,0.93303,0.98425,0.92807,0.2265,0.99752
NC_000010.11:87957981:T:A,PTEN,1,0.95881,0.9995,31.0,0.98982,0.99398,0.97127,0.99189,0.76253,0.96426,0.99612,0.96971,0.95716,0.97807,0.85042,0.70272,0.82277,0.72256,0.71708,0.0,0.356784936,0.93068,0.99432,0.92983,0.2265,0.99765
NC_000010.11:87957981:T:G,PTEN,1,0.95655,0.9788,29.4,0.98645,0.99367,0.97127,0.98989,0.69945,0.97226,0.98715,0.91451,0.9627,0.98435,0.85042,0.70272,0.82277,0.72256,0.71708,0.0,0.312945594,0.91909,0.99498,0.92115,0.2265,0.99778
NC_000010.11:87958018:G:C,PTEN,1,0.73582,0.968,34.0,0.95265,0.90562,0.98095,0.84913,0.81559,0.89553,0.9599,0.95415,0.99617,0.85601,0.87862,0.70272,0.97104,0.96801,0.71708,0.4,0.377755809,0.88572,0.97761,0.88282,0.2265,0.9914
NC_000010.11:87960906:A:C,PTEN,1,0.94882,0.9964,32.0,0.99183,0.99399,0.9938,0.98339,0.84273,0.95446,0.98576,0.94513,0.99251,0.95226,0.86274,0.69713,0.92234,0.88345,0.71708,0.0,0.387029156,0.92907,0.99392,0.92528,0.24628,0.99806
NC_000010.11:87960912:G:T,PTEN,1,0.98004,0.9965,34.0,0.99297,0.93056,0.96289,0.96345,0.90729,0.98182,0.97169,0.97014,0.92475,0.95627,0.89752,0.69713,0.97241,0.96494,0.71708,0.04,0.664419679,0.94286,0.9943,0.9392,0.24628,0.99739
NC_000010.11:87960920:A:G,PTEN,1,0.94934,0.9908,29.1,0.9812,0.96536,0.9244,0.99695,0.83365,0.91131,0.82716,0.81627,0.87224,0.9936,0.88913,0.69713,0.92234,0.88486,0.71708,0.01,0.69989551,0.99233,0.99097,0.98643,0.24628,0.99666
NC_000010.11:87960921:C:G,PTEN,1,0.97792,0.9989,33.0,0.99579,0.99354,0.98095,0.99762,0.8717,0.97831,0.99755,0.89599,0.91671,0.99539,0.88913,0.69713,0.80967,0.63862,0.71708,0.02,0.70515179,0.99555,0.99452,0.98945,0.24628,0.99752
NC_000010.11:87960921:C:T,PTEN,1,0.958,0.9993,28.6,0.9857,0.98427,0.98095,0.99961,0.7138,0.90621,0.90617,0.92579,0.90424,0.99215,0.72752,0.69713,0.80967,0.63862,0.71708,0.1,0.710853292,0.98713,0.99431,0.97746,0.24628,0.99655
NC_000010.11:87961020:A:G,PTEN,1,0.54361,0.1076,33.0,0.82689,0.57988,0.85623,0.67971,0.37197,0.52695,0.43262,0.48384,0.83259,0.92467,0.20114,0.69713,0.75924,0.79909,0.71708,0.96,0.096715376,0.80814,0.81056,0.85597,0.24628,0.98422
NC_000010.11:87961038:T:C,PTEN,1,0.86673,0.9872,29.4,0.94467,0.93067,0.88736,0.92225,0.61893,0.96203,0.65578,0.88416,0.94271,0.909,0.82058,0.49298,0.62257,0.72804,0.71708,0.0,0.189847384,0.89704,0.97699,0.90445,0.25088,0.99633
NC_000010.11:87961067:G:A,PTEN,1,0.91871,0.9995,33.0,0.99426,0.94273,0.94846,0.97849,0.91741,0.88416,0.82006,0.84525,0.96356,0.98701,0.90084,0.76935,0.96959,0.97332,0.71708,0.0,0.709013223,0.99106,0.99443,0.98514,0.25088,0.99488
NC_000010.11:87961068:A:G,PTEN,1,0.92722,0.9996,32.0,0.99831,0.96507,0.97127,0.98955,0.87726,0.95576,0.97933,0.80906,0.96405,0.96806,0.90084,0.76935,0.91833,0.89326,0.71708,0.0,0.694662386,0.99323,0.99449,0.98382,0.25088,0.99778
NC_000010.11:87961117:G:T,PTEN,1,0.70528,0.9712,35.0,0.90606,0.58994,0.97127,0.84913,0.85496,0.90108,0.93452,0.85438,0.70355,0.94221,0.84664,0.76935,0.73426,0.97791,0.71708,0.45,0.440142758,0.9214,0.99176,0.92136,0.25088,0.99395
NC_000010.11:87965293:T:C,PTEN,1,0.92248,0.9998,27.2,0.98723,0.94036,0.93592,0.96345,0.49986,0.98934,0.99727,0.92936,0.99261,0.9938,0.59968,0.69171,0.82547,0.73377,0.71708,0.0,0.345985838,0.85349,0.99432,0.88421,0.25541,0.99644
NC_000011.10:108227682:C:G,ATM,1,0.46863,0.3372,34.0,0.71817,0.26452,0.63078,0.44851,0.68823,0.65554,0.39473,0.29464,0.51849,0.87919,0.74103,0.74415,0.52391,0.5938,0.71708,0.67,0.786808936,0.76681,0.46242,0.74899,0.94988,0.98307
NC_000011.10:108227695:G:C,ATM,1,0.42414,0.9217,33.0,0.77799,0.50559,0.74247,0.43082,0.56886,0.50944,0.31608,0.13543,0.75546,0.83959,0.46601,0.74415,0.90942,0.93108,0.71708,0.86,0.457973381,0.58167,0.47325,0.54002,0.94988,0.96574
NC_000011.10:108229323:G:A,ATM,1,,,33.0,,,,,,,,,,,,,,,,0.99,,,,,,
NC_000011.10:108229323:G:C,ATM,1,,,33.0,,,,,,,,,,,,,,,,0.99,,,,,,
NC_000011.10:108229323:G:T,ATM,1,,,33.0,,,,,,,,,,,,,,,,0.99,,,,,,
NC_000011.10:108229324:T:G,ATM,1,,,33.0,,,,,,,,,,,,,,,,0.99,,,,,,
NC_000011.10:108235833:G:C,ATM,1,0.46706,0.1755,26.9,0.68597,0.25298,0.94846,0.41992,0.54893,0.53686,0.11282,0.12933,0.6658,0.9355,0.51658,0.85706,0.93676,0.92563,0.71708,0.8,,0.35125,0.48185,0.06083,0.94988,0.96638
NC_000011.10:108249101:G:C,ATM,1,0.8709,0.7534,33.0,0.92675,0.83693,0.9938,0.81565,0.85824,0.84308,0.53221,0.55702,0.79466,0.94754,0.79914,0.6809,0.92072,0.94357,0.71708,0.86,,0.0019,0.68087,0.19093,0.94944,0.99289
NC_000011.10:108271257:T:C,ATM,1,0.91972,0.9675,25.9,0.88753,0.69007,0.90819,0.94221,0.80098,0.88618,0.64273,0.64256,0.68617,0.9829,0.82641,0.81376,0.73274,0.69585,0.71708,0.0,0.702380998,0.82177,0.65771,0.80293,0.9426,0.99978
NC_000011.10:108271393:T:G,ATM,1,0.59414,0.4566,33.0,0.8526,0.58044,0.52014,0.73302,0.62327,0.55712,0.4537,0.23218,0.55387,0.92655,0.74374,0.89022,0.72513,0.38521,0.71708,0.98,0.629912364,0.7227,0.58724,0.66031,0.9426,0.99864
NC_000011.10:108272531:G:T,ATM,1,0.65208,0.7298,24.2,0.70078,0.48643,0.6973,0.60017,0.5031,0.73062,0.02459,0.56867,0.53569,0.91721,0.44961,0.78994,0.60864,0.77706,0.71708,0.7,,0.57636,0.58755,0.62318,0.9426,0.99739
NC_000011.10:108272815:A:G,ATM,1,0.92664,0.5216,24.1,0.84639,0.65813,0.87702,0.85753,0.74048,0.5852,0.3471,0.35615,0.58014,0.9384,0.81705,0.86099,0.67812,0.86612,0.71708,0.0,0.647057349,0.77085,0.61591,0.75577,0.9426,0.99909
NC_000011.10:108272851:G:A,ATM,1,0.43448,0.2538,26.9,0.78078,0.3867,0.97127,0.52403,0.52305,0.68324,0.109,0.18031,0.86554,0.88596,0.77977,0.86099,0.89258,0.95465,0.71708,0.84,,0.61978,0.33941,0.61018,0.9426,0.99633
NC_000011.10:108281167:G:T,ATM,1,0.58816,0.6952,34.0,0.905,0.58484,0.97127,0.67701,0.86942,0.78909,0.22218,0.51609,0.81885,0.9559,0.80727,0.99157,0.93009,0.9405,0.71708,0.95,0.717037274,0.78824,0.59631,0.79095,0.9426,0.99666
NC_000011.10:108284327:T:C,ATM,1,0.98508,0.9548,24.4,0.97565,0.90447,0.94846,0.93084,0.76325,0.87623,0.21466,0.60109,0.86951,0.96951,0.82641,0.88013,0.7915,0.70572,0.71708,0.05,0.873069485,0.76805,0.85481,0.73969,0.9426,0.99792
NC_000011.10:108297381:G:A,ATM,1,0.72773,0.3411,32.0,0.78781,0.57019,0.85097,0.71795,0.55605,0.75633,0.46087,0.43425,0.68279,0.82665,0.53033,0.63114,0.75426,0.93266,0.71708,0.57,,0.64275,0.39755,0.63122,0.9422,0.98775
NC_000011.10:108301705:G:A,ATM,1,0.85492,0.9439,25.3,0.89448,0.76098,0.88736,0.95384,0.85975,0.77593,0.68701,0.66135,0.78424,0.97139,0.83124,0.63627,0.89721,0.94167,0.71708,0.0,0.659646309,0.92034,0.80546,0.91434,0.9422,0.98351
NC_000011.10:108301778:C:T,ATM,1,0.65138,0.1041,23.7,0.78569,0.29797,0.48977,0.583,0.52866,0.47805,0.25174,0.43806,0.57257,0.82865,0.76668,0.6114,0.73687,0.45144,0.71708,0.64,0.449103217,0.56928,0.60147,0.51581,0.9422,0.94174
NC_000011.10:108310221:C:T,ATM,1,0.88582,0.8683,26.7,0.82409,0.76272,0.97127,0.87911,0.87969,0.70693,0.70081,0.65144,0.715,0.96351,0.77977,0.88681,0.78028,0.60733,0.71708,0.03,0.563412332,0.88385,0.76689,0.89366,0.9422,0.97556
NC_000011.10:108316029:G:A,ATM,1,0.93992,0.5489,27.6,0.92094,0.88228,0.94846,0.82541,0.82866,0.47812,0.68814,0.73188,0.77954,0.97387,0.77977,0.72847,0.94377,0.82342,0.71708,0.0,0.70063005,0.00404,0.74191,0.13444,0.9422,0.9336
NC_000011.10:108317376:T:C,ATM,1,0.94791,0.8843,25.9,0.92566,0.85503,0.89253,0.82598,0.88174,0.67022,0.91088,0.56899,0.73961,0.97737,0.7648,0.97797,0.78012,0.70053,0.71708,0.0,0.789802491,0.00261,0.86451,0.23668,0.9422,0.93628
NC_000011.10:108317411:T:G,ATM,1,0.93934,0.9278,24.2,0.956,0.85853,0.98095,0.79598,0.72966,0.77662,0.96479,0.68052,0.69254,0.96374,0.7741,0.97797,0.78357,0.70283,0.71708,0.11,0.872011908,0.00182,0.74332,0.11744,0.9422,0.94544
NC_000011.10:108320039:A:T,ATM,1,0.47475,0.169,34.0,0.69086,0.25911,,0.69364,0.41582,0.43445,0.49585,0.28716,0.6316,0.78089,0.53924,0.80334,0.74048,0.76365,0.71708,1.0,0.385725108,0.55516,0.54572,0.59666,0.94147,0.94863
NC_000011.10:108325534:G:C,ATM,1,0.30707,0.1596,18.33,0.73217,0.37572,0.43258,0.36154,0.22627,0.327,0.00196,0.28276,0.36088,0.66646,0.31599,0.15402,0.33473,0.28995,0.71708,0.0,0.073598487,0.07936,0.26657,0.38282,0.94147,0.95446
NC_000011.10:108327757:G:C,ATM,1,0.68241,0.5188,35.0,0.90873,0.39005,0.87702,0.86724,0.89006,0.74589,0.60536,0.554,0.85688,0.96821,0.7334,0.74729,0.94377,0.96973,0.71708,0.47,0.443010083,0.8873,0.57159,0.88444,0.94147,0.99147
NC_000011.10:108329111:C:T,ATM,1,0.90547,0.4211,25.1,0.83487,0.6983,0.74247,0.96382,0.88206,0.87371,0.80611,0.73359,0.81563,0.96445,0.73732,0.88681,0.86051,0.65701,0.71708,0.0,0.725740031,0.88804,0.55523,0.89691,0.94147,0.99835
NC_000011.10:108330260:T:C,ATM,1,0.95329,0.8966,23.6,0.91763,0.78786,0.96289,0.97735,0.67645,0.84723,0.83925,0.45999,0.97448,0.98975,0.66633,0.58758,0.81366,0.74497,0.71708,0.0,0.347621513,0.90016,0.64295,0.88837,0.94147,0.99792
NC_000011.10:108331497:G:C,ATM,1,0.9662,0.9882,27.4,0.9735,0.8505,0.98095,0.96979,0.91636,0.83873,0.86575,0.8802,0.97662,0.99445,0.7648,0.78994,0.97929,0.94975,0.71708,0.02,0.86300124,0.93067,0.87134,0.92514,0.94147,0.99778
NC_000011.10:108332761:G:T,ATM,1,0.74927,0.2015,32.0,0.90107,0.6101,0.89253,0.83444,0.74804,0.75886,0.50116,0.4108,0.73268,0.93315,0.71709,0.45943,0.7604,0.77149,0.71708,0.44,0.754270034,0.83956,0.64149,0.84158,0.94147,0.97839
NC_000011.10:108332837:C:T,ATM,1,0.57319,0.0972,32.0,0.73696,0.34691,0.95536,0.70281,0.42472,0.2157,0.30932,0.1622,0.24107,0.82923,0.51658,0.68631,0.34261,0.31129,0.30043,0.99,0.241649181,0.66253,0.37892,0.6717,0.94147,0.94918
NC_000011.10:108332847:TG:GC,ATM,1,,,,,,,,,,,,,,,,,,,,,,,,,
NC_000011.10:108332847:T:G,ATM,1,0.46559,0.1638,20.2,0.79651,0.42898,0.81862,0.69023,0.40627,0.4696,0.13945,0.48367,0.50745,0.83883,0.30505,0.43394,0.47449,0.23813,0.71708,0.04,0.311566301,0.5862,0.29079,0.65165,0.94147,0.94911
NC_000011.10:108332848:G:C,ATM,1,0.89457,0.9869,26.2,0.97116,0.8983,0.94846,0.90284,0.80771,0.83029,0.867,0.52375,0.76793,0.98681,0.86868,0.47956,0.7573,0.81654,0.71708,0.0,0.674283849,0.91294,0.7421,0.904,0.94147,0.99049
NC_000011.10:108332898:A:T,ATM,1,0.87834,0.6315,25.2,0.83849,0.58501,0.93592,0.85545,0.50957,0.72144,0.23369,0.23911,0.65248,0.88087,0.52694,0.45215,0.63007,0.79704,0.71708,0.46,,0.72474,0.37094,0.77392,0.94147,0.9689
NC_000011.10:108333942:T:A,ATM,1,0.91694,0.9552,25.5,0.9334,0.92813,0.95536,0.97811,0.87776,0.82952,0.95973,0.48585,0.73424,0.99759,0.86696,0.80334,0.78045,0.70203,0.71708,0.0,0.789071677,0.94083,0.88177,0.93114,0.94147,0.99004
NC_000011.10:108333954:C:A,ATM,1,0.88172,0.9353,26.1,0.97231,0.77106,0.93592,0.91208,0.91962,0.73802,0.73983,0.47254,0.71042,0.97426,0.88325,0.80334,0.77281,0.62217,0.71708,0.0,0.897170656,0.94689,0.74907,0.9414,0.94147,0.98523
NC_000011.10:108333954:C:T,ATM,1,0.89433,0.9387,26.9,0.94238,0.79626,0.90819,0.94487,0.91747,0.72996,0.7892,0.54715,0.70556,0.98085,0.88325,0.80334,0.77281,0.62217,0.71708,0.01,0.684812667,0.94483,0.77831,0.94115,0.94147,0.98943
NC_000011.10:108334987:A:G,ATM,1,0.90808,0.9061,27.2,0.94531,0.76035,0.96289,0.9819,0.90336,0.67673,0.7457,0.55896,0.84613,0.98984,0.87777,0.87665,0.91939,0.85989,0.71708,0.0,0.889048769,0.95216,0.88407,0.94491,0.94119,0.98575
NC_000011.10:108335079:G:A,ATM,1,0.93397,0.2818,26.3,0.91293,0.776,0.94846,0.88581,0.82891,0.58451,0.41526,0.70891,0.77954,0.98455,0.67327,0.87665,0.96995,0.95187,0.71708,0.0,0.518780748,0.92548,0.73967,0.93578,0.94119,0.97016
NC_000011.10:108335079:G:C,ATM,1,0.91108,0.9628,26.2,0.96641,0.86706,0.9244,0.97469,0.9664,0.7959,0.80049,0.73631,0.7872,0.99299,0.98831,0.87665,0.96995,0.95187,0.71708,0.0,0.828105315,0.98204,0.89098,0.97168,0.94119,0.98599
NC_000011.10:108335081:T:A,ATM,1,0.87603,0.9648,17.59,0.96641,0.73492,0.95536,0.94028,0.48726,0.70183,0.8281,0.68473,0.42891,0.9548,0.95097,0.37545,0.20672,0.24857,0.4147,0.0,0.521493218,0.94825,0.85326,0.95625,0.94119,0.98587
NC_000011.10:108335103:G:T,ATM,1,0.85086,0.9251,23.4,0.88572,0.87593,0.95536,0.88007,0.77451,0.90126,0.84046,0.72459,0.76229,0.9964,0.32222,0.87665,0.82819,0.95187,0.71708,0.0,0.562552782,0.89835,0.70744,0.91554,0.94119,0.99009
NC_000011.10:108335104:T:C,ATM,1,0.95228,0.9195,23.4,0.8532,0.70068,0.93592,0.97394,0.80717,0.78983,0.71641,0.76295,0.76821,,0.59689,0.87665,0.82449,0.70165,0.71708,0.0,0.667388283,0.93358,0.7103,0.92828,0.94119,0.95104
NC_000011.10:108335881:A:C,ATM,1,0.99612,0.9919,27.9,0.95285,0.97496,0.98095,0.99253,0.96654,0.98566,0.99537,0.69642,0.97533,0.99035,0.99315,0.83668,0.91557,0.91496,0.71708,0.0,0.853808687,0.97916,0.89609,0.96315,0.94119,0.99103
NC_000011.10:108343246:G:C,ATM,1,0.99297,0.9452,27.1,0.98301,0.87006,0.89772,0.97583,0.9658,0.90391,0.8216,0.83516,0.85043,0.98134,0.94736,0.83668,0.96945,0.94685,0.71708,0.01,0.897722531,0.93107,0.87539,0.91952,0.93275,0.98906
NC_000011.10:108343246:G:T,ATM,1,0.99763,0.9945,29.2,0.99579,0.91719,0.93005,0.98451,0.98717,0.9987,0.9678,0.84318,0.87693,0.98997,0.99679,0.83668,0.96945,0.94685,0.71708,0.06,0.893616243,0.96026,0.90029,0.94133,0.93275,0.99122
NC_000011.10:108345808:C:T,ATM,1,0.89982,0.9528,26.8,0.90794,0.8419,0.87184,0.9505,0.93233,0.93462,0.75112,0.54139,0.79377,0.98763,0.87374,0.79676,0.85879,0.65498,0.71708,0.0,0.823138082,0.92326,0.81649,0.91011,0.93105,0.97168
NC_000011.10:108345818:G:T,ATM,1,0.95899,0.9758,25.3,0.91029,0.83267,0.93005,0.94297,0.93773,0.91247,0.62463,0.5661,0.81434,0.97089,0.70856,0.79676,0.99167,0.97999,0.71708,0.0,0.88113607,0.86009,0.75046,0.84419,0.93105,0.96943
NC_000011.10:108345869:G:C,ATM,1,0.99863,0.9986,33.0,0.93685,0.97465,0.97127,0.97925,0.9858,0.99688,0.97105,0.78353,0.95766,0.98915,0.99137,0.82897,0.99167,0.98452,0.71708,0.01,0.771314353,0.96996,0.89658,0.95425,0.93105,0.979
NC_000011.10:108345887:G:T,ATM,1,0.9902,0.9969,29.7,0.99183,0.94691,0.98095,0.98076,0.98764,0.99907,0.97145,0.78521,0.78731,0.98863,0.99477,0.82897,0.99167,0.98452,0.71708,0.0,0.807792296,0.97827,0.89598,0.96271,0.93105,0.97913
NC_000011.10:108345888:T:A,ATM,1,0.97344,0.9989,23.1,0.98431,0.97689,0.94846,0.97281,0.7059,0.97822,0.98246,0.81657,0.42335,0.95761,0.98475,0.25758,0.23825,0.07729,0.71708,0.0,0.876537754,0.92807,0.89384,0.94268,0.93105,0.97795
NC_000011.10:108345888:TG:AA,ATM,1,,,,,,,,,,,,,,,,,,,,,,,,,
NC_000011.10:108353801:C:T,ATM,1,0.91006,0.9538,31.0,0.97902,0.90733,0.96289,0.96717,0.95201,0.94818,0.76785,0.93467,0.80068,0.99251,0.95773,0.78654,0.86081,0.65446,0.71708,0.0,0.866414924,0.95633,0.89851,0.94449,0.92511,0.97623
NC_000011.10:108353830:G:T,ATM,1,0.95001,0.9924,32.0,0.98499,0.93771,0.9938,0.96123,0.96885,0.99722,0.93131,0.95568,0.81468,0.9765,0.96759,0.78654,0.99293,0.97866,0.71708,0.0,0.819565077,0.93662,0.90062,0.91434,0.92511,0.97547
NC_000013.11:32326149:G:A,BRCA2,1,0.54699,0.1394,33.0,,0.17498,0.89253,0.41623,0.51243,,0.3475,0.31617,0.27765,0.88086,0.63171,0.46547,0.55486,0.76996,0.71708,0.75,,0.44257,0.68685,0.03913,0.43647,0.99061
NC_000013.11:32326281:G:T,BRCA2,1,0.59537,0.2855,35.0,,0.20679,0.71705,0.33815,0.72149,,0.2494,0.42177,0.54556,0.93037,0.57226,0.71124,0.54701,0.81107,0.71708,0.94,,0.4264,0.65713,0.04282,0.43647,0.99015
NC_000013.11:32326498:G:C,BRCA2,1,0.54487,0.333,22.8,,0.22303,0.94846,0.25917,0.6589,,0.09185,0.30326,0.43206,0.92274,0.61394,0.57382,0.40977,0.39361,0.71708,0.41,,0.36989,0.65281,0.02695,0.44506,0.99232
NC_000013.11:32326612:G:A,BRCA2,1,0.50795,0.1453,26.0,,0.18818,0.88736,0.45711,0.52468,,0.17693,0.31183,0.51042,0.82024,0.47905,0.86873,0.56251,0.81359,0.71708,0.81,,0.52954,0.45894,0.01637,0.44718,0.98959
NC_000013.11:32326612:G:C,BRCA2,1,0.50213,0.4271,26.2,,0.35174,0.96289,0.40501,0.5179,,0.05125,0.41927,0.5914,0.81033,0.47905,0.86873,0.56251,0.81359,0.71708,0.82,,0.51202,0.51695,0.01493,0.44718,0.9878
NC_000013.11:32330927:AG:GA,BRCA2,1,,,,,,,,,,,,,,,,,,,,,,,,,
NC_000013.11:32339441:G:T,BRCA2,1,0.74975,0.163,16.68,,0.22692,0.8822,0.76823,0.35863,,0.3827,0.00862,0.2641,0.84822,0.75113,0.20884,0.17894,0.25306,0.24272,0.0,,0.57531,0.74706,0.69274,0.52122,0.95826
NC_000013.11:32341017:C:G,BRCA2,1,0.30667,0.1671,11.04,,0.15658,0.468,0.65831,0.21525,,0.23465,0.24413,0.23454,0.85643,0.49971,0.13723,0.11335,0.10672,0.06397,0.0,,0.62379,0.58512,0.72461,0.52122,0.96342
NC_000013.11:32341195:G:T,BRCA2,1,,,41.0,,,0.9938,,0.96027,,0.83259,,0.69067,,,0.89022,0.7047,0.91726,0.71708,0.1,,,,,0.52122,
NC_000013.11:32346895:G:C,BRCA2,1,0.45012,0.2065,29.0,,0.30236,0.82411,0.73156,0.38982,,0.14871,0.015,0.68118,0.90802,0.40981,0.66999,0.61333,0.93153,0.71708,0.18,,0.59691,0.51963,0.68239,0.5323,0.98087
NC_000013.11:32346895:G:T,BRCA2,1,0.51672,0.1278,32.0,,0.25623,0.94202,0.71008,0.36657,,0.09839,0.01033,0.55231,0.89692,0.40981,0.66999,0.61333,0.93153,0.71708,0.38,,0.60963,0.49139,0.70469,0.5323,0.97821
NC_000013.11:32356520:T:C,BRCA2,1,0.99273,0.887,28.0,,0.78803,0.97127,0.96941,0.88698,,0.30666,0.45689,0.79746,0.98765,0.85042,0.80665,0.76446,0.69294,0.71708,0.11,,0.96712,0.89379,0.96021,0.54675,0.99103
NC_000013.11:32357909:G:C,BRCA2,1,0.91598,0.8514,28.0,,0.89419,0.90294,0.97659,0.93715,,0.83362,0.71728,0.84186,0.98123,0.85042,0.70272,0.95407,0.94765,0.71708,0.0,,0.97285,0.90345,0.96496,0.55214,0.99453
NC_000013.11:32357910:G:A,BRCA2,1,0.90959,0.8776,27.1,,0.9166,0.91349,0.96569,0.9361,,0.75176,0.70021,0.8357,0.9839,0.85042,0.70272,0.95407,0.94765,0.71708,0.0,,0.97182,0.90345,0.96489,0.55214,0.99445
NC_000013.11:32357919:A:G,BRCA2,1,0.87998,0.727,26.8,,0.75761,0.75482,0.96419,0.89963,,0.70149,0.60596,0.80869,0.98073,0.85042,0.70272,0.9098,0.86283,0.71708,0.02,,0.96287,0.89676,0.95507,0.55214,0.99245
NC_000013.11:32357925:A:G,BRCA2,1,0.87639,0.1334,35.0,,0.65849,0.82411,0.92391,0.82173,,0.68157,0.73624,0.64254,0.95942,0.82641,0.70272,0.66583,0.86283,0.71708,0.93,,0.93984,0.88921,0.93043,0.55214,0.99245
NC_000013.11:32357928:G:C,BRCA2,1,0.85654,0.4231,33.0,,0.60734,0.97127,0.94525,0.86034,,0.57139,0.58591,0.83759,0.96818,0.83959,0.70272,0.79435,0.94765,0.71708,0.92,,0.93373,0.85061,0.92807,0.55214,0.99225
NC_000013.11:32362523:G:C,BRCA2,1,0.92126,0.9855,32.0,,0.83878,0.91349,0.92556,0.95812,,0.94476,0.63578,0.98584,0.96289,0.84364,0.87285,0.98385,0.95208,0.71708,0.0,,0.95753,0.90268,0.9587,0.56437,0.99412
NC_000013.11:32362542:G:A,BRCA2,1,0.92065,0.8636,26.7,,0.74018,0.94202,0.98414,0.95201,,0.8175,0.78888,0.8478,0.98203,0.84664,0.87285,0.98385,0.95208,0.71708,0.0,,0.96666,0.89596,0.96814,0.56437,0.99372
NC_000013.11:32362542:G:T,BRCA2,1,0.9474,0.909,26.5,,0.80474,0.85097,0.95754,0.96448,,0.86206,0.68344,0.85395,0.98597,0.84664,0.87285,0.98385,0.95208,0.71708,0.0,,0.97363,0.90094,0.97175,0.56437,0.99412
NC_000013.11:32362573:G:C,BRCA2,1,0.98505,0.9802,32.0,,0.90785,0.93005,0.97356,0.95908,,0.82595,0.65214,0.84631,0.98447,0.85042,0.87285,0.98588,0.95208,0.71708,0.17,,0.97029,0.91535,0.96947,0.56437,0.99364
NC_000013.11:32362583:C:T,BRCA2,1,0.93488,0.7968,25.7,,0.85242,0.82411,0.95384,0.95123,,0.78566,0.70661,0.80935,0.95362,0.85042,0.87285,0.84829,0.62178,0.71708,0.02,,0.96292,0.91158,0.96175,0.56437,0.99296
NC_000013.11:32362584:A:G,BRCA2,1,0.94903,0.9125,24.6,,0.89508,0.94202,0.97431,0.9401,,0.87148,0.7061,0.806,0.96304,0.85042,0.87285,0.94371,0.86813,0.71708,0.0,,0.96393,0.91068,0.95816,0.56437,0.99387
NC_000013.11:32362592:T:A,BRCA2,1,0.98742,0.986,26.0,,0.89118,0.98095,0.98955,0.9263,,0.88833,0.8062,0.81539,0.99506,0.85042,0.87285,0.8713,0.70165,0.71708,0.0,,0.97237,0.91532,0.96476,0.56437,0.99356
NC_000013.11:32362592:T:C,BRCA2,1,0.9872,0.986,26.2,,0.89118,0.98095,0.98955,0.9263,,0.88833,0.8062,0.80935,0.99506,0.85042,0.87285,0.8713,0.70165,0.71708,0.0,,0.97237,0.91532,0.96476,0.56437,0.99348
NC_000013.11:32362594:G:T,BRCA2,1,0.99084,0.9348,29.3,,0.85829,0.94202,0.97507,0.96836,,0.76827,0.75923,0.84016,0.9876,0.85042,0.87285,0.98588,0.95208,0.71708,0.0,,0.96941,0.91532,0.9677,0.56437,0.99428
NC_000013.11:32362595:A:T,BRCA2,1,0.91398,0.8476,23.6,,0.78943,0.94846,0.93244,0.7764,,0.82296,0.49533,0.37809,0.9869,0.84664,0.53344,0.53421,0.57025,0.71708,0.0,,0.95619,0.89917,0.95398,0.56437,0.99097
NC_000013.11:32362596:T:A,BRCA2,1,0.92762,0.7979,25.8,,0.8749,0.83495,0.95124,0.92749,,0.93155,0.6022,0.79254,0.99695,0.84664,0.87285,0.8713,0.70165,0.71708,0.0,,0.96662,0.90468,0.95843,0.56437,0.99004
NC_000013.11:32362604:A:C,BRCA2,1,0.89613,0.901,25.5,,0.84128,0.85097,0.93244,0.94469,,0.8332,0.51515,0.7923,0.96847,0.85042,0.87285,0.94371,0.86451,0.71708,0.0,,0.96569,0.89308,0.95833,0.56437,0.9914
NC_000013.11:32362656:T:C,BRCA2,1,0.9846,0.9499,26.2,,0.81661,0.9244,0.99124,0.9169,,0.89622,0.54725,0.95416,0.97906,0.85042,0.87285,0.8713,0.70165,0.71708,0.0,,0.97324,0.89875,0.96486,0.56437,0.99364
NC_000013.11:32362671:T:G,BRCA2,1,0.89865,0.7357,25.5,,0.80114,0.91889,0.97054,0.9041,,0.88777,0.47525,0.68256,0.99027,0.85042,0.87285,0.72105,0.53969,0.71708,0.0,,0.96662,0.90624,0.95843,0.56437,0.99326
NC_000013.11:32362674:T:C,BRCA2,1,0.97146,0.9855,27.5,,0.8986,0.95536,0.98,0.91579,,0.90336,0.76776,0.95534,0.99463,0.83539,0.87285,0.8713,0.70165,0.71708,0.0,,0.96197,0.90265,0.95521,0.56437,0.99412
NC_000013.11:32362680:A:G,BRCA2,1,0.90074,0.7159,25.7,,0.7993,0.95536,0.92802,0.92093,,0.88994,0.63892,0.79393,0.97366,0.85042,0.87285,0.94371,0.86813,0.71708,0.0,,0.94611,0.86677,0.94258,0.56437,0.99281
NC_000013.11:32362691:A:G,BRCA2,1,0.9339,0.9729,25.2,,0.89053,0.97127,0.96123,0.82209,,0.89036,0.56987,0.75773,0.96655,0.83853,0.53344,0.69849,0.71428,0.71708,0.51,,0.95651,0.90354,0.95442,0.56437,0.99372
NC_000013.11:32362692:G:A,BRCA2,1,0.8765,0.8429,30.0,,0.85214,0.98095,0.89607,0.96625,,0.471,0.64492,0.88557,0.96535,0.83853,0.87285,0.98588,0.95208,0.71708,0.82,,0.95894,0.89052,0.96142,0.56437,0.99296
NC_000013.11:32362692:G:C,BRCA2,1,0.97099,0.9904,31.0,,0.88798,0.94202,0.94862,0.96848,,0.77795,0.62027,0.8505,0.97731,0.83853,0.87285,0.98588,0.95208,0.71708,0.88,,0.96292,0.90354,0.96175,0.56437,0.99436
NC_000013.11:32363179:T:G,BRCA2,1,0.94268,0.9837,26.7,,0.88916,0.89253,0.99376,0.86929,,0.98143,0.77037,0.89232,0.97636,0.85042,0.64378,0.82184,0.69616,0.71708,0.03,,0.96592,0.9114,0.95642,0.56585,0.99395
NC_000013.11:32363188:G:A,BRCA2,1,0.95333,0.8843,27.8,,0.92315,0.94202,0.94373,0.92707,,0.85439,0.67271,0.85254,0.97637,0.85042,0.64378,0.97053,0.94765,0.71708,0.01,,0.96836,0.89838,0.95968,0.56585,0.99303
NC_000013.11:32363189:A:T,BRCA2,1,0.98153,0.9352,26.3,,0.86285,0.94202,0.98376,0.8964,,0.88502,0.55438,0.84631,0.9783,0.85042,0.64378,0.91964,0.86262,0.71708,0.03,,0.96592,0.90174,0.95642,0.56585,0.99372
NC_000013.11:32363210:C:T,BRCA2,1,0.92048,0.7206,27.6,,0.70125,0.84032,0.95717,0.89515,,0.70624,0.34551,0.82264,0.96298,0.93873,0.64378,0.8055,0.61646,0.71708,0.01,,0.93483,0.85442,0.92019,0.56585,0.99379
NC_000013.11:32363224:A:G,BRCA2,1,0.78982,0.2041,34.0,,0.47165,0.84566,0.96457,0.83236,,0.60935,0.57848,0.84998,0.92013,0.64741,0.64378,0.91964,0.86283,0.71708,0.99,,0.91593,0.59952,0.90587,0.56708,0.99061
NC_000013.11:32363258:T:C,BRCA2,1,0.94376,0.9743,26.8,,0.92372,0.9244,0.9531,0.78289,,0.83019,0.57328,0.9641,0.97356,0.91152,0.44212,0.82184,0.69616,0.71708,0.0,,0.91266,0.86293,0.91162,0.56708,0.9947
NC_000013.11:32363365:A:G,BRCA2,1,0.96267,0.6591,24.7,,0.79671,0.84032,0.94487,0.87421,,0.84517,0.41214,0.75383,0.95289,0.95407,0.81012,0.92762,0.79388,0.71708,0.0,,0.93881,0.8672,0.92217,0.56708,0.99232
NC_000013.11:32363366:C:A,BRCA2,1,0.97112,0.9647,23.8,,0.89227,0.9938,0.94449,0.879,,0.96977,0.51756,0.77928,0.95431,0.95407,0.81012,0.81619,0.61678,0.71708,0.0,,0.93917,0.86437,0.92764,0.56708,0.99348
NC_000013.11:32363366:C:G,BRCA2,1,0.98379,0.9402,25.7,,0.90441,0.9938,0.94373,0.879,,0.86807,0.503,0.77468,0.95243,0.95407,0.81012,0.81619,0.61678,0.71708,0.0,,0.93917,0.86986,0.92764,0.56708,0.99364
NC_000013.11:32363368:G:C,BRCA2,1,0.99069,0.9871,27.7,,0.92089,0.98095,0.98414,0.91503,,0.98154,0.48097,0.7881,0.98953,0.96221,0.81012,0.97632,0.94798,0.71708,0.0,,0.9948,0.87159,0.98525,0.56708,0.99497
NC_000013.11:32363369:A:C,BRCA2,1,0.98275,0.9713,26.3,,0.92655,0.93005,0.98707,0.87851,,0.98804,0.38866,0.75383,0.99011,0.96221,0.81012,0.92762,0.86324,0.71708,0.0,,0.99705,0.86714,0.98385,0.56708,0.99533
NC_000013.11:32363369:A:G,BRCA2,1,0.97862,0.9505,29.6,,0.91359,0.93005,0.98743,0.87851,,0.95193,0.40616,0.79696,0.98849,0.96221,0.81012,0.92762,0.86324,0.71708,0.23,,0.99705,0.87159,0.98385,0.56708,0.9947
NC_000013.11:32363369:A:T,BRCA2,1,0.9902,0.9817,26.2,,0.92965,0.96289,0.98634,0.87851,,0.9959,0.38419,0.78785,0.99071,0.96221,0.81012,0.92762,0.86324,0.71708,0.0,,0.99705,0.87226,0.98385,0.56708,0.99533
NC_000013.11:32363371:G:A,BRCA2,1,0.97733,0.9322,27.3,,0.91638,0.81307,0.96866,0.85629,,0.88247,0.48707,0.69049,0.96924,0.9602,0.81012,0.74071,0.94798,0.71708,0.0,,0.99241,0.86706,0.98542,0.56708,0.99488
NC_000013.11:32363371:G:T,BRCA2,1,0.9732,0.9692,29.0,,0.90421,0.79042,0.95384,0.85629,,0.94266,0.45905,0.73723,0.96063,0.9602,0.81012,0.74071,0.94798,0.71708,0.02,,0.99241,0.87248,0.98542,0.56708,0.9942
NC_000013.11:32363372:G:T,BRCA2,1,0.97813,0.9516,27.0,,0.9203,0.70395,0.94975,0.90061,,0.94634,0.38631,0.83876,0.97609,0.9602,0.81012,0.97632,0.94798,0.71708,0.01,,0.99564,0.87248,0.9878,0.56708,0.99428
NC_000013.11:32363375:G:T,BRCA2,1,0.96881,0.8975,27.2,,0.80013,0.94202,0.95458,0.90543,,0.93514,0.44713,0.80158,0.97257,0.96055,0.81012,0.97632,0.94798,0.71708,0.0,,0.95009,0.88398,0.94051,0.56708,0.99395
NC_000013.11:32363377:T:A,BRCA2,1,0.98095,0.8908,25.7,,0.90319,0.89253,0.98376,0.84924,,0.90105,0.31,0.79186,0.96848,0.96221,0.81012,0.83212,0.69677,0.71708,0.0,,0.99524,0.88621,0.98132,0.56708,0.99561
NC_000013.11:32363378:A:G,BRCA2,1,0.90468,0.8863,26.1,,0.89943,0.98095,0.98265,0.8714,,0.8193,0.30852,0.83291,0.97296,0.96221,0.81012,0.92762,0.86324,0.71708,0.0,,0.99524,0.88621,0.98132,0.56708,0.99552
NC_000013.11:32363389:G:A,BRCA2,1,0.86157,0.1656,21.9,,0.7623,0.80747,0.87174,0.79374,,0.57506,0.29773,0.62297,0.93748,0.84765,0.81012,0.73758,0.59572,0.71708,0.0,,0.92194,0.74715,0.91073,0.56708,0.99253
NC_000013.11:32363443:G:A,BRCA2,1,0.97462,0.6098,28.1,,0.83553,0.87702,0.9505,0.93931,,0.62049,0.57073,0.83259,0.97438,0.96221,0.78654,0.97632,0.94798,0.71708,0.0,,0.98239,0.87341,0.97516,0.56708,0.99303
NC_000013.11:32363444:G:A,BRCA2,1,0.98067,0.9543,26.3,,0.88513,0.95536,0.96345,0.91838,,0.78917,0.6891,0.82771,0.97743,0.96221,0.78654,0.84256,0.81953,0.71708,0.0,,0.98455,0.87494,0.97526,0.56708,0.99326
NC_000013.11:32370431:T:C,BRCA2,1,0.94312,0.9811,26.1,,0.93415,0.93005,0.97092,0.89867,,0.76389,0.68828,0.81847,0.95745,0.95629,0.71412,0.87546,0.72256,0.71708,0.0,,0.93153,0.87584,0.91112,0.55149,0.99318
NC_000013.11:32370446:G:A,BRCA2,1,0.97749,0.9593,28.3,,0.91825,0.9244,0.97963,0.95387,,0.86433,0.64877,0.84928,0.98567,0.9602,0.71412,0.98855,0.96888,0.71708,0.09,,0.99717,0.8789,0.98749,0.55149,0.99479
NC_000013.11:32370447:G:A,BRCA2,1,0.96103,0.9754,27.8,,0.93775,0.95536,0.97811,0.95419,,0.89384,0.62936,0.83605,0.98784,0.9602,0.71412,0.98855,0.96888,0.71708,0.05,,0.99717,0.8789,0.98749,0.55149,0.99445
NC_000013.11:32370555:A:C,BRCA2,1,0.76347,0.8259,27.2,,0.88727,0.71705,0.80024,0.76586,,0.71627,0.41398,0.86448,0.93595,0.74822,0.71412,0.70373,0.8877,0.71708,0.3,,0.82517,0.85416,0.80696,0.55149,0.98976
NC_000013.11:32370555:A:G,BRCA2,1,0.73095,0.2474,27.4,,0.76207,0.82956,0.72934,0.75705,,0.44979,0.44354,0.72975,0.92861,0.74822,0.71412,0.70373,0.8877,0.71708,0.36,,0.81337,0.66112,0.80508,0.55149,0.98752
NC_000013.11:32371099:G:A,BRCA2,1,0.41597,0.0821,35.0,,0.23153,0.93592,0.48694,0.71162,,0.31485,0.19179,0.6347,0.89342,0.66443,0.74104,0.93708,0.97415,0.71708,0.72,,0.71253,0.56966,0.69377,0.5506,0.98663
NC_000013.11:32379799:G:A,BRCA2,1,0.93739,0.6004,32.0,,0.85982,0.9244,0.9006,0.94722,,0.78721,0.37002,0.76425,0.95811,0.84664,0.87285,0.92405,0.96096,0.71708,0.0,,0.90296,0.84471,0.8948,0.49955,0.99714
NC_000013.11:32379877:G:C,BRCA2,1,0.51836,0.662,17.65,,0.67344,0.31413,0.67337,0.33516,,0.8308,0.02935,0.50447,0.87826,0.27866,0.36766,0.46544,0.31747,0.71708,0.0,,0.44895,0.61368,0.48594,0.49955,0.98698
NC_000013.11:32380042:C:T,BRCA2,1,0.97581,0.6686,23.7,,0.85757,0.96289,0.94259,0.53956,,0.80185,0.39801,0.51762,0.95801,0.83124,0.21377,0.49138,0.32571,0.37145,0.0,,0.91889,0.87494,0.91896,0.49955,0.99726
NC_000013.11:32380043:G:T,BRCA2,1,0.95499,0.8732,26.0,,0.83975,0.87702,0.9235,0.87952,,0.75824,0.34012,0.71089,0.96625,0.83124,0.81376,0.7841,0.96328,0.71708,0.0,,0.93723,0.86523,0.93521,0.49955,0.99714
NC_000013.11:32380114:G:A,BRCA2,1,0.97122,0.9758,29.4,,0.85255,0.84566,0.97773,0.93717,,0.95783,0.64189,0.78379,0.97596,0.83124,0.81376,0.93118,0.96467,0.71708,0.0,,0.97626,0.87612,0.973,0.49955,0.99633
NC_000013.11:32380114:G:C,BRCA2,1,0.97079,0.9758,28.7,,0.85255,0.84566,0.97773,0.93717,,0.95783,0.64189,0.78362,0.97596,0.83124,0.81376,0.93118,0.96467,0.71708,0.0,,0.97626,0.87612,0.973,0.49955,0.99633
NC_000013.11:32380115:G:A,BRCA2,1,0.98307,0.9881,28.4,,0.86415,0.94202,0.97773,0.93656,,0.9773,0.62243,0.78379,0.98393,0.83124,0.81376,0.93118,0.96467,0.71708,0.0,,0.97626,0.87612,0.973,0.49955,0.99666
NC_000013.11:32380115:G:T,BRCA2,1,0.94404,0.8062,27.8,,0.76107,0.89772,0.96606,0.93656,,0.84917,0.53948,0.78379,0.98302,0.83124,0.81376,0.93118,0.96467,0.71708,0.0,,0.97626,0.78099,0.973,0.49955,0.99633
NC_000013.11:32380142:CA:TT,BRCA2,1,,,,,,,,,,,,,,,,,,,,,,,,,
NC_000013.11:32394716:C:A,BRCA2,1,0.9592,0.8367,15.84,,0.70982,0.9938,0.88724,0.50372,,0.75192,0.39438,0.29981,0.95772,0.83124,0.39502,0.35076,0.06061,0.71708,0.0,,0.92687,0.77012,0.93973,0.46707,0.99644
NC_000013.11:32394716:C:G,BRCA2,1,0.95803,0.8367,15.98,,0.70982,0.9938,0.88724,0.50372,,0.75192,0.39438,0.31269,0.95772,0.83124,0.39502,0.35076,0.06061,0.71708,0.0,,0.92687,0.77012,0.93973,0.46707,0.99655
NC_000013.11:32394733:T:C,BRCA2,1,0.92491,0.9258,26.1,,0.8576,0.81307,0.92964,0.75578,,0.87673,0.46493,0.65203,0.97729,0.78381,0.94754,0.64982,0.73075,0.71708,0.0,,0.9271,0.84703,0.91758,0.46707,0.99552
NC_000013.11:32394733:T:G,BRCA2,1,0.96693,0.7956,25.5,,0.80635,0.94846,0.87764,0.75521,,0.74423,0.42274,0.52397,0.97642,0.78381,0.94754,0.64982,0.73075,0.71708,0.0,,0.94762,0.84518,0.91663,0.46707,0.99601
NC_000013.11:32394802:A:T,BRCA2,1,0.96017,0.912,26.0,,0.75808,0.94202,0.94525,0.86838,,0.8932,0.35749,0.61822,0.97545,0.83124,0.94754,0.70864,0.89649,0.71708,0.0,,0.95565,0.86585,0.95063,0.46707,0.99552
NC_000013.11:32394804:C:T,BRCA2,1,0.90008,0.6588,25.9,,0.64583,0.78463,0.86975,0.8442,,0.64617,0.45409,0.42001,0.95809,0.83124,0.94754,0.4618,0.52304,0.71708,0.0,,0.94687,0.82686,0.94595,0.46707,0.99561
NC_000015.10:90747392:A:C,BLM,1,0.99243,,23.9,0.99831,0.07668,0.95536,0.78361,0.74041,0.82198,0.61165,,0.02676,0.87942,,0.94754,0.62552,0.85196,0.71708,0.0,,0.80457,0.70782,0.78127,0.58272,0.90188
NC_000015.10:90794309:T:C,BLM,1,0.98655,0.9933,26.8,0.93803,0.93701,0.98095,0.97469,0.91925,0.99952,0.91847,0.81118,0.88565,0.94232,0.9902,0.92077,0.84627,0.68343,0.71708,0.0,0.917552175,0.90294,0.89922,0.87793,0.69774,0.98334
NC_000015.10:90794337:A:T,BLM,1,0.95252,0.9338,33.0,0.94008,0.82169,0.9938,0.97773,0.96756,0.97661,0.97202,0.61423,0.7809,0.96268,0.97852,0.92077,0.93415,0.79087,0.71708,0.3,0.90595189,0.94378,0.91235,0.91772,0.69774,0.98072
NC_000016.10:23607863:C:T,PALB2,1,0.77633,0.2868,25.7,0.36916,0.49721,,0.56216,0.87364,0.60852,0.28305,0.41228,0.72155,0.75324,0.52694,0.99173,0.65038,0.61053,0.71708,0.14,,0.10985,0.70023,0.42717,0.83697,0.98604
NC_000016.10:23641154:C:T,PALB2,1,0.99144,,25.8,0.99831,0.03637,0.97127,0.60491,0.74402,0.67203,0.51534,,0.0869,0.72502,,0.69992,0.56506,0.5911,0.71708,0.01,,0.42921,0.71028,0.4538,0.84361,0.98937
NC_000016.10:23641155:A:C,PALB2,1,0.99341,,25.1,0.99831,0.09579,0.97127,0.65927,0.67664,0.90712,0.46087,,0.07445,0.68203,,0.69992,0.42757,0.84195,0.42797,0.0,,0.44156,0.78335,0.44259,0.84361,0.99061
NC_000016.10:23641155:A:G,PALB2,1,0.99291,,24.3,0.99831,0.04954,0.97127,0.59416,0.67628,0.77656,0.46221,,0.04465,0.64032,,0.69992,0.42757,0.84195,0.42797,0.01,,0.436,0.78467,0.43962,0.84361,0.98739
NC_000016.10:23641155:A:T,PALB2,1,0.99313,,24.7,0.99831,0.11136,,0.6631,0.67628,0.89085,0.46714,,0.05516,0.68196,,0.69992,0.42757,0.84195,0.42797,0.0,,0.436,0.78368,0.43962,0.84361,0.99038
NC_000016.10:23641156:T:C,PALB2,1,0.99252,,23.9,0.99831,0.04402,0.97127,0.62427,0.67306,0.70981,0.44918,,0.04898,0.69482,,0.69992,0.37305,0.64452,0.34219,0.0,,0.436,0.70635,0.43962,0.84361,0.98901
NC_000016.10:68737415:A:G,CDH1,1,0.94338,,20.7,0.99831,0.62639,0.97584,0.61984,0.38503,0.89239,0.67531,,0.06459,0.79592,,0.43661,0.39152,0.83482,0.71708,0.0,,0.40417,0.78159,0.37838,0.88821,0.98211
NC_000016.10:68737415:A:T,CDH1,1,0.99087,,21.2,0.99831,0.51725,0.97584,0.6706,0.36757,0.93426,0.7036,,0.06459,0.78297,,0.43661,0.39152,0.83482,0.71708,0.0,,0.35791,0.75255,0.36552,0.88821,0.98167
NC_000016.10:68737416:T:A,CDH1,1,0.99488,,22.1,0.99831,0.80318,0.97584,0.65242,0.46317,0.97336,0.74213,,0.0417,0.82908,,0.6646,0.33747,0.58883,0.71708,0.0,,0.52922,0.79691,0.46856,0.88821,0.98433
NC_000016.10:68737416:T:C,CDH1,1,0.99154,,21.5,0.99831,0.66705,0.97584,0.66687,0.45099,0.91746,0.68593,,0.01657,0.83306,,0.6646,0.33747,0.58883,0.71708,0.0,,0.49415,0.79046,0.42717,0.88821,0.98341
NC_000016.10:68737416:T:G,CDH1,1,0.99345,,22.4,0.99831,0.79959,0.97584,0.67428,0.49044,0.98089,0.65623,,0.0495,0.83282,,0.6646,0.33747,0.58883,0.71708,0.0,,0.54746,0.78778,0.48336,0.88821,0.98531
NC_000016.10:68737417:G:A,CDH1,1,0.99449,,22.5,0.99831,0.61299,0.97584,0.59294,0.41562,0.94811,0.81065,,0.01505,0.78895,,0.6646,0.40607,0.86997,0.71708,0.0,,0.40539,0.78353,0.41439,0.88821,0.98217
NC_000016.10:68810223:G:A,CDH1,1,0.97163,0.9185,36.0,0.8555,0.76095,0.85623,0.7542,0.69697,0.79424,0.72195,0.41114,0.68994,0.85734,0.88016,0.72269,0.72839,0.83077,0.71708,0.97,0.656639758,0.66407,0.84582,0.71431,0.8723,0.98676
NC_000016.10:68810268:G:T,CDH1,1,0.98821,0.9885,33.0,0.95712,0.93339,0.94846,0.98707,0.96878,0.99908,0.96566,0.59606,0.99443,0.97288,0.99886,0.72269,0.97632,0.99149,0.71708,0.25,0.98685387,0.98823,0.90334,0.96947,0.8723,0.99612
NC_000016.10:68810276:T:A,CDH1,1,0.87093,0.9971,21.5,0.91135,0.9232,0.9938,0.87372,0.67005,0.99184,0.97096,0.69072,0.70591,0.89189,0.99445,0.30631,0.12626,0.03954,0.32725,0.01,0.97799929,0.85563,0.98767,0.87029,0.8723,0.98825
NC_000016.10:68810340:G:A,CDH1,1,0.95438,0.8721,37.0,0.88006,0.7968,0.96289,0.936,0.93339,0.91706,0.88487,0.60785,0.72596,0.95278,0.89892,0.67822,0.74414,0.95398,0.71708,0.9,,0.90502,0.87335,0.86429,0.8723,0.99612
NC_000016.10:68812182:G:A,CDH1,1,0.2294,0.0954,16.97,0.4834,0.44154,0.23472,0.19353,0.14561,0.50317,0.67739,0.08917,0.37005,0.69776,0.08819,0.45358,0.14399,0.2937,0.06397,0.54,0.108636939,0.14677,0.59453,0.27598,0.87291,0.96521
NC_000016.10:68813494:G:T,CDH1,1,0.75515,0.5159,35.0,0.75622,0.84731,0.97127,0.84966,0.94893,0.84321,0.80745,0.51456,0.95435,0.92815,0.85343,0.92409,0.90382,0.97247,0.71708,0.68,0.894927069,0.80376,0.84307,0.76748,0.8723,0.99542
NC_000016.10:68819392:C:G,CDH1,1,0.60362,0.1382,29.9,0.72443,0.65237,0.85623,0.48047,0.49453,0.49264,0.68885,0.21724,0.52833,0.8357,0.38643,0.55841,0.32102,0.41453,0.28067,0.98,0.271401451,0.62361,0.7801,0.60852,0.87013,0.96793
NC_000016.10:68819416:C:G,CDH1,1,0.57891,0.1334,17.48,0.73888,0.66133,,0.47225,0.24723,0.29167,0.73786,0.20628,0.4477,0.78081,0.31817,0.2701,0.09467,0.30296,0.06397,0.01,0.257566363,0.26001,0.78749,0.47972,0.87013,0.93988
NC_000016.10:68819424:G:A,CDH1,1,0.75351,0.2165,32.0,0.87538,0.64818,,0.7656,0.84534,0.74345,0.77117,0.28034,0.97195,0.92875,0.84165,0.83288,0.91796,0.94005,0.71708,0.27,,0.8372,0.81547,0.81761,0.87013,0.9741
NC_000016.10:68822054:A:T,CDH1,1,0.96065,0.9863,27.1,0.90348,0.97531,0.94846,0.94105,0.94473,0.90519,0.96056,0.50018,0.98253,0.96199,0.97321,0.83668,0.90592,0.9143,0.71708,0.0,0.96289957,0.95204,0.99133,0.91526,0.86292,0.97466
NC_000016.10:68828203:G:A,CDH1,1,0.69234,0.1416,35.0,0.77144,0.6106,0.87184,0.73954,0.80295,0.60705,0.74079,0.20912,0.63039,0.87343,0.53033,0.98674,0.50139,0.77161,0.71708,0.99,,0.73037,0.93991,0.7535,0.85155,0.95956
NC_000016.10:68828280:G:A,CDH1,1,0.78611,0.9139,32.0,0.92024,0.92166,,0.94449,0.91927,0.96616,0.79479,0.80022,0.99087,0.96961,0.97049,0.51809,0.85861,0.94849,0.71708,0.0,0.879729135,0.95417,0.90085,0.93342,0.85155,0.97977
NC_000016.10:89738683:C:A,FANCA,1,0.77559,0.6569,24.0,0.90794,0.78396,0.61535,0.87911,0.75429,0.82597,0.34193,0.36985,0.57808,0.96792,0.79371,0.77945,0.66933,0.61846,0.71708,0.06,,0.94658,0.90434,0.94672,0.58047,0.9724
NC_000016.10:89738883:C:A,FANCA,1,,,36.0,,,0.94519,,0.42877,,0.78036,,0.45063,,,0.20404,0.17913,0.14773,0.22802,0.08,,,,,0.58047,
NC_000016.10:89738928:G:A,FANCA,1,,,43.0,,,0.93296,,0.68247,,0.82509,,0.44693,,,0.37434,0.43353,0.55961,0.30776,0.0,,,,,0.58047,
NC_000016.10:89738942:C:G,FANCA,1,0.90309,0.8576,25.4,0.88692,0.77697,0.7235,0.83555,0.57959,0.8502,0.48322,0.20822,0.3233,0.97032,0.78847,0.77601,0.30809,0.37386,0.22867,0.19,0.591271905,0.92422,0.9012,0.91882,0.58047,0.97283
NC_000016.10:89738943:G:A,FANCA,1,0.85353,0.201,33.0,0.82056,0.5258,0.57458,0.85389,0.59012,0.59091,0.28752,0.24736,0.27279,0.98119,0.78847,0.77601,0.44777,0.94623,0.2352,0.27,0.788683843,0.92469,0.90175,0.91818,0.58047,0.95959
NC_000016.10:89738946:C:G,FANCA,1,0.97378,0.851,28.8,0.91541,0.75703,0.81307,0.90859,0.67946,0.81902,0.38495,0.35043,0.46667,0.96998,0.77977,0.77601,0.4227,0.61455,0.31473,0.18,0.812604771,0.9223,0.86943,0.91635,0.58047,0.97345
NC_000016.10:89739219:C:G,FANCA,1,0.89939,0.7527,24.6,0.76748,0.44732,0.7609,0.89285,0.67576,0.62013,0.04997,0.39221,0.36759,0.9027,0.79371,0.68631,0.35986,0.51119,0.71708,0.06,0.820780683,0.91141,0.84138,0.90875,0.58047,0.95825
NC_000016.10:89739230:C:G,FANCA,1,0.83588,0.8937,23.8,0.91198,0.7792,0.94202,0.88771,0.65036,0.8801,0.434,0.6223,0.62972,0.9935,0.79371,0.68631,0.65896,0.51188,0.4147,0.0,0.8498206,0.95716,0.91367,0.95622,0.58047,0.97581
NC_000016.10:89739514:C:G,FANCA,1,0.60723,0.1956,20.6,0.47059,0.4837,0.8822,0.63505,0.56005,0.38086,0.17566,0.24676,0.43132,0.92454,0.74103,0.73155,0.48973,0.31313,0.26936,0.12,0.469578343,0.90192,0.83348,0.91014,0.58047,0.93432
NC_000016.10:89739516:G:A,FANCA,1,0.86716,0.2423,24.6,0.83428,0.35911,0.90819,0.89789,0.68005,0.35612,0.25114,0.1977,0.65579,0.94085,0.72752,0.73155,0.66681,0.94865,0.71708,0.01,0.680611195,0.90296,0.82511,0.89311,0.58047,0.95093
NC_000016.10:89740845:G:C,FANCA,1,0.97083,0.7984,24.4,0.72752,0.51981,0.91889,0.92266,0.65346,0.29429,0.05887,0.36827,0.47388,0.9196,0.7721,0.49464,0.4867,0.55946,0.71708,0.04,0.514115131,0.85835,0.87767,0.8689,0.58554,0.94826
NC_000016.10:89744973:C:G,FANCA,1,0.44085,0.5952,5.495,0.7703,0.59398,0.93005,0.82655,0.1033,0.53612,0.16185,0.00299,0.36804,0.88385,0.48504,0.02051,0.0242,0.02821,0.06397,0.0,0.649433798,0.77836,0.62737,0.81814,0.58969,0.93715
NC_000016.10:89745003:G:A,FANCA,1,0.97774,0.6717,23.9,0.80503,0.56332,0.9244,0.96979,0.68386,0.64024,0.0433,0.22837,0.55984,0.98435,0.80205,0.53142,0.71132,0.94073,0.71708,0.0,0.802271877,0.95055,0.87821,0.94424,0.58969,0.95334
NC_000016.10:89746605:G:A,FANCA,1,0.95632,0.6438,24.3,0.90288,0.71868,0.86145,0.97205,0.7138,0.77391,0.29515,0.3358,0.52756,0.99184,0.81087,0.67549,0.70837,0.93704,0.71708,0.0,0.880697766,0.98304,0.91813,0.97384,0.58969,0.96489
NC_000016.10:89746606:G:A,FANCA,1,0.9177,0.5763,24.2,0.89509,0.67308,0.85623,0.98339,0.68936,0.75501,0.37191,0.26968,0.48438,0.99506,0.81087,0.67549,0.59649,0.93704,0.71708,0.01,0.878006261,0.98304,0.91662,0.97384,0.58969,0.96255
NC_000016.10:89746852:T:A,FANCA,1,0.82155,0.4044,23.0,0.81485,0.49452,0.77287,0.86269,0.55516,0.61645,0.32242,0.41002,0.3858,0.95704,0.7721,0.30965,0.42814,0.38374,0.71708,0.24,0.827084812,0.86311,0.89521,0.8853,0.58969,0.94155
NC_000016.10:89746888:C:G,FANCA,1,0.96425,0.6396,23.2,0.79,0.54663,0.56598,0.91294,0.63485,0.44945,0.3298,0.27274,0.47797,0.97278,0.77977,0.47481,0.42175,0.36776,0.71708,0.0,0.825234076,0.89166,0.87094,0.89535,0.58969,0.94189
NC_000016.10:89748671:A:C,FANCA,1,0.73876,0.5416,23.3,0.78785,0.71716,0.94846,0.9557,0.63662,0.78564,0.63096,0.3153,0.22062,0.99148,0.80597,0.41206,0.42442,0.479,0.71708,0.0,0.805915477,0.90991,0.90751,0.91984,0.59385,0.9616
NC_000016.10:89748677:T:G,FANCA,1,0.90586,0.2012,17.22,0.74481,0.5661,0.81307,0.91034,0.4937,0.68044,0.33489,0.21975,0.11998,0.95992,0.64741,0.40711,0.15657,0.12978,0.22735,0.0,0.77853688,0.835,0.85394,0.84515,0.59385,0.94301
NC_000016.10:89749729:C:A,FANCA,1,0.83983,0.3265,33.0,0.79084,0.67685,0.89772,0.85804,0.56427,0.55835,0.14006,0.11112,0.57011,0.95079,0.5333,0.48793,0.54644,0.49612,0.37709,0.82,,0.9004,0.90452,0.90257,0.59945,0.91186
NC_000016.10:89749729:C:T,FANCA,1,0.77198,0.1207,34.0,0.80507,0.58621,0.91889,0.94221,0.5886,0.48691,0.15833,0.0725,0.59387,0.97025,0.5333,0.48793,0.54644,0.49612,0.37709,0.82,,0.90815,0.84304,0.91069,0.59945,0.89037
NC_000016.10:89749804:C:T,FANCA,1,0.95374,0.2777,25.3,0.86723,0.66807,0.84566,0.96419,0.58362,0.40314,0.28473,0.31261,0.32882,0.96607,0.58386,0.48793,0.55173,0.59253,0.37145,0.02,0.862882996,0.93425,0.81279,0.92983,0.59945,0.90969
NC_000016.10:89749805:G:A,FANCA,1,0.98589,0.4696,24.1,0.8768,0.73567,0.95536,0.87519,0.35641,0.52998,0.52702,0.44366,0.33588,0.9817,0.58386,0.17311,0.34466,0.34866,0.32472,0.1,0.866616442,0.85944,0.91489,0.91976,0.59945,0.93042
NC_000016.10:89749805:G:C,FANCA,1,0.96875,0.7148,21.8,0.87524,0.75036,0.7235,0.87667,0.35615,0.65825,0.43058,0.35481,0.24081,0.976,0.58386,0.17311,0.34466,0.34866,0.32472,0.0,0.86972133,0.85944,0.91576,0.91976,0.59945,0.93311
NC_000016.10:89761948:C:A,FANCA,1,0.91113,0.7892,26.6,0.85705,0.81358,0.77287,0.89607,0.65004,0.78022,0.15101,0.24798,0.54366,0.9691,,0.61384,0.46451,0.49374,0.71708,0.01,,0.93537,0.90912,0.93715,0.60851,0.9672
NC_000016.10:89761949:G:A,FANCA,1,0.99081,0.6011,21.2,0.90102,0.81875,0.94846,0.91594,0.42113,0.71881,0.49572,0.29436,0.4322,0.97869,,0.28608,0.27133,0.29076,0.36691,0.0,,0.91902,0.91137,0.93438,0.60851,0.96728
NC_000016.10:89761993:T:C,FANCA,1,0.97374,0.9,25.3,0.86991,0.73789,0.86665,0.97735,0.66782,0.80879,0.55343,0.26538,0.47613,0.99178,0.58386,0.61384,0.57921,0.6234,0.4147,0.01,0.897942517,0.95899,0.9173,0.9572,0.60851,0.96865
NC_000016.10:89761994:C:T,FANCA,1,0.96914,0.9419,24.7,0.91322,0.82988,0.9244,0.96234,0.7059,0.77577,0.59266,0.38334,0.50048,0.98601,0.58386,0.61384,0.57529,0.58759,0.71708,0.0,0.876575196,0.96275,0.91474,0.95954,0.60851,0.96584
NC_000016.10:89762006:A:G,FANCA,1,0.9807,0.9886,24.5,0.96641,0.80717,0.9244,0.96941,0.69663,0.88112,0.81736,0.4452,0.57103,0.99914,0.58386,0.61384,0.62676,0.83887,0.71708,0.0,0.899109368,0.971,0.91908,0.96803,0.60851,0.96228
NC_000016.10:89764905:T:A,FANCA,1,0.65185,0.3571,17.94,0.72804,0.33963,0.10826,0.65341,0.23082,0.58405,0.39269,0.18071,0.1959,0.90189,0.54858,0.2227,0.18361,0.16911,0.18781,0.08,0.750966013,0.74666,0.88509,0.82837,0.60851,0.90195
NC_000016.10:89764929:T:G,FANCA,1,0.93121,0.2391,15.38,0.79311,0.49548,0.78463,0.81448,0.15422,0.17286,0.2972,0.11291,0.36569,0.90398,0.16878,0.33438,0.33895,0.23872,0.22446,0.03,0.403210118,0.64358,0.59472,0.74521,0.60851,0.88815
NC_000016.10:89764944:A:G,FANCA,1,0.91877,0.5111,25.0,0.90235,0.76833,0.94846,0.94675,0.67642,0.86719,0.29576,0.27907,0.66898,0.99099,0.58386,0.71989,0.6376,0.56772,0.4147,0.02,0.87525946,0.92416,0.89368,0.91744,0.60851,0.95947
NC_000016.10:89765035:C:G,FANCA,1,0.72546,0.1577,28.6,0.75909,0.4467,0.90294,0.83277,0.71288,0.67982,0.23675,0.24582,0.43201,0.9608,0.77977,0.71989,0.47457,0.4043,0.36907,0.78,0.511408104,0.95673,0.79764,0.95333,0.60851,0.94979
NC_000016.10:89767207:A:G,FANCA,1,0.9858,0.7009,20.2,0.86812,0.7104,0.9244,0.86825,0.35348,0.77189,0.46625,0.16652,0.44727,0.93973,0.73103,0.28222,0.47347,0.55764,0.24684,0.0,0.842345903,0.8279,0.84764,0.90052,0.60851,0.95463
NC_000016.10:89767214:A:C,FANCA,1,0.97862,0.9294,23.1,0.91588,0.76077,0.94846,0.94525,0.56447,0.8707,0.31337,0.32323,0.53797,0.99261,0.77977,0.60407,0.66075,0.84242,0.71708,0.0,0.880980997,0.94321,0.92011,0.94072,0.60851,0.95897
NC_000016.10:89767228:G:C,FANCA,1,0.83867,0.7591,20.7,0.83158,0.71224,0.81307,0.78298,0.33721,0.49312,0.46394,0.23942,0.29344,0.97241,0.72168,0.28608,0.44088,0.55515,0.32578,0.04,0.812200188,0.75671,0.90082,0.83107,0.60851,0.91965
NC_000016.10:89769890:A:G,FANCA,1,0.94084,0.6086,21.8,0.82574,0.60138,0.16233,0.80683,0.29178,0.63633,0.53353,0.21755,0.31439,0.94185,0.27866,0.36434,0.17875,0.7829,0.18434,0.0,0.65001822,0.68125,0.78478,0.7583,0.60851,0.92951
NC_000016.10:89769978:C:G,FANCA,1,0.77634,0.822,21.1,0.77626,0.58529,0.7609,0.85493,0.46721,0.64586,0.85656,0.41463,0.32285,0.97369,0.67703,0.30296,0.20883,0.18956,0.27334,0.07,0.747791701,0.82878,0.75734,0.86197,0.60851,0.92644
NC_000016.10:89770191:G:A,FANCA,1,0.97516,0.6213,24.1,0.94268,0.75005,0.93005,0.90329,0.4812,0.70874,0.65889,0.67381,0.39968,0.99122,0.77977,0.18226,0.29562,0.36332,0.28639,0.01,0.891641796,0.8892,0.91587,0.95265,0.60851,0.95941
NC_000016.10:89770199:A:T,FANCA,1,0.97212,0.6906,21.4,0.85578,0.59122,0.91889,0.86269,0.43329,0.63227,0.75942,0.42368,0.33118,0.98505,0.67703,0.41206,0.48444,0.67594,0.19332,0.0,0.832034913,0.80685,0.8576,0.88655,0.60851,0.94001
NC_000016.10:89770257:G:T,FANCA,1,0.74225,0.5424,28.4,0.9017,0.62711,0.63834,0.92308,0.78545,0.62984,0.41794,0.3006,0.66731,0.89472,0.77977,0.60891,0.70463,0.93205,0.71708,0.0,0.817683063,0.92745,0.90976,0.92139,0.60851,0.93786
NC_000016.10:89770615:T:G,FANCA,1,0.94704,0.3901,24.2,0.88847,0.59672,0.27662,0.93796,0.57498,0.74517,0.83483,0.2143,0.48403,0.9452,0.73103,0.426,0.51324,0.26705,0.71708,0.02,0.714821763,0.87835,0.89974,0.88856,0.60851,0.93999
NC_000016.10:89771774:C:G,FANCA,1,0.15717,0.1134,0.024,0.35196,0.14,0.90294,0.65831,0.03762,0.0273,0.23342,0.00319,0.14438,0.79713,0.29148,0.03721,0.01211,0.06503,0.06397,0.0,0.208085301,0.56851,0.36987,0.72698,0.60851,0.82978
NC_000016.10:89771777:A:G,FANCA,1,0.99216,0.8708,23.5,0.93843,0.85646,0.90294,0.93757,0.55812,0.88519,0.91285,0.33516,0.59635,0.99189,0.80947,0.53344,0.65027,0.83825,0.30124,0.01,0.860995002,0.94907,0.90926,0.94836,0.60851,0.95311
NC_000016.10:89773305:A:G,FANCA,1,0.9893,0.8978,24.1,0.92085,0.83496,0.86665,0.95754,0.66808,0.88321,0.72372,0.40545,0.60261,0.99038,0.81705,0.56929,0.61682,0.83979,0.71708,0.0,0.872241944,0.93333,0.90342,0.92927,0.62956,0.96218
NC_000016.10:89778834:C:T,FANCA,1,0.92993,0.2728,24.9,0.88364,0.52756,0.36362,0.82027,0.71125,0.5928,0.62923,0.30408,0.53783,0.94491,0.82983,0.81012,0.66957,0.59584,0.4147,0.15,0.905407908,0.95089,0.91156,0.94752,0.66029,0.90761
NC_000016.10:89783083:G:A,FANCA,1,0.87787,0.8096,24.7,0.92191,0.70112,0.85623,0.93004,0.72581,0.80285,0.50638,0.31102,0.74777,0.98973,0.79914,0.81376,0.854,0.93091,0.71708,0.0,0.840763973,0.99854,0.89567,0.98849,0.66389,0.9844
NC_000016.10:89783097:T:C,FANCA,1,0.99047,0.9775,24.1,0.93189,0.90814,0.86145,0.99285,0.77778,0.8895,0.79615,0.48326,0.65034,0.99597,0.79914,0.81376,0.72894,0.52559,0.71708,0.03,0.897093874,0.99784,0.90583,0.98481,0.66389,0.98712
NC_000016.10:89791418:T:C,FANCA,1,0.98087,0.861,24.8,0.93897,0.81717,0.95536,0.95161,0.67668,0.85455,0.55635,0.55483,0.65522,0.99547,0.79371,0.78994,0.72256,0.64284,0.71708,0.0,0.895503846,0.99756,0.92329,0.9865,0.68385,0.98641
NC_000016.10:89791453:C:G,FANCA,1,0.81479,0.9072,20.5,0.90073,0.75199,0.57458,0.91337,0.50164,0.56038,0.51566,0.45771,0.44324,0.99701,0.79371,0.38915,0.41526,0.30526,0.71708,0.0,0.739802071,0.9542,0.85331,0.96369,0.68385,0.96804
NC_000016.10:89791454:T:C,FANCA,1,0.82285,0.8781,23.4,0.94799,0.77981,0.81307,0.93757,0.52699,0.62553,0.64055,0.4626,0.6824,0.99258,0.68087,0.78994,0.72256,0.64284,0.71708,0.0,0.886460509,0.96293,0.91875,0.97218,0.68385,0.96967
NC_000016.10:89791457:C:A,FANCA,1,0.95324,0.9606,28.2,0.90968,0.83925,0.93592,0.96979,0.7686,0.66647,0.82671,0.4963,0.65875,0.99147,0.79371,0.53344,0.71511,0.59074,0.71708,0.13,0.900815998,0.99033,0.9234,0.98481,0.68385,0.97795
NC_000016.10:89791457:C:G,FANCA,1,0.9382,0.9815,29.2,0.96972,0.92131,0.84032,0.9713,0.78108,0.87573,0.96755,0.50733,0.79544,0.99098,0.79371,0.53344,0.71511,0.59074,0.71708,0.07,0.853338501,0.99421,0.9234,0.98838,0.68385,0.98383
NC_000016.10:89791457:C:T,FANCA,1,0.98911,0.7709,29.2,0.9334,0.79286,0.86665,0.97697,0.77796,0.56011,0.62392,0.48539,0.66322,0.98966,0.79371,0.53344,0.71511,0.59074,0.71708,0.01,0.892494366,0.99381,0.9214,0.98825,0.68385,0.97583
NC_000016.10:89791458:G:A,FANCA,1,0.95526,0.7601,33.0,0.93099,0.82029,0.9244,0.96049,0.77039,0.60621,0.86391,0.55948,0.66988,0.99371,0.79371,0.53954,0.69204,0.77057,0.71708,0.02,0.88781429,0.99212,0.92369,0.98609,0.68385,0.97644
NC_000016.10:89791503:C:T,FANCA,1,0.77443,0.1119,23.3,0.80947,0.35742,0.34793,0.8405,0.586,0.38962,0.61409,0.32975,0.4492,0.99185,0.7741,0.48116,0.46316,0.3077,0.4031,0.01,0.820243025,0.98687,0.77394,0.98488,0.68385,0.95782
NC_000016.10:89791931:A:C,FANCA,1,0.81106,0.7008,20.8,0.84507,0.7324,0.94202,0.8361,0.42515,0.74281,0.78365,0.12257,0.59139,0.99351,0.24374,0.81012,0.77758,0.78646,0.2877,0.02,0.525167165,0.93529,0.80684,0.96742,0.68738,0.96208
NC_000016.10:89791986:C:A,FANCA,1,0.67275,0.4267,22.4,0.84815,0.43129,0.31413,0.51805,0.68031,0.3692,0.50377,0.34367,0.51529,0.67721,0.77977,0.5499,0.5335,0.40143,0.39528,0.02,0.713232936,0.73925,0.58844,0.72591,0.68738,0.93681
NC_000016.10:89792066:A:G,FANCA,1,0.91178,0.792,27.8,0.93328,0.82314,0.94846,0.90462,0.77458,0.90637,0.93742,0.31469,0.95377,0.88068,0.7648,0.86471,0.77758,0.84101,0.71708,0.04,0.866664194,0.82594,0.90903,0.80959,0.68738,0.97438
NC_000016.10:89792480:A:C,FANCA,1,0.90037,0.6456,24.7,0.89479,0.80792,0.68236,0.93989,0.63627,0.86602,0.97166,0.3652,0.65828,0.99751,0.78706,0.51622,0.75825,0.78579,0.42797,0.13,0.835430529,0.99381,0.90849,0.98821,0.68738,0.98419
NC_000016.10:89795940:A:C,FANCA,1,0.92292,0.8096,23.6,0.91457,0.85643,0.6678,0.84537,0.65628,0.82715,0.83233,0.37655,0.67518,0.84013,0.6446,0.75048,0.75275,0.84101,0.71708,0.0,0.872908362,0.83265,0.90771,0.80469,0.69035,0.97047
NC_000016.10:89805305:G:C,FANCA,1,0.06673,0.0902,0.078,0.28303,0.06149,0.9244,0.01686,0.01684,0.00279,0.11779,0.03323,0.2121,0.35236,0.16878,0.03733,0.06789,0.11756,0.06397,0.03,0.203275917,0.04129,0.43807,0.24265,0.69373,0.79346
NC_000016.10:89805359:A:C,FANCA,1,0.97112,0.8146,22.9,0.8801,0.7041,0.9244,0.81155,0.65074,0.79077,0.39811,0.39698,0.51605,0.75034,0.63625,0.63627,0.60851,0.78418,0.4031,0.0,0.827547437,0.64873,0.89405,0.60708,0.69373,0.95232
NC_000016.10:89816612:C:A,FANCA,1,0.98784,,17.79,0.99831,0.18139,0.97127,0.66781,0.23898,0.97069,0.66259,,0.01453,0.88344,,0.36005,0.10958,0.57651,0.06397,0.0,,0.74643,0.34998,0.71733,0.69035,0.95386
NC_000016.10:89816613:A:C,FANCA,1,0.99134,,20.5,0.99831,0.32327,0.98618,0.72785,0.43955,0.98407,0.59771,,0.01855,0.90457,,0.49811,0.30359,0.53042,0.15309,0.24,,0.89284,0.38188,0.88729,0.69035,0.97142
NC_000016.10:89816613:A:T,FANCA,1,0.99191,,17.87,0.99831,0.33696,0.98618,0.74096,0.43284,0.98151,0.64346,,0.01747,0.90417,,0.49811,0.30359,0.53042,0.15309,0.0,,0.88338,0.38302,0.8772,0.69035,0.97085
NC_000016.10:89816614:T:A,FANCA,1,0.98821,,16.85,0.99831,0.14787,0.98095,0.64028,0.17696,0.97577,0.56968,,0.02049,0.85612,,0.35054,0.24926,0.39017,0.16112,0.0,,0.69584,0.34007,0.74536,0.69035,0.95802
NC_000016.10:89816614:T:C,FANCA,1,0.98725,,16.19,0.99831,0.20946,0.98095,0.69108,0.23817,0.93718,0.58571,,0.01137,0.88152,,0.35054,0.24926,0.39017,0.16112,0.0,,0.72317,0.34729,0.74848,0.69035,0.96335
NC_000016.10:89816614:T:G,FANCA,1,0.98758,,16.99,0.99831,0.14787,0.98095,0.64131,0.17696,0.97577,0.56968,,0.02431,0.85612,,0.35054,0.24926,0.39017,0.16112,0.0,,0.69584,0.34007,0.74536,0.69035,0.95802
NC_000017.11:7670668:G:T,TP53,1,0.85905,0.9525,24.8,0.89706,0.79813,0.97127,0.93912,0.81624,0.98057,0.82846,0.42421,0.64318,0.90954,0.8242,0.78994,0.40365,0.77845,0.26071,0.0,0.633306343,0.97407,0.98545,0.9685,0.79385,0.9969
NC_000017.11:7670708:C:A,TP53,1,0.99611,0.9851,25.9,0.92925,0.80888,0.90294,0.98989,0.84007,0.99628,0.88753,0.56377,0.85179,0.99713,0.91962,0.78994,0.75803,0.51683,0.71708,0.0,0.922367706,0.95632,0.99931,0.99908,0.79385,0.99849
NC_000017.11:7670713:A:T,TP53,1,0.93253,0.9958,25.9,0.91564,0.87599,,0.9819,0.78783,0.9951,0.87241,0.64074,0.96496,0.96074,0.85446,0.78994,0.89686,0.87626,0.71708,0.03,0.913145677,0.98032,0.99887,0.97313,0.79385,0.99702
NC_000017.11:7673550:T:A,TP53,1,0.80007,0.3449,25.5,0.8668,0.78525,,0.96234,0.59675,0.98126,0.82217,0.32691,0.57979,0.98965,0.88913,0.64877,0.50648,0.74943,0.32181,0.0,0.705383397,0.7855,0.99589,0.73071,0.80453,0.99939
NC_000017.11:7673762:T:G,TP53,1,0.9945,0.8823,26.2,0.8776,0.89022,0.98095,0.97697,0.65982,0.96964,0.86732,0.31822,0.84128,0.98926,0.90084,0.46238,0.80248,0.75639,0.71708,0.0,0.86836947,0.97204,0.99995,0.99844,0.80702,0.99989
NC_000017.11:7673766:C:T,TP53,1,0.93692,0.9737,27.9,0.89856,0.87986,0.9938,0.97583,0.87521,0.99014,0.82692,0.33765,0.87976,0.96692,0.86536,0.65926,0.86533,0.67055,0.71708,0.0,0.868512817,0.96367,0.9998,0.99829,0.80702,0.99978
NC_000017.11:7673774:C:G,TP53,1,0.99202,0.9994,27.6,0.98008,0.91553,0.9938,0.97621,0.79718,0.99919,0.86088,0.52214,0.89614,0.96954,0.88168,0.65926,0.70446,0.5281,0.71708,0.0,0.955205242,0.9606,0.99986,0.99862,0.80702,0.99989
NC_000017.11:7673776:G:T,TP53,1,0.97919,0.9991,21.5,0.85788,0.85749,0.94202,0.97545,0.63343,0.94534,0.84807,0.54138,0.56173,0.99708,0.89409,0.17223,0.42548,0.2796,0.71708,0.01,0.972342386,0.98443,0.9998,0.99816,0.80702,0.99989
NC_000017.11:7673777:T:G,TP53,1,0.99666,0.9997,27.5,0.90318,0.93081,0.9938,0.99803,0.90153,0.97961,0.97353,0.50307,0.92725,0.9951,0.89409,0.69713,0.88776,0.55303,0.71708,0.0,0.968302347,0.96067,0.99981,0.99864,0.80702,0.99989
NC_000017.11:7673778:C:A,TP53,1,0.96716,0.9959,28.2,0.96346,0.94302,0.9938,0.99285,0.92809,0.98376,0.96829,0.57526,0.94583,0.99301,0.89409,0.69713,0.86533,0.52855,0.71708,0.0,0.969204543,0.96084,0.99979,0.99874,0.80702,0.99989
NC_000017.11:7673778:C:G,TP53,1,0.99234,0.9993,25.3,0.88207,0.91769,,0.99405,0.88698,0.94372,0.94661,0.59687,0.94962,0.9955,0.73897,0.69713,0.86533,0.52855,0.71708,0.01,0.817266539,0.96084,0.99978,0.99874,0.80702,0.99978
NC_000017.11:7673778:C:T,TP53,1,0.99191,0.9988,27.4,0.91308,0.89017,0.98095,0.98815,0.9268,0.96517,0.86242,0.57,0.94975,0.96212,0.89409,0.69713,0.86533,0.52855,0.71708,0.0,0.944380449,0.96084,0.99979,0.99874,0.80702,0.99953
NC_000017.11:7673779:T:G,TP53,1,0.95932,0.9997,22.9,0.92111,0.91232,,0.96382,0.5865,0.99792,0.88499,0.612,0.60604,0.99713,0.75536,0.32575,0.10493,0.35365,0.29746,0.0,0.982017113,0.98235,0.99973,0.99826,0.80702,0.99989
NC_000017.11:7673787:G:A,TP53,1,0.99734,0.9988,27.1,0.88701,0.82458,0.9938,0.99463,0.94914,0.97852,0.82158,0.67394,0.95124,0.98746,0.90662,0.69713,0.99691,0.99706,0.71708,0.0,0.837181191,0.95855,0.99996,0.99898,0.80702,0.99989
NC_000017.11:7673787:G:T,TP53,1,0.99622,0.9974,26.9,0.92347,0.81346,0.9938,0.99189,0.93621,0.99173,0.9253,0.70992,0.93828,0.99054,0.85343,0.69713,0.99691,0.99706,0.71708,0.0,0.871264092,0.9586,0.99996,0.99884,0.80702,0.99989
NC_000017.11:7673794:A:C,TP53,1,0.99302,0.9994,24.6,0.97043,0.94411,,0.98038,0.79367,0.99973,0.92835,0.75988,0.88299,0.99702,0.90283,0.64131,0.46569,0.22768,0.71708,0.01,0.982792529,0.97233,0.99969,0.99838,0.80702,0.99989
NC_000017.11:7673795:C:A,TP53,1,0.999,0.9978,27.8,0.97565,0.93439,0.9938,0.99874,0.9138,0.9999,0.93639,0.71063,0.99081,0.99491,0.90283,0.64131,0.86533,0.67543,0.71708,0.01,0.980906687,0.95993,0.99969,0.99872,0.80702,0.99989
NC_000017.11:7673801:C:A,TP53,1,0.99686,0.9954,25.5,0.94135,0.88591,0.9938,0.98,0.78126,0.98959,0.86088,0.65259,0.91586,0.99686,0.88696,0.64131,0.86533,0.67543,0.71708,0.02,0.949781941,0.9606,0.99982,0.9986,0.80702,0.99989
NC_000017.11:7673802:G:C,TP53,1,0.99547,0.9981,26.2,0.95325,0.91844,0.98095,0.97281,0.65848,0.99157,0.80521,0.61037,0.70475,0.99822,0.88696,0.44926,0.6831,0.83048,0.71708,0.06,0.946171514,0.96602,0.99982,0.99838,0.80702,0.99989
NC_000017.11:7673802:G:T,TP53,1,0.99404,0.9993,25.3,0.93857,0.88578,0.9938,0.97431,0.65835,0.99076,0.84763,0.62447,0.68968,0.99847,0.88696,0.44926,0.6831,0.83048,0.71708,0.05,0.924195167,0.96602,0.99991,0.99838,0.80702,0.99989
NC_000017.11:7673805:C:G,TP53,1,0.96799,0.9653,25.4,0.85429,0.72135,,0.96382,0.79602,0.94456,0.65939,0.43444,0.76977,0.95842,0.88628,0.69713,0.71917,0.67543,0.71708,0.01,0.698564611,0.96781,0.99851,0.9973,0.80702,0.99978
NC_000017.11:7673807:T:A,TP53,1,0.98765,0.9457,27.1,0.95053,0.7158,0.9938,0.99695,0.87474,0.98603,0.90563,0.54614,0.94099,0.99481,0.88325,0.69713,0.88776,0.75639,0.71708,0.02,0.949132338,0.96135,0.99993,0.99844,0.80702,0.99989
NC_000017.11:7673810:A:C,TP53,1,0.9451,0.9612,26.7,0.9812,0.78779,,0.98302,0.77397,0.99499,0.75184,0.68702,0.86948,0.99529,0.71884,0.69713,0.78201,0.80848,0.71708,0.02,0.883351571,0.96744,0.99956,0.99715,0.80702,0.99989
NC_000017.11:7673810:A:G,TP53,1,0.93831,0.9952,27.0,0.98365,0.82934,0.9938,0.98886,0.84903,0.99988,0.80942,0.65265,0.82952,0.99049,0.86274,0.69713,0.78201,0.80848,0.71708,0.0,0.972162918,0.96537,0.99991,0.99788,0.80702,0.99989
NC_000017.11:7673811:A:C,TP53,1,0.92315,0.882,25.8,0.97477,0.63596,,0.9819,0.67278,0.97354,0.65989,0.63746,0.97744,0.97046,0.41262,0.69713,0.96021,0.92108,0.71708,0.0,0.755744095,0.97866,0.99879,0.99366,0.80702,0.99978
NC_000017.11:7673820:G:C,TP53,1,0.99219,0.9913,26.8,0.92696,0.9052,,0.9892,0.72317,0.99729,0.86433,0.52096,0.75155,0.99699,0.8927,0.47956,0.4351,0.5165,0.39528,0.02,0.903938131,0.96289,0.99995,0.99849,0.80702,0.99989
NC_000017.11:7673822:C:T,TP53,1,0.99422,0.9988,27.4,0.94696,0.92943,0.9938,0.99718,0.90963,0.99446,0.80019,0.69759,0.98097,0.99038,0.90084,0.69713,0.86533,0.67543,0.71708,0.0,0.907992095,0.95855,0.99997,0.99898,0.80702,0.99989
NC_000017.11:7673823:C:G,TP53,1,0.99384,0.9986,26.7,0.95186,0.9181,,0.99463,0.90115,0.99735,0.82664,0.71064,0.98091,0.99142,0.90084,0.69713,0.86533,0.67543,0.71708,0.0,0.9516722,0.95855,0.99997,0.99898,0.80702,0.99989
NC_000017.11:7673823:C:T,TP53,1,0.99378,0.9986,26.9,0.95186,0.9181,,0.99463,0.90115,0.99735,0.82664,0.71064,0.98097,0.99142,0.90084,0.69713,0.86533,0.67543,0.71708,0.0,0.9516722,0.95855,0.99997,0.99898,0.80702,0.99989
NC_000017.11:7673825:A:T,TP53,1,0.99015,0.9105,32.0,0.98645,0.85956,,0.99491,0.88141,0.97944,0.72984,0.45451,0.97942,0.99758,0.89752,0.69713,0.96021,0.92108,0.71708,0.32,0.947142064,0.96089,0.99997,0.9986,0.80702,0.99989
NC_000017.11:7674186:T:G,TP53,1,0.68685,0.8494,22.7,0.6105,0.56194,,0.88724,0.46258,0.77957,0.61443,0.5022,0.46927,0.94687,0.76668,0.54778,0.50994,0.5453,0.71708,0.0,0.55541692,0.98368,0.93441,0.99228,0.80702,0.99909
NC_000017.11:7674201:A:T,TP53,1,0.97102,0.9911,24.6,0.96972,0.9393,0.9938,0.99434,0.83186,0.99683,0.86836,0.82523,0.98468,0.98227,0.88628,0.56929,0.96021,0.90333,0.71708,0.0,0.980455942,0.96554,0.99983,0.99792,0.80702,0.99978
NC_000017.11:7674205:T:C,TP53,1,0.86896,0.5944,21.8,0.67999,0.58129,,0.95495,0.58543,0.86207,0.6359,0.38598,0.57804,0.92555,0.70568,0.56929,0.58363,0.73731,0.71708,0.0,0.399461843,0.9744,0.99766,0.99539,0.80702,0.99966
NC_000017.11:7674211:T:A,TP53,1,0.98356,0.961,24.8,0.94298,0.84173,,0.99434,0.8004,0.95592,0.93979,0.72478,0.98552,0.99538,0.88769,0.56929,0.88776,0.7382,0.71708,0.0,0.830676126,0.96254,0.99948,0.99809,0.80638,0.99989
NC_000017.11:7674213:G:A,TP53,1,0.99746,0.9135,26.5,0.92191,0.78939,0.9938,0.99434,0.91505,0.93525,0.78876,0.90304,0.97678,0.99392,0.8996,0.56929,0.99691,0.98163,0.71708,0.0,0.63745648,0.95698,0.9999,0.99889,0.80638,0.99989
NC_000017.11:7674216:C:G,TP53,1,0.99418,0.9994,25.1,0.88771,0.89302,0.91889,0.98,0.75858,0.99281,0.92287,0.74699,0.98445,0.99243,0.85042,0.40834,0.86533,0.65701,0.31274,0.0,0.88656631,0.96438,0.99996,0.99816,0.80638,0.99989
NC_000017.11:7674220:G:C,TP53,1,0.99715,0.9985,26.3,0.96641,0.93924,0.9938,0.98414,0.64408,0.99482,0.8958,0.64001,0.71545,0.99689,0.90084,0.29803,0.27338,0.60926,0.71708,0.0,0.808990059,0.97944,0.99995,0.99829,0.80638,0.99989
NC_000017.11:7674220:GG:AA,TP53,1,,,,,,,,,,,,,,,,,,,,,,,,,
NC_000017.11:7674224:C:G,TP53,1,0.968,0.9793,25.1,0.98723,0.56751,0.9938,0.949,0.62539,0.97506,0.51198,0.72616,0.9772,0.92925,0.52928,0.56929,0.86533,0.52512,0.71708,0.0,0.694877663,0.97508,0.99781,0.99418,0.80638,0.99966
NC_000017.11:7674224:C:T,TP53,1,0.96732,0.9793,25.5,0.98723,0.56751,0.9938,0.949,0.62539,0.97506,0.51198,0.72616,0.9772,0.92898,0.52928,0.56929,0.86533,0.52512,0.71708,0.0,0.694877663,0.97508,0.99781,0.99418,0.80638,0.99966
NC_000017.11:7674225:A:T,TP53,1,0.97971,0.9922,25.2,0.99579,0.85658,,0.99463,0.87772,0.99956,0.85408,0.80543,0.9834,0.97,0.86696,0.56929,0.96021,0.76658,0.71708,0.0,0.945036898,0.96994,0.99988,0.99711,0.80638,0.99978
NC_000017.11:7674227:GC:AT,TP53,1,,,,,,,,,,,,,,,,,,,,0.939310955,,,,,
NC_000017.11:7674228:C:A,TP53,1,0.99857,0.9969,26.4,0.94942,0.86387,0.9938,0.99695,0.90795,0.99864,0.84451,0.66945,0.98138,0.99398,0.90472,0.56929,0.86533,0.52497,0.71708,0.0,0.962185693,0.95698,0.99992,0.99889,0.80638,0.99989
NC_000017.11:7674231:C:A,TP53,1,0.99857,0.9973,25.9,0.98008,0.82972,0.9938,0.99024,0.89927,0.99264,0.79865,0.67849,0.98138,0.98669,0.8996,0.56929,0.86533,0.52497,0.71708,0.01,0.951491902,0.95697,0.99995,0.99884,0.80638,0.99989
NC_000017.11:7674231:C:G,TP53,1,0.99446,0.9878,25.3,0.94942,0.76256,,0.98038,0.8987,0.99268,0.64643,0.672,0.97397,0.96825,0.8996,0.56929,0.86533,0.52497,0.71708,0.0,0.895732081,0.95697,0.99996,0.99884,0.80638,0.99978
NC_000017.11:7674231:C:T,TP53,1,0.99775,0.9987,26.5,0.97391,0.83061,0.9938,0.99157,0.89921,0.96953,0.8273,0.78739,0.98306,0.98473,0.8996,0.56929,0.86533,0.52497,0.71708,0.01,0.698583408,0.95697,0.99998,0.99884,0.80638,0.99978
NC_000017.11:7674232:C:T,TP53,1,0.99004,0.9907,26.1,0.96374,0.76506,0.9938,0.98561,0.84315,0.96925,0.74788,0.67661,0.9769,0.96923,0.79371,0.56929,0.86533,0.65701,0.71708,0.0,0.656718776,0.95692,0.99953,0.99841,0.80638,0.99978
NC_000017.11:7674236:G:C,TP53,1,0.99799,0.9994,25.2,0.96869,0.90992,0.9938,0.98707,0.73901,0.9996,0.89471,0.83536,0.8733,0.9949,0.90662,0.40956,0.42682,0.36234,0.71708,0.0,0.980009988,0.96386,0.99985,0.99908,0.80638,0.99978
NC_000017.11:7674240:G:T,TP53,1,0.99753,0.9984,27.1,0.98805,0.89086,0.9938,0.99376,0.74521,0.99654,0.95502,0.72213,0.59097,0.99149,0.90662,0.40834,0.37325,0.96801,0.71708,0.01,0.964222633,0.96248,0.99995,0.9986,0.80638,0.99966
NC_000017.11:7674241:A:C,TP53,1,0.99039,0.9765,24.2,0.978,0.75171,,0.95643,0.70823,0.9937,0.89907,0.62974,0.54581,0.96021,0.90662,0.39502,0.3479,0.80156,0.71708,0.0,0.920053215,0.97612,0.99983,0.99799,0.80638,0.99966
NC_000017.11:7674241:A:T,TP53,1,0.99225,0.9465,24.0,0.97391,0.81922,0.9938,0.98038,0.67371,0.94577,0.79689,0.65286,0.36332,0.98743,0.85343,0.39502,0.3479,0.80156,0.71708,0.0,0.621685419,0.97906,0.99963,0.99726,0.80638,0.99978
NC_000017.11:7674243:C:T,TP53,1,0.91395,0.9618,24.6,0.96937,0.60595,,0.9138,0.65861,0.97661,0.70969,0.59171,0.48045,0.91067,0.59901,0.40956,0.41791,0.4585,0.71708,0.0,0.633092125,0.96527,0.99722,0.99549,0.80638,0.99939
NC_000017.11:7674244:T:C,TP53,1,0.94525,0.8955,25.0,0.96869,0.61105,0.98095,0.9616,0.69186,0.94213,0.63738,0.46951,0.64093,0.93588,0.59901,0.56929,0.46171,0.72147,0.71708,0.0,0.693157486,0.96857,0.99848,0.99665,0.80638,0.99939
NC_000017.11:7674246:T:C,TP53,1,0.94753,0.7939,24.9,0.87687,0.59375,,0.97092,0.78999,0.94251,0.74516,0.52897,0.96057,0.9718,0.87212,0.56929,0.87204,0.71836,0.71708,0.04,0.674770285,0.96994,0.99986,0.99711,0.80638,0.99864
NC_000017.11:7674248:A:C,TP53,1,0.99904,0.9996,22.7,0.95428,0.94642,0.9938,0.97054,0.59323,0.99971,0.84548,0.9333,0.84782,0.99764,0.90781,0.16417,0.24537,0.22274,0.42797,0.0,0.972399221,0.95068,0.99971,0.99964,0.80638,0.99989
NC_000017.11:7674249:C:A,TP53,1,0.99953,0.9996,32.0,0.9629,0.93547,0.9938,0.99315,0.9012,0.9999,0.76239,0.90115,0.98753,0.99379,0.90781,0.47014,0.84953,0.63756,0.71708,0.22,0.971087466,0.95483,0.99971,0.9997,0.80638,0.99989
NC_000017.11:7674249:C:G,TP53,1,0.99914,0.9996,28.1,0.96077,0.92507,0.9938,0.9892,0.90118,0.99985,0.7836,0.88928,0.98753,0.99126,0.90781,0.47014,0.84953,0.63756,0.71708,0.11,0.973540585,0.95483,0.99977,0.9997,0.80638,0.99978
NC_000017.11:7674250:A:G,TP53,1,0.9996,0.9997,26.9,0.97391,0.95851,0.9938,0.99189,0.89441,0.99993,0.8144,0.95379,0.99021,0.9945,0.90781,0.47014,0.9446,0.88381,0.71708,0.0,0.970167185,0.94984,0.99971,0.99968,0.80638,0.99989
NC_000017.11:7674251:C:A,TP53,1,0.99687,0.9957,25.5,0.99078,0.67539,0.9938,0.98076,0.78394,0.95349,0.72758,0.70554,0.9312,0.96418,0.8996,0.34949,0.84953,0.63756,0.71708,0.08,0.805115431,0.9774,0.99991,0.99669,0.80638,0.99966
NC_000017.11:7674251:C:G,TP53,1,0.99687,0.9957,24.8,0.99078,0.67539,0.9938,0.98076,0.78394,0.95349,0.72758,0.70554,0.9312,0.96429,0.8996,0.34949,0.84953,0.63756,0.71708,0.01,0.805115431,0.9774,0.99991,0.99669,0.80638,0.99966
NC_000017.11:7674252:A:T,TP53,1,0.97437,0.9612,25.4,0.99579,0.90207,,0.99285,0.87441,0.99684,0.93667,0.78225,0.95699,0.9776,0.84247,0.47014,0.9446,0.88381,0.71708,0.0,0.730476135,0.96539,0.9998,0.99806,0.80638,0.99978
NC_000017.11:7674262:A:G,TP53,1,0.96898,0.9891,25.5,0.92778,0.66412,0.9938,0.96829,0.79028,0.98047,0.77039,0.78071,0.54218,0.96197,0.84364,0.56929,0.59956,0.79813,0.71708,0.0,0.925573973,0.96554,0.99976,0.99792,0.80638,0.99939
NC_000017.11:7674262:A:T,TP53,1,0.97677,0.9909,26.0,0.9658,0.77111,0.93005,0.98743,0.7866,0.994,0.91121,0.77117,0.6743,0.97906,0.84364,0.56929,0.59956,0.79813,0.71708,0.0,0.90241173,0.96554,0.99977,0.99792,0.80638,0.99978
NC_000017.11:7674267:A:C,TP53,1,0.93691,0.9826,26.8,0.91549,0.85601,,0.98525,0.83139,0.9737,0.94737,0.40237,0.92472,0.9874,0.80458,0.56929,0.95267,0.86662,0.71708,0.01,0.768713315,0.97042,0.99947,0.99684,0.80638,0.99939
NC_000017.11:7674267:A:T,TP53,1,0.94234,0.9876,26.9,0.92881,0.81243,,0.97811,0.79605,0.92886,0.94238,0.47718,0.92472,0.94486,0.49116,0.56929,0.95267,0.86662,0.71708,0.0,0.674449781,0.97441,0.99865,0.99536,0.80638,0.99966
NC_000017.11:7674872:A:G,TP53,1,0.96812,0.9633,25.5,0.94696,0.75152,0.90819,0.97545,0.83189,0.84624,0.78784,0.61869,0.8686,0.976,0.67703,0.74104,0.96021,0.89501,0.71708,0.0,0.735899873,0.96767,0.99931,0.99704,0.80638,0.99966
NC_000017.11:7674889:T:C,TP53,1,0.92803,0.9451,25.3,0.82924,0.64611,0.9938,0.96643,0.74293,0.96538,0.73668,0.33351,0.92181,0.98576,0.70268,0.74104,0.88776,0.72963,0.71708,0.07,0.774897967,0.97254,0.98462,0.99632,0.80638,0.99939
NC_000017.11:7674916:T:C,TP53,1,0.99106,0.9974,25.2,0.9387,0.85911,0.9938,0.96198,0.57795,0.99371,0.78098,0.5267,0.92469,0.99599,0.85242,0.51062,0.88776,0.72804,0.71708,0.0,0.889901516,0.97085,0.99986,0.99826,0.80638,0.99989
NC_000017.11:7674917:A:C,TP53,1,0.99067,0.9971,25.9,0.89127,0.89549,0.9938,0.98152,0.74732,0.99667,0.96242,0.5213,0.93728,0.99797,0.90596,0.78301,0.80511,0.8936,0.71708,0.07,0.952897175,0.96026,0.99984,0.99867,0.80638,0.99989
NC_000017.11:7674917:A:G,TP53,1,0.98379,0.9986,25.0,0.88723,0.77601,,0.97205,0.62943,0.93342,0.76594,0.53875,0.92996,0.99054,0.90596,0.78301,0.80511,0.8936,0.71708,0.05,0.690598774,0.96101,0.9996,0.99846,0.80638,0.99978
NC_000017.11:7674934:C:A,TP53,1,0.98776,0.9687,27.2,0.95712,0.7121,0.96289,0.97167,0.83858,0.99689,0.86832,0.61337,0.99084,0.96477,0.87619,0.74104,0.86533,0.64452,0.71708,0.0,0.925675187,0.96847,0.9998,0.99773,0.80638,0.99966
NC_000017.11:7674952:T:G,TP53,1,0.99563,0.9975,26.8,0.98301,0.91764,0.9938,0.96086,0.63833,0.99903,0.91112,0.70687,0.99541,0.99649,0.90472,0.51062,0.88776,0.72963,0.71708,0.0,0.964049895,0.97085,0.99995,0.99826,0.80638,0.99989
NC_000017.11:7674953:G:T,TP53,1,0.98826,0.9845,29.0,0.97008,0.81793,,0.96271,0.89515,0.99605,0.89846,0.76752,0.9806,0.97516,0.85042,0.78301,0.99691,0.97442,0.71708,0.15,0.865830257,0.96257,0.99967,0.99862,0.80638,0.99978
NC_000017.11:7674961:G:A,TP53,1,0.88907,0.7083,28.0,0.82651,0.51417,0.87702,0.94373,0.63599,0.90283,0.63956,0.66003,0.86701,0.95597,0.62976,0.53142,0.87455,0.98402,0.71708,0.06,0.639730273,0.9761,0.99837,0.99587,0.80638,0.99939
NC_000017.11:7675069:C:G,TP53,1,0.98273,0.9881,25.9,0.88203,0.65793,0.9938,0.96979,0.6604,0.99879,0.68419,0.36407,0.73614,0.98123,0.78847,0.50161,0.267,0.52321,0.23071,0.03,0.924174583,0.97195,0.98901,0.99684,0.80547,0.99989
NC_000017.11:7675074:A:C,TP53,1,0.99232,0.999,2.923,0.94283,0.77738,0.9938,0.93044,0.23084,0.99394,0.84682,0.54208,0.50231,0.98015,0.8996,0.00584,0.06108,0.01549,0.24145,0.0,0.939447529,0.99851,0.99995,0.99867,0.80547,0.99989
NC_000017.11:7675074:A:T,TP53,1,0.99165,0.999,2.001,0.94283,0.77738,0.9938,0.93044,0.23084,0.99394,0.84682,0.54208,0.43313,0.97997,0.8996,0.00584,0.06108,0.01549,0.24145,0.0,0.939447529,0.99851,0.99995,0.99867,0.80547,0.99989
NC_000017.11:7675076:G:C,TP53,1,0.94918,0.9985,26.7,0.97231,0.88995,0.9938,0.97811,0.94284,0.98082,0.9779,0.57063,0.97704,0.96545,0.8996,0.84669,0.99691,0.98811,0.71708,0.0,0.49473922,0.95801,0.99982,0.99896,0.80547,0.99989
NC_000017.11:7675077:G:C,TP53,1,0.95517,0.9953,22.3,0.88327,0.37213,0.9938,0.93989,0.54617,0.97383,0.59451,0.35921,0.68539,0.93368,0.65215,0.21125,0.52741,0.39034,0.71708,0.0,0.823313041,0.99377,0.99899,0.99457,0.80547,0.99978
NC_000017.11:7675077:G:T,TP53,1,0.95524,0.9953,22.3,0.88327,0.37213,0.9938,0.93989,0.54617,0.97383,0.59451,0.35921,0.68108,0.93382,0.65215,0.21125,0.52741,0.39034,0.71708,0.0,0.823313041,0.99377,0.99899,0.99457,0.80547,0.99978
NC_000017.11:7675079:G:C,TP53,1,0.9581,0.9988,25.7,0.94078,0.60381,0.9938,0.96903,0.7126,0.98747,0.76257,0.38701,0.6419,0.93831,0.85543,0.56929,0.31082,0.98811,0.36308,0.0,0.903081641,0.97175,0.9998,0.99662,0.80547,0.99978
NC_000017.11:7675081:G:C,TP53,1,0.99691,0.9661,27.3,0.8882,0.56902,0.9938,0.96941,0.89159,0.96934,0.7227,0.67603,0.97886,0.91319,0.8962,0.56706,0.99691,0.8297,0.71708,0.0,0.826869262,0.957,0.99991,0.99884,0.80547,0.99978
NC_000017.11:7675083:GCA:CCG,TP53,1,,,,,,,,,,,,,,,,,,,,0.92277484,,,,,
NC_000017.11:7675084:C:A,TP53,1,0.99919,0.999,27.5,0.96972,0.88958,0.9938,0.99091,0.89457,0.99996,0.89226,0.7435,0.99552,0.98523,0.90781,0.56706,0.86533,0.52575,0.71708,0.0,0.960653726,0.95852,0.99987,0.99979,0.80547,0.99989
NC_000017.11:7675088:G:C,TP53,1,0.99856,0.9953,27.0,0.93938,0.88739,0.9938,0.94563,0.63743,0.99602,0.8538,0.57271,0.74541,0.99904,0.90084,0.26487,0.57215,0.8172,0.71708,0.02,0.932606768,0.98039,0.99995,0.99849,0.80547,0.99989
NC_000017.11:7675093:A:G,TP53,1,0.99328,0.9926,24.3,0.96769,0.69613,0.9938,0.91722,0.59018,0.95551,0.71296,0.71678,0.72909,0.99137,0.90596,0.25973,0.96021,0.80566,0.71708,0.0,0.902200416,0.98488,0.99987,0.99802,0.80547,0.99989
NC_000017.11:7675094:C:A,TP53,1,0.98058,0.9942,23.9,0.95513,0.64539,0.9938,0.96457,0.8383,0.98906,0.78373,0.69532,0.93926,0.97533,0.90596,0.84669,0.86533,0.66596,0.71708,0.0,0.669734843,0.96534,0.99977,0.99854,0.80547,0.99978
NC_000017.11:7675098:C:A,TP53,1,0.74588,0.3892,1.74,0.72584,0.2853,,0.8394,0.20157,0.73539,0.62444,0.54109,0.45254,0.88157,0.42446,0.29236,0.02663,0.07496,0.1381,0.0,0.305488448,0.97876,0.9639,0.99159,0.80547,0.99894
NC_000017.11:7675108:T:A,TP53,1,0.91617,0.7531,21.8,0.78476,0.66771,,0.81273,0.33532,0.80033,0.83777,0.5124,0.62575,0.97258,0.80458,0.16791,0.64969,0.36324,0.71708,0.0,0.849108964,0.98096,0.99963,0.99389,0.80547,0.99966
NC_000017.11:7675108:T:G,TP53,1,0.91546,0.9646,22.3,0.93533,0.8185,,0.79841,0.43621,0.93973,0.84865,0.4977,0.7796,0.96098,0.87533,0.16791,0.64969,0.36324,0.71708,0.0,0.941368343,0.982,0.99993,0.99559,0.80547,0.99978
NC_000017.11:7675117:T:A,TP53,1,0.75751,0.2476,23.9,0.65348,0.45961,,0.82655,0.26468,0.7617,0.57147,0.31968,0.96257,0.97095,0.12865,0.54363,0.88776,0.74697,0.71708,0.0,0.226595402,0.97836,0.99626,0.98249,0.80547,0.99864
NC_000017.11:7675130:C:T,TP53,1,0.90591,0.9563,24.3,0.87341,0.58871,0.9938,0.93044,0.66666,0.88131,0.61295,0.48243,0.5787,0.93717,0.85543,0.56929,0.26799,0.66596,0.42797,0.0,0.889305191,0.96458,0.99592,0.99799,0.80547,0.99966
NC_000017.11:7675135:G:A,TP53,1,0.97874,0.6808,24.1,0.85921,0.50257,0.91889,0.92391,0.42612,0.85543,0.63491,0.42757,0.94193,0.95083,0.65068,0.28684,0.8961,0.83054,0.71708,0.0,0.401227114,0.97991,0.99887,0.99556,0.80547,0.99864
NC_000017.11:7675135:G:T,TP53,1,0.99398,0.9985,24.8,0.9187,0.86126,0.9938,0.94825,0.57079,0.99512,0.97782,0.51423,0.90822,0.97532,0.87374,0.28684,0.8961,0.83054,0.71708,0.0,0.890890175,0.97657,0.99995,0.99829,0.80547,0.99939
NC_000017.11:7675137:GC:AA,TP53,1,,,,,,,,,,,,,,,,,,,,0.880676172,,,,,
NC_000017.11:7675138:C:A,TP53,1,0.99845,0.9902,23.6,0.93659,0.87221,0.9938,0.96866,0.63112,0.99276,0.85914,0.45613,0.97197,0.99505,0.8927,0.57158,0.86533,0.5267,0.71708,0.0,0.880676172,0.9619,0.99995,0.99857,0.80547,0.99953
NC_000017.11:7675139:G:C,TP53,1,0.99916,0.9963,23.0,0.95015,0.91733,0.9938,0.95791,0.59147,0.98976,0.84573,0.42894,0.71925,0.99625,0.8927,0.39984,0.46239,0.77879,0.71708,0.0,0.940842663,0.97229,0.99995,0.99838,0.80547,0.99953
NC_000017.11:7675139:G:T,TP53,1,0.99792,0.9981,22.7,0.93533,0.88993,0.98095,0.95865,0.59141,0.99348,0.81814,0.44003,0.55584,0.99689,0.8927,0.39984,0.46239,0.77879,0.71708,0.0,0.882291902,0.97229,0.99996,0.99838,0.80547,0.99953
NC_000017.11:7675141:A:C,TP53,1,0.99137,0.9524,23.9,0.9442,0.86427,,0.9616,0.73901,0.99676,0.94476,0.28443,0.95442,0.9868,0.82641,0.80334,0.96021,0.91202,0.71708,0.0,0.94988285,0.9648,0.99991,0.99799,0.80547,0.99939
NC_000017.11:7675144:C:G,TP53,1,0.88701,0.9793,17.56,0.86843,0.8219,0.9938,0.84591,0.46268,0.91945,0.84281,0.16995,0.81496,0.96315,0.52694,0.3857,0.61537,0.26111,0.26277,0.0,0.760890776,0.99515,0.9468,0.99536,0.80547,0.99849
NC_000017.11:7675147:G:T,TP53,1,0.92442,0.7722,12.82,0.71573,0.44712,0.9938,0.81155,0.07933,0.91698,0.87971,0.19219,0.48605,0.86874,0.66227,0.1153,0.31995,0.39902,0.23769,0.0,0.853392454,0.99224,0.98358,0.99622,0.80547,0.99726
NC_000017.11:7675156:G:C,TP53,1,0.99644,0.6385,24.4,0.92264,0.75281,0.97127,0.95458,0.88477,0.98474,0.82105,0.36075,0.97906,0.96162,0.89203,0.84669,0.99691,0.99149,0.71708,0.0,0.951780635,0.96084,0.99963,0.99898,0.80547,0.99924
NC_000017.11:7675159:G:C,TP53,1,0.98426,0.9897,24.7,0.89076,0.74181,0.89772,0.97659,0.7888,0.99073,0.89183,0.43854,0.80534,0.97156,0.88913,0.57158,0.89711,0.8306,0.71708,0.0,0.943103661,0.95906,0.99996,0.99882,0.80547,0.99924
NC_000017.11:7675159:GG:AA,TP53,1,,,,,,,,,,,,,,,,,,,,0.830486637,,,,,
NC_000017.11:7675160:G:C,TP53,1,0.98356,0.6047,23.2,0.83088,0.54136,0.9938,0.96792,0.82069,0.95546,0.72321,0.353,0.90785,0.96751,0.7721,0.84669,0.88077,0.99224,0.71708,0.02,0.720309529,0.96114,0.9997,0.99874,0.80547,0.99924
NC_000017.11:7675183:A:G,TP53,1,0.90413,0.9245,23.8,0.84098,0.59109,0.9938,0.82655,0.56039,0.91118,0.71432,0.4111,0.80218,0.97022,0.85814,0.2503,0.95295,0.80701,0.71708,0.0,0.862655713,0.98952,0.99985,0.99669,0.80547,0.99864
NC_000017.11:7675188:G:C,TP53,1,0.98941,0.9877,23.2,0.88442,0.79463,0.93592,0.93757,0.5884,0.98157,0.85452,0.80329,0.93723,0.98247,0.88325,0.25973,0.26265,0.33804,0.71708,0.0,0.854329134,0.98753,0.99987,0.99754,0.80547,0.99939
NC_000017.11:7675207:C:A,TP53,1,0.95124,0.986,26.0,0.96972,0.8071,0.9938,0.99376,0.9156,0.99963,0.83872,0.69438,0.99851,0.98761,0.87212,0.80665,0.86138,0.67003,0.71708,0.0,0.975084443,0.97116,0.99974,0.9975,0.80547,0.99953
NC_000017.11:7675208:A:C,TP53,1,0.97812,0.9352,26.8,0.98239,0.80856,0.97127,0.99518,0.90275,0.99986,0.90706,0.63793,0.99817,0.99672,0.87212,0.80665,0.95545,0.91463,0.71708,0.0,0.975279917,0.96934,0.99975,0.99719,0.80547,0.99953
NC_000017.11:7675208:A:G,TP53,1,0.97745,0.9978,27.2,0.98063,0.91165,0.9938,0.99491,0.90584,0.99998,0.92722,0.79051,0.99815,0.997,0.87212,0.80665,0.95545,0.91463,0.71708,0.0,0.982046976,0.96934,0.99975,0.99719,0.80547,0.99953
NC_000017.11:7675211:A:T,TP53,1,0.97308,0.9978,25.3,0.87778,0.7705,0.8822,0.99221,0.91674,0.99045,0.74847,0.53729,0.98408,0.97171,0.85543,0.80665,0.95545,0.80742,0.71708,0.0,0.969440386,0.96434,0.99981,0.99809,0.80547,0.99924
NC_000017.11:7675215:C:A,TP53,1,0.99379,0.9987,23.8,0.96181,0.87577,0.96289,0.97016,0.71649,0.99845,0.91268,0.56243,0.66649,0.97494,0.89892,0.39151,0.30396,0.31715,0.71708,0.01,0.841940124,0.97093,0.99996,0.99844,0.80547,0.99894
NC_000017.11:7675215:C:G,TP53,1,0.9937,0.9987,23.6,0.96181,0.87577,,0.97016,0.71649,0.99845,0.91268,0.56243,0.67946,0.97492,0.89892,0.39151,0.30396,0.31715,0.71708,0.0,0.841940124,0.97093,0.99996,0.99844,0.80547,0.99894
NC_000017.11:7675216:T:C,TP53,1,0.99123,0.5077,32.0,0.89424,0.78766,0.9938,0.97507,0.7059,0.95826,0.69029,0.45004,0.96967,0.99669,0.75003,0.52566,0.88313,0.7509,0.71708,0.23,0.537770843,0.9757,0.99839,0.9973,0.80547,0.99939
NC_000017.11:7675219:T:A,TP53,1,0.97901,0.9111,25.5,0.89151,0.73259,0.9938,0.98671,0.8909,0.97604,0.86687,0.40601,0.98892,0.97233,0.86274,0.80665,0.88313,0.7509,0.71708,0.0,0.92620571,0.96873,0.99978,0.99734,0.80547,0.99879
NC_000017.11:7675222:A:G,TP53,1,0.99565,0.9844,26.3,0.97902,0.87739,0.9938,0.98227,0.74556,0.99316,0.84396,0.70689,0.99716,0.99859,0.90151,0.5219,0.94971,0.91592,0.71708,0.0,0.971055672,0.96873,0.99994,0.99846,0.80547,0.99953
NC_000017.11:7675222:A:T,TP53,1,0.99593,0.916,26.1,0.98239,0.75535,0.9938,0.98114,0.74517,0.95359,0.86026,0.66458,0.96184,0.99867,0.90151,0.5219,0.94971,0.91592,0.71708,0.0,0.941706144,0.96537,0.99996,0.99874,0.80547,0.99939
NC_000017.11:7675231:G:T,TP53,1,0.96956,0.9839,25.3,0.97565,0.86794,0.97127,0.97887,0.90752,0.99186,0.94661,0.54596,0.98708,0.99464,0.90151,0.5457,0.98964,0.99224,0.71708,0.0,0.948282595,0.95231,0.99996,0.99927,0.80547,0.99939
NC_000017.11:7675232:A:G,TP53,1,0.95697,0.9962,25.3,0.97902,0.9297,0.9938,0.99285,0.909,0.99529,0.86738,0.48087,0.99914,0.98817,0.90151,0.80665,0.79781,0.91592,0.71708,0.0,0.961995157,0.95143,0.99996,0.99932,0.80547,0.99939
NC_000017.11:7675994:G:C,TP53,1,0.99491,0.9823,29.4,0.94328,0.80156,0.9938,0.99463,0.9052,0.99915,0.91116,0.56126,0.98919,0.99408,0.89821,0.59936,0.88061,0.9756,0.71708,0.07,0.883459772,0.96446,0.99994,0.99792,0.80547,0.99953
NC_000017.11:7676030:A:C,TP53,1,0.98776,0.9677,25.8,0.89576,0.82258,,0.99124,0.84635,0.97969,0.87525,0.68096,0.75194,0.99101,0.89483,0.59936,0.66987,0.89866,0.71708,0.01,0.817634226,0.96162,0.99967,0.99841,0.80547,0.99939
NC_000017.11:7676036:A:T,TP53,1,0.96929,0.9593,24.2,0.88323,0.8761,,0.96049,0.73713,0.99345,0.91983,0.48098,0.90019,0.98335,0.8448,0.59936,0.80052,0.89768,0.29406,0.0,0.973361134,0.96677,0.99977,0.99738,0.80547,0.99924
NC_000017.11:7676038:AC:GG,TP53,1,,,,,,,,,,,,,,,,,,,,0.793004835,,,,,
NC_000017.11:7676039:C:A,TP53,1,0.88769,0.2152,14.83,0.65662,0.37121,0.9938,0.85804,0.24206,0.68083,0.66236,0.1844,0.39994,0.98118,0.64741,0.09779,0.24003,0.02379,0.23678,0.01,0.623710507,0.99935,0.99572,0.99172,0.80547,0.9982
NC_000017.11:7676042:A:C,TP53,1,0.99672,0.9844,26.0,0.9205,0.92956,,0.99518,0.87541,0.99624,0.87041,0.71044,0.91588,0.99568,0.90472,0.59936,0.80052,0.89866,0.71708,0.0,0.971606248,0.96119,0.99995,0.99854,0.80547,0.99953
NC_000017.11:7676043:A:T,TP53,1,0.98974,0.9571,32.0,0.90235,0.89408,,0.94862,0.81861,0.99261,0.89256,0.68505,0.62374,0.97652,0.85042,0.59936,0.61682,0.89866,0.71708,0.64,0.97515175,0.97659,0.99995,0.99777,0.80547,0.99939
NC_000017.11:7676055:C:G,TP53,1,0.99758,0.9962,23.3,0.90482,0.90876,,0.97887,0.76639,0.98641,0.81475,0.76166,0.80123,0.99362,0.90151,0.59936,0.73104,0.65199,0.71708,0.07,0.924921065,0.95755,0.99995,0.99891,0.80547,0.99953
NC_000017.11:7676055:C:T,TP53,1,0.99645,0.9562,21.4,0.8476,0.84193,0.97127,0.96569,0.74335,0.91688,0.75136,0.66089,0.76307,0.98068,0.90151,0.59936,0.73104,0.65199,0.71708,0.06,0.620818359,0.95796,0.99996,0.99891,0.80547,0.99924
NC_000017.11:43045708:A:G,BRCA1,1,0.90472,0.8666,26.1,0.90488,0.68879,0.9938,0.90551,0.70617,0.77206,0.58897,0.41328,0.71916,0.88788,0.66633,0.49298,0.63646,0.76314,0.71708,0.0,0.859417115,0.92513,0.69352,0.9305,0.81664,0.99909
NC_000017.11:43045711:T:C,BRCA1,1,0.89944,0.704,27.0,0.92747,0.74544,0.98095,0.94825,0.79151,0.73197,0.7079,0.48482,0.72002,0.97964,0.67703,0.75361,0.58668,0.72532,0.71708,0.0,0.862835569,0.97683,0.75756,0.97293,0.81664,0.99909
NC_000017.11:43045711:T:G,BRCA1,1,0.91493,0.832,26.5,0.92606,0.79368,,0.95012,0.79144,0.87158,0.80328,0.42361,0.70179,0.96878,0.67703,0.75361,0.58668,0.72532,0.71708,0.0,0.871527367,0.97683,0.75756,0.97293,0.81664,0.99939
NC_000017.11:43045712:A:G,BRCA1,1,0.85526,0.8666,26.4,0.81536,0.73242,,0.9272,0.80526,0.76044,0.60539,0.49845,0.6732,0.97128,0.67703,0.75361,0.63646,0.89101,0.71708,0.0,0.858740091,0.97061,0.74854,0.9678,0.81664,0.99879
NC_000017.11:43045712:A:T,BRCA1,1,0.92176,0.8579,26.5,0.9487,0.79947,,0.94788,0.80526,0.80896,0.81975,0.49378,0.66555,0.97955,0.67703,0.75361,0.63646,0.89101,0.71708,0.0,0.86414225,0.97683,0.75756,0.97293,0.81664,0.99924
NC_000017.11:43045742:C:G,BRCA1,1,0.86106,0.9644,22.9,0.89404,0.83001,0.9938,0.89331,0.69677,0.74432,0.96839,0.24889,0.64265,0.97517,0.63999,0.51062,0.47373,0.39332,0.71708,0.0,0.826165336,0.95232,0.74384,0.93528,0.81664,0.99879
NC_000017.11:43045746:A:C,BRCA1,1,0.90256,0.9963,17.99,0.91029,0.80492,0.76691,0.90772,0.27628,0.85948,0.99558,0.42811,0.31199,0.84584,0.66633,0.02579,0.05455,0.07371,0.2507,0.0,0.867545856,0.93455,0.75446,0.94303,0.81664,0.99909
NC_000017.11:43045747:C:A,BRCA1,1,0.90401,0.9538,26.8,0.90974,0.69339,,0.91848,0.82417,0.86221,0.97085,0.39979,0.62317,0.9784,0.66633,0.75361,0.58309,0.64564,0.39528,0.0,0.854322133,0.95869,0.7561,0.95741,0.81664,0.99924
NC_000017.11:43045747:C:T,BRCA1,1,0.88315,0.9072,24.1,0.86868,0.66081,0.97127,0.85493,0.82169,0.79165,0.9479,0.41235,0.62902,0.98778,0.66633,0.75361,0.58309,0.64564,0.39528,0.0,0.864262447,0.96662,0.73396,0.95737,0.81664,0.99835
NC_000017.11:43045748:T:G,BRCA1,1,0.90864,0.9963,26.5,0.91029,0.80492,0.9938,0.94449,0.78805,0.85948,0.99558,0.42811,0.69583,0.98155,0.66633,0.75361,0.58668,0.72587,0.71708,0.0,0.867545856,0.95808,0.75446,0.95494,0.81664,0.99939
NC_000017.11:43045753:A:G,BRCA1,1,0.90152,0.9413,26.5,0.87524,0.66991,0.9938,0.90595,0.80424,0.80498,0.93944,0.33501,0.60463,0.94514,0.66633,0.75361,0.63646,0.89139,0.4031,0.0,0.757299015,0.8982,0.75276,0.88673,0.81664,0.99879
NC_000017.11:43045756:A:C,BRCA1,1,0.87736,0.831,28.4,0.93857,0.74469,0.9938,0.93244,0.79227,0.85527,0.91506,0.3825,0.62633,0.94067,0.65215,0.75361,0.63646,0.89139,0.4147,0.0,0.842561933,0.94666,0.75793,0.94481,0.81664,0.99924
NC_000017.11:43045756:A:T,BRCA1,1,0.90094,0.9708,28.0,0.95265,0.80894,0.9938,0.92802,0.79176,0.918,0.98318,0.479,0.61892,0.91074,0.65215,0.75361,0.63646,0.89139,0.4147,0.0,0.866524725,0.95135,0.75671,0.94481,0.81664,0.99939
NC_000017.11:43045758:C:A,BRCA1,1,0.96557,0.9903,27.6,0.91635,0.84933,0.9938,0.95791,0.83247,0.79535,0.85778,0.52075,0.70822,0.98017,0.66633,0.75361,0.58309,0.64564,0.71708,0.0,0.858991439,0.98938,0.77197,0.99041,0.81664,0.99939
NC_000017.11:43045758:CC:AG,BRCA1,1,,,,,,,,,,,,,,,,,,,,0.869895362,,,,,
NC_000017.11:43045758:C:G,BRCA1,1,0.96551,0.9903,27.7,0.91635,0.84933,0.9938,0.95791,0.83247,0.79535,0.85778,0.52075,0.71709,0.98017,0.66633,0.75361,0.58309,0.64564,0.71708,0.0,0.858991439,0.98938,0.77197,0.99041,0.81664,0.99939
NC_000017.11:43045760:A:C,BRCA1,1,0.98459,0.9091,29.1,0.95245,0.79853,0.96289,0.96755,0.80782,0.81515,0.97197,0.47507,0.67055,0.97728,0.66633,0.75361,0.63646,0.89139,0.71708,0.0,0.865740581,0.99385,0.79859,0.98976,0.81664,0.99953
NC_000017.11:43045760:A:T,BRCA1,1,0.9879,0.9976,27.5,0.95975,0.86538,0.9938,0.97205,0.80782,0.88767,0.9241,0.58701,0.66356,0.99511,0.66633,0.75361,0.63646,0.89139,0.71708,0.0,0.861862779,0.99385,0.74596,0.98976,0.81664,0.99966
NC_000017.11:43045772:C:T,BRCA1,1,0.87759,0.6595,25.5,0.88767,0.67861,0.98095,0.9138,0.82729,0.67689,0.58249,0.43493,0.68185,0.99486,0.66633,0.75361,0.58309,0.64564,0.71708,0.0,0.827356645,0.96412,0.72472,0.96396,0.81664,0.99894
NC_000017.11:43045781:C:A,BRCA1,1,0.47669,0.1234,19.82,0.78419,0.48424,,0.78047,0.49492,0.55897,0.39634,0.09643,0.38642,0.79562,0.5584,0.51433,0.46873,0.41479,0.222,0.0,0.361916599,0.74364,0.47515,0.83141,0.81664,0.99436
NC_000017.11:43045793:G:A,BRCA1,1,,,38.0,,,0.9938,,0.90983,,0.80947,,0.56788,,,0.51062,0.54885,0.49835,0.39528,0.02,,,,,0.81664,
NC_000017.11:43047642:C:A,BRCA1,1,0.50113,0.0953,24.3,0.80449,0.23213,,0.71167,0.28222,0.35138,0.15382,0.06116,0.45891,0.8774,0.38437,0.45795,0.38408,0.40969,0.32405,0.82,,0.66069,0.4416,0.75114,0.80837,0.98412
NC_000017.11:43047642:C:G,BRCA1,1,0.61212,0.1901,28.8,0.91896,0.67245,,0.78047,0.30479,0.6461,0.36566,0.11146,0.57455,0.88397,0.38437,0.45795,0.38408,0.40969,0.32405,0.73,,0.76353,0.66024,0.78522,0.80837,0.9914
NC_000017.11:43047642:C:T,BRCA1,1,0.52754,0.0828,24.6,0.79573,0.22588,0.9938,0.77278,0.29499,0.22896,0.20528,0.0734,0.48543,0.88048,0.38437,0.45795,0.38408,0.40969,0.32405,0.74,,0.72888,0.45751,0.78862,0.80837,0.98734
NC_000017.11:43047656:T:C,BRCA1,1,0.77583,0.084,21.9,0.76747,0.4213,0.98095,0.85336,0.31755,0.76051,0.30971,0.22126,0.22929,0.85798,,0.44212,0.38398,0.35103,0.33097,0.34,0.283791769,0.81574,0.49672,0.79577,0.80837,0.99561
NC_000017.11:43047660:C:A,BRCA1,1,,,41.0,,,0.9938,,0.93559,,0.9512,,0.71431,,,0.65662,0.46628,0.45202,0.71708,0.29,,,,,0.80837,
NC_000017.11:43047664:C:T,BRCA1,1,,,40.0,,,0.9938,,0.86103,,0.74807,,0.72986,,,0.65662,0.57688,0.61678,0.71708,0.08,,,,,0.80837,
NC_000017.11:43047675:G:C,BRCA1,1,0.842,0.171,21.9,0.78564,0.42605,0.98095,0.86166,0.69015,0.71131,0.48681,0.41077,0.5079,0.95345,,0.65662,0.54516,0.77508,0.71708,0.18,0.428204295,0.91077,0.58919,0.8696,0.80837,0.99552
NC_000017.11:43047677:T:C,BRCA1,1,0.79588,0.8434,24.3,0.86978,0.65544,0.59943,0.89561,0.73428,0.79055,0.5725,0.33873,0.4337,0.95894,,0.65662,0.58087,0.69771,0.71708,0.03,0.724122152,0.87043,0.59715,0.84709,0.80837,0.99806
NC_000017.11:43047677:T:G,BRCA1,1,0.87274,0.9144,25.0,0.87033,0.79501,0.77879,0.89789,0.74556,0.86119,0.56496,0.31779,0.54222,0.95011,,0.65662,0.58087,0.69771,0.71708,0.03,0.599814686,0.86088,0.6024,0.84713,0.80837,0.99879
NC_000017.11:43047678:G:A,BRCA1,1,,,39.0,,,0.9938,,0.89175,,0.99181,,0.60496,,,0.45648,0.47186,0.58299,0.71708,0.41,,,,,0.80837,
NC_000017.11:43047683:A:T,BRCA1,1,0.89893,0.993,24.9,0.95758,0.90269,,0.92433,0.66098,0.91615,0.93619,0.407,0.52794,0.91034,,0.65662,0.62889,0.79536,0.34698,0.04,0.839600557,0.94228,0.75595,0.94197,0.80837,0.99894
NC_000017.11:43047701:C:G,BRCA1,1,0.48861,0.0886,1.286,0.76515,0.35814,0.9938,0.79414,0.07292,0.23966,0.13379,0.12936,0.23192,0.6174,,0.04332,0.03596,0.05237,0.06397,0.0,0.229242976,0.68595,0.48816,0.78475,0.80837,0.99091
NC_000017.11:43049160:G:A,BRCA1,1,0.91758,0.7979,25.2,0.9311,0.86703,,0.91509,0.7906,0.78352,0.82557,0.29792,0.62502,0.97514,0.66633,0.78654,0.6678,0.95575,0.71708,0.0,0.802325386,0.95096,0.73424,0.95008,0.80114,0.99909
NC_000017.11:43049160:G:T,BRCA1,1,0.92858,0.9684,25.4,0.9646,0.9479,,0.93639,0.82069,0.90355,0.8499,0.38468,0.62502,0.97742,0.66633,0.78654,0.6678,0.95575,0.71708,0.0,0.860536263,0.95683,0.74656,0.95771,0.80114,0.99939
NC_000017.11:43049163:CCACA:TCACT,BRCA1,1,,,,,,,,,,,,,,,,,,,,,,,,,
NC_000017.11:43049163:C:G,BRCA1,1,0.92782,0.6502,23.9,0.95975,0.83782,,0.95939,0.75613,0.78179,0.75929,0.39523,0.63628,0.98761,0.66633,0.78654,0.5909,0.62421,0.71708,0.0,0.854247592,0.98676,0.77865,0.98314,0.80114,0.99939
NC_000017.11:43049164:C:A,BRCA1,1,0.93598,0.8435,28.6,0.96051,0.88084,,0.96012,0.80353,0.83741,0.81115,0.45237,0.70038,0.96983,0.66633,0.78654,0.5909,0.62504,0.71708,0.0,0.865689796,0.98676,0.81042,0.98314,0.80114,0.99939
NC_000017.11:43049166:C:T,BRCA1,1,0.93916,0.9447,24.5,0.9405,0.84341,,0.93004,0.77204,0.89619,0.98793,0.62457,0.72061,0.99418,0.66633,0.78654,0.5909,0.62504,0.71708,0.0,0.858265523,0.87152,0.76518,0.86307,0.80114,0.99939
NC_000017.11:43049175:A:T,BRCA1,1,0.91134,0.9183,26.0,0.89955,0.89805,,0.85701,0.70506,0.89547,0.95841,0.1372,0.61533,0.98005,0.56872,0.82143,0.46519,0.79758,0.38051,0.0,0.835961016,0.88142,0.75446,0.86857,0.80114,0.99909
NC_000017.11:43049187:A:C,BRCA1,1,0.8799,0.9398,23.6,0.93938,0.90574,,0.87911,0.66161,0.89737,0.99232,0.3951,0.58883,0.9655,0.66633,0.82143,0.64687,0.87303,0.23928,0.0,0.867120878,0.91589,0.75986,0.90253,0.80114,0.99924
NC_000017.11:43049187:A:G,BRCA1,1,0.8814,0.9858,23.4,0.94997,0.9238,0.9938,0.87519,0.66161,0.91774,0.91403,0.44428,0.70485,0.95912,0.66633,0.82143,0.64687,0.87303,0.23928,0.0,0.871217726,0.91015,0.76108,0.90257,0.80114,0.99924
NC_000017.11:43049187:A:T,BRCA1,1,0.88114,0.9356,27.6,0.92892,0.78039,,0.87813,0.66161,0.81611,0.97496,0.32011,0.58135,0.96834,0.66633,0.82143,0.64687,0.87303,0.23928,0.25,0.871233717,0.91764,0.75986,0.90253,0.80114,0.99864
NC_000017.11:43051062:C:T,BRCA1,1,0.80587,0.1166,33.0,0.71742,0.34267,0.9938,0.82939,0.81393,0.70876,0.54546,0.27036,0.77553,0.85811,0.5934,0.71989,0.58584,0.62547,0.71708,0.12,,0.92727,0.46373,0.93596,0.79453,0.99379
NC_000017.11:43051071:T:C,BRCA1,1,0.85565,0.4414,22.4,0.82686,0.66599,0.6973,0.87667,0.7013,0.91098,0.33114,0.32236,0.67519,0.91987,0.66633,0.71989,0.58926,0.70572,0.71708,0.0,0.495102953,0.91309,0.45149,0.90576,0.79453,0.99702
NC_000017.11:43051085:C:A,BRCA1,1,0.91413,0.7912,22.0,0.90702,0.83207,0.9938,0.94788,0.66034,0.71518,0.83099,0.3676,0.51522,0.93784,0.62361,0.47014,0.47084,0.45644,0.35552,0.0,0.674491316,0.9293,0.69554,0.93161,0.79453,0.99752
NC_000017.11:43051097:A:G,BRCA1,1,0.89486,0.8899,26.0,0.9346,0.76677,,0.90683,0.76153,0.71412,0.70781,0.40625,0.64377,0.99736,0.57939,0.67822,0.64008,0.86083,0.71708,0.0,0.790384566,0.94685,0.51222,0.92332,0.79453,0.99702
NC_000017.11:43051097:A:T,BRCA1,1,0.91236,0.9422,27.8,0.97703,0.89401,0.9938,0.8997,0.772,0.89348,0.95156,0.36988,0.65724,0.99782,0.57939,0.67822,0.64008,0.86083,0.71708,0.0,0.83432391,0.9364,0.73005,0.92336,0.79453,0.99714
NC_000017.11:43051112:A:C,BRCA1,1,0.94581,0.9276,27.5,0.88517,0.89742,,0.95199,0.77265,0.8152,0.87593,0.44612,0.63917,0.95136,0.65215,0.67822,0.64008,0.86083,0.71708,0.01,0.851678423,0.97493,0.80082,0.95081,0.79453,0.99806
NC_000017.11:43051112:A:G,BRCA1,1,0.95532,0.9848,25.2,0.92301,0.92291,0.98095,0.9616,0.75667,0.90536,0.9417,0.41514,0.61343,0.9548,0.65215,0.67822,0.64008,0.86083,0.71708,0.0,0.850004677,0.97728,0.79815,0.95081,0.79453,0.99849
NC_000017.11:43057069:T:A,BRCA1,1,0.89207,0.9788,23.3,0.89845,0.87905,,0.89561,0.48671,0.78862,0.82739,0.24966,0.52602,0.78999,0.5584,0.23405,0.26122,0.312,0.71708,0.0,0.874439127,0.93771,0.70317,0.96082,0.7481,0.99739
NC_000017.11:43057069:T:G,BRCA1,1,0.89204,0.9788,23.3,0.89845,0.87905,,0.89561,0.48671,0.78862,0.82739,0.24966,0.54154,0.78999,0.5584,0.23405,0.26122,0.312,0.71708,0.0,0.874439127,0.93771,0.70317,0.96082,0.7481,0.99739
NC_000017.11:43057070:C:A,BRCA1,1,0.88293,0.904,28.2,0.93177,0.80705,,0.92142,0.70045,0.7563,0.83275,0.28189,0.71756,0.87206,0.5584,0.6809,0.61487,0.58759,0.71708,0.0,0.852717241,0.97136,0.74507,0.96894,0.7481,0.99765
NC_000017.11:43057071:T:C,BRCA1,1,0.92791,0.9166,23.5,0.91564,0.8731,,0.94637,0.62434,0.75126,0.9026,0.24433,0.66616,0.8373,0.5584,0.6809,0.51118,0.45493,0.71708,0.0,0.874505296,0.96914,0.79025,0.96716,0.7481,0.99765
NC_000017.11:43057073:G:T,BRCA1,1,0.83358,0.9271,24.1,0.89994,0.87652,,0.88007,0.68759,0.80999,0.95688,0.25051,0.70488,0.94178,0.50681,0.6809,0.70163,0.8102,0.71708,0.0,0.852673592,0.93631,0.56107,0.90904,0.7481,0.99714
NC_000017.11:43057074:C:G,BRCA1,1,0.88048,0.97,21.7,0.92646,0.90552,0.97127,0.88534,0.59934,0.76447,0.89736,0.25429,0.69359,0.91498,0.50681,0.46856,0.50861,0.26821,0.71708,0.0,0.81561423,0.93483,0.72746,0.91494,0.74575,0.99752
NC_000017.11:43057076:C:G,BRCA1,1,0.87726,0.9699,23.7,0.9735,0.93036,0.84566,0.90015,0.65602,0.92434,0.97593,0.34089,0.78421,0.85628,0.54378,0.6809,0.50711,0.49646,0.71708,0.0,0.865127592,0.91012,0.72648,0.90133,0.74575,0.99765
NC_000017.11:43057077:G:C,BRCA1,1,0.88065,0.5547,21.9,0.93022,0.80994,,0.89789,0.52047,0.7878,0.90264,0.30083,0.60306,0.81362,0.54378,0.22536,0.42078,0.30726,0.71708,0.0,0.874478007,0.89624,0.7518,0.88756,0.74575,0.99655
NC_000017.11:43057085:C:T,BRCA1,1,0.91051,0.9733,24.0,0.93816,0.91244,0.9938,0.90595,0.72382,0.87496,0.98161,0.48392,0.72024,0.90512,0.5584,0.6809,0.61487,0.49682,0.71708,0.0,0.871036155,0.98187,0.72866,0.97818,0.74575,0.99571
NC_000017.11:43057086:C:A,BRCA1,1,0.90855,0.9435,25.9,0.86868,0.83245,,0.90859,0.73668,0.84745,0.92114,0.40682,0.74791,0.91937,0.5584,0.6809,0.61487,0.36626,0.71708,0.0,0.852819611,0.98187,0.79158,0.97818,0.74575,0.99778
NC_000017.11:43057086:C:G,BRCA1,1,0.90521,0.9862,23.6,0.96155,0.87933,0.97127,0.89285,0.723,0.90016,0.8332,0.47759,0.72768,0.91817,0.5584,0.6809,0.61487,0.36626,0.71708,0.0,0.848505544,0.98187,0.72803,0.97818,0.74575,0.99792
NC_000017.11:43057092:G:C,BRCA1,1,0.88256,0.9545,26.2,0.93608,0.85866,,0.93912,0.72798,0.8646,0.94442,0.41352,0.72596,0.88784,0.54378,0.6809,0.70163,0.92764,0.71708,0.0,0.871573009,0.91063,0.73443,0.90449,0.74575,0.99778
NC_000017.11:43057100:C:T,BRCA1,1,0.9101,0.9151,24.6,0.94596,0.84164,,0.9235,0.71581,0.8328,0.75876,0.53006,0.72392,0.96795,0.54378,0.6809,0.61487,0.58774,0.71708,0.0,0.864158692,0.92233,0.65857,0.91741,0.74575,0.99806
NC_000017.11:43057111:A:C,BRCA1,1,0.80873,0.9754,19.26,0.96704,0.62406,0.55722,0.89377,0.49237,0.74222,0.79706,0.37866,0.43863,0.86578,0.5584,0.32019,0.28075,0.30516,0.71708,0.0,0.826617483,0.89342,0.68885,0.90177,0.74575,0.99666
NC_000017.11:43057113:C:A,BRCA1,1,0.92328,0.9504,25.0,0.98365,0.86598,0.9938,0.92266,0.73084,0.91006,0.90432,0.42624,0.70036,0.80991,0.5584,0.6809,0.61487,0.49687,0.71708,0.0,0.870513012,0.93265,0.74019,0.92896,0.74575,0.99792
NC_000017.11:43057113:C:G,BRCA1,1,0.90888,0.9857,24.8,0.9649,0.80536,,0.90195,0.7255,0.85669,0.91121,0.45117,0.70431,0.91325,0.5584,0.6809,0.61487,0.49687,0.71708,0.0,0.82612062,0.93265,0.70631,0.92896,0.74575,0.99806
NC_000017.11:43057115:C:A,BRCA1,1,0.90392,0.9817,25.4,0.92788,0.83929,0.9938,0.91722,0.72067,0.84262,0.95183,0.50001,0.72401,0.9022,0.54378,0.6809,0.61487,0.49687,0.71708,0.0,0.853381809,0.93265,0.60185,0.92896,0.74575,0.99792
NC_000017.11:43057115:C:T,BRCA1,1,0.9157,0.9804,24.2,0.96051,0.86542,0.9938,0.91251,0.70284,0.90349,0.95097,0.58863,0.72392,0.90766,0.54378,0.6809,0.61487,0.49687,0.71708,0.0,0.841849954,0.93265,0.59481,0.92896,0.74575,0.9982
NC_000017.11:43057116:C:G,BRCA1,1,0.91445,0.9885,25.0,0.95225,0.84783,0.9938,0.9189,0.73299,0.87171,0.91842,0.615,0.72948,0.86947,0.54378,0.6809,0.61487,0.49682,0.71708,0.0,0.840922577,0.93265,0.72793,0.92896,0.74575,0.99792
NC_000017.11:43057121:A:C,BRCA1,1,0.87956,0.8835,27.3,0.96155,0.93297,0.9938,0.95643,0.8377,0.80237,0.90837,0.37953,0.68517,0.87432,0.89892,0.6809,0.67118,0.83953,0.71708,0.0,0.870822972,0.95787,0.75257,0.95507,0.74575,0.99778
NC_000017.11:43057122:C:A,BRCA1,1,0.90907,0.931,26.9,0.94404,0.91302,,0.93204,0.85705,0.83662,0.94967,0.45103,0.64562,0.8979,0.89892,0.6809,0.61487,0.49682,0.71708,0.0,0.85915588,0.95971,0.74817,0.95747,0.74575,0.99792
NC_000017.11:43057128:A:T,BRCA1,1,0.93313,0.8768,24.7,0.90028,0.9292,,0.96123,0.82909,0.80848,0.90418,0.48193,0.66868,0.97487,0.91682,0.6809,0.67118,0.78575,0.71708,0.0,0.832552768,0.96883,0.75109,0.96476,0.74575,0.99778
NC_000017.11:43063361:A:G,BRCA1,1,0.8614,0.9865,25.6,0.92903,0.9388,,0.9616,0.81237,0.98076,0.98234,0.45998,0.78138,0.9585,0.85981,0.8001,0.67687,0.86387,0.71708,0.01,0.858426647,0.95676,0.74819,0.94884,0.72295,0.99864
NC_000017.11:43063369:A:C,BRCA1,1,0.83679,0.76,25.5,0.94467,0.89121,,0.95976,0.78427,0.9822,0.96394,0.44155,0.67091,0.94704,0.81705,0.8001,0.67687,0.86387,0.4147,0.01,0.865811436,0.94551,0.75595,0.93962,0.72295,0.99849
NC_000017.11:43063371:C:G,BRCA1,1,0.893,0.9803,33.0,0.92968,0.97737,0.9938,0.98598,0.86834,0.99784,0.80803,0.60042,0.77527,0.99264,0.8996,0.8001,0.62072,0.6181,0.71708,0.01,,0.99389,0.80478,0.98767,0.72295,0.99909
NC_000017.11:43063372:C:T,BRCA1,1,,,50.0,,,0.9938,,0.88443,,0.91484,,0.81421,,,0.8001,0.62072,0.6181,0.71708,0.06,,,,,0.72295,
NC_000017.11:43063881:C:T,BRCA1,1,0.61187,0.8066,23.7,0.87775,0.83135,0.9938,0.6176,0.80673,0.87719,0.71816,0.63305,0.71423,0.93039,0.45631,0.98024,0.62756,0.6298,0.71708,0.01,0.53914807,0.85546,0.49105,0.85166,0.72295,0.99561
NC_000017.11:43063882:T:A,BRCA1,1,0.85503,0.4778,26.1,0.84983,0.84359,0.94202,0.9235,0.87713,0.91072,0.86878,0.57772,0.71263,0.95684,0.87303,0.98024,0.52407,0.71005,0.71708,0.01,0.737476066,0.91514,0.68698,0.89972,0.72295,0.99778
NC_000017.11:43063884:A:C,BRCA1,1,0.849,0.8598,34.0,0.96519,0.9643,0.97127,0.9557,0.85807,0.99187,0.97796,0.30609,0.75924,0.99917,0.88628,0.98024,0.68561,0.87534,0.71708,0.95,0.860435585,0.97289,0.80402,0.96709,0.72295,0.99864
NC_000017.11:43063885:C:A,BRCA1,1,0.83597,0.8333,24.8,0.92338,0.93353,,0.93912,0.87776,0.98456,0.91489,0.38468,0.64506,0.99882,0.88628,0.98024,0.62756,0.6298,0.71708,0.0,0.840291928,0.97195,0.79875,0.96921,0.72295,0.99879
NC_000017.11:43063887:A:C,BRCA1,1,0.77253,0.8833,25.2,0.97477,0.97242,0.89772,0.91637,0.82675,0.96382,0.97959,0.25564,0.75657,0.99842,0.84364,0.98024,0.68561,0.87534,0.71708,0.03,0.852658206,0.96295,0.75334,0.96195,0.72295,0.99835
NC_000017.11:43063888:C:A,BRCA1,1,0.55492,0.6085,23.2,0.88121,0.77259,,0.82084,0.39901,0.65566,0.49314,0.32842,0.43995,0.94246,0.62976,0.17165,0.27628,0.24061,0.71708,0.52,0.453072371,0.8719,0.44475,0.88165,0.72295,0.99533
NC_000017.11:43063894:T:C,BRCA1,1,0.69378,0.7753,23.4,0.88719,0.89512,0.61535,0.86573,0.67401,0.98169,0.97407,0.61713,0.5359,0.80486,0.86366,0.38915,0.44671,0.46889,0.71708,0.0,0.854986739,0.90907,0.74478,0.88104,0.72295,0.99702
NC_000017.11:43063908:C:A,BRCA1,1,0.87912,0.958,25.3,0.96641,0.93072,,0.96308,0.88889,0.94701,0.98058,0.80877,0.74311,0.97495,0.88473,0.93054,0.62756,0.6298,0.71708,0.07,0.862638089,0.94448,0.79242,0.93905,0.72295,0.99864
NC_000017.11:43063909:C:G,BRCA1,1,0.88349,0.9885,26.4,0.96704,0.97661,,0.96606,0.89333,0.98163,0.97605,0.8905,0.74679,0.97898,0.88473,0.93054,0.62756,0.6298,0.71708,0.16,0.865643989,0.94448,0.80542,0.93905,0.72295,0.99879
NC_000017.11:43063909:C:T,BRCA1,1,0.88502,0.9885,25.6,0.96704,0.97661,0.9938,0.96606,0.89333,0.98163,0.97605,0.8905,0.74679,0.97898,0.88473,0.93054,0.62756,0.6298,0.71708,0.06,0.865643989,0.94448,0.80542,0.93905,0.72295,0.99879
NC_000017.11:43063911:A:G,BRCA1,1,0.8669,0.9765,24.3,0.93711,0.95148,0.9938,0.92924,0.80952,0.98082,0.9819,0.81814,0.8388,0.97131,0.83217,0.93054,0.58027,0.74298,0.71708,0.15,0.854187011,0.89834,0.74479,0.88515,0.72295,0.99778
NC_000017.11:43063918:A:C,BRCA1,1,0.88915,0.9875,28.4,0.94451,0.97657,,0.96531,0.85632,0.98609,0.99885,0.93687,0.76081,0.97879,0.8906,0.93054,0.68561,0.87534,0.71708,0.06,0.872779763,0.94419,0.80061,0.93855,0.72295,0.99879
NC_000017.11:43063921:T:G,BRCA1,1,0.87602,0.8693,26.0,0.84771,0.94528,,0.95199,0.85322,0.98679,0.91885,0.77827,0.72018,0.97165,0.90472,0.93054,0.63205,0.71005,0.71708,0.03,0.870238444,0.9786,0.79442,0.97192,0.72295,0.99864
NC_000017.11:43063927:T:C,BRCA1,1,0.82627,0.9022,24.0,0.93608,0.8569,0.90819,0.94862,0.86419,0.94859,0.9377,0.70902,0.69049,0.96106,0.89821,0.93054,0.63205,0.71005,0.71708,0.14,0.850615149,0.95364,0.81319,0.947,0.72295,0.99849
NC_000017.11:43063929:C:A,BRCA1,1,0.85771,0.9302,28.8,0.95534,0.92802,0.9938,0.95087,0.88708,0.95138,0.93304,0.71435,0.7325,0.96691,0.89409,0.93054,0.62756,0.6298,0.71708,0.19,0.768937181,0.96178,0.69156,0.95778,0.72295,0.99835
NC_000017.11:43063935:C:A,BRCA1,1,0.89773,0.8875,27.1,0.92626,0.91079,0.9938,0.97697,0.8887,0.94691,0.86775,0.79354,0.80179,0.99,0.88248,0.93054,0.62756,0.6298,0.71708,0.0,0.86090467,0.92985,0.75605,0.92343,0.72295,0.99864
NC_000017.11:43063935:C:T,BRCA1,1,0.89891,0.9577,25.2,0.93897,0.91935,0.9938,0.98525,0.8873,0.95512,0.815,0.88716,0.80179,0.9943,0.88248,0.93054,0.62756,0.6298,0.71708,0.0,0.865786156,0.92985,0.71583,0.92343,0.72295,0.99864
NC_000017.11:43063942:A:C,BRCA1,1,0.71733,0.3214,19.07,0.86228,0.62625,0.6678,0.87273,0.52637,0.73585,0.67356,0.49929,0.50285,0.91807,0.67327,0.40711,0.33519,0.39255,0.35826,0.0,0.42520641,0.90296,0.50923,0.91267,0.72295,0.99561
NC_000017.11:43063950:T:A,BRCA1,1,0.8557,0.8804,24.8,0.93803,0.79903,0.9938,0.946,0.80749,0.872,0.96412,0.51542,0.73099,0.95716,0.82193,0.93054,0.63205,0.71005,0.71708,0.32,,0.90653,0.68461,0.892,0.72295,0.9982
NC_000017.11:43063950:T:G,BRCA1,1,0.83868,0.7891,24.6,0.89034,0.74969,0.9938,0.92802,0.80267,0.82851,0.91728,0.52377,0.70028,0.97208,0.88628,0.93054,0.63205,0.71005,0.71708,0.2,,0.90653,0.70535,0.892,0.72295,0.99765
NC_000017.11:43067607:C:A,BRCA1,1,0.82716,0.8312,33.0,0.92366,0.81604,0.9938,0.95421,0.83439,0.91862,0.93897,0.614,0.79663,0.81039,0.88628,0.72847,0.61806,0.6423,0.71708,0.74,,0.89472,0.72309,0.87883,0.72643,0.99752
NC_000017.11:43067607:C:G,BRCA1,1,0.80835,0.8871,34.0,0.90494,0.73452,0.9938,0.94028,0.84125,0.90393,0.87775,0.62934,0.80981,0.93284,0.88628,0.72847,0.61806,0.6423,0.71708,0.74,,0.90791,0.7531,0.89429,0.72643,0.99792
NC_000017.11:43067607:C:T,BRCA1,1,0.66814,0.2943,32.0,0.86714,0.60389,0.9938,0.75827,0.71937,0.80052,0.51663,0.59571,0.78399,0.89578,0.76668,0.72847,0.61806,0.6423,0.71708,0.73,,0.86142,0.48101,0.84989,0.72643,0.99445
NC_000017.11:43067609:G:C,BRCA1,1,0.8695,0.9075,24.7,0.89052,0.79897,,0.949,0.84448,0.96228,0.61033,0.76659,0.75493,0.94961,0.88628,0.72847,0.70508,0.96859,0.71708,0.28,0.854110802,0.90791,0.76067,0.89429,0.72643,0.99835
NC_000017.11:43067609:G:T,BRCA1,1,0.85942,0.9352,25.1,0.83692,0.82315,0.90294,0.94066,0.82521,0.9537,0.76434,0.78386,0.75882,0.9501,0.88628,0.72847,0.70508,0.96859,0.71708,0.0,0.786185274,0.88047,0.60302,0.86721,0.72643,0.99806
NC_000017.11:43067615:A:T,BRCA1,1,0.85081,0.9317,23.6,0.89862,0.91501,,0.91637,0.745,0.98232,0.96524,0.75932,0.72102,0.97939,0.83217,0.72847,0.67411,0.88806,0.71708,0.0,0.822795502,0.86867,0.74594,0.85175,0.72643,0.99806
NC_000017.11:43067619:C:A,BRCA1,1,0.70586,0.509,20.1,0.83362,0.87138,0.97127,0.94105,0.25251,0.81342,0.70401,0.31407,0.3264,0.89165,0.56292,0.10516,0.30796,0.16845,0.71708,0.16,0.67482511,0.79091,0.76849,0.86078,0.72643,0.99581
NC_000017.11:43067621:A:C,BRCA1,1,0.8646,0.931,26.6,0.97192,0.93748,,0.96049,0.82546,0.98037,0.99125,0.49047,0.65857,0.98671,0.89203,0.72847,0.67411,0.88806,0.71708,0.0,0.861621923,0.9567,0.80402,0.9518,0.72643,0.99894
NC_000017.11:43067625:G:A,BRCA1,1,0.84774,0.5629,24.5,0.88838,0.93003,,0.95199,0.88271,0.94903,0.78958,0.64776,0.70981,0.954,0.90472,0.72847,0.70508,0.96745,0.71708,0.21,0.873338517,0.92992,0.79293,0.91691,0.72643,0.99835
NC_000017.11:43067625:G:C,BRCA1,1,0.87458,0.9197,27.2,0.90258,0.97959,,0.97092,0.85199,0.97691,0.95478,0.63131,0.71541,0.96936,0.90472,0.72847,0.70508,0.96745,0.71708,0.0,0.873646861,0.92992,0.81992,0.91691,0.72643,0.99864
NC_000017.11:43067693:A:C,BRCA1,1,0.753,0.0928,15.46,0.77934,0.48415,,0.882,0.36031,0.80781,0.11977,0.22501,0.50704,0.92532,0.26056,0.33832,0.38235,0.31739,0.32274,0.29,0.134040588,0.82859,0.44675,0.81154,0.72549,0.99542
NC_000017.11:43070950:A:G,BRCA1,1,0.86546,0.9541,23.9,0.98365,0.9047,0.96289,0.95236,0.76371,0.99207,0.96723,0.36424,0.80047,0.97774,0.8906,0.61625,0.64062,0.86865,0.4147,0.0,0.874450569,0.96388,0.74478,0.96152,0.72714,0.99879
NC_000017.11:43070955:A:T,BRCA1,1,0.88345,0.9369,24.0,0.96549,0.86098,,0.9557,0.77017,0.93666,0.93326,0.45852,0.72623,0.99062,0.86964,0.61625,0.64062,0.86865,0.71708,0.0,0.874483886,0.94131,0.7531,0.93679,0.72714,0.99835
NC_000017.11:43074330:C:G,BRCA1,1,0.64177,0.1408,34.0,0.84041,0.27991,0.9938,0.89006,0.53578,0.28261,0.23682,0.12492,0.67411,0.81486,0.45274,0.82897,0.52332,0.49202,0.36137,0.9,,0.81785,0.6159,0.88414,0.73382,0.99232
NC_000017.11:43074330:C:T,BRCA1,1,0.70719,0.1339,35.0,0.80444,0.3336,0.9938,0.92016,0.5045,0.35215,0.30072,0.17649,0.67845,0.80533,0.45274,0.82897,0.52332,0.49202,0.36137,0.77,,0.80692,0.5104,0.85548,0.73382,0.99147
NC_000017.11:43076487:C:G,BRCA1,1,0.65134,0.127,26.9,0.77978,0.24147,0.9938,0.93678,0.53235,0.37662,0.07158,0.11064,0.7328,0.83681,0.50191,0.65402,0.55996,0.49382,0.71708,0.47,,0.9133,0.65652,0.90864,0.73889,0.99436
NC_000017.11:43076487:C:T,BRCA1,1,0.60774,0.1077,26.6,0.7447,0.16548,0.9938,0.86573,0.53062,0.39862,0.08634,0.1135,0.74312,0.85288,0.50191,0.65402,0.55996,0.49382,0.71708,0.51,,0.89823,0.62858,0.89982,0.73889,0.99303
NC_000017.11:43082439:C:T,BRCA1,1,0.14121,0.1009,11.64,0.43984,0.06547,,0.33376,0.1751,0.08565,0.15318,0.08626,0.28573,0.29936,0.37069,0.28222,0.24061,0.24413,0.26882,0.0,0.274184462,0.40711,0.46701,0.43173,0.74382,0.93605
NC_000017.11:43082536:C:G,BRCA1,1,0.47427,0.4886,22.7,0.89759,0.33651,,0.46391,0.51124,0.37116,0.54227,0.38456,0.51245,0.61558,0.70068,0.51246,0.30908,0.14879,0.71708,0.01,0.721928017,0.51836,0.71428,0.53419,0.74382,0.96425
NC_000017.11:43090943:C:G,BRCA1,1,0.58436,0.6773,34.0,0.9387,0.53301,,0.80084,0.73884,0.61131,0.38778,0.42708,0.81574,0.98855,0.73732,0.5784,0.6258,0.65888,0.71708,0.95,0.871182431,0.52777,0.69753,0.57176,0.74481,0.96878
NC_000017.11:43094577:T:A,BRCA1,1,0.52746,0.0978,18.84,0.37666,0.10153,,0.83332,0.44431,0.46432,0.03564,0.06194,0.51958,0.85933,0.20114,0.59467,0.32522,0.29666,0.27634,0.0,0.182311426,0.4207,0.78995,0.45076,0.76257,0.99032
NC_000017.11:43104259:A:C,BRCA1,1,,,36.0,,,0.9938,,0.91914,,0.75644,,0.70542,,,0.75361,0.64177,0.47435,0.71708,0.0,,,,,0.78635,
NC_000017.11:43104259:A:T,BRCA1,1,,,37.0,,,0.9938,,0.91914,,0.75644,,0.6992,,,0.75361,0.64177,0.47435,0.71708,0.31,,,,,0.78635,
NC_000017.11:43104259:AT:TC,BRCA1,1,,,,,,,,,,,,,,,,,,,,,,,,,
NC_000017.11:43104881:T:A,BRCA1,1,0.80814,0.9411,25.9,0.978,0.76264,,0.95273,0.58595,0.78586,0.5364,0.55565,0.71565,0.95554,0.73732,0.74729,0.61544,0.73424,0.71708,0.0,0.87226271,0.7086,0.70816,0.70551,0.78707,0.98932
NC_000017.11:43104881:T:C,BRCA1,1,0.80559,0.9201,25.8,0.9649,0.67453,,0.93796,0.58595,0.75526,0.54865,0.57644,0.72521,0.95378,0.73732,0.74729,0.61544,0.73424,0.71708,0.0,0.867242158,0.7086,0.70389,0.70551,0.78707,0.99067
NC_000017.11:43104881:T:G,BRCA1,1,0.79587,0.9283,24.0,0.96802,0.69487,,0.94788,0.58595,0.77369,0.5031,0.56387,0.69043,0.95523,0.73732,0.74729,0.61544,0.73424,0.71708,0.02,0.872581739,0.7086,0.70488,0.70551,0.78707,0.98875
NC_000017.11:43104884:A:G,BRCA1,1,0.83884,0.9183,25.5,0.87187,0.74432,,0.91807,0.78033,0.85814,0.78345,0.72907,0.85026,0.99269,0.73732,0.74729,0.66727,0.73182,0.71708,0.0,0.808567589,0.96525,0.70039,0.96175,0.78707,0.99591
NC_000017.11:43106455:C:A,BRCA1,1,0.75992,0.9667,34.0,0.9629,0.57345,0.9938,0.9268,0.77734,0.71977,0.96536,0.50404,0.7561,0.97338,0.71063,0.57382,0.57696,0.63308,0.71708,0.65,,0.94198,0.69135,0.94805,0.78841,0.99326
NC_000017.11:43106455:C:G,BRCA1,1,0.74538,0.9687,32.0,0.95225,0.6153,0.9938,0.92266,0.72987,0.78258,0.91881,0.5139,0.73753,0.95928,0.71063,0.57382,0.57696,0.63308,0.71708,0.65,,0.94198,0.69135,0.94805,0.78841,0.99395
NC_000017.11:43106456:T:A,BRCA1,1,0.79316,0.8146,33.0,0.97565,0.58324,,0.95199,0.74349,0.68493,0.86315,0.57261,0.75557,0.97064,0.71063,0.57382,0.58087,0.71333,0.71708,0.63,,0.94844,0.69282,0.9462,0.78841,0.99311
NC_000017.11:43106456:T:C,BRCA1,1,0.92372,0.9012,29.6,0.96001,0.57134,0.9938,0.95939,0.72162,0.7419,0.92147,0.45883,0.75732,0.93458,0.71063,0.57382,0.58087,0.71333,0.71708,0.64,,0.94844,0.69383,0.9462,0.78841,0.99387
NC_000017.11:43106475:A:C,BRCA1,1,0.99021,0.9941,26.3,0.97391,0.89307,0.9938,0.98598,0.85144,0.98627,0.8857,0.76542,0.73312,0.99925,0.95255,0.39984,0.37819,0.38986,0.71708,0.0,0.874501537,0.97314,0.92989,0.99788,0.78841,0.9969
NC_000017.11:43106476:C:G,BRCA1,1,0.99322,0.9961,28.5,0.9646,0.86145,0.9938,0.98038,0.92345,0.98804,0.90659,0.69564,0.76729,0.99943,0.96636,0.57382,0.57696,0.63308,0.71708,0.0,0.630448519,0.96208,0.92982,0.99838,0.78841,0.99702
NC_000017.11:43106477:A:G,BRCA1,1,0.9939,0.9965,26.5,0.97851,0.90373,0.9938,0.98634,0.90662,0.98596,0.89773,0.80577,0.79628,0.99961,0.98395,0.57382,0.62917,0.87942,0.71708,0.0,0.81426346,0.96531,0.92989,0.99822,0.78841,0.99655
NC_000017.11:43106477:A:T,BRCA1,1,0.99231,0.9961,26.2,0.9646,0.86145,0.9938,0.9819,0.90479,0.98804,0.90659,0.69564,0.82553,0.99944,0.96636,0.57382,0.62917,0.87942,0.71708,0.03,0.630448519,0.96531,0.92982,0.99822,0.78841,0.99702
NC_000017.11:43106485:C:T,BRCA1,1,0.99754,0.9922,32.0,0.97902,0.90701,0.9938,0.99376,0.92378,0.98773,0.91697,0.76713,0.75126,0.99775,0.96728,0.70832,0.58984,0.63308,0.71708,0.25,0.863060198,0.96457,0.92966,0.99819,0.78841,0.99666
NC_000017.11:43106486:A:G,BRCA1,1,0.99293,0.9991,29.0,0.97008,0.92357,0.9938,0.99253,0.90395,0.99756,0.96723,0.74469,0.78106,0.99867,0.98456,0.70832,0.64508,0.87942,0.71708,0.11,0.8635316,0.96644,0.92966,0.99802,0.78841,0.99726
NC_000017.11:43106486:A:T,BRCA1,1,0.99231,0.9979,24.6,0.9398,0.88665,0.9938,0.97849,0.89524,0.99735,0.97994,0.63536,0.78106,0.99472,0.96728,0.70832,0.64508,0.87942,0.71708,0.06,0.869335607,0.96393,0.92966,0.99832,0.78841,0.99714
NC_000017.11:43106527:C:A,BRCA1,1,0.99199,0.9945,24.8,0.98723,0.88434,0.9938,0.97849,0.87213,0.99829,0.89882,0.59064,0.58463,0.99953,0.95951,0.47639,0.57492,0.61846,0.71708,0.0,0.873629724,0.96727,0.93019,0.99781,0.78841,0.99778
NC_000017.11:43106527:C:T,BRCA1,1,0.9926,0.9974,24.9,0.99078,0.89802,0.9938,0.97925,0.88038,0.99664,0.80608,0.70537,0.66816,0.99904,0.9792,0.47639,0.57492,0.61846,0.71708,0.06,0.870025948,0.96727,0.93026,0.99781,0.78841,0.99752
NC_000017.11:43106528:A:C,BRCA1,1,0.99136,0.9925,26.9,0.98008,0.866,0.9938,0.98707,0.88634,0.99611,0.93649,0.53368,0.7243,0.99967,0.9792,0.46856,0.62683,0.86474,0.71708,0.0,0.871977127,0.97626,0.93019,0.9975,0.78841,0.9969
NC_000017.11:43106528:A:G,BRCA1,1,0.98938,0.9984,27.2,0.98723,0.92515,0.9938,0.98634,0.88522,0.99791,0.83557,0.68049,0.61256,0.99966,0.95951,0.46856,0.62683,0.86474,0.71708,0.0,0.874484705,0.97626,0.92967,0.9975,0.78841,0.99765
NC_000017.11:43106528:A:T,BRCA1,1,0.98803,0.9969,25.4,0.97116,0.84917,0.9938,0.97811,0.90503,0.99709,0.87231,0.56639,0.72633,0.99879,0.9792,0.46856,0.62683,0.86474,0.71708,0.27,0.816240602,0.97335,0.92915,0.99792,0.78841,0.99678
NC_000017.11:43115727:G:C,BRCA1,1,0.99327,0.9971,33.0,0.9731,0.92188,,0.98451,0.96931,0.99504,0.84363,0.6538,0.87196,0.99918,0.98435,0.96931,0.59612,0.94668,0.71708,0.02,0.870621107,0.98115,0.93026,0.99396,0.78512,0.9969
NC_000017.11:43115728:C:A,BRCA1,1,0.99816,0.9946,27.9,0.95491,0.89731,0.9938,0.98451,0.94311,0.9703,0.94748,0.60278,0.74743,0.99949,0.98435,0.96931,0.5305,0.61646,0.71708,0.0,0.870022244,0.98519,0.93026,0.9931,0.78512,0.9969
NC_000017.11:43115728:C:G,BRCA1,1,0.99788,0.9964,27.2,0.95167,0.88593,0.9938,0.98152,0.94407,0.97116,0.93812,0.57249,0.75391,0.99839,0.96728,0.96931,0.5305,0.61646,0.71708,0.0,0.832407874,0.98519,0.92564,0.9931,0.78512,0.99739
NC_000017.11:43115728:C:T,BRCA1,1,0.99802,0.9965,28.5,0.96769,0.91964,0.9938,0.95458,0.91486,0.92544,0.94169,0.71435,0.74743,0.99891,0.96728,0.96931,0.5305,0.61646,0.71708,0.01,0.858813026,0.98195,0.93026,0.99389,0.78512,0.99655
NC_000017.11:43115729:A:G,BRCA1,1,0.99636,0.9983,28.1,0.95926,0.92589,0.9938,0.99091,0.94583,0.99809,0.93411,0.68409,0.78411,0.99961,0.96728,0.96931,0.57085,0.86103,0.71708,0.02,0.870014816,0.98223,0.93029,0.99347,0.78512,0.9969
NC_000017.11:43115729:A:T,BRCA1,1,0.99731,0.9964,27.2,0.95167,0.88593,0.9938,0.99124,0.92544,0.97116,0.93812,0.57249,0.78411,0.99868,0.96728,0.96931,0.57085,0.86103,0.71708,0.0,0.832407874,0.98667,0.92564,0.99258,0.78512,0.99726
NC_000017.11:43115737:T:A,BRCA1,1,0.99273,0.9849,26.7,0.9727,0.93876,0.9938,0.99285,0.93844,0.98949,0.97478,0.62915,0.68645,0.99548,0.98395,0.96931,0.53357,0.69647,0.71708,0.0,0.874376005,0.96663,0.92771,0.99792,0.78512,0.99752
NC_000017.11:43115737:T:C,BRCA1,1,0.99449,0.9824,25.5,0.96549,0.94302,0.9938,0.99491,0.93541,0.91396,0.92603,0.66734,0.6906,0.99628,0.96667,0.96931,0.53357,0.69647,0.71708,0.01,0.868455587,0.96663,0.93008,0.99792,0.78512,0.99505
NC_000017.11:43115738:G:A,BRCA1,1,0.9922,0.9728,27.0,0.95758,0.9291,0.97127,0.97281,0.95387,0.97818,0.87812,0.67006,0.71164,0.99376,0.93021,0.96931,0.59612,0.94668,0.71708,0.01,0.833896962,0.97152,0.90562,0.99742,0.78512,0.99702
NC_000017.11:43115738:G:C,BRCA1,1,0.99219,0.9926,28.2,0.96903,0.96742,,0.98227,0.95213,0.97306,0.97281,0.66267,0.71542,0.99639,0.95255,0.96931,0.59612,0.94668,0.71708,0.02,0.671287038,0.97152,0.92638,0.99742,0.78512,0.9969
NC_000017.11:43115738:G:T,BRCA1,1,0.99192,0.9779,27.0,0.95666,0.87631,0.89253,0.95902,0.95908,0.93362,0.91639,0.66552,0.71542,0.99398,0.94096,0.96931,0.59612,0.94668,0.71708,0.02,0.87435251,0.96963,0.92986,0.99773,0.78512,0.99462
NC_000017.11:43115742:A:C,BRCA1,1,0.99253,0.9945,24.8,0.99183,0.92178,0.9938,0.9819,0.8256,0.99667,0.9668,0.73585,0.71925,0.99591,0.98456,0.4208,0.32558,0.29549,0.71708,0.01,0.87450275,0.97659,0.92989,0.99788,0.78512,0.99655
NC_000017.11:43115743:C:A,BRCA1,1,0.9969,0.9928,28.5,0.98892,0.9225,0.9938,0.98743,0.95254,0.99005,0.93585,0.68487,0.74743,0.99901,0.98456,0.96931,0.5305,0.61646,0.71708,0.0,0.870018538,0.96706,0.92989,0.99826,0.78512,0.99739
NC_000017.11:43115743:C:T,BRCA1,1,0.99704,0.9926,28.7,0.99297,0.91863,0.9938,0.98414,0.96402,0.97222,0.93613,0.79673,0.74743,0.99915,0.96759,0.96931,0.5305,0.61646,0.71708,0.02,0.873476665,0.96448,0.92982,0.99852,0.78512,0.99702
NC_000017.11:43115744:A:C,BRCA1,1,0.99678,0.9735,27.4,0.9735,0.90144,0.9938,0.98707,0.94351,0.98245,0.97846,0.63099,0.72904,0.99934,0.98456,0.96931,0.57704,0.86182,0.71708,0.0,0.873606146,0.96411,0.92982,0.99838,0.78512,0.99739
NC_000017.11:43115744:A:G,BRCA1,1,0.99503,0.9978,27.5,0.99078,0.93988,0.9938,0.98488,0.94762,0.98708,0.98058,0.77979,0.72325,0.99932,0.98456,0.96931,0.57704,0.86182,0.71708,0.01,0.871232815,0.96411,0.92992,0.99838,0.78512,0.99752
NC_000017.11:43115744:A:T,BRCA1,1,0.99601,0.9966,24.3,0.98063,0.90465,0.9938,0.98114,0.9041,0.97648,0.9178,0.67152,0.72325,0.99836,0.95369,0.96931,0.57704,0.86182,0.71708,0.01,0.807961712,0.96654,0.92619,0.99809,0.78512,0.99714
NC_000017.11:43115749:G:C,BRCA1,1,0.86562,0.9643,27.3,0.91699,0.88775,0.9938,0.93521,0.94096,0.98713,0.97644,0.71643,0.66988,0.9709,0.73897,0.96931,0.59612,0.94668,0.71708,0.01,0.831872327,0.97401,0.86409,0.9685,0.78512,0.99601
NC_000017.11:43115749:G:T,BRCA1,1,0.97988,0.9729,27.9,0.89791,0.87937,0.9938,0.94335,0.95215,0.97944,0.97507,0.73799,0.67428,0.97983,0.73897,0.96931,0.59612,0.94668,0.71708,0.0,0.859307483,0.97975,0.887,0.97195,0.78512,0.99612
NC_000017.11:43115750:T:C,BRCA1,1,0.7848,0.8487,24.5,0.83733,0.69986,,0.90859,0.78448,0.86507,0.65119,0.60579,0.5987,0.97383,0.23665,0.96931,0.53357,0.53809,0.71708,0.01,0.321274371,0.94789,0.81369,0.94534,0.78512,0.99387
NC_000017.11:43115755:A:G,BRCA1,1,0.81449,0.9194,25.5,0.86505,0.58819,,0.89192,0.76461,0.7425,0.68885,0.63483,0.67972,0.98024,0.62906,0.96931,0.57704,0.86063,0.71708,0.0,0.22067247,0.94744,0.84288,0.94424,0.78512,0.99348
NC_000017.11:43115758:G:C,BRCA1,1,0.94909,0.9886,27.5,0.92404,0.8234,0.97127,0.95347,0.93706,0.95118,0.90285,0.69244,0.69819,0.99035,0.85914,0.96931,0.59612,0.94575,0.71708,0.0,0.763118656,0.97944,0.92064,0.97354,0.78512,0.99612
NC_000017.11:43124016:C:A,BRCA1,1,0.98629,0.9898,34.0,0.9658,0.94135,,0.99285,0.80327,0.97441,0.84752,0.66179,0.81561,0.99917,0.95369,0.43258,0.53407,0.60642,0.71708,0.74,,0.96875,0.93026,0.99777,0.78199,0.99274
NC_000017.11:43124016:C:T,BRCA1,1,0.98359,0.9955,34.0,0.98365,0.94048,,0.99157,0.80327,0.96212,0.81527,0.78517,0.82369,0.99945,0.95369,0.43258,0.53407,0.60642,0.71708,0.71,,0.96875,0.93019,0.99777,0.78199,0.98916
NC_000017.11:43124019:A:T,BRCA1,1,0.93038,0.9875,28.0,0.9731,0.89035,0.97127,0.93718,0.79497,0.96986,0.95958,0.73278,0.71035,0.98705,0.94011,0.43258,0.58147,0.8537,0.71708,0.0,0.771010243,0.95369,0.9047,0.95662,0.78199,0.99581
NC_000017.11:43124022:G:A,BRCA1,1,0.92086,0.9779,25.3,0.92778,0.74927,,0.95124,0.61791,0.82118,0.76686,0.72943,0.70054,0.95371,0.74103,0.43258,0.60019,0.93994,0.71708,0.0,0.250209383,0.94065,0.85542,0.9408,0.78199,0.99079
NC_000017.11:43124024:A:C,BRCA1,1,0.99434,0.9977,25.9,0.98982,0.91314,0.93005,0.9668,0.62185,0.98544,0.87427,0.77511,0.76196,0.99589,0.98456,0.3131,0.47067,0.4425,0.71708,0.0,0.872728045,0.97967,0.81876,0.99765,0.78199,0.99341
NC_000017.11:43124025:C:G,BRCA1,1,0.99307,0.9983,27.3,0.95735,0.88174,,0.99091,0.83128,0.99696,0.88339,0.72748,0.76021,0.99899,0.96759,0.43258,0.53407,0.61162,0.71708,0.0,0.873277656,0.96616,0.80906,0.99813,0.78199,0.99436
NC_000017.11:43124025:C:T,BRCA1,1,0.99348,0.9956,28.1,0.98365,0.90454,0.9938,0.9892,0.83901,0.99383,0.73307,0.82934,0.75625,0.99937,0.96759,0.43258,0.53407,0.61162,0.71708,0.01,0.872992365,0.96616,0.81876,0.99813,0.78199,0.99412
NC_000017.11:43124026:A:C,BRCA1,1,0.992,0.9929,27.7,0.95534,0.90278,0.95536,0.98955,0.79913,0.99565,0.95355,0.69402,0.81472,0.9993,0.98456,0.43258,0.58147,0.85863,0.71708,0.01,0.872994013,0.97501,0.81876,0.99758,0.78199,0.99622
NC_000017.11:43124026:A:G,BRCA1,1,0.99217,0.9994,28.0,0.9812,0.918,0.97127,0.98707,0.82323,0.99911,0.92201,0.80964,0.80547,0.99933,0.98456,0.43258,0.58147,0.85863,0.71708,0.0,0.870963541,0.97187,0.81876,0.99799,0.78199,0.99387
NC_000017.11:43124026:A:T,BRCA1,1,0.99272,0.9983,26.4,0.95735,0.88174,0.94846,0.9885,0.81982,0.99696,0.88339,0.72748,0.80547,0.99922,0.96759,0.43258,0.58147,0.85863,0.71708,0.0,0.873277656,0.97187,0.80906,0.99799,0.78199,0.9942
NC_000017.11:43124043:A:C,BRCA1,1,0.88912,0.9646,25.9,0.96181,0.87707,,0.93639,0.62072,0.9666,0.96027,0.73867,0.73695,0.94126,0.25392,0.43258,0.58147,0.85708,0.71708,0.17,0.277380013,0.87514,0.62106,0.87434,0.78199,0.99395
NC_000017.11:43124043:A:T,BRCA1,1,0.95459,0.9577,25.3,0.95034,0.85406,0.98095,0.92391,0.5886,0.97125,0.97072,0.7597,0.73487,0.93187,0.18514,0.43258,0.58147,0.85708,0.71708,0.03,0.248959369,0.86658,0.70979,0.86512,0.78199,0.99387
NC_000017.11:43124093:C:A,BRCA1,1,0.99089,,24.4,0.99831,0.24395,0.9938,0.88959,0.58351,0.91731,0.88833,,0.11866,0.88575,,0.43258,0.52696,0.36859,0.71708,0.08,,0.90823,0.65037,0.90001,0.78199,0.9947
NC_000017.11:43124093:C:G,BRCA1,1,0.99109,,24.4,0.99831,0.24395,0.9938,0.88959,0.58351,0.91731,0.88833,,0.11866,0.88575,,0.43258,0.52696,0.36859,0.71708,0.01,,0.90823,0.65037,0.90001,0.78199,0.9947
NC_000017.11:43124093:C:T,BRCA1,1,0.9904,,24.6,0.99831,0.24395,0.9938,0.88959,0.58351,0.91731,0.88833,,0.09604,0.88575,,0.43258,0.52696,0.36859,0.71708,0.21,,0.90823,0.65037,0.90001,0.78199,0.99462
NC_000017.11:43124094:A:C,BRCA1,1,0.99009,,24.5,0.99831,0.4722,0.9938,0.90507,0.59778,0.98678,0.94085,,0.11801,0.8871,,0.43258,0.58147,0.85012,0.71708,0.14,,0.90088,0.6688,0.89865,0.78199,0.99505
NC_000017.11:43124094:A:G,BRCA1,1,0.98978,,24.0,0.99831,0.29782,0.9938,0.89789,0.59,0.95446,0.80057,,0.10378,0.88133,,0.43258,0.58147,0.85012,0.71708,0.0,,0.90013,0.6688,0.89769,0.78199,0.99428
NC_000017.11:43124094:A:T,BRCA1,1,0.98978,,24.4,0.99831,0.48087,0.9938,0.90195,0.59044,0.98408,0.92133,,0.09737,0.88337,,0.43258,0.58147,0.85012,0.71708,0.01,,0.90013,0.6688,0.89769,0.78199,0.99497
NC_000017.11:43124095:T:C,BRCA1,1,0.99073,,23.6,0.99831,0.2744,0.98618,0.88959,0.56456,0.9444,0.8545,,0.16002,0.87985,,0.43258,0.41858,0.5003,0.71708,0.05,,0.89736,0.65037,0.89407,0.78199,0.99497
NC_000017.11:58695178:A:C,RAD51C,1,0.97516,0.9481,28.5,0.96346,0.92892,0.91349,0.98227,0.94551,0.99698,0.99574,0.5454,0.98522,0.968,0.9825,0.78301,0.89799,0.88486,0.71708,0.0,0.828977915,0.94823,0.83701,0.93008,0.71492,0.87299
NC_000017.11:58695188:G:C,RAD51C,1,0.8438,0.4336,33.0,0.73344,0.83894,0.9938,0.73954,0.8843,0.70445,0.54763,0.67594,0.9601,0.8153,0.47361,0.69171,0.91349,0.94749,0.71708,0.94,,0.50979,0.72765,0.53585,0.71492,0.67586
NC_000017.11:58695188:G:T,RAD51C,1,0.86538,0.8666,35.0,0.91659,0.89857,0.9938,0.85283,0.86801,0.97802,0.95519,0.69309,0.94146,0.82253,0.96604,0.69171,0.91349,0.94749,0.71708,0.92,,0.59109,0.81195,0.51975,0.71492,0.70709
NC_000017.11:58695189:G:C,RAD51C,1,,,29.1,,,,,,,,,,,,,,,,0.97,,,,,,
NC_000017.11:58696858:G:A,RAD51C,1,0.4852,0.0913,25.2,0.42101,0.46357,0.53912,0.22039,0.62413,0.33273,0.47127,0.26414,0.72804,0.78896,0.59689,0.54363,0.64407,0.59083,0.71708,0.21,,0.52062,0.46728,0.55744,0.71492,0.95955
NC_000017.11:58724098:A:G,RAD51C,1,0.96719,0.8651,32.0,0.78465,0.90945,0.77287,0.83108,0.90239,0.97331,0.89159,0.49985,0.68789,0.91164,0.97106,0.97144,0.64515,0.80707,0.71708,0.68,,0.86656,0.78132,0.8147,0.73313,0.99561
NC_000017.11:61743012:C:A,BRIP1,1,0.75526,0.7587,34.0,0.84378,0.75247,,0.78736,0.82884,0.86675,0.73775,0.6187,0.72345,0.86145,0.71277,0.72847,0.68118,0.60392,0.71708,0.99,0.714838235,0.82293,0.92721,0.82235,0.97506,0.93561
NC_000017.11:61801347:C:G,BRIP1,1,0.86923,0.9793,24.3,0.89728,0.75782,0.84566,0.8596,0.50592,0.8154,0.77702,0.25487,0.61571,0.85227,0.49425,0.32386,0.47549,0.41064,0.71708,0.0,0.569869141,0.80383,0.83534,0.75935,0.97744,0.90904
NC_000017.11:61808619:C:A,BRIP1,1,0.9825,0.9977,26.0,0.98499,0.96705,0.90294,0.936,0.90633,0.94067,0.93675,0.70002,0.66517,0.97797,0.98495,0.74415,0.59431,0.52528,0.71708,0.0,0.750995659,0.91559,0.94821,0.89189,0.97744,0.96574
NC_000017.11:61808619:C:G,BRIP1,1,0.98199,0.9977,25.8,0.98499,0.96705,,0.93561,0.90633,0.94067,0.93675,0.70002,0.66958,0.97797,0.98495,0.74415,0.59431,0.52528,0.71708,0.0,0.750995659,0.91559,0.94821,0.89189,0.97744,0.96577
NC_000017.11:61808633:G:A,BRIP1,1,0.98006,0.9536,33.0,0.98239,0.92659,0.97127,0.99189,0.96546,0.95053,0.93951,0.79101,0.88738,0.99747,0.98863,0.74415,0.94255,0.98402,0.71708,0.0,0.782776465,0.98104,0.94883,0.96613,0.97744,0.97098
NC_000017.11:61808657:T:C,BRIP1,1,0.07443,0.0738,24.8,0.75136,0.3625,,0.19045,0.32026,0.02895,0.33781,0.19822,0.32746,0.47518,0.15392,0.74415,0.3479,0.4747,0.71708,0.93,0.123941088,0.29309,0.34019,0.42021,0.97744,0.72234
NC_000017.11:61849128:C:A,BRIP1,1,0.71126,0.1682,33.0,0.72272,0.38037,0.81862,0.5688,0.82388,0.39106,0.27788,0.41786,0.63615,0.70455,0.75686,0.93659,0.62243,0.61846,0.71708,0.87,0.334697443,0.65368,0.6934,0.66482,0.97782,0.89425
NC_000019.10:1219342:T:C,STK11,1,0.98698,0.9984,33.0,0.91085,0.97825,0.90819,0.9713,0.74328,0.99763,0.99162,0.98688,0.96682,0.9305,0.90021,0.42991,0.84361,0.66439,0.71708,0.09,0.72938156,0.89353,0.85724,0.89628,0.09207,0.99989
NC_000019.10:1219367:T:C,STK11,1,0.94946,0.998,32.0,0.91337,0.98045,0.94846,0.99695,0.8384,0.99937,0.97553,0.98483,0.99198,0.91921,0.6869,0.6286,0.84361,0.66544,0.71708,0.03,0.653547718,0.94316,0.86153,0.93299,0.10612,0.99989
NC_000019.10:1220394:G:C,STK11,1,0.99635,0.9994,32.0,0.94451,0.98371,0.97127,0.98451,0.97924,0.99635,0.83508,0.96179,0.95437,0.95415,0.957,0.84988,0.98434,0.82017,0.71708,0.0,0.758102725,0.98516,0.88826,0.9691,0.10612,0.99989
NC_000019.10:1220434:A:G,STK11,1,0.99209,0.9998,31.0,0.95305,0.98419,0.94202,0.99376,0.96678,0.99665,0.96894,0.93159,0.92497,0.98217,0.95407,0.84988,0.94127,0.86838,0.71708,0.0,0.75774393,0.9951,0.88137,0.98263,0.10612,0.99996
NC_000019.10:1220437:T:A,STK11,1,0.99481,0.9997,32.0,0.97008,0.99058,0.85623,0.97735,0.91964,0.99812,0.98765,0.87827,0.92505,0.89501,0.96511,0.84988,0.86908,0.70203,0.71708,0.0,0.712962328,0.97156,0.88071,0.95575,0.10612,0.99989
NC_000019.10:1220448:AAC:GAA,STK11,1,,,,,,,,,,,,,,,,,,,,0.744873876,,,,,
NC_000019.10:1220448:A:G,STK11,1,0.99434,0.9999,26.1,0.96736,0.99588,0.80747,0.94028,0.89795,0.99503,0.91963,0.87272,0.90228,0.96381,0.97897,0.56278,0.94127,0.79688,0.71708,0.0,0.747986231,0.97488,0.88287,0.97732,0.10612,0.99978
NC_000019.10:1220449:A:G,STK11,1,0.99495,0.9984,24.8,0.95805,0.98682,0.86145,0.95865,0.92969,0.9947,0.91694,0.76778,0.91059,0.94759,0.92973,0.84988,0.94127,0.86838,0.71708,0.0,0.757959583,0.99002,0.87549,0.97445,0.10612,0.99978
NC_000019.10:1220450:C:A,STK11,1,0.99232,0.9999,22.3,0.9761,0.99736,0.9938,0.94525,0.77476,0.99784,0.95277,0.89765,0.63219,0.94747,0.86615,0.56058,0.44167,0.18127,0.71708,0.0,0.752596598,0.9697,0.87958,0.97048,0.10612,0.99978
NC_000019.10:1220450:C:G,STK11,1,0.99228,0.9999,22.3,0.9761,0.99736,0.9938,0.94525,0.77476,0.99784,0.95277,0.89765,0.63219,0.94727,0.86615,0.56058,0.44167,0.18127,0.71708,0.0,0.752596598,0.9697,0.87958,0.97048,0.10612,0.99978
NC_000019.10:1220489:C:A,STK11,1,0.99435,0.9998,24.4,0.95206,0.98581,0.96289,0.9505,0.85053,0.95748,0.95722,0.97117,0.59381,0.995,0.93505,0.54778,0.51033,0.34296,0.71708,0.0,0.755852633,0.97122,0.87295,0.97061,0.10612,0.99996
NC_000019.10:1220489:C:G,STK11,1,0.99439,0.9998,24.3,0.95206,0.98581,0.96289,0.9505,0.85053,0.95748,0.95722,0.97117,0.59381,0.99497,0.93505,0.54778,0.51033,0.34296,0.71708,0.0,0.755852633,0.97122,0.87295,0.97061,0.10612,0.99996
NC_000019.10:1220493:G:C,STK11,1,0.99948,0.9996,29.7,0.97565,0.99636,0.89772,0.9984,0.96328,0.97001,0.76079,0.99405,0.95308,0.98393,0.94736,0.83668,0.98434,0.95167,0.71708,0.0,0.75410439,0.97897,0.8865,0.99432,0.10612,0.99996
NC_000019.10:1220691:G:C,STK11,1,0.99693,0.9996,35.0,0.9761,0.9939,0.96289,0.9984,0.99294,0.99958,0.93314,0.9954,0.90228,0.99182,0.99496,0.84988,0.98434,0.95068,0.71708,0.29,0.758858224,0.98181,0.89381,0.99265,0.10612,0.99996
NC_000019.10:1220693:C:A,STK11,1,0.99522,0.9987,32.0,0.9661,0.98965,0.90294,0.99124,0.93521,0.99464,0.86336,0.99051,0.69945,0.9812,0.92348,0.84988,0.63315,0.62026,0.71708,0.07,0.756548949,0.99327,0.87806,0.98955,0.10612,0.99996
NC_000019.10:1220699:G:T,STK11,1,0.99246,0.9993,34.0,0.978,0.99708,0.98095,0.9568,0.98858,0.99955,0.84292,0.99922,0.95151,0.95332,0.95951,0.84988,0.98434,0.95068,0.71708,0.0,0.749905539,0.99394,0.89296,0.97603,0.10612,0.99996
NC_000019.10:1220701:C:G,STK11,1,0.9922,0.999,35.0,0.97902,0.99799,0.96289,0.99405,0.95756,0.99558,0.98107,0.97684,0.96018,0.97691,0.99035,0.84988,0.8457,0.62026,0.71708,0.35,0.695650351,0.98564,0.89283,0.97192,0.10612,0.99989
NC_000019.10:1220706:G:A,STK11,1,0.99841,0.9996,33.0,0.9752,0.99759,0.95536,0.99597,0.98314,0.99815,0.65355,0.99924,0.94103,0.98412,0.9748,0.84988,0.98434,0.95068,0.71708,0.0,0.759327393,0.98334,0.89338,0.99231,0.10612,0.99996
NC_000019.10:1221974:A:G,STK11,1,0.9971,0.9958,25.7,0.91821,0.99163,0.93592,0.97773,0.74959,0.99926,0.83083,0.56528,0.69847,0.99491,0.97078,0.20765,0.51181,0.31298,0.71708,0.0,0.751860575,0.97245,0.89336,0.98749,0.09207,0.99996
NC_000019.10:1221976:G:T,STK11,1,0.99529,0.9995,24.6,0.89419,0.98971,0.97127,0.98561,0.73741,0.99982,0.8389,0.58002,0.55753,0.99515,0.97078,0.21691,0.39369,0.28163,0.71708,0.0,0.752193841,0.96816,0.8905,0.98694,0.09207,0.99996
NC_000019.10:1221995:C:T,STK11,1,0.92607,0.4984,24.7,0.87256,0.87485,0.91349,0.90859,0.46481,0.84369,0.86671,0.75909,0.68143,0.95205,0.3877,0.06488,0.17539,0.2497,0.30641,0.0,0.449438861,0.84236,0.83859,0.85544,0.09207,0.99978
NC_000019.10:1221996:G:C,STK11,1,0.96624,0.9815,33.0,0.85703,0.94738,0.97127,0.96419,0.76771,0.99003,0.90514,0.70582,0.98864,0.93533,0.57551,0.39862,0.81786,0.77005,0.71708,0.0,0.479344572,0.89272,0.83,0.87824,0.09207,0.99989
NC_000019.10:1222001:C:T,STK11,1,0.97676,0.8106,27.7,0.8107,0.96163,0.87702,0.97394,0.84135,0.9466,0.70678,0.72893,0.85816,0.89346,0.75113,0.39862,0.60674,0.58922,0.71708,0.0,0.548639876,0.94819,0.87074,0.93427,0.09207,0.99989
NC_000019.10:1222986:G:T,STK11,1,0.97986,0.9864,33.0,0.86918,0.88836,0.9938,0.9268,0.79692,0.97212,0.90439,0.87264,0.97139,0.69002,0.62976,0.3974,0.97778,0.94575,0.71708,0.0,0.746411019,0.85213,0.86019,0.81213,0.07754,0.99966
NC_000019.10:1222987:G:T,STK11,1,0.99579,0.996,33.0,0.92273,0.96914,0.9938,0.9138,0.78391,0.99774,0.80608,0.86647,0.96873,0.92996,0.81087,0.29397,0.97778,0.94575,0.71708,0.0,0.736668382,0.85004,0.87644,0.83654,0.07754,0.99989
NC_000002.12:214730507:C:T,BARD1,1,,,50.0,,,0.9938,,0.93958,,0.75771,,0.90542,,,0.91072,0.73737,0.64122,0.71708,0.05,,,,,0.34959,
NC_000002.12:214780559:C:A,BARD1,1,0.72313,0.872,32.0,0.75481,0.57317,0.83495,0.59537,0.6233,0.91639,0.55477,0.54838,0.65438,0.90645,0.01247,0.69992,0.64762,0.51717,0.71708,0.9,,0.65484,0.58581,0.66795,0.35305,0.96974
NC_000002.12:214797063:C:T,BARD1,1,0.96399,0.9762,28.0,0.76514,0.89943,0.89772,0.98451,0.87604,0.98332,0.90925,0.53317,0.66574,0.9998,0.98763,0.88013,0.62654,0.66087,0.71708,0.0,,0.9783,0.86306,0.99566,0.35305,0.96164
NC_000022.11:28695866:C:G,CHEK2,1,0.97774,0.9992,31.0,0.90531,0.93704,0.90294,0.98038,0.98695,0.99647,0.96641,0.89738,0.78036,0.99879,0.98879,0.94754,0.75302,0.63705,0.71708,0.03,,0.99306,0.82387,0.98443,0.78841,0.9774
NC_000022.11:28725069:C:G,CHEK2,1,0.99438,0.9959,28.1,0.9629,0.89385,0.9938,0.99405,0.96637,0.99709,0.64552,0.85185,0.71081,0.98687,0.98895,0.94261,0.6775,0.60134,0.71708,0.0,,0.97424,0.93079,0.99615,0.80385,0.99281
NC_000022.11:28725340:C:T,CHEK2,1,0.9791,0.998,27.4,0.9547,0.88277,0.90819,0.98414,0.96666,0.99382,0.84908,0.5489,0.71655,0.98622,0.98694,0.94261,0.70679,0.623,0.71708,0.0,,0.96195,0.91915,0.99955,0.80385,0.99238
NC_000008.11:89953514:T:C,NBN,1,0.09967,0.0717,19.76,0.26007,0.16113,0.16233,0.02195,0.04353,0.07305,0.34775,0.14316,0.06436,0.42522,0.3126,0.12645,0.18469,0.21986,0.06397,0.71,,0.15792,0.42676,0.30336,0.20789,0.86609
NC_000008.11:89958853:C:T,NBN,1,0.13229,0.0879,17.27,0.66622,0.21453,0.25628,0.19353,0.17702,0.00912,0.12932,0.17271,0.27551,0.70181,0.49051,0.25539,0.25,0.17269,0.27675,0.01,,0.23403,0.32743,0.281,0.2734,0.9361
NC_000009.12:95135484:G:A,FANCC,1,0.72812,0.3217,22.7,0.40404,0.26563,0.79042,0.46893,0.43724,0.26927,0.1183,0.1814,0.24221,0.84849,0.59689,0.65662,0.5017,0.77829,0.25585,0.01,0.701759945,0.54573,0.76106,0.56882,0.93516,0.68901
NC_000009.12:95249288:C:A,FANCC,1,0.82199,,23.1,0.99831,0.3816,0.88736,0.70928,0.80504,0.83816,0.66169,,0.01851,0.8502,,0.69713,0.65691,0.58084,0.71708,0.03,,0.75638,0.85501,0.72942,0.92817,0.8682
NC_000002.12:214728797:T:C,BARD1,0,0.00146,0.1157,17.63,0.17462,0.50693,0.0799,0.01228,0.28468,0.02687,0.51534,0.20596,0.33803,0.65239,0.32156,0.55411,0.44132,0.18805,0.71708,0.0,,0.12422,0.40262,0.07219,0.35999,0.65617
NC_000002.12:214730439:G:A,BARD1,0,0.00124,0.1001,25.2,0.50797,0.50964,0.13577,0.29456,0.64261,0.52311,0.51735,0.02797,0.66048,0.88298,0.58575,0.91072,0.65478,0.43443,0.33283,0.01,,0.47949,0.74978,0.30611,0.34959,0.80176
NC_000002.12:214730478:A:G,BARD1,0,0.00026,0.0941,13.92,0.10486,0.69272,0.13577,0.13183,0.15434,0.46969,0.03073,0.10798,0.16755,0.35503,0.0315,0.57158,0.36127,0.42353,0.29117,0.01,,0.05904,0.35148,0.01601,0.34959,0.57214
NC_000002.12:214745793:C:T,BARD1,0,0.00165,0.0816,19.57,0.26467,0.38323,0.33146,0.36974,0.1904,0.30542,0.59725,0.28837,0.06285,0.82236,0.27866,0.37211,0.24867,0.48074,0.19944,0.0,,0.39071,0.37998,0.37563,0.35305,0.68657
NC_000002.12:214752453:C:G,BARD1,0,0.00102,0.0824,7.953,0.16582,0.27204,0.10826,0.3778,0.11976,0.09026,0.01699,0.16701,0.0784,,0.66633,0.25685,0.23675,0.28352,0.16112,0.0,,0.55229,0.47282,0.63779,0.35305,0.4874
NC_000002.12:214767530:C:T,BARD1,0,9e-05,0.0729,0.008,0.08707,0.11974,0.10826,0.30413,0.00628,0.27013,0.43062,0.01051,0.03051,,0.30574,0.00084,0.00166,0.01612,0.06397,0.0,,0.04474,0.32034,0.00011,0.35305,0.70054
NC_000002.12:214780739:C:G,BARD1,0,3e-05,0.2276,1.391,0.28953,0.23953,0.01748,0.31117,0.07863,0.19759,0.1997,0.042,0.15993,,0.4272,0.09568,0.07384,0.10793,0.06397,0.01,,0.45159,0.31385,0.00011,0.35305,0.8185
NC_000002.12:214781151:G:C,BARD1,0,0.00216,0.1294,25.0,0.55784,0.21704,0.23472,0.63185,0.58603,0.23846,0.48996,0.12233,0.34765,0.9436,0.70268,0.58992,0.54523,0.49795,0.71708,0.19,,0.73809,0.66735,0.75717,0.35305,0.96591
NC_000002.12:214781253:T:C,BARD1,0,0.0017,0.0725,15.8,0.26374,0.32796,0.13577,0.26702,0.31628,0.07833,0.18389,0.1965,0.1736,0.93462,0.71063,0.36877,0.40151,0.17585,0.3741,0.0,,0.56421,0.52625,0.6179,0.35305,0.93798
NC_000002.12:214792407:C:A,BARD1,0,0.00357,0.372,20.4,0.48478,0.51737,0.45658,0.46391,0.50943,0.50291,0.65737,0.44144,0.45092,0.87018,0.13211,0.74415,0.53029,0.65746,0.42797,0.02,,0.61403,0.43926,0.58291,0.35305,0.95754
NC_000002.12:214809499:G:A,BARD1,0,0.0004,0.0973,15.74,0.19966,0.25077,0.10826,0.57011,0.21592,0.13904,0.18463,0.5959,0.14752,,0.30047,0.34742,0.29405,0.23176,0.29045,0.0,,0.16495,0.32667,0.00011,0.31664,0.38052
NC_000002.12:214809525:C:A,BARD1,0,0.10906,0.2154,23.1,0.36304,0.55958,0.13577,0.62206,0.37878,0.42947,0.36969,0.68979,0.3529,0.97318,0.3972,0.34846,0.2851,0.24678,0.71708,0.0,,0.76286,0.36647,0.78403,0.31664,0.82666
NC_000008.11:89947855:C:T,NBN,0,0.00034,0.0645,7.656,0.10526,0.09995,0.10826,0.06594,0.01119,0.00573,0.22039,0.10899,0.02057,0.36981,0.11102,0.01514,0.18066,0.16334,0.36907,0.2,,0.28667,0.28514,0.067,0.19642,0.86544
NC_000008.11:89953398:C:T,NBN,0,0.00105,0.1032,22.3,0.44323,0.47632,0.01748,0.23466,0.375,0.36503,0.40024,0.31073,0.27021,0.77099,0.54378,0.3974,0.42404,0.3316,0.34611,0.0,,0.3744,0.71404,0.36347,0.20789,0.93844
NC_000008.11:89953599:T:C,NBN,0,0.00047,0.0635,3.553,0.11753,0.16462,0.01748,0.23184,0.02017,0.00473,0.1847,0.05885,0.0441,0.39825,0.51658,0.00171,0.05235,0.04155,0.06397,0.09,,0.14067,0.41765,0.22114,0.20789,0.84517
NC_000008.11:89955457:T:C,NBN,0,0.00077,0.0761,11.75,0.3077,0.08881,0.23472,0.23466,0.197,0.11828,0.16553,0.07938,0.09763,0.71709,0.70268,0.22139,0.28644,0.1042,0.15309,0.05,,0.11445,0.33563,0.37363,0.22509,0.913
NC_000008.11:89970462:G:A,NBN,0,0.0019,0.1113,24.9,0.53243,0.57641,0.05031,0.60256,0.78747,0.6594,0.63162,0.26035,0.54873,0.82063,0.84247,0.84988,0.73017,0.81294,0.71708,0.12,,0.73419,0.71416,0.5851,0.26536,0.97112
NC_000008.11:89978250:C:G,NBN,0,0.00035,0.0561,13.66,0.00991,0.28049,0.13577,0.29214,0.12599,0.10833,0.12084,0.07655,0.03614,,0.00813,0.34537,0.42673,0.28912,0.71708,0.0,,0.38923,0.36518,0.00011,0.26695,0.8334
NC_000009.12:95107204:T:C,FANCC,0,0.00057,0.0569,0.016,0.04606,0.03234,0.16233,0.05575,0.00037,0.0017,0.24873,0.00598,0.01364,0.33739,0.00612,0.00601,0.01964,0.04928,0.06397,0.0,0.038924379,0.0976,0.28684,0.0551,0.93516,0.66369
NC_000009.12:95107253:C:T,FANCC,0,0.00058,0.1523,17.23,0.41115,0.25808,0.0799,0.23184,0.3066,0.1198,0.32975,0.18161,0.08861,0.55922,0.54378,0.22536,0.30308,0.13612,0.16112,0.0,0.617878218,0.0748,0.70277,0.06984,0.93516,0.7148
NC_000009.12:95111287:G:A,FANCC,0,,,0.874,,,,,,,,,,,,,,,,0.0,,,,,,
NC_000009.12:95125108:C:T,FANCC,0,0.0026,0.1018,23.2,0.21293,0.19673,0.10826,0.36566,0.56371,0.26435,0.19302,0.24731,0.45719,0.84006,0.63171,0.59936,0.49476,0.44238,0.71708,0.05,0.690911887,0.59362,0.56325,0.41504,0.93516,0.68451
NC_000009.12:95172076:C:T,FANCC,0,0.00214,0.4063,23.2,0.40545,0.72093,0.05031,0.58552,0.74065,0.8267,0.14048,0.35809,0.45394,0.91756,0.69018,0.75965,0.49845,0.44438,0.4031,0.01,0.74935525,0.69029,0.73075,0.49371,0.93516,0.81856
NC_000010.11:87862042:A:T,PTEN,0,,,20.8,,,,,,,,,,,,,,,,,,,,,,
NC_000010.11:87862095:T:C,PTEN,0,,,12.29,,,,,,,,,,,,,,,,,,,,,,
NC_000010.11:87862105:G:C,PTEN,0,,,19.49,,,,,,,,,,,,,,,,,,,,,,
NC_000010.11:87863565:G:A,PTEN,0,,,23.6,,,,,,,,,,,,,,,,0.0,,,,,,
NC_000010.11:87863956:G:C,PTEN,0,,,18.82,,,,,,,,,,,,,,,,0.0,,,,,,
NC_000010.11:87864031:T:C,PTEN,0,,,20.3,,,,,,,,,,,,,,,,0.0,,,,,,
NC_000010.11:87864317:A:G,PTEN,0,,,18.26,,,,,,,,,,,,,,,,0.0,,,,,,
NC_000010.11:87864460:C:G,PTEN,0,,,20.3,,,,,,,,,,,,,,,,0.01,,,,,,
NC_000010.11:87931070:G:A,PTEN,0,0.5122,0.0682,23.9,0.63726,0.75048,0.91349,0.77278,0.37194,0.4332,0.40858,0.84382,0.59265,0.98062,0.0303,0.58758,0.58956,0.7743,0.71708,0.0,0.099775528,0.8892,0.76472,0.93199,0.14292,0.98276
NC_000010.11:87960973:T:G,PTEN,0,0.27035,0.4506,22.8,0.8804,0.82231,0.66053,0.68327,0.38695,0.30052,0.25375,0.49822,0.48624,0.85898,0.44961,0.69713,0.54971,0.47167,0.71708,0.0,0.122058294,0.8556,0.91251,0.89333,0.24628,0.98129
NC_000010.11:87965320:C:A,PTEN,0,0.71484,0.1124,24.4,0.73894,0.2756,0.8822,0.78047,0.46947,0.18915,0.16871,0.64125,0.70292,0.96882,0.14367,0.7628,0.67342,0.52385,0.71708,0.0,0.133798782,0.83788,0.85912,0.85946,0.25541,0.9902
NC_000010.11:87965337:A:G,PTEN,0,0.57706,0.0909,24.6,0.91904,0.33873,0.74247,0.7431,0.66883,0.64875,0.33389,0.77219,0.95066,0.86635,0.24374,0.73465,0.90959,0.8993,0.71708,0.0,0.118572519,0.91759,0.837,0.92157,0.25541,0.99205
NC_000011.10:108227848:C:G,ATM,0,0.00122,0.0782,23.0,0.36741,0.23031,0.18775,0.17154,0.50521,0.29145,0.41747,0.26528,0.25486,0.84397,0.64741,0.49132,0.40569,0.36873,0.29463,0.0,0.38350259,0.36989,0.33778,0.40326,0.94988,0.96594
NC_000011.10:108235707:A:G,ATM,0,0.00114,0.0661,5.296,0.38033,0.09249,0.18775,0.1042,0.12612,0.11646,0.20382,0.12183,0.10391,0.57632,0.00575,0.15486,0.28036,0.15557,0.39528,0.0,0.069731119,0.31642,0.2187,0.18562,0.94988,0.93657
NC_000011.10:108235715:T:A,ATM,0,0.00013,0.1077,4.363,0.31234,0.07774,0.16233,0.41808,0.11902,0.11086,0.10504,0.1689,0.12739,,0.15308,0.05859,0.05229,0.07996,0.23568,0.02,0.093258626,0.10422,0.2323,0.00038,0.94988,0.81974
NC_000011.10:108243999:G:C,ATM,0,0.00055,0.1323,18.69,0.30721,0.10716,0.05031,0.10071,0.20765,0.14555,0.12813,0.06482,0.42105,0.78244,0.20114,0.35159,0.55828,0.36053,0.71708,0.05,0.141484642,0.28609,0.34826,0.02148,0.94944,0.95216
NC_000011.10:108244021:G:A,ATM,0,0.00026,0.2019,25.5,0.80114,0.63263,0.34793,0.59171,0.83432,0.80806,0.09473,0.41723,0.6426,,0.71709,0.84669,0.73539,0.81792,0.71708,0.03,0.454234642,0.58074,0.60593,0.63328,0.94944,0.94438
NC_000011.10:108244024:T:A,ATM,0,0.00074,0.9344,25.8,0.92329,0.72199,0.25628,0.69279,0.7983,0.74261,0.27553,0.71276,0.61976,,0.63999,0.84669,0.74083,0.69213,0.71708,0.05,0.6651482,0.57446,0.53093,0.54091,0.94944,0.94766
NC_000011.10:108248939:A:G,ATM,0,0.00185,0.0598,15.59,0.31218,0.08553,0.21188,0.15198,0.12458,0.11659,0.05136,0.09727,0.13392,0.65872,0.09592,0.19155,0.3168,0.4346,0.71708,0.13,0.103488668,0.19975,0.27829,0.37638,0.94944,0.93426
NC_000011.10:108251005:G:A,ATM,0,0.00048,0.3476,25.5,0.41218,0.39379,0.36362,0.58174,0.71118,0.56537,0.25834,0.30377,0.48203,0.91371,0.78381,0.99707,0.5926,0.95801,0.71708,0.0,0.602888021,0.60818,0.48164,0.3457,0.94944,0.98114
NC_000011.10:108251864:C:G,ATM,0,0.00024,0.1175,12.93,0.42629,0.32888,0.13577,0.19353,0.15541,0.09528,0.2427,0.12488,0.16268,0.61855,0.73732,0.08272,0.09959,0.09995,0.15309,0.01,0.490860482,0.23824,0.43437,0.10778,0.94944,0.91148
NC_000011.10:108254033:T:C,ATM,0,0.00127,0.0804,11.04,0.28694,0.13888,0.10826,0.55539,0.19185,0.47703,0.3262,0.16593,,0.7348,0.25178,0.42991,0.10088,0.12849,0.20996,0.0,0.079753,0.41733,0.28502,0.51152,0.94944,0.95905
NC_000011.10:108257591:A:C,ATM,0,0.00136,0.2666,19.46,0.33787,0.16591,0.4448,0.56616,0.15907,0.09155,0.21873,0.12614,0.02793,0.71611,0.20114,0.42209,0.47212,0.39111,0.42797,0.0,0.212460727,0.26906,0.34933,0.41591,0.94903,0.96984
NC_000011.10:108259050:C:A,ATM,0,0.00114,0.4823,11.95,0.54082,0.21532,0.39295,0.6631,0.28116,0.46283,0.1365,0.48471,0.26622,0.80747,0.53675,0.16141,0.11757,0.12424,0.34079,0.02,0.093910314,0.57631,0.36213,0.35112,0.94903,0.98379
NC_000011.10:108267275:T:C,ATM,0,0.00113,0.5653,16.08,0.5643,0.32393,0.0799,0.33596,0.34181,0.29079,0.05078,0.45784,0.23874,0.98065,0.65215,0.32292,0.48862,0.33691,0.34079,0.0,0.51625127,0.38464,0.45058,0.01601,0.9426,0.98493
NC_000011.10:108267317:C:T,ATM,0,0.00032,0.0776,9.817,0.15391,0.11151,0.0799,0.33596,0.1099,0.00267,0.04504,0.02858,0.01549,0.62963,0.00813,0.21247,0.30093,0.18584,0.33647,0.0,,0.19025,0.27723,0.03867,0.9426,0.96814
NC_000011.10:108271260:T:C,ATM,0,0.01264,0.6498,25.4,0.66268,0.605,0.86145,0.96234,0.82134,0.84359,0.44619,0.25953,0.72924,0.94734,0.82193,0.81376,0.73274,0.5362,0.71708,0.0,0.368497458,0.85857,0.49809,0.8431,0.9426,0.99978
NC_000011.10:108272571:A:G,ATM,0,0.0007,0.0861,4.396,0.25861,0.12143,0.05031,0.27472,0.14736,0.27816,0.0692,0.1653,0.03446,0.63962,0.13211,0.09379,0.19943,0.16723,0.39528,0.01,0.10491268,0.15272,0.26687,0.10778,0.9426,0.98512
NC_000011.10:108272728:C:G,ATM,0,0.00167,0.5124,24.4,0.45047,0.65651,0.468,0.70526,0.82981,0.69903,0.52526,0.3551,0.59525,,0.82641,0.86099,0.73108,0.61989,0.71708,0.01,0.811958274,0.78203,0.83467,0.67245,0.9426,0.98451
NC_000011.10:108279588:A:G,ATM,0,0.0018,0.0987,16.35,0.56089,0.4588,0.56598,0.49808,0.40162,0.17667,0.20348,0.10389,0.42942,0.81373,0.74589,0.37886,0.44574,0.25941,0.71708,0.0,0.578139134,0.51374,0.41371,0.47305,0.9426,0.98408
NC_000011.10:108284404:G:A,ATM,0,0.01182,0.0756,16.43,0.37387,0.1639,0.63078,0.22039,0.25698,0.20688,0.20424,0.16187,0.40941,0.76694,0.77977,0.38112,0.51631,0.32726,0.71708,0.01,0.144018701,0.53238,0.3877,0.54165,0.9426,0.97879
NC_000011.10:108289004:C:T,ATM,0,0.00026,0.0535,12.72,0.14712,0.34472,0.05031,0.41992,0.13206,0.12543,0.10943,0.22588,0.08736,,0.13287,0.27231,0.1516,0.21534,0.2563,0.0,0.101992046,0.09472,0.36825,0.03154,0.9426,0.88478
NC_000011.10:108289622:C:T,ATM,0,0.00176,0.1248,15.89,0.38684,0.52969,0.10826,0.3877,0.26744,0.24039,0.37465,0.59001,0.13394,,0.62976,0.11509,0.26981,0.21181,0.29578,0.02,0.138056981,0.51494,0.62406,0.43561,0.9426,0.89249
NC_000011.10:108297325:A:G,ATM,0,0.00236,0.0484,9.028,0.2171,0.0483,0.36362,0.16833,0.14048,0.12281,0.01644,0.06678,0.03066,0.70413,0.00346,0.24958,0.25515,0.16453,0.71708,0.14,0.061895043,0.23759,0.2754,0.19971,0.9422,0.90964
NC_000011.10:108304734:G:A,ATM,0,0.00015,0.18,23.4,0.45049,0.30127,0.13577,0.32712,0.49175,0.64475,0.44008,0.42186,0.6262,,0.47626,0.82143,0.69913,0.77445,0.71708,0.12,0.504445779,0.11348,0.39982,0.00609,0.9422,0.7378
NC_000011.10:108307914:G:A,ATM,0,0.00209,0.0757,19.91,0.3751,0.08187,0.16233,0.3425,0.24993,0.12443,0.10604,0.03883,0.10663,0.7512,0.20114,0.47639,0.45993,0.30857,0.38051,0.14,0.125320514,0.3989,0.2886,0.57941,0.9422,0.86792
NC_000011.10:108309008:T:C,ATM,0,,,1.042,,,,,,,,,,,,,,,,0.02,,,,,,
NC_000011.10:108310217:G:C,ATM,0,0.65898,0.5284,24.7,0.75842,0.64309,0.95536,0.81155,0.73658,0.70513,0.59901,0.55264,0.71,0.93117,0.7648,0.88681,0.77963,0.81579,0.71708,0.06,0.353011548,0.79573,0.44403,0.83517,0.9422,0.96552
NC_000011.10:108312439:G:A,ATM,0,0.06409,0.0643,7.65,0.24029,0.13752,,,,,0.30131,,,,,,0.04754,0.26526,0.16672,,0.074728794,,0.28006,,0.9422,
NC_000011.10:108315903:A:G,ATM,0,0.00118,0.0638,20.7,0.45714,0.195,0.16233,0.38573,0.22779,0.20628,0.18362,0.19356,0.38475,0.78397,0.06502,0.52566,0.54794,0.46362,0.4147,0.0,0.121570535,0.52158,0.32623,0.00609,0.9422,0.84498
NC_000011.10:108317408:G:A,ATM,0,0.00179,0.071,0.005,0.19476,0.1062,0.01748,0.22616,0.00489,0.10148,0.26356,0.02576,0.01308,0.43192,0.06502,8e-05,0.12168,0.06597,0.06397,0.04,0.037776983,0.47498,0.30751,0.00639,0.9422,0.73936
NC_000011.10:108327663:T:C,ATM,0,0.00084,0.1455,18.45,0.59763,0.54688,0.41989,0.47059,0.21241,0.66453,0.65425,0.32754,0.29818,0.83719,0.32069,0.5238,0.53451,0.35647,0.36308,0.0,0.112671235,0.49804,0.29223,0.5518,0.94147,0.97202
NC_000013.11:32325080:A:C,BRCA2,0,0.00911,0.0799,12.7,,0.1169,0.27662,0.5688,0.1681,,0.29533,0.14446,0.11783,0.85627,0.16878,0.3305,0.25296,0.36077,0.29486,0.1,,0.48677,0.51437,0.00952,0.42618,0.98437
NC_000013.11:32326114:A:G,BRCA2,0,0.00158,0.0714,0.166,,0.12008,0.0799,0.65831,0.01729,,0.17036,0.01947,0.0063,0.81618,0.0503,0.07836,0.16583,0.0636,0.19944,0.01,,0.38542,0.4183,0.00219,0.43647,0.98563
NC_000013.11:32326267:C:A,BRCA2,0,0.61236,0.6613,23.1,,0.55992,0.60746,0.52254,0.7143,,0.36505,0.38129,0.43466,0.92553,0.66227,0.67276,0.52629,0.59825,0.71708,0.0,,0.01992,0.83432,0.28852,0.43647,0.99333
NC_000013.11:32332308:T:G,BRCA2,0,0.35023,0.233,16.78,,0.12439,0.13577,0.25652,0.38221,,0.13736,0.09104,0.16865,0.89561,0.49425,0.55841,0.20327,0.31794,0.06397,0.0,,0.41254,0.71264,0.02377,0.48278,0.98906
NC_000013.11:32332333:T:C,BRCA2,0,0.2001,0.0978,14.41,,0.23772,0.18775,0.52254,0.10918,,0.31535,0.08369,0.14018,0.8007,0.30154,0.25175,0.15037,0.16746,0.16112,0.0,,0.4917,0.53955,0.00761,0.48278,0.98859
NC_000013.11:32332420:T:A,BRCA2,0,0.00146,0.1485,4.282,,0.0785,0.05031,0.45198,0.10782,,0.01299,0.10687,0.03729,0.84047,0.2229,0.23891,0.21491,0.16889,0.16672,0.0,,0.46537,0.49174,0.00521,0.48278,0.98927
NC_000013.11:32332441:A:C,BRCA2,0,0.29465,0.1429,17.33,,0.2445,0.23472,0.49493,0.32442,,0.3289,0.26688,0.21178,0.89268,0.51658,0.29077,0.4271,0.43103,0.4031,0.0,,0.5054,0.66572,0.01564,0.48278,0.99395
NC_000013.11:32332455:C:A,BRCA2,0,0.00378,0.2272,7.396,,0.07044,0.01748,0.56216,0.02755,,0.14639,0.11077,0.07985,0.69463,0.2229,0.05371,0.06702,0.09445,0.06397,0.0,,0.47724,0.58107,0.007,0.48278,0.99122
NC_000013.11:32332517:A:G,BRCA2,0,0.00104,0.0794,12.56,,0.07137,0.34793,0.50893,0.2032,,0.23621,0.06361,0.07806,0.86184,0.46601,0.51809,0.21831,0.29028,0.06397,0.0,,0.50783,0.64135,0.00761,0.48278,0.99091
NC_000013.11:32332600:C:T,BRCA2,0,0.00343,0.105,6.897,,0.0739,0.13577,0.49965,0.22159,,0.034,0.01457,0.02831,0.85253,0.42446,0.43258,0.15595,0.04453,0.06397,0.0,,0.4865,0.55703,0.00521,0.48278,0.9926
NC_000013.11:32332618:G:A,BRCA2,0,0.04864,0.0804,14.04,,0.06424,0.21188,0.31117,0.14952,,0.12708,0.04581,0.07242,0.82978,0.32428,0.32481,0.30396,0.26326,0.19855,0.0,,0.46388,0.54531,0.00793,0.48278,0.98748
NC_000013.11:32332628:C:T,BRCA2,0,0.14328,0.2004,21.3,,0.16734,0.33146,0.52551,0.43436,,0.34674,0.09301,0.04521,0.87411,0.49425,0.39385,0.32854,0.22884,0.17454,0.0,,0.50149,0.65191,0.02148,0.48278,0.99552
NC_000013.11:32332643:C:A,BRCA2,0,0.00143,0.123,0.117,,0.08453,0.01748,0.52254,0.04775,,0.16224,0.01322,0.02232,0.74661,0.15951,0.10937,0.03557,0.08714,0.06397,0.0,,0.46672,0.5591,0.00793,0.48278,0.99115
NC_000013.11:32332658:A:C,BRCA2,0,0.38959,0.1698,12.81,,0.10725,0.18775,0.4772,0.13516,,0.31098,0.01672,0.07963,0.81129,0.45274,0.11852,0.24343,0.30595,0.19944,0.0,,0.46222,0.66023,0.00793,0.48278,0.99097
NC_000013.11:32332758:C:G,BRCA2,0,0.27999,0.1469,7.935,,0.10438,0.4448,0.4069,0.24011,,0.12802,0.11052,0.07129,0.87205,0.46601,0.3305,0.1157,0.0558,0.17751,0.0,,0.49407,0.5721,0.0092,0.48278,0.99134
NC_000013.11:32332862:A:G,BRCA2,0,0.22666,0.092,14.25,,0.26085,0.31413,0.35107,0.41923,,0.31223,0.04563,0.17039,0.89717,0.35209,0.74729,0.32235,0.30531,0.15309,0.0,,0.34089,0.5483,0.02775,0.48378,0.99109
NC_000013.11:32332991:T:C,BRCA2,0,0.0022,0.3027,8.61,,0.0936,0.18775,0.5074,0.31648,,0.12661,0.05436,0.09766,0.89184,0.51658,0.47639,0.21111,0.12254,0.1381,0.0,,0.51073,0.50634,0.01148,0.49136,0.99085
NC_000013.11:32333015:A:G,BRCA2,0,0.27575,0.0828,17.82,,0.09503,0.21188,0.46726,0.22757,,0.3276,0.01192,0.2658,0.7939,0.27866,0.31397,0.5521,0.40655,0.37145,0.0,,0.49851,0.43559,0.00639,0.49136,0.9862
NC_000013.11:32333139:T:G,BRCA2,0,0.64496,0.2162,17.91,,0.34562,0.23472,0.50121,0.36397,,0.45036,0.1464,0.34305,0.87234,0.51658,0.50878,0.26065,0.30008,0.1381,0.0,,0.32938,0.78027,0.0346,0.49136,0.99205
NC_000013.11:32333221:A:C,BRCA2,0,0.00281,0.2942,22.9,,0.38037,0.27662,0.55947,0.51948,,0.09161,0.11317,0.38567,0.90523,0.51658,0.32199,0.47423,0.43065,0.35427,0.02,,0.48306,0.67423,0.02416,0.49136,0.98844
NC_000013.11:32333263:G:C,BRCA2,0,0.25703,0.2728,23.0,,0.25192,0.34793,0.50893,0.57701,,0.30414,0.15404,0.18436,0.9093,0.54858,0.37772,0.27614,0.40255,0.38451,0.0,,0.24534,0.66196,0.03372,0.49136,0.98805
NC_000013.11:32333269:A:G,BRCA2,0,0.00081,0.0797,5.925,,0.05652,0.05031,0.53715,0.05251,,0.21003,0.08032,0.02611,0.61992,0.27866,0.05542,0.12845,0.12041,0.20996,0.0,,0.47487,0.49023,0.00462,0.49136,0.9685
NC_000013.11:32333275:T:C,BRCA2,0,0.00128,0.1218,15.11,,0.14393,0.31413,0.30884,0.13865,,0.13086,0.04774,0.05777,0.78768,0.48504,0.13686,0.20704,0.20229,0.1381,0.0,,0.45282,0.55082,0.00731,0.49136,0.97387
NC_000013.11:32333287:A:G,BRCA2,0,0.18171,0.0811,15.43,,0.25466,0.43258,0.42358,0.32685,,0.0799,0.11886,0.08406,0.80002,0.32069,0.22796,0.267,0.28623,0.25897,0.0,,0.36926,0.60422,0.03026,0.49136,0.98198
NC_000013.11:32333366:C:T,BRCA2,0,0.00276,0.1348,0.458,,0.13924,0.05031,0.41438,0.15645,,0.20989,0.03827,0.02577,0.8235,0.49425,0.12882,0.05583,0.06367,0.06397,0.0,,0.44741,0.65779,0.00888,0.49136,0.97728
NC_000013.11:32336318:C:G,BRCA2,0,0.00085,0.1374,12.75,,0.10687,0.01748,0.39353,0.21829,,0.14483,0.0271,0.09357,0.83077,0.32854,0.20582,0.174,0.10927,0.06397,0.0,,0.48773,0.56325,0.00825,0.51132,0.97762
NC_000013.11:32336492:A:T,BRCA2,0,0.00224,0.1166,14.51,,0.39505,0.89253,0.58802,0.17569,,0.09605,0.02621,0.07104,0.86191,0.64993,0.34335,0.13155,0.26065,0.06397,0.0,,0.51822,0.58927,0.52054,0.51132,0.98117
NC_000013.11:32336704:A:G,BRCA2,0,0.00098,0.0653,0.006,,0.08349,0.0799,0.48533,0.00412,,0.06118,0.02569,0.01495,0.58733,0.02423,0.0237,0.03222,0.09331,0.06397,0.01,,0.44825,0.44029,0.06937,0.51132,0.96294
NC_000013.11:32336770:G:C,BRCA2,0,0.45284,0.1356,14.46,,0.15228,0.27662,0.60608,0.19348,,0.25341,0.03242,0.11226,0.86552,0.46601,0.20765,0.24823,0.22084,0.06397,0.0,,0.45498,0.58588,0.53344,0.51132,0.98276
NC_000013.11:32336825:T:C,BRCA2,0,0.47789,0.1125,17.68,,0.43437,0.4448,0.57142,0.28307,,0.17144,0.15726,0.09129,0.85955,0.53617,0.5219,0.22814,0.24034,0.18233,0.0,,0.57312,0.61644,0.65115,0.51132,0.98654
NC_000013.11:32337034:G:A,BRCA2,0,0.02911,0.095,0.142,,0.12743,0.0799,0.17154,0.08486,,0.14508,0.08771,0.0327,0.47042,0.04363,0.0973,0.15017,0.26963,0.06397,0.0,,0.24631,0.44549,0.31607,0.51132,0.96231
NC_000013.11:32337109:G:A,BRCA2,0,0.33182,0.0661,12.54,,0.44527,0.27662,0.49175,0.11126,,0.14085,0.05577,0.12092,0.79153,0.18857,0.50161,0.4468,0.30775,0.28511,0.0,,0.16554,0.63522,0.36705,0.51294,0.97379
NC_000013.11:32337140:T:C,BRCA2,0,0.00076,0.0899,3.536,,0.26098,0.16233,0.30413,0.05032,,0.11774,0.05786,0.02537,0.70575,0.3126,0.07709,0.08548,0.12052,0.06397,0.01,,0.19277,0.52764,0.32135,0.51294,0.97246
NC_000013.11:32337157:G:A,BRCA2,0,0.2095,0.0829,13.47,,0.16145,0.27662,0.26442,0.11683,,0.08693,0.06104,0.04154,0.84274,0.77977,0.11566,0.19268,0.23939,0.06397,0.05,,0.16142,0.6804,0.38819,0.51294,0.97347
NC_000013.11:32337157:G:C,BRCA2,0,0.62947,0.149,18.01,,0.32467,0.18775,0.53571,0.12511,,0.27959,0.06811,0.10057,0.84449,0.66443,0.11566,0.19268,0.23939,0.06397,0.0,,0.20135,0.68557,0.39037,0.51294,0.97855
NC_000013.11:32337280:T:A,BRCA2,0,0.00131,0.0877,2.538,,0.11628,0.23472,0.42722,0.05969,,0.25641,0.13554,0.08977,0.54902,0.47096,0.19274,0.08639,0.20031,0.06397,0.0,,0.27831,0.47092,0.19775,0.51294,0.97037
NC_000013.11:32337281:C:T,BRCA2,0,0.00163,0.1362,14.47,,0.22686,0.18775,0.36154,0.15659,,0.37606,0.14054,0.13199,0.546,0.56292,0.39862,0.26236,0.22527,0.18007,0.0,,0.34966,0.62112,0.37913,0.51294,0.97294
NC_000013.11:32337314:A:T,BRCA2,0,0.00156,0.1228,11.79,,0.19396,0.41989,0.3877,0.20872,,0.13343,0.10202,0.12768,0.82038,0.76156,0.23891,0.26842,0.30447,0.06397,0.0,,0.22755,0.73266,0.30306,0.51294,0.97007
NC_000013.11:32337341:T:G,BRCA2,0,0.33828,0.1206,10.65,,0.22129,0.23472,0.43975,0.04301,,0.29255,0.01489,0.14513,0.69572,0.82864,0.05404,0.09235,0.1131,0.06397,0.0,,0.4666,0.53854,0.00952,0.51294,0.97183
NC_000013.11:32337409:C:G,BRCA2,0,0.04827,0.096,15.74,,0.1179,0.18775,0.52992,0.14179,,0.31144,0.07121,0.22382,0.72585,0.20706,0.34437,0.19825,0.21051,0.3741,0.0,,0.18931,0.56149,0.28625,0.51294,0.97464
NC_000013.11:32337658:A:T,BRCA2,0,0.61245,0.1368,22.7,,0.25374,0.41989,0.34895,0.61318,,0.3256,0.25589,0.1974,0.88977,0.78541,0.54363,0.41449,0.47221,0.27139,0.0,,0.35011,0.82326,0.02574,0.51913,0.98604
NC_000013.11:32337799:A:G,BRCA2,0,0.00145,0.0787,0.424,,0.12656,0.82411,0.65439,0.02657,,0.05125,0.02814,0.15344,0.59073,0.44961,0.08459,0.19027,0.09876,0.19855,0.0,,0.42324,0.52082,0.00731,0.51913,0.97852
NC_000013.11:32337869:C:T,BRCA2,0,0.00143,0.0897,15.62,,0.17114,0.36362,0.44851,0.37615,,0.18641,0.09634,0.11427,0.89235,0.89821,0.55411,0.25789,0.23024,0.1381,0.0,,0.51259,0.74124,0.01082,0.51913,0.98685
NC_000013.11:32337922:C:T,BRCA2,0,0.34645,0.1087,23.4,,0.28986,0.4448,0.49015,0.37888,,0.52121,0.02728,0.30216,0.85986,0.29148,0.97296,0.46459,0.30839,0.4031,0.0,,0.59294,0.62611,0.00521,0.51913,0.98455
NC_000013.11:32337929:T:G,BRCA2,0,0.23075,0.138,13.39,,0.23393,0.37861,0.48209,0.20254,,0.15101,0.06909,0.19636,0.79621,0.86536,0.03979,0.04805,0.10372,0.06397,0.0,,0.40173,0.74572,0.01387,0.51913,0.98805
NC_000013.11:32337935:G:A,BRCA2,0,0.12544,0.0982,0.57,,0.1563,0.48977,0.53858,0.03103,,0.0413,0.0318,0.14495,0.63346,0.42068,0.06653,0.07551,0.11983,0.06397,0.01,,0.43909,0.44598,0.00521,0.51913,0.9779
NC_000013.11:32338036:A:G,BRCA2,0,0.54286,0.1296,16.87,,0.12438,0.468,0.74239,0.41256,,0.46469,0.11143,0.18654,0.90425,0.65215,0.37545,0.35011,0.38036,0.26487,0.0,,0.64221,0.72076,0.73328,0.51913,0.9887
NC_000013.11:32338193:A:T,BRCA2,0,0.45267,0.1079,9.992,,0.27455,0.60746,0.41992,0.26251,,0.20314,0.11016,0.05484,0.61295,0.62906,0.34335,0.1803,0.21218,0.06397,0.0,,0.48287,0.6641,0.01182,0.51913,0.98117
NC_000013.11:32338223:G:A,BRCA2,0,0.00179,0.0776,1.537,,0.44064,0.21188,0.49651,0.14079,,0.20087,0.43252,0.20895,0.84416,0.65768,0.29476,0.1678,0.20746,0.17103,0.0,,0.45063,0.62643,0.00521,0.51913,0.98478
NC_000013.11:32338415:C:T,BRCA2,0,0.12457,0.0874,15.01,,0.13253,0.16233,0.50893,0.10639,,0.3877,0.044,0.16643,0.71391,0.17894,0.0513,0.16404,0.21501,0.16672,0.0,,0.54131,0.61113,0.00492,0.52122,0.98422
NC_000013.11:32338444:A:C,BRCA2,0,0.00088,0.0942,0.267,,0.09294,0.01748,0.31809,0.09695,,0.16514,0.06201,0.08921,0.68171,0.81943,0.06254,0.16855,0.15951,0.06397,0.0,,0.52777,0.61461,0.00609,0.52122,0.96705
NC_000013.11:32338448:G:A,BRCA2,0,0.02298,0.0678,0.01,,0.13804,0.29588,0.16833,0.0027,,0.22252,0.08305,0.01643,0.61886,0.00364,0.00505,0.07232,0.08595,0.06397,0.0,,0.48756,0.49153,0.00314,0.52122,0.96069
NC_000013.11:32338541:A:G,BRCA2,0,0.00222,0.0979,16.83,,0.11252,0.05031,0.4554,0.19475,,0.265,0.00839,0.3308,0.78365,0.06502,0.39862,0.38724,0.53539,0.71708,0.0,,0.50413,0.57825,0.00492,0.52122,0.97485
NC_000013.11:32338595:C:T,BRCA2,0,0.001,0.07,0.087,,0.13806,0.13577,0.11809,0.01361,,0.30914,0.03296,0.013,0.62508,0.00148,0.02798,0.06733,0.13744,0.06397,0.0,,0.46684,0.46221,0.0015,0.52122,0.9629
NC_000013.11:32338612:G:T,BRCA2,0,0.00165,0.0805,13.42,,0.26435,0.05031,0.39738,0.19723,,0.29327,0.0754,0.1423,0.80294,0.59968,0.19334,0.19124,0.3144,0.2877,0.0,,0.46599,0.691,0.00793,0.52122,0.97844
NC_000013.11:32338939:G:A,BRCA2,0,0.45506,0.7028,28.9,,0.59345,0.85097,0.97016,0.85865,,0.66705,0.52474,0.77047,0.96549,0.90352,0.90063,0.84353,0.94501,0.71708,0.0,,0.91886,0.89441,0.91712,0.52122,0.98859
NC_000013.11:32339133:A:C,BRCA2,0,0.00196,0.1294,12.49,,0.21809,0.05031,0.45711,0.20029,,0.22349,0.12839,0.27088,0.85846,0.56654,0.09224,0.21942,0.28585,0.34079,0.0,,0.44557,0.67219,0.01284,0.52122,0.92825
NC_000013.11:32339424:A:C,BRCA2,0,0.36929,0.5274,20.9,,0.24906,0.41989,0.8139,0.50718,,0.47653,0.02081,0.2984,0.93004,0.7648,0.35368,0.42194,0.3453,0.31317,0.0,,0.72406,0.75571,0.8225,0.52122,0.97168
NC_000013.11:32339449:G:A,BRCA2,0,0.00159,0.0901,7.711,,0.07198,0.53912,0.2696,0.14498,,0.26611,0.01534,0.09895,0.77025,0.49051,0.35159,0.13043,0.35031,0.06397,0.0,,0.47639,0.57426,0.01284,0.52122,0.9179
NC_000013.11:32339524:A:G,BRCA2,0,0.01811,0.07,0.902,,0.04947,0.39295,0.23746,0.09566,,0.16481,0.02521,0.06974,0.61467,0.53617,0.11767,0.1022,0.21543,0.06397,0.0,,0.48868,0.42653,0.00793,0.52122,0.93369
NC_000013.11:32339552:C:T,BRCA2,0,0.00246,0.1486,17.04,,0.22586,0.62313,0.41066,0.20227,,0.27908,0.10579,0.11478,0.85101,0.602,0.29476,0.23034,0.22293,0.1381,0.0,,0.4157,0.54372,0.00985,0.52122,0.95895
NC_000013.11:32339666:G:A,BRCA2,0,0.01067,0.1046,2.607,,0.13129,0.54827,0.38178,0.08761,,0.09955,0.08039,0.07039,0.766,0.35108,0.12008,0.06293,0.10238,0.06397,0.0,,0.43436,0.42275,0.00761,0.52122,0.94313
NC_000013.11:32339809:C:T,BRCA2,0,0.00603,0.0951,3.024,,0.23033,0.27662,0.53571,0.03975,,0.03549,0.01198,0.0602,0.38822,0.41332,0.20704,0.16486,0.10863,0.06397,0.0,,0.49228,0.56545,0.0105,0.52122,0.93971
NC_000013.11:32339828:C:T,BRCA2,0,0.0459,0.0918,0.949,,0.09548,0.33146,0.58174,0.04682,,0.17579,0.00739,0.07392,0.76875,0.39402,0.14923,0.0939,0.0561,0.06397,0.0,,0.29623,0.46484,0.38747,0.52122,0.95428
NC_000013.11:32339906:T:G,BRCA2,0,0.3632,0.1936,8.341,,0.17049,0.36362,0.66593,0.05984,,0.0197,0.05511,0.14952,0.72229,0.86964,0.0362,0.16625,0.05843,0.16672,0.0,,0.38407,0.61803,0.5196,0.52122,0.96711
NC_000013.11:32339988:C:G,BRCA2,0,0.17164,0.1046,1.223,,0.14598,0.31413,0.42175,0.01461,,0.18362,0.08538,0.19165,0.68873,0.27866,0.02032,0.08863,0.1183,0.06397,0.0,,0.32765,0.56153,0.29618,0.52122,0.965
NC_000013.11:32339994:T:G,BRCA2,0,0.00167,0.139,9.151,,0.09489,0.0799,0.32263,0.11769,,0.22266,0.10609,0.25961,0.82622,0.5887,0.24321,0.1516,0.18272,0.06397,0.0,,0.19656,0.53843,0.38795,0.52122,0.97412
NC_000013.11:32340064:C:G,BRCA2,0,0.07896,0.0665,0.404,,0.06288,0.39295,0.71326,0.03839,,0.25781,0.01165,0.10415,0.74348,0.12735,0.36655,0.32617,0.26915,0.22735,0.0,,0.35528,0.4507,0.45209,0.52122,0.98141
NC_000013.11:32340106:C:T,BRCA2,0,0.1204,0.0821,0.44,,0.14034,0.50018,0.62755,0.08915,,0.22501,0.0334,0.01625,0.82057,0.44146,0.06045,0.01863,0.04641,0.06397,0.0,,0.50232,0.58189,0.58071,0.52122,0.98058
NC_000013.11:32340107:A:G,BRCA2,0,0.18949,0.0699,0.695,,0.12515,0.45658,0.67882,0.08372,,0.08938,0.03067,0.12939,0.84019,0.49971,0.04808,0.0483,0.05049,0.06397,0.0,,0.16347,0.55356,0.48764,0.52122,0.98266
NC_000013.11:32340122:A:C,BRCA2,0,0.00294,0.1366,7.777,,0.31092,0.37861,0.75488,0.16957,,0.31332,0.02732,0.13823,0.89342,0.88769,0.32575,0.04871,0.19575,0.06397,0.0,,0.53486,0.64115,0.6397,0.52122,0.98571
NC_000013.11:32340139:A:G,BRCA2,0,0.00128,0.0828,0.114,,0.10659,0.0799,0.43797,0.01663,,0.21295,0.03376,0.067,0.53357,0.45631,0.02237,0.07617,0.12785,0.06397,0.0,,0.31274,0.47477,0.58548,0.52122,0.97468
NC_000013.11:32340233:G:A,BRCA2,0,0.00261,0.065,4.504,,0.14612,0.4067,0.51199,0.02934,,0.08837,0.05916,0.23455,0.68228,0.14367,0.1619,0.10088,0.23405,0.06397,0.0,,0.44315,0.51203,0.00433,0.52122,0.97298
NC_000013.11:32340454:C:T,BRCA2,0,0.00138,0.0782,14.88,,0.21441,0.05031,0.45025,0.16985,,0.13938,0.01083,0.26499,0.83183,0.12865,0.23821,0.08984,0.14311,0.06397,0.0,,0.46028,0.6431,0.00344,0.52122,0.9754
NC_000013.11:32340497:A:T,BRCA2,0,0.49121,0.1682,16.92,,0.19146,0.31413,0.31809,0.24523,,0.51891,0.09817,0.05144,0.87605,0.79542,0.19808,0.23264,0.23469,0.17454,0.0,,0.5327,0.82925,0.01216,0.52122,0.98317
NC_000013.11:32340574:C:A,BRCA2,0,0.00219,0.1136,6.506,,0.17345,0.23472,0.30649,0.10597,,0.06008,0.02254,0.0945,0.82868,0.29723,0.03665,0.19391,0.13238,0.30464,0.0,,0.19151,0.5359,0.37414,0.52122,0.96839
NC_000013.11:32340644:C:T,BRCA2,0,0.6757,0.103,16.54,,0.24681,0.34793,0.52254,0.20941,,0.38955,0.0084,0.21874,0.84311,0.37285,0.29077,0.20899,0.20062,0.06397,0.0,,0.47296,0.59107,0.01082,0.52122,0.98547
NC_000013.11:32340676:C:T,BRCA2,0,0.00093,0.0633,6.059,,0.22383,0.21188,0.54285,0.02343,,0.06603,0.00181,0.01262,0.62227,0.00209,0.09631,0.08187,0.09634,0.06397,0.0,,0.43866,0.39403,0.00252,0.52122,0.96952
NC_000013.11:32340677:G:A,BRCA2,0,0.00057,0.0716,9.239,,0.21176,0.01748,0.49015,0.13141,,0.07277,0.00628,0.24082,0.82603,0.06502,0.31485,0.14573,0.17834,0.06397,0.0,,0.48362,0.4816,0.00433,0.52122,0.98
NC_000013.11:32340692:A:G,BRCA2,0,0.00389,0.0881,0.035,,0.09936,0.27662,0.28227,0.03191,,0.07237,0.05492,0.18117,0.61121,0.2229,0.14923,0.03703,0.12006,0.06397,0.0,,0.47617,0.41524,0.00609,0.52122,0.96409
NC_000013.11:32340701:A:G,BRCA2,0,0.00098,0.0904,15.83,,0.2463,0.10826,0.50276,0.33631,,0.17948,0.15067,0.26076,0.87273,0.46601,0.51062,0.35424,0.37908,0.17751,0.0,,0.49383,0.62191,0.01115,0.52122,0.97994
NC_000013.11:32340809:C:A,BRCA2,0,0.02691,0.1134,16.48,,0.33307,0.4448,0.78984,0.18377,,0.41751,0.04779,0.14656,0.88177,0.74822,0.19692,0.17539,0.1737,0.06397,0.0,,0.65771,0.73545,0.73568,0.52122,0.97849
NC_000013.11:32341102:A:G,BRCA2,0,0.01251,0.0688,0.644,,0.06199,0.31413,0.54846,0.0211,,0.19384,0.03384,0.03094,0.74168,0.06502,0.07659,0.27092,0.16016,0.06397,0.0,,0.31327,0.43645,0.49721,0.52122,0.93805
NC_000013.11:32344568:A:G,BRCA2,0,0.00258,0.1032,22.6,,0.11683,0.01748,0.73448,0.50666,,0.09018,0.09592,0.39316,0.83199,0.79122,0.64877,0.43895,0.70488,0.71708,0.0,,0.75812,0.64621,0.79317,0.52846,0.97328
NC_000013.11:32344650:A:T,BRCA2,0,0.1394,0.2692,32.0,,0.43999,0.67505,0.96979,0.75397,,0.10468,0.08704,0.63518,0.9676,0.78381,0.64877,0.64338,0.84227,0.71708,0.22,,0.90813,0.75467,0.89451,0.5294,0.98998
NC_000013.11:32346841:G:A,BRCA2,0,0.87627,0.3135,33.0,,0.47323,0.67505,0.90639,0.85479,,0.14808,0.1664,0.60838,0.96464,0.79122,0.66999,0.73674,0.9363,0.71708,0.04,,0.93204,0.75932,0.92308,0.5323,0.99212
NC_000013.11:32354904:C:G,BRCA2,0,0.00176,0.1313,13.25,,0.16757,0.48977,0.7164,0.26594,,0.24507,0.0044,0.11889,0.88039,0.68366,0.25685,0.1311,0.15488,0.06397,0.0,,0.57209,0.61479,0.69794,0.54583,0.9733
NC_000013.11:32354909:G:C,BRCA2,0,0.46312,0.1512,22.7,,0.22372,0.31413,0.71247,0.62937,,0.10772,0.07205,0.36836,0.9191,0.71884,0.33438,0.48646,0.26484,0.71708,0.0,,0.7007,0.59747,0.81257,0.54583,0.98587
NC_000013.11:32355002:C:A,BRCA2,0,0.00124,0.0545,0.066,,0.22923,0.29588,0.35107,0.01419,,0.07039,0.00879,0.0026,0.75125,0.0047,0.03778,0.17913,0.19999,0.06397,0.0,,0.49203,0.41534,0.30795,0.54583,0.92698
NC_000013.11:32355084:A:C,BRCA2,0,0.58194,0.4047,22.7,,0.55775,0.61535,0.79963,0.84135,,0.32922,0.39864,0.57091,0.96779,0.79122,0.81376,0.73048,0.75967,0.71708,0.0,,0.90964,0.83595,0.89942,0.54583,0.97711
NC_000013.11:32355159:A:T,BRCA2,0,0.41699,0.0971,2.253,,0.18539,0.57458,0.76494,0.12868,,0.17304,0.18705,0.09508,0.84187,0.70568,0.19509,0.08731,0.27654,0.06397,0.0,,0.49011,0.58468,0.70453,0.54583,0.94722
NC_000013.11:32356496:G:A,BRCA2,0,0.007,0.0669,0.619,,0.15448,0.61535,0.59779,0.01352,,0.24521,0.00091,0.03376,0.76992,0.01823,0.02078,0.17222,0.06444,0.06397,0.0,,0.52954,0.58164,0.6349,0.54675,0.94103
NC_000013.11:32356525:C:T,BRCA2,0,0.64637,0.1501,25.8,,0.38619,0.4448,0.77343,0.8237,,0.35743,0.23628,0.53284,0.94444,0.80205,0.80665,0.533,0.5084,0.71708,0.0,,0.91388,0.72097,0.91123,0.54675,0.98531
NC_000013.11:32356535:C:T,BRCA2,0,0.32399,0.2682,25.2,,0.42339,0.10826,0.82371,0.63016,,0.34009,0.20724,0.37022,0.94915,0.64344,0.57382,0.58477,0.45225,0.71708,0.0,,0.8551,0.81907,0.83489,0.54675,0.98579
NC_000013.11:32356550:G:A,BRCA2,0,0.7703,0.1585,25.3,,0.79464,0.59128,0.86115,0.79823,,0.30202,0.1958,0.56136,0.96121,0.85042,0.57158,0.62868,0.56132,0.71708,0.0,,0.94708,0.89652,0.94282,0.54675,0.9889
NC_000013.11:32357882:C:T,BRCA2,0,0.95669,0.5009,24.9,,0.65528,0.81307,0.90507,0.81425,,0.51329,0.33756,0.34539,0.96648,0.84664,0.70272,0.46865,0.45256,0.71708,0.01,,0.96058,0.89065,0.95524,0.55214,0.99179
NC_000013.11:32363195:A:G,BRCA2,0,0.61462,0.6848,25.1,,0.65253,0.36362,0.93482,0.82051,,0.70081,0.51006,0.77793,0.97795,0.85042,0.64378,0.7663,0.79523,0.71708,0.0,,0.95174,0.84727,0.94721,0.56585,0.99245
NC_000013.11:32363228:T:C,BRCA2,0,0.4346,0.1207,13.21,,0.49967,0.48977,0.71405,0.22726,,0.56443,0.31145,0.26426,0.80247,0.1927,0.30051,0.18234,0.1004,0.29497,0.0,,0.48765,0.65032,0.609,0.56708,0.9687
NC_000013.11:32363350:G:T,BRCA2,0,0.00479,0.0884,10.17,,0.34142,0.25628,0.80384,0.44018,,0.32652,0.03015,0.3932,0.85534,0.61986,0.54363,0.5957,0.2308,0.34698,0.03,,0.74539,0.62348,0.82361,0.56708,0.98689
NC_000013.11:32363383:G:A,BRCA2,0,0.00153,0.0649,1.171,,0.18587,0.01748,0.75759,0.00564,,0.23273,0.00791,0.04275,0.53605,0.02285,0.01092,0.21046,0.11446,0.19761,0.0,,0.55305,0.44041,0.37338,0.56708,0.97155
NC_000013.11:32363388:G:T,BRCA2,0,0.00296,0.4688,19.07,,0.65644,0.47906,0.75283,0.2521,,0.64789,0.14463,0.36727,0.91525,0.56292,0.2227,0.3417,0.38313,0.71708,0.0,,0.79662,0.60902,0.7896,0.56708,0.98981
NC_000013.11:32370970:T:C,BRCA2,0,0.00141,0.0691,9.218,,0.46367,0.25628,0.4069,0.05294,,0.37574,0.10061,0.14374,0.72013,0.20114,0.02131,0.0447,0.05273,0.06397,0.0,,0.18001,0.44148,0.15651,0.55149,0.96717
NC_000013.11:32370992:G:A,BRCA2,0,0.74959,0.3522,31.0,,0.84791,0.79042,0.9557,0.88602,,0.65651,0.26782,0.76266,0.96151,0.77977,0.68901,0.97087,0.95945,0.71708,0.05,,0.92623,0.77718,0.91649,0.55149,0.99185
NC_000013.11:32379466:G:A,BRCA2,0,0.07227,0.1401,22.5,,0.46205,0.34793,0.6176,0.32116,,0.21191,0.20821,0.19165,0.8287,0.82193,0.171,0.47398,0.33467,0.4147,0.0,,0.58259,0.54334,0.54618,0.50828,0.98667
NC_000013.11:32379478:C:T,BRCA2,0,0.58424,0.146,27.5,,0.56829,0.39295,0.85019,0.69166,,0.52347,0.2449,0.20859,0.92776,0.63999,0.56706,0.45032,0.31683,0.71708,0.01,,0.85798,0.72895,0.83531,0.50828,0.99267
NC_000013.11:32379767:G:A,BRCA2,0,0.52089,0.1321,27.5,,0.58327,0.55722,0.78922,0.69081,,0.51469,0.17399,0.63533,0.88721,0.82193,0.61384,0.77556,0.56417,0.71708,0.11,,0.79361,0.85181,0.72354,0.49955,0.99274
NC_000013.11:32379833:C:T,BRCA2,0,0.19695,0.1732,21.7,,0.40952,0.13577,0.6859,0.37078,,0.32071,0.09528,0.28425,0.86325,0.63999,0.44356,0.54488,0.31488,0.23367,0.0,,0.54692,0.738,0.60852,0.49955,0.98854
NC_000013.11:32380123:G:A,BRCA2,0,0.24958,0.074,12.21,,0.11053,0.10826,0.70034,0.26762,,0.27522,0.09014,0.05679,0.77666,0.38002,0.37772,0.09973,0.24589,0.06397,0.0,,0.55655,0.45752,0.57627,0.49955,0.98334
NC_000013.11:32394723:T:C,BRCA2,0,0.01374,0.0595,12.25,,0.35864,0.31413,0.74591,0.05588,,0.18083,0.18505,0.01151,0.75416,0.00706,0.22665,0.2421,0.21759,0.29264,0.0,,0.40138,0.43996,0.47675,0.46707,0.98031
NC_000015.10:90749521:G:C,BLM,0,0.00051,0.0604,0.191,0.26881,0.07838,0.0799,0.02746,0.02099,0.02722,0.00847,0.0504,0.13797,0.48293,0.03831,0.04577,0.0725,0.12711,0.06397,0.02,,0.12295,0.30473,0.12399,0.58272,0.59348
NC_000015.10:90749677:A:G,BLM,0,0.0017,0.0826,22.0,0.36119,0.09017,0.0799,0.29938,0.45731,0.32082,0.27959,0.24029,0.40507,0.80857,0.73103,0.6337,0.52584,0.57626,0.71708,0.0,,0.53782,0.48623,0.34352,0.58272,0.72707
NC_000015.10:90751879:C:T,BLM,0,0.00013,0.0664,14.95,0.2167,0.07391,0.05031,0.04263,0.03967,0.00018,0.11937,0.05028,0.00396,0.51836,0.12329,0.1769,0.22468,0.13521,0.1381,0.0,0.117098642,0.14649,0.27016,0.01493,0.58699,0.48051
NC_000015.10:90782868:C:T,BLM,0,0.00208,0.1845,23.3,0.38018,0.83336,0.31413,0.4554,0.67002,0.62034,0.82981,0.81701,0.68876,,0.6869,0.82897,0.6828,0.34333,0.71708,0.12,0.47944252,0.45566,0.78217,0.03685,0.69373,0.76866
NC_000015.10:90794208:A:G,BLM,0,0.36664,0.0875,22.8,0.43578,0.62307,0.468,0.64642,0.4085,0.37907,0.79911,0.45279,0.57569,0.84102,0.12574,0.8252,0.70239,0.85022,0.71708,0.0,0.369853206,0.61269,0.69937,0.60744,0.69774,0.8711
NC_000015.10:90794274:C:A,BLM,0,0.00297,0.5779,24.3,0.73552,0.83187,0.21188,0.66499,0.47323,0.70356,0.89412,0.67406,0.77765,0.86866,0.45457,0.8252,0.83564,0.50414,0.71708,0.08,0.337121946,0.64387,0.3722,0.64851,0.69774,0.91205
NC_000015.10:90804199:G:A,BLM,0,0.00138,0.0659,15.68,0.26832,0.2558,0.29588,0.15858,0.06428,0.17524,0.451,0.11908,0.05994,0.5988,0.09278,0.01848,0.21639,0.07778,0.31052,0.0,0.147741271,0.01879,0.39913,0.17104,0.68816,0.76294
NC_000015.10:90804220:G:A,BLM,0,0.00115,0.0814,22.9,0.30657,0.29737,0.21188,0.13183,0.43466,0.18066,0.42579,0.21639,0.39772,0.73064,0.48504,0.91072,0.57078,0.82526,0.71708,0.09,0.384923747,0.26874,0.40359,0.33857,0.68816,0.78447
NC_000015.10:90811290:G:A,BLM,0,0.0002,0.0704,0.335,0.1623,0.11088,0.10826,0.25652,0.02944,0.01017,0.23156,0.14748,0.02289,,0.12574,0.02979,0.05583,0.09006,0.06397,0.0,0.188579856,0.04474,0.36294,0.00521,0.66138,0.45091
NC_000016.10:23607964:C:G,PALB2,0,0.03214,0.1529,16.14,0.25742,0.22707,0.23472,0.23466,0.54129,0.34629,0.57027,0.12517,0.20506,0.49825,0.36205,0.42858,0.34342,0.17644,0.32034,0.0,,0.12784,0.69451,0.35513,0.83697,0.97012
NC_000016.10:23621420:C:G,PALB2,0,0.00252,0.429,19.59,0.48349,0.40502,0.54827,0.32712,0.53852,0.51975,0.52837,0.43109,0.26731,0.53945,0.57551,0.19096,0.09021,0.1644,0.31519,0.01,0.626953094,0.58326,0.65619,0.48198,0.83072,0.98
NC_000016.10:23622971:C:T,PALB2,0,0.00105,0.2589,23.5,0.52104,0.62488,0.468,0.60725,0.81363,0.84097,0.53831,0.26768,0.46783,,0.75003,0.93369,0.51173,0.41016,0.71708,0.0,0.756077068,0.46586,0.72729,0.3673,0.83072,0.9488
NC_000016.10:23624048:C:T,PALB2,0,0.0024,0.3926,23.8,0.40074,0.50216,0.0799,0.34895,0.65893,0.22033,0.69241,0.32955,0.31266,0.64652,0.73103,0.62357,0.43607,0.40648,0.34219,0.02,0.677750218,0.51829,0.58066,0.36501,0.8318,0.9804
NC_000016.10:23626393:G:A,PALB2,0,0.00179,0.113,18.54,0.3099,0.34936,0.21188,0.17791,0.3441,0.52654,0.60297,0.10917,0.19785,0.54011,0.53539,0.32019,0.27174,0.43254,0.3741,0.01,0.526066765,0.12603,0.5184,0.17859,0.83221,0.97732
NC_000016.10:23630018:G:A,PALB2,0,0.00225,0.0759,0.122,0.06187,0.11166,0.01748,0.10768,0.01611,0.0143,0.14664,0.0408,0.02577,0.2221,0.09956,0.00763,0.02884,0.06148,0.06397,0.0,0.229744334,0.21813,0.55278,0.06984,0.83466,0.94015
NC_000016.10:23630126:A:G,PALB2,0,0.00082,0.0789,1.194,0.15091,0.08295,0.01748,0.00092,0.04946,0.00994,0.12732,0.06039,0.02126,0.21608,0.20114,0.09504,0.21014,0.15068,0.06397,0.0,0.202979724,0.36119,0.50494,0.08336,0.83466,0.93581
NC_000016.10:23630139:C:G,PALB2,0,0.00032,0.1343,12.24,0.19345,0.18168,0.0799,0.06594,0.17834,0.06327,0.26702,0.01672,0.10522,,0.43659,0.24251,0.1522,0.129,0.06397,0.0,0.621801737,0.1556,0.67902,0.0532,0.83466,0.80412
NC_000016.10:23634869:T:C,PALB2,0,0.00109,0.0638,0.402,0.00398,0.10343,0.10826,0.04585,0.00624,0.02187,0.20879,0.00209,0.00853,,0.02945,0.05593,0.20574,0.02334,0.18434,0.0,0.070927306,0.34989,0.33015,0.00011,0.83742,0.61894
NC_000016.10:23635620:T:C,PALB2,0,0.0004,0.0713,0.001,0.15264,0.07729,0.13577,0.07282,0.00042,0.02063,0.0874,0.00602,0.01627,0.10116,0.01529,4e-05,0.00295,0.00826,0.06397,0.03,0.085961707,0.21748,0.34124,0.00888,0.83742,0.88368
NC_000016.10:23635824:T:C,PALB2,0,0.00098,0.0786,0.29,0.03145,0.04287,0.0799,0.01686,0.00667,0.0723,0.0664,0.02937,0.04527,0.11102,0.04488,0.03026,0.06585,0.05319,0.06397,0.0,0.184690672,0.37134,0.51206,0.04097,0.83742,0.91189
NC_000016.10:68737422:C:G,CDH1,0,0.13168,0.0583,19.71,0.2999,0.40663,0.21188,0.24572,0.18779,0.12234,0.25355,0.28415,0.16836,0.77753,0.5584,0.34132,0.42194,0.32855,0.22113,0.0,,0.30435,0.78812,0.36372,0.88821,0.94539
NC_000016.10:68738335:C:A,CDH1,0,0.12139,0.147,20.5,0.4682,0.7518,0.39295,0.83332,0.31268,0.41739,0.6718,0.25532,0.34892,0.95895,0.61394,0.42991,0.23705,0.26165,0.19209,0.0,,0.74328,0.78589,0.83279,0.88737,0.98227
NC_000016.10:68738372:C:T,CDH1,0,0.62237,0.1407,22.3,0.34355,0.57546,0.34793,0.46893,0.46519,0.42711,0.66814,0.31025,0.4342,0.82512,0.40154,0.5784,0.35044,0.33659,0.33704,0.0,,0.40831,0.68154,0.48267,0.88737,0.95761
NC_000016.10:68801669:T:G,CDH1,0,0.73672,0.5263,29.7,0.82804,0.85678,0.77879,0.86218,0.83745,0.98372,0.9314,0.40924,0.81718,0.91142,0.85543,0.78994,0.70603,0.68916,0.71708,0.0,,0.80022,0.78654,0.7829,0.8723,0.99218
NC_000016.10:68801689:G:A,CDH1,0,0.71844,0.1066,22.9,0.5297,0.45771,0.56598,0.59658,0.65922,0.40506,0.71911,0.20681,0.53816,0.87453,0.61655,0.78994,0.49741,0.59305,0.33538,0.0,,0.69587,0.64005,0.61535,0.8723,0.96935
NC_000016.10:68801693:G:A,CDH1,0,0.21834,0.0823,5.898,0.15782,0.2271,0.23472,0.14866,0.15207,0.03799,0.42728,0.00823,0.27756,0.76188,0.47297,0.26782,0.19512,0.18369,0.06397,0.0,,0.3306,0.591,0.4622,0.8723,0.92871
NC_000016.10:68801719:G:A,CDH1,0,0.60768,0.5223,21.9,0.45216,0.48827,0.4067,0.57011,0.62227,0.36293,0.48536,0.36166,0.67823,0.86181,0.64253,0.5375,0.61096,0.48944,0.71708,0.0,,0.60157,0.64832,0.62454,0.8723,0.96388
NC_000016.10:68801774:G:A,CDH1,0,0.06541,0.064,3.821,0.27351,0.12111,0.21188,0.24299,0.03855,0.00549,0.41739,0.00684,0.09537,0.64662,0.00355,0.35578,0.27778,0.33322,0.1381,0.0,,0.22074,0.47294,0.24888,0.8723,0.91673
NC_000016.10:68801809:G:A,CDH1,0,0.0163,0.1652,19.32,0.38625,0.39078,0.16233,0.56082,0.41985,0.15597,0.43077,0.27953,0.32922,0.86966,0.44961,0.36877,0.45407,0.49641,0.36492,0.0,,0.62287,0.76175,0.63652,0.8723,0.95683
NC_000016.10:68801875:C:T,CDH1,0,0.2543,0.1097,20.7,0.4838,0.24815,0.4067,0.48371,0.15572,0.14345,0.66672,0.00288,0.47019,0.73811,0.32854,0.23196,0.40754,0.40818,0.271,0.0,,0.22301,0.8185,0.33498,0.8723,0.94343
NC_000016.10:68808534:G:A,CDH1,0,0.39179,0.805,25.0,0.71121,0.55729,0.34793,0.3993,0.45785,0.51089,0.76814,0.34685,0.54814,0.76049,0.57714,0.3166,0.19825,0.50255,0.33235,0.01,0.455212157,0.636,0.66718,0.56077,0.8723,0.97101
NC_000016.10:68808706:A:C,CDH1,0,0.01787,0.5967,16.63,0.52828,0.28823,0.52975,0.07282,0.27412,0.66278,0.82112,0.13682,0.4308,0.72035,0.66633,0.27623,0.17975,0.27335,0.34293,0.0,0.146211246,0.23403,0.7843,0.3347,0.8723,0.94691
NC_000016.10:68808764:G:A,CDH1,0,0.00185,0.0795,14.51,0.34849,0.08828,0.01748,0.18421,0.15748,0.34086,0.58156,0.07536,0.35651,0.45431,0.36839,0.2163,0.36774,0.27933,0.18616,0.0,,0.36947,0.54596,0.39913,0.8723,0.91815
NC_000016.10:68808830:C:T,CDH1,0,0.21045,0.2082,11.73,0.60084,0.19058,0.29588,0.49335,0.00421,0.53419,0.87382,0.00774,0.52991,0.71822,0.35455,0.00046,0.00475,0.03642,0.06397,0.0,0.319633929,0.60084,0.84676,0.44102,0.8723,0.96383
NC_000016.10:68810316:T:G,CDH1,0,0.00698,0.1093,21.4,0.55406,0.20264,0.91889,0.61075,0.32501,0.40344,0.58981,0.19099,0.45475,0.79874,0.32222,0.72269,0.43228,0.48222,0.20724,0.03,0.288201934,0.56587,0.68404,0.56774,0.8723,0.97602
NC_000016.10:68811742:G:A,CDH1,0,0.34533,0.7603,24.2,0.77475,0.60254,0.33146,0.65927,0.77774,0.83808,0.81433,0.32764,0.70649,0.82955,0.39112,0.71412,0.64649,0.99069,0.71708,0.0,0.203664389,0.6904,0.75689,0.6717,0.8723,0.99103
NC_000016.10:68811854:G:A,CDH1,0,0.7576,0.357,28.2,0.88521,0.81395,0.83495,0.86472,0.97277,0.9553,0.8858,0.39301,0.98682,0.93827,0.93269,0.80334,0.97632,0.78183,0.71708,0.0,0.82404811,0.88598,0.89725,0.83307,0.8723,0.99765
NC_000016.10:68812143:A:G,CDH1,0,0.00289,0.081,5.073,0.32863,0.26268,0.34793,0.60725,0.04031,0.47245,0.52087,0.00716,0.33172,0.58876,0.20792,0.04152,0.07655,0.16975,0.06397,0.06,0.180690139,0.35528,0.57098,0.27153,0.87291,0.97453
NC_000016.10:68812144:C:T,CDH1,0,0.12933,0.0737,0.294,0.14194,0.28258,0.4067,0.1966,0.00208,0.15149,0.43153,0.00678,0.3773,0.52108,0.31599,0.00018,0.09547,0.01804,0.06397,0.0,0.193405845,0.28961,0.58001,0.26808,0.87291,0.95854
NC_000016.10:68812261:C:T,CDH1,0,0.26821,0.0695,6.637,0.1281,0.49742,0.34793,0.06938,0.032,0.07829,0.54233,0.01816,0.35021,0.60003,0.26674,0.03026,0.03755,0.01126,0.06397,0.01,0.116499946,0.29019,0.92376,0.41914,0.87291,0.95844
NC_000016.10:68813336:G:A,CDH1,0,0.05452,0.0673,2.916,0.39282,0.63183,0.23472,0.05242,0.03266,0.29751,0.20327,0.05874,0.39044,0.55164,0.23412,0.08623,0.09574,0.28423,0.1381,0.0,0.150091213,0.2852,0.4976,0.25179,0.8723,0.9627
NC_000016.10:68813348:G:A,CDH1,0,0.00229,0.0603,0.006,0.03289,0.19001,0.0799,0.15198,0.00096,0.04732,0.40529,0.01379,0.28985,0.29696,0.1927,0.00018,0.00835,0.03914,0.06397,0.0,0.137453147,0.11716,0.56347,0.21343,0.8723,0.96264
NC_000016.10:68813352:T:A,CDH1,0,0.84652,0.8723,23.9,0.87375,0.87878,,0.62971,0.67557,0.94668,0.89974,0.36838,0.73607,0.85054,0.94937,0.98024,0.56894,0.74199,0.4031,0.0,0.811599673,0.81506,0.88536,0.76433,0.8723,0.99591
NC_000016.10:68813397:C:T,CDH1,0,0.36977,0.5008,23.9,0.77683,0.62768,0.56598,0.66968,0.58354,0.49947,0.77191,0.28478,0.58187,0.88192,0.90724,0.67822,0.47195,0.416,0.35826,0.0,0.866798456,0.62668,0.81979,0.61755,0.8723,0.99238
NC_000016.10:68813471:G:A,CDH1,0,0.2224,0.0788,19.2,0.30187,0.46016,0.34793,0.25917,0.24049,0.22284,0.50613,0.11396,0.42541,0.7573,0.23358,0.32199,0.56062,0.50312,0.71708,0.0,0.133656309,0.19214,0.68173,0.23141,0.8723,0.96589
NC_000016.10:68813472:A:G,CDH1,0,0.44963,0.2485,24.4,0.61719,0.6977,0.48977,0.70607,0.66931,0.5684,0.69414,0.09494,0.76285,0.87134,0.48917,0.92736,0.70414,0.76723,0.71708,0.0,0.440715922,0.56376,0.83715,0.54618,0.8723,0.98641
NC_000016.10:68815602:C:T,CDH1,0,0.59097,0.2581,25.7,0.83227,0.65842,0.84032,0.78236,0.89912,0.77427,0.81507,0.36921,0.9711,0.90636,0.85343,0.88681,0.80264,0.64284,0.71708,0.0,0.594378293,0.78926,0.8352,0.75865,0.87141,0.99326
NC_000016.10:68815610:G:A,CDH1,0,0.30544,0.0728,16.45,0.22684,0.3371,0.4067,0.4344,0.40523,0.07029,0.48101,0.17931,0.55391,0.6662,0.47626,0.3105,0.52251,0.22245,0.71708,0.0,0.237757041,0.71257,0.62625,0.71027,0.87141,0.96855
NC_000016.10:68822062:G:A,CDH1,0,0.00385,0.2223,23.1,0.7753,0.57378,0.25628,0.69534,0.51787,0.52033,0.76339,0.1465,0.87512,0.85698,0.64253,0.83668,0.94177,0.82821,0.71708,0.0,0.300711042,0.66703,0.94175,0.44979,0.86292,0.93137
NC_000016.10:68822137:G:A,CDH1,0,0.00123,0.0891,18.86,0.4029,0.38536,0.13577,0.25114,0.18214,0.03544,0.50889,0.10506,0.15066,0.73276,0.37285,0.39151,0.32665,0.35025,0.1381,0.02,0.21952196,0.43719,0.62944,0.11437,0.86292,0.848
NC_000016.10:68822176:C:G,CDH1,0,0.00145,0.3734,21.9,0.71195,0.55783,0.57458,0.66499,0.73418,0.65138,0.76785,0.471,0.63414,0.8454,0.93741,0.37886,0.32066,0.36443,0.2576,0.0,0.401027834,0.83446,0.8238,0.7562,0.86292,0.95238
NC_000016.10:68823481:A:T,CDH1,0,0.43272,0.1442,25.4,0.6766,0.54409,0.43258,0.43975,0.60916,0.61297,0.93171,0.37778,0.66393,0.74633,0.91275,0.64877,0.34522,0.57673,0.38051,0.03,0.370829557,0.69521,0.82511,0.62205,0.86022,0.93558
NC_000016.10:68823514:G:A,CDH1,0,0.58143,0.4378,21.4,0.62467,0.77947,0.67505,0.76295,0.63989,0.55034,0.77723,0.38833,0.65533,0.87646,0.93694,0.68631,0.59037,0.43935,0.71708,0.11,0.510475473,0.84866,0.88867,0.81547,0.85888,0.95336
NC_000016.10:68823538:G:A,CDH1,0,0.09763,0.0674,5.743,0.13767,0.39902,0.10826,0.11115,0.04788,0.03238,0.02735,0.05322,0.22579,0.60626,0.08964,0.27308,0.23034,0.25611,0.06397,0.12,0.092093648,0.26718,0.68853,0.30459,0.85888,0.82826
NC_000016.10:68823565:G:A,CDH1,0,0.00326,0.1083,11.69,0.46903,0.53204,0.37861,0.17154,0.10488,0.19977,0.7853,0.15063,0.38866,0.68591,0.71884,0.22204,0.33392,0.36468,0.18434,0.0,0.148090069,0.1953,0.68224,0.32222,0.85888,0.84772
NC_000016.10:68823592:C:G,CDH1,0,0.30289,0.1596,23.0,0.54239,0.55724,0.31413,0.05242,0.35273,0.14777,0.6294,0.43913,0.38946,0.76418,0.56568,0.34335,0.35511,0.34754,0.30252,0.01,0.309831581,0.40968,0.76459,0.39749,0.85888,0.88825
NC_000016.10:68828212:C:T,CDH1,0,0.20902,0.0916,14.71,0.42946,0.55494,0.23472,0.13523,0.0413,0.18639,0.00841,0.0399,0.45397,0.61462,0.14367,0.04663,0.14595,0.14691,0.06397,0.0,0.138929264,0.43644,0.79583,0.35112,0.85155,0.86283
NC_000016.10:68829686:G:A,CDH1,0,0.57298,0.2904,28.0,0.7821,0.73763,0.63834,0.72255,0.88122,0.54054,0.77759,0.74981,0.98153,0.94183,0.73732,0.96161,0.98803,0.97388,0.71708,0.0,0.454088403,0.8197,0.78699,0.86762,0.85054,0.94032
NC_000016.10:68829693:G:A,CDH1,0,0.5895,0.2884,31.0,0.73888,0.65401,0.45658,0.68678,0.88099,0.55274,0.6843,0.59896,0.96794,0.87736,0.80727,0.96161,0.88136,0.82648,0.71708,0.0,0.550258563,0.68674,0.70386,0.7128,0.85054,0.94745
NC_000016.10:68829700:A:T,CDH1,0,0.51252,0.1543,19.21,0.47135,0.60843,0.86145,0.49493,0.34722,0.33257,0.5706,0.61436,0.61813,0.76132,0.09592,0.96161,0.23203,0.48715,0.3741,0.0,0.156593866,0.31668,0.57159,0.33219,0.85054,0.90305
NC_000016.10:68829770:G:A,CDH1,0,0.39897,0.1296,29.7,0.6644,0.67238,0.74247,0.69108,0.79656,0.46033,0.69988,0.58597,0.96917,0.9341,0.44488,0.98155,0.68916,0.98502,0.71708,0.0,0.246483374,0.76636,0.68335,0.83107,0.85054,0.9592
NC_000016.10:68833299:C:T,CDH1,0,0.56258,0.2061,28.5,0.68478,0.57581,0.81307,0.82655,0.8037,0.58751,0.63741,0.66253,0.99506,0.93353,0.7721,0.98024,0.86533,0.52794,0.71708,0.01,0.480759707,0.85762,0.78223,0.866,0.84789,0.96633
NC_000016.10:68833343:G:A,CDH1,0,0.15792,0.9291,32.0,0.93884,0.79377,0.93005,0.90903,0.94621,0.80641,0.77717,0.90646,0.97944,0.93914,0.91451,0.98024,0.89533,0.82855,0.71708,0.0,0.729684405,0.90978,0.8439,0.90232,0.84789,0.97696
NC_000016.10:68833361:A:G,CDH1,0,0.38498,0.0982,21.5,0.60455,0.53848,0.54827,0.53571,0.3609,0.39022,0.64103,0.40731,0.53222,0.86342,0.09525,0.98024,0.59673,0.91659,0.39528,0.02,0.153819785,0.63742,0.64182,0.60816,0.84789,0.90226
NC_000016.10:68833487:G:A,CDH1,0,0.07246,0.112,27.1,0.74022,0.27491,0.74247,0.64234,0.86729,0.57579,0.74623,0.6363,0.98558,0.87645,0.6717,0.99707,0.89533,0.56552,0.71708,0.0,,0.69676,0.92946,0.68069,0.84789,0.95228
NC_000016.10:89738889:C:T,FANCA,0,0.08354,0.0664,0.016,0.01625,0.1303,0.13577,0.60137,0.00457,0.01874,0.37246,0.14544,0.0301,0.66932,0.03014,0.02446,0.00448,0.01862,0.06397,0.0,,0.52863,0.35293,0.60325,0.58047,0.78101
NC_000016.10:89738890:G:A,FANCA,0,,,1.136,,,,,,,,,,,,,,,,0.01,,,,,,
NC_000016.10:89738908:C:T,FANCA,0,,,0.194,,,,,,,,,,,,,,,,0.04,,,,,,
NC_000016.10:89738915:C:T,FANCA,0,0.00116,0.073,6.017,0.28631,0.12536,0.0799,0.4772,0.0341,0.03156,0.23526,0.0054,0.03468,0.57728,0.0893,0.02215,0.01475,0.01349,0.06397,0.05,0.09865872,0.44881,0.38704,0.61709,0.58047,0.82786
NC_000016.10:89738931:G:A,FANCA,0,,,14.25,,,,,,,,,,,,,,,,0.31,,,,,,
NC_000016.10:89738932:C:T,FANCA,0,,,10.9,,,,,,,,,,,,,,,,0.08,,,,,,
NC_000016.10:89738958:G:A,FANCA,0,,,2.799,,,,,,,,,,,,,,,,0.07,,,,,,
NC_000016.10:89739263:C:T,FANCA,0,0.00047,0.0772,3.331,0.37645,0.092,0.0799,0.50431,0.12056,0.15562,0.23485,0.0663,0.0755,0.93372,0.3877,0.07634,0.1678,0.02239,0.06397,0.0,0.133553286,0.55633,0.44896,0.68489,0.58047,0.88005
NC_000016.10:89739505:T:C,FANCA,0,0.00175,0.0701,0.106,0.33121,0.09844,0.01748,0.48533,0.04342,0.01834,0.10794,0.104,0.04662,,0.20933,0.07811,0.03835,0.03539,0.06397,0.02,0.156104262,0.03882,0.47126,0.0015,0.58047,0.60489
NC_000016.10:89740068:C:T,FANCA,0,0.00048,0.0847,0.002,0.31601,0.03366,0.05031,0.44677,0.00602,0.01222,0.23135,0.04222,0.02395,0.29675,0.08087,0.01441,0.01854,0.02418,0.06397,0.13,0.108272166,0.44257,0.50859,0.02574,0.58047,0.76029
NC_000016.10:89745046:C:T,FANCA,0,0.00198,0.1162,8.659,0.30502,0.3173,0.0799,0.52105,0.22846,0.0831,0.44008,0.10725,0.23521,0.88617,0.30635,0.53142,0.27489,0.26229,0.23385,0.0,0.336733005,0.8343,0.61249,0.82958,0.58969,0.87442
NC_000016.10:89746684:G:C,FANCA,0,0.0025,0.1453,19.27,0.61886,0.33739,0.10826,0.73882,0.53168,0.22444,0.25161,0.22254,0.35783,0.88311,0.47096,0.77601,0.49863,0.58588,0.4147,0.0,0.495241873,0.89861,0.55971,0.8948,0.58969,0.89271
NC_000016.10:89748709:C:G,FANCA,0,0.0656,0.1811,5.486,0.5885,0.2549,0.13577,0.5635,0.17286,0.19114,0.26164,0.11709,0.2681,0.90915,0.16878,0.15859,0.06902,0.0483,0.06397,0.0,,0.7124,0.66336,0.83054,0.59385,0.83733
NC_000016.10:89748741:C:T,FANCA,0,0.00276,0.0874,0.007,0.34009,0.08465,0.05031,0.45881,0.06213,0.00829,0.27883,0.08779,0.04241,0.64052,0.23526,0.04279,0.00795,0.0171,0.06397,0.0,0.18279967,0.56282,0.3675,0.71556,0.59385,0.75536
NC_000016.10:89748743:G:A,FANCA,0,0.00093,0.2392,19.3,0.69854,0.45459,0.05031,0.69618,0.34871,0.39222,0.3019,0.21476,0.1001,,0.56292,0.4133,0.44574,0.49092,0.22083,0.01,0.645933649,0.57176,0.81525,0.32482,0.59385,0.65192
NC_000016.10:89752172:G:A,FANCA,0,0.00746,0.0896,8.167,0.36489,0.15371,0.0799,0.68061,0.06335,0.08274,0.28066,0.00492,0.05704,0.76504,0.1862,0.12633,0.17126,0.24141,0.15309,0.0,0.114272754,0.51116,0.35162,0.61709,0.60337,0.84306
NC_000016.10:89758698:G:T,FANCA,0,0.37453,0.3002,14.44,0.49331,0.15167,0.10826,0.4069,0.24011,0.05176,0.0943,0.17063,0.26993,0.90813,0.54858,0.2583,0.28496,0.26278,0.71708,0.07,0.23595804,0.57824,0.50076,0.70116,0.60851,0.80439
NC_000016.10:89767167:G:C,FANCA,0,0.00194,0.2011,9.909,0.51064,0.16857,0.01748,0.36154,0.11479,0.19884,0.30249,0.08178,0.27797,,0.63171,0.22402,0.38521,0.36117,0.20267,0.02,0.532979674,0.59829,0.58612,0.68355,0.60851,0.58604
NC_000016.10:89769914:C:T,FANCA,0,3e-05,0.0669,13.46,0.03693,0.11719,0.05031,0.47884,0.01177,0.03449,0.24432,0.20512,0.08595,,0.03333,0.12676,0.14685,0.31869,0.06397,0.41,0.074285768,0.27308,0.30573,0.00011,0.60851,0.56637
NC_000016.10:89770214:C:T,FANCA,0,0.05577,0.0706,0.065,0.12954,0.1259,0.01748,0.59898,0.0108,0.00016,0.34478,0.09999,0.0242,0.69133,0.04488,0.0047,0.02022,0.02287,0.06397,0.0,0.094217294,0.56159,0.41003,0.68822,0.60851,0.75837
NC_000016.10:89770245:C:A,FANCA,0,0.00376,0.2402,24.2,0.51694,0.18569,0.05031,0.69108,0.62106,0.24677,0.42298,0.30453,0.27706,0.84571,0.75686,0.42209,0.32641,0.53019,0.38051,0.0,0.842916552,0.86296,0.72466,0.87398,0.60851,0.8745
NC_000016.10:89770569:G:A,FANCA,0,0.00236,0.1982,22.7,0.65137,0.5159,0.6678,0.84376,0.63167,0.54937,0.26657,0.22394,0.33524,0.98413,0.77977,0.63627,0.51831,0.49102,0.4031,0.0,0.580740673,0.9539,0.91251,0.96702,0.60851,0.94071
NC_000016.10:89771677:C:A,FANCA,0,0.00069,0.1758,23.7,0.31231,0.10095,0.16233,0.59416,0.20578,0.19402,0.23225,0.06003,0.27439,,0.06502,0.38915,0.3283,0.43362,0.30043,0.41,0.189410363,0.41187,0.40271,0.1685,0.60851,0.34563
NC_000016.10:89771807:G:A,FANCA,0,0.00237,0.1012,17.32,0.41114,0.36849,0.05031,0.62206,0.39814,0.12682,0.01317,0.2865,0.18558,0.95226,0.67327,0.38915,0.31826,0.48884,0.17103,0.01,0.333874069,0.78802,0.73001,0.86679,0.60851,0.88039
NC_000016.10:89773356:G:C,FANCA,0,0.00075,0.1003,14.52,0.57043,0.28402,0.05031,0.44677,0.28762,0.21904,0.26316,0.09624,0.10025,0.89446,0.66227,0.43124,0.35705,0.44686,0.17103,0.0,0.692490288,0.70906,0.74041,0.62465,0.62956,0.81379
NC_000016.10:89773357:G:C,FANCA,0,0.00075,0.0719,0.756,0.30788,0.23399,0.05031,0.53283,0.02177,0.02517,0.11277,0.08166,0.02294,,0.23933,0.06119,0.14616,0.15534,0.06397,0.0,0.319461652,0.03974,0.53966,0.00038,0.62956,0.4967
NC_000016.10:89783071:C:T,FANCA,0,3e-05,0.0576,0.295,0.03563,0.22434,0.01748,0.57142,0.00328,0.01469,0.00335,0.0676,0.09347,,0.00778,0.03112,0.03948,0.05761,0.06397,0.0,0.061143481,0.39567,0.30348,0.00011,0.66389,0.62383
NC_000016.10:89791526:G:A,FANCA,0,0.00056,0.1253,23.8,0.41953,0.14787,0.13577,0.66781,0.51137,0.18943,0.25241,0.06499,0.47542,,0.60795,0.69713,0.57567,0.57874,0.4147,0.24,0.697288393,0.1179,0.61184,0.03372,0.68385,0.68867
NC_000016.10:89795954:G:C,FANCA,0,0.67747,0.9047,16.12,0.79091,0.48705,0.39295,0.61647,0.23002,0.4703,0.35695,0.31684,0.30199,0.34948,0.59689,0.04412,0.15574,0.24336,0.31091,0.0,0.778588361,0.48926,0.9153,0.4469,0.69035,0.89124
NC_000016.10:89795979:A:G,FANCA,0,0.00163,0.2325,5.806,0.50633,0.26661,0.01748,0.13861,0.08853,0.03904,0.02063,0.21786,0.20053,0.48008,0.32428,0.31485,0.38634,0.25513,0.15309,0.0,0.425518652,0.24919,0.62537,0.2869,0.69035,0.78688
NC_000016.10:89799207:C:G,FANCA,0,0.01178,0.123,5.21,0.51573,0.15998,0.16233,0.07282,0.27062,0.03814,0.11474,0.11594,0.13336,0.75219,0.5887,0.26124,0.22876,0.14534,0.06397,0.01,0.583716913,0.47734,0.53787,0.57522,0.69035,0.86505
NC_000016.10:89799634:T:C,FANCA,0,3e-05,0.0465,7.195,0.01339,0.07621,0.01748,0.24299,0.01655,0.00909,0.11734,0.28355,0.00277,,0.00148,0.24391,0.25,0.27746,0.21755,0.19,0.021797079,0.29452,0.34017,0.00011,0.69035,0.57318
NC_000016.10:89803295:T:C,FANCA,0,0.00048,0.1021,6.803,0.47887,0.21764,0.01748,0.03332,0.11702,0.28114,0.14246,0.06089,0.14972,0.45414,0.27046,0.27231,0.18793,0.11939,0.06397,0.35,0.192444116,0.09187,0.47675,0.0461,0.69373,0.81177
NC_000016.10:89803296:C:T,FANCA,0,0.00159,0.0969,11.6,0.49561,0.13903,0.18775,0.08325,0.21604,0.02538,0.30857,0.07695,0.15287,0.51982,0.41586,0.45502,0.23929,0.21143,0.06397,0.05,0.286843088,0.22203,0.4607,0.30916,0.69373,0.79707
NC_000016.10:89805365:G:A,FANCA,0,0.0025,0.0841,4.601,0.32587,0.09023,0.16233,0.11462,0.08377,0.03103,0.24051,0.0721,0.11644,0.47643,0.11102,0.09835,0.1193,0.06176,0.06397,0.15,0.190597316,0.1953,0.53931,0.20916,0.69373,0.81279
NC_000016.10:89805387:G:A,FANCA,0,0.00045,0.0966,1.934,0.39403,0.07831,0.0799,0.12842,0.10017,0.00668,0.12475,0.06618,0.10642,0.3788,0.17894,0.1163,0.14489,0.15929,0.22446,0.01,,0.15243,0.36479,0.15952,0.69373,0.79856
NC_000016.10:89808347:G:A,FANCA,0,0.00027,0.0752,14.74,0.32336,0.06254,0.0799,0.43619,0.15124,0.02046,0.16824,0.26288,0.23047,,0.49738,0.31929,0.29588,0.43091,0.31519,0.02,0.196030207,0.0446,0.50036,0.00112,0.69373,0.70112
NC_000016.10:89810771:G:C,FANCA,0,0.53272,0.1007,11.89,0.61187,0.17449,0.93592,0.86166,0.15809,0.07532,0.20803,0.07147,0.23926,0.60334,0.47905,0.2361,0.2926,0.52591,0.16112,0.0,0.555052137,0.21198,0.67843,0.37338,0.69373,0.85125
NC_000016.10:89816591:G:C,FANCA,0,0.00014,0.1348,0.033,0.37108,0.06216,0.01748,0.15529,0.00761,0.14612,0.12152,0.6344,0.10132,0.58323,0.06502,0.00827,0.0127,0.03546,0.06397,0.0,,0.40347,0.34002,0.00888,0.69035,0.8101
NC_000016.10:89816598:A:T,FANCA,0,0.00018,0.0961,11.99,0.39403,0.29316,0.01748,0.41808,0.06064,0.31845,0.10693,0.69396,0.11013,,0.06502,0.06862,0.10088,0.08507,0.06397,0.0,,0.21748,0.34974,0.04517,0.69035,0.67018
NC_000017.11:7669627:T:G,TP53,0,0.48199,0.101,23.2,0.75044,0.35804,0.86145,0.81096,0.51044,0.72432,0.53792,0.30841,0.27893,0.87318,0.47905,0.48963,0.41094,0.52433,0.34079,0.0,,0.9681,0.91822,0.98433,0.79203,0.98906
NC_000017.11:7669654:C:T,TP53,0,0.39584,0.0667,20.4,0.48576,0.17388,0.86665,0.65831,0.29645,0.46813,0.19288,0.01705,0.17303,0.88815,0.2229,0.36434,0.25949,0.14311,0.42797,0.08,,0.96319,0.84558,0.97529,0.79203,0.98058
NC_000017.11:7669655:G:T,TP53,0,0.34939,0.1669,17.49,0.3802,0.23282,0.72989,0.6815,0.23513,0.59905,0.04514,0.01503,0.35377,0.83116,0.1892,0.12289,0.18557,0.34439,0.4147,0.0,,0.9258,0.72007,0.97055,0.79203,0.98017
NC_000017.11:7670612:A:C,TP53,0,0.55483,0.0732,17.95,0.53492,0.18884,0.93592,0.83277,0.23954,0.30933,0.3073,0.14937,0.40872,0.97412,0.36205,0.23821,0.2497,0.37483,0.71708,0.0,0.619908644,0.91052,0.80123,0.95981,0.79385,0.98766
NC_000017.11:7670615:G:A,TP53,0,0.83001,0.097,18.21,0.66495,0.2582,0.91349,0.89789,0.64637,0.87924,0.3485,0.28673,0.33938,0.85528,0.47905,0.53546,0.46426,0.81745,0.71708,0.0,0.604618884,0.97477,0.87567,0.98498,0.79385,0.99372
NC_000017.11:7670629:C:G,TP53,0,0.01429,0.0711,0.232,0.366,0.24897,0.36362,0.61984,0.02115,0.32537,0.19384,0.04539,0.18471,0.67528,0.45274,0.18582,0.1353,0.19773,0.06397,0.0,0.180034656,0.90531,0.72337,0.97055,0.79385,0.96825
NC_000017.11:7670648:G:T,TP53,0,0.25005,0.084,18.3,0.57532,0.358,0.468,0.49808,0.34036,0.39147,0.21576,0.12779,0.39548,0.78735,0.3126,0.5238,0.48263,0.55553,0.26574,0.0,0.177249596,0.70975,0.89711,0.8647,0.79385,0.96278
NC_000017.11:7670683:C:T,TP53,0,0.16781,0.104,16.67,0.53185,0.3791,0.62313,0.29456,0.17561,0.32907,0.41031,0.03232,0.21046,0.79082,0.29426,0.2813,0.07285,0.09898,0.06397,0.0,0.281367884,0.72571,0.90901,0.84776,0.79385,0.96363
NC_000017.11:7670693:C:G,TP53,0,0.70636,0.1442,20.1,0.66847,0.51517,0.71054,0.89052,0.66685,0.80645,0.62852,0.1722,0.6072,0.91157,0.8927,0.53142,0.46035,0.26417,0.35977,0.0,0.446171539,0.97619,0.99503,0.97546,0.79385,0.99225
NC_000017.11:7670710:C:T,TP53,0,0.59914,0.1281,19.36,0.61772,0.50895,0.80747,0.81507,0.29823,0.61929,0.64558,0.38073,0.35843,0.86775,0.63999,0.5375,0.37073,0.24274,0.28556,0.0,0.212797773,0.90195,0.99221,0.94449,0.79385,0.98355
NC_000017.11:7673244:A:G,TP53,0,,,12.85,,,,,,,,,,,,,,,,0.11,,,,,,
NC_000017.11:7673247:A:G,TP53,0,,,12.18,,,,,,,,,,,,,,,,0.13,,,,,,
NC_000017.11:7673311:A:C,TP53,0,,,13.04,,,,,,,,,,,,,,,,0.09,,,,,,
NC_000017.11:7673335:G:C,TP53,0,,,6.542,,,,,,,,,,,,,,,,0.04,,,,,,
NC_000017.11:7673578:G:T,TP53,0,0.09227,0.0837,14.58,0.44603,0.36726,0.31413,0.64131,0.13005,0.33922,0.49712,0.08211,0.16649,0.77486,0.16878,0.32199,0.26827,0.37962,0.1381,0.0,0.127389299,0.97105,0.72273,0.97906,0.80453,0.99179
NC_000017.11:7673581:G:T,TP53,0,0.39796,0.0562,20.6,0.31301,0.52033,0.59943,0.73229,0.41569,0.31851,0.54549,0.16075,0.34195,0.90582,0.50681,0.33243,0.52703,0.46438,0.71708,0.0,0.171051387,0.97967,0.78857,0.99441,0.80453,0.99726
NC_000017.11:7673584:A:T,TP53,0,0.34594,0.0644,18.66,0.34087,0.39105,0.4448,0.73229,0.18851,0.21049,0.17566,0.17452,0.10778,0.8361,0.33666,0.31839,0.31534,0.34098,0.26046,0.0,0.206092729,0.97987,0.74682,0.97828,0.80453,0.99462
NC_000017.11:7673592:G:C,TP53,0,0.15254,0.0755,16.57,0.44722,0.38852,0.5103,0.7164,0.30815,0.29733,0.11337,0.16803,0.21222,0.84016,0.50395,0.70547,0.33114,0.47426,0.18616,0.01,0.273953611,0.92585,0.759,0.99162,0.80453,0.99453
NC_000017.11:7673727:C:T,TP53,0,0.08295,0.0768,5.011,0.46627,0.41941,0.23472,0.60256,0.06115,0.44922,0.3877,0.04505,0.19858,0.83813,0.47626,0.03755,0.0495,0.22366,0.06397,0.0,0.177864956,0.96846,0.77279,0.98484,0.80702,0.9942
NC_000017.11:7673733:G:A,TP53,0,0.23781,0.0692,8.3,0.71979,0.25316,0.10826,0.6859,0.06521,0.60097,0.45723,0.13444,0.02454,0.79234,0.11102,0.21185,0.22101,0.36415,0.06397,0.0,0.246546486,0.98904,0.78749,0.98036,0.80702,0.99533
NC_000017.11:7673742:C:A,TP53,0,0.70309,0.1775,20.4,0.67565,0.34156,0.98095,0.87959,0.26658,0.42272,0.74817,0.10995,0.4712,0.9778,0.80727,0.3622,0.30721,0.29384,0.1381,0.0,0.249390976,0.99808,0.86176,0.99499,0.80702,0.99894
NC_000017.11:7673750:C:T,TP53,0,0.2231,0.0696,8.565,0.30671,0.22734,0.81307,0.83221,0.12928,0.53717,0.64332,0.00594,0.32759,0.97703,0.25295,0.08961,0.07494,0.02286,0.06397,0.0,0.129020469,0.95639,0.85244,0.98498,0.80702,0.9982
NC_000017.11:7673751:G:A,TP53,0,0.86546,0.0791,23.9,0.48404,0.37084,0.75482,0.89561,0.59311,0.66502,0.67423,0.01151,0.71439,0.94659,0.85042,0.47798,0.54801,0.44005,0.71708,0.0,0.499893984,0.97427,0.97938,0.99669,0.80702,0.99924
NC_000017.11:7673768:G:A,TP53,0,0.7505,0.5825,24.1,0.59385,0.44412,0.76691,0.89099,0.56943,0.81471,0.67864,0.40572,0.61145,0.91884,0.76156,0.45795,0.75751,0.56628,0.71708,0.0,0.472381899,0.98681,0.99933,0.99579,0.80702,0.99939
NC_000017.11:7673772:G:A,TP53,0,0.76599,0.6812,25.4,0.70112,0.44947,0.87184,0.90946,0.40144,0.76791,0.82806,0.39003,0.68522,0.98513,0.37069,0.45795,0.61558,0.49656,0.71708,0.0,0.558616663,0.98032,0.99916,0.99573,0.80702,0.99953
NC_000017.11:7674183:G:T,TP53,0,0.66248,0.2029,23.6,0.66494,0.32409,,0.87618,0.58409,0.81491,0.57755,0.3333,0.46684,0.91609,0.5584,0.54778,0.46544,0.82752,0.71708,0.0,0.710697631,0.9741,0.98852,0.9949,0.80702,0.99939
NC_000017.11:7674258:T:C,TP53,0,0.5283,0.1402,25.2,0.67084,0.23792,0.74247,0.83721,0.48534,0.85206,0.75805,0.42294,0.49212,0.87774,0.28554,0.56929,0.5811,0.70615,0.71708,0.15,0.362229149,0.97942,0.98262,0.99418,0.80638,0.99778
NC_000017.11:7674958:G:C,TP53,0,0.73735,0.5246,24.7,0.7691,0.4967,,0.85019,0.62224,0.71584,0.83939,0.34071,0.95335,0.88136,0.44274,0.78301,0.7341,0.98402,0.71708,0.0,0.356803038,0.99262,0.95926,0.99402,0.80638,0.99894
NC_000017.11:7675053:A:T,TP53,0,0.63409,0.4078,6.65,0.51145,0.1586,0.79615,0.8637,0.10721,0.6938,0.47323,0.49127,0.52302,0.92698,0.26734,0.03151,0.03079,0.05928,0.1381,0.0,0.283875079,0.9477,0.93026,0.98348,0.80547,0.99879
NC_000017.11:7675057:C:T,TP53,0,0.23035,0.0957,1.406,0.28874,0.09228,0.34793,0.6454,0.06377,0.64388,0.56871,0.23373,0.23994,0.74673,0.09051,0.08848,0.22165,0.1062,0.06397,0.0,0.15542799,0.96026,0.89445,0.96509,0.80547,0.99245
NC_000017.11:7675102:G:A,TP53,0,0.9473,0.2516,22.7,0.78905,0.26792,0.9938,0.96012,0.58461,0.72557,0.70776,0.37693,0.94633,0.97208,0.56292,0.54363,0.89639,0.63965,0.71708,0.0,0.595311095,0.97557,0.99706,0.99601,0.80547,0.99953
NC_000017.11:7675131:C:T,TP53,0,0.72609,0.9318,22.3,0.82746,0.43804,0.80747,0.87025,0.50814,0.82917,0.57,0.45918,0.55008,0.92795,0.50962,0.84669,0.32546,0.66596,0.71708,0.0,0.513651274,0.97938,0.99233,0.99454,0.80547,0.99939
NC_000017.11:7675142:C:T,TP53,0,0.71548,0.1052,14.05,0.27984,0.10884,0.97127,0.73156,0.12271,0.23735,0.44946,0.23325,0.25411,0.82213,0.30154,0.28684,0.20311,0.29247,0.21532,0.0,0.220554075,0.99546,0.90057,0.98481,0.80547,0.9897
NC_000017.11:7675998:A:T,TP53,0,0.79049,0.4372,21.2,0.53249,0.58305,0.91349,0.89879,0.45539,0.73433,0.62555,0.48042,0.81179,0.85866,0.35689,0.59936,0.68449,0.89612,0.71708,0.01,0.412406302,0.98676,0.9785,0.99238,0.80547,0.99633
NC_000017.11:7676024:T:C,TP53,0,0.48824,0.0837,22.6,0.53512,0.232,0.43258,0.77214,0.32006,0.75088,0.48832,0.29128,0.61226,0.91927,0.34783,0.4133,0.54992,0.42782,0.42797,0.03,0.429074002,0.97666,0.94561,0.98287,0.80547,0.99514
NC_000017.11:7676039:C:T,TP53,0,0.22105,0.0631,17.14,0.44408,0.1905,0.90294,0.83666,0.11355,0.43157,0.55734,0.16701,0.19406,0.94153,0.29907,0.09779,0.24003,0.02379,0.23678,0.0,0.24298794,0.99978,0.93211,0.97906,0.80547,0.99303
NC_000017.11:7676046:C:T,TP53,0,0.66715,0.1259,21.7,0.57147,0.48123,0.91349,0.84752,0.36121,0.6144,0.68546,0.37962,0.32059,0.9206,0.54378,0.31571,0.28246,0.34747,0.22888,0.0,0.387985927,0.98244,0.97408,0.99198,0.80547,0.99542
NC_000017.11:7676049:A:G,TP53,0,0.23421,0.1966,19.03,0.23805,0.72543,0.63834,0.82371,0.45485,0.61091,0.35834,0.59939,0.42624,0.88444,0.43659,0.59936,0.4511,0.76634,0.2919,0.0,0.249556367,0.99955,0.92195,0.99506,0.80547,0.99185
NC_000017.11:7676123:G:A,TP53,0,0.46914,0.0705,12.89,0.38925,0.28752,0.9938,0.82427,0.04398,0.0779,0.51429,0.38995,0.13481,0.96438,0.11102,0.11677,0.26574,0.07508,0.28837,0.0,0.25755566,0.89137,0.84386,0.94318,0.80547,0.99341
NC_000017.11:7676151:C:T,TP53,0,0.06104,0.0809,0.485,0.32927,0.15347,0.0799,0.68764,0.00565,0.16339,0.40709,0.32473,0.21068,0.78453,0.01712,0.03665,0.01208,0.15545,0.06397,0.07,0.147291929,0.94082,0.75488,0.94735,0.80547,0.9868
NC_000017.11:7676153:G:T,TP53,0,0.36165,0.0961,16.14,0.31923,0.19175,0.10826,0.67153,0.17352,0.31876,0.5534,0.24647,0.29027,0.89178,0.33666,0.24532,0.3479,0.27173,0.16112,0.0,0.147579171,0.96438,0.84005,0.97168,0.80547,0.98901
NC_000017.11:7676180:G:A,TP53,0,0.13178,0.074,7.222,0.49003,0.23116,0.54827,0.59779,0.07405,0.1971,0.29041,0.2213,0.29565,0.88888,0.41853,0.10937,0.20311,0.17856,0.06397,0.04,0.198912076,0.98935,0.85721,0.96422,0.80547,0.98825
NC_000017.11:7676181:C:T,TP53,0,0.20902,0.0671,7.197,0.41646,0.1719,,0.57662,0.11952,0.12458,0.35216,0.21264,0.28506,0.82198,0.61655,0.32292,0.19355,0.0834,0.06397,0.07,0.177967747,0.96934,0.85681,0.97509,0.80547,0.9865
NC_000017.11:7676219:A:G,TP53,0,0.18195,0.0757,8.633,0.26275,0.27113,,0.67153,0.07914,0.4584,0.51157,0.19823,0.17728,0.83314,0.14367,0.30546,0.24283,0.39299,0.06397,0.0,0.188102104,0.94621,0.73183,0.95924,0.80547,0.9879
NC_000017.11:7676223:C:T,TP53,0,0.24981,0.0733,12.76,0.37042,0.27973,0.4067,0.53571,0.11014,0.63995,0.52931,0.19705,0.14426,0.86601,0.52928,0.15886,0.20112,0.27986,0.06397,0.0,0.262392119,0.95693,0.73419,0.95897,0.80547,0.98575
NC_000017.11:7676223:C:G,TP53,0,0.33607,0.1274,8.201,0.46854,0.38328,0.55722,0.63505,0.21868,0.66299,0.52916,0.20655,0.29525,0.9453,0.65768,0.15886,0.20112,0.27986,0.06397,0.01,0.411365776,0.95188,0.86839,0.98287,0.80547,0.99348
NC_000017.11:7676229:G:A,TP53,0,0.00082,0.0695,0.021,0.39136,0.34891,0.01748,0.64028,0.00546,0.5722,0.17318,0.06253,0.15957,0.80458,0.24374,0.01037,0.00563,0.01962,0.06397,0.02,0.170972728,0.94312,0.72465,0.90749,0.80547,0.98835
NC_000017.11:7676263:C:G,TP53,0,0.16592,0.0716,0.426,0.51427,0.10594,0.95536,0.77343,0.02524,0.39927,0.278,,0.17694,0.85994,0.30806,0.08405,0.01161,0.04071,0.06397,0.13,,0.99918,0.82145,0.95241,0.80547,0.99192
NC_000017.11:7676566:C:T,TP53,0,0.00635,0.0604,5.256,0.09871,0.05429,0.10826,0.7656,0.00931,0.06747,0.34337,,0.05888,0.85373,0.00778,0.03543,0.07171,0.05575,0.06397,0.0,,0.95415,0.72798,0.92832,0.80547,0.98815
NC_000017.11:7676573:A:T,TP53,0,0.18333,0.0831,0.243,0.21639,0.06109,,0.79169,0.01787,0.11298,0.07554,,0.10012,0.89074,0.20748,0.0234,0.03649,0.10827,0.16112,0.0,,0.93567,0.72829,0.93463,0.80547,0.9889
NC_000017.11:35100956:G:A,RAD51D,0,0.00221,0.1127,11.14,0.01872,0.26631,0.01748,0.05575,0.04972,0.18427,0.28931,,0.09061,0.19935,0.08752,0.07586,0.06516,0.12206,0.06397,0.01,,0.16259,0.43082,0.17818,0.21092,0.76375
NC_000017.11:35103264:T:C,RAD51D,0,0.03784,0.0641,0.152,0.02993,0.2254,,0.11115,0.00673,0.023,0.0362,,0.07064,0.30482,0.00399,0.00552,0.01679,0.04601,0.06397,0.02,0.06759276,0.35835,0.34726,0.13357,0.22767,0.73552
NC_000017.11:35103293:T:C,RAD51D,0,0.00266,0.4981,26.9,0.27124,0.6451,0.13577,0.46391,0.61706,0.64777,0.71551,,0.50327,0.90974,0.48917,0.64131,0.49319,0.68313,0.71708,0.09,0.571199114,0.66223,0.6612,0.61196,0.2265,0.90918
NC_000017.11:35103296:C:T,RAD51D,0,0.00133,0.1405,16.78,0.06411,0.52023,0.0799,0.29698,0.27946,0.36067,0.69526,,0.35416,0.75747,0.55254,0.16395,0.20095,0.08837,0.32243,0.0,0.285622891,0.31141,0.50506,0.40956,0.2265,0.83104
NC_000017.11:35106467:C:T,RAD51D,0,0.00033,0.057,13.9,0.01339,0.04967,0.13577,0.34681,0.07177,0.0241,0.11835,,0.15337,,0.00575,0.14789,0.31777,0.13857,0.71708,0.0,0.04913927,0.19847,0.34657,0.00038,0.20191,0.51051
NC_000017.11:43045684:T:A,BRCA1,0,0.14955,0.094,10.58,0.3391,0.2299,0.4067,0.81448,0.02801,0.17058,0.05442,0.09902,0.22411,0.31333,0.04488,0.02355,0.04754,0.06134,0.1381,0.0,,0.62855,0.443,0.73553,0.81664,0.98543
NC_000017.11:43045690:T:G,BRCA1,0,0.00104,0.0684,6.125,0.31672,0.22309,,0.83052,0.06922,0.26779,0.05735,0.04493,0.32194,,0.08488,0.04764,0.02791,0.09188,0.06397,0.0,,0.64682,0.44077,0.75634,0.81664,0.95936
NC_000017.11:43045693:G:C,BRCA1,0,0.22688,0.0905,21.2,0.32916,0.19262,0.34793,0.78798,0.23939,0.42145,0.29624,0.07951,0.28012,0.69603,0.46017,0.34742,0.20203,0.4752,0.06397,0.0,,0.71653,0.48318,0.82541,0.81664,0.99225
NC_000017.11:43045697:T:G,BRCA1,0,0.02371,0.0858,8.333,0.18478,0.15513,0.4067,0.81155,0.0802,0.30461,0.05894,0.20487,0.25612,0.53624,0.20114,0.03688,0.08219,0.12563,0.06397,0.0,,0.5916,0.37029,0.74999,0.81664,0.98451
NC_000017.11:43047653:T:C,BRCA1,0,0.02658,0.0566,0.059,0.04709,0.1289,0.4448,0.72859,0.02922,0.35805,0.03832,0.02655,0.02902,0.35556,,0.09379,0.03804,0.0663,0.06397,0.06,0.033076284,0.44257,0.38778,0.35539,0.80837,0.97565
NC_000017.11:43047698:A:T,BRCA1,0,0.04842,0.1058,15.08,0.41244,0.32149,0.468,0.74591,0.09515,0.44894,0.36682,0.11953,0.33848,0.23473,,0.22139,0.22829,0.29061,0.16112,0.0,0.185192461,0.53359,0.4582,0.62102,0.80837,
NC_000017.11:43057076:C:T,BRCA1,0,0.7656,0.1842,24.2,0.87953,0.68588,0.59943,0.88344,0.66356,0.84513,0.70327,0.24971,0.64335,0.83853,0.54378,0.6809,0.50711,0.49646,0.71708,0.0,0.57877547,0.91923,0.53199,0.90034,0.74575,0.9969
NC_000017.11:43057130:T:C,BRCA1,0,0.7278,0.1426,23.1,0.79222,0.61442,0.61535,0.91764,0.50207,0.65162,0.62242,0.22168,0.36792,0.85942,0.71884,0.45215,0.26856,0.37452,0.2456,0.0,0.451252904,0.91863,0.65788,0.92224,0.74575,0.99533
NC_000017.11:43063367:T:C,BRCA1,0,0.08687,0.1171,21.0,0.66987,0.26236,0.48977,0.74591,0.35979,0.65916,0.70272,0.26641,0.21748,0.7854,0.5887,0.35368,0.22276,0.34692,0.22971,0.01,0.295123975,0.68465,0.48581,0.81431,0.72295,0.99004
NC_000017.11:43063908:C:G,BRCA1,0,0.52469,0.4904,24.1,0.80829,0.86202,0.97127,0.79353,0.7979,0.84815,0.63505,0.80228,0.71325,0.85195,0.49809,0.93054,0.62756,0.6298,0.71708,0.04,0.39654417,0.80379,0.58664,0.79464,0.72295,0.99542
NC_000017.11:43070957:C:T,BRCA1,0,0.00157,0.388,18.21,0.48013,0.30002,0.16233,0.73229,0.29868,0.4838,0.35157,0.19428,0.50568,,0.08964,0.426,0.33368,0.34386,0.71708,0.0,0.100895222,0.51515,0.40108,0.46312,0.72714,0.93538
NC_000017.11:43070958:A:G,BRCA1,0,0.61191,0.6823,22.9,0.73865,0.63474,0.84032,0.89377,0.46973,0.85357,0.75636,0.29336,0.66841,0.93388,0.57226,0.61625,0.64062,0.86865,0.71708,0.02,0.594247374,0.81118,0.67806,0.86688,0.72714,0.99655
NC_000017.11:43071003:G:A,BRCA1,0,0.62752,0.1163,17.35,0.62122,0.27134,0.52014,0.82484,0.44718,0.07823,0.17512,0.0988,0.26562,0.90379,0.51658,0.61625,0.26405,0.56585,0.29296,0.03,0.166976246,0.90403,0.64126,0.90489,0.7278,0.99403
NC_000017.11:43071030:A:G,BRCA1,0,0.00316,0.0741,0.056,0.43509,0.17462,0.10826,0.77537,0.02675,0.02275,0.02129,0.02481,0.2654,0.38437,0.27866,0.06488,0.05394,0.05563,0.06397,0.03,0.121544253,0.57788,0.38319,0.70387,0.7278,0.97842
NC_000017.11:43071073:G:A,BRCA1,0,0.00282,0.0853,1.947,0.50382,0.22,0.43258,0.8092,0.05235,0.00033,0.09004,0.0137,0.24384,0.43739,0.3126,0.07236,0.11025,0.17039,0.06397,0.0,0.197148239,0.58994,0.43537,0.73192,0.7278,0.97711
NC_000017.11:43071076:T:C,BRCA1,0,0.0001,0.084,6.903,0.58485,0.2291,0.0799,0.55947,0.11745,0.16401,0.30314,0.07236,0.25168,,0.48504,0.2201,0.09613,0.14852,0.06397,0.0,0.271667074,0.07441,0.42579,0.00011,0.7278,0.90455
NC_000017.11:43071076:T:A,BRCA1,0,0.32677,0.1022,16.31,0.67237,0.31601,0.16233,0.78549,0.24641,0.21455,0.40838,0.08256,0.31855,0.77164,0.48504,0.2201,0.09613,0.14852,0.06397,0.0,0.442823707,0.82621,0.64922,0.84259,0.7278,0.9888
NC_000017.11:43071097:T:C,BRCA1,0,0.37008,0.0708,16.37,0.09784,0.16594,0.9938,0.75894,0.10026,0.22893,0.10241,0.04893,0.29456,0.5844,0.06502,0.32575,0.449,0.55293,0.27054,0.0,0.084283477,0.66899,0.39968,0.75179,0.7278,0.9829
NC_000017.11:43071184:A:G,BRCA1,0,0.21434,0.1243,13.71,0.79708,0.19686,0.6678,0.81796,0.16819,0.13448,0.19316,0.13101,0.31951,0.70975,0.51658,0.27781,0.1827,0.42911,0.1381,0.0,0.453387989,0.78489,0.48323,0.90408,0.7278,0.9881
NC_000017.11:43071222:A:G,BRCA1,0,0.04012,0.1809,17.0,0.69684,0.35309,0.55722,0.81507,0.25497,0.21785,0.21839,0.26904,0.40519,0.77248,0.51658,0.41704,0.33849,0.29217,0.30223,0.0,0.535183547,0.78666,0.48794,0.8856,0.7278,0.99412
NC_000017.11:43071231:G:A,BRCA1,0,0.03048,0.1583,17.45,0.63667,0.22944,0.63834,0.86472,0.33244,0.23381,0.20101,0.18942,0.39143,0.90988,0.48504,0.14154,0.37515,0.19864,0.29531,0.0,0.682899407,0.83842,0.59177,0.87398,0.7278,0.99311
NC_000017.11:43074369:C:T,BRCA1,0,0.01811,0.0763,0.69,0.31281,0.09017,0.36362,0.60137,0.02323,0.00181,0.23362,0.05457,0.20541,0.42195,0.48504,0.05714,0.04972,0.05999,0.06397,0.0,0.150751112,0.66231,0.41646,0.64222,0.73382,0.97949
NC_000017.11:43074405:C:T,BRCA1,0,0.00337,0.089,0.674,0.27188,0.12279,0.36362,0.83277,0.05328,0.00029,0.26369,0.03541,0.20407,0.55932,0.28627,0.04412,0.01529,0.03401,0.06397,0.0,0.384861776,0.61325,0.39263,0.72614,0.73382,0.97955
NC_000017.11:43074470:C:A,BRCA1,0,0.01326,0.1413,18.32,0.50648,0.41203,0.29588,0.79231,0.27849,0.29731,0.38314,0.09368,0.37258,0.85104,0.50191,0.45358,0.51018,0.29814,0.18781,0.0,0.731708141,0.79542,0.6157,0.86621,0.73382,0.99395
NC_000017.11:43074485:C:G,BRCA1,0,0.48715,0.1032,2.471,0.36244,0.24572,0.62313,0.80979,0.14207,0.05338,0.05448,0.05063,0.30204,0.73431,0.51658,0.18133,0.11424,0.1081,0.06397,0.0,0.604645892,0.77711,0.63723,0.89141,0.73382,0.9926
NC_000017.11:43076569:T:G,BRCA1,0,0.30237,0.1123,18.8,0.66924,0.18827,0.45658,0.51199,0.28069,0.24797,0.28223,0.36349,0.32623,0.43219,0.67703,0.43661,0.30833,0.28533,0.24877,0.03,0.708271948,0.20972,0.6323,0.35273,0.73889,0.97227
NC_000017.11:43082433:G:C,BRCA1,0,0.11623,0.0904,9.422,0.40731,0.05969,0.39295,0.60842,0.09955,0.08762,0.14458,0.01044,0.34454,0.24739,0.06502,0.27466,0.35759,0.38412,0.23942,0.0,0.14420713,0.21879,0.39592,0.31157,0.74382,0.94372
NC_000017.11:43082547:T:C,BRCA1,0,0.21529,0.0911,15.98,0.5707,0.04097,0.63078,0.4739,0.34223,0.07915,0.14079,0.17459,0.39237,0.63161,0.5584,0.23891,0.28604,0.32147,0.38051,0.05,0.175484998,0.2308,0.56907,0.32396,0.74382,0.94902
NC_000017.11:43090996:C:T,BRCA1,0,0.00272,0.0686,0.688,0.05955,0.03336,0.13577,0.78047,0.02705,0.00205,0.22673,0.01018,0.19079,0.15034,0.0196,0.14262,0.07655,0.16933,0.06397,0.0,0.089597364,0.59074,0.35743,0.68212,0.74481,0.94285
NC_000017.11:43091484:G:A,BRCA1,0,0.12426,0.0882,9.567,0.24112,0.10116,0.45658,0.73811,0.07088,0.00968,0.29394,0.03204,0.31702,0.60455,0.53924,0.18278,0.16625,0.13773,0.06397,0.07,0.3772685,0.67818,0.5713,0.78699,0.74382,0.99281
NC_000017.11:43091491:T:C,BRCA1,0,0.00177,0.1184,17.95,0.23233,0.15174,0.0799,0.79902,0.27189,0.14199,0.10036,0.04005,0.43114,0.84637,0.5934,0.33534,0.31935,0.19812,0.37709,0.01,0.474464129,0.7265,0.53519,0.78368,0.74382,0.99571
NC_000017.11:43091494:C:T,BRCA1,0,0.37656,0.1053,17.05,0.42347,0.10475,0.468,0.81037,0.35742,0.23728,0.34383,0.08664,0.34966,0.8842,0.44961,0.49132,0.33229,0.28995,0.28808,0.0,0.24144026,0.84678,0.43752,0.87363,0.74382,0.99702
NC_000017.11:43091707:T:C,BRCA1,0,0.00412,0.0883,0.397,0.32656,0.06444,0.60746,0.69785,0.08073,0.00099,0.12389,0.00914,0.21805,0.35766,0.32854,0.03699,0.06829,0.13208,0.06397,0.0,0.157953695,0.59804,0.39503,0.76681,0.74731,0.98386
NC_000017.11:43091782:C:T,BRCA1,0,0.30343,0.0886,10.72,0.57536,0.1536,0.50018,0.67791,0.18718,0.1968,0.23833,0.02809,0.29023,0.63465,0.40614,0.19038,0.22485,0.16933,0.06397,0.0,0.271563832,0.52863,0.55797,0.59654,0.74731,0.99225
NC_000017.11:43091791:C:T,BRCA1,0,0.00364,0.0874,0.35,0.47399,0.06395,0.54827,0.73008,0.04848,0.00395,0.23114,0.00688,0.21686,0.18102,0.35209,0.06926,0.05346,0.05139,0.06397,0.0,0.20422006,0.36485,0.37114,0.57176,0.74731,0.98348
NC_000017.11:43091817:G:A,BRCA1,0,0.00296,0.1069,6.581,0.3565,0.14144,0.41989,0.67971,0.19432,0.07421,0.20879,0.06015,0.31924,0.68545,0.51127,0.50337,0.26036,0.27118,0.16672,0.02,0.364963239,0.65779,0.62618,0.72522,0.74731,0.98911
NC_000017.11:43091822:A:C,BRCA1,0,0.00293,0.1565,0.512,0.35891,0.07842,0.4067,0.68851,0.09798,0.03137,0.08661,0.04173,0.2932,0.5281,0.2229,0.05387,0.12148,0.10192,0.06397,0.0,0.194220063,0.5785,0.53802,0.70058,0.74731,0.9883
NC_000017.11:43091873:C:G,BRCA1,0,0.72182,0.1597,18.71,0.70176,0.08018,0.36362,0.88104,0.45115,0.44325,0.19522,0.23482,0.51016,0.76435,0.78381,0.27623,0.1193,0.18094,0.34528,0.03,0.713637544,0.77197,0.65928,0.85294,0.74731,0.99765
NC_000017.11:43091890:C:T,BRCA1,0,0.52387,0.1596,23.4,0.85769,0.19058,0.57458,0.81969,0.80349,0.61767,0.50212,0.28917,0.75015,0.89309,0.77562,0.68901,0.63256,0.41641,0.71708,0.0,0.691330986,0.91244,0.83438,0.90045,0.74731,0.99864
NC_000017.11:43091922:C:T,BRCA1,0,0.00536,0.0703,0.05,0.06834,0.04951,0.4067,0.72407,0.00066,6e-05,0.18036,0.00093,0.21182,0.25923,0.00225,0.01013,0.10279,0.03232,0.06397,0.0,0.039603221,0.47182,0.39984,0.27834,0.74731,0.98415
NC_000017.11:43091930:C:A,BRCA1,0,0.51097,0.1609,11.76,0.56791,0.18275,0.39295,0.7542,0.17867,0.21734,0.22377,0.01524,0.37752,0.49699,0.71884,0.20048,0.25015,0.13627,0.06397,0.0,0.50561185,0.70435,0.81885,0.84583,0.74731,0.99364
NC_000017.11:43091930:C:G,BRCA1,0,0.00931,0.1609,11.94,0.56791,0.18275,0.39295,0.75894,0.17867,0.21734,0.22377,0.01524,0.38245,0.49699,0.71884,0.20048,0.25015,0.13627,0.06397,0.0,0.50561185,0.70435,0.81885,0.84583,0.74731,0.99372
NC_000017.11:43091982:T:C,BRCA1,0,8e-05,0.0581,1.218,0.12078,0.03109,0.05031,0.19353,0.00785,0.00043,0.22921,0.02386,0.20708,,0.02679,0.06293,0.08124,0.14484,0.06397,0.0,0.061933638,0.22333,0.39386,0.00011,0.74731,0.92212
NC_000017.11:43091989:C:T,BRCA1,0,0.00752,0.0773,3.18,0.52868,0.02835,0.13577,0.69279,0.06568,0.00785,0.17787,0.05767,0.22849,0.17001,0.5887,0.07445,0.18611,0.0703,0.06397,0.0,0.149517364,0.409,0.51387,0.59642,0.74731,0.9816
NC_000017.11:43092067:C:G,BRCA1,0,0.56375,0.1524,17.59,0.55021,0.07387,0.55722,0.79353,0.38351,0.17308,0.35108,0.02528,0.48113,0.84577,0.565,0.25902,0.39369,0.2276,0.34983,0.0,0.391350293,0.7996,0.79182,0.87669,0.74731,0.99581
NC_000017.11:43092082:G:A,BRCA1,0,0.45683,0.5361,23.5,0.63854,0.3618,0.96289,0.9557,0.86566,0.62256,0.02842,0.29789,0.72291,0.98821,0.83289,0.75048,0.72631,0.83115,0.71708,0.0,0.747525549,0.94747,0.905,0.95268,0.74731,0.99909
NC_000017.11:43092112:T:C,BRCA1,0,0.00041,0.0788,10.22,0.40705,0.05499,0.10826,0.19964,0.09382,0.07723,0.31822,0.02696,0.31488,0.5157,0.68087,0.22861,0.19045,0.1461,0.06397,0.06,0.146408286,0.15676,0.70597,0.20249,0.74731,0.97379
NC_000017.11:43092114:C:A,BRCA1,0,0.42731,0.0956,9.84,0.39295,0.17364,0.5103,0.78549,0.11666,0.20368,0.24595,0.07324,0.30854,0.45368,0.61831,0.02619,0.0316,0.08584,0.06397,0.0,0.352038252,0.69892,0.86089,0.78145,0.74731,0.98766
NC_000017.11:43092203:T:G,BRCA1,0,0.53323,0.2915,17.53,0.69405,0.08203,0.5103,0.6815,0.35032,0.40133,0.16081,0.18956,0.33862,0.80754,0.70268,0.32575,0.23264,0.20148,0.18616,0.0,0.499103055,0.77377,0.81905,0.86239,0.74731,0.99524
NC_000017.11:43092228:C:T,BRCA1,0,0.00189,0.0782,4.213,0.76898,0.05641,0.52014,0.72179,0.1444,0.11195,0.21625,0.12628,0.24903,0.66635,0.40981,0.11641,0.14728,0.07957,0.06397,0.0,0.314345816,0.58476,0.66369,0.65923,0.74731,0.98927
NC_000017.11:43092234:G:A,BRCA1,0,0.27491,0.0892,20.2,0.61214,0.1363,0.54827,0.65831,0.40736,0.29819,0.09965,0.12216,0.37115,0.85377,0.56654,0.34537,0.45458,0.32868,0.3741,0.0,0.457734733,0.80703,0.84606,0.87979,0.74731,0.99612
NC_000017.11:43092390:A:G,BRCA1,0,0.2935,0.094,12.31,0.4706,0.17169,0.98095,0.78736,0.15534,0.13725,0.46711,0.19893,0.20414,0.58707,0.34065,0.24532,0.2103,0.24714,0.2242,0.0,0.145044339,0.56315,0.58807,0.6787,0.74731,0.98351
NC_000017.11:43092411:C:T,BRCA1,0,0.00127,0.1194,14.02,0.59561,0.11918,0.0799,0.69279,0.31496,0.09869,0.2984,0.04184,0.2363,,0.55327,0.25539,0.12435,0.16115,0.21325,0.0,0.235081176,0.66831,0.75534,0.7185,0.74731,0.93847
NC_000017.11:43092417:T:C,BRCA1,0,0.0001,0.0988,17.09,0.68726,0.21179,0.0799,0.52403,0.22084,0.32703,0.34885,0.07655,0.23789,,0.6446,0.09747,0.1025,0.1394,0.06397,0.0,0.277282673,0.04912,0.84716,0.00011,0.75069,0.92068
NC_000017.11:43092447:C:T,BRCA1,0,0.00098,0.0636,10.04,0.02667,0.15116,0.33146,0.6454,0.01776,0.00216,0.1907,0.00087,0.09344,0.24343,0.00909,0.03677,0.08041,0.18652,0.16112,0.0,0.061172349,0.24759,0.47299,0.24595,0.75069,0.96642
NC_000017.11:43092506:C:T,BRCA1,0,0.00212,0.1313,0.11,0.26097,0.10466,0.0799,0.75078,0.02162,0.03521,0.02742,0.00457,0.17125,0.34071,0.15899,0.03665,0.06018,0.05704,0.06397,0.0,0.088620463,0.42435,0.4084,0.52272,0.75069,0.9812
NC_000017.11:43092508:T:C,BRCA1,0,0.00236,0.0508,0.001,0.19319,0.13232,0.18775,0.73882,0.00017,0.00465,0.02117,0.00344,0.13677,0.31559,0.02321,0.00576,0.00308,0.00908,0.06397,0.0,0.051298725,0.44571,0.38913,0.41504,0.75069,0.98493
NC_000017.11:43092595:G:A,BRCA1,0,0.24921,0.0673,15.48,0.3205,0.15243,0.25628,0.60608,0.08885,0.14485,0.25555,0.01904,0.36105,0.30984,0.06502,0.15646,0.25804,0.32959,0.06397,0.0,0.138721355,0.54555,0.64292,0.61207,0.75069,0.97868
NC_000017.11:43092651:C:T,BRCA1,0,0.68868,0.1145,6.235,0.32175,0.23602,0.9938,0.78424,0.20217,0.20517,0.12027,0.07597,0.3022,0.45448,0.30635,0.44639,0.13552,0.09667,0.06397,0.0,0.151708118,0.63875,0.80905,0.70421,0.75069,0.98805
NC_000017.11:43092757:T:G,BRCA1,0,0.00548,0.0937,0.905,0.40023,0.05364,0.29588,0.66024,0.07785,0.08545,0.10937,0.02961,0.31697,0.34977,0.27866,0.06755,0.08536,0.08461,0.06397,0.0,0.213408917,0.5517,0.47283,0.64471,0.75161,0.97355
NC_000017.11:43092855:A:G,BRCA1,0,0.38598,0.1179,11.61,0.51823,0.14692,0.97127,0.77665,0.16713,0.13051,0.14308,0.0941,0.26792,0.71844,0.46017,0.29476,0.17857,0.49687,0.06397,0.0,0.203124463,0.6031,0.7786,0.77269,0.75161,0.98927
NC_000017.11:43092861:C:A,BRCA1,0,0.05236,0.092,0.029,0.38946,0.04287,0.37861,0.66874,0.00788,0.00899,0.11158,0.00027,0.2384,0.2269,0.09461,0.00766,0.03241,0.04444,0.06397,0.0,0.079866809,0.46721,0.58271,0.53449,0.75161,0.97103
NC_000017.11:43092918:G:A,BRCA1,0,3e-05,0.0424,16.51,0.04059,0.08149,0.0799,0.37379,0.07593,0.01613,0.06342,0.27348,0.09508,,4e-05,0.67276,0.58681,0.57633,0.71708,0.01,0.006012007,0.42951,0.45068,0.00011,0.75161,0.89455
NC_000017.11:43092933:C:T,BRCA1,0,0.87684,0.1865,26.2,0.91185,0.42645,0.6678,0.90727,0.85719,0.47694,0.34915,0.34068,0.7221,0.90978,0.87303,0.70272,0.63226,0.53042,0.4147,0.0,0.864726102,0.93234,0.89692,0.92037,0.75161,0.99702
NC_000017.11:43092934:G:A,BRCA1,0,0.92551,0.2416,27.7,0.9205,0.47723,0.72989,0.95236,0.86498,0.7765,0.38177,0.40381,0.66978,0.93882,0.92016,0.70272,0.52675,0.83191,0.71708,0.0,0.820835139,0.94312,0.90754,0.92821,0.75161,0.99879
NC_000017.11:43092946:T:C,BRCA1,0,0.70976,0.1104,24.2,0.73096,0.19378,0.41989,0.93757,0.65491,0.57126,0.41943,0.08242,0.48685,0.87446,0.89409,0.47014,0.46983,0.48111,0.4031,0.0,0.718345829,0.84987,0.87802,0.91589,0.75161,0.99633
NC_000017.11:43092964:A:G,BRCA1,0,0.00274,0.1695,22.5,0.71524,0.13982,0.01748,0.94028,0.57196,0.45067,0.16765,0.51071,0.55901,0.85579,0.74103,0.4639,0.51142,0.29536,0.71708,0.0,0.397867319,0.87926,0.83217,0.84878,0.75161,0.99412
NC_000017.11:43093008:C:T,BRCA1,0,0.00493,0.056,1.087,0.06187,0.02497,0.59943,0.70034,0.00616,0.00549,0.10338,0.01798,0.08194,0.25923,0.00064,0.12107,0.17687,0.20308,0.1381,0.0,0.015915318,0.49726,0.44402,0.18562,0.75161,0.97065
NC_000017.11:43093009:G:A,BRCA1,0,0.00186,0.0844,16.92,0.33064,0.06115,0.01748,0.67428,0.14782,0.10069,0.43194,0.0207,0.27975,0.58157,0.20114,0.32199,0.33781,0.39352,0.16112,0.0,0.160226291,0.51374,0.78584,0.48042,0.75161,0.98176
NC_000017.11:43093053:G:T,BRCA1,0,0.44568,0.1181,14.9,0.60921,0.14063,0.583,0.81155,0.36578,0.46246,0.15465,0.03669,0.32011,0.68094,0.90217,0.23196,0.16818,0.22551,0.06397,0.0,0.619482187,0.7539,0.84087,0.86654,0.75239,0.99356
NC_000017.11:43093072:T:C,BRCA1,0,0.00061,0.0703,7.13,0.33969,0.07709,0.0799,0.53858,0.04191,0.31735,0.10709,0.03926,0.1842,0.22519,0.49971,0.21508,0.10713,0.17517,0.2326,0.0,0.152831668,0.53963,0.78557,0.29994,0.75239,0.96957
NC_000017.11:43093102:T:A,BRCA1,0,0.53005,0.1101,20.5,0.76697,0.07205,0.62313,0.75759,0.48344,0.43075,0.40377,0.25942,0.26702,0.74877,0.89203,0.50337,0.28469,0.29384,0.18616,0.0,0.689908999,0.80311,0.87596,0.88477,0.75239,0.99364
NC_000017.11:43093118:C:G,BRCA1,0,0.32626,0.1291,2.997,0.49014,0.16571,0.4448,0.73739,0.1438,0.28574,0.21205,0.02518,0.29271,0.59886,0.73897,0.04764,0.06222,0.10443,0.15309,0.0,0.344278801,0.6237,0.7414,0.73306,0.75498,0.98663
NC_000017.11:43093179:G:A,BRCA1,0,0.4137,0.1879,24.1,0.533,0.2562,0.6678,0.85804,0.76657,0.56748,0.36165,0.19972,0.41746,0.95831,0.87533,0.76609,0.50711,0.81288,0.42797,0.0,0.748220314,0.9364,0.89691,0.95293,0.75582,0.99792
NC_000017.11:43093215:A:G,BRCA1,0,0.40463,0.3186,20.3,0.66558,0.14251,0.66053,0.86166,0.41306,0.36629,0.20286,0.17656,0.26328,0.94516,0.8515,0.35473,0.38654,0.48009,0.28818,0.0,0.565125311,0.79135,0.88259,0.88477,0.75582,0.99765
NC_000017.11:43093363:T:C,BRCA1,0,0.00164,0.0987,6.669,0.4587,0.05076,0.52975,0.6815,0.09725,0.37381,0.21003,0.0745,0.25796,0.44795,0.35383,0.03847,0.0757,0.06324,0.06397,0.0,0.154837839,0.56648,0.76502,0.61593,0.75675,0.98404
NC_000017.11:43093453:C:T,BRCA1,0,0.00021,0.0749,7.114,0.20346,0.07524,0.01748,0.34466,0.12852,0.08206,0.07563,0.02072,0.24557,,0.11102,0.20346,0.17263,0.048,0.06397,0.0,0.136963578,0.40659,0.4714,0.09525,0.75675,0.92291
NC_000017.11:43093528:G:A,BRCA1,0,0.28956,0.1148,7.588,0.44904,0.21435,0.55722,0.77408,0.21833,0.09164,0.33002,0.17329,0.22761,0.89386,0.57551,0.25758,0.17126,0.27997,0.18616,0.0,0.183091647,0.75014,0.70864,0.84592,0.7574,0.99395
NC_000017.11:43093665:G:A,BRCA1,0,0.42152,0.1351,18.76,0.69969,0.23694,0.60746,0.82027,0.26543,0.15852,0.3171,0.0971,0.38483,0.78294,0.85242,0.2201,0.34204,0.35987,0.17103,0.0,0.415171171,0.78329,0.84938,0.83766,0.7581,0.99726
NC_000017.11:43093741:C:T,BRCA1,0,0.60057,0.2525,24.4,0.69186,0.38294,0.5103,0.86012,0.6406,0.44847,0.2496,0.30474,0.31898,0.93871,0.83124,0.4609,0.32486,0.39693,0.24771,0.0,0.615732153,0.92045,0.82715,0.90504,0.76196,0.99849
NC_000017.11:43093827:G:A,BRCA1,0,0.26252,0.0744,15.44,0.39431,0.10574,0.55722,0.71795,0.21126,0.09551,0.02948,0.06486,0.30017,0.76084,0.54858,0.47014,0.37347,0.26737,0.18233,0.0,0.341026576,0.88591,0.70669,0.9351,0.76257,0.98567
NC_000017.11:43093875:C:A,BRCA1,0,0.66546,0.0985,12.76,0.71975,0.08462,0.94846,0.78612,0.07063,0.40925,0.08952,0.01033,0.26024,0.48063,0.86615,0.16753,0.08219,0.08005,0.06397,0.0,0.434961056,0.92684,0.83028,0.96533,0.76257,0.98932
NC_000017.11:43093882:T:G,BRCA1,0,0.18853,0.0967,18.11,0.49715,0.0797,0.41989,0.67971,0.3762,0.30169,0.26336,0.02525,0.31925,0.95275,0.90845,0.20884,0.14913,0.2136,0.06397,0.0,0.692409145,0.91837,0.86067,0.97794,0.76257,0.99067
NC_000017.11:43093914:G:A,BRCA1,0,0.00307,0.0553,1.226,0.24931,0.13466,0.34793,0.76095,0.01732,0.00173,0.32324,0.01336,0.15337,0.1976,0.00389,0.12921,0.12269,0.13166,0.06397,0.0,0.045511521,0.42371,0.43224,0.54792,0.76257,0.96214
NC_000017.11:43093996:G:A,BRCA1,0,0.79323,0.2701,25.1,0.77581,0.24198,0.5103,0.89879,0.70833,0.51672,0.31012,0.21793,0.46906,0.96454,0.94693,0.56929,0.52922,0.77121,0.39528,0.0,0.844708123,0.92048,0.89644,0.9759,0.76257,0.99792
NC_000017.11:43094043:C:T,BRCA1,0,0.15148,0.0634,0.017,0.31456,0.0551,0.01748,0.81273,0.0026,0.00041,0.28385,0.00226,0.12555,0.2265,0.13572,0.00683,0.0051,0.02422,0.06397,0.0,0.074750715,0.67558,0.39491,0.74382,0.76257,0.98243
NC_000017.11:43094044:G:A,BRCA1,0,0.20715,0.0797,4.7,0.43973,0.0692,0.37861,0.82427,0.10096,0.2536,0.33305,0.00259,0.24875,0.54875,0.28695,0.12125,0.0912,0.15951,0.06397,0.0,0.083473147,0.6818,0.62031,0.84985,0.76257,0.99159
NC_000017.11:43094074:A:G,BRCA1,0,0.08959,0.3568,0.019,0.04606,0.03882,0.34793,0.82256,0.00786,0.00367,0.0381,0.0192,0.23197,0.54836,0.54858,0.04164,0.04102,0.11,0.06397,0.0,0.126292297,0.61784,0.60527,0.84873,0.76257,0.99218
NC_000017.11:43094103:T:C,BRCA1,0,0.00382,0.0886,12.83,0.28368,0.08613,0.6973,0.82769,0.15946,0.30254,0.17727,0.17752,0.27395,0.80912,0.5418,0.10858,0.1193,0.08703,0.18616,0.0,0.171045655,0.79058,0.8187,0.8784,0.76257,0.99702
NC_000017.11:43094137:A:C,BRCA1,0,0.99618,0.9158,25.1,0.92059,0.48587,0.95536,0.9892,0.82812,0.91482,0.49175,0.31384,0.72077,0.98536,0.94488,0.55841,0.68575,0.91626,0.42797,0.0,0.872190149,0.98989,0.91126,0.99017,0.76257,0.99978
NC_000017.11:43094147:A:T,BRCA1,0,0.93073,0.9773,21.6,0.95034,0.23808,0.6678,0.95199,0.60778,0.84784,0.52571,0.4667,0.50455,0.98541,0.94488,0.19155,0.39015,0.3123,0.71708,0.0,0.87429639,0.98414,0.91182,0.98814,0.76257,0.99966
NC_000017.11:43094297:A:C,BRCA1,0,0.19083,0.1223,0.27,0.16798,0.0357,0.43258,0.86166,0.03916,0.08127,0.11624,0.03863,0.27279,0.46986,0.08488,0.05732,0.12249,0.12449,0.06397,0.0,0.164702912,0.2321,0.54854,0.13617,0.76413,0.9812
NC_000017.11:43094393:A:C,BRCA1,0,0.00368,0.3469,22.2,0.75908,0.23062,0.53912,0.94182,0.78462,0.63644,0.52501,0.33479,0.53595,0.97965,0.94359,0.42471,0.43237,0.27665,0.71708,0.0,0.794464539,0.93749,0.89102,0.9697,0.76331,0.99864
NC_000017.11:43094463:T:C,BRCA1,0,0.0004,0.1088,19.63,0.72397,0.04101,0.0799,0.72559,0.42734,0.21059,0.15485,0.05916,0.37673,,0.92068,0.41704,0.4407,0.38788,0.4031,0.0,0.677508906,0.5211,0.839,0.29586,0.76331,0.96859
NC_000017.11:43094494:G:A,BRCA1,0,0.00909,0.0854,0.266,0.35944,0.08864,0.96289,0.79169,0.04168,0.15081,0.03064,0.00317,0.18835,0.3266,0.44725,0.15009,0.21623,0.32746,0.1381,0.0,0.143469548,0.64665,0.79925,0.83365,0.76331,0.9884
NC_000017.11:43094529:G:A,BRCA1,0,0.43557,0.1024,12.5,0.44293,0.14179,0.59943,0.75078,0.27412,0.20983,0.04676,0.02863,0.19812,0.77516,0.72587,0.24462,0.29182,0.2773,0.1381,0.0,0.250728901,0.7313,0.83234,0.83264,0.76331,0.99289
NC_000017.11:43094584:T:C,BRCA1,0,0.67626,0.1502,23.2,0.58909,0.17415,0.53912,0.91423,0.65669,0.50173,0.26728,0.12997,0.35263,0.9821,0.93829,0.40834,0.25978,0.47123,0.28343,0.0,0.720046201,0.99023,0.83046,0.98804,0.76257,0.99849
NC_000017.11:43094707:C:T,BRCA1,0,0.01163,0.1854,24.8,0.84738,0.19114,0.61535,0.87075,0.7822,0.52233,0.05069,0.22288,0.58198,0.95255,0.86274,0.45358,0.44334,0.37813,0.71708,0.06,0.805173892,0.94477,0.82809,0.94549,0.76257,0.99655
NC_000017.11:43094719:C:T,BRCA1,0,0.02724,0.1523,19.09,0.50556,0.18906,0.96289,0.81796,0.53439,0.07411,0.31018,0.11331,0.25248,0.84184,0.81705,0.45358,0.17422,0.21601,0.22619,0.0,0.597488584,0.90406,0.60845,0.91596,0.76257,0.99289
NC_000017.11:43094794:A:C,BRCA1,0,0.17985,0.0782,7.817,0.53642,0.09929,0.56598,0.81565,0.33477,0.01292,0.21535,0.01715,0.22363,0.96085,0.57551,0.27384,0.06862,0.14559,0.06397,0.0,0.502201356,0.92614,0.48559,0.96041,0.76475,0.98616
NC_000017.11:43094814:T:C,BRCA1,0,0.21049,0.0737,1.25,0.40746,0.23221,0.36362,0.84105,0.19591,0.0424,0.13772,0.07426,0.27489,0.84734,0.43089,0.07562,0.04704,0.08466,0.16672,0.0,0.221168087,0.39183,0.53548,0.37613,0.76475,0.96756
NC_000017.11:43095874:T:C,BRCA1,0,0.21737,0.0811,9.438,0.31177,0.31369,0.50018,0.83221,0.0566,0.06205,0.16276,0.08061,0.33312,0.58556,0.29148,0.11684,0.15574,0.15488,0.15309,0.23,0.18840614,0.81944,0.37341,0.9132,0.77522,0.96754
NC_000017.11:43097265:C:T,BRCA1,0,0.00254,0.075,12.71,0.42405,0.27219,0.45658,0.80204,0.12868,0.03907,0.25893,0.13199,0.31511,0.70007,0.41586,0.24042,0.35239,0.13994,0.23552,0.01,0.708752826,0.85288,0.55883,0.91274,0.77934,0.9754
NC_000017.11:43097279:G:T,BRCA1,0,0.00228,0.3649,28.4,0.91502,0.57307,0.23472,0.92474,0.79772,0.66413,0.53594,0.39452,0.72908,0.96689,0.73732,0.65136,0.57379,0.92925,0.71708,0.04,0.855189914,0.95704,0.58384,0.98828,0.77934,0.99364
NC_000017.11:43099785:T:C,BRCA1,0,0.67904,0.1781,23.5,0.74984,0.32372,0.583,0.91551,0.69737,0.47144,0.14104,0.60297,0.66916,0.9622,0.73732,0.70547,0.5214,0.37969,0.71708,0.0,0.782517664,0.9837,0.69203,0.97933,0.78136,0.99296
NC_000017.11:43099813:G:A,BRCA1,0,0.13186,0.0909,19.03,0.14503,0.2425,0.39295,0.77084,0.0954,0.04329,0.59518,0.01959,0.46847,0.5838,0.0196,0.23891,0.25207,0.38607,0.20191,0.03,0.177834118,0.80608,0.41406,0.86878,0.78136,0.96071
NC_000017.11:43104135:C:T,BRCA1,0,0.2164,0.0801,18.4,0.66389,0.37983,0.47906,0.79414,0.26401,0.03874,0.41116,0.12678,0.31407,0.8614,0.37687,0.36655,0.40005,0.2809,0.30793,0.01,0.211665773,0.90534,0.49899,0.95897,0.78635,0.9822
NC_000017.11:43104137:G:T,BRCA1,0,0.2871,0.1177,16.89,0.59569,0.35696,0.71705,0.82084,0.25653,0.29539,0.31726,0.04081,0.20247,0.81616,0.70268,0.27384,0.24521,0.42591,0.24662,0.0,0.420819603,0.7755,0.59365,0.868,0.78635,0.97919
NC_000017.11:43104166:G:T,BRCA1,0,0.61119,0.5123,13.79,0.64842,0.38926,0.76691,0.87273,0.33771,0.46949,0.04296,0.51867,0.55132,0.90886,0.73732,0.277,0.31692,0.21233,0.71708,0.0,0.6777739,0.57557,0.68159,0.61848,0.78635,0.97691
NC_000017.11:43104248:T:C,BRCA1,0,0.48493,0.0908,19.17,0.63702,0.39697,0.52014,0.85804,0.54238,0.15832,0.28974,0.23569,0.33589,0.97297,0.6869,0.49132,0.33496,0.2897,0.30326,0.0,0.505222844,0.90304,0.60644,0.96479,0.78635,0.98815
NC_000017.11:43106468:C:A,BRCA1,0,0.34327,0.2168,18.03,0.81214,0.43566,0.50018,0.87125,0.3041,0.58862,0.50467,0.29091,0.35441,0.86238,0.31599,0.08485,0.13726,0.12978,0.32925,0.19,0.141660405,0.80865,0.48242,0.88225,0.78841,0.98344
NC_000017.11:43115726:T:G,BRCA1,0,0.60377,0.5107,25.7,0.70535,0.55047,0.56598,0.82598,0.48684,0.7255,0.71048,0.3054,0.72964,0.88441,0.07955,0.96931,0.53357,0.69647,0.71708,0.06,,0.92015,0.76575,0.91359,0.78512,0.9816
NC_000017.11:58695160:G:A,RAD51C,0,0.00261,0.1165,21.8,0.3729,0.49395,0.31413,0.28969,0.56036,0.40296,0.52788,0.05647,0.62951,0.74293,0.66768,0.37434,0.68933,0.48057,0.71708,0.03,0.225407218,0.55829,0.53203,0.53026,0.71492,0.47448
NC_000017.11:58720766:A:G,RAD51C,0,0.00263,0.6362,25.4,0.74629,0.80343,0.36362,0.38376,0.70378,0.85144,0.70019,0.56776,0.53887,0.76161,0.60379,0.6809,0.62958,0.88038,0.71708,0.01,0.709601436,0.43895,0.70212,0.42612,0.7278,0.98379
NC_000017.11:61744452:T:C,BRIP1,0,0.00207,0.061,2.423,0.24224,0.50446,0.01748,0.41992,0.265,0.07615,0.72133,0.15035,0.28485,0.66903,0.16257,0.3622,0.32367,0.05518,0.31496,0.0,0.180690161,0.49294,0.76748,0.50049,0.97533,0.68239
NC_000017.11:61793636:T:C,BRIP1,0,0.00186,0.0926,22.3,0.50717,0.60876,0.16233,0.67791,0.57547,0.35459,0.78677,0.38825,0.53737,0.8328,0.5584,0.72847,0.66147,0.5349,0.4031,0.0,0.3466488,0.6534,0.51118,0.70042,0.97724,0.8364
NC_000017.11:61847143:A:G,BRIP1,0,0.00085,0.0562,5.175,0.12268,0.47142,0.36362,0.29214,0.06339,0.02527,0.24575,0.17889,0.05561,0.39797,0.1892,0.13297,0.20179,0.38633,0.26268,0.0,0.162528213,0.45485,0.32799,0.48457,0.97782,0.74721
NC_000017.11:61847150:C:T,BRIP1,0,0.00121,0.0638,0.028,0.05794,0.1361,0.01748,0.20566,0.01051,9e-05,0.2059,0.02075,0.00917,0.27962,0.48504,0.00911,0.05944,0.09036,0.06397,0.0,0.118648092,0.42166,0.38854,0.54589,0.97782,0.70399
NC_000017.11:61849205:C:T,BRIP1,0,0.00174,0.0993,21.2,0.46144,0.39227,0.10826,0.37379,0.64154,0.05951,0.17391,0.24562,0.24141,0.63216,0.77977,0.65662,0.37861,0.33899,0.71708,0.0,0.209112361,0.58924,0.49592,0.4764,0.97782,0.83912
NC_000019.10:1223125:C:G,STK11,0,0.05003,0.5728,0.057,0.38172,0.18665,0.4067,0.40501,0.00679,0.13956,0.17861,0.40107,0.19696,0.37406,0.46017,0.012,0.03403,0.0247,0.18616,0.0,0.113840174,0.33641,0.78093,0.13488,0.07754,0.98667
NC_000022.11:28695158:A:C,CHEK2,0,0.0018,0.546,25.8,0.6335,0.81831,0.7609,0.3778,0.42874,0.68054,0.42656,0.50198,0.90047,0.67689,0.16878,0.95237,0.79081,0.88452,0.71708,0.0,,0.45989,0.35148,0.30026,0.78841,0.85604
NC_000022.11:28734467:G:A,CHEK2,0,0.00101,0.0792,18.34,0.38577,0.25615,0.18775,0.28476,0.31157,0.01378,0.49077,0.29341,0.25595,0.95822,0.43659,0.19274,0.19686,0.5584,0.33433,0.0,,0.82774,0.43397,0.87618,0.80385,0.95865
NC_000010.11:87862429:A:G,PTEN,0,,,10.24,,,,,,,,,,,,,,,,,,,,,,
NC_000010.11:87863956:G:T,PTEN,0,,,18.77,,,,,,,,,,,,,,,,0.0,,,,,,
NC_000010.11:87863958:G:A,PTEN,0,,,20.4,,,,,,,,,,,,,,,,0.0,,,,,,
NC_000010.11:87864003:G:A,PTEN,0,,,15.12,,,,,,,,,,,,,,,,0.0,,,,,,
NC_000010.11:87864140:C:T,PTEN,0,,,20.4,,,,,,,,,,,,,,,,0.0,,,,,,
NC_000010.11:87864179:A:T,PTEN,0,,,20.6,,,,,,,,,,,,,,,,0.0,,,,,,
NC_000010.11:87864185:C:T,PTEN,0,,,16.22,,,,,,,,,,,,,,,,0.0,,,,,,
NC_000010.11:87864217:T:C,PTEN,0,,,17.38,,,,,,,,,,,,,,,,0.0,,,,,,
NC_000010.11:87864457:A:T,PTEN,0,,,17.92,,,,,,,,,,,,,,,,0.0,,,,,,
NC_000010.11:87960983:C:G,PTEN,0,0.28497,0.0664,18.98,0.80406,0.61592,0.52975,0.52699,0.38488,0.41682,0.35675,0.47142,0.55297,0.70532,0.23289,0.69713,0.46848,0.41131,0.71708,0.01,0.117638887,0.84498,0.8409,0.88871,0.24628,0.96953
NC_000011.10:108227778:G:C,ATM,0,0.45966,0.3735,26.2,0.78976,0.35384,0.25628,0.41992,0.68099,0.52269,0.42544,0.20451,0.74231,0.86874,0.54858,0.51809,0.91851,0.93299,0.71708,0.0,0.576488755,0.64998,0.28252,0.6477,0.94988,0.97324
NC_000011.10:108227826:C:T,ATM,0,0.09079,0.0788,19.46,0.42643,0.11863,0.0799,0.08325,0.11583,0.07975,0.09664,0.31346,0.1978,0.67015,0.34783,0.16828,0.42433,0.24892,0.71708,0.0,0.14494971,0.33035,0.28227,0.17231,0.94988,0.93408
NC_000011.10:108243958:T:A,ATM,0,0.30968,0.1372,23.2,0.55309,0.24508,0.18775,0.13523,0.41073,0.22367,0.32701,0.32001,0.16617,0.86611,0.40981,0.51998,0.4842,0.5339,0.39528,0.0,0.253635899,0.17757,0.34438,0.16637,0.94944,0.95376
NC_000011.10:108244064:C:A,ATM,0,0.42356,0.2669,14.37,0.55691,0.09885,0.4067,0.19353,0.39344,0.05937,0.1073,0.41333,0.36773,0.84895,0.47448,0.5238,0.40871,0.17218,0.71708,0.0,0.234983646,0.10283,0.3735,0.23743,0.94944,0.96033
NC_000011.10:108244101:G:A,ATM,0,0.40661,0.1906,22.7,0.49008,0.30347,0.55722,0.27472,0.49556,0.42322,0.1922,0.34527,0.52555,0.95698,0.53539,0.78654,0.73646,0.8164,0.71708,0.0,0.220993969,0.19593,0.39568,0.02983,0.94944,0.95702
NC_000011.10:108250926:T:A,ATM,0,0.88129,0.8908,25.8,0.92499,0.84031,0.75482,0.86724,0.8473,0.6908,0.54315,0.67874,0.75338,0.97742,0.79914,0.91072,0.81223,0.53868,0.71708,0.04,0.835715851,0.75335,0.84045,0.72866,0.94944,0.99633
NC_000011.10:108251896:A:C,ATM,0,0.13694,0.1757,13.0,0.49632,0.16396,0.37861,0.04585,0.14486,0.24651,0.2341,0.23352,0.06531,0.74993,0.70568,0.38915,0.21687,0.37805,0.22172,0.0,0.232843077,0.27921,0.36923,0.37638,0.94944,0.92711
NC_000011.10:108251974:C:G,ATM,0,0.29491,0.4506,15.29,0.17296,0.14777,0.37861,0.61305,0.1672,0.16304,0.04135,0.20588,0.15328,0.83192,0.16878,0.25612,0.26953,0.26302,0.25905,0.0,0.212928822,0.21846,0.34505,0.35353,0.94944,0.96222
NC_000011.10:108251988:G:C,ATM,0,0.15746,0.0992,19.51,0.3577,0.14822,0.25628,0.18106,0.17611,0.21348,0.11684,0.05802,0.38947,0.6439,0.16878,0.39862,0.54808,0.57179,0.71708,0.08,0.12935577,0.16465,0.38503,0.26946,0.94944,0.95043
NC_000011.10:108252005:A:G,ATM,0,0.06468,0.0705,3.749,0.35687,0.1403,0.4067,0.14198,0.12571,0.05341,0.19983,0.07522,0.02471,0.63064,0.19052,0.19214,0.1229,0.22535,0.06397,0.07,0.080621063,0.22139,0.34826,0.36705,0.94944,0.93392
NC_000011.10:108253842:T:C,ATM,0,0.00627,0.0497,16.95,0.28123,0.19438,0.25628,0.30884,0.07158,0.40624,0.32728,0.01207,0.00521,0.65707,0.00417,0.35578,0.15819,0.26173,0.06397,0.1,0.087018443,0.44113,0.27454,0.007,0.94944,0.9578
NC_000011.10:108253992:G:A,ATM,0,0.01803,0.0584,0.1,0.0394,0.28684,0.45658,0.33596,0.01779,0.23952,0.10395,0.23694,0.0036,0.41929,0.00655,0.02476,0.12735,0.1739,0.2724,0.0,0.071615174,0.42261,0.27428,0.31989,0.94944,0.95324
NC_000011.10:108254033:T:A,ATM,0,0.0847,0.0867,10.49,0.48309,0.07833,0.23472,0.58174,0.1836,0.26405,0.23751,0.15726,,0.74223,0.6869,0.42991,0.10088,0.12849,0.20996,0.0,0.149160413,0.4931,0.30529,0.64831,0.94944,0.94444
NC_000011.10:108267248:G:A,ATM,0,0.05546,0.0823,12.67,0.46216,0.11508,0.18775,0.09022,0.12259,0.01138,0.34168,0.04231,0.04151,0.67826,0.20114,0.25394,0.31252,0.29659,0.26406,0.0,0.168678526,0.42797,0.37319,0.01493,0.9426,0.97798
NC_000011.10:108267277:T:G,ATM,0,0.3767,0.5653,9.896,0.5643,0.32393,0.18775,0.34033,0.22771,0.29079,0.05078,0.45784,0.14126,0.96168,0.65215,0.23196,0.23233,0.1706,0.31614,0.0,0.51625127,0.34066,0.45058,0.03549,0.9426,0.98523
NC_000011.10:108267287:C:A,ATM,0,0.12251,0.066,0.097,0.37268,0.11669,0.41989,0.09022,0.06892,0.01551,0.08837,0.02348,0.05052,0.68788,0.48917,0.04663,0.03646,0.04556,0.06397,0.0,0.120823905,0.48315,0.30657,0.0189,0.9426,0.96779
NC_000011.10:108267300:T:G,ATM,0,0.11336,0.0907,15.76,0.55206,0.23018,0.34793,0.25114,0.08211,0.03431,0.12655,0.1357,0.13037,0.67657,0.33178,0.1176,0.27529,0.14572,0.1381,0.0,0.169662013,0.48901,0.36082,0.02535,0.9426,0.97892
NC_000011.10:108272772:C:T,ATM,0,0.25893,0.1175,10.06,0.34619,0.33858,0.57458,0.28723,0.19926,0.13278,0.06512,0.07776,0.13882,0.72249,0.32428,0.31137,0.17068,0.24008,0.19449,0.0,0.212761542,0.53429,0.40686,0.5798,0.9426,0.99212
NC_000011.10:108284442:G:T,ATM,0,0.10868,0.1897,9.267,0.59256,0.17423,0.27662,0.04263,0.18142,0.10642,0.02876,0.09924,0.32362,0.75349,0.33368,0.20643,0.24985,0.16677,0.31868,0.0,0.099399183,0.17818,0.27278,0.41482,0.9426,0.96781
NC_000011.10:108287702:G:A,ATM,0,0.23369,0.0807,4.701,0.28469,0.19644,0.13577,0.15198,0.12645,0.10736,0.05804,0.23213,0.24466,0.7044,0.61831,0.24958,0.1252,0.27105,0.06397,0.0,0.074692247,0.24631,0.37007,0.19854,0.9426,0.96415
NC_000011.10:108289798:A:T,ATM,0,0.28887,0.1282,23.7,0.44999,0.24031,0.53912,0.27977,0.37332,0.26082,0.26617,0.0731,0.35969,0.77754,0.16878,0.50697,0.51839,0.48858,0.71708,0.03,0.09646349,0.11033,0.37186,0.33995,0.9426,0.97192
NC_000011.10:108293403:A:T,ATM,0,0.0674,0.0822,13.48,0.4203,0.35527,0.37861,0.23466,0.19096,0.34368,0.00505,0.22565,0.14128,0.72964,0.28627,0.33732,0.25237,0.21618,0.2352,0.03,0.169635349,0.46562,0.28499,0.01082,0.9422,0.95874
NC_000011.10:108301775:C:A,ATM,0,0.41041,0.18,22.9,0.6936,0.33003,0.43258,0.73739,0.35386,0.28499,0.28888,0.31165,0.4304,0.84571,0.51196,0.6114,0.41744,0.50828,0.71708,0.29,0.145977702,0.56226,0.38348,0.70404,0.9422,0.94651
NC_000011.10:108302886:C:A,ATM,0,0.41009,0.0907,19.06,0.45914,0.28904,0.41989,0.3135,0.31945,0.09739,0.21839,0.0725,0.14663,0.84519,0.6869,0.48281,0.3046,0.13536,0.26277,0.0,0.572238343,0.496,0.60313,0.57928,0.9422,0.94662
NC_000011.10:108302999:A:G,ATM,0,0.06361,0.0659,9.995,0.3422,0.08147,0.25628,0.34681,0.13008,0.06528,0.19853,0.22895,0.07118,0.65335,0.04097,0.0799,0.31558,0.28912,0.71708,0.09,0.041895184,0.37175,0.29791,0.43982,0.9422,0.91682
NC_000011.10:108304797:C:T,ATM,0,0.21101,0.0571,15.99,0.03819,0.07351,0.18775,0.34466,0.07737,0.13833,0.28547,0.05339,0.03509,0.70696,0.00124,0.5238,0.52986,0.32094,0.71708,0.0,0.077169005,0.31088,0.33908,0.34104,0.9422,0.89041
NC_000011.10:108312473:A:T,ATM,0,0.38281,0.3762,22.6,0.67885,0.45914,0.59128,0.15198,0.29369,0.25735,0.19784,0.45314,0.4825,0.79562,0.63625,0.32481,0.56865,0.5723,0.71708,0.02,,0.60281,0.34122,0.02186,0.9422,0.86161
NC_000011.10:108315882:G:C,ATM,0,0.85022,0.4184,24.8,0.87637,0.70154,0.56598,0.79169,0.85741,0.80067,0.63767,0.61886,0.82669,0.96347,0.74822,0.75666,0.96862,0.95754,0.71708,0.0,0.639078094,0.02367,0.47754,0.08842,0.9422,0.94457
NC_000011.10:108325389:G:A,ATM,0,0.23795,0.0891,23.0,0.47437,0.1305,0.29588,0.25384,0.26136,0.1922,0.278,0.17375,0.1679,0.79149,0.56872,0.35054,0.36062,0.47966,0.28423,0.66,0.531413806,0.38054,0.29664,0.51819,0.94147,0.93307
NC_000011.10:108325453:G:T,ATM,0,0.17452,0.1193,17.12,0.16763,0.24074,0.47906,0.12842,0.13946,0.1732,0.15995,0.09477,0.18507,0.82987,0.46601,0.25249,0.38214,0.42771,0.71708,0.0,,0.55288,0.30962,0.01422,0.94147,0.94859
NC_000011.10:108327646:C:G,ATM,0,0.28915,0.0985,23.4,0.20633,0.07528,0.59943,0.54846,0.18093,0.03474,0.17371,0.28809,0.27427,0.79668,0.36205,0.52945,0.29484,0.2722,0.71708,0.88,,0.5608,0.31923,0.68328,0.94147,0.96084
NC_000011.10:108329039:A:G,ATM,0,0.20621,0.0567,11.53,0.24869,0.03001,0.31413,0.33376,0.14212,0.01459,0.03549,0.13443,0.07902,0.67059,0.0196,0.24042,0.24283,0.31869,0.4147,0.04,0.055882255,0.19309,0.25929,0.27531,0.94147,0.9396
NC_000011.10:108329057:G:A,ATM,0,0.12585,0.072,6.295,0.08707,0.06275,0.33146,0.38178,0.09636,0.0918,0.25608,0.0711,0.14984,0.66908,0.06502,0.06138,0.20044,0.06494,0.32967,0.07,,0.50156,0.35517,0.58303,0.94147,0.94976
NC_000011.10:108330409:G:A,ATM,0,0.18493,0.0732,19.42,0.49109,0.1188,0.54827,0.44327,0.23367,0.11327,0.04816,0.09647,0.38997,0.77188,0.10037,0.3267,0.54949,0.47221,0.71708,0.02,0.060175257,0.40504,0.26531,0.5249,0.94147,0.95158
NC_000011.10:108334990:G:A,ATM,0,0.03873,0.0634,1.468,0.30689,0.29445,0.27662,0.55947,0.01747,0.36107,0.01769,0.03196,0.09489,0.55271,0.00521,0.02111,0.23126,0.16757,0.35427,0.0,0.039320982,0.50034,0.27575,0.37188,0.94119,0.86913
NC_000011.10:108365158:T:G,ATM,0,0.41148,0.1048,12.6,0.57946,0.21133,0.57458,0.4772,0.16805,0.64483,0.08643,0.35817,0.40721,0.7951,0.54858,0.05083,0.20493,0.12939,0.4031,0.0,0.162959176,0.48028,0.36068,0.02941,0.86593,0.88612
NC_000011.10:108365448:C:A,ATM,0,0.66561,0.1879,24.6,0.8353,0.72566,0.80747,0.90551,0.86757,0.74423,0.42563,0.7831,0.66921,0.96446,0.7741,0.68631,0.68875,0.5116,0.71708,0.0,0.622395767,0.9013,0.5584,0.8893,0.86345,0.96047
NC_000013.11:32326142:T:A,BRCA2,0,0.1057,0.1063,7.505,,0.03942,0.13577,0.68327,0.0518,,0.09493,0.07975,0.05405,0.70472,0.00167,0.1603,0.27133,0.28716,0.36691,0.03,,0.38978,0.40788,0.00252,0.43647,0.98117
NC_000013.11:32326517:A:G,BRCA2,0,0.01987,0.0774,8.834,,0.19195,0.25628,0.65636,0.10323,,0.07439,0.18086,0.02415,0.72396,0.14367,0.08351,0.19738,0.18937,0.34611,0.01,,0.43301,0.43123,0.00284,0.44506,0.98269
NC_000013.11:32329473:T:G,BRCA2,0,0.6893,0.5503,18.33,,0.1845,0.23472,0.44677,0.39251,,0.05234,0.40661,0.14158,0.87097,0.50681,0.47481,0.32759,0.33948,0.29285,0.0,,0.53129,0.51405,0.01457,0.46538,0.99079
NC_000013.11:32330998:A:T,BRCA2,0,0.31933,0.1499,14.88,,0.13792,0.16233,0.51351,0.21758,,0.25933,0.11284,0.29734,0.8154,0.40154,0.36113,0.32806,0.36045,0.3092,0.0,,0.47398,0.5373,0.00952,0.47415,0.98504
NC_000013.11:32332273:T:C,BRCA2,0,0.02918,0.4205,6.443,,0.08771,0.27662,0.69701,0.06314,,0.06407,0.07966,0.16207,0.77473,0.01215,0.22861,0.15119,0.18494,0.27579,0.0,,0.34113,0.41928,0.00314,0.48278,0.98224
NC_000013.11:32332342:A:C,BRCA2,0,0.00017,0.0858,16.16,,0.11461,0.13577,0.24844,0.23464,,0.2895,0.06103,0.05188,,0.49425,0.2354,0.22371,0.21584,0.24888,0.0,,0.50095,0.58684,0.00073,0.48278,0.9531
NC_000013.11:32332345:G:C,BRCA2,0,0.25652,0.1558,8.517,,0.20211,0.18775,0.49965,0.10227,,0.09353,0.0665,0.11957,0.73477,0.38946,0.09504,0.21559,0.15337,0.19076,0.0,,0.46757,0.61198,0.00952,0.48278,0.98981
NC_000013.11:32332385:C:T,BRCA2,0,0.31018,0.1672,19.44,,0.13754,0.10826,0.41438,0.22949,,0.29756,0.12441,0.06588,0.83315,0.39213,0.3305,0.32271,0.45296,0.27069,0.0,,0.43807,0.53225,0.0125,0.48278,0.98667
NC_000013.11:32332427:C:G,BRCA2,0,0.22736,0.0563,0.175,,0.27763,0.18775,0.35529,0.08359,,0.05774,0.1258,0.11608,0.77733,0.42446,0.19926,0.02028,0.06869,0.06397,0.03,,0.48077,0.65329,0.00888,0.48278,0.98987
NC_000013.11:32332440:A:C,BRCA2,0,0.47142,0.167,14.88,,0.26762,0.21188,0.44851,0.168,,0.24575,0.08538,0.15468,0.86137,0.42446,0.12967,0.18972,0.40078,0.32306,0.0,,0.50049,0.65868,0.0105,0.48278,0.99318
NC_000013.11:32332549:G:A,BRCA2,0,0.06369,0.0771,0.011,,0.03073,0.21188,0.68327,0.01743,,0.25361,0.01441,0.00235,0.7748,0.0047,0.08734,0.23419,0.16126,0.19332,0.0,,0.40539,0.427,0.00374,0.48278,0.98805
NC_000013.11:32332558:A:G,BRCA2,0,0.24121,0.0698,4.084,,0.02864,0.23472,0.50585,0.21806,,0.2257,0.01926,0.01651,0.88163,0.45274,0.44212,0.30271,0.26119,0.17751,0.0,,0.44585,0.47101,0.0105,0.48278,0.98976
NC_000013.11:32332583:A:G,BRCA2,0,0.11457,0.0664,0.814,,0.03888,0.13577,0.3425,0.01198,,0.06407,0.01984,0.02737,0.73131,0.2375,0.00639,0.0912,0.1521,0.06397,0.0,,0.48057,0.50383,0.0055,0.48278,0.98646
NC_000013.11:32332591:A:C,BRCA2,0,0.00106,0.0699,14.68,,0.05253,0.05031,0.10768,0.17304,,0.27877,0.03811,0.10248,,,0.15519,0.19409,0.28962,0.06397,0.0,,0.40659,0.51128,0.00011,0.48278,0.92052
NC_000013.11:32332594:C:A,BRCA2,0,0.58963,0.0776,17.34,,0.08729,0.23472,0.44502,0.32606,,0.0908,0.07297,0.14003,0.88924,0.50681,0.43124,0.23095,0.31626,0.1381,0.0,,0.42562,0.67293,0.01528,0.48278,0.99341
NC_000013.11:32332601:C:T,BRCA2,0,0.22697,0.0787,7.907,,0.08895,0.16233,0.43797,0.12119,,0.05242,0.0246,0.05615,0.80286,0.24374,0.24462,0.07771,0.12158,0.06397,0.0,,0.47908,0.58674,0.00761,0.48278,0.98998
NC_000013.11:32332606:G:C,BRCA2,0,0.28784,0.093,16.34,,0.07623,0.29588,0.49651,0.34469,,0.18661,0.04306,0.23328,0.88025,0.2229,0.42858,0.53171,0.3526,0.2778,0.0,,0.54632,0.47963,0.00731,0.48278,0.99212
NC_000013.11:32332776:C:A,BRCA2,0,0.01279,0.0973,0.197,,0.0528,0.18775,0.59898,0.00836,,0.1845,0.06221,0.00328,0.60952,0.06502,0.10293,0.21128,0.30433,0.21325,0.0,,0.43496,0.43689,0.00284,0.48278,0.98535
NC_000013.11:32332790:A:T,BRCA2,0,0.23307,0.1026,8.632,,0.15514,0.05031,0.49651,0.07369,,0.23573,0.04194,0.06114,0.73116,0.34783,0.03016,0.0657,0.16195,0.06397,0.0,,0.45539,0.50964,0.00731,0.48278,0.99067
NC_000013.11:32332794:T:A,BRCA2,0,0.13348,0.4759,5.849,,0.09575,0.10826,0.60491,0.04613,,0.07241,0.13277,0.10514,0.75969,0.36205,0.02914,0.04,0.09555,0.06397,0.0,,0.4709,0.49484,0.00639,0.48278,0.98762
NC_000013.11:32332831:C:A,BRCA2,0,0.14552,0.0691,0.013,,0.06731,0.31413,0.52105,0.02822,,0.24994,0.02526,0.06947,0.39939,0.23058,0.03054,0.02448,0.03933,0.06397,0.0,,0.45963,0.55875,0.00609,0.48378,0.98176
NC_000013.11:32332850:C:G,BRCA2,0,0.06382,0.1007,10.51,,0.15073,0.0799,0.6454,0.02373,,0.19571,0.02117,0.09143,0.523,0.27866,0.03436,0.19633,0.07687,0.06397,0.0,,0.46745,0.50773,0.0067,0.48378,0.98583
NC_000013.11:32332936:G:T,BRCA2,0,0.27303,0.102,0.1,,0.05993,0.18775,0.52699,0.07707,,0.03156,0.00345,0.05228,0.72163,0.47096,0.05274,0.01979,0.05546,0.06397,0.0,,0.51676,0.4213,0.0105,0.49136,0.9879
NC_000013.11:32332973:A:G,BRCA2,0,0.46111,0.0934,8.021,,0.14266,0.21188,0.38376,0.22574,,0.22618,0.01703,0.13769,0.87081,0.5333,0.32575,0.35206,0.24573,0.15309,0.0,,0.46599,0.50657,0.02186,0.49136,0.98987
NC_000013.11:32332990:A:G,BRCA2,0,0.14455,0.0735,0.007,,0.05202,0.23472,0.4739,0.06873,,0.16494,0.00882,0.03253,0.56341,0.51658,0.0231,0.01352,0.06935,0.06397,0.0,,0.37621,0.42521,0.00888,0.49136,0.98084
NC_000013.11:32333092:G:A,BRCA2,0,0.09984,0.0732,1.627,,0.07876,0.0799,0.65636,0.01446,,0.23628,0.0019,0.01109,0.68632,0.20114,0.09727,0.24941,0.10116,0.06397,0.0,,0.47596,0.44908,0.00761,0.49136,0.98394
NC_000013.11:32333103:A:G,BRCA2,0,0.20833,0.073,2.519,,0.07372,0.29588,0.39159,0.14144,,0.26125,0.07098,0.1439,0.79623,0.36205,0.21752,0.12989,0.12551,0.06397,0.0,,0.45924,0.45278,0.01115,0.49136,0.98331
NC_000013.11:32333152:G:A,BRCA2,0,0.29848,0.09,13.52,,0.08371,0.31413,0.24572,0.2362,,0.11774,0.07021,0.10084,0.8451,0.5333,0.72554,0.42824,0.39863,0.19662,0.0,,0.4005,0.49675,0.01673,0.49136,0.97887
NC_000013.11:32333155:A:G,BRCA2,0,0.15911,0.073,1.68,,0.03611,0.18775,0.59294,0.03314,,0.19612,0.01558,0.04638,0.68399,0.15574,0.04127,0.18629,0.22675,0.06397,0.0,,0.40452,0.44021,0.007,0.49136,0.97879
NC_000013.11:32333224:T:A,BRCA2,0,0.51069,0.1431,22.4,,0.18494,0.27662,0.32263,0.58461,,0.37588,0.31619,0.20711,0.85128,0.54858,0.34846,0.16991,0.42089,0.35427,0.0,,0.07364,0.73014,0.07313,0.49136,0.98559
NC_000013.11:32333273:C:T,BRCA2,0,0.45927,0.116,18.1,,0.14824,0.18775,0.3877,0.23984,,0.22335,0.08182,0.0633,0.80551,0.51658,0.40586,0.3309,0.19497,0.21368,0.0,,0.42308,0.58002,0.01493,0.49136,0.97529
NC_000013.11:32333281:G:A,BRCA2,0,0.35461,0.1939,17.18,,0.12277,0.27662,0.42175,0.3853,,0.10858,0.06365,0.27173,0.85298,0.40981,0.40834,0.44891,0.45493,0.36492,0.0,,0.29509,0.58294,0.01387,0.49136,0.98135
NC_000013.11:32333329:G:C,BRCA2,0,0.33972,0.0929,10.94,,0.33117,0.18775,0.46391,0.05372,,0.12884,0.0484,0.22881,0.78422,0.54858,0.01884,0.07162,0.07769,0.06397,0.0,,0.31301,0.59113,0.01017,0.49136,0.98151
NC_000013.11:32333342:C:T,BRCA2,0,0.29561,0.1693,18.8,,0.20214,0.27662,0.41066,0.30085,,0.17928,0.03369,0.07662,0.82725,0.54858,0.31485,0.15898,0.13787,0.20892,0.01,,0.44599,0.63117,0.02262,0.49136,0.9772
NC_000013.11:32336291:G:A,BRCA2,0,0.00857,0.0647,0.03,,0.03336,0.16233,0.10071,0.01104,,0.15075,0.02825,0.00542,0.75035,0.00508,0.06611,0.15858,0.14194,0.17454,0.01,,0.39127,0.41275,0.00219,0.51132,0.95992
NC_000013.11:32336292:C:A,BRCA2,0,0.14905,0.2107,2.601,,0.05023,0.27662,0.65143,0.0666,,0.32093,0.02605,0.07985,0.73022,0.09278,0.16547,0.06639,0.0637,0.06397,0.0,,0.45498,0.46871,0.00492,0.51132,0.96833
NC_000013.11:32336473:G:T,BRCA2,0,0.55474,0.114,15.93,,0.40814,0.13577,0.61984,0.14085,,0.334,0.10382,0.12982,0.8345,0.77683,0.21377,0.22957,0.24721,0.1381,0.0,,0.55282,0.71413,0.61986,0.51132,0.98531
NC_000013.11:32336492:A:C,BRCA2,0,0.41071,0.0861,4.741,,0.55975,0.74867,0.5635,0.15704,,0.17606,0.03435,0.20025,0.89312,0.51658,0.34335,0.13155,0.26065,0.06397,0.0,,0.43792,0.57563,0.56666,0.51132,0.98459
NC_000013.11:32336563:G:T,BRCA2,0,0.2061,0.1062,6.013,,0.15532,0.18775,0.24844,0.06173,,0.04419,0.00753,0.12311,0.60584,0.56654,0.04227,0.19976,0.17187,0.06397,0.0,,0.17061,0.58775,0.26946,0.51132,0.96577
NC_000013.11:32336573:C:T,BRCA2,0,0.24335,0.0875,5.003,,0.19199,0.21188,0.50431,0.00627,,0.09859,0.07097,0.02489,0.69712,0.41332,0.00935,0.19461,0.15311,0.06397,0.0,,0.55265,0.62835,0.3347,0.51132,0.969
NC_000013.11:32336575:G:T,BRCA2,0,0.22924,0.1354,0.203,,0.09958,0.21188,0.41253,0.03405,,0.08116,0.00753,0.10514,0.62065,0.17894,0.02763,0.12414,0.08676,0.06397,0.0,,0.17696,0.44855,0.36295,0.51132,0.96842
NC_000013.11:32336597:A:G,BRCA2,0,0.10035,0.0886,0.034,,0.12097,0.33146,0.29698,0.0095,,0.11541,0.01301,0.01771,0.71867,0.04873,0.00499,0.01613,0.04466,0.06397,0.0,,0.12295,0.40906,0.2561,0.51132,0.97742
NC_000013.11:32336603:A:G,BRCA2,0,0.04742,0.0769,0.06,,0.19817,0.25628,0.2116,0.03488,,0.2197,0.00475,0.01024,0.63558,0.04344,0.05593,0.06067,0.12514,0.06397,0.01,,0.33133,0.5503,0.35004,0.51132,0.96616
NC_000013.11:32336629:C:T,BRCA2,0,0.00618,0.0749,0.011,,0.05363,0.10826,0.1966,0.00023,,0.26111,0.00635,0.00899,0.6539,0.02619,0.001,0.02745,0.06787,0.06397,0.0,,0.11372,0.42005,0.07918,0.51132,0.97292
NC_000013.11:32336757:C:A,BRCA2,0,0.0626,0.12,0.325,,0.04389,0.23472,0.2116,0.03675,,0.12308,0.12147,0.10276,0.71826,0.00909,0.32386,0.19427,0.21292,0.15309,0.0,,0.31195,0.46709,0.22307,0.51132,0.96395
NC_000013.11:32336808:T:A,BRCA2,0,0.35249,0.1904,11.02,,0.28761,0.89253,0.15858,0.16361,,0.16303,0.29703,0.08522,0.76953,0.76816,0.22796,0.12868,0.23732,0.06397,0.0,,0.29367,0.57139,0.31248,0.51132,0.97588
NC_000013.11:32336836:T:C,BRCA2,0,0.19756,0.1052,14.0,,0.31936,0.80183,0.6761,0.07801,,0.12389,0.10879,0.10562,0.75966,0.24374,0.5219,0.32713,0.35086,0.22909,0.0,,0.23597,0.46821,0.42821,0.51132,0.97966
NC_000013.11:32336837:A:G,BRCA2,0,0.20312,0.0574,9.388,,0.23797,0.27662,0.60608,0.04556,,0.1132,0.09662,0.02553,0.79673,0.1575,0.1211,0.06094,0.10612,0.06397,0.0,,0.18587,0.49054,0.35166,0.51132,0.97745
NC_000013.11:32336857:C:T,BRCA2,0,0.08429,0.1256,0.032,,0.15477,0.13577,0.45881,0.04856,,0.0204,0.02051,0.0094,0.7448,0.20706,0.11019,0.04032,0.10954,0.06397,0.0,,0.15473,0.4612,0.35566,0.51132,0.97213
NC_000013.11:32336877:A:T,BRCA2,0,0.13611,0.1704,3.491,,0.1749,0.16233,0.14533,0.08242,,0.02391,0.01598,0.197,0.8132,0.03831,0.20462,0.33781,0.3096,0.1381,0.0,,0.20682,0.42383,0.20524,0.51132,0.9759
NC_000013.11:32336922:T:A,BRCA2,0,0.22811,0.2832,4.059,,0.15179,0.27662,0.19964,0.08162,,0.18436,0.12763,0.09771,0.67119,0.45542,0.08623,0.08155,0.12029,0.06397,0.0,,0.2036,0.60348,0.26808,0.51132,0.9741
NC_000013.11:32336977:G:C,BRCA2,0,0.24803,0.1813,0.845,,0.31147,0.23472,0.2696,0.15297,,0.08502,0.08591,0.12126,0.80583,0.71277,0.16689,0.11607,0.10863,0.06397,0.0,,0.27585,0.52165,0.36475,0.51132,0.97844
NC_000013.11:32337052:A:G,BRCA2,0,0.14552,0.099,4.465,,0.20105,0.21188,0.16833,0.14513,,0.21556,0.11085,0.06706,0.82123,0.59689,0.39385,0.21974,0.2497,0.06397,0.0,,0.10145,0.70844,0.2593,0.51132,0.97067
NC_000013.11:32337116:T:A,BRCA2,0,0.17963,0.0739,1.475,,0.44205,0.25628,0.21455,0.04536,,0.11673,0.09889,0.07061,0.68856,0.16297,0.16818,0.20948,0.15107,0.06397,0.0,,0.22787,0.55368,0.31548,0.51294,0.97145
NC_000013.11:32337226:A:G,BRCA2,0,0.15213,0.0741,5.394,,0.09695,0.25628,0.32488,0.11321,,0.35718,0.01852,0.10997,0.81213,0.40702,0.16985,0.13088,0.18105,0.06397,0.0,,0.10843,0.58246,0.33051,0.51294,0.96896
NC_000013.11:32337238:C:T,BRCA2,0,0.00927,0.0942,10.43,,0.12801,0.27662,0.39353,0.11731,,0.31006,0.19519,0.0515,0.78755,0.69448,0.09631,0.09987,0.19567,0.06397,0.0,,0.24405,0.5389,0.33247,0.51294,0.97131
NC_000013.11:32337316:G:A,BRCA2,0,0.35062,0.0832,6.421,,0.11767,0.29588,0.19045,0.13503,,0.10442,0.08064,0.04387,0.77792,0.64993,0.24462,0.22641,0.26492,0.06397,0.0,,0.13364,0.55762,0.26178,0.51294,0.96245
NC_000013.11:32337319:T:G,BRCA2,0,0.46881,0.0678,3.704,,0.29548,0.25628,0.55264,0.10632,,0.04465,0.05993,0.09742,0.75168,0.7426,0.1312,0.17088,0.11894,0.06397,0.0,,0.27982,0.67459,0.35459,0.51294,0.96863
NC_000013.11:32337325:A:G,BRCA2,0,0.00028,0.0537,0.239,,0.06135,0.01748,0.1042,0.02671,,0.18232,0.05894,0.00367,,0.00355,0.34537,0.12128,0.19224,0.06397,0.0,,0.28697,0.43554,0.00011,0.51294,0.8437
NC_000013.11:32337428:A:G,BRCA2,0,0.43294,0.0824,17.84,,0.13663,0.36362,0.64234,0.21982,,0.31064,0.10136,0.06863,0.87396,0.49738,0.26633,0.21014,0.3824,0.32725,0.0,,0.39836,0.69249,0.54735,0.51294,0.97581
NC_000013.11:32337470:C:T,BRCA2,0,0.72221,0.183,21.8,,0.23892,0.25628,0.46893,0.5409,,0.24392,0.15117,0.11816,0.85286,0.89691,0.44356,0.28101,0.26551,0.33763,0.0,,0.5926,0.78395,0.01353,0.51294,0.98404
NC_000013.11:32337476:G:A,BRCA2,0,0.20872,0.0993,5.813,,0.22309,0.23472,0.3778,0.11239,,0.18369,0.13172,0.06955,0.72681,0.47096,0.26049,0.20786,0.14893,0.06397,0.0,,0.47949,0.44881,0.0058,0.51294,0.97367
NC_000013.11:32337486:T:G,BRCA2,0,0.49164,0.2454,12.87,,0.41544,0.4067,0.46391,0.15264,,0.51269,0.15123,0.31833,0.66127,0.88913,0.3622,0.21735,0.15694,0.06397,0.0,,0.47498,0.80828,0.0092,0.51294,0.95963
NC_000013.11:32337578:G:A,BRCA2,0,0.24973,0.0936,2.064,,0.10075,0.41989,0.5688,0.10109,,0.20451,0.07311,0.03707,0.80482,0.47361,0.18633,0.08755,0.17071,0.06397,0.0,,0.47671,0.50061,0.0067,0.51913,0.97543
NC_000013.11:32337587:T:G,BRCA2,0,0.34265,0.1151,1.616,,0.51198,0.43258,0.38965,0.07704,,0.26761,0.07504,0.1633,0.68429,0.60379,0.13598,0.19478,0.12006,0.1381,0.0,,0.46525,0.5941,0.01387,0.51913,0.97651
NC_000013.11:32337646:A:T,BRCA2,0,0.39817,0.1106,15.2,,0.24516,0.48977,0.34895,0.30759,,0.314,0.11027,0.17795,0.84789,0.88696,0.17512,0.113,0.28526,0.21926,0.0,,0.50179,0.73062,0.00985,0.51913,0.9829
NC_000013.11:32337750:A:C,BRCA2,0,0.41717,0.4646,19.53,,0.47241,0.29588,0.29938,0.28823,,0.19653,0.39651,0.23622,0.85161,0.86274,0.05021,0.17802,0.20817,0.38451,0.0,,0.39071,0.74733,0.01216,0.51913,0.9816
NC_000013.11:32337755:G:C,BRCA2,0,0.30538,0.0921,5.163,,0.20685,0.43258,0.34895,0.20917,,0.265,0.11345,0.18245,0.82115,0.66963,0.19334,0.20639,0.2136,0.24132,0.0,,0.39052,0.74357,0.02223,0.51913,0.97997
NC_000013.11:32337757:T:C,BRCA2,0,0.01285,0.0722,1.383,,0.10141,0.65321,0.17473,0.0193,,0.06128,0.0571,0.02175,0.74825,0.0047,0.16727,0.14748,0.14521,0.06397,0.0,,0.42451,0.45498,0.00252,0.51913,0.95666
NC_000013.11:32337801:G:C,BRCA2,0,0.20766,0.2061,3.038,,0.09138,0.56598,0.57791,0.13266,,0.05119,0.04617,0.15521,0.72514,0.54858,0.25175,0.16836,0.14907,0.06397,0.0,,0.42966,0.52956,0.01182,0.51913,0.97211
NC_000013.11:32337873:T:G,BRCA2,0,0.41449,0.08,6.696,,0.07527,0.4448,0.30649,0.1086,,0.30095,0.01013,0.17734,0.73505,0.53675,0.04507,0.0606,0.0873,0.06397,0.01,,0.4873,0.58993,0.00952,0.51913,0.97994
NC_000013.11:32337890:G:A,BRCA2,0,0.3472,0.0987,5.576,,0.1109,0.89253,0.23466,0.16503,,0.19474,0.06678,0.02981,0.8173,0.34198,0.30296,0.22038,0.1732,0.20339,0.0,,0.45593,0.55489,0.0092,0.51913,0.97162
NC_000013.11:32337931:G:T,BRCA2,0,0.17727,0.0885,0.351,,0.07345,0.55722,0.20864,0.05846,,0.0343,0.01051,0.07198,0.67606,0.58256,0.10455,0.11353,0.17614,0.06397,0.0,,0.46623,0.5495,0.00825,0.51913,0.97674
NC_000013.11:32337950:A:G,BRCA2,0,0.29051,0.1023,7.747,,0.18256,0.39295,0.50585,0.09611,,0.35393,0.00699,0.02367,0.78171,0.36205,0.08168,0.10634,0.11961,0.06397,0.0,,0.42577,0.51249,0.0067,0.51913,0.98105
NC_000013.11:32337956:A:G,BRCA2,0,0.44012,0.0771,9.169,,0.07095,0.41989,0.1966,0.24053,,0.12772,0.05478,0.04229,0.85851,0.65768,0.38686,0.22261,0.39819,0.06397,0.0,,0.47274,0.57022,0.00952,0.51913,0.9775
NC_000013.11:32338127:T:G,BRCA2,0,0.00436,0.0899,4.52,,0.08946,0.16233,0.31809,0.03266,,0.30267,0.01498,0.00373,0.47141,0.00089,0.15752,0.19099,0.18149,0.06397,0.0,,0.39783,0.42153,0.00344,0.51913,0.96586
NC_000013.11:32338147:T:A,BRCA2,0,0.2772,0.1365,5.385,,0.17878,0.60746,0.53137,0.09989,,0.03742,0.09283,0.19495,0.77977,0.74589,0.14512,0.08166,0.13871,0.06397,0.0,,0.49496,0.61915,0.01017,0.51913,0.97958
NC_000013.11:32338153:G:A,BRCA2,0,0.18844,0.087,6.15,,0.18372,0.18775,0.34466,0.09607,,0.15465,0.05784,0.02264,0.75194,0.48111,0.15519,0.15898,0.04851,0.06397,0.0,,0.47596,0.5385,0.00825,0.51913,0.97536
NC_000013.11:32338177:A:G,BRCA2,0,0.11825,0.0883,0.488,,0.04805,0.23472,0.38573,0.081,,0.15891,0.11121,0.13852,0.45282,0.52092,0.16624,0.16644,0.22959,0.15309,0.0,,0.47989,0.45575,0.00639,0.51913,0.96931
NC_000013.11:32338202:T:G,BRCA2,0,0.28876,0.0964,5.795,,0.1734,0.62313,0.49651,0.13707,,0.30886,0.09102,0.18831,0.85594,0.2229,0.3622,0.225,0.25096,0.06397,0.0,,0.42593,0.52996,0.00609,0.51913,0.97963
NC_000013.11:32338212:A:T,BRCA2,0,0.56036,0.1428,14.84,,0.22183,0.45658,0.23184,0.40964,,0.13945,0.32137,0.23251,0.89236,0.51263,0.24532,0.35011,0.36568,0.26662,0.0,,0.16113,0.67839,0.04799,0.51913,0.98493
NC_000013.11:32338259:C:A,BRCA2,0,0.44213,0.1135,12.96,,0.24752,0.4448,0.41438,0.32136,,0.10205,0.19302,0.20842,0.88605,0.85814,0.52753,0.3003,0.22217,0.17103,0.0,,0.48491,0.54771,0.02338,0.51913,0.98217
NC_000013.11:32338270:G:A,BRCA2,0,0.28803,0.0809,10.75,,0.05615,0.53912,0.28476,0.186,,0.14006,0.1968,0.17061,0.72069,0.80336,0.25612,0.40744,0.26342,0.29672,0.0,,0.43704,0.43865,0.02148,0.51913,0.97412
NC_000013.11:32338296:G:C,BRCA2,0,0.32306,0.2748,11.67,,0.07083,0.48977,0.15198,0.19958,,0.18511,0.09924,0.09578,0.86628,0.72168,0.29887,0.18758,0.33156,0.06397,0.0,,0.46697,0.62002,0.00985,0.52122,0.97202
NC_000013.11:32338298:G:A,BRCA2,0,0.04532,0.0785,0.99,,0.10274,0.5103,0.3758,0.00856,,0.04063,0.06422,0.01987,0.69844,0.26934,0.08246,0.13288,0.26401,0.06397,0.0,,0.45898,0.49938,0.0067,0.52122,0.96642
NC_000013.11:32338313:A:G,BRCA2,0,0.35514,0.0928,15.9,,0.0939,0.29588,0.44151,0.27701,,0.31682,0.03422,0.16767,0.85186,0.74374,0.5784,0.25601,0.35279,0.06397,0.0,,0.45606,0.60016,0.01284,0.52122,0.97879
NC_000013.11:32338400:T:C,BRCA2,0,0.48175,0.1308,8.1,,0.17569,0.468,0.42175,0.19823,,0.20045,0.15813,0.05777,0.87376,0.70568,0.37434,0.0803,0.14008,0.06397,0.0,,0.45049,0.69885,0.01387,0.52122,0.98111
NC_000013.11:32338433:A:T,BRCA2,0,0.6473,0.1395,17.99,,0.34277,0.52014,0.4344,0.34105,,0.38582,0.03711,0.22915,0.89203,0.86274,0.25102,0.40452,0.37483,0.27334,0.0,,0.45673,0.86113,0.01745,0.52122,0.9852
NC_000013.11:32338484:A:T,BRCA2,0,0.68792,0.1476,16.11,,0.25086,0.63078,0.30413,0.36209,,0.23225,0.16461,0.18403,0.86707,0.83959,0.16886,0.16644,0.12076,0.06397,0.0,,0.15444,0.8634,0.0396,0.52122,0.98401
NC_000013.11:32338504:T:G,BRCA2,0,0.17203,0.0891,2.592,,0.10777,0.4448,0.4739,0.10813,,0.17519,0.00785,0.12489,0.74253,0.39614,0.09631,0.05872,0.10192,0.06397,0.0,,0.46235,0.53692,0.00761,0.52122,0.97757
NC_000013.11:32338517:C:A,BRCA2,0,0.54349,0.2837,23.6,,0.53681,0.25628,0.30884,0.58734,,0.08243,0.19692,0.22785,0.89846,0.8906,0.6809,0.3643,0.37145,0.4147,0.0,,0.45431,0.76837,0.01745,0.52122,0.98376
NC_000013.11:32338540:C:G,BRCA2,0,0.14882,0.0512,5.419,,0.06353,0.16233,0.44851,0.08158,,0.09151,0.00366,0.0237,0.69605,9e-05,0.36655,0.38007,0.58542,0.71708,0.0,,0.40103,0.46937,0.00219,0.52122,0.95919
NC_000013.11:32338625:C:G,BRCA2,0,0.30637,0.0782,0.073,,0.08716,0.34793,0.75894,0.04536,,0.27458,0.09876,0.10412,0.79373,0.02976,0.17881,0.03111,0.102,0.06397,0.0,,0.40625,0.51157,0.52381,0.52122,0.97518
NC_000013.11:32338789:A:C,BRCA2,0,0.32727,0.2139,5.067,,0.20916,0.13577,0.40501,0.04962,,0.35157,0.11478,0.18091,0.75091,0.44725,0.04015,0.19721,0.10881,0.06397,0.0,,0.46611,0.55897,0.00825,0.52122,0.9528
NC_000013.11:32338790:G:C,BRCA2,0,0.28679,0.091,5.344,,0.1503,0.16233,0.34895,0.1448,,0.25268,0.10393,0.10598,0.84817,0.76816,0.19632,0.11719,0.24948,0.06397,0.0,,0.4275,0.64384,0.00731,0.52122,0.95493
NC_000013.11:32338792:T:C,BRCA2,0,0.02698,0.0546,0.15,,0.2209,0.33146,0.12154,0.00226,,0.09411,0.07374,0.0066,0.75347,0.00402,0.03151,0.113,0.16631,0.06397,0.0,,0.44228,0.42005,0.00344,0.52122,0.93483
NC_000013.11:32338843:G:T,BRCA2,0,0.36974,0.0914,0.049,,0.33866,0.18775,0.47225,0.13262,,0.21998,0.007,0.17569,0.84869,0.60379,0.14506,0.0483,0.05273,0.06397,0.0,,0.45819,0.6511,0.01017,0.52122,0.94431
NC_000013.11:32338875:G:C,BRCA2,0,0.46492,0.146,9.258,,0.43823,0.37861,0.44327,0.12915,,0.22783,0.04402,0.15683,0.8199,0.45542,0.20346,0.17726,0.13282,0.1381,0.0,,0.4491,0.65839,0.01115,0.52122,0.96121
NC_000013.11:32338893:T:A,BRCA2,0,0.07432,0.0956,1.133,,0.06965,0.10826,0.26702,0.03235,,0.08556,0.01665,0.01563,0.6099,0.00804,0.35578,0.43703,0.4787,0.24999,0.0,,0.43792,0.42491,0.00252,0.52122,0.90953
NC_000013.11:32338920:G:T,BRCA2,0,0.96686,0.1447,22.2,,0.21676,0.82956,0.82598,0.54648,,0.28135,0.09674,0.29998,0.9074,0.95097,0.90063,0.4483,0.40497,0.71708,0.0,,0.84713,0.75393,0.77973,0.52122,0.9816
NC_000013.11:32338924:T:G,BRCA2,0,0.87976,0.7939,24.1,,0.68007,0.72989,0.97697,0.76018,,0.73425,0.41859,0.55899,0.9873,0.88769,0.90063,0.61213,0.53707,0.71708,0.0,,0.97908,0.89389,0.97142,0.52122,0.9888
NC_000013.11:32338947:A:T,BRCA2,0,0.67907,0.3148,21.6,,0.38786,0.41989,0.77084,0.38014,,0.39401,0.26136,0.21788,0.9089,0.41262,0.23196,0.31814,0.30625,0.71708,0.0,,0.65432,0.72597,0.67161,0.52122,0.96936
NC_000013.11:32338963:G:A,BRCA2,0,0.55061,0.1572,22.2,,0.25714,0.37861,0.80861,0.50922,,0.34634,0.18152,0.27847,0.91683,0.79673,0.6337,0.51095,0.47495,0.71708,0.0,,0.72099,0.66853,0.72759,0.52122,0.9694
NC_000013.11:32338993:G:A,BRCA2,0,0.56193,0.1142,18.99,,0.22624,0.23472,0.72407,0.6742,,0.10905,0.08291,0.41153,0.91083,0.80597,0.90063,0.42879,0.49235,0.71708,0.0,,0.70256,0.63503,0.77047,0.52122,0.96156
NC_000013.11:32339024:C:G,BRCA2,0,0.19536,0.1175,0.326,,0.14008,0.23472,0.46052,0.05115,,0.07221,0.15022,0.18319,0.80651,0.47626,0.05645,0.05971,0.0659,0.06397,0.0,,0.45579,0.46641,0.00952,0.52122,0.94941
NC_000013.11:32339039:A:G,BRCA2,0,0.50183,0.0789,0.295,,0.22614,0.57458,0.64943,0.06917,,0.30432,0.01641,0.12123,0.78661,0.37687,0.0324,0.05806,0.05455,0.06397,0.0,,0.48154,0.58072,0.007,0.52122,0.93883
NC_000013.11:32339072:G:A,BRCA2,0,0.38968,0.0956,0.162,,0.25691,0.50018,0.59416,0.03774,,0.23403,0.06037,0.05757,0.67949,0.21404,0.05804,0.03631,0.11272,0.06397,0.0,,0.42214,0.74317,0.007,0.52122,0.91336
NC_000013.11:32339163:C:A,BRCA2,0,0.05761,0.1692,0.025,,0.07315,0.4067,0.20864,0.01191,,0.20355,0.04824,0.05388,0.63266,0.16297,0.04318,0.08674,0.05735,0.06397,0.0,,0.43585,0.50841,0.00374,0.52122,0.8801
NC_000013.11:32339180:C:G,BRCA2,0,0.20464,0.1273,0.815,,0.11395,0.25628,0.48855,0.07766,,0.11233,0.03845,0.12951,0.80822,0.39213,0.17718,0.11719,0.1656,0.06397,0.0,,0.46002,0.46541,0.0067,0.52122,0.93788
NC_000013.11:32339180:C:T,BRCA2,0,0.18748,0.1742,1.451,,0.16664,0.34793,0.51199,0.0716,,0.31377,0.06896,0.09103,0.76869,0.28809,0.17718,0.11719,0.1656,0.06397,0.0,,0.44656,0.5315,0.00492,0.52122,0.93319
NC_000013.11:32339290:G:A,BRCA2,0,0.28222,0.1123,11.99,,0.27279,0.50018,0.39353,0.16223,,0.24798,0.03565,0.10493,0.82928,0.69568,0.24602,0.17687,0.21823,0.06397,0.0,,0.45131,0.57681,0.00888,0.52122,0.94743
NC_000013.11:32339353:T:A,BRCA2,0,0.53831,0.0806,15.07,,0.24776,0.37861,0.80024,0.23989,,0.30426,0.04666,0.12963,0.87227,0.68087,0.37434,0.20574,0.22535,0.19855,0.0,,0.58419,0.71975,0.66577,0.52122,0.95794
NC_000013.11:32339357:C:G,BRCA2,0,0.34247,0.1243,9.698,,0.12654,0.64581,0.66874,0.12838,,0.0717,0.00783,0.1933,0.87197,0.30574,0.26487,0.10991,0.18105,0.1381,0.0,,0.47509,0.52744,0.61254,0.52122,0.9546
NC_000013.11:32339404:A:T,BRCA2,0,0.08998,0.1003,0.334,,0.07026,0.5103,0.36154,0.01091,,0.1081,0.01743,0.1268,0.75155,0.20933,0.01788,0.07939,0.13153,0.06397,0.0,,0.39621,0.48614,0.36908,0.52122,0.93478
NC_000013.11:32339501:A:G,BRCA2,0,0.22428,0.0634,2.081,,0.07097,0.583,0.29214,0.02258,,0.12331,0.01263,0.02868,0.77932,0.08601,0.02677,0.11478,0.10169,0.06397,0.0,,0.48325,0.46012,0.00433,0.52122,0.95407
NC_000013.11:32339578:A:G,BRCA2,0,0.18998,0.0876,4.377,,0.17618,0.25628,0.44502,0.06612,,0.18171,0.05777,0.08151,0.80274,0.6284,0.24251,0.15262,0.3437,0.06397,0.0,,0.46106,0.50626,0.00793,0.52122,0.92707
NC_000013.11:32339585:G:A,BRCA2,0,0.09733,0.0844,0.746,,0.06959,0.36362,0.15529,0.02509,,0.15491,0.04078,0.02866,0.76015,0.31817,0.04027,0.04749,0.11593,0.06397,0.0,,0.47067,0.52356,0.0067,0.52122,0.93757
NC_000013.11:32339606:A:C,BRCA2,0,0.22271,0.0768,6.358,,0.18622,0.43258,0.51351,0.05661,,0.02568,0.02337,0.16543,0.76846,0.38108,0.1024,0.05323,0.0781,0.06397,0.0,,0.4608,0.4572,0.00857,0.52122,0.93833
NC_000013.11:32339652:T:A,BRCA2,0,0.44881,0.1451,8.593,,0.13627,0.23472,0.42722,0.23821,,0.17827,0.21021,0.17252,0.87596,0.75185,0.82143,0.26363,0.21601,0.06397,0.0,,0.51634,0.58833,0.01182,0.52122,0.94669
NC_000013.11:32339677:G:C,BRCA2,0,0.21697,0.1296,8.185,,0.11442,0.37861,0.42358,0.12934,,0.08948,0.14857,0.10044,0.76824,0.61655,0.23059,0.12393,0.18484,0.06397,0.0,,0.48817,0.50495,0.00857,0.52122,0.9391
NC_000013.11:32339688:T:A,BRCA2,0,0.22479,0.1281,3.871,,0.14921,0.45658,0.23466,0.09227,,0.20121,0.20793,0.11892,0.71762,0.43225,0.13858,0.1545,0.10404,0.06397,0.0,,0.44895,0.57968,0.01216,0.52122,0.93476
NC_000013.11:32339767:A:G,BRCA2,0,0.3226,0.0836,1.678,,0.10712,0.34793,0.15858,0.07449,,0.2806,0.10202,0.07308,0.75113,0.47448,0.2361,0.18307,0.3523,0.06397,0.0,,0.47043,0.60437,0.0067,0.52122,0.9405
NC_000013.11:32339821:A:C,BRCA2,0,0.3203,0.1027,10.51,,0.25613,0.48977,0.63292,0.12276,,0.22094,0.0763,0.23847,0.85295,0.83539,0.18835,0.17183,0.25368,0.06397,0.0,,0.48408,0.64684,0.58663,0.52122,0.97129
NC_000013.11:32339836:A:G,BRCA2,0,0.16079,0.0789,0.563,,0.06991,0.4448,0.42175,0.03631,,0.12732,0.00637,0.06642,0.79169,0.21074,0.04896,0.14531,0.2563,0.06397,0.0,,0.29708,0.41677,0.40028,0.52122,0.95822
NC_000013.11:32339897:G:C,BRCA2,0,0.61555,0.1002,19.81,,0.23896,0.4067,0.82825,0.50837,,0.49136,0.07426,0.46598,0.93271,0.88696,0.33732,0.29549,0.3507,0.71708,0.0,,0.75953,0.70983,0.84998,0.52122,0.98865
NC_000013.11:32339989:GAGAAT:AAGAAG,BRCA2,0,,,,,,,,,,,,,,,,,,,,,,,,,
NC_000013.11:32340025:G:A,BRCA2,0,0.11896,0.0883,0.06,,0.12131,0.53912,0.36974,0.03845,,0.06226,0.00557,0.05893,0.75622,0.33119,0.06755,0.07541,0.12926,0.06397,0.0,,0.26998,0.50759,0.52613,0.52122,0.96781
NC_000013.11:32340037:G:C,BRCA2,0,0.54062,0.1116,0.801,,0.19482,0.9244,0.65043,0.02436,,0.21652,0.0153,0.0339,0.73812,0.23665,0.03171,0.0757,0.14572,0.06397,0.0,,0.14622,0.49559,0.37689,0.52122,0.97404
NC_000013.11:32340085:G:C,BRCA2,0,0.35291,0.094,8.939,,0.2022,0.29588,0.60491,0.08296,,0.22756,0.00498,0.22782,0.81908,0.41749,0.04304,0.18882,0.10854,0.06397,0.0,,0.39422,0.58243,0.46494,0.52122,0.98249
NC_000013.11:32340086:A:G,BRCA2,0,0.23363,0.0773,3.547,,0.14875,0.33146,0.56216,0.06787,,0.21371,0.0036,0.23648,0.78087,0.3436,0.17871,0.14005,0.31093,0.06397,0.0,,0.19182,0.47358,0.42064,0.52122,0.97762
NC_000013.11:32340086:A:T,BRCA2,0,0.27737,0.0906,8.094,,0.19995,0.27662,0.62206,0.08831,,0.07878,0.00229,0.2277,0.78968,0.48504,0.17871,0.14005,0.31093,0.06397,0.0,,0.27308,0.50933,0.47482,0.52122,0.98138
NC_000013.11:32340098:C:A,BRCA2,0,0.12078,0.0981,0.054,,0.1707,0.25628,0.57791,0.0401,,0.08292,0.02641,0.22178,0.72162,0.11102,0.16813,0.03439,0.04611,0.06397,0.0,,0.23791,0.50742,0.4825,0.52122,0.97291
NC_000013.11:32340098:C:T,BRCA2,0,0.0004,0.0626,0.032,,0.13493,0.21188,0.3798,0.04256,,0.29285,0.01184,0.02297,,0.00163,0.16813,0.03439,0.04611,0.06397,0.0,,0.18401,0.42324,0.19336,0.52122,0.9013
NC_000013.11:32340162:G:T,BRCA2,0,0.10912,0.1624,0.014,,0.13639,0.66053,0.66499,0.0318,,0.01368,0.01649,0.16491,0.62755,0.43659,0.08568,0.00571,0.13084,0.06397,0.0,,0.41371,0.43682,0.00462,0.52122,0.96817
NC_000013.11:32340184:A:G,BRCA2,0,0.0204,0.0678,0.21,,0.08918,0.43258,0.11115,0.0061,,0.15177,0.00619,0.01457,0.66386,0.0352,0.03576,0.08791,0.15983,0.15309,0.0,,0.43982,0.46173,0.00185,0.52122,0.95886
NC_000013.11:32340202:G:A,BRCA2,0,0.07321,0.0733,1.252,,0.04783,0.583,0.54426,0.01884,,0.11163,0.0304,0.05382,0.59547,0.333,0.05679,0.09363,0.12539,0.06397,0.0,,0.43466,0.43138,0.00374,0.52122,0.96684
NC_000013.11:32340372:T:A,BRCA2,0,0.4617,0.2021,16.21,,0.13934,0.43258,0.39546,0.30795,,0.42498,0.03392,0.29612,0.87312,0.73103,0.55625,0.38378,0.29497,0.22285,0.0,,0.50548,0.67616,0.01564,0.52122,0.97991
NC_000013.11:32340518:T:A,BRCA2,0,0.41582,0.1261,17.62,,0.218,0.34793,0.67519,0.1807,,0.35887,0.10037,0.15844,0.69783,0.51658,0.22927,0.19721,0.29568,0.23813,0.0,,0.33689,0.66833,0.50441,0.52122,0.97691
NC_000013.11:32340536:C:T,BRCA2,0,0.82892,0.4927,25.6,,0.67225,0.75482,0.9235,0.7331,,0.60271,0.29516,0.49524,0.95655,0.54858,0.63114,0.60323,0.50295,0.71708,0.0,,0.92638,0.88129,0.91843,0.52122,0.99514
NC_000013.11:32340568:T:A,BRCA2,0,0.57621,0.1186,17.73,,0.43509,0.36362,0.7656,0.20353,,0.45391,0.10677,0.44317,0.87747,0.2229,0.25612,0.43581,0.36798,0.71708,0.0,,0.62432,0.53442,0.71304,0.52122,0.98198
NC_000013.11:32340644:C:A,BRCA2,0,0.24347,0.1477,14.15,,0.23391,0.39295,0.52699,0.09911,,0.16395,0.01341,0.07998,0.77884,0.37285,0.29077,0.20899,0.20062,0.06397,0.0,,0.51564,0.51127,0.00985,0.52122,0.97933
NC_000013.11:32340738:A:C,BRCA2,0,0.54131,0.1625,6.626,,0.19599,0.89253,0.15529,0.1398,,0.1862,0.02863,0.13371,0.78529,0.333,0.22468,0.16486,0.19763,0.19761,0.0,,0.49036,0.51183,0.01082,0.52122,0.9619
NC_000013.11:32340857:G:C,BRCA2,0,0.66369,0.1298,15.09,,0.1688,0.39295,0.79598,0.36062,,0.2828,0.02918,0.20014,0.92666,0.76668,0.32481,0.37965,0.34484,0.38932,0.0,,0.60766,0.6323,0.73245,0.52122,0.97698
NC_000013.11:32340886:C:T,BRCA2,0,0.18696,0.0747,0.18,,0.11389,0.34793,0.69279,0.01577,,0.26461,0.03474,0.05833,0.72399,0.65514,0.04706,0.01479,0.04798,0.06397,0.0,,0.49351,0.45656,0.59789,0.52122,0.95808
NC_000013.11:32340890:T:C,BRCA2,0,0.17105,0.1071,7.819,,0.08881,0.36362,0.57791,0.05487,,0.22163,0.00274,0.03669,0.80137,0.16878,0.03813,0.06829,0.22036,0.06397,0.0,,0.49079,0.40444,0.62159,0.52122,0.96436
NC_000013.11:32340895:G:A,BRCA2,0,0.26111,0.1313,14.67,,0.09126,0.18775,0.71483,0.15455,,0.19571,0.03559,0.06517,0.61776,0.36612,0.2011,0.28564,0.26095,0.17454,0.0,,0.53995,0.52953,0.6877,0.52122,0.96296
NC_000013.11:32340937:G:A,BRCA2,0,0.24479,0.1048,8.812,,0.10953,0.36362,0.72483,0.10277,,0.03969,0.03811,0.06569,0.72139,0.48504,0.15455,0.28377,0.24857,0.17454,0.0,,0.47365,0.52472,0.65064,0.52122,0.95451
NC_000013.11:32340985:G:A,BRCA2,0,0.11998,0.0716,2.561,,0.03047,0.16233,0.75214,0.07053,,0.11158,0.06248,0.04303,0.60811,0.11102,0.09472,0.08103,0.22141,0.06397,0.12,,0.3159,0.43047,0.48146,0.52122,0.95811
NC_000013.11:32341052:C:T,BRCA2,0,0.59129,0.6853,25.6,,0.53302,0.68236,0.81565,0.87736,,0.3477,0.40932,0.60238,0.93327,0.79122,0.89022,0.69114,0.61162,0.71708,0.0,,0.92,0.75225,0.91645,0.52122,0.98527
NC_000013.11:32341180:C:G,BRCA2,0,0.01888,0.0523,0.033,,0.04374,0.37861,0.35107,0.00567,,0.24636,0.06535,0.00109,0.67959,0.00069,0.07735,0.09403,0.18305,0.06397,0.0,,0.43733,0.41943,0.27934,0.52122,0.93919
NC_000013.11:32346831:A:T,BRCA2,0,0.15109,0.0744,12.32,,0.07924,0.21188,0.57791,0.0416,,0.08656,0.09517,0.07316,0.67625,0.2229,0.05878,0.13221,0.22392,0.19662,0.0,,0.27861,0.42205,0.5112,0.5323,0.959
NC_000013.11:32346894:C:G,BRCA2,0,0.11402,0.071,10.23,,0.21702,0.36362,0.69868,0.01523,,0.1905,0.00839,0.09253,0.69336,0.40981,0.02302,0.13854,0.08005,0.20665,0.0,,0.41797,0.43672,0.51565,0.5323,0.96382
NC_000013.11:32354869:G:C,BRCA2,0,0.00113,0.2062,5.228,,0.34446,0.0799,0.44851,0.06495,,0.21494,0.05768,0.11745,0.83706,0.69812,0.07013,0.14199,0.09805,0.19662,0.0,,0.57604,0.59144,0.48284,0.54583,0.96371
NC_000013.11:32355039:T:C,BRCA2,0,0.04496,0.0645,0.933,,0.21025,0.29588,0.31117,0.02841,,0.14808,0.02397,0.00899,0.65456,0.0133,0.15414,0.16424,0.10032,0.06397,0.0,,0.37298,0.42025,0.4418,0.54583,0.91514
NC_000013.11:32355040:G:T,BRCA2,0,0.27619,0.0846,0.007,,0.12891,0.23472,0.66499,0.06568,,0.32428,0.03249,0.11226,0.93859,0.34783,0.02273,0.01555,0.018,0.06397,0.0,,0.57225,0.7073,0.6606,0.54583,0.9517
NC_000013.11:32355171:A:G,BRCA2,0,0.00068,0.0714,0.05,,0.15627,0.16233,0.40311,0.04365,,0.12056,0.1192,0.10834,0.73683,0.6869,0.01096,0.02977,0.04444,0.06397,0.0,,0.47454,0.5679,0.00314,0.54583,0.78887
NC_000013.11:32355188:A:G,BRCA2,0,0.00783,0.0558,0.909,,0.1186,0.52975,0.15529,0.02595,,0.18735,0.0388,0.00193,0.56618,0.01051,0.27084,0.1252,0.32324,0.1381,0.0,,0.40694,0.42619,0.00404,0.54583,0.91106
NC_000013.11:32355196:G:T,BRCA2,0,0.01526,0.0693,0.965,,0.0892,0.34793,0.03332,0.01817,,0.16415,0.02861,0.00229,0.64971,0.00639,0.08706,0.23944,0.09115,0.22172,0.0,,0.40539,0.41819,0.00314,0.54583,0.90952
NC_000013.11:32355204:A:G,BRCA2,0,0.19081,0.0678,2.541,,0.21577,0.6678,0.32712,0.12824,,0.18076,0.03597,0.09405,0.78718,0.37687,0.09924,0.16818,0.17753,0.06397,0.0,,0.48183,0.57229,0.01082,0.54583,0.93158
NC_000013.11:32355223:T:A,BRCA2,0,0.0976,0.1878,0.53,,0.12791,0.34793,0.11462,0.01507,,0.03703,0.09205,0.09221,0.76273,0.03091,0.06119,0.16644,0.12387,0.06397,0.0,,0.4388,0.42861,0.00404,0.54583,0.92174
NC_000013.11:32355249:TA:CG,BRCA2,0,,,,,,,,,,,,,,,,,,,,,,,,,
NC_000013.11:32355249:T:C,BRCA2,0,3e-05,0.0505,8.683,,0.17097,0.01748,0.2618,0.183,,0.08336,0.0617,0.00125,,,0.6809,0.45128,0.23897,0.20409,0.0,,0.44011,,0.00011,0.54583,0.72213
NC_000013.11:32355267:A:C,BRCA2,0,0.27156,0.0807,4.094,,0.19905,0.583,0.40501,0.09428,,0.25141,0.11213,0.08029,0.66649,0.53924,0.20824,0.23511,0.35812,0.06397,0.01,,0.47989,0.57073,0.00492,0.54675,0.93344
NC_000013.11:32356460:T:C,BRCA2,0,0.00016,0.0815,0.502,,0.22786,0.0799,0.60842,0.04317,,0.23451,0.11088,0.12497,,0.16878,0.02138,0.20883,0.03603,0.1381,0.0,,0.36054,0.69084,0.05177,0.54675,0.84377
NC_000013.11:32357854:A:C,BRCA2,0,0.38984,0.1346,14.44,,0.22806,0.43258,0.76428,0.08838,,0.35344,0.10686,0.21836,0.87485,0.11102,0.05145,0.16914,0.17527,0.36907,0.01,,0.51877,0.52838,0.55351,0.54763,0.96359
NC_000013.11:32357854:A:T,BRCA2,0,0.39267,0.1346,14.45,,0.22806,0.43258,0.76295,0.08838,,0.35344,0.10686,0.1066,0.87485,0.11102,0.05145,0.16914,0.17527,0.36907,0.01,,0.51877,0.52838,0.55351,0.54763,0.96269
NC_000013.11:32362611:C:G,BRCA2,0,0.9264,0.341,26.1,,0.52021,0.86665,0.91637,0.93669,,0.6735,0.48909,0.82138,0.93291,0.84664,0.87285,0.84829,0.51348,0.71708,0.0,,0.95535,0.88078,0.9571,0.56437,0.98539
NC_000013.11:32362618:G:A,BRCA2,0,0.90619,0.7443,26.9,,0.66855,0.80747,0.90374,0.94784,,0.58996,0.53245,0.77069,0.91702,0.84364,0.87285,0.98588,0.95208,0.71708,0.0,,0.94355,0.86808,0.94438,0.56437,0.99192
NC_000013.11:32362632:C:G,BRCA2,0,0.93593,0.8816,26.1,,0.75157,0.90819,0.96829,0.89336,,0.76239,0.51647,0.80582,0.96379,0.83959,0.61384,0.84829,0.62178,0.71708,0.01,,0.98165,0.90616,0.97289,0.56437,0.9942
NC_000013.11:32363215:A:G,BRCA2,0,0.52708,0.1045,17.22,,0.2789,0.23472,0.79107,0.53433,,0.50438,0.17959,0.44055,0.84571,0.52694,0.28379,0.27899,0.21255,0.3741,0.0,,0.81092,0.54077,0.82075,0.56585,0.98849
NC_000013.11:32363223:G:T,BRCA2,0,0.70268,0.8186,24.3,,0.66315,0.63834,0.88104,0.83627,,0.7513,0.60945,0.60657,0.9553,0.92765,0.64378,0.60837,0.4747,0.71708,0.01,,0.90984,0.84757,0.90177,0.56585,0.9888
NC_000013.11:32363428:G:T,BRCA2,0,0.96008,0.2058,22.8,,0.68655,0.48977,0.89238,0.64054,,0.60294,0.11973,0.46182,0.94938,0.90845,0.57382,0.55137,0.50097,0.71708,0.0,,0.90624,0.85213,0.90978,0.56708,0.99026
NC_000013.11:32363509:G:A,BRCA2,0,0.94584,0.209,24.7,,0.63972,0.67505,0.92184,0.90806,,0.54321,0.37008,0.8149,0.94822,0.85981,0.88013,0.83891,0.94765,0.71708,0.03,,0.90398,0.69066,0.89898,0.56708,0.99122
NC_000013.11:32363527:T:A,BRCA2,0,0.65685,0.2052,21.7,,0.59011,0.67505,0.83388,0.58028,,0.60576,0.63704,0.46337,0.90237,0.87303,0.16946,0.20044,0.22179,0.4031,0.0,,0.91472,0.72926,0.92864,0.56708,0.98954
NC_000013.11:32370422:C:A,BRCA2,0,0.78301,0.1612,22.9,,0.64393,0.41989,0.86472,0.6444,,0.3926,0.28122,0.50581,0.93711,0.90352,0.5375,0.47474,0.41312,0.29097,0.0,,0.88525,0.74768,0.85006,0.55149,0.98859
NC_000013.11:32370966:G:C,BRCA2,0,0.66966,0.8679,22.6,,0.69411,0.47906,0.76028,0.57028,,0.6639,0.35523,0.41267,0.89286,0.75686,0.28532,0.27393,0.26922,0.71708,0.03,,0.74756,0.77061,0.77269,0.55149,0.98604
NC_000013.11:32371019:C:T,BRCA2,0,0.77722,0.1243,24.9,,0.55264,0.64581,0.81911,0.84206,,0.5537,0.29041,0.74338,0.92912,0.77977,0.68901,0.80993,0.4585,0.71708,0.0,,0.84534,0.59752,0.83141,0.55149,0.98567
NC_000013.11:32371052:T:A,BRCA2,0,0.80806,0.18,25.0,,0.60499,0.70395,0.82427,0.81642,,0.60883,0.25797,0.70703,0.91404,0.74822,0.74104,0.826,0.72908,0.3741,0.0,,0.79099,0.72908,0.76608,0.55149,0.99026
NC_000013.11:32376675:C:T,BRCA2,0,0.06143,0.0783,1.181,,0.12929,0.36362,0.55947,0.03449,,0.21073,0.07401,0.02436,0.68367,0.03333,0.17376,0.09667,0.05232,0.06397,0.03,,0.17091,0.52568,0.24375,0.5239,0.97281
NC_000013.11:32376698:C:T,BRCA2,0,0.2847,0.0872,18.63,,0.37579,0.4067,0.63715,0.31188,,0.47228,0.01662,0.19845,0.85066,0.48917,0.53954,0.33275,0.19773,0.1381,0.0,,0.53486,0.65405,0.54633,0.5239,0.98192
NC_000013.11:32376738:G:A,BRCA2,0,0.66403,0.8986,26.1,,0.7842,0.70395,0.93678,0.91814,,0.82306,0.63963,0.78987,0.93246,0.83539,0.75361,0.89659,0.94357,0.71708,0.0,,0.90324,0.7885,0.88852,0.5239,0.99445
NC_000013.11:32376770:G:A,BRCA2,0,0.09414,0.0739,16.29,,0.21279,0.18775,0.2696,0.07961,,0.38661,0.13195,0.12999,0.7316,0.14367,0.10023,0.113,0.13885,0.20191,0.0,,0.09604,0.44271,0.38964,0.5239,0.97194
NC_000013.11:32379325:A:G,BRCA2,0,0.61463,0.1286,25.6,,0.5209,0.5103,0.72785,0.86882,,0.65105,0.27418,0.71731,0.92391,0.83539,0.84988,0.79131,0.89501,0.71708,0.0,,0.82602,0.69098,0.78664,0.50828,0.99232
NC_000013.11:32379347:T:G,BRCA2,0,0.70279,0.5576,26.3,,0.74538,0.66053,0.72634,0.86579,,0.82313,0.51734,0.67833,0.90427,0.84364,0.84988,0.73117,0.72963,0.71708,0.0,,0.84874,0.84686,0.82003,0.50828,0.99245
NC_000013.11:32379391:A:T,BRCA2,0,0.00133,0.1426,22.4,,0.44957,0.27662,0.58046,0.58209,,0.43043,0.31304,0.17815,0.80652,0.66963,0.23059,0.31069,0.37176,0.71708,0.0,,0.55667,0.69919,0.36933,0.50828,0.98771
NC_000013.11:32379400:G:A,BRCA2,0,0.59062,0.1657,23.9,,0.49253,0.13577,0.51351,0.73894,,0.44344,0.41717,0.39712,0.87549,0.82058,0.84988,0.55232,0.56395,0.71708,0.0,,0.77731,0.59449,0.75556,0.50828,0.99333
NC_000013.11:32379411:G:C,BRCA2,0,0.66202,0.3861,21.7,,0.48521,0.52975,0.7164,0.41194,,0.45666,0.33225,0.36997,0.85348,0.81705,0.2375,0.41143,0.43413,0.71708,0.0,,0.75687,0.785,0.7487,0.50828,0.99311
NC_000013.11:32379412:G:A,BRCA2,0,0.00107,0.1473,25.7,,0.33026,0.18775,0.71167,0.87707,,0.42278,0.30814,0.72997,0.88875,0.84664,0.84988,0.86935,0.97472,0.71708,0.0,,0.76712,0.7451,0.60361,0.50828,0.99232
NC_000013.11:32379412:G:T,BRCA2,0,0.63055,0.1929,25.0,,0.28328,0.63834,0.61305,0.85252,,0.32766,0.26848,0.7549,0.87106,0.84664,0.84988,0.86935,0.97472,0.71708,0.0,,0.82428,0.64342,0.81989,0.50828,0.99326
NC_000013.11:32379439:C:G,BRCA2,0,0.03349,0.0608,7.817,,0.16493,0.27662,0.16184,0.04973,,0.13193,0.03692,0.05199,0.67668,0.30154,0.21882,0.1518,0.22527,0.06397,0.0,,0.27952,0.42505,0.31097,0.50828,0.97207
NC_000013.11:32379790:C:G,BRCA2,0,0.49078,0.0877,21.4,,0.3535,0.54827,0.72026,0.58944,,0.48305,0.30154,0.4032,0.82637,0.84664,0.33146,0.35673,0.26359,0.3741,0.0,,0.72571,0.58285,0.72752,0.49955,0.99061
NC_000013.11:32379838:A:G,BRCA2,0,0.41106,0.1035,20.2,,0.22279,0.21188,0.59898,0.24223,,0.08425,0.0484,0.08835,0.8262,0.57551,0.06841,0.25544,0.30415,0.36308,0.08,,0.49765,0.48826,0.57069,0.49955,0.9824
NC_000013.11:32379884:C:T,BRCA2,0,0.61626,0.7385,24.3,,0.60916,0.77879,0.72026,0.89263,,0.71605,0.45334,0.65553,0.9524,0.83539,0.87285,0.67225,0.5182,0.71708,0.18,,0.86332,0.80336,0.86294,0.49955,0.99428
NC_000013.11:32380063:A:G,BRCA2,0,0.23689,0.0986,18.56,,0.17351,0.468,0.8092,0.18455,,0.50282,0.01343,0.06442,0.86202,0.41447,0.21815,0.2822,0.49047,0.06397,0.06,,0.58543,0.43453,0.72101,0.49955,0.98587
NC_000013.11:32380075:C:T,BRCA2,0,0.58532,0.1031,17.5,,0.40692,0.6678,0.76626,0.48606,,0.33061,0.09857,0.36756,0.91881,0.56654,0.5784,0.38814,0.29262,0.34789,0.0,,0.71263,0.65741,0.69607,0.49955,0.98762
NC_000013.11:32380087:C:T,BRCA2,0,0.63082,0.3785,23.5,,0.51825,0.47906,0.81214,0.65314,,0.37565,0.23694,0.21635,0.96024,0.64167,0.5784,0.33496,0.374,0.27357,0.0,,0.91419,0.74569,0.89938,0.49955,0.99341
NC_000013.11:32394801:A:C,BRCA2,0,0.92712,0.5635,24.7,,0.69161,0.468,0.90683,0.86817,,0.67919,0.36985,0.62525,0.96416,0.83124,0.94754,0.70864,0.89649,0.71708,0.0,,0.95565,0.85907,0.95063,0.46707,0.99395
NC_000015.10:90749686:A:G,BLM,0,0.00083,0.0983,19.88,0.24862,0.10517,0.29588,0.20566,0.53531,0.28005,0.18083,0.22037,0.38062,0.81968,0.65215,0.97557,0.52189,0.7979,0.4031,0.0,,0.26251,0.37116,0.13574,0.58272,0.71628
NC_000015.10:90749722:A:G,BLM,0,0.13378,0.0605,7.638,0.16115,0.05315,0.18775,0.16509,0.1282,0.08304,0.04164,0.1411,0.08875,0.72916,0.25343,0.32292,0.31546,0.21307,0.21368,0.0,,0.23759,0.36138,0.31488,0.58272,0.63232
NC_000015.10:90749919:A:G,BLM,0,0.00671,0.0585,0.162,0.15285,0.03028,,0.05912,0.03084,0.01105,0.27464,0.0558,0.00328,0.33599,0.00655,0.22336,0.22165,0.22613,0.06397,0.0,,0.33902,0.27785,0.12443,0.58272,0.50026
NC_000015.10:90751818:G:A,BLM,0,0.01287,0.0615,2.571,0.08341,0.06522,0.21188,0.06252,0.05006,0.00543,0.0534,0.01606,0.01731,0.61462,0.01233,0.12933,0.07949,0.15705,0.06397,0.0,0.084152374,0.21425,0.26087,0.18685,0.58699,0.46938
NC_000015.10:90760705:C:T,BLM,0,0.0292,0.0776,1.285,0.1564,0.21359,,0.14866,0.02219,0.00203,0.02085,0.02938,0.0289,0.45836,0.32305,0.19214,0.25862,0.189,0.1381,0.0,0.067725023,0.25749,0.28838,0.32739,0.61818,0.24194
NC_000015.10:90761086:C:T,BLM,0,0.18167,0.0675,16.01,0.16798,0.41642,,0.3135,0.25473,0.05118,0.4451,0.15538,0.18741,0.77722,0.4272,0.51622,0.18846,0.23527,0.32542,0.01,0.125045808,0.08219,0.36678,0.26389,0.61818,0.43162
NC_000015.10:90794263:A:G,BLM,0,0.00358,0.0723,15.14,0.41331,0.60654,0.55722,0.4554,0.18105,0.36188,0.76722,0.54689,0.10788,0.8206,0.19165,0.07375,0.08491,0.23364,0.26551,0.02,0.205457296,0.23564,0.47275,0.53164,0.69774,0.86687
NC_000015.10:90803699:G:A,BLM,0,0.42737,0.0833,16.61,0.37136,0.51487,0.36362,0.32488,0.28762,0.1231,0.50336,0.23953,0.31681,0.74017,0.85042,0.30133,0.54078,0.2423,0.71708,0.0,0.26726621,0.42734,0.37649,0.48111,0.68816,0.78854
NC_000015.10:90803711:A:C,BLM,0,0.052,0.0471,6.959,0.04174,0.33781,,0.18734,0.04209,0.10946,0.04567,0.20175,0.02793,0.51673,0.00989,0.28379,0.37693,0.2217,0.2352,0.0,0.079794878,0.11323,0.36365,0.14095,0.68816,0.72125
NC_000015.10:90811221:G:C,BLM,0,0.03507,0.0734,14.02,0.24135,0.34577,0.34793,0.23466,0.06254,0.0033,0.26224,0.02287,0.01147,0.57785,0.02761,0.19987,0.13177,0.18652,0.06397,0.0,0.179796708,0.18062,0.3679,0.21343,0.66138,0.73952
NC_000015.10:90815206:C:A,BLM,0,0.00328,0.061,2.871,0.11786,0.30754,,0.15529,0.00203,0.04427,0.20542,0.14868,0.00734,0.48767,0.00069,0.00878,0.0441,0.1731,0.23012,0.0,,0.33972,0.31982,0.05367,0.65195,0.75465
NC_000015.10:90815237:A:G,BLM,0,0.02216,0.0549,5.602,0.25983,0.11312,0.16233,0.06594,0.02437,0.00256,0.09799,0.03677,0.03182,0.48966,0.07888,0.03587,0.09442,0.189,0.24052,0.01,,0.35034,0.32605,0.17651,0.65195,0.71996
NC_000016.10:23603613:T:C,PALB2,0,0.14691,0.0793,15.82,0.28423,0.31846,,0.25652,0.2122,0.42472,0.39575,0.26681,0.13741,0.34367,0.30318,0.54158,0.28115,0.29084,0.19761,0.0,,0.1837,0.50043,0.28526,0.8448,0.95676
NC_000016.10:23603646:C:T,PALB2,0,0.33132,0.1212,22.1,0.33599,0.38093,,0.17473,0.57772,0.33806,0.53931,0.4075,0.214,0.54766,0.42272,0.84669,0.45295,0.4084,0.27108,0.0,,0.24115,0.60994,0.25143,0.8448,0.96711
NC_000016.10:23603665:G:A,PALB2,0,,,11.45,,,,,,,,,,,,,,,,0.0,,,,,,
NC_000016.10:23607926:T:G,PALB2,0,0.76088,0.7371,22.6,0.72698,0.48019,0.75482,0.73882,0.83929,0.93866,0.92202,0.55688,0.60155,0.84034,0.5584,0.99173,0.65438,0.6908,0.71708,0.0,,0.70919,0.72227,0.67559,0.83697,0.99356
NC_000016.10:23621373:T:A,PALB2,0,0.68558,0.4397,19.3,0.57503,0.40494,,0.26702,0.44413,0.68887,0.75171,0.23462,0.1816,0.5965,0.44725,0.24251,0.06601,0.10325,0.15309,0.01,0.700956825,0.37318,0.63812,0.46092,0.83072,0.98591
NC_000016.10:23623039:C:G,PALB2,0,0.59451,0.5291,21.1,0.51546,0.40783,,0.27472,0.42625,0.68448,0.78075,0.12285,0.19413,0.51532,0.72168,0.23335,0.22038,0.18006,0.2603,0.0,0.594247633,0.31616,0.62011,0.43153,0.83072,0.98135
NC_000016.10:23623122:A:G,PALB2,0,0.10291,0.1888,9.269,0.01339,0.26066,,0.06252,0.02918,0.17932,0.01724,0.2201,0.00443,0.143,0.00251,0.1211,0.24537,0.27896,0.3741,0.0,0.059221889,0.38132,0.32406,0.08888,0.83072,0.93097
NC_000016.10:23626259:T:G,PALB2,0,0.50075,0.3175,23.1,0.26374,0.47089,0.64581,0.35529,0.30322,0.7342,0.63985,0.3784,0.17581,0.61306,0.75003,0.56278,0.26179,0.27159,0.28136,0.0,0.367360565,0.45431,0.64587,0.37061,0.83221,0.98052
NC_000016.10:23629228:T:A,PALB2,0,0.36176,0.1445,6.394,0.46067,0.31308,,0.19964,0.1345,0.50052,0.11212,0.10931,0.09526,0.5785,0.48504,0.04266,0.02387,0.05809,0.06397,0.0,0.52489262,0.36442,0.55126,0.39514,0.83312,0.98046
NC_000016.10:23629878:G:T,PALB2,0,0.05582,0.089,8.346,0.16342,0.12385,,0.07628,0.04751,0.0398,0.18893,0.00382,0.12919,0.16757,0.2229,0.11269,0.24491,0.22356,0.25594,0.0,0.242711464,0.33231,0.47892,0.07872,0.83466,0.93084
NC_000016.10:23629898:C:A,PALB2,0,0.46701,0.1315,15.47,0.28042,0.21498,,0.28227,0.35893,0.22023,0.1809,0.06488,0.16838,0.56347,0.42068,0.32481,0.22197,0.12029,0.1381,0.0,0.456454113,0.1374,0.70917,0.35592,0.83466,0.98135
NC_000016.10:23629931:C:G,PALB2,0,0.00691,0.0813,0.531,0.06033,0.12033,,0.12842,0.03495,0.00572,0.16402,0.05803,0.00194,0.12758,0.01732,0.28917,0.24165,0.24955,0.06397,0.0,0.042600706,0.4005,0.35124,0.04236,0.83466,0.92056
NC_000016.10:23629994:G:A,PALB2,0,0.18287,0.0947,9.597,0.14826,0.14641,,0.06252,0.11846,0.05508,0.17391,0.07527,0.13893,0.28755,0.40154,0.29887,0.34968,0.207,0.16672,0.03,0.247658255,0.26594,0.72621,0.14398,0.83466,0.93811
NC_000016.10:23630171:G:A,PALB2,0,0.17225,0.1083,13.22,0.26163,0.11105,,0.12499,0.19646,0.03151,0.06523,0.15283,0.06047,0.41837,0.45274,0.40464,0.22324,0.30923,0.18616,0.0,0.424348645,0.18836,0.75648,0.17651,0.83466,0.9165
NC_000016.10:23630334:G:C,PALB2,0,0.23007,0.1222,16.11,0.32166,0.1593,,0.13183,0.35179,0.18697,0.21922,0.19238,0.17188,0.35516,0.33666,0.21445,0.38511,0.39616,0.31296,0.02,0.573484244,0.10283,0.66126,0.23668,0.83466,0.94001
NC_000016.10:23635032:C:T,PALB2,0,0.00752,0.0792,0.103,0.0394,0.06631,0.0799,0.00254,0.01073,0.0005,0.11835,0.0141,0.00294,0.20856,0.02132,0.04549,0.10524,0.05828,0.06397,0.0,0.040879732,0.30213,0.32244,0.03867,0.83742,0.7598
NC_000016.10:23635207:A:C,PALB2,0,0.00369,0.0964,0.092,0.03563,0.05663,,0.02466,0.021,0.04864,0.07313,0.03327,0.01175,0.20324,0.04521,0.02071,0.033,0.11027,0.06397,0.03,0.047341085,0.42577,0.31324,0.04564,0.83742,0.80264
NC_000016.10:23635241:A:G,PALB2,0,0.04222,0.1708,6.763,0.22097,0.21974,0.16233,0.10071,0.15654,0.18798,0.3233,0.1469,0.05986,0.36285,0.41853,0.17644,0.09083,0.26576,0.06397,0.0,0.193274911,0.40417,0.57874,0.17189,0.83742,0.83345
NC_000016.10:23635280:T:G,PALB2,0,0.36123,0.1333,22.3,0.33625,0.43813,,0.17154,0.46063,0.38433,0.42061,0.1853,0.20958,0.48538,0.47905,0.54778,0.48223,0.36049,0.4031,0.0,0.412503919,0.10031,0.76874,0.14916,0.83742,0.91446
NC_000016.10:23635603:T:G,PALB2,0,0.13822,0.1218,3.62,0.06483,0.36521,,0.01686,0.04719,0.18316,0.17378,0.01634,0.12827,0.15247,0.45274,0.09409,0.10002,0.06717,0.1381,0.0,0.627798072,0.24534,0.71217,0.12311,0.83742,0.90366
NC_000016.10:23635955:G:C,PALB2,0,0.09417,0.1125,9.202,0.14689,0.10387,,0.11809,0.17734,0.03025,0.0653,0.1187,0.12535,0.42558,0.63625,0.18616,0.14266,0.30256,0.21719,0.0,,0.15879,0.48752,0.14095,0.83742,0.94591
NC_000016.10:23641111:T:C,PALB2,0,0.44446,0.3872,32.0,0.37443,0.04819,0.55722,0.21748,0.63192,0.48928,0.58906,0.71783,0.42684,0.54799,0.77789,0.51062,0.44698,0.52575,0.71708,0.27,0.624807066,0.13498,0.69402,0.31399,0.84361,0.97145
NC_000016.10:23641131:A:T,PALB2,0,0.59593,0.6556,28.5,0.39318,0.27552,,0.44327,0.74023,0.77381,0.41837,0.52163,0.44323,0.60229,0.78706,0.79676,0.41045,0.84293,0.71708,0.03,,0.62005,0.76998,0.47073,0.84361,0.98734
NC_000016.10:68737418:G:A,CDH1,0,0.52541,0.1256,23.1,0.49187,0.53753,,0.13183,0.32841,0.22915,0.50489,0.44361,0.30295,0.80242,0.71063,0.25102,0.40929,0.33763,0.71708,0.0,,0.39692,0.79685,0.41871,0.88821,0.94247
NC_000016.10:68738339:G:T,CDH1,0,0.9022,0.521,25.1,0.72465,0.76733,,0.68327,0.65115,0.87013,0.62031,0.31322,0.73958,0.88219,0.84564,0.6017,0.61726,0.94016,0.71708,0.01,,0.77951,0.73373,0.75914,0.88737,0.9889
NC_000016.10:68738360:C:A,CDH1,0,0.66596,0.135,16.11,0.56795,0.4716,0.39295,0.51502,0.42465,0.5587,0.76497,0.35935,0.40417,0.82896,0.52303,0.22665,0.18811,0.17507,0.32764,0.01,,0.41288,0.64338,0.50148,0.88737,0.97089
NC_000016.10:68738360:C:T,CDH1,0,0.56094,0.1028,19.04,0.43587,0.32673,0.31413,0.47059,0.47241,0.41932,0.52794,0.31263,0.35312,0.84561,0.40614,0.22665,0.18811,0.17507,0.32764,0.0,,0.45049,0.70234,0.56435,0.88737,0.96535
NC_000016.10:68738377:C:A,CDH1,0,0.42871,0.1834,12.89,0.31767,0.33325,,0.15858,0.23062,0.18361,0.81284,0.20806,0.29863,0.78767,0.66227,0.21125,0.10794,0.18749,0.19761,0.0,,0.46426,0.53608,0.53794,0.88737,0.94513
NC_000016.10:68738407:A:G,CDH1,0,0.6534,0.2555,21.1,0.47165,0.74656,0.48977,0.51199,0.56056,0.67146,0.97306,0.24804,0.53674,0.80674,0.76305,0.40586,0.07979,0.26665,0.30282,0.0,,0.60425,0.69666,0.57336,0.88737,0.98087
NC_000016.10:68738408:G:A,CDH1,0,0.2549,0.0832,15.95,0.30258,0.54319,0.52014,0.13183,0.21467,0.26753,0.42702,0.2952,0.35476,0.75397,0.30574,0.30797,0.20129,0.24934,0.31111,0.0,,0.25938,0.49497,0.21653,0.88737,0.93048
NC_000016.10:68801678:A:T,CDH1,0,0.46255,0.208,22.0,0.48655,0.51219,,0.41253,0.36285,0.40327,0.78713,0.3399,0.33795,0.76776,0.48504,0.78994,0.33987,0.8554,0.71708,0.02,,0.36205,0.63187,0.40531,0.8723,0.95283
NC_000016.10:68801726:G:A,CDH1,0,0.58201,0.1961,23.0,0.57257,0.36296,0.21188,0.55947,0.57879,0.56465,0.76273,0.08346,0.40236,0.84232,0.74822,0.388,0.3977,0.47037,0.29795,0.0,,0.62128,0.56512,0.56489,0.8723,0.97536
NC_000016.10:68801728:T:C,CDH1,0,0.78197,0.9373,22.0,0.55124,0.66242,,0.78798,0.46147,0.50788,0.83696,0.46349,0.48442,0.91657,0.82983,0.49987,0.39408,0.39116,0.38932,0.0,,0.82399,0.6782,0.8243,0.8723,0.97291
NC_000016.10:68801740:A:C,CDH1,0,0.12166,0.0597,7.942,0.16192,0.30106,,0.14198,0.04373,0.22069,0.76331,0.11343,0.37145,0.56337,0.31817,0.23196,0.12779,0.12965,0.06397,0.0,,0.21004,0.47851,0.38674,0.8723,0.92465
NC_000016.10:68801791:A:G,CDH1,0,0.00531,0.0962,3.812,0.16115,0.108,0.05031,0.20864,0.12092,0.0177,0.38429,0.03062,0.33836,0.50387,0.29723,0.24251,0.37368,0.32004,0.2278,0.1,,0.52876,0.48123,0.51692,0.8723,0.92472
NC_000016.10:68801849:C:T,CDH1,0,0.48915,0.0904,21.1,0.5252,0.25812,0.33146,0.67337,0.40347,0.14848,0.50272,0.26231,0.31261,0.83941,0.48504,0.38226,0.21194,0.17908,0.20724,0.0,,0.58398,0.69394,0.68337,0.8723,0.96734
NC_000016.10:68801876:G:A,CDH1,0,0.46378,0.0581,1.547,0.04809,0.14605,0.86665,0.86472,0.05234,0.00416,0.0094,0.00235,0.12484,0.57085,0.03762,0.11258,0.11478,0.07573,0.19076,0.0,,0.19214,0.61495,0.29363,0.8723,0.91337
NC_000016.10:68808429:G:A,CDH1,0,0.05802,0.0703,0.024,0.13767,0.05899,0.21188,0.14198,0.01717,0.0562,0.31557,0.04771,0.25562,0.351,0.33666,0.0007,0.0071,0.02272,0.06397,0.01,,0.11178,0.66459,0.2965,0.87184,0.91624
NC_000016.10:68808831:G:A,CDH1,0,0.04729,0.0606,2.197,0.12142,0.09983,0.4448,0.20266,0.03442,0.31195,0.1662,0.00812,0.26206,0.72008,0.0315,0.05306,0.15919,0.12266,0.06397,0.0,0.089099146,0.2418,0.5325,0.28396,0.8723,0.93808
NC_000016.10:68810232:G:A,CDH1,0,0.25071,0.0703,2.556,0.21334,0.13858,0.39295,0.3425,0.03505,0.26679,0.65475,0.00398,0.3607,0.53508,0.69568,0.02712,0.2851,0.29187,0.21143,0.03,0.266683401,0.31485,0.58598,0.40821,0.8723,0.91909
NC_000016.10:68810239:A:G,CDH1,0,0.75304,0.3212,27.1,0.72555,0.5545,0.93005,0.63079,0.4713,0.55984,0.67631,0.18934,0.80432,0.87743,0.30318,0.72269,0.63035,0.91528,0.71708,0.0,0.28634292,0.51137,0.79581,0.52858,0.8723,0.9798
NC_000016.10:68810310:A:G,CDH1,0,0.08565,0.0684,0.156,0.35347,0.17056,,0.00656,0.00662,0.23257,0.2895,0.02956,0.24142,0.44964,0.04097,0.02347,0.00872,0.08482,0.06397,0.01,0.100167138,0.32057,0.66811,0.17441,0.8723,0.93171
NC_000016.10:68810328:G:A,CDH1,0,0.19355,0.1822,24.4,0.57667,0.56545,0.37861,0.43797,0.3996,0.52095,0.64558,0.20212,0.46614,0.79026,0.08087,0.36544,0.49583,0.56552,0.42797,0.0,0.302272976,0.39674,0.79075,0.475,0.8723,0.98358
NC_000016.10:68811716:C:T,CDH1,0,0.66226,0.1583,20.2,0.68416,0.59146,0.37861,0.3993,0.26776,0.53412,0.77402,0.21947,0.38876,0.78321,0.61831,0.2997,0.28815,0.3077,0.15309,0.0,0.608329935,0.49741,0.81325,0.4792,0.8723,0.97252
NC_000016.10:68811789:C:A,CDH1,0,0.1696,0.0828,0.011,0.25552,0.21904,0.18775,0.15858,0.03885,0.37235,0.40919,0.05485,0.37474,0.60177,0.13494,0.02825,0.00542,0.02904,0.06397,0.0,,0.18649,0.50005,0.34814,0.8723,0.94657
NC_000016.10:68812155:G:A,CDH1,0,0.46649,0.1135,14.38,0.39779,0.41017,0.50018,0.29214,0.30623,0.46084,0.47326,0.1224,0.4619,0.7481,0.20792,0.19987,0.35673,0.18149,0.32063,0.0,0.221302629,0.63188,0.68988,0.54209,0.87291,0.97889
NC_000016.10:68812243:C:T,CDH1,0,0.98197,0.8834,27.4,0.88861,0.93498,0.8822,0.90418,0.93979,0.95299,0.92947,0.46186,0.98186,0.97312,0.98291,0.89371,0.79766,0.65152,0.71708,0.0,0.964280974,0.96402,0.99047,0.94325,0.87291,0.99849
NC_000016.10:68812257:A:C,CDH1,0,0.07553,0.0906,17.61,0.41564,0.76679,0.52014,0.28227,0.08351,0.57715,0.49268,0.17687,0.58252,0.6122,0.26626,0.37323,0.16147,0.43563,0.06397,0.0,0.128557129,0.37093,0.83783,0.41308,0.87291,0.97269
NC_000016.10:68812258:C:T,CDH1,0,0.4059,0.1126,14.37,0.4807,0.56049,,0.44677,0.27137,0.32659,0.39715,0.27303,0.44881,0.77347,0.90151,0.41829,0.23203,0.1954,0.06397,0.0,0.196996659,0.62266,0.9272,0.67467,0.87291,0.98176
NC_000016.10:68813328:C:A,CDH1,0,0.54171,0.132,17.35,0.55432,0.55747,,0.41992,0.30748,0.49224,0.87014,0.1043,0.3148,0.80144,0.89551,0.01535,0.03297,0.01999,0.06397,0.0,0.48107303,0.59382,0.83381,0.62205,0.8723,0.98478
NC_000016.10:68813338:G:T,CDH1,0,0.36769,0.1841,13.42,0.44243,0.53173,,0.26442,0.13576,0.40802,0.62008,0.03237,0.48437,0.73015,0.71366,0.09317,0.23675,0.15762,0.30223,0.0,0.321816611,0.40985,0.67351,0.45437,0.8723,0.973
NC_000016.10:68813345:G:C,CDH1,0,0.10948,0.1329,2.312,0.2653,0.39677,,0.22039,0.04566,0.20072,0.57156,0.13711,0.48652,0.53695,0.50191,0.33438,0.29234,0.38183,0.1381,0.0,0.150662807,0.28012,0.62977,0.38233,0.8723,0.96747
NC_000016.10:68813381:G:A,CDH1,0,0.29197,0.0701,8.057,0.30823,0.30194,,0.16833,0.18795,0.15366,0.27877,0.01317,0.41476,0.79632,0.33178,0.33832,0.28828,0.27369,0.1381,0.01,0.17091482,0.09516,0.59547,0.26248,0.8723,0.97574
NC_000016.10:68813399:T:C,CDH1,0,0.98709,0.9613,25.4,0.92528,0.91096,0.83495,0.81623,0.70391,0.88067,0.51182,0.60527,0.73433,0.89139,0.94978,0.98024,0.64388,0.74199,0.71708,0.03,0.665870656,0.65424,0.84807,0.61431,0.8723,0.99835
NC_000016.10:68813447:G:A,CDH1,0,0.02597,0.078,8.766,0.11753,0.23914,0.0799,0.22616,0.11504,0.06058,0.42816,0.24598,0.30092,0.6561,0.0503,0.47014,0.35326,0.33929,0.31427,0.0,0.072288401,0.32489,0.53669,0.17231,0.8723,0.9626
NC_000016.10:68813457:A:G,CDH1,0,0.45922,0.0852,19.61,0.44781,0.42156,,0.27472,0.31719,0.19424,0.52618,0.12449,0.47418,0.82615,0.31664,0.64877,0.4806,0.80586,0.71708,0.0,0.149392591,0.31006,0.6205,0.40978,0.8723,0.97674
NC_000016.10:68813470:C:G,CDH1,0,0.84659,0.7964,5.101,0.74382,0.77302,0.583,0.65439,0.16425,0.79473,0.83564,0.39479,0.44921,0.66798,0.76936,0.0047,0.00924,0.01313,0.06397,0.0,0.555888563,0.75144,0.8411,0.53102,0.8723,0.99061
NC_000016.10:68815553:G:A,CDH1,0,0.41139,0.0847,21.0,0.36595,0.27092,0.468,0.43262,0.41413,0.17254,0.67089,0.39111,0.70124,0.68008,0.29526,0.88681,0.56446,0.41097,0.71708,0.0,0.125106035,0.35394,0.58792,0.46184,0.87184,0.97492
NC_000016.10:68815593:C:G,CDH1,0,0.06353,0.0798,11.92,0.19917,0.17777,,0.05912,0.07979,0.00688,0.02139,0.04528,0.43818,0.79235,0.036,0.118,0.1854,0.16287,0.06397,0.02,0.081319916,0.1437,0.50505,0.23819,0.87141,0.95388
NC_000016.10:68815686:A:C,CDH1,0,0.68696,0.2756,26.3,0.67903,0.58805,0.85623,0.78361,0.74034,0.55045,0.78473,0.25705,,0.87991,0.57939,0.75361,0.76756,0.57545,0.71708,0.0,0.501307073,0.6665,0.82602,0.65185,0.87141,0.98815
NC_000016.10:68815758:C:T,CDH1,0,0.7113,0.1445,24.7,0.68594,0.41905,0.68236,0.62971,0.65577,0.26154,0.50502,0.25181,0.3768,0.91359,0.62976,0.6017,0.21815,0.11158,0.39528,0.0,,0.602,0.81529,0.55519,0.87141,0.97236
NC_000016.10:68819281:A:G,CDH1,0,0.88212,0.877,27.5,0.9248,0.88429,0.86665,0.92266,0.94135,0.83436,0.80822,0.54025,0.99523,0.92723,0.9778,0.83288,0.89454,0.86103,0.71708,0.1,0.973854135,0.9244,0.87733,0.87126,0.87013,0.99601
NC_000016.10:68819343:A:T,CDH1,0,0.46524,0.1412,16.5,0.46502,0.29434,,0.39546,0.35245,0.12256,0.36391,0.26498,0.45614,0.77457,0.37285,0.5238,0.35964,0.78816,0.21825,0.0,0.104311523,0.52319,0.70607,0.48864,0.87013,0.9465
NC_000016.10:68819397:A:G,CDH1,0,0.29831,0.0807,12.89,0.47384,0.33112,0.37861,0.11809,0.23581,0.05328,0.68599,0.12229,0.4163,0.77702,0.5915,0.3622,0.39015,0.41532,0.26999,0.12,0.333054663,0.40313,0.63701,0.43338,0.87013,0.88387
NC_000016.10:68822153:A:G,CDH1,0,0.49207,0.2392,23.4,0.71486,0.53168,0.39295,0.63715,0.75293,0.44684,0.78774,0.40223,0.73527,0.89135,0.80336,0.88013,0.66289,0.80719,0.71708,0.0,0.587824901,0.7547,0.8232,0.74906,0.86292,0.91411
NC_000016.10:68829756:G:A,CDH1,0,0.64922,0.8257,32.0,0.79527,0.66696,0.59943,0.82484,0.91914,0.70867,0.66897,0.56227,0.89078,0.95606,0.82783,0.98155,0.74323,0.9814,0.71708,0.0,0.513274468,0.88684,0.80022,0.88583,0.85054,0.95932
NC_000016.10:68833484:G:A,CDH1,0,0.51031,0.1408,32.0,0.68535,0.275,0.54827,0.68415,0.85,0.51931,0.84304,0.58043,0.82601,0.88358,0.53539,0.99707,0.75463,0.83104,0.71708,0.0,,0.60368,0.78576,0.65175,0.84789,0.93804
NC_000016.10:89738215:G:C,FANCA,0,,,0.323,,,,,,,,,,,,,,,,0.0,,,,,,
NC_000016.10:89738704:G:A,FANCA,0,,,2.727,,,,,,,,,,,,,,,,0.06,,,,,,
NC_000016.10:89738707:G:A,FANCA,0,,,6.005,,,,,,,,,,,,,,,,0.06,,,,,,
NC_000016.10:89738887:C:G,FANCA,0,,,1.04,,,,,,,,,,,,,,,,0.06,,,,,,
NC_000016.10:89738896:G:A,FANCA,0,,,4.073,,,,,,,,,,,,,,,,0.06,,,,,,
NC_000016.10:89738899:G:A,FANCA,0,,,4.711,,,,,,,,,,,,,,,,0.07,,,,,,
NC_000016.10:89738905:T:C,FANCA,0,,,3.813,,,,,,,,,,,,,,,,0.13,,,,,,
NC_000016.10:89738941:A:G,FANCA,0,,,4.238,,,,,,,,,,,,,,,,0.0,,,,,,
NC_000016.10:89738965:G:A,FANCA,0,,,0.626,,,,,,,,,,,,,,,,0.06,,,,,,
NC_000016.10:89738965:G:C,FANCA,0,,,0.058,,,,,,,,,,,,,,,,0.0,,,,,,
NC_000016.10:89738968:G:A,FANCA,0,,,0.965,,,,,,,,,,,,,,,,0.01,,,,,,
NC_000016.10:89740070:T:G,FANCA,0,0.3281,0.1033,9.51,0.60098,0.37337,0.29588,0.79169,0.03282,0.36874,0.12825,0.05541,0.20673,0.64954,0.27866,0.08016,0.13617,0.05556,0.06397,0.22,0.234302292,0.51808,0.82211,0.62307,0.58047,0.88544
NC_000016.10:89764941:G:C,FANCA,0,0.18708,0.0718,14.37,0.14689,0.11729,0.18775,0.64742,0.07279,0.0162,0.34649,0.06508,0.09004,0.8085,0.12621,0.26934,0.36182,0.29621,0.35427,0.02,0.081509283,0.4363,0.3438,0.54835,0.60851,0.80054
NC_000016.10:89765019:A:T,FANCA,0,0.1255,0.1017,0.223,0.40342,0.16333,0.18775,0.7487,0.01509,0.0833,0.4159,0.03054,0.07195,0.5157,0.33666,0.0042,0.00671,0.04425,0.06397,0.0,0.208218038,0.55124,0.60279,0.72775,0.60851,0.82371
NC_000016.10:89765039:G:T,FANCA,0,0.32321,0.7779,15.69,0.40008,0.16262,0.0799,0.29456,0.13665,0.15955,0.07818,0.24271,0.23265,0.94426,0.33237,0.16705,0.35,0.34005,0.27538,0.0,0.195460349,0.4917,0.49174,0.66682,0.60851,0.82933
NC_000016.10:89771738:A:G,FANCA,0,0.01156,0.0625,0.002,0.12142,0.09115,0.05031,0.69449,0.0002,0.00203,0.07431,0.01854,0.02818,0.62252,0.14367,0.0067,0.00143,0.0238,0.06397,0.0,0.088036133,0.53738,0.28339,0.60034,0.60851,0.73897
NC_000016.10:89775752:T:A,FANCA,0,0.13281,0.1341,14.11,0.58975,0.38218,0.21188,0.48533,0.09766,0.24701,0.34444,0.05983,0.12834,0.86905,0.26056,0.44639,0.36763,0.28904,0.18007,0.0,0.641713383,0.62577,0.8853,0.69717,0.65652,0.81253
NC_000016.10:89783071:CG:TA,FANCA,0,,,,,,,,,,,,,,,,,,,,,,,,,
NC_000016.10:89791491:G:C,FANCA,0,0.38703,0.0821,15.93,0.6336,0.22506,0.21188,0.69785,0.21904,0.04933,0.4116,0.15349,0.18535,0.94157,0.65514,0.0882,0.1854,0.25611,0.38932,0.02,0.514626586,0.86924,0.56218,0.94314,0.68385,0.92297
NC_000016.10:89808345:C:T,FANCA,0,0.27367,0.1305,11.11,0.50447,0.17095,0.16233,0.17791,0.10159,0.02593,0.40207,0.31025,0.17623,0.34598,0.48504,0.04345,0.13088,0.07545,0.26358,0.0,0.529208032,0.22658,0.6636,0.27222,0.69373,0.84482
NC_000016.10:89814599:A:G,FANCA,0,0.03295,0.0424,0.705,0.071,0.07151,0.05031,0.06594,0.00349,0.09891,0.01439,0.0503,0.01018,0.15334,0.02164,0.02737,0.12626,0.14509,0.18434,0.1,0.044765444,0.26032,0.27854,0.11876,0.69035,0.68317
NC_000016.10:89815972:C:G,FANCA,0,0.01339,0.4238,9.524,0.51995,0.07434,0.16233,0.24572,0.0897,0.12234,0.27509,0.49132,0.22476,0.84682,0.27866,0.07634,0.07899,0.09382,0.06397,0.05,0.627076248,0.51973,0.43068,0.64274,0.69035,0.84242
NC_000016.10:89816555:C:G,FANCA,0,0.54012,0.5921,18.66,0.49448,0.24145,0.10826,0.60958,0.18628,0.34167,0.19254,0.66077,0.16884,0.93016,0.47096,0.20824,0.19495,0.10698,0.06397,0.0,,0.67558,0.51066,0.76721,0.69035,0.92593
NC_000017.11:7669613:C:A,TP53,0,0.65452,0.5696,24.0,0.87075,0.45182,,0.86523,0.70048,0.88151,0.47877,0.51788,0.46707,0.92817,0.50681,0.75048,0.40695,0.44376,0.4031,0.0,,0.98765,0.98206,0.99323,0.79203,0.99571
NC_000017.11:7669626:T:A,TP53,0,0.31548,0.1139,11.52,0.8526,0.18249,,0.76954,0.0853,0.56821,0.50755,0.30615,0.23443,0.83926,0.47905,0.032,0.04525,0.09344,0.22312,0.0,,0.93794,0.82304,0.97235,0.79203,0.98195
NC_000017.11:7669628:C:G,TP53,0,0.44934,0.1146,22.9,0.84172,0.31792,,0.77792,0.61318,0.70997,0.51182,0.28909,0.31413,0.89605,0.47905,0.50878,0.40617,0.36527,0.36691,0.0,,0.96432,0.89065,0.98983,0.79203,0.98849
NC_000017.11:7669631:T:G,TP53,0,0.26962,0.1021,23.2,0.77339,0.18187,,0.75759,0.3036,0.4848,0.29714,0.08975,0.60396,0.70075,0.06502,0.75048,0.52686,0.45466,0.71708,0.0,,0.90996,0.77827,0.95595,0.79203,0.97509
NC_000017.11:7669635:G:T,TP53,0,0.09549,0.2501,13.55,0.45592,0.12381,,0.60256,0.10441,0.39818,0.02312,0.2116,0.17195,0.80419,0.32428,0.11087,0.08294,0.2349,0.24119,0.0,,0.89013,0.74039,0.94332,0.79203,0.97023
NC_000017.11:7669637:A:G,TP53,0,0.03625,0.2501,7.365,0.45592,0.12381,,0.48694,0.02712,0.24211,0.02312,0.2116,0.10893,0.67541,0.32428,0.02244,0.07069,0.1062,0.06397,0.0,,0.8676,0.74039,0.92707,0.79203,0.96804
NC_000017.11:7669639:A:G,TP53,0,0.24406,0.1132,13.34,0.56795,0.37185,0.5103,0.64943,0.20283,0.73693,0.00966,0.28407,0.16651,0.85941,0.41447,0.49464,0.25282,0.43206,0.06397,0.0,,0.94799,0.88549,0.97516,0.79203,0.98293
NC_000017.11:7669640:T:C,TP53,0,0.27629,0.0844,15.8,0.71185,0.28716,0.31413,0.67428,0.16405,0.50611,0.01188,0.14703,0.17756,0.90366,0.41447,0.2201,0.20443,0.2388,0.06397,0.01,,0.93699,0.86594,0.97068,0.79203,0.98249
NC_000017.11:7669654:C:A,TP53,0,0.38456,0.1207,21.4,0.6123,0.26431,0.82411,0.66499,0.34978,0.60365,0.12825,0.01823,0.17372,0.8621,0.36205,0.36434,0.25949,0.14311,0.42797,0.1,,0.95925,0.85287,0.97804,0.79203,0.98154
NC_000017.11:7669667:G:T,TP53,0,0.26031,0.0847,22.1,0.67868,0.26091,,0.65927,0.23676,0.64531,0.03282,0.14181,0.52393,0.82164,0.36205,0.35578,0.38884,0.41147,0.34293,0.49,,0.89441,0.78774,0.96235,0.79203,0.97682
NC_000017.11:7669670:C:G,TP53,0,0.24512,0.164,20.9,0.8338,0.31777,0.60746,0.6859,0.29639,0.29852,0.15569,0.41272,0.35542,0.86486,0.36205,0.37323,0.33137,0.44327,0.71708,0.0,0.222325548,0.95695,0.86707,0.97188,0.79203,0.98108
NC_000017.11:7670641:C:T,TP53,0,0.04965,0.0689,7.817,0.44106,0.30198,0.41989,0.43797,0.05926,0.19696,0.18627,0.11925,0.31543,0.45223,0.09278,0.26269,0.12562,0.24678,0.06397,0.0,0.191993327,0.61771,0.86537,0.7411,0.79385,0.92057
NC_000017.11:7670642:C:G,TP53,0,0.19141,0.1159,16.49,0.59178,0.34741,0.39295,0.36974,0.16603,0.32327,0.27921,0.12935,0.32475,0.71502,0.29723,0.37772,0.29077,0.23646,0.1381,0.0,0.353117948,0.67684,0.88881,0.8002,0.79385,0.95813
NC_000017.11:7670645:C:T,TP53,0,0.16987,0.0737,13.62,0.28795,0.26138,0.29588,0.54426,0.1084,0.32262,0.3363,0.07492,0.1641,0.73178,0.34065,0.05274,0.12868,0.04688,0.1381,0.0,0.257998725,0.75749,0.91447,0.88119,0.79385,0.95812
NC_000017.11:7670668:G:C,TP53,0,0.37769,0.2621,23.1,0.62309,0.38626,,0.64943,0.4082,0.6419,0.60699,0.29146,0.51392,0.75629,0.35108,0.78994,0.40365,0.77845,0.26071,0.0,0.32256513,0.86051,0.88473,0.90411,0.79385,0.97813
NC_000017.11:7670685:G:C,TP53,0,0.14714,0.6943,15.11,0.38705,0.41255,,0.48371,0.18326,0.53472,0.00152,0.43877,0.27924,0.72019,0.08159,0.38226,0.17575,0.21353,0.23435,0.0,0.155644988,0.5795,0.86735,0.63209,0.79385,0.95089
NC_000017.11:7670688:C:A,TP53,0,0.29476,0.502,19.64,0.35603,0.55797,,0.57662,0.2551,0.36937,0.36784,0.35781,0.4217,0.78727,0.26876,0.3857,0.2369,0.24212,0.38932,0.0,0.322009575,0.77695,0.92528,0.86197,0.79385,0.96955
NC_000017.11:7670688:C:G,TP53,0,0.29196,0.502,19.37,0.35603,0.55797,,0.57662,0.2551,0.36937,0.36784,0.35781,0.4217,0.78619,0.26876,0.3857,0.2369,0.24212,0.38932,0.0,0.322009575,0.77695,0.92528,0.86197,0.79385,0.9695
NC_000017.11:7670702:C:G,TP53,0,0.4853,0.1098,14.44,0.57298,0.39537,,0.64234,0.13313,0.62301,0.65718,0.14023,0.31679,0.89204,0.66963,0.05971,0.28855,0.1001,0.23536,0.0,0.483057429,0.84488,0.97445,0.90835,0.79385,0.97913
NC_000017.11:7670704:C:A,TP53,0,0.76002,0.7353,20.7,0.64946,0.73833,,0.92433,0.41532,0.85502,0.74388,0.28774,0.48665,0.96378,0.8906,0.53344,0.41297,0.18474,0.30356,0.0,0.521360369,0.96403,0.99813,0.9686,0.79385,0.99514
NC_000017.11:7670711:G:A,TP53,0,0.97095,0.2336,24.5,0.80436,0.66084,0.91349,0.95791,0.67808,0.90943,0.68932,0.4694,0.51835,0.9608,0.90283,0.53344,0.45776,0.4983,0.29697,0.0,0.600565818,0.98215,0.99785,0.97682,0.79385,0.99428
NC_000017.11:7673222:G:A,TP53,0,,,3.766,,,,,,,,,,,,,,,,0.0,,,,,,
NC_000017.11:7673227:G:C,TP53,0,,,6.783,,,,,,,,,,,,,,,,0.09,,,,,,
NC_000017.11:7673249:C:T,TP53,0,,,13.16,,,,,,,,,,,,,,,,0.0,,,,,,
NC_000017.11:7673311:A:G,TP53,0,,,13.2,,,,,,,,,,,,,,,,0.24,,,,,,
NC_000017.11:7673318:T:G,TP53,0,,,13.51,,,,,,,,,,,,,,,,0.03,,,,,,
NC_000017.11:7673331:G:A,TP53,0,,,5.852,,,,,,,,,,,,,,,,0.0,,,,,,
NC_000017.11:7673555:A:T,TP53,0,0.61949,0.1131,17.03,0.46995,0.33918,,0.84913,0.38535,0.48453,0.11072,0.28778,0.40699,0.91757,0.43659,0.31839,0.32795,0.20357,0.4147,0.0,0.302422655,0.61829,0.97152,0.5948,0.80453,0.99436
NC_000017.11:7673557:C:T,TP53,0,0.63759,0.1291,23.6,0.721,0.52238,,0.8747,0.52254,0.62673,0.61563,0.31497,0.3234,0.97007,0.7334,0.48623,0.36678,0.46204,0.33884,0.01,0.424064644,0.74655,0.97733,0.71702,0.80453,0.99524
NC_000017.11:7673575:G:A,TP53,0,0.28797,0.0772,16.74,0.34136,0.26426,0.23472,0.62096,0.15582,0.17078,0.31023,0.06801,0.21463,0.90591,0.36914,0.22204,0.23203,0.20746,0.2257,0.0,0.23335135,0.99982,0.75917,0.98136,0.80453,0.99524
NC_000017.11:7673589:C:T,TP53,0,0.39559,0.0786,18.54,0.50975,0.36268,0.43258,0.66499,0.21589,0.34896,0.38574,0.20171,0.20348,0.86249,0.5314,0.25902,0.14573,0.26189,0.1381,0.15,0.321129003,0.99976,0.83416,0.9899,0.80453,0.99387
NC_000017.11:7673592:G:T,TP53,0,0.41525,0.0882,20.7,0.65196,0.50204,,0.75283,0.42245,0.32494,0.23369,0.21591,0.25727,0.8658,0.6869,0.70547,0.33114,0.47426,0.18616,0.01,0.402731331,0.95532,0.89342,0.99569,0.80453,0.99612
NC_000017.11:7673597:G:C,TP53,0,0.09526,0.1361,3.43,0.62921,0.31268,,0.47555,0.02669,0.23056,0.485,0.08263,0.2297,0.71595,0.06502,0.05697,0.04563,0.13282,0.06397,0.01,0.088018983,0.99988,0.72223,0.96834,0.80453,0.9914
NC_000017.11:7673598:T:C,TP53,0,0.0536,0.059,8.016,0.36626,0.22175,,0.67153,0.04308,0.08475,0.09319,0.04522,0.17248,0.62786,0.03333,0.25322,0.19215,0.30083,0.06397,0.03,0.086002788,0.99967,0.72712,0.97431,0.80453,0.98854
NC_000017.11:7673712:T:C,TP53,0,0.38259,0.0591,19.9,0.51521,0.43552,,0.68764,0.21459,0.25701,0.32374,0.15594,0.33772,0.86695,0.48504,0.73465,0.2656,0.32805,0.06397,0.0,0.223794582,0.99942,0.72725,0.99304,0.80702,0.99581
NC_000017.11:7673714:C:G,TP53,0,0.41959,0.0807,17.74,0.62107,0.37071,,0.63399,0.18054,0.20873,0.46249,0.02478,0.34175,0.84408,0.42446,0.25902,0.29575,0.3144,0.06397,0.0,0.32385924,0.99555,0.78962,0.99072,0.80702,0.99403
NC_000017.11:7673720:G:A,TP53,0,0.58647,0.0698,19.64,0.70165,0.39925,,0.78173,0.44319,0.17848,0.51697,0.07718,0.48458,0.91556,0.79755,0.47172,0.26151,0.50097,0.06397,0.0,0.479648278,0.99898,0.88882,0.99258,0.80702,0.99714
NC_000017.11:7673736:G:A,TP53,0,0.05083,0.0667,1.837,0.32871,0.24346,,0.62755,0.02939,0.18984,0.1384,0.01802,0.17976,0.65863,0.08994,0.14601,0.117,0.11694,0.1381,0.0,0.133784435,0.96921,0.74689,0.96834,0.80702,0.99026
NC_000017.11:7673744:T:C,TP53,0,0.43757,0.0806,20.9,0.45685,0.33756,,0.76494,0.3119,0.55423,0.2019,0.21022,0.45086,0.90187,0.58575,0.45943,0.58376,0.42591,0.71708,0.0,0.388239095,0.99916,0.80152,0.98763,0.80702,0.99591
NC_000017.11:7673753:A:G,TP53,0,0.57041,0.5712,21.9,0.77429,0.70019,,0.79353,0.25222,0.87202,0.60694,0.29149,0.63847,0.89502,0.26056,0.32955,0.37599,0.31415,0.30056,0.0,0.32288686,0.98315,0.98827,0.99317,0.80702,0.99909
NC_000017.11:7673799:C:T,TP53,0,0.4757,0.0913,9.486,0.12545,0.29698,,0.68503,0.08291,0.31051,0.28962,0.13096,0.22238,0.70433,0.10354,0.10455,0.14199,0.08315,0.16112,0.01,0.145668432,0.94715,0.90569,0.96746,0.80702,0.99128
NC_000017.11:7673814:T:A,TP53,0,0.67609,0.0938,22.3,0.63944,0.52105,,0.75624,0.34348,0.6712,0.54898,0.3581,0.41399,0.84407,0.30505,0.32765,0.75008,0.54984,0.39528,0.01,0.242431656,0.97503,0.90396,0.98852,0.80702,0.99488
NC_000017.11:7673831:T:C,TP53,0,0.5639,0.093,16.31,0.46493,0.14457,,0.54707,0.07499,0.62595,0.57066,0.24295,0.42947,0.72289,0.23933,0.22468,0.37809,0.17459,0.34219,0.03,0.27763617,0.99923,0.90887,0.98423,0.80702,0.99326
NC_000017.11:7674202:T:C,TP53,0,0.79574,0.1871,22.6,0.81078,0.43026,0.85623,0.92638,0.58045,0.77447,0.57494,0.62278,0.98552,0.91245,0.44488,0.56929,0.88776,0.7382,0.71708,0.0,0.598937194,0.97864,0.94556,0.99307,0.80702,0.99909
NC_000017.11:7674908:C:T,TP53,0,0.983,0.5927,25.5,0.87641,0.72501,,0.91807,0.72674,0.83428,0.80278,0.36706,0.94343,0.95558,0.69448,0.78301,0.86533,0.64724,0.71708,0.03,0.293808694,0.96533,0.99956,0.99813,0.80638,0.99909
NC_000017.11:7674954:C:G,TP53,0,0.67817,0.3598,18.46,0.60609,0.41355,,0.80504,0.27264,0.86025,0.67911,0.2767,0.38431,0.88313,0.30505,0.27084,0.15898,0.13356,0.37709,0.0,0.498293843,0.99421,0.97582,0.99499,0.80638,0.99894
NC_000017.11:7675055:C:T,TP53,0,0.72772,0.3448,19.97,0.58569,0.24087,0.89253,0.80204,0.5357,0.75563,0.56126,0.5282,0.78646,0.92448,0.5887,0.71412,0.47296,0.66596,0.33235,0.0,0.466967635,0.97889,0.9447,0.99526,0.80547,0.99806
NC_000017.11:7675056:G:C,TP53,0,0.58605,0.6104,0.32,0.71497,0.17974,,0.79475,0.04158,0.69791,0.5646,0.25113,0.44408,0.87871,0.35689,0.00351,0.03406,0.03514,0.06397,0.21,0.577430508,0.99888,0.97602,0.99065,0.80547,0.99835
NC_000017.11:7675064:A:G,TP53,0,0.40695,0.1431,17.68,0.40099,0.41912,,0.7542,0.15214,0.70991,0.21433,0.25293,0.33651,0.94083,0.38643,0.21064,0.19124,0.36372,0.06397,0.01,0.227424507,0.99551,0.9569,0.98355,0.80547,0.99702
NC_000017.11:7675090:C:T,TP53,0,0.48028,0.1746,16.67,0.59608,0.37968,0.68992,0.69701,0.12556,0.72409,0.51929,0.31413,0.37754,0.87447,0.12663,0.26196,0.11988,0.34507,0.06397,0.0,0.146278654,0.99818,0.90301,0.97607,0.80547,0.99726
NC_000017.11:7676004:C:T,TP53,0,0.9092,0.8281,23.6,0.66889,0.52231,0.90819,0.92225,0.70411,0.88189,0.70395,0.63654,0.71742,0.93623,0.84765,0.59936,0.61799,0.65199,0.71708,0.0,0.862811299,0.96956,0.98987,0.99692,0.80547,0.99849
NC_000017.11:7676015:G:A,TP53,0,0.87075,0.7032,25.3,0.89829,0.53196,0.94846,0.97092,0.87107,0.98445,0.59065,0.55298,0.76811,0.95469,0.87374,0.59936,0.72744,0.97767,0.71708,0.01,0.657645045,0.96828,0.99948,0.99726,0.80547,0.99909
NC_000017.11:7676087:G:A,TP53,0,0.68,0.418,26.2,0.83705,0.55284,,0.81448,0.70928,0.70277,0.26019,0.68335,0.87082,0.94076,0.68366,0.52566,0.67286,0.97767,0.71708,0.04,0.630864167,0.98854,0.89279,0.98845,0.80547,0.99739
NC_000017.11:7676118:C:T,TP53,0,0.36132,0.0742,11.09,0.42014,0.23869,0.23472,0.71562,0.07109,0.25627,0.45684,0.4245,0.24074,0.87623,0.35798,0.0529,0.13682,0.21584,0.17103,0.0,0.259209045,0.95695,0.72245,0.97988,0.80547,0.99281
NC_000017.11:7676141:G:C,TP53,0,0.11611,0.0887,5.989,0.48539,0.18413,,0.4772,0.01872,0.20937,0.4921,0.25169,0.28841,0.79016,0.2495,0.03665,0.17242,0.13476,0.06397,0.0,0.21389982,0.93924,0.77985,0.94034,0.80547,0.98646
NC_000017.11:7676147:G:A,TP53,0,0.16781,0.0761,2.784,0.33698,0.21288,0.21188,0.53427,0.01781,0.15238,0.46803,0.27259,0.27629,0.74897,0.3126,0.03665,0.0354,0.17763,0.06397,0.0,0.189476508,0.97216,0.7619,0.94905,0.80547,0.98426
NC_000017.11:7676150:A:T,TP53,0,0.19693,0.0808,1.442,0.68725,0.15689,,0.70199,0.02029,0.449,0.2081,0.32533,0.10519,0.75586,0.11102,0.07013,0.1545,0.24977,0.06397,0.0,0.109050915,0.93909,0.72075,0.95142,0.80547,0.98563
NC_000017.11:7676152:GG:AC,TP53,0,,,,,,,,,,,,,,,,,,,,0.444768047,,,,,
NC_000017.11:7676172:T:C,TP53,0,0.04362,0.0722,0.012,0.32141,0.14422,,0.55811,0.02806,0.37282,0.01156,0.28691,0.1856,0.65468,0.08897,0.09968,0.02611,0.01928,0.06397,0.02,0.087033958,0.93011,0.75429,0.95425,0.80547,0.9823
NC_000017.11:7676180:G:C,TP53,0,0.17533,0.084,13.63,0.49907,0.19456,0.5103,0.52992,0.07935,0.2716,0.22604,0.20419,0.30325,0.90647,0.37687,0.10937,0.20311,0.17856,0.06397,0.39,0.30365271,0.98942,0.83234,0.96904,0.80547,0.98616
NC_000017.11:7676192:C:T,TP53,0,0.27235,0.0775,0.15,0.44626,0.17634,0.27662,0.67701,0.01824,0.47762,0.37314,0.2445,0.28715,0.88335,0.27866,0.01824,0.0687,0.11613,0.16672,0.0,0.096008916,0.99451,0.74272,0.94491,0.80547,0.99281
NC_000017.11:7676196:G:C,TP53,0,0.13464,0.0571,0.518,0.51631,0.13005,,0.63925,0.04623,0.50689,0.31827,0.17101,0.27191,0.8855,0.35209,0.14675,0.20203,0.23343,0.15309,0.03,0.182886936,0.96714,0.76463,0.95156,0.80547,0.99061
NC_000017.11:7676224:G:T,TP53,0,0.13576,0.0657,0.001,0.27199,0.11364,,0.68238,0.00173,0.53242,0.06282,0.11897,0.16552,0.70487,0.04186,0.02763,0.00659,0.02725,0.06397,0.06,0.083262924,0.95703,0.72873,0.93715,0.80547,0.98504
NC_000017.11:7676261:G:T,TP53,0,0.28577,0.0832,2.973,0.51436,0.19954,,0.73811,0.06503,0.4578,0.29491,,0.16512,0.86552,0.29148,0.10178,0.10713,0.17604,0.06397,0.25,,0.93647,0.73428,0.94936,0.80547,0.98875
NC_000017.11:7676383:G:C,TP53,0,0.53597,0.0781,19.94,0.58155,0.27497,,0.71326,0.3638,0.37639,0.32259,,0.34021,0.92519,0.46601,0.30881,0.27764,0.3298,0.28964,0.0,,0.9785,0.78527,0.98955,0.80547,0.99436
NC_000017.11:7676392:T:C,TP53,0,0.18321,0.0765,13.3,0.30288,0.16741,,0.583,0.13668,0.62303,0.11419,,0.16222,0.88581,0.33666,0.13661,0.11607,0.13506,0.06397,0.0,,0.93889,0.76237,0.9816,0.80547,0.99281
NC_000017.11:7676566:C:G,TP53,0,0.10403,0.0711,0.199,0.28469,0.10425,,0.79046,0.0136,0.15007,0.03221,,0.13363,0.92638,0.09278,0.03543,0.07171,0.05575,0.06397,0.0,,0.96811,0.7208,0.94797,0.80547,0.98916
NC_000017.11:7676571:G:A,TP53,0,0.02406,0.0552,12.32,0.19398,0.13287,,0.79107,0.02092,0.08409,0.23458,,0.0417,0.89959,0.00238,0.35159,0.35315,0.43812,0.18934,0.01,,0.90363,0.73392,0.9154,0.80547,0.9852
NC_000017.11:7676573:A:C,TP53,0,0.18977,0.0831,0.24,0.21639,0.06109,,0.79169,0.01787,0.11298,0.07554,,0.13288,0.89155,0.20748,0.0234,0.03649,0.10827,0.16112,0.0,,0.93567,0.72829,0.93463,0.80547,0.98895
NC_000017.11:7676583:G:A,TP53,0,0.42622,0.0734,17.01,0.30788,0.14013,,0.80264,0.14115,0.13784,0.26819,,0.22358,0.94334,0.4272,0.07445,0.30246,0.32988,0.1381,0.01,,0.95697,0.86037,0.96716,0.80547,0.99296
NC_000017.11:7676583:G:T,TP53,0,0.31984,0.0795,12.84,0.38299,0.12372,,0.83108,0.1153,0.06071,0.29188,,0.25835,0.93843,0.32854,0.07445,0.30246,0.32988,0.1381,0.02,,0.97088,0.72795,0.97286,0.80547,0.99166
NC_000017.11:35100980:C:T,RAD51D,0,0.12385,0.0724,7.836,0.06187,0.21976,0.13577,0.20864,0.16619,0.14224,0.33093,,0.08107,0.52635,0.1546,0.47798,0.26758,0.20595,0.20029,0.01,,0.17091,0.35982,0.3347,0.21205,0.77425
NC_000017.11:35101001:G:T,RAD51D,0,0.15804,0.0724,2.84,0.04502,0.26817,,0.17473,0.17884,0.06068,0.29418,,0.28315,0.46543,0.45274,0.12354,0.06977,0.24336,0.15309,0.08,,0.07916,0.39078,0.30367,0.21205,0.79019
NC_000017.11:35101015:C:A,RAD51D,0,0.2411,0.1281,11.54,0.06555,0.22455,,0.11462,0.13793,0.26733,0.12,,0.16657,0.58635,0.38437,0.17644,0.13221,0.03334,0.1381,0.0,0.089240703,0.27215,0.4216,0.44398,0.21205,0.78214
NC_000017.11:35101015:C:T,RAD51D,0,0.23939,0.1281,11.91,0.06555,0.22455,,0.10071,0.13793,0.26733,0.12,,0.15372,0.58635,0.38437,0.17644,0.13221,0.03334,0.1381,0.08,0.089240703,0.27215,0.4216,0.44398,0.21205,0.78177
NC_000017.11:35101259:C:G,RAD51D,0,0.16747,0.0769,9.428,0.07229,0.35918,0.16233,0.14198,0.10797,0.12854,0.26164,,0.19539,0.13271,0.28753,0.23891,0.29155,0.20952,0.21143,0.0,0.229087911,0.21587,0.4486,0.28298,0.21527,0.75775
NC_000017.11:43045703:G:A,BRCA1,0,0.38909,0.1017,12.37,0.59681,0.17334,0.47906,0.73739,0.24976,0.1903,0.3926,0.08037,0.24546,0.8252,0.23665,0.24884,0.34033,0.21759,0.30575,0.0,0.35789818,0.74042,0.46229,0.85623,0.81664,0.99333
NC_000017.11:43045724:C:T,BRCA1,0,0.56449,0.1269,22.3,0.69405,0.40584,,0.83555,0.36231,0.51919,0.47235,0.31582,0.50147,0.83194,0.5887,0.36766,0.4705,0.31086,0.71708,0.0,0.165663886,0.80332,0.4216,0.8889,0.81664,0.99552
NC_000017.11:43045726:T:C,BRCA1,0,0.52355,0.1374,19.15,0.62057,0.64788,,0.84752,0.45792,0.32578,0.73927,0.09527,0.42714,0.88776,0.39402,0.49636,0.47524,0.29852,0.71708,0.0,0.2768025,0.88362,0.50944,0.8958,0.81664,0.99571
NC_000017.11:43045729:C:G,BRCA1,0,0.62437,0.3322,20.3,0.68089,0.51064,,0.87273,0.46988,0.57742,0.54197,0.12161,0.6422,0.92789,0.60795,0.51246,0.46907,0.40782,0.71708,0.0,0.473073628,0.85946,0.5908,0.84103,0.81664,0.99655
NC_000017.11:43045732:T:C,BRCA1,0,0.35414,0.0877,18.73,0.53425,0.2419,0.4067,0.82541,0.24278,0.25765,0.5747,0.07845,0.32533,0.80521,0.34065,0.35054,0.39633,0.35291,0.71708,0.0,0.174280629,0.756,0.39889,0.86642,0.81664,0.99488
NC_000017.11:43045738:A:C,BRCA1,0,0.72706,0.2129,22.4,0.73237,0.43999,0.55722,0.88771,0.57147,0.69188,0.55382,0.17449,0.33374,0.84959,0.51658,0.33632,0.42935,0.56275,0.71708,0.0,0.175520622,0.80085,0.44743,0.90914,0.81664,0.99726
NC_000017.11:43045777:G:A,BRCA1,0,0.51505,0.0901,16.53,0.52281,0.33908,,0.82314,0.40392,0.30136,0.61197,0.13456,0.30788,0.84426,0.51658,0.51062,0.33702,0.29699,0.18233,0.0,0.177012931,0.79895,0.50481,0.80637,0.81664,0.99364
NC_000017.11:43045791:C:G,BRCA1,0,0.58621,0.1684,20.6,0.66664,0.2926,,0.81273,0.33976,0.59063,0.41416,0.25008,0.34137,0.88173,,0.371,0.27751,0.26197,0.34983,0.0,0.324150399,0.72628,0.6107,0.82857,0.81664,0.99198
NC_000017.11:43045791:C:T,BRCA1,0,,,7.628,,,,,,,,,,,,,,,,0.0,,,,,,
NC_000017.11:43045793:G:C,BRCA1,0,0.54522,0.0782,20.3,0.80099,0.23464,,0.7886,0.52041,0.70924,0.08753,0.2175,0.45286,0.8791,,0.51062,0.54885,0.49835,0.39528,0.0,0.192387671,0.7542,0.44212,0.8371,0.81664,0.99364
NC_000017.11:43045794:C:A,BRCA1,0,,,3.854,,,,,,,,,,,,,,,,0.0,,,,,,
NC_000017.11:43045794:C:T,BRCA1,0,,,4.684,,,,,,,,,,,,,,,,0.0,,,,,,
NC_000017.11:43045797:A:G,BRCA1,0,,,5.943,,,,,,,,,,,,,,,,0.0,,,,,,
NC_000017.11:43045797:A:T,BRCA1,0,,,11.07,,,,,,,,,,,,,,,,0.17,,,,,,
NC_000017.11:43045798:A:T,BRCA1,0,0.77827,0.4964,23.5,0.978,0.57271,,0.81565,0.36024,0.7858,0.68176,0.32418,0.43941,0.7726,,0.49464,0.52943,0.48454,0.31014,0.0,0.534588035,0.75415,0.74436,0.82784,0.81664,0.99379
NC_000017.11:43045800:T:G,BRCA1,0,,,2.357,,,,,,,,,,,,,,,,0.0,,,,,,
NC_000017.11:43047643:A:G,BRCA1,0,,,0.457,,,,,,,,,,,,,,,,0.0,,,,,,
NC_000017.11:43047646:G:A,BRCA1,0,,,5.253,,,,,,,,,,,,,,,,0.0,,,,,,
NC_000017.11:43047649:G:A,BRCA1,0,,,8.009,,,,,,,,,,,,,,,,0.04,,,,,,
NC_000017.11:43047649:G:C,BRCA1,0,,,7.944,,,,,,,,,,,,,,,,0.11,,,,,,
NC_000017.11:43047652:A:G,BRCA1,0,,,4.225,,,,,,,,,,,,,,,,0.06,,,,,,
NC_000017.11:43047658:C:T,BRCA1,0,,,6.759,,,,,,,,,,,,,,,,0.04,,,,,,
NC_000017.11:43047661:T:C,BRCA1,0,,,8.739,,,,,,,,,,,,,,,,0.04,,,,,,
NC_000017.11:43047662:G:C,BRCA1,0,0.71994,0.0887,21.5,0.72337,0.32563,,0.81565,0.60286,0.6771,0.41829,0.26627,0.40344,0.87953,,0.44926,0.33461,0.44976,0.38051,0.03,0.291102693,0.84167,0.46555,0.80523,0.80837,0.99166
NC_000017.11:43047663:T:C,BRCA1,0,0.49523,0.0694,16.28,0.44363,0.19245,,0.73666,0.23477,0.32472,0.20583,0.19149,0.29183,0.72494,,0.21064,0.1353,0.2423,0.36907,0.16,0.191439454,0.57918,0.46007,0.62957,0.80837,0.97496
NC_000017.11:43047670:A:G,BRCA1,0,,,1.555,,,,,,,,,,,,,,,,0.04,,,,,,
NC_000017.11:43047679:C:G,BRCA1,0,,,5.423,,,,,,,,,,,,,,,,0.0,,,,,,
NC_000017.11:43047679:C:T,BRCA1,0,,,6.385,,,,,,,,,,,,,,,,0.01,,,,,,
NC_000017.11:43047682:A:T,BRCA1,0,,,0.289,,,,,,,,,,,,,,,,0.11,,,,,,
NC_000017.11:43047685:C:G,BRCA1,0,,,6.234,,,,,,,,,,,,,,,,0.02,,,,,,
NC_000017.11:43047691:T:G,BRCA1,0,,,1.878,,,,,,,,,,,,,,,,0.01,,,,,,
NC_000017.11:43047694:G:A,BRCA1,0,,,0.259,,,,,,,,,,,,,,,,0.0,,,,,,
NC_000017.11:43047697:G:A,BRCA1,0,,,0.935,,,,,,,,,,,,,,,,0.04,,,,,,
NC_000017.11:43047700:A:G,BRCA1,0,,,1.126,,,,,,,,,,,,,,,,0.0,,,,,,
NC_000017.11:43049142:A:C,BRCA1,0,0.65806,0.1912,19.53,0.52673,0.60452,,0.83221,0.36159,0.32278,0.39857,0.12841,0.24979,0.89564,0.24374,0.27308,0.15657,0.46432,0.23349,0.0,0.3648525,0.79066,0.41493,0.89839,0.80114,0.99601
NC_000017.11:43049179:T:A,BRCA1,0,0.69086,0.4261,20.5,0.89364,0.69575,0.56598,0.7542,0.46445,0.6153,0.32242,0.34668,0.59022,0.79908,0.65215,0.53344,0.59414,0.323,0.71708,0.01,0.251018124,0.80772,0.41443,0.7973,0.80114,0.99497
NC_000017.11:43049189:T:G,BRCA1,0,0.58966,0.2773,2.545,0.44827,0.40556,,0.80324,0.21715,0.60271,0.54978,0.15768,0.25064,0.66376,0.47727,0.02979,0.03624,0.03172,0.17454,0.0,0.186794905,0.70429,0.45773,0.75907,0.80114,0.99497
NC_000017.11:43051082:G:C,BRCA1,0,0.92162,0.4239,25.0,0.8093,0.5129,0.77879,0.91722,0.83146,0.78598,0.57382,0.36697,0.61074,0.93624,0.65215,0.71989,0.66142,0.77654,0.71708,0.01,0.573051351,0.93099,0.63989,0.93015,0.79453,0.99726
NC_000017.11:43057059:C:A,BRCA1,0,0.6811,0.1287,20.2,0.84062,0.60726,,0.82769,0.40098,0.65939,0.64992,0.16598,0.36574,0.86664,0.46017,0.47327,0.24734,0.19318,0.19076,0.0,0.683738078,0.89666,0.66694,0.88207,0.7481,0.9942
NC_000017.11:43057083:G:T,BRCA1,0,0.87496,0.9107,24.4,0.93436,0.83943,,0.91679,0.73748,0.8274,0.82898,0.30612,0.69063,0.93296,0.5584,0.6809,0.70163,0.81057,0.71708,0.1,0.846782476,0.98493,0.76403,0.98108,0.74575,0.99765
NC_000017.11:43057134:G:C,BRCA1,0,0.7453,0.0889,17.03,0.75393,0.48992,0.59943,0.85441,0.35179,0.51224,0.15325,0.25777,0.35908,0.82729,0.15951,0.3286,0.32018,0.28129,0.30657,0.0,0.156124587,0.79566,0.48157,0.80945,0.74575,0.98992
NC_000017.11:43063335:A:C,BRCA1,0,0.64685,0.1617,19.56,0.52742,0.41721,,0.79169,0.43886,0.64615,0.616,0.09292,0.46365,0.85714,0.32069,0.5219,0.38419,0.2949,0.4147,0.0,0.179383287,0.80976,0.46534,0.86524,0.72295,0.99085
NC_000017.11:43063357:A:G,BRCA1,0,0.70146,0.4528,25.1,0.86902,0.55146,,0.86674,0.64236,0.70998,0.54627,0.40528,0.57052,0.92474,0.64741,0.8001,0.67687,0.76186,0.71708,0.01,0.274732095,0.86587,0.48693,0.88368,0.72295,0.99533
NC_000017.11:43063892:T:G,BRCA1,0,0.62276,0.8769,23.1,0.87666,0.86174,,0.74521,0.53975,0.83603,0.81954,0.6498,0.39936,0.72515,0.86366,0.09568,0.189,0.32118,0.42797,0.0,0.68516574,0.79751,0.69035,0.8462,0.72295,0.99395
NC_000017.11:43067622:C:T,BRCA1,0,0.66133,0.0909,20.6,0.7322,0.33337,,0.8394,0.67183,0.64024,0.52578,0.4182,0.50826,0.94773,0.69448,0.72847,0.37557,0.37789,0.71708,0.08,0.286532062,0.94015,0.4632,0.92206,0.72643,0.99601
NC_000017.11:43067631:T:C,BRCA1,0,0.78819,0.4919,24.2,0.81361,0.60739,,0.91933,0.7429,0.92942,0.52217,0.51734,0.68029,0.94017,0.84364,0.72847,0.6225,0.72147,0.71708,0.0,0.754195717,0.92886,0.65589,0.90799,0.72643,0.99726
NC_000017.11:43067637:C:T,BRCA1,0,0.66179,0.0849,22.9,0.70101,0.50076,0.583,0.85124,0.6244,0.86004,0.43262,0.48018,0.54122,0.84473,0.51658,0.72847,0.42738,0.51977,0.71708,0.57,0.278487481,0.93528,0.42162,0.90411,0.72643,0.99591
NC_000017.11:43067651:G:T,BRCA1,0,0.4237,0.0947,15.65,0.77323,0.4618,,0.75283,0.30741,0.74459,0.55113,0.43735,0.36417,0.74594,0.52303,0.35473,0.39966,0.49631,0.71708,0.04,0.340240189,0.66415,0.48268,0.74102,0.72549,0.99122
NC_000017.11:43067657:G:A,BRCA1,0,0.28602,0.1126,11.9,0.58035,0.33832,0.48977,0.76626,0.18474,0.65561,0.42313,0.24266,0.23715,0.50521,0.32305,0.36113,0.30883,0.20238,0.25264,0.03,0.217418097,0.6515,0.48788,0.71336,0.72549,0.9822
NC_000017.11:43067661:T:C,BRCA1,0,0.16834,0.0759,5.338,0.39539,0.41233,0.41989,0.7702,0.109,0.4801,0.27566,0.11321,0.32654,0.17603,0.12487,0.1381,0.32914,0.10863,0.42797,0.0,0.100934989,0.35461,0.3818,0.49303,0.72549,0.9669
NC_000017.11:43067664:G:A,BRCA1,0,0.39605,0.0971,15.36,0.62712,0.43893,,0.80204,0.23091,0.49362,0.5086,0.32286,0.36595,0.70179,0.36205,0.25758,0.46112,0.25261,0.71708,0.01,0.506784111,0.6405,0.50274,0.75042,0.72549,0.988
NC_000017.11:43067664:G:C,BRCA1,0,0.42154,0.1043,18.32,0.73526,0.56078,,0.78173,0.17192,0.64779,0.13565,0.31363,0.38676,0.61615,0.40154,0.25758,0.46112,0.25261,0.71708,0.0,0.153976039,0.63863,0.47681,0.71501,0.72549,0.98595
NC_000017.11:43067679:A:C,BRCA1,0,0.79716,0.6252,23.3,0.88102,0.68698,,0.89561,0.6378,0.95206,0.81593,0.55529,0.73028,0.92105,0.80336,0.72847,0.67411,0.88627,0.71708,0.04,0.69530134,0.83822,0.6801,0.82264,0.72549,0.99666
NC_000017.11:43067681:T:G,BRCA1,0,0.81004,0.2426,23.1,0.80805,0.64873,,0.92433,0.62404,0.80187,0.58317,0.41306,0.59425,0.89125,0.71884,0.48116,0.51425,0.38931,0.71708,0.04,0.33651638,0.88448,0.57681,0.87049,0.72549,0.99633
NC_000017.11:43067685:A:T,BRCA1,0,0.43943,0.0651,21.3,0.6096,0.43067,,0.73811,0.18516,0.52082,0.01339,0.17538,0.50704,0.57816,0.06502,0.49987,0.52244,0.47426,0.71708,0.0,0.071322886,0.46184,0.45664,0.57002,0.72549,0.98145
NC_000017.11:43067687:A:C,BRCA1,0,0.82324,0.2926,18.73,0.95666,0.82183,0.81307,0.92184,0.62674,0.95777,0.92453,0.30043,0.57637,0.93126,0.88473,0.72847,0.57043,0.44525,0.71708,0.11,0.796468737,0.93646,0.76093,0.92768,0.72549,0.99765
NC_000017.11:43067690:A:G,BRCA1,0,0.53745,0.2781,17.44,0.8222,0.77032,0.57458,0.82371,0.1826,0.92194,0.84231,0.31633,0.49979,0.61322,0.76305,0.22796,0.43353,0.44017,0.32372,0.0,0.720738916,0.74196,0.73855,0.82177,0.72549,0.99067
NC_000017.11:43067691:G:A,BRCA1,0,0.60582,0.1544,17.08,0.77154,0.23867,,0.84966,0.42633,0.46387,0.50781,0.21334,0.38904,0.95741,0.64344,0.35683,0.23855,0.32455,0.32542,0.02,0.692984802,0.77786,0.48512,0.87134,0.72549,0.99238
NC_000017.11:43070928:A:G,BRCA1,0,0.15319,0.1159,14.62,0.51897,0.38138,0.50018,0.79536,0.05004,0.35063,0.14954,0.1445,0.30176,0.33846,0.06502,0.07938,0.14026,0.27396,0.17454,0.01,0.061242175,0.54118,0.4516,0.59605,0.72714,0.97952
NC_000017.11:43070955:A:G,BRCA1,0,0.86884,0.3994,23.3,0.8995,0.60052,,0.93718,0.74209,0.76022,0.58021,0.4728,0.69091,0.98532,0.79371,0.61625,0.64062,0.86865,0.71708,0.01,0.507995292,0.9257,0.48717,0.91818,0.72714,0.99666
NC_000017.11:43070970:T:C,BRCA1,0,0.03469,0.0624,0.417,0.30141,0.21345,,0.82199,0.03896,0.15488,0.37897,0.07707,0.22189,0.32387,0.04647,0.13199,0.01922,0.04096,0.06397,0.0,0.068884549,0.5334,0.38247,0.61431,0.72714,0.96786
NC_000017.11:43070970:T:G,BRCA1,0,0.38628,0.1301,5.371,0.6615,0.37671,,0.82995,0.12271,0.57532,0.46325,0.12161,0.31721,0.63309,0.50681,0.13199,0.01922,0.04096,0.06397,0.01,0.207664365,0.68569,0.48715,0.77674,0.72714,0.98641
NC_000017.11:43070976:A:T,BRCA1,0,0.29997,0.0859,1.296,0.4042,0.48625,,0.83052,0.04192,0.48628,0.17935,0.19139,0.24813,0.31083,0.2229,0.00584,0.01501,0.09898,0.06397,0.0,0.186123195,0.61535,0.42344,0.70445,0.72714,0.97732
NC_000017.11:43070983:C:G,BRCA1,0,0.3833,0.0905,8.974,0.49604,0.31443,,0.85701,0.14022,0.06626,0.21371,0.02829,0.30478,0.63196,0.46601,0.09135,0.19215,0.17692,0.06397,0.0,0.15223987,0.68278,0.49848,0.76031,0.7278,0.9824
NC_000017.11:43070986:T:A,BRCA1,0,0.31277,0.0972,0.654,0.45654,0.17409,,0.81969,0.03182,0.04359,0.09156,0.10738,0.27576,0.35792,0.46601,0.01258,0.06486,0.08825,0.15309,0.0,0.073384263,0.67164,0.41428,0.77592,0.7278,0.97076
NC_000017.11:43070988:G:A,BRCA1,0,0.64278,0.0893,21.4,0.56774,0.27621,,0.78361,0.47403,0.09177,0.35622,0.15077,0.29791,0.83333,0.65514,0.426,0.59491,0.37176,0.4031,0.03,0.149746643,0.77765,0.66738,0.89539,0.7278,0.99128
NC_000017.11:43070992:C:A,BRCA1,0,0.12509,0.0735,0.941,0.04606,0.18149,,0.78047,0.01574,0.02583,0.09252,0.0304,0.09253,0.23709,0.03014,0.07059,0.24537,0.23571,0.26866,0.0,0.016221009,0.52553,0.356,0.61325,0.7278,0.96438
NC_000017.11:43070992:C:T,BRCA1,0,0.34332,0.0724,7.682,0.20666,0.17312,,0.81096,0.05797,0.03838,0.15692,0.03936,0.23338,0.38727,0.27866,0.07059,0.24537,0.23571,0.26866,0.0,0.077553524,0.6425,0.3702,0.74999,0.7278,0.97847
NC_000017.11:43070995:T:C,BRCA1,0,0.19821,0.0663,0.022,0.3201,0.15724,,0.80324,0.04636,0.0079,0.16047,0.07554,0.16938,0.34569,0.16203,0.22536,0.02472,0.04959,0.06397,0.0,0.150190388,0.60911,0.38809,0.74213,0.7278,0.97298
NC_000017.11:43071000:T:A,BRCA1,0,0.3687,0.0997,16.46,0.70516,0.34662,,0.80384,0.17829,0.28949,0.20748,0.07219,0.20291,0.67132,0.43659,0.29887,0.30809,0.16381,0.28592,0.01,0.223866578,0.75104,0.48709,0.83283,0.7278,0.9839
NC_000017.11:43071005:C:A,BRCA1,0,0.26268,0.1596,2.991,0.52989,0.26297,,0.71483,0.06422,0.04592,0.19619,0.19387,0.23354,0.37551,0.25178,0.13516,0.09902,0.08271,0.18616,0.0,0.206041063,0.64561,0.48111,0.7704,0.7278,0.97234
NC_000017.11:43071016:T:C,BRCA1,0,0.3687,0.0662,14.82,0.23291,0.18207,,0.72859,0.17957,0.02748,0.3136,0.1101,0.33469,0.70946,0.3126,0.41829,0.43965,0.3634,0.31212,0.06,0.180766198,0.65643,0.38163,0.78428,0.7278,0.98005
NC_000017.11:43071109:C:G,BRCA1,0,0.06519,0.1007,0.039,0.08066,0.127,,0.79598,0.02699,0.0039,0.09724,0.07927,0.2416,0.37144,0.03333,0.19632,0.16082,0.19549,0.06397,0.0,0.030328393,0.61274,0.35649,0.71066,0.7278,0.97052
NC_000017.11:43071136:T:A,BRCA1,0,0.23561,0.075,0.053,0.23552,0.11063,0.98095,0.8139,0.03825,0.01511,0.09161,0.12179,0.21735,0.1976,0.27866,0.05355,0.02366,0.05373,0.06397,0.0,0.071611715,0.56137,0.3552,0.69624,0.7278,0.97285
NC_000017.11:43071147:C:T,BRCA1,0,0.10196,0.0638,0.068,0.03289,0.11687,0.27662,0.80623,0.00332,5e-05,0.20514,0.14924,0.09116,0.38344,0.00243,0.10071,0.03279,0.04484,0.06397,0.0,0.019523561,0.55404,0.34738,0.59105,0.7278,0.96778
NC_000017.11:43071163:C:A,BRCA1,0,0.42897,0.093,6.98,0.36246,0.13036,0.37861,0.79414,0.23646,0.03785,0.06177,0.0613,0.29028,0.81886,0.45274,0.35578,0.16443,0.1731,0.1381,0.0,0.322597558,0.77505,0.42532,0.88485,0.7278,0.98885
NC_000017.11:43074369:C:A,BRCA1,0,0.41494,0.0776,11.76,0.50915,0.23624,0.4448,0.83444,0.05438,0.10026,0.32121,0.05956,0.29559,0.33568,0.48504,0.05714,0.04972,0.05999,0.06397,0.0,0.320556309,0.75772,0.557,0.82828,0.73382,0.99097
NC_000017.11:43074461:C:T,BRCA1,0,0.27897,0.0983,8.301,0.57761,0.08076,0.70395,0.84591,0.09969,0.08651,0.12796,0.00756,0.23106,0.54836,0.27866,0.15546,0.24823,0.08854,0.1381,0.0,0.19829508,0.63384,0.39263,0.76215,0.73382,0.98148
NC_000017.11:43074462:C:T,BRCA1,0,0.10361,0.0865,1.113,0.25169,0.08777,,0.81738,0.04894,0.00098,0.21908,0.00774,0.1206,0.33491,0.08547,0.32019,0.08627,0.10784,0.06397,0.02,0.043407234,0.55533,0.35666,0.61859,0.73382,0.97145
NC_000017.11:43076514:C:T,BRCA1,0,0.09791,0.0816,1.817,0.26055,0.06928,,0.49015,0.02602,0.02323,0.30184,0.0779,0.23928,0.16249,0.27046,0.07862,0.0687,0.07056,0.06397,0.06,0.224347672,0.13099,0.41359,0.30212,0.73889,0.95787
NC_000017.11:43079333:C:T,BRCA1,0,,,12.99,,,,,,,,,,,,,,,,0.43,,,,,,
NC_000017.11:43079348:T:C,BRCA1,0,,,11.57,,,,,,,,,,,,,,,,0.49,,,,,,
NC_000017.11:43079351:G:A,BRCA1,0,,,10.38,,,,,,,,,,,,,,,,0.2,,,,,,
NC_000017.11:43082427:G:C,BRCA1,0,0.08281,0.0825,1.822,0.48121,0.06754,,0.53137,0.27518,0.08077,0.16977,0.07211,0.27324,0.37394,0.4272,0.49811,0.34113,0.3917,0.18233,0.0,0.50900734,0.2524,0.48734,0.42021,0.74382,0.93713
NC_000017.11:43082466:T:G,BRCA1,0,0.00464,0.0682,0.086,0.02667,0.03531,,0.51351,0.00968,0.06199,0.07464,0.02318,0.09066,0.16757,0.0028,0.18582,0.14769,0.21248,0.18233,0.0,0.031206807,0.30102,0.35503,0.15651,0.74382,0.9126
NC_000017.11:43082505:C:G,BRCA1,0,0.29951,0.1131,22.4,0.73473,0.12067,0.4448,0.53427,0.42485,0.50961,0.35265,0.22844,0.4058,0.66403,0.70068,0.5457,0.28036,0.45967,0.28025,0.0,0.445554234,0.48756,0.54895,0.37888,0.74382,0.97248
NC_000017.11:43082556:G:A,BRCA1,0,0.14596,0.0883,21.9,0.17783,0.05005,0.21188,0.70363,0.19779,0.03336,0.39235,0.28976,0.39425,0.55299,0.03333,0.51998,0.38017,0.3456,0.39528,0.01,0.070087131,0.56962,0.37394,0.69049,0.74382,0.94419
NC_000017.11:43090969:A:G,BRCA1,0,0.56325,0.1618,24.4,0.89944,0.26996,,0.7702,0.62154,0.39872,0.39681,0.34977,0.79398,0.92576,0.72752,0.5784,0.66479,0.56669,0.71708,0.0,0.742873401,0.93215,0.6835,0.92174,0.74481,0.98208
NC_000017.11:43091449:T:A,BRCA1,0,0.10845,0.131,5.279,0.31877,0.07456,,0.70445,0.08675,0.21419,0.02417,0.02597,0.30523,0.44403,0.16878,0.21004,0.05062,0.07769,0.06397,0.04,0.096615837,0.6388,0.36743,0.75774,0.74382,0.99032
NC_000017.11:43091449:T:G,BRCA1,0,0.07976,0.131,5.515,0.31877,0.07456,0.29588,0.70445,0.08675,0.21419,0.02417,0.02597,0.31354,0.44403,0.16878,0.21004,0.05062,0.07769,0.06397,0.0,0.096615837,0.6388,0.36743,0.75774,0.74382,0.99038
NC_000017.11:43091519:G:C,BRCA1,0,0.2877,0.1584,14.3,0.71221,0.06316,,0.84859,0.21172,0.07414,0.14129,0.11634,0.33178,0.7536,0.76668,0.04635,0.0781,0.16779,0.06397,0.0,0.589876182,0.44867,0.50985,0.39301,0.74382,0.99387
NC_000017.11:43091535:C:T,BRCA1,0,0.00853,0.0659,7.738,0.07229,0.03625,,0.70848,0.04993,0.00709,0.02847,0.02738,0.15512,0.24052,0.00839,0.32019,0.37463,0.34139,0.26211,0.0,0.029006039,0.50584,0.3523,0.53224,0.74382,0.9807
NC_000017.11:43091572:A:G,BRCA1,0,0.0872,0.0663,11.16,0.07292,0.06696,0.53912,0.80683,0.0347,0.02873,0.3176,0.03198,0.1572,0.37075,0.00603,0.16153,0.1522,0.22338,0.24235,0.0,0.039404359,0.57334,0.34852,0.62901,0.74382,0.9832
NC_000017.11:43091595:G:C,BRCA1,0,0.06035,0.0914,6.759,0.29306,0.08621,0.5103,0.7487,0.14489,0.01832,0.04914,0.11143,0.34606,0.43759,0.08547,0.22536,0.16364,0.26943,0.06397,0.0,0.079717216,0.53142,0.39082,0.71407,0.74382,0.98595
NC_000017.11:43091612:C:A,BRCA1,0,0.26654,0.0876,16.22,0.6591,0.08239,,0.74591,0.28199,0.0813,0.23052,0.01917,0.26885,0.89561,0.70568,0.23059,0.17242,0.04126,0.06397,0.0,0.368968282,0.33255,0.63255,0.41199,0.74382,0.99341
NC_000017.11:43091679:T:C,BRCA1,0,0.3662,0.0902,8.667,0.66328,0.08378,0.97127,0.84537,0.2901,0.03686,0.16817,0.02114,0.36267,0.72848,0.50681,0.31137,0.07959,0.18105,0.06397,0.0,0.525084297,0.31033,0.56677,0.43621,0.74731,0.99274
NC_000017.11:43091701:C:G,BRCA1,0,0.32199,0.1341,0.294,0.43238,0.21632,,0.84268,0.12242,0.08947,0.0616,0.01146,0.31804,0.78772,0.63625,0.07036,0.03131,0.06128,0.06397,0.02,0.16012965,0.33593,0.60953,0.3361,0.74731,0.9879
NC_000017.11:43091704:A:C,BRCA1,0,0.34161,0.0811,0.316,0.4607,0.07743,,0.8523,0.13769,0.04058,0.23778,0.02869,0.27775,0.79198,0.56872,0.09135,0.12989,0.11573,0.06397,0.0,0.267725211,0.34875,0.65957,0.36321,0.74731,0.99055
NC_000017.11:43091712:T:C,BRCA1,0,0.36066,0.0872,17.16,0.56291,0.08204,,0.79719,0.30942,0.19413,0.24987,0.00666,0.39748,0.83515,0.67327,0.49298,0.43869,0.29504,0.23769,0.0,0.170196655,0.34806,0.49874,0.46037,0.74731,0.99032
NC_000017.11:43091732:G:C,BRCA1,0,0.52614,0.3029,6.368,0.75685,0.20814,0.94202,0.93678,0.23358,0.24757,0.32787,0.04843,0.35391,0.86063,0.71529,0.04214,0.05223,0.16016,0.06397,0.0,0.608445727,0.83729,0.69081,0.89101,0.74731,0.99806
NC_000017.11:43091733:C:G,BRCA1,0,0.21259,0.0827,0.635,0.7111,0.15322,0.5103,0.81273,0.11793,0.05469,0.24181,0.03735,0.34718,0.75727,0.71529,0.18411,0.17726,0.08746,0.06397,0.05,0.17939831,0.69029,0.5607,0.77856,0.74731,0.99488
NC_000017.11:43091747:T:A,BRCA1,0,0.42854,0.0905,0.257,0.4132,0.06167,,0.75827,0.16586,0.04921,0.2856,0.01827,0.3348,0.85503,0.16878,0.14847,0.04338,0.08125,0.06397,0.0,0.183520726,0.23242,0.43484,0.22268,0.74731,0.99061
NC_000017.11:43091772:G:T,BRCA1,0,0.82542,0.1468,19.15,0.48689,0.17835,0.9938,0.81507,0.40174,0.03521,0.4334,0.13746,0.3779,0.83941,0.71884,0.51433,0.49491,0.46405,0.23647,0.0,0.761616065,0.82345,0.67756,0.89326,0.74731,0.99778
NC_000017.11:43091802:C:G,BRCA1,0,0.31493,0.1089,13.35,0.68463,0.12882,0.59943,0.6706,0.16442,0.06327,0.05404,0.01268,0.41231,0.49,0.5584,0.25466,0.27682,0.19343,0.17103,0.0,0.747821052,0.5729,0.52694,0.64253,0.74731,0.99192
NC_000017.11:43091806:T:C,BRCA1,0,0.32411,0.0798,12.09,0.50381,0.11947,0.66053,0.70768,0.11241,0.04892,0.20045,0.04017,0.27422,0.43633,0.77562,0.23405,0.12626,0.12686,0.06397,0.0,0.550905327,0.57809,0.60073,0.61219,0.74731,0.98932
NC_000017.11:43091808:G:C,BRCA1,0,0.3428,0.0949,13.03,0.51961,0.10524,,0.69279,0.28579,0.06534,0.4014,0.05679,0.37499,0.56251,0.7334,0.49132,0.24061,0.42558,0.06397,0.01,0.810798826,0.65583,0.63089,0.76621,0.74731,0.99122
NC_000017.11:43091832:T:C,BRCA1,0,0.3635,0.0887,16.85,0.53767,0.1363,,0.55126,0.33859,0.01594,0.27445,0.06754,0.50353,0.591,0.5314,0.49464,0.38784,0.3512,0.4031,0.0,0.556843192,0.46463,0.51017,0.56036,0.74731,0.98916
NC_000017.11:43091863:G:A,BRCA1,0,0.5779,0.1583,25.6,0.73871,0.25921,,0.7487,0.78898,0.5149,0.53084,0.33191,0.54424,0.96012,0.78381,0.75048,0.47862,0.99385,0.4031,0.0,0.763965506,0.89526,0.66098,0.88116,0.74731,0.9982
NC_000017.11:43091873:C:A,BRCA1,0,0.79296,0.1597,18.37,0.70176,0.08018,,0.88392,0.45115,0.44325,0.19522,0.23482,0.46929,0.76435,0.78381,0.27623,0.1193,0.18094,0.34528,0.0,0.713637544,0.77197,0.65928,0.85294,0.74731,0.99765
NC_000017.11:43091878:T:A,BRCA1,0,0.56021,0.1126,23.3,0.38725,0.11991,,0.72785,0.64402,0.29007,0.64837,0.12165,0.42668,0.82378,0.63358,0.68901,0.33622,0.38567,0.36308,0.06,0.375796439,0.77841,0.72458,0.78902,0.74731,0.99505
NC_000017.11:43091917:C:G,BRCA1,0,0.18604,0.1181,0.015,0.41051,0.07103,0.94846,0.72634,0.0423,0.03005,0.03564,0.01614,0.21984,0.21978,0.17894,0.03654,0.02258,0.0329,0.06397,0.0,0.103212443,0.41553,0.60282,0.53615,0.74731,0.98451
NC_000017.11:43091929:C:T,BRCA1,0,0.49721,0.093,0.559,0.4336,0.07583,0.583,0.70848,0.07615,0.05466,0.05657,0.0303,0.22939,0.55552,0.1546,0.07399,0.0756,0.09728,0.06397,0.0,0.127273763,0.46222,0.71066,0.57627,0.74731,0.98911
NC_000017.11:43091967:C:A,BRCA1,0,0.75685,0.18,22.0,0.74733,0.19341,,0.81037,0.53365,0.40417,0.38748,0.07049,0.41928,0.89813,0.75371,0.35896,0.26658,0.17961,0.15309,0.0,0.836040567,0.8386,0.88815,0.92322,0.74731,0.99806
NC_000017.11:43091980:C:T,BRCA1,0,0.00678,0.1047,0.295,0.37377,0.06404,,0.65341,0.03061,0.07585,0.06893,0.0131,0.15722,0.21462,0.24833,0.12874,0.12435,0.19979,0.06397,0.0,0.084136564,0.34206,0.62263,0.47868,0.74731,0.979
NC_000017.11:43091988:A:G,BRCA1,0,0.24908,0.1232,4.727,0.46582,0.04432,,0.80623,0.13457,0.12641,0.19529,0.12235,0.2792,0.61352,0.46017,0.2354,0.12372,0.25061,0.06397,0.0,0.243656992,0.58229,0.69483,0.73132,0.74731,0.99055
NC_000017.11:43092003:A:T,BRCA1,0,0.82243,0.743,23.8,0.94799,0.51095,,0.921,0.82029,0.88071,0.1662,0.15928,0.76412,0.96641,0.82329,0.75048,0.69256,0.80736,0.71708,0.0,0.824666725,0.94558,0.90019,0.93231,0.74731,0.99953
NC_000017.11:43092046:C:T,BRCA1,0,0.00442,0.07,9.6,0.13096,0.02032,,0.41253,0.03678,0.00249,0.10847,0.10657,0.16071,0.30806,0.00535,0.24672,0.33496,0.23031,0.21893,0.0,0.027072558,0.39238,0.43392,0.26528,0.74731,0.97298
NC_000017.11:43092063:T:G,BRCA1,0,0.5783,0.106,18.88,0.66033,0.13473,,0.76889,0.44843,0.37432,0.21949,0.05655,0.24577,0.69057,0.80205,0.3393,0.28141,0.18443,0.28713,0.0,0.51782607,0.794,0.83181,0.87126,0.74731,0.99655
NC_000017.11:43092098:C:A,BRCA1,0,0.69062,0.1856,21.2,0.80585,0.20723,,0.86166,0.66129,0.41007,0.2621,0.09818,0.49206,0.87219,0.71884,0.57382,0.41688,0.28251,0.34293,0.04,0.585739279,0.84815,0.86088,0.91137,0.74731,0.99678
NC_000017.11:43092156:G:T,BRCA1,0,0.72951,0.1149,19.25,0.83523,0.17453,0.62313,0.79169,0.30182,0.3987,0.42502,0.11423,0.27027,0.83888,0.70751,0.34742,0.35162,0.46299,0.18007,0.0,0.617975971,0.82461,0.87958,0.89758,0.74731,0.99633
NC_000017.11:43092302:T:A,BRCA1,0,0.91671,0.3363,20.4,0.68817,0.23058,0.94846,0.84859,0.45158,0.57998,0.04179,0.05707,0.42896,0.82985,0.8242,0.33632,0.33299,0.29124,0.37145,0.0,0.693820041,0.81254,0.87794,0.90114,0.74731,0.99849
NC_000017.11:43092387:C:A,BRCA1,0,0.30993,0.107,18.18,0.40233,0.18183,0.60746,0.68678,0.22898,0.23757,0.53539,0.11149,0.25336,0.49576,0.45068,0.11856,0.16206,0.18946,0.15309,0.0,0.664400865,0.62274,0.7646,0.76297,0.74731,0.98815
NC_000017.11:43092400:T:C,BRCA1,0,0.02796,0.082,0.431,0.25121,0.08,0.39295,0.72785,0.04995,0.02588,0.33002,0.08027,0.22941,0.20105,0.26806,0.01812,0.03781,0.05348,0.06397,0.0,0.156192278,0.4354,0.41746,0.61231,0.74731,0.96965
NC_000017.11:43092402:T:C,BRCA1,0,0.00329,0.0588,1.922,0.02299,0.0616,0.36362,0.47225,0.03091,0.01772,0.01082,0.09172,0.06816,0.1683,0.00315,0.23965,0.22657,0.20935,0.25889,0.0,0.018210036,0.40382,0.4337,0.22461,0.74731,0.9506
NC_000017.11:43092420:T:A,BRCA1,0,0.59809,0.3663,20.7,0.69902,0.25909,,0.73008,0.64132,0.70599,0.24085,0.063,0.34857,0.81594,0.82501,0.72554,0.30896,0.22198,0.19761,0.0,0.781131661,0.81654,0.90043,0.88225,0.75069,0.9942
NC_000017.11:43092448:G:A,BRCA1,0,0.31545,0.08,21.1,0.08341,0.15543,0.36362,0.66119,0.30486,0.29784,0.18322,0.00043,0.43413,0.67864,0.03333,0.68631,0.3741,0.33472,0.34148,0.0,0.069961235,0.49796,0.7944,0.50976,0.75069,0.9829
NC_000017.11:43092458:G:C,BRCA1,0,0.55437,0.3412,14.84,0.63154,0.32805,0.9938,0.83108,0.237,0.23435,0.33667,0.07758,0.30502,0.49959,0.76031,0.18099,0.24823,0.31626,0.19558,0.0,0.491389499,0.74221,0.79998,0.8245,0.75069,0.98916
NC_000017.11:43092472:G:A,BRCA1,0,0.21819,0.0994,13.35,0.30823,0.09733,,0.583,0.14002,0.00637,0.04115,0.00587,0.29497,0.4024,0.34783,0.3403,0.19884,0.40112,0.06397,0.0,0.139307162,0.55475,0.50422,0.61974,0.75069,0.96748
NC_000017.11:43092493:C:T,BRCA1,0,0.14958,0.0867,8.957,0.30388,0.30512,,0.67153,0.03949,0.04393,0.16166,0.02086,0.20844,0.35655,0.11102,0.07684,0.1604,0.06236,0.06397,0.0,0.123642066,0.47124,0.46489,0.5508,0.75069,0.97818
NC_000017.11:43092589:G:C,BRCA1,0,0.58963,0.0845,14.69,0.49532,0.12334,,0.73521,0.36192,0.23615,0.27705,0.02182,0.33491,0.71694,0.64253,0.44498,0.52545,0.40104,0.30976,0.0,0.462138251,0.73556,0.83499,0.81329,0.75069,0.99179
NC_000017.11:43092609:A:G,BRCA1,0,0.31186,0.0959,0.403,0.10526,0.13498,,0.62427,0.01593,0.00429,0.13871,0.04442,0.12666,0.25923,0.12865,0.04291,0.10016,0.22535,0.06397,0.0,0.059695133,0.53091,0.44606,0.57015,0.75069,0.97185
NC_000017.11:43092618:T:C,BRCA1,0,0.20329,0.0797,0.02,0.27108,0.09004,,0.7431,0.06495,0.1457,0.07899,0.06015,0.30758,0.4491,0.6048,0.11767,0.05051,0.03673,0.06397,0.0,0.247251484,0.49302,0.77375,0.66358,0.75069,0.98734
NC_000017.11:43092619:G:T,BRCA1,0,0.26001,0.0762,4.556,0.44056,0.08403,,0.60017,0.14115,0.20264,0.0496,0.06489,0.26315,0.60231,0.42272,0.14506,0.13065,0.20612,0.06397,0.0,0.186097674,0.58793,0.75727,0.70931,0.75069,0.9888
NC_000017.11:43092628:G:C,BRCA1,0,0.00732,0.0584,0.018,0.04907,0.05508,,0.55539,0.00808,0.00075,0.21998,0.00938,0.06605,0.24275,0.00135,0.06293,0.03282,0.13166,0.06397,0.0,0.025513161,0.48544,0.43394,0.31458,0.75069,0.96751
NC_000017.11:43092631:T:A,BRCA1,0,0.25828,0.1096,0.258,0.29499,0.08059,,0.74239,0.0809,0.02972,0.0546,0.05778,0.31604,0.59678,0.75686,0.02237,0.09694,0.05132,0.06397,0.0,0.221325496,0.5845,0.64272,0.735,0.75069,0.98341
NC_000017.11:43092646:C:T,BRCA1,0,0.43837,0.0777,11.9,0.41036,0.19985,0.52014,0.73375,0.22374,0.05064,0.14613,0.07214,0.27975,0.58943,0.49874,0.40956,0.11738,0.19292,0.1381,0.0,0.158238175,0.62485,0.78923,0.72514,0.75069,0.98489
NC_000017.11:43092669:A:T,BRCA1,0,0.10532,0.0849,1.861,0.10869,0.08024,,0.46559,0.02849,0.06583,0.23963,0.00143,0.15483,0.23109,0.07955,0.0379,0.10958,0.11673,0.06397,0.0,0.043287312,0.23178,0.43385,0.46694,0.75069,0.97246
NC_000017.11:43092732:C:G,BRCA1,0,0.25899,0.0985,12.56,0.23528,0.06067,,0.6361,0.13867,0.05128,0.15769,0.05049,0.24784,0.40607,0.26056,0.3305,0.1146,0.11102,0.17454,0.0,0.207686502,0.52712,0.48079,0.58303,0.75161,0.97238
NC_000017.11:43092772:C:T,BRCA1,0,0.3446,0.0803,0.396,0.44239,0.03817,0.41989,0.70768,0.05738,0.00688,0.21198,0.02353,0.16609,0.22116,0.11938,0.05768,0.03646,0.06754,0.06397,0.0,0.089820677,0.56376,0.57407,0.63165,0.75161,0.97474
NC_000017.11:43092784:T:A,BRCA1,0,0.5081,0.0978,14.76,0.67314,0.06282,,0.70034,0.21514,0.09584,0.35221,0.02373,0.33571,0.57443,0.51658,0.08378,0.1522,0.09588,0.16112,0.0,0.346650309,0.67399,0.7436,0.80283,0.75161,0.98698
NC_000017.11:43092795:T:C,BRCA1,0,0.09051,0.0819,5.297,0.51537,0.03638,,0.71872,0.11965,0.04408,0.29004,0.02182,0.27216,0.52828,0.60795,0.29397,0.17519,0.19099,0.06397,0.0,0.376498741,0.65747,0.64757,0.79229,0.75161,0.98351
NC_000017.11:43092895:C:T,BRCA1,0,0.46332,0.0679,21.4,0.56336,0.11729,0.5103,0.80024,0.32494,0.30391,0.18586,0.06064,0.20684,0.82548,0.74374,0.20643,0.23372,0.31942,0.17751,0.0,0.620621016,0.73283,0.82657,0.8634,0.75161,0.99326
NC_000017.11:43093005:T:C,BRCA1,0,0.51321,0.0882,18.51,0.69025,0.22266,0.57458,0.71795,0.33317,0.30034,0.296,0.13978,0.32825,0.7299,0.59689,0.46701,0.39506,0.24283,0.22643,0.0,0.221759241,0.74716,0.85461,0.83869,0.75161,0.98762
NC_000017.11:43093015:G:A,BRCA1,0,0.44161,0.0722,4.9,0.24904,0.05728,,0.71088,0.13433,0.14986,0.20266,0.13144,0.26111,0.66867,0.70068,0.24742,0.33656,0.3271,0.29624,0.0,0.234631254,0.65285,0.81701,0.77347,0.75161,0.98689
NC_000017.11:43093056:T:A,BRCA1,0,0.40572,0.1149,9.763,0.59091,0.09644,,0.69449,0.13862,0.37546,0.10778,0.00725,0.14346,0.33661,0.86795,0.03609,0.05646,0.08024,0.06397,0.0,0.45076844,0.68929,0.80616,0.78885,0.75239,0.98906
NC_000017.11:43093117:A:G,BRCA1,0,0.92012,0.1617,10.1,0.70122,0.16964,0.97127,0.73811,0.13099,0.43564,0.08107,0.16107,0.41225,0.38136,0.72384,0.07862,0.22213,0.27761,0.06397,0.0,0.524327355,0.65313,0.85125,0.74776,0.75498,0.99032
NC_000017.11:43093138:G:C,BRCA1,0,0.26756,0.0809,0.893,0.29417,0.06419,0.77879,0.66874,0.14752,0.03089,0.13312,0.00922,0.25784,0.70056,0.63171,0.19214,0.15511,0.19053,0.06397,0.0,0.123205424,0.70465,0.8017,0.82303,0.75498,0.98694
NC_000017.11:43093183:T:C,BRCA1,0,0.00391,0.0663,0.377,0.36891,0.03389,0.97127,0.54285,0.09613,0.0004,0.09684,0.009,0.28492,0.24418,0.18667,0.17323,0.04207,0.0595,0.06397,0.0,0.097626147,0.40417,0.4927,0.55152,0.75582,0.96888
NC_000017.11:43093195:T:A,BRCA1,0,0.46686,0.114,17.41,0.4981,0.07245,,0.72407,0.3066,0.15348,0.08443,0.15267,0.31449,0.70522,0.58386,0.24042,0.35748,0.31832,0.29808,0.0,0.157681762,0.60603,0.8007,0.71415,0.75582,0.99032
NC_000017.11:43093244:T:A,BRCA1,0,0.07501,0.2774,18.46,0.66065,0.24632,0.96289,0.9395,0.3368,0.50148,0.03236,0.04465,0.29235,0.61738,0.85543,0.26269,0.13288,0.10467,0.06397,0.0,0.539355073,0.76926,0.8734,0.86155,0.75582,0.99218
NC_000017.11:43093285:C:G,BRCA1,0,0.56138,0.1587,18.35,0.7296,0.19968,,0.73375,0.47979,0.48751,0.25654,0.07602,0.27694,0.64009,0.84872,0.55411,0.27886,0.24807,0.1381,0.0,0.570261671,0.81606,0.88712,0.88474,0.75582,0.99364
NC_000017.11:43093300:C:T,BRCA1,0,0.0215,0.0694,0.056,0.071,0.05361,0.31413,0.74096,0.00987,0.00416,0.07818,0.01496,0.08931,0.24343,0.00706,0.05662,0.08304,0.10547,0.06397,0.0,0.028848288,0.49431,0.4337,0.51359,0.75582,0.97026
NC_000017.11:43093323:T:C,BRCA1,0,0.08079,0.0811,3.162,0.24401,0.0666,,0.59658,0.04347,0.1048,0.27896,0.01458,0.17948,0.18102,0.24833,0.11438,0.18557,0.12836,0.06397,0.0,0.092434132,0.27215,0.58227,0.49754,0.75582,0.96388
NC_000017.11:43093323:T:G,BRCA1,0,0.27617,0.1232,4.486,0.65221,0.0743,0.34793,0.7494,0.1153,0.1338,0.28486,0.01584,0.27253,0.47185,0.7741,0.11438,0.18557,0.12836,0.06397,0.0,0.510296791,0.70033,0.80583,0.78163,0.75582,0.98233
NC_000017.11:43093350:G:A,BRCA1,0,0.0976,0.0798,8.142,0.06263,0.04274,0.36362,0.68238,0.07721,0.03333,0.06324,0.00496,0.27832,0.27379,0.36205,0.13974,0.12435,0.13885,0.06397,0.0,0.099592914,0.54976,0.62286,0.64065,0.75582,0.98236
NC_000017.11:43093375:T:C,BRCA1,0,0.01711,0.0712,9.793,0.20098,0.06751,0.5103,0.71562,0.05416,0.05788,0.20782,0.00805,0.25531,0.3266,0.23665,0.07586,0.28722,0.18338,0.22496,0.0,0.087666454,0.51359,0.45271,0.64336,0.75675,0.9807
NC_000017.11:43093447:C:A,BRCA1,0,0.61328,0.1138,16.7,0.69186,0.21095,0.50018,0.77149,0.38695,0.43037,0.2623,0.05679,0.24189,0.80772,0.79755,0.21247,0.26292,0.11102,0.1381,0.0,0.728585855,0.75592,0.8505,0.86192,0.75675,0.99612
NC_000017.11:43093453:C:A,BRCA1,0,0.24706,0.0802,12.71,0.37902,0.16463,,0.70607,0.15596,0.14175,0.22488,0.02275,0.24557,0.49034,0.11102,0.20346,0.17263,0.048,0.06397,0.0,0.221660554,0.6536,0.56548,0.69058,0.75675,0.9852
NC_000017.11:43093556:C:T,BRCA1,0,0.12739,0.2414,0.125,0.44065,0.08365,0.34793,0.73521,0.0498,0.0831,0.03056,0.06281,0.16495,0.23109,0.24783,0.06673,0.01592,0.04704,0.06397,0.0,0.138217564,0.41553,0.6112,0.62239,0.7574,0.9804
NC_000017.11:43093567:A:C,BRCA1,0,0.28254,0.0722,8.701,0.24876,0.18547,,0.74239,0.11529,0.07853,0.03299,0.08416,0.32524,0.56418,0.12329,0.30797,0.23465,0.22302,0.06397,0.01,0.215419281,0.54032,0.48518,0.60912,0.7574,0.98676
NC_000017.11:43093570:T:C,BRCA1,0,0.42923,0.0707,1.208,0.05545,0.04383,0.98095,0.7811,0.0439,0.04988,0.20114,0.06563,0.14592,0.24559,0.11102,0.04549,0.13574,0.11788,0.06397,0.0,0.129083815,0.50209,0.44928,0.56975,0.7574,0.98906
NC_000017.11:43093598:A:C,BRCA1,0,0.8971,0.1883,19.91,0.47768,0.12028,0.9938,0.87667,0.38844,0.55719,0.44067,0.04353,0.62659,0.96225,0.47544,0.46547,0.26588,0.48394,0.33947,0.0,0.239184797,0.95543,0.82784,0.96997,0.7574,0.99864
NC_000017.11:43093603:T:C,BRCA1,0,0.68498,0.1326,21.6,0.80613,0.19563,,0.86975,0.60787,0.51865,0.34519,0.16519,0.54296,0.98347,0.91509,0.70272,0.51324,0.32672,0.31978,0.01,0.863401868,0.99968,0.88328,0.98375,0.7581,0.99879
NC_000017.11:43093606:C:G,BRCA1,0,0.6625,0.318,22.5,0.8267,0.3199,0.64581,0.87323,0.68507,0.52178,0.35892,0.31415,0.43502,0.96681,0.94185,0.48451,0.44856,0.31667,0.35685,0.0,0.785303943,0.87995,0.88639,0.94676,0.7581,0.99879
NC_000017.11:43093629:G:C,BRCA1,0,0.7138,0.118,21.1,0.8358,0.24731,,0.76295,0.73185,0.62381,0.2317,0.05801,0.41053,0.83652,0.95985,0.47956,0.42011,0.43712,0.38051,0.0,0.727330734,0.88839,0.90254,0.95693,0.7581,0.99909
NC_000017.11:43093633:G:T,BRCA1,0,0.66574,0.0836,21.1,0.72466,0.22724,,0.77729,0.78462,0.52938,0.19481,0.05937,0.41381,0.80406,0.95809,0.47481,0.45458,0.33584,0.29684,0.0,0.769891048,0.84242,0.89028,0.92153,0.7581,0.99879
NC_000017.11:43093680:G:T,BRCA1,0,0.45128,0.0979,17.36,0.71684,0.22293,,0.75961,0.27082,0.34074,0.17573,0.0445,0.36397,0.73248,0.73619,0.2361,0.22735,0.20386,0.20541,0.0,0.439441305,0.77335,0.83023,0.87739,0.7581,0.99622
NC_000017.11:43093696:T:C,BRCA1,0,0.56274,0.2943,21.1,0.8017,0.32559,,0.84159,0.49776,0.5216,0.42857,0.04372,0.3499,0.85175,0.94276,0.44926,0.28775,0.3835,0.28485,0.0,0.679666866,0.87082,0.74598,0.93859,0.75902,0.99835
NC_000017.11:43093730:G:C,BRCA1,0,0.23304,0.1,1.721,0.40412,0.07038,,0.82939,0.14223,0.07361,0.30966,0.03766,0.3689,0.59564,0.45457,0.05628,0.08984,0.14747,0.06397,0.0,0.161612744,0.6056,0.61762,0.74028,0.76196,0.9914
NC_000017.11:43093786:T:C,BRCA1,0,0.34171,0.0846,1.191,0.43923,0.09337,0.98095,0.7702,0.14857,0.06327,0.20934,0.05721,0.33208,0.57036,0.67703,0.30379,0.2632,0.14988,0.17751,0.0,0.284274258,0.57986,0.79962,0.71749,0.76196,0.98895
NC_000017.11:43093864:T:G,BRCA1,0,0.18771,0.0967,15.35,0.47187,0.0446,,0.79107,0.12707,0.17848,0.20162,0.00999,0.31925,0.75011,0.66963,0.11767,0.14308,0.19523,0.06397,0.0,0.140377866,0.85954,0.63812,0.93224,0.76257,0.9887
NC_000017.11:43093887:A:C,BRCA1,0,0.43594,0.1757,18.18,0.61776,0.18132,,0.84591,0.22708,0.40147,0.10874,0.11217,0.2668,0.91563,0.88696,0.08091,0.16798,0.24361,0.1381,0.0,0.380319673,0.91347,0.8482,0.96258,0.76257,0.9947
NC_000017.11:43093966:C:T,BRCA1,0,0.78715,0.1264,23.7,0.68282,0.13683,,0.90772,0.74051,0.59485,0.14783,0.16502,0.40551,0.96393,0.92121,0.56929,0.44537,0.36882,0.27381,0.0,0.682159611,0.99916,0.81032,0.98976,0.76257,0.99726
NC_000017.11:43093969:C:G,BRCA1,0,0.63692,0.2569,21.6,0.61238,0.1025,,0.86674,0.46032,0.61156,0.23156,0.02884,0.47624,0.83698,0.83741,0.22468,0.27092,0.17856,0.21609,0.0,0.405840254,0.75956,0.79194,0.892,0.76257,0.99581
NC_000017.11:43094019:C:T,BRCA1,0,0.38899,0.1042,17.38,0.52822,0.1303,0.61535,0.87125,0.263,0.20256,0.53457,0.02948,0.30384,0.81122,0.7334,0.13679,0.19166,0.11694,0.24132,0.0,0.399364198,0.86462,0.81971,0.90788,0.76257,0.99644
NC_000017.11:43094056:T:C,BRCA1,0,0.44854,0.0854,8.086,0.44739,0.03763,,0.84213,0.15207,0.01195,0.11875,0.13859,0.22858,0.50335,0.56654,0.18078,0.09587,0.10963,0.06397,0.0,0.190240901,0.82537,0.55672,0.90085,0.76257,0.9942
NC_000017.11:43094062:G:A,BRCA1,0,0.28902,0.1102,9.223,0.45866,0.09601,,0.77984,0.0491,0.16008,0.07173,0.07552,0.21423,0.39566,0.62051,0.20404,0.15898,0.39678,0.06397,0.0,0.430031966,0.77395,0.83396,0.88101,0.76257,0.99341
NC_000017.11:43094072:A:C,BRCA1,0,0.32086,0.3568,5.594,0.04606,0.03882,,0.79231,0.16111,0.00367,0.0381,0.0192,0.36885,0.94521,0.54858,0.35054,0.43694,0.3708,0.22172,0.0,0.126292297,0.65432,0.60527,0.87375,0.76257,0.99412
NC_000017.11:43094072:A:T,BRCA1,0,0.31784,0.3568,5.616,0.04606,0.03882,,0.79231,0.16111,0.00367,0.0381,0.0192,0.35616,0.94521,0.54858,0.35054,0.43694,0.3708,0.22172,0.0,0.126292297,0.65432,0.60527,0.87375,0.76257,0.99403
NC_000017.11:43094109:A:G,BRCA1,0,0.61391,0.1416,15.84,0.60745,0.16981,,0.87025,0.37589,0.33517,0.45617,0.06314,0.31294,0.923,0.81229,0.37545,0.36269,0.30731,0.15309,0.0,0.431127614,0.88165,0.84036,0.95662,0.76257,0.99765
NC_000017.11:43094112:T:A,BRCA1,0,0.6432,0.1512,18.04,0.56354,0.10907,,0.73229,0.29624,0.63699,0.46608,0.05445,0.33606,0.84451,0.92559,0.2701,0.28868,0.28837,0.1381,0.0,0.758445479,0.87784,0.89528,0.95799,0.76257,0.99806
NC_000017.11:43094112:T:C,BRCA1,0,0.39457,0.0897,12.23,0.4028,0.04988,0.39295,0.68851,0.18476,0.08192,0.32948,0.03537,0.30803,0.81101,0.66963,0.2701,0.28868,0.28837,0.1381,0.0,0.1931893,0.85198,0.8218,0.93624,0.76257,0.99488
NC_000017.11:43094156:G:C,BRCA1,0,0.8657,0.7246,18.0,0.78292,0.10996,0.52014,0.88865,0.43652,0.45532,0.08336,0.31534,0.39142,0.9505,0.87938,0.11189,0.24823,0.3227,0.71708,0.0,0.731541721,0.9366,0.88714,0.98156,0.76257,0.99864
NC_000017.11:43094269:C:T,BRCA1,0,0.25818,0.0789,12.38,0.11236,0.06824,,0.80324,0.24081,0.23831,0.17841,0.028,0.24549,0.8402,0.30154,0.30133,0.36709,0.14572,0.15309,0.0,0.179814194,0.24277,0.52029,0.38989,0.76475,0.98795
NC_000017.11:43094290:C:A,BRCA1,0,0.41197,0.1231,16.51,0.49035,0.1342,,0.77537,0.18074,0.47145,0.4737,0.07116,0.25171,0.63114,0.14367,0.14927,0.22292,0.15951,0.15309,0.0,0.26663658,0.26843,0.81204,0.30429,0.76413,0.9902
NC_000017.11:43094293:A:C,BRCA1,0,0.22784,0.0764,0.304,0.2451,0.06673,0.59943,0.84213,0.12331,0.03814,0.24338,0.02352,0.17441,0.85623,0.35853,0.07492,0.1137,0.10646,0.06397,0.0,0.110485727,0.33521,0.50526,0.33748,0.76413,0.98583
NC_000017.11:43094322:G:A,BRCA1,0,0.3445,0.1248,7.773,0.4974,0.05245,,0.79475,0.05389,0.15738,0.37677,0.08554,0.24779,0.36554,0.60379,0.05507,0.17687,0.10309,0.1381,0.0,0.318646353,0.71476,0.79423,0.89407,0.76413,0.98854
NC_000017.11:43094361:T:C,BRCA1,0,0.43562,0.0894,16.83,0.65191,0.08943,,0.83164,0.39401,0.35008,0.34885,0.05769,0.30572,0.844,0.33237,0.40711,0.32677,0.20041,0.28994,0.0,0.252515055,0.22819,0.81516,0.38037,0.76413,0.99192
NC_000017.11:43094371:A:T,BRCA1,0,0.74367,0.1241,24.0,0.60049,0.16852,0.77879,0.93443,0.81139,0.50723,0.35314,0.21908,0.68873,0.95258,0.94359,0.58992,0.68575,0.7968,0.71708,0.0,0.559163918,0.98693,0.87359,0.96974,0.76413,0.99806
NC_000017.11:43094400:C:T,BRCA1,0,0.58768,0.1802,19.48,0.38708,0.10848,,0.89099,0.44416,0.42114,0.46045,0.12578,0.27862,0.84951,0.82329,0.30546,0.22276,0.26334,0.2944,0.0,0.626978894,0.89075,0.821,0.94877,0.76331,0.99622
NC_000017.11:43094403:T:C,BRCA1,0,0.62321,0.1394,21.7,0.51174,0.09959,,0.85389,0.55619,0.42072,0.31586,0.14435,0.48299,0.90814,0.7741,0.426,0.44448,0.26943,0.37709,0.0,0.557022076,0.9455,0.82398,0.94491,0.76331,0.99792
NC_000017.11:43094425:C:T,BRCA1,0,0.44928,0.1016,17.66,0.6806,0.08051,,0.71088,0.48976,0.33855,0.12504,0.0827,0.20348,0.85969,0.80458,0.41454,0.26898,0.3096,0.17103,0.0,0.455256977,0.8688,0.73264,0.94023,0.76331,0.9969
NC_000017.11:43094430:G:C,BRCA1,0,0.08109,0.1016,0.056,0.08066,0.04466,,0.84913,0.02171,0.00523,0.08314,0.05273,0.28839,0.29428,0.16043,0.08459,0.29679,0.31778,0.1381,0.0,0.083956115,0.60315,0.43399,0.77178,0.76331,0.98198
NC_000017.11:43094442:T:C,BRCA1,0,0.20535,0.0844,0.012,0.14803,0.02406,0.98095,0.92638,0.00417,0.003,0.1081,0.0311,0.11795,0.34781,0.04097,0.02012,0.03397,0.06845,0.06397,0.0,0.076842251,0.60434,0.40216,0.61137,0.76331,0.97536
NC_000017.11:43094449:A:C,BRCA1,0,0.40275,0.0821,7.804,0.52853,0.04409,,0.79292,0.22009,0.18956,0.28702,0.03006,0.2439,0.72448,0.84247,0.09744,0.15369,0.25636,0.19332,0.0,0.789170615,0.85064,0.86155,0.93029,0.76331,0.99552
NC_000017.11:43094457:A:G,BRCA1,0,0.01905,0.0496,0.379,0.071,0.03074,,0.79231,0.00545,0.01596,0.28254,0.00822,0.11086,0.23232,0.00259,0.08905,0.14976,0.21705,0.06397,0.0,0.034356149,0.68779,0.41371,0.68498,0.76331,0.97663
NC_000017.11:43094466:T:C,BRCA1,0,0.44885,0.0816,18.07,0.57463,0.04692,,0.76626,0.43747,0.13977,0.29935,0.04397,0.37793,0.85052,0.85914,0.61384,0.42558,0.28326,0.30995,0.0,0.728174361,0.64698,0.7771,0.67652,0.76331,0.99274
NC_000017.11:43094529:G:T,BRCA1,0,0.46456,0.1463,18.21,0.66041,0.17443,,0.71717,0.3227,0.47653,0.17606,0.02366,0.27321,0.88353,0.9307,0.24462,0.29182,0.2773,0.1381,0.0,0.61617671,0.80367,0.86268,0.88282,0.76331,0.99633
NC_000017.11:43094533:T:C,BRCA1,0,0.25946,0.0957,10.51,0.35294,0.09642,0.79615,0.78612,0.11838,0.16049,0.23066,0.03937,0.2157,0.4717,0.35108,0.16927,0.23172,0.06946,0.20837,0.0,0.320738707,0.81017,0.76897,0.90166,0.76331,0.99097
NC_000017.11:43094629:T:G,BRCA1,0,0.68811,0.2665,23.1,0.65239,0.23267,,0.89789,0.81526,0.72829,0.28323,0.34688,0.37556,0.95132,0.96697,0.64877,0.22704,0.67003,0.71708,0.0,0.734740193,0.95543,0.84204,0.97081,0.76257,0.99879
NC_000017.11:43094639:C:A,BRCA1,0,0.68855,0.4204,19.55,0.60601,0.18716,,0.8361,0.51278,0.55247,0.44616,0.32315,0.36073,0.90027,0.68087,0.45358,0.3579,0.2437,0.71708,0.0,0.282191846,0.60281,0.83499,0.61277,0.76257,0.9824
NC_000017.11:43094639:C:T,BRCA1,0,0.71631,0.4204,19.71,0.60601,0.18716,,0.83721,0.39703,0.55247,0.44616,0.32315,0.4301,0.85334,0.68087,0.45358,0.3579,0.2437,0.71708,0.0,0.282191846,0.84536,0.83499,0.86474,0.76257,0.98712
NC_000017.11:43094691:G:C,BRCA1,0,0.32443,0.2244,24.9,0.75969,0.26834,0.62313,0.8637,0.70217,0.57313,0.14489,0.30405,0.71058,0.91977,0.89892,0.64877,0.60291,0.82496,0.71708,0.0,0.840036946,0.88172,0.76503,0.84727,0.76257,0.99333
NC_000017.11:43094703:G:C,BRCA1,0,0.68668,0.1542,19.05,0.53502,0.32881,0.9938,0.89515,0.59458,0.60693,0.18131,0.26404,0.35274,0.92093,0.9139,0.45215,0.30157,0.46274,0.35977,0.0,0.506907164,0.943,0.80026,0.93973,0.76257,0.9969
NC_000017.11:43094706:C:T,BRCA1,0,0.59477,0.328,21.3,0.71926,0.18589,0.9938,0.88724,0.68656,0.66293,0.13668,0.32877,0.34594,0.92437,0.94693,0.33243,0.36236,0.28692,0.71708,0.0,0.630824877,0.92355,0.80273,0.94026,0.76257,0.9969
NC_000017.11:43094740:T:A,BRCA1,0,0.45601,0.0883,19.29,0.62403,0.13375,,0.74239,0.36934,0.0896,0.36691,0.09987,0.49149,0.80329,0.16878,0.29718,0.15348,0.29445,0.21859,0.02,0.257632528,0.81276,0.48496,0.83883,0.76475,0.98775
NC_000017.11:43094742:C:G,BRCA1,0,0.38053,0.1327,18.74,0.57123,0.14343,,0.79107,0.3724,0.1158,0.13969,0.07951,0.43063,0.78065,0.63625,0.31397,0.24032,0.26509,0.22802,0.07,0.65386676,0.5068,0.60664,0.5616,0.76475,0.985
NC_000017.11:43094743:C:A,BRCA1,0,0.36805,0.1454,23.1,0.53656,0.1896,0.53912,0.80024,0.24857,0.3966,0.30349,0.09775,0.54481,0.67163,,0.15902,0.14893,0.18433,0.23693,0.02,0.61533951,0.20457,0.6131,0.43338,0.76475,0.97332
NC_000017.11:43094787:G:T,BRCA1,0,0.34803,0.1147,18.41,0.78547,0.22892,,0.78487,0.2839,0.0331,0.16094,0.05762,0.36396,0.84725,0.57226,0.24321,0.37787,0.43426,0.17751,0.0,0.68732492,0.88677,0.53673,0.95381,0.76475,0.98102
NC_000017.11:43094791:T:C,BRCA1,0,0.21527,0.1202,13.13,0.38437,0.06215,0.52975,0.72859,0.27437,0.10421,0.23846,0.08957,0.33383,0.90778,0.3126,0.28917,0.1782,0.27823,0.16112,0.07,0.528071741,0.43968,0.51377,0.51534,0.76475,0.96226
NC_000017.11:43095863:A:C,BRCA1,0,0.31103,0.0775,4.675,0.55354,0.18729,0.5103,0.86623,0.21236,0.08749,0.19536,0.03448,0.30415,0.81873,0.40154,0.1055,0.06011,0.10123,0.06397,0.0,0.208765448,0.90297,0.41618,0.96449,0.77316,0.98455
NC_000017.11:43099810:T:C,BRCA1,0,0.21724,0.0955,0.227,0.41533,0.18011,0.48977,0.81096,0.13389,0.00685,0.17418,0.11949,0.27413,0.58146,0.26674,0.1545,0.06639,0.14676,0.06397,0.02,0.126459644,0.81882,0.36678,0.92535,0.78136,0.96186
NC_000017.11:43099858:G:C,BRCA1,0,0.26071,0.0946,15.7,0.23899,0.44521,0.36362,0.76228,0.16745,0.06501,0.1213,0.07788,0.34107,0.81738,0.38204,0.35578,0.32367,0.44721,0.25692,0.01,0.555977672,0.85767,0.50988,0.92332,0.78136,0.97691
NC_000017.11:43104165:G:A,BRCA1,0,0.81487,0.6827,25.8,0.77109,0.71682,0.84566,0.90727,0.7962,0.43903,0.51285,0.39146,0.67241,0.94867,0.73732,0.75361,0.46257,0.76986,0.71708,0.0,0.864710104,0.97975,0.69625,0.98091,0.78635,0.98987
NC_000017.11:43104165:G:T,BRCA1,0,0.79085,0.9081,23.5,0.82562,0.76298,,0.89192,0.7906,0.58951,0.36719,0.29096,0.54465,0.9794,0.73732,0.75361,0.46257,0.76986,0.71708,0.0,0.675336888,0.97975,0.60232,0.98091,0.78635,0.99274
NC_000017.11:43104192:T:C,BRCA1,0,0.47298,0.0704,14.07,0.41109,0.18125,,0.8139,0.28051,0.10606,0.10016,0.26291,0.37274,0.83767,0.68366,0.35159,0.3102,0.07873,0.71708,0.0,0.122889791,0.89501,0.36045,0.93711,0.78635,0.97955
NC_000017.11:43104240:C:A,BRCA1,0,0.18054,0.0775,12.63,0.02299,0.28026,,0.79598,0.29938,0.05905,0.05426,0.10466,0.20194,0.94349,0.00886,0.25175,0.33725,0.36689,0.71708,0.0,0.036297873,0.05579,0.35802,0.14052,0.78635,0.95241
NC_000017.11:43104257:G:C,BRCA1,0,0.50339,0.1382,20.3,0.60341,0.33788,0.59943,0.8443,0.46029,0.29215,0.39516,0.12269,0.42717,0.94671,0.63171,0.3622,0.35641,0.55392,0.71708,0.0,0.639634194,0.49203,0.57156,0.54546,0.78635,0.96815
NC_000017.11:43104879:T:A,BRCA1,0,0.58635,0.2804,21.6,0.62375,0.43059,,0.85701,0.57179,0.40647,0.53368,0.39942,0.46626,0.88841,0.5887,0.48793,0.36805,0.43044,0.71708,0.06,0.359764541,0.9229,0.44118,0.92821,0.78707,0.98455
NC_000017.11:43104885:G:T,BRCA1,0,0.64741,0.1151,24.6,0.71919,0.23196,,0.85019,0.59188,0.71224,0.41767,0.60469,0.60591,0.94061,0.73732,0.74729,0.50648,0.82679,0.71708,0.17,0.753946849,0.71243,0.57921,0.71695,0.78707,0.98444
NC_000017.11:43104886:C:A,BRCA1,0,0.45448,0.4389,20.9,0.46193,0.47045,,0.83886,0.1839,0.55612,0.53017,0.31622,0.47078,0.77045,0.06502,0.03281,0.12028,0.10161,0.36691,0.33,0.228004178,0.11815,0.39056,0.30916,0.78707,0.97375
NC_000017.11:43104886:C:G,BRCA1,0,0.4726,0.4389,19.23,0.46193,0.47045,,0.83886,0.1839,0.55612,0.53017,0.31622,0.48343,0.77045,0.06502,0.03281,0.12028,0.10161,0.36691,0.16,0.228004178,0.11815,0.39056,0.30916,0.78707,0.97375
NC_000017.11:43104900:T:C,BRCA1,0,0.65732,0.1227,19.97,0.78609,0.23437,,0.84859,0.67232,0.32537,0.3746,0.33176,0.73085,0.9384,0.71529,0.74729,0.61544,0.326,0.71708,0.0,0.110702533,0.91915,0.68809,0.91083,0.78707,0.98579
NC_000017.11:43104945:C:T,BRCA1,0,0.61129,0.4051,24.0,0.79768,0.54805,,0.85019,0.78816,0.46939,0.83655,0.5715,0.657,0.91172,0.70268,0.74729,0.61123,0.46115,0.71708,0.25,0.104678718,0.90838,0.67026,0.90375,0.78707,0.98721
NC_000017.11:43106470:T:C,BRCA1,0,0.60786,0.1452,19.17,0.68424,0.14361,,0.77278,0.45664,0.26373,0.05361,0.63913,0.40801,0.91123,0.5887,0.28379,0.34376,0.24835,0.4031,0.01,0.093634532,0.90147,0.47128,0.92721,0.78841,0.97969
NC_000017.11:43106478:T:C,BRCA1,0,,,10.7,,,,,,,,,,,,,,,,0.0,,,,,,
NC_000017.11:43106492:A:C,BRCA1,0,0.48567,0.0859,21.4,0.70727,0.22847,0.45658,0.81623,0.5512,0.7114,0.23792,0.39478,0.36335,0.82036,0.11907,0.70832,0.32426,0.76257,0.2753,0.04,0.05602792,0.90161,0.57667,0.90001,0.78841,0.98667
NC_000017.11:43106523:C:A,BRCA1,0,0.59895,0.744,23.3,0.73204,0.60531,,0.80204,0.4468,0.87766,0.63738,0.54375,0.58248,0.80564,0.00312,0.70832,0.47838,0.45108,0.71708,0.14,0.051065046,0.85637,0.7311,0.68105,0.78841,0.98429
NC_000017.11:43115760:T:G,BRCA1,0,0.63744,0.6552,23.6,0.62983,0.27244,,0.83444,0.46203,0.59678,0.40656,0.65079,0.48484,0.84092,0.08547,0.32108,0.27366,0.20168,0.71708,0.01,0.095879836,0.75076,0.72513,0.75135,0.78512,0.98404
NC_000017.11:43115762:C:T,BRCA1,0,0.75289,0.8003,26.6,0.87266,0.43051,,0.86472,0.71033,0.76492,0.77661,0.75747,0.68645,0.89494,0.08216,0.96931,0.5305,0.50911,0.71708,0.0,0.140634733,0.88729,0.79369,0.86353,0.78512,0.99109
NC_000017.11:43124035:T:G,BRCA1,0,0.57883,0.3179,17.84,0.6845,0.44675,,0.83388,0.36621,0.7841,0.27195,0.73543,0.50075,0.87875,0.03695,0.31397,0.28115,0.38418,0.71708,0.0,0.094188116,0.83705,0.43839,0.85702,0.78199,0.98348
NC_000017.11:43124044:T:G,BRCA1,0,0.48562,0.4944,22.4,0.78109,0.44967,,0.84213,0.38656,0.93683,0.58857,0.67772,0.69343,0.82946,0.01765,0.43258,0.5372,0.69008,0.71708,0.0,0.098010298,0.78605,0.58232,0.74087,0.78199,0.98685
NC_000017.11:43124057:A:T,BRCA1,0,0.42847,0.3373,20.9,0.69042,0.29742,,0.81331,0.37794,0.7231,0.66549,0.60577,0.55696,0.70342,0.04873,0.30631,0.39035,0.41488,0.71708,0.0,0.617923962,0.79449,0.67981,0.78896,0.78199,0.97903
NC_000017.11:43124076:C:A,BRCA1,0,0.37365,0.2306,0.16,0.69689,0.44187,0.4448,0.83776,0.05498,0.46508,0.34705,0.02174,0.28675,0.42225,0.23473,0.02273,0.00548,0.01918,0.06397,0.07,0.638550397,0.70166,0.54274,0.76079,0.78199,0.9699
NC_000017.11:43124087:T:G,BRCA1,0,0.24951,0.0753,12.07,0.35144,0.38977,,0.7886,0.17059,0.44634,0.26039,0.1773,0.36144,0.86203,0.20933,0.135,0.10176,0.12076,0.23205,0.0,0.325970994,0.66699,0.40784,0.71749,0.78199,0.97442
NC_000017.11:58692681:T:A,RAD51C,0,0.05452,0.1063,8.293,0.10328,0.08716,0.23472,0.12499,0.10306,0.01401,0.16699,0.39267,0.31406,0.38031,0.07982,0.16694,0.01831,0.04169,0.18934,0.02,,0.26314,0.34571,0.17818,0.71147,0.24243
NC_000017.11:58692700:T:G,RAD51C,0,0.26619,0.0763,14.93,0.18123,0.18751,0.34793,0.19964,0.18373,0.03339,0.49343,0.31482,0.19504,0.66959,0.15308,0.24742,0.36816,0.25562,0.71708,0.0,0.080112924,0.19815,0.39848,0.20169,0.71147,0.21263
NC_000017.11:58692749:A:G,RAD51C,0,0.56621,0.0799,22.6,0.31739,0.14484,0.583,0.2618,0.43704,0.20641,0.45043,0.35183,0.46043,0.71371,0.43162,0.90385,0.56033,0.80069,0.71708,0.23,0.120422407,0.56487,0.6279,0.47358,0.71147,0.53756
NC_000017.11:58694933:T:C,RAD51C,0,0.08908,0.0984,16.01,0.1783,0.20598,0.45658,0.03637,0.24482,0.05824,0.33342,0.42764,0.21292,0.51602,0.23159,0.41206,0.30321,0.21039,0.71708,0.03,0.056204705,0.17483,0.44302,0.21343,0.71492,0.4062
NC_000017.11:58695032:A:G,RAD51C,0,0.22845,0.0626,13.26,0.06766,0.20234,0.13577,0.04912,0.21845,0.0586,0.12655,0.21861,0.28155,0.72074,0.08188,0.29718,0.36699,0.3617,0.39528,0.01,0.063813619,0.20424,0.44723,0.36192,0.71492,0.28408
NC_000017.11:58695058:G:C,RAD51C,0,0.42999,0.0667,19.21,0.26887,0.34108,0.48977,0.21748,0.43528,0.43941,0.50689,0.32635,0.67415,0.68815,0.08308,0.86873,0.73795,0.56451,0.71708,0.0,0.087951858,0.23015,0.37485,0.34104,0.71492,0.54621
NC_000017.11:58696786:G:A,RAD51C,0,0.53294,0.0994,24.0,0.4534,0.48796,0.29588,0.20566,0.49451,0.53106,0.49501,0.32891,0.69133,0.67983,0.44961,0.86873,0.66086,0.50405,0.71708,0.0,0.287100958,0.24631,0.57481,0.41439,0.71492,0.95549
NC_000017.11:58696786:G:T,RAD51C,0,0.64086,0.1986,26.3,0.59617,0.68005,0.4448,0.61534,0.70277,0.89988,0.80668,0.34804,0.69133,0.76998,0.87374,0.86873,0.66086,0.50405,0.71708,0.0,0.514383083,0.77783,0.76674,0.77399,0.71492,0.98965
NC_000017.11:61683456:C:T,BRIP1,0,0.02218,0.0681,10.82,0.22116,0.12583,0.0799,0.18734,0.1083,0.05399,0.26303,0.04794,0.0379,0.48645,0.01385,0.26269,0.17875,0.17198,0.06397,0.0,,0.3216,0.34024,0.39913,0.93444,0.78584
NC_000017.11:61683500:G:A,BRIP1,0,0.00945,0.067,0.009,0.12206,0.11264,0.05031,0.25917,0.02119,0.00439,0.08726,0.01111,0.02312,0.5084,0.00778,0.03576,0.05127,0.11455,0.06397,0.0,,0.31929,0.37845,0.42633,0.93444,0.79869
NC_000017.11:61683537:G:T,BRIP1,0,0.22962,0.0615,16.11,0.40499,0.14642,,0.41253,0.13376,0.12534,0.13511,0.0998,0.22077,0.55665,0.45274,0.14789,0.23279,0.21255,0.3741,0.0,,0.51932,0.52425,0.60349,0.93444,0.83881
NC_000017.11:61683543:T:C,BRIP1,0,0.00553,0.0493,8.259,0.2204,0.0942,,0.10071,0.07216,0.09518,0.08287,0.03638,0.01809,0.37977,0.00355,0.20765,0.22261,0.20168,0.23928,0.0,,0.25112,0.338,0.41914,0.93444,0.77605
NC_000017.11:61683596:G:T,BRIP1,0,0.10543,0.0836,0.394,0.2621,0.22903,,0.46893,0.06261,0.27061,0.09415,0.02046,0.08682,0.60236,0.06502,0.36005,0.17088,0.21936,0.06397,0.0,,0.3274,0.4413,0.49269,0.93444,0.83874
NC_000017.11:61683601:G:C,BRIP1,0,0.00829,0.0637,0.036,0.1448,0.03596,,0.34033,0.05453,0.05268,0.12813,0.06523,0.07118,0.53195,0.00299,0.17349,0.08197,0.10246,0.06397,0.0,,0.21846,0.31831,0.32077,0.93444,0.79126
NC_000017.11:61683704:T:A,BRIP1,0,0.00693,0.0562,0.097,0.0766,0.13035,,0.30177,0.01826,0.02692,0.04928,0.00629,0.02014,0.33171,0.00795,0.03859,0.12088,0.09575,0.16672,0.0,,0.18743,0.31745,0.37739,0.93444,0.79616
NC_000017.11:61683737:A:G,BRIP1,0,0.0155,0.0505,0.073,0.06187,0.08119,,0.24572,0.0783,0.00338,0.14104,0.02015,0.06218,0.61398,0.19052,0.07562,0.03017,0.10215,0.06397,0.0,,0.21619,0.36934,0.52842,0.93444,0.80251
NC_000017.11:61683978:G:A,BRIP1,0,0.09462,0.068,3.096,0.08287,0.07908,0.18775,0.36974,0.09007,0.00321,0.29732,0.01349,0.03712,0.84406,0.21501,0.16939,0.31594,0.19666,0.16112,0.0,,0.29594,0.3575,0.49935,0.93516,0.82129
NC_000017.11:61685985:A:C,BRIP1,0,0.14589,0.0716,4.008,0.23057,0.11969,,0.13861,0.04756,0.08373,0.35723,0.00512,0.13861,0.34367,,0.173,0.17183,0.29092,0.1381,0.0,0.181892622,0.36989,,0.60876,0.93596,0.78315
NC_000017.11:61685985:A:G,BRIP1,0,3e-05,0.0638,6.854,0.00991,0.19507,0.01748,0.25384,0.05828,0.13981,0.31838,0.00592,0.03023,,,0.173,0.17183,0.29092,0.1381,0.0,0.115891657,0.42951,,0.00011,0.93596,0.55074
NC_000017.11:61685985:A:T,BRIP1,0,0.08987,0.0708,4.201,0.20964,0.17067,,0.10071,0.04789,0.04905,0.30119,0.00443,0.15238,0.3481,,0.173,0.17183,0.29092,0.1381,0.0,0.169682318,0.3772,,0.61149,0.93596,0.76823
NC_000017.11:61686066:G:T,BRIP1,0,0.04262,0.0573,0.839,0.04286,0.09447,,0.28227,0.06802,0.03773,0.13103,0.11961,0.00731,0.39898,0.00198,0.40586,0.33148,0.21493,0.17751,0.01,0.079752556,0.25431,0.33296,0.38795,0.93596,0.81543
NC_000017.11:61716033:G:C,BRIP1,0,0.24011,0.0745,6.495,0.19319,0.1526,0.47906,0.50893,0.07004,0.06695,0.00125,0.16993,0.13329,0.8676,0.00582,0.0379,0.17422,0.16172,0.34983,0.0,0.041224693,0.60439,0.69188,0.55758,0.97296,0.81454
NC_000017.11:61793712:C:A,BRIP1,0,0.01632,0.0659,9.112,0.08955,0.14234,,0.25652,0.06484,0.0696,0.03607,0.11433,0.03253,0.4833,0.00071,0.11778,0.37126,0.29225,0.71708,0.04,0.060730219,0.42797,0.35405,0.24265,0.97724,0.66851
NC_000017.11:61801314:G:T,BRIP1,0,0.27432,0.0577,13.77,0.30009,0.34052,,0.43262,0.14423,0.39296,0.52983,0.10959,0.26431,0.43513,0.23116,0.22139,0.22893,0.20318,0.34148,0.0,0.177164874,0.33279,0.55489,0.51975,0.97744,0.65814
NC_000017.11:61801408:G:T,BRIP1,0,0.1915,0.1825,10.18,0.076,0.37038,,0.22901,0.1096,0.05293,0.14564,0.10345,0.12238,0.71428,0.03943,0.14833,0.10794,0.17763,0.20339,0.0,0.097196206,0.2508,0.53124,0.4771,0.97744,0.60154
NC_000017.11:61849169:C:T,BRIP1,0,0.09663,0.0689,14.18,0.19617,0.12158,0.27662,0.03332,0.22744,0.00408,0.19653,0.10017,0.18027,0.48507,0.26734,0.3166,0.26827,0.19471,0.71708,0.12,0.203892188,0.18247,0.40935,0.34379,0.97782,0.74664
NC_000017.11:61857138:T:C,BRIP1,0,0.01338,0.0605,0.137,0.14386,0.26709,,0.05575,0.02497,0.02404,0.5755,0.02445,0.05805,0.17307,0.08308,0.04793,0.06301,0.07553,0.06397,0.04,0.056607759,0.10399,0.3347,0.23179,0.97873,0.69111
NC_000017.11:61857170:G:A,BRIP1,0,0.16425,0.0787,16.19,0.31917,0.14865,,0.12154,0.13261,0.00171,0.21714,0.00764,0.17231,0.33412,0.02589,0.2656,0.33953,0.23357,0.33763,0.11,0.144039619,0.17818,0.37348,0.3982,0.97873,0.72917
NC_000019.10:1223063:A:G,STK11,0,0.25167,0.0522,20.9,0.47152,0.28434,0.65321,0.583,0.14791,0.52354,0.79461,0.22427,0.63254,0.24237,0.14367,0.22861,0.69889,0.48826,0.71708,0.0,0.193844003,0.33617,0.80598,0.58688,0.07754,0.9844
NC_000019.10:1223123:T:C,STK11,0,0.50561,0.5728,17.94,0.38172,0.18665,0.39295,0.3798,0.1056,0.13956,0.17861,0.40107,0.39934,0.26821,0.46017,0.22927,0.48981,0.42279,0.36691,0.0,0.113840174,0.33689,0.78093,0.52085,0.07754,0.9828
NC_000019.10:1226480:A:C,STK11,0,0.28219,0.0579,20.6,0.05281,0.28238,0.33146,0.09372,0.17569,0.41426,0.01702,0.08952,0.43331,0.41038,0.06502,0.36766,0.41363,0.78768,0.34884,0.0,,0.28342,0.80366,0.41957,0.06262,0.98575
NC_000019.10:1226520:G:A,STK11,0,0.31539,0.1828,19.2,0.27215,0.1417,0.27662,0.1042,0.35653,0.45957,0.10246,0.13252,0.55889,0.41579,0.38437,0.50878,0.6037,0.49756,0.71708,0.0,,0.58404,0.75112,0.58714,0.06262,0.9881
NC_000019.10:1226549:C:A,STK11,0,0.27058,0.0834,13.74,0.23415,0.25304,0.4067,0.3425,0.16414,0.10881,0.31557,0.18485,0.53685,0.46245,0.29426,0.24251,0.39653,0.31114,0.34368,0.0,,0.54976,0.74541,0.56922,0.06262,0.9852
NC_000019.10:1226566:G:C,STK11,0,0.10612,0.0779,12.97,0.23813,0.15703,0.37861,0.17473,0.04844,0.07407,0.15956,0.14368,0.20536,0.13622,0.00575,0.07634,0.37452,0.25556,0.71708,0.0,,0.14094,0.68123,0.21884,0.06262,0.97805
NC_000002.12:214728919:G:A,BARD1,0,0.53851,0.1579,24.8,0.43113,0.52908,0.52975,0.46893,0.64144,0.36386,0.70975,0.24375,0.70201,0.92028,0.5584,0.63881,0.62889,0.59882,0.71708,0.0,,0.75119,0.64723,0.72682,0.35898,0.83924
NC_000002.12:214780613:C:A,BARD1,0,0.13777,0.1342,4.914,0.26687,0.26328,0.21188,0.07282,0.09072,0.31191,0.19577,0.04736,0.07439,0.74927,0.20114,0.04279,0.04419,0.05806,0.06397,0.0,,0.24437,0.33107,0.43541,0.35305,0.90108
NC_000002.12:214780616:A:T,BARD1,0,0.22281,0.108,8.292,0.30549,0.19811,0.23472,0.09022,0.16198,0.16421,0.30776,0.03209,0.10893,0.78736,0.37687,0.07913,0.08447,0.17994,0.06397,0.0,,0.47376,0.3547,0.51039,0.35305,0.90849
NC_000002.12:214780734:T:G,BARD1,0,0.10105,0.0831,0.019,0.07952,0.13494,0.10826,0.25384,0.00918,0.03304,0.15164,0.03002,0.11473,0.5905,0.27866,0.00192,0.02328,0.02437,0.06397,0.04,,0.22041,0.3365,0.40799,0.35305,0.91368
NC_000002.12:214780802:T:C,BARD1,0,0.12737,0.0689,0.011,0.04907,0.08798,0.0799,0.29214,0.00431,0.11454,0.33326,0.00107,0.04766,0.67528,0.12189,0.00212,0.00658,0.02498,0.06397,0.0,,0.46132,0.31857,0.40755,0.35305,0.94243
NC_000002.12:214780957:T:C,BARD1,0,0.4026,0.0772,8.237,0.16436,0.14453,0.05031,0.12499,0.10069,0.02966,0.13559,0.12741,0.08132,0.8384,0.39213,0.1415,0.16486,0.10483,0.06397,0.0,,0.43195,0.29452,0.59752,0.35305,0.93221
NC_000002.12:214780968:T:C,BARD1,0,0.18207,0.0809,17.42,0.28185,0.17232,0.21188,0.29456,0.15832,0.08241,0.35646,0.03783,0.12255,0.85904,0.46017,0.2786,0.15099,0.2115,0.1381,0.0,,0.50011,0.33523,0.69006,0.35305,0.9463
NC_000002.12:214780999:T:C,BARD1,0,0.02525,0.0539,9.115,0.06187,0.10431,0.37861,0.15198,0.02608,0.06567,0.13169,0.01744,0.00778,0.65467,0.00893,0.22536,0.22117,0.27917,0.1381,0.02,,0.37318,0.24164,0.34869,0.35305,0.91342
NC_000002.12:214781197:C:T,BARD1,0,0.16492,0.073,11.25,0.22116,0.2161,0.0799,0.28723,0.1777,0.06475,0.04242,0.04908,0.05125,0.88093,0.46017,0.3305,0.21407,0.17929,0.16112,0.0,,0.57646,0.42002,0.67477,0.35305,0.92337
NC_000002.12:214781493:T:C,BARD1,0,0.07946,0.0772,13.25,0.06902,0.19432,0.16233,0.23184,0.07881,0.00853,0.32647,0.07779,0.08666,0.73292,0.3126,0.47172,0.18593,0.27125,0.06397,0.09,,0.38152,0.30445,0.50522,0.35305,0.90355
NC_000002.12:214792443:T:A,BARD1,0,0.42514,0.1057,13.73,0.29882,0.36385,0.39295,0.40311,0.20058,0.18507,0.49608,0.15255,0.15961,0.80754,0.13092,0.18588,0.06389,0.12041,0.06397,0.0,,0.43376,0.58971,0.50164,0.35305,0.93574
NC_000002.12:214809499:GC:AT,BARD1,0,,,,,,,,,,,,,,,,,,,,,,,,,
NC_000022.11:28689141:A:G,CHEK2,0,0.15586,0.0454,12.03,0.06263,0.27457,0.54827,0.43619,0.1353,0.57132,0.13264,0.1838,0.04298,0.29474,0.01215,0.3622,0.4806,0.43326,0.22083,0.0,,0.0508,0.35251,0.19735,0.78251,0.7873
NC_000022.11:28696912:G:C,CHEK2,0,0.23246,0.1243,14.11,0.20416,0.24055,0.50018,0.26442,0.39413,0.11596,0.54576,0.38126,0.39356,0.78059,0.15616,0.2011,0.18758,0.28339,0.4147,0.0,,0.33902,0.30193,0.43802,0.78978,0.79292
NC_000022.11:28711910:C:T,CHEK2,0,0.04791,0.0615,1.739,0.07779,0.36005,0.4448,0.14198,0.02014,0.01577,0.2678,0.13921,0.28274,0.65512,0.15616,0.06008,0.09467,0.08355,0.06397,0.0,,0.683,0.35576,0.82847,0.79264,0.80963
NC_000022.11:28711935:C:A,CHEK2,0,0.30882,0.5954,15.82,0.29701,0.39111,0.6973,0.09022,0.32941,0.44943,0.80518,0.46018,0.37492,0.7703,0.24833,0.14262,0.09874,0.08831,0.32688,0.0,,0.11396,0.36433,0.38012,0.79264,0.80166
NC_000022.11:28719434:C:A,CHEK2,0,0.2977,0.0962,21.7,0.14338,0.27247,0.5103,0.12154,0.28587,0.54403,0.34539,0.18844,0.59045,0.41657,0.04488,0.51246,0.51733,0.47257,0.71708,0.01,,0.19975,0.34648,0.293,0.79751,0.89831
NC_000022.11:28734660:G:A,CHEK2,0,0.00606,0.0562,0.011,0.06902,0.13157,0.31413,0.29938,0.00719,0.00121,0.00329,0.09627,0.05941,0.55102,0.00751,0.0243,0.02314,,0.06397,0.0,,0.72571,0.41296,0.72851,0.80385,0.89065
NC_000008.11:89935601:A:T,NBN,0,0.01727,0.0352,16.1,0.02667,0.08021,0.10826,0.17154,0.17127,0.06123,0.01032,0.39434,0.01244,0.53787,0.00142,0.56058,0.37347,0.32756,0.42797,0.0,,0.17242,0.25904,0.21691,0.19642,0.8723
NC_000008.11:89943290:T:C,NBN,0,0.00116,0.2031,23.9,0.47386,0.43261,0.25628,0.39353,0.46562,0.40093,0.14104,0.49626,0.43128,0.69802,0.38204,0.91072,0.54794,0.69405,0.71708,0.0,,0.44952,0.61311,0.30336,0.19541,0.9135
NC_000008.11:89946189:C:T,NBN,0,0.04568,0.0673,0.708,0.12484,0.06839,0.0799,0.03637,0.0246,0.02438,0.03371,0.01418,0.053,0.38355,0.2101,0.0761,0.06616,0.04067,0.06397,0.01,,0.10796,0.26923,0.26668,0.19541,0.86843
NC_000008.11:89946195:G:C,NBN,0,0.0174,0.0599,0.317,0.02095,0.05457,0.10826,0.13523,0.02212,0.0052,0.15331,0.01973,0.05484,0.30295,0.01592,0.04493,0.11059,0.07738,0.06397,0.0,,0.10236,0.38262,0.23593,0.19541,0.86991
NC_000008.11:89953323:C:T,NBN,0,0.00533,0.0658,0.833,0.00991,0.03067,0.0799,0.01935,0.01865,0.00026,0.21569,0.12066,0.00722,0.31351,0.02653,0.02038,0.04474,0.0435,0.06397,0.0,,0.2968,0.28653,0.24191,0.20789,0.85512
NC_000008.11:89953429:C:G,NBN,0,0.0071,0.1055,0.427,0.11551,0.07101,0.10826,0.03637,0.01333,0.0166,0.04049,0.177,0.11481,0.34249,0.02144,0.0057,0.0447,0.1414,0.06397,0.0,,0.13875,0.28304,0.20838,0.20789,0.8595
NC_000008.11:89955351:T:C,NBN,0,0.01987,0.056,5.22,0.04502,0.11189,0.0799,0.06252,0.03384,0.00161,0.27661,0.02809,0.00634,0.54907,0.00715,0.23335,0.1031,0.17028,0.06397,0.0,,0.2065,0.28678,0.28755,0.22328,0.8384
NC_000008.11:89955478:G:A,NBN,0,0.02738,0.0664,0.296,0.04606,0.09781,0.18775,0.03035,0.01755,0.00057,0.1001,0.00665,0.00439,0.26936,0.00508,0.22665,0.14331,0.25811,0.06397,0.01,,0.25495,0.28029,0.25895,0.22509,0.88002
NC_000008.11:89970468:A:G,NBN,0,0.09119,0.0776,10.91,0.21827,0.49424,0.10826,0.10768,0.04108,0.03422,0.25482,0.09472,0.0051,0.23861,0.05135,0.19155,0.26446,0.24642,0.32542,0.0,,0.2269,0.37543,0.29236,0.26536,0.91404
NC_000008.11:89971254:C:T,NBN,0,0.1436,0.0663,13.65,0.09427,0.32339,0.21188,0.22329,0.08728,0.01775,0.57027,0.15965,0.02341,0.65206,0.08216,0.01916,0.1137,0.10863,0.29555,0.0,,0.35079,0.3074,0.52628,0.26536,0.92405
NC_000008.11:89982788:ATC:GTT,NBN,0,,,,,,,,,,,,,,,,,,,,,,,,,
NC_000008.11:89984527:C:G,NBN,0,0.07396,0.108,13.3,0.16618,0.5412,0.4067,0.06594,0.12618,0.04892,0.42865,0.48743,0.02356,0.40088,0.03076,0.32108,0.32724,0.28181,0.25795,0.0,,0.07836,0.27676,0.18397,0.24628,0.91135
NC_000009.12:95107174:G:A,FANCC,0,0.12144,0.1072,0.243,0.12078,0.11336,0.18775,0.02195,0.0182,0.03512,0.23066,0.04039,0.03989,0.2927,0.06502,0.0266,0.0137,0.00882,0.06397,0.0,0.121820246,0.09297,0.46571,0.24042,0.93516,0.66334
NC_000009.12:95107174:G:T,FANCC,0,0.05828,0.1011,0.057,0.14314,0.12504,0.33146,0.0145,0.0086,0.03734,0.15536,0.03542,0.00908,0.265,0.06502,0.0266,0.0137,0.00882,0.06397,0.0,0.136608639,0.25016,0.33501,0.19656,0.93516,0.6495
NC_000009.12:95107207:G:A,FANCC,0,0.20464,0.0991,9.73,0.25648,0.08496,0.18775,0.1966,0.14113,0.02288,0.19193,0.15127,0.05765,0.63581,0.37687,0.30714,0.36484,0.38848,0.17454,0.0,0.163921187,0.16941,0.40242,0.34869,0.93516,0.71566
NC_000009.12:95107246:C:T,FANCC,0,0.14997,0.1082,8.301,0.16992,0.15982,0.13577,0.16833,0.08062,0.10282,0.16322,0.05978,0.05578,0.52297,0.25178,0.12464,0.10446,0.15671,0.06397,0.0,0.131228939,0.26811,0.44826,0.32767,0.93516,0.69977
NC_000009.12:95111576:C:A,FANCC,0,0.03942,0.1248,0.088,0.02993,0.11076,0.23472,0.37379,0.00088,0.06931,0.22948,0.12146,0.01144,0.13856,0.00083,0.00057,0.16761,0.07335,0.20665,0.0,0.037173724,0.39979,0.37693,0.03821,0.93516,0.42203
NC_000009.12:95111599:T:C,FANCC,0,0.02159,0.0964,0.019,0.10041,0.06064,0.0799,0.03332,0.01343,0.01309,0.06324,0.11379,0.013,0.27543,0.16137,0.02476,0.06919,0.02612,0.06397,0.0,0.068211014,0.31088,0.28545,0.16509,0.93516,0.43232
NC_000009.12:95114707:T:C,FANCC,0,0.04299,0.0834,0.037,0.07417,0.06593,0.05031,0.07282,0.00608,0.00271,0.12238,0.06838,0.07949,0.13382,0.52303,0.02712,0.06968,0.08865,0.06397,0.0,0.110128497,0.18525,0.33992,0.31814,0.93516,0.41927
NC_000009.12:95125150:T:C,FANCC,0,0.05406,0.0771,0.305,0.08232,0.11478,0.18775,0.08325,0.05137,0.00348,0.06118,0.12061,0.04184,0.40328,0.00645,0.28532,0.25207,0.18975,0.4031,0.0,0.052758605,0.37031,0.37528,0.10245,0.93516,0.4345
NC_000009.12:95249154:C:T,FANCC,0,0.25712,0.0881,15.43,0.30962,0.16047,0.13577,0.17791,0.22227,0.12335,0.09468,0.03544,0.09463,0.6159,0.57226,0.277,0.12691,0.21986,0.29733,0.0,0.135847333,0.12244,0.38159,0.34597,0.92817,0.55449
NC_000009.12:95249274:A:G,FANCC,0,0.00983,0.0746,0.06,0.07837,0.09185,0.01748,0.10071,0.01076,0.01384,0.13228,0.09086,0.00747,0.39742,0.13404,0.00645,0.03554,0.05615,0.06397,0.01,,0.43939,0.27305,0.19735,0.92817,0.45374
