SPDI,Gene,y,p_SVM_RBF,vote_SVM_RBF,p_ENET_LR,vote_ENET_LR,p_EXTRA_TREES,vote_EXTRA_TREES,p_HIST_GB,vote_HIST_GB,V,vote_vector,Mean4,S_MAC,n_observed_panel,panel_size,complete_flag,directional_descriptor,partition
NC_000010.11:87894083:A:G,PTEN,1,0.9955307019576672,1.0,0.9912801386449552,1.0,0.999999994269548,1.0,0.996903280230704,1.0,4.0,1111,0.9959285287757186,0.9980161020516208,25,25,1,Unanimous LP/P-directed,current_missense_f1
NC_000010.11:87925528:C:G,PTEN,1,0.9910298496546964,1.0,0.9903223910536418,1.0,0.999999994269548,1.0,0.9967855125075892,1.0,4.0,1111,0.9945344368713688,0.9972349524765594,25,25,1,Unanimous LP/P-directed,current_missense_f1
NC_000010.11:87925549:T:C,PTEN,1,0.9954789827328382,1.0,0.991932521928377,1.0,0.999999994269548,1.0,0.9966563708724848,1.0,4.0,1111,0.996016967450812,0.9980646051273055,25,25,1,Unanimous LP/P-directed,current_missense_f1
NC_000010.11:87933036:A:G,PTEN,1,0.996661461275652,1.0,0.994268463341906,1.0,0.999999994269548,1.0,0.9968445329765704,1.0,4.0,1111,0.9969436129659192,0.9985639212432365,25,25,1,Unanimous LP/P-directed,current_missense_f1
NC_000010.11:87933120:C:G,PTEN,1,0.9960730400785812,1.0,0.9924504864857718,1.0,0.994130145072966,1.0,0.9949134940608616,1.0,4.0,1111,0.9943917914245451,0.9971534262376462,25,25,1,Unanimous LP/P-directed,current_missense_f1
NC_000010.11:87933161:A:G,PTEN,1,0.9647078783965098,1.0,0.99947480587907,1.0,0.9268307136915356,1.0,0.9901762838033124,1.0,4.0,1111,0.9702974204426068,0.9812238205850344,25,25,1,Unanimous LP/P-directed,current_missense_f1
NC_000010.11:87952141:C:T,PTEN,1,0.9896249263365764,1.0,0.9912751091194356,1.0,0.999999994269548,1.0,0.9959600771309032,1.0,4.0,1111,0.9942150267141158,0.9970520248696236,25,25,1,Unanimous LP/P-directed,current_missense_f1
NC_000011.10:108301697:C:T,ATM,1,0.9488129169539072,1.0,0.904562131123227,1.0,0.9384992398695784,1.0,0.9582556155495896,1.0,4.0,1111,0.9375324758740756,0.9561193289352388,25,25,1,Unanimous LP/P-directed,current_missense_f1
NC_000011.10:108315862:A:G,ATM,1,0.9976256465034832,1.0,0.9927629816091004,1.0,0.983263643977764,1.0,0.9937314329436058,1.0,4.0,1111,0.9918459262584884,0.9956573597221112,25,25,1,Unanimous LP/P-directed,current_missense_f1
NC_000011.10:108365358:C:T,ATM,1,0.9693904562862004,1.0,0.9904542255213796,1.0,0.9673219851017062,1.0,0.989835120670952,1.0,4.0,1111,0.9792504468950596,0.987506890870066,25,25,1,Unanimous LP/P-directed,current_missense_f1
NC_000013.11:32346895:G:A,BRCA2,1,0.8666912312201642,1.0,0.8809786905213849,1.0,0.7398249989061337,1.0,0.974043240595218,1.0,4.0,1111,0.8653845403107252,0.893573366637232,22,25,1,Unanimous LP/P-directed,current_missense_f1
NC_000015.10:90763097:A:G,BLM,1,0.9985703858614294,1.0,0.9990852343580556,1.0,0.999875469085965,1.0,0.9961124005656732,1.0,4.0,1111,0.9984108724677808,0.9993124632263864,25,25,1,Unanimous LP/P-directed,current_missense_f1
NC_000016.10:89746889:T:C,FANCA,1,0.748406156961227,1.0,0.6998103398889133,1.0,0.7853899188028954,1.0,0.9591677935128684,1.0,4.0,1111,0.798193552291476,0.8294115912043056,25,25,1,Unanimous LP/P-directed,current_missense_f1
NC_000016.10:89761948:C:T,FANCA,1,0.962067143877356,1.0,0.9478609139381824,1.0,0.8141664780706299,1.0,0.9222137572080616,1.0,4.0,1111,0.9115770732735576,0.9345630453368796,23,25,1,Unanimous LP/P-directed,current_missense_f1
NC_000017.11:7673786:G:A,TP53,1,0.995776309406708,1.0,0.9888950043454116,1.0,0.999999994269548,1.0,0.9960592925728212,1.0,4.0,1111,0.9951826501486222,0.9976018473079028,25,25,1,Unanimous LP/P-directed,current_missense_f1
NC_000017.11:7673792:G:C,TP53,1,0.9899547612659114,1.0,0.9786668443941474,1.0,0.9990992277920284,1.0,0.9944857113510482,1.0,4.0,1111,0.990551636200784,0.9948712276542668,25,25,1,Unanimous LP/P-directed,current_missense_f1
NC_000017.11:7673801:C:T,TP53,1,0.983819651947171,1.0,0.95603151276098,1.0,0.9959124628379116,1.0,0.994122216663163,1.0,4.0,1111,0.9824714610523064,0.9896814669371116,25,25,1,Unanimous LP/P-directed,current_missense_f1
NC_000017.11:7673805:C:T,TP53,1,0.991480609300263,1.0,0.9647134727383956,1.0,0.9962846909147678,1.0,0.993958639883164,1.0,4.0,1111,0.9866093532091476,0.9923929140100088,25,25,1,Unanimous LP/P-directed,current_missense_f1
NC_000017.11:7674190:C:T,TP53,1,0.9975799442296828,1.0,0.9972806249529884,1.0,0.999999994269548,1.0,0.9967028406007652,1.0,4.0,1111,0.997890851013246,0.999054358436002,25,25,1,Unanimous LP/P-directed,current_missense_f1
NC_000017.11:7674219:C:G,TP53,1,0.996164969859584,1.0,0.9967059912103832,1.0,0.999999994269548,1.0,0.9952188825621152,1.0,4.0,1111,0.9970224594754076,0.9986055886742068,25,25,1,Unanimous LP/P-directed,current_missense_f1
NC_000017.11:7674219:C:A,TP53,1,0.9965809136738344,1.0,0.9943431716702223,1.0,0.999999994269548,1.0,0.9969090649048732,1.0,4.0,1111,0.9969582861296192,0.9985716859935232,25,25,1,Unanimous LP/P-directed,current_missense_f1
NC_000017.11:7674228:C:T,TP53,1,0.9926473431188084,1.0,0.9928280345339238,1.0,0.9999159131200808,1.0,0.9963692048151936,1.0,4.0,1111,0.9954401238970016,0.9977458557864758,25,25,1,Unanimous LP/P-directed,current_missense_f1
NC_000017.11:7674229:C:T,TP53,1,0.9926875120107912,1.0,0.9678619647809696,1.0,0.999999994269548,1.0,0.9960864752202438,1.0,4.0,1111,0.989158986570388,0.9940091608295992,25,25,1,Unanimous LP/P-directed,current_missense_f1
NC_000017.11:7674237:C:T,TP53,1,0.9920479053115918,1.0,0.995011653818302,1.0,0.999999994269548,1.0,0.9950334087532144,1.0,4.0,1111,0.995523240538164,0.9977921224855384,25,25,1,Unanimous LP/P-directed,current_missense_f1
NC_000017.11:7674240:G:C,TP53,1,0.9946649987719696,1.0,0.984629093487034,1.0,0.9983761725068294,1.0,0.9888088014867557,1.0,4.0,1111,0.9916197665631472,0.995521117099974,24,25,1,Unanimous LP/P-directed,current_missense_f1
NC_000017.11:7674240:G:A,TP53,1,0.9967152534523588,1.0,0.9932006384379356,1.0,0.999999994269548,1.0,0.9961900545744902,1.0,4.0,1111,0.9965264851835832,0.9983412583625312,25,25,1,Unanimous LP/P-directed,current_missense_f1
NC_000017.11:7674262:A:C,TP53,1,0.997304270355743,1.0,0.9948441463128844,1.0,0.999999994269548,1.0,0.9962204127732835,1.0,4.0,1111,0.9970922059278648,0.9986423296649438,25,25,1,Unanimous LP/P-directed,current_missense_f1
NC_000017.11:7675138:C:T,TP53,1,0.9833131569192436,1.0,0.9737230117500622,1.0,0.9952081096325004,1.0,0.9922812280531216,1.0,4.0,1111,0.986131376588732,0.992084971853687,25,25,1,Unanimous LP/P-directed,current_missense_f1
NC_000017.11:7675189:C:T,TP53,1,0.9927485711852072,1.0,0.9887841826625392,1.0,0.999999994269548,1.0,0.9964452397967132,1.0,4.0,1111,0.994494496978502,0.9972121532248568,25,25,1,Unanimous LP/P-directed,current_missense_f1
NC_000017.11:7675199:C:G,TP53,1,0.9823988930415968,1.0,0.9784287849285976,1.0,0.9997633722096888,1.0,0.9947114821283066,1.0,4.0,1111,0.9888256330770476,0.9938005202990378,25,25,1,Unanimous LP/P-directed,current_missense_f1
NC_000017.11:35103500:G:A,RAD51D,1,0.9499498711405886,1.0,0.5523049259948215,1.0,0.9300517080412134,1.0,0.9241536298292696,1.0,4.0,1111,0.8391150337514733,0.869050705782591,24,25,1,Unanimous LP/P-directed,current_missense_f1
NC_000017.11:43045760:A:G,BRCA1,1,0.9964925806400604,1.0,0.9942644400011208,1.0,0.999875469085965,1.0,0.9961195351621206,1.0,4.0,1111,0.9966880062223168,0.9984279096256848,25,25,1,Unanimous LP/P-directed,current_missense_f1
NC_000017.11:43051070:A:T,BRCA1,1,0.991938319055121,1.0,0.9846723691122292,1.0,0.9989507937287392,1.0,0.9959746347750218,1.0,4.0,1111,0.9928840291677778,0.9962761388463924,25,25,1,Unanimous LP/P-directed,current_missense_f1
NC_000017.11:43051097:A:C,BRCA1,1,0.9975380668607716,1.0,0.9955332967881252,1.0,0.9979440583051028,1.0,0.995842968087425,1.0,4.0,1111,0.9967145975103562,0.9984421238402738,25,25,1,Unanimous LP/P-directed,current_missense_f1
NC_000017.11:43057121:A:G,BRCA1,1,0.9678957533752452,1.0,0.9728230541899926,1.0,0.9774963531237212,1.0,0.9870068334543608,1.0,4.0,1111,0.97630549853583,0.9854762750406136,25,25,1,Unanimous LP/P-directed,current_missense_f1
NC_000017.11:43063880:G:C,BRCA1,1,0.9904318302616576,1.0,0.9896795182034792,1.0,0.9910901755853072,1.0,0.9931909427557756,1.0,4.0,1111,0.9910981167015548,0.9952050211565248,25,25,1,Unanimous LP/P-directed,current_missense_f1
NC_000017.11:43063930:G:A,BRCA1,1,0.9962846000710094,1.0,0.9944311669789406,1.0,0.9963922082559146,1.0,0.9944582446390602,1.0,4.0,1111,0.9953915549862312,0.9977187693202094,25,25,1,Unanimous LP/P-directed,current_missense_f1
NC_000017.11:43063936:A:G,BRCA1,1,0.9785279880275732,1.0,0.95677560279439,1.0,0.9994537321244092,1.0,0.9952895929502332,1.0,4.0,1111,0.9825117289741514,0.9897083203673436,25,25,1,Unanimous LP/P-directed,current_missense_f1
NC_000017.11:43076487:C:A,BRCA1,1,0.9850129631937202,1.0,0.9767797929544944,1.0,0.9381890445761762,1.0,0.9853082478232704,1.0,4.0,1111,0.9713225121369156,0.981959001188796,24,25,1,Unanimous LP/P-directed,current_missense_f1
NC_000017.11:43124043:A:G,BRCA1,1,0.9217737828922048,1.0,0.9560435666834132,1.0,0.9793809049393176,1.0,0.991400610279628,1.0,4.0,1111,0.962149716198641,0.9752550702557776,25,25,1,Unanimous LP/P-directed,current_missense_f1
NC_000019.10:1220487:G:A,STK11,1,0.9961072675442918,1.0,0.995013165553262,1.0,0.999875469085965,1.0,0.9960373110812196,1.0,4.0,1111,0.9967583033161846,0.9984654544310464,25,25,1,Unanimous LP/P-directed,current_missense_f1
NC_000022.11:28725069:C:T,CHEK2,1,0.9771610620365492,1.0,0.9649922041974428,1.0,0.997038090518015,1.0,0.9922987167179136,1.0,4.0,1111,0.98287251836748,0.9899485343219576,24,25,1,Unanimous LP/P-directed,current_missense_f1
NC_000010.11:87864333:G:C,PTEN,1,,,,,,,,,,,,,2,25,0,,current_missense_f1
NC_000010.11:87864484:A:G,PTEN,1,0.9977399949422188,1.0,0.9932205913483226,1.0,0.9983345032782904,1.0,0.99397151131295,1.0,4.0,1111,0.9958166502204454,0.9979545490215656,25,25,1,Unanimous LP/P-directed,current_missense_f1
NC_000010.11:87864503:A:T,PTEN,1,0.9865716074472344,1.0,0.9635890991212748,1.0,0.9915454401177222,1.0,0.965330241699386,1.0,4.0,1111,0.9767590970964044,0.985791505052359,25,25,1,Unanimous LP/P-directed,current_missense_f1
NC_000010.11:87864513:A:C,PTEN,1,0.9939627684219666,1.0,0.9895367080572522,1.0,0.9996568481608724,1.0,0.9965075922958796,1.0,4.0,1111,0.9949159792339928,0.997451639330348,25,25,1,Unanimous LP/P-directed,current_missense_f1
NC_000010.11:87864513:A:T,PTEN,1,0.9938789699494166,1.0,0.9895513861371656,1.0,0.9996568481608724,1.0,0.9965075922958796,1.0,4.0,1111,0.9948986991358336,0.997441870035926,25,25,1,Unanimous LP/P-directed,current_missense_f1
NC_000010.11:87864538:G:T,PTEN,1,0.9957052486667144,1.0,0.9943569892616118,1.0,0.999999994269548,1.0,0.9967526780179417,1.0,4.0,1111,0.996703727553954,0.9984363151462048,25,25,1,Unanimous LP/P-directed,current_missense_f1
NC_000010.11:87894049:GG:AC,PTEN,1,,,,,,,,,,,,,0,25,0,,current_missense_f1
NC_000010.11:87894057:C:G,PTEN,1,0.9958811514748548,1.0,0.9981374518888751,1.0,0.999999994269548,1.0,0.9963676444157972,1.0,4.0,1111,0.9975965605122687,0.9989045087937444,25,25,1,Unanimous LP/P-directed,current_missense_f1
NC_000010.11:87894102:T:C,PTEN,1,0.9975757239873052,1.0,0.9973790568806608,1.0,0.9997633722096888,1.0,0.9957367373097566,1.0,4.0,1111,0.9976137225968528,0.9989133147999288,25,25,1,Unanimous LP/P-directed,current_missense_f1
NC_000010.11:87933032:G:T,PTEN,1,0.9969297987972384,1.0,0.998015245047166,1.0,0.999999994269548,1.0,0.9961584490740144,1.0,4.0,1111,0.9977758717969916,0.9989961097073964,25,25,1,Unanimous LP/P-directed,current_missense_f1
NC_000010.11:87933033:A:G,PTEN,1,0.9981538744663172,1.0,0.9979262014931316,1.0,0.999999994269548,1.0,0.9969136105021924,1.0,4.0,1111,0.9982484201827974,0.999232839902362,25,25,1,Unanimous LP/P-directed,current_missense_f1
NC_000010.11:87933036:A:C,PTEN,1,0.9952706666877734,1.0,0.9933877782304112,1.0,0.9998402659115622,1.0,0.9961586392532508,1.0,4.0,1111,0.9961643375207494,0.998145119123394,25,25,1,Unanimous LP/P-directed,current_missense_f1
NC_000010.11:87933042:C:T,PTEN,1,0.9954001284703652,1.0,0.9920335132131274,1.0,0.999999994269548,1.0,0.9951904144662352,1.0,4.0,1111,0.9956560126048188,0.9978657988315904,25,25,1,Unanimous LP/P-directed,current_missense_f1
NC_000010.11:87933045:C:A,PTEN,1,0.9955507145759572,1.0,0.9936005201112038,1.0,0.999999994269548,1.0,0.9968425284545884,1.0,4.0,1111,0.9964984393528242,0.9983261591289558,25,25,1,Unanimous LP/P-directed,current_missense_f1
NC_000010.11:87933056:C:T,PTEN,1,0.9875696447345148,1.0,0.9814594096340724,1.0,0.9872330651634432,1.0,0.9872657404500762,1.0,4.0,1111,0.9858819649955266,0.9919237059175724,25,25,1,Unanimous LP/P-directed,current_missense_f1
NC_000010.11:87933060:T:A,PTEN,1,0.994926116740226,1.0,0.9894092538394444,1.0,0.999999994269548,1.0,0.9966225032538676,1.0,4.0,1111,0.9952394670257716,0.997633713447798,25,25,1,Unanimous LP/P-directed,current_missense_f1
NC_000010.11:87933060:T:C,PTEN,1,0.9962442261582972,1.0,0.9902377288945456,1.0,0.999999994269548,1.0,0.9967990963415924,1.0,4.0,1111,0.995820261415996,0.9979565391692689,25,25,1,Unanimous LP/P-directed,current_missense_f1
NC_000010.11:87933071:T:G,PTEN,1,0.9943499703452976,1.0,0.9901636205922691,1.0,0.9999379880114316,1.0,0.996013043425275,1.0,4.0,1111,0.9951161555935684,0.99756449148672,25,25,1,Unanimous LP/P-directed,current_missense_f1
NC_000010.11:87933077:G:T,PTEN,1,0.9962936730157684,1.0,0.9946571633696396,1.0,0.999999994269548,1.0,0.9959616068974244,1.0,4.0,1111,0.9967281093880952,0.9984493408896044,25,25,1,Unanimous LP/P-directed,current_missense_f1
NC_000010.11:87933081:T:C,PTEN,1,0.9941111267962326,1.0,0.9895288116823152,1.0,0.999999994269548,1.0,0.9960586851700524,1.0,4.0,1111,0.994924654479537,0.9974565422511764,25,25,1,Unanimous LP/P-directed,current_missense_f1
NC_000010.11:87933113:G:T,PTEN,1,0.9973517171768778,1.0,0.9954194724201604,1.0,0.999999994269548,1.0,0.9957281919196128,1.0,4.0,1111,0.9971248439465497,0.9986594841822564,25,25,1,Unanimous LP/P-directed,current_missense_f1
NC_000010.11:87933119:G:A,PTEN,1,0.9901960255732748,1.0,0.9542454430962402,1.0,0.9927818563302966,1.0,0.9879949972479722,1.0,4.0,1111,0.981304580561946,0.9888996444168136,25,25,1,Unanimous LP/P-directed,current_missense_f1
NC_000010.11:87933144:G:T,PTEN,1,0.9701638026991426,1.0,0.9999645428047842,1.0,0.999999994269548,1.0,0.9960309642396638,1.0,4.0,1111,0.9915398260032846,0.9954728421203296,25,25,1,Unanimous LP/P-directed,current_missense_f1
NC_000010.11:87933147:G:C,PTEN,1,0.9950276092466818,1.0,0.9951563063828446,1.0,0.999999994269548,1.0,0.9962436372348668,1.0,4.0,1111,0.9966068867834852,0.9983844576331764,25,25,1,Unanimous LP/P-directed,current_missense_f1
NC_000010.11:87933147:G:T,PTEN,1,0.9952412286034544,1.0,0.994998894888276,1.0,0.999999994269548,1.0,0.9969304381673582,1.0,4.0,1111,0.9967926389821592,0.9984837549084472,25,25,1,Unanimous LP/P-directed,current_missense_f1
NC_000010.11:87933160:G:C,PTEN,1,0.9978486670298984,1.0,0.9962464152557828,1.0,0.999875469085965,1.0,0.9960754974341276,1.0,4.0,1111,0.9975115122014436,0.9988607524601496,25,25,1,Unanimous LP/P-directed,current_missense_f1
NC_000010.11:87933160:G:T,PTEN,1,0.99784106958877,1.0,0.9962288468351628,1.0,0.999875469085965,1.0,0.9960754974341276,1.0,4.0,1111,0.9975052207360064,0.9988575079166632,25,25,1,Unanimous LP/P-directed,current_missense_f1
NC_000010.11:87933166:T:G,PTEN,1,0.9809301642964552,1.0,0.9826736796404802,1.0,0.9999159131200808,1.0,0.9950146495786778,1.0,4.0,1111,0.9896336016589236,0.994304724186542,25,25,1,Unanimous LP/P-directed,current_missense_f1
NC_000010.11:87933233:A:G,PTEN,1,0.9943997247580304,1.0,0.9898975713777214,1.0,0.999999994269548,1.0,0.9960854776700424,1.0,4.0,1111,0.9950956920188354,0.997552981982624,25,25,1,Unanimous LP/P-directed,current_missense_f1
NC_000010.11:87933237:C:T,PTEN,1,0.9950753987598628,1.0,0.9915214675859776,1.0,0.9999379880114316,1.0,0.9969272300081704,1.0,4.0,1111,0.9958655210913608,0.997981463127326,25,25,1,Unanimous LP/P-directed,current_missense_f1
NC_000010.11:87952135:C:A,PTEN,1,0.9936492369588336,1.0,0.9916690779992998,1.0,0.999999994269548,1.0,0.9951933955084408,1.0,4.0,1111,0.9951279261840305,0.9975711088898376,25,25,1,Unanimous LP/P-directed,current_missense_f1
NC_000010.11:87952135:C:G,PTEN,1,0.9932332088078132,1.0,0.9876081413230066,1.0,0.999999994269548,1.0,0.9951258171531164,1.0,4.0,1111,0.993991790388371,0.996923387428999,25,25,1,Unanimous LP/P-directed,current_missense_f1
NC_000010.11:87952222:T:G,PTEN,1,0.8825189819386235,1.0,0.8172741567362317,1.0,0.9195781758932086,1.0,0.9707060729886556,1.0,4.0,1111,0.8975193468891798,0.9224106497368224,25,25,1,Unanimous LP/P-directed,current_missense_f1
NC_000010.11:87960906:A:C,PTEN,1,0.99390784372441,1.0,0.9796394852997224,1.0,0.999999994269548,1.0,0.9959511320481442,1.0,4.0,1111,0.992374613835456,0.9959738819216374,25,25,1,Unanimous LP/P-directed,current_missense_f1
NC_000010.11:87961038:T:C,PTEN,1,0.9722665836805632,1.0,0.9260143338209152,1.0,0.9894721437835116,1.0,0.9829592205142076,1.0,4.0,1111,0.9676780704497994,0.9793285740185508,25,25,1,Unanimous LP/P-directed,current_missense_f1
NC_000010.11:87961068:A:G,PTEN,1,0.9949274322749802,1.0,0.987421642091342,1.0,0.999999994269548,1.0,0.9969627606119694,1.0,4.0,1111,0.9948279573119598,0.9974018314900718,25,25,1,Unanimous LP/P-directed,current_missense_f1
NC_000011.10:108235833:G:C,ATM,1,0.9722489270368369,1.0,0.9134480444699272,1.0,0.9267987848067728,1.0,0.938043384365332,1.0,4.0,1111,0.9376347851697172,0.9562017550378616,24,25,1,Unanimous LP/P-directed,current_missense_f1
NC_000011.10:108249101:G:C,ATM,1,0.9728677418196544,1.0,0.9998062382811536,1.0,0.9622666780421584,1.0,0.9899066430134112,1.0,4.0,1111,0.9812118252890945,0.988837198894432,24,25,1,Unanimous LP/P-directed,current_missense_f1
NC_000011.10:108272531:G:T,ATM,1,0.9728521093792452,1.0,0.986010286086196,1.0,0.6288997719186402,1.0,0.7157708279287394,1.0,4.0,1111,0.8258832488282052,0.8564135774956427,24,25,1,Unanimous LP/P-directed,current_missense_f1
NC_000011.10:108284327:T:C,ATM,1,0.9883830775843582,1.0,0.9907370694514832,1.0,0.96057227754932,1.0,0.9485354870166186,1.0,4.0,1111,0.9720569779004452,0.9824834061424942,25,25,1,Unanimous LP/P-directed,current_missense_f1
NC_000011.10:108297381:G:A,ATM,1,0.991184595774322,1.0,0.9948419520691528,1.0,0.8956579089209674,1.0,0.974343839810851,1.0,4.0,1111,0.9640070741438234,0.9766342609072748,24,25,1,Unanimous LP/P-directed,current_missense_f1
NC_000011.10:108310221:C:T,ATM,1,0.9702098108228544,1.0,0.9397717538803584,1.0,0.9525678697133092,1.0,0.9285526654060188,1.0,4.0,1111,0.9477755249556352,0.9642593446043696,25,25,1,Unanimous LP/P-directed,current_missense_f1
NC_000011.10:108317411:T:G,ATM,1,0.9659811754266886,1.0,0.9873594535693588,1.0,0.9495887170506572,1.0,0.971805982284272,1.0,4.0,1111,0.9686838320827442,0.9800590756441552,25,25,1,Unanimous LP/P-directed,current_missense_f1
NC_000011.10:108332847:TG:GC,ATM,1,,,,,,,,,,,,,0,25,0,,current_missense_f1
NC_000011.10:108335079:G:C,ATM,1,0.9873005105330394,1.0,0.9726119242623832,1.0,0.9982826262249992,1.0,0.9939784221444712,1.0,4.0,1111,0.9880433707912232,0.9933076509569164,25,25,1,Unanimous LP/P-directed,current_missense_f1
NC_000011.10:108343246:G:C,ATM,1,0.9915758066747036,1.0,0.9854143354274854,1.0,0.9989507937287392,1.0,0.993201979940415,1.0,4.0,1111,0.9922857289428358,0.9959208643307594,25,25,1,Unanimous LP/P-directed,current_missense_f1
NC_000011.10:108343246:G:T,ATM,1,0.9920691010637072,1.0,0.9912398101620772,1.0,0.9997325464897858,1.0,0.9961919423425738,1.0,4.0,1111,0.994808350014536,0.997390721486505,25,25,1,Unanimous LP/P-directed,current_missense_f1
NC_000011.10:108345887:G:T,ATM,1,0.9955472036963868,1.0,0.991802652421054,1.0,0.999999994269548,1.0,0.9968922275402228,1.0,4.0,1111,0.9960605194818029,0.9980884399100376,25,25,1,Unanimous LP/P-directed,current_missense_f1
NC_000013.11:32326612:G:A,BRCA2,1,0.9592109496071296,1.0,0.763114605084747,1.0,0.952274529208592,1.0,0.9604663021257612,1.0,4.0,1111,0.9087665965065574,0.932158268540361,22,25,1,Unanimous LP/P-directed,current_missense_f1
NC_000013.11:32346895:G:T,BRCA2,1,0.9102036243934346,1.0,0.936439306763354,1.0,0.8027988461683402,1.0,0.9564885719657268,1.0,4.0,1111,0.901482587322714,0.9258675407959236,22,25,1,Unanimous LP/P-directed,current_missense_f1
NC_000013.11:32357910:G:A,BRCA2,1,0.9913579837442112,1.0,0.948574132489127,1.0,0.993208538022886,1.0,0.9721514469768714,1.0,4.0,1111,0.976323025308274,0.985488471453035,22,25,1,Unanimous LP/P-directed,current_missense_f1
NC_000013.11:32362542:G:A,BRCA2,1,0.975683824871374,1.0,0.8820548991651529,1.0,0.9822889369050468,1.0,0.933481697825639,1.0,4.0,1111,0.9433773396918032,0.960792613678193,22,25,1,Unanimous LP/P-directed,current_missense_f1
NC_000013.11:32362691:A:G,BRCA2,1,0.9980147681051612,1.0,0.9985285091658096,1.0,0.9949791561621212,1.0,0.9946000381651092,1.0,4.0,1111,0.9965306178995504,0.9983434820019184,22,25,1,Unanimous LP/P-directed,current_missense_f1
NC_000013.11:32363189:A:T,BRCA2,1,0.9950950612665144,1.0,0.9675503123277396,1.0,0.9977591959309045,1.0,0.9901651087323092,1.0,4.0,1111,0.9876424195643668,0.993053315803933,22,25,1,Unanimous LP/P-directed,current_missense_f1
NC_000013.11:32363377:T:A,BRCA2,1,0.9774413573707164,1.0,0.910232004203164,1.0,0.9724773104792616,1.0,0.920191774616355,1.0,4.0,1111,0.945085611667374,0.9621443501478356,22,25,1,Unanimous LP/P-directed,current_missense_f1
NC_000013.11:32370431:T:C,BRCA2,1,0.9909456474704564,1.0,0.9502101936503228,1.0,0.996466929851378,1.0,0.992940801250856,1.0,4.0,1111,0.9826408930557532,0.9897943978186357,22,25,1,Unanimous LP/P-directed,current_missense_f1
NC_000013.11:32370555:A:C,BRCA2,1,0.9807738170450024,1.0,0.9569607677125764,1.0,0.7770863525317885,1.0,0.914068462887444,1.0,4.0,1111,0.9072223500442028,0.9308315411446644,22,25,1,Unanimous LP/P-directed,current_missense_f1
NC_000013.11:32371099:G:A,BRCA2,1,0.9806997898344344,1.0,0.970770542092086,1.0,0.9685306775528526,1.0,0.977503338465632,1.0,4.0,1111,0.9743760869862512,0.9841259230723084,22,25,1,Unanimous LP/P-directed,current_missense_f1
NC_000013.11:32380114:G:C,BRCA2,1,0.9900406506100724,1.0,0.943654121137333,1.0,0.9993498522689755,1.0,0.9920114117708516,1.0,4.0,1111,0.9812640089468082,0.9888723357540108,22,25,1,Unanimous LP/P-directed,current_missense_f1
NC_000013.11:32380115:G:A,BRCA2,1,0.9938583386424772,1.0,0.9651799189693244,1.0,0.999999994269548,1.0,0.9941215425140716,1.0,4.0,1111,0.9882899485988552,0.9934634929091646,22,25,1,Unanimous LP/P-directed,current_missense_f1
NC_000013.11:32394802:A:T,BRCA2,1,0.9631554725551396,1.0,0.8541626458025208,1.0,0.9863995727152268,1.0,0.9769389344827772,1.0,4.0,1111,0.9451641563889162,0.9622063433030412,22,25,1,Unanimous LP/P-directed,current_missense_f1
NC_000013.11:32394804:C:T,BRCA2,1,0.5764137294096419,1.0,0.6011494527644341,1.0,0.5474150228974,1.0,0.2458284398148156,0.0,3.0,1110,0.4927016612215729,0.5005060197344287,22,25,1,Mixed votes,current_missense_f1
NC_000015.10:90794337:A:T,BLM,1,0.9945596334734288,1.0,0.9965123666085588,1.0,0.9951148980733572,1.0,0.994098629000538,1.0,4.0,1111,0.9950713817889708,0.997539300875346,25,25,1,Unanimous LP/P-directed,current_missense_f1
NC_000016.10:68810268:G:T,CDH1,1,0.9948828619265228,1.0,0.9983378657634582,1.0,0.9995404347972562,1.0,0.9932337114093232,1.0,4.0,1111,0.99649871847414,0.9983263094782356,25,25,1,Unanimous LP/P-directed,current_missense_f1
NC_000016.10:68810276:T:A,CDH1,1,0.9731303485028676,1.0,0.98720749074598,1.0,0.9854202600161298,1.0,0.9916528648305722,1.0,4.0,1111,0.9843527410238874,0.9909265971606366,25,25,1,Unanimous LP/P-directed,current_missense_f1
NC_000016.10:68812182:G:A,CDH1,1,0.1587419566596661,0.0,0.0336677880422152,0.0,0.1655855310187429,0.0,0.078641976169346,0.0,0.0,0000,0.1091593129724925,0.0889580720965746,25,25,1,Unanimous B/LB-directed,current_missense_f1
NC_000016.10:68828203:G:A,CDH1,1,0.9838487080736468,1.0,0.9925974057641346,1.0,0.9546484393007584,1.0,0.9906155484614826,1.0,4.0,1111,0.9804275254000054,0.9883074774398384,24,25,1,Unanimous LP/P-directed,current_missense_f1
NC_000016.10:89739516:G:A,FANCA,1,0.4631079283685105,0.0,0.4779558126365124,0.0,0.534944510742401,1.0,0.9393484871019524,1.0,2.0,0011,0.6038391847123441,0.6245572911132893,25,25,1,Mixed votes,current_missense_f1
NC_000016.10:89745003:G:A,FANCA,1,0.9574333265006943,1.0,0.9230755469692868,1.0,0.8996382434239082,1.0,0.9803632432584266,1.0,4.0,1111,0.940127590038079,0.9582033105048277,25,25,1,Unanimous LP/P-directed,current_missense_f1
NC_000016.10:89749729:C:A,FANCA,1,0.9982724791123208,1.0,0.9998330485938296,1.0,0.946048676730852,1.0,0.9954583403711686,1.0,4.0,1111,0.9849031362020428,0.9912870892577264,24,25,1,Unanimous LP/P-directed,current_missense_f1
NC_000016.10:89749804:C:T,FANCA,1,0.9918569797524424,1.0,0.9928317227422898,1.0,0.8550580603359802,1.0,0.9861007633962204,1.0,4.0,1111,0.9564618815567332,0.9709693894881096,25,25,1,Unanimous LP/P-directed,current_missense_f1
NC_000016.10:89761948:C:A,FANCA,1,0.9705854798263448,1.0,0.9453025007329554,1.0,0.9505141949329596,1.0,0.971610138817002,1.0,4.0,1111,0.9595030785773154,0.973272214005878,23,25,1,Unanimous LP/P-directed,current_missense_f1
NC_000016.10:89761993:T:C,FANCA,1,0.99710949157568,1.0,0.9899571415062616,1.0,0.9857712965927318,1.0,0.9893294077133346,1.0,4.0,1111,0.990541834347002,0.9948652166497725,25,25,1,Unanimous LP/P-directed,current_missense_f1
NC_000016.10:89764929:T:G,FANCA,1,0.5539298364852773,0.0,0.9836243665242694,1.0,0.4818454943652794,0.0,0.9250028120623928,1.0,2.0,0101,0.7361006273593047,0.7664988213410565,25,25,1,Mixed votes,current_missense_f1
NC_000016.10:89765035:C:G,FANCA,1,0.9887132843899492,1.0,0.9872818947002796,1.0,0.8853976442150913,1.0,0.9907568943264878,1.0,4.0,1111,0.963037429407952,0.9759155446944574,25,25,1,Unanimous LP/P-directed,current_missense_f1
NC_000016.10:89769978:C:G,FANCA,1,0.9691019847849548,1.0,0.9670515262609628,1.0,0.7568734473307267,1.0,0.9814416461263772,1.0,4.0,1111,0.9186171511257554,0.9405295361679225,25,25,1,Unanimous LP/P-directed,current_missense_f1
NC_000016.10:89791454:T:C,FANCA,1,0.9876592452201244,1.0,0.9816497344672144,1.0,0.9594663955744072,1.0,0.9854669081488536,1.0,4.0,1111,0.97856057085265,0.9870346643896992,25,25,1,Unanimous LP/P-directed,current_missense_f1
NC_000016.10:89792066:A:G,FANCA,1,0.9830013281162427,1.0,0.9501615925774122,1.0,0.9581078416503624,1.0,0.9673538247165432,1.0,4.0,1111,0.96465614676514,0.9771137524184748,25,25,1,Unanimous LP/P-directed,current_missense_f1
NC_000016.10:89805305:G:C,FANCA,1,0.0492513561790601,0.0,0.0092805077403699,0.0,0.0636115302728133,0.0,0.2457403947078045,0.0,0.0,0000,0.0919709472250119,0.0730583991295242,25,25,1,Unanimous B/LB-directed,current_missense_f1
NC_000017.11:7670708:C:A,TP53,1,0.981363091145422,1.0,0.9652029454491068,1.0,0.9995644438095438,1.0,0.9935449101824816,1.0,4.0,1111,0.9849188476466384,0.9912973535671542,25,25,1,Unanimous LP/P-directed,current_missense_f1
NC_000017.11:7673550:T:A,TP53,1,0.7437648611182753,1.0,0.3465576739556918,0.0,0.5699378750441499,1.0,0.6570047917588451,1.0,3.0,1011,0.5793163004692405,0.5974257773444622,24,25,1,Mixed votes,current_missense_f1
NC_000017.11:7673778:C:A,TP53,1,0.9910792547224732,1.0,0.9923453715527436,1.0,0.999999994269548,1.0,0.9959274388460152,1.0,4.0,1111,0.994838014847695,0.9974075282288432,25,25,1,Unanimous LP/P-directed,current_missense_f1
NC_000017.11:7673778:C:T,TP53,1,0.9923636978869684,1.0,0.9882234196126148,1.0,0.9997833443415436,1.0,0.9960775371175196,1.0,4.0,1111,0.9941119997396616,0.9969927357655992,25,25,1,Unanimous LP/P-directed,current_missense_f1
NC_000017.11:7673810:A:G,TP53,1,0.9932056376982006,1.0,0.9873987956163248,1.0,0.999999994269548,1.0,0.9963542769666018,1.0,4.0,1111,0.9942396761376688,0.997066189592514,25,25,1,Unanimous LP/P-directed,current_missense_f1
NC_000017.11:7674201:A:T,TP53,1,0.9947694537871214,1.0,0.9939462220118068,1.0,0.999999994269548,1.0,0.9965299366676896,1.0,4.0,1111,0.9963114016840416,0.9982250698253402,25,25,1,Unanimous LP/P-directed,current_missense_f1
NC_000017.11:7674205:T:C,TP53,1,0.262811040769183,0.0,0.1362142894922136,0.0,0.5200686335484581,1.0,0.5708381510904024,0.0,1.0,0010,0.3724830287250643,0.3654486233239559,24,25,1,Mixed votes,current_missense_f1
NC_000017.11:7674220:G:C,TP53,1,0.9963977682740176,1.0,0.991996202892128,1.0,0.999999994269548,1.0,0.9954027912802262,1.0,4.0,1111,0.99594918917898,0.9980274452627635,25,25,1,Unanimous LP/P-directed,current_missense_f1
NC_000017.11:7674227:GC:AT,TP53,1,,,,,,,,,,,,,1,25,0,,current_missense_f1
NC_000017.11:7674241:A:C,TP53,1,0.9927196585023632,1.0,0.9692654774680788,1.0,0.9983516967758496,1.0,0.9546241708813772,1.0,4.0,1111,0.9787402509069172,0.9871578667904328,24,25,1,Unanimous LP/P-directed,current_missense_f1
NC_000017.11:7674249:C:G,TP53,1,0.9953771206776924,1.0,0.9981759800063384,1.0,0.999999994269548,1.0,0.9962489414645156,1.0,4.0,1111,0.9974505091045236,0.9988292490754318,25,25,1,Unanimous LP/P-directed,current_missense_f1
NC_000017.11:7674251:C:G,TP53,1,0.9945543480420354,1.0,0.9903556722907564,1.0,0.9995037757910228,1.0,0.9933557122484094,1.0,4.0,1111,0.994442377093056,0.9971823687689974,25,25,1,Unanimous LP/P-directed,current_missense_f1
NC_000017.11:7674917:A:C,TP53,1,0.992799784958103,1.0,0.9853425981520454,1.0,0.9997325464897858,1.0,0.996815844545598,1.0,4.0,1111,0.9936726935363832,0.9967384290469772,25,25,1,Unanimous LP/P-directed,current_missense_f1
NC_000017.11:7674953:G:T,TP53,1,0.9922447526825328,1.0,0.9888250199967752,1.0,0.999394974050296,1.0,0.9915399954504484,1.0,4.0,1111,0.9930011855450132,0.9963452576091488,24,25,1,Unanimous LP/P-directed,current_missense_f1
NC_000017.11:7675069:C:G,TP53,1,0.99280257129144,1.0,0.9865069240882264,1.0,0.9928342109703108,1.0,0.987901553349271,1.0,4.0,1111,0.990011314924812,0.9945386529694108,25,25,1,Unanimous LP/P-directed,current_missense_f1
NC_000017.11:7675074:A:C,TP53,1,0.9593896425159631,1.0,0.985082461026376,1.0,0.9958010597816898,1.0,0.993762811905434,1.0,4.0,1111,0.9835089938073658,0.9903705832112406,25,25,1,Unanimous LP/P-directed,current_missense_f1
NC_000017.11:7675079:G:C,TP53,1,0.9799932977379174,1.0,0.9530962822687636,1.0,0.9856145839969004,1.0,0.990688360037994,1.0,4.0,1111,0.977348131010394,0.9861995467947384,25,25,1,Unanimous LP/P-directed,current_missense_f1
NC_000017.11:7675084:C:A,TP53,1,0.9919006766501964,1.0,0.9942395150403248,1.0,0.999999994269548,1.0,0.9951998986612064,1.0,4.0,1111,0.9953350211553188,0.9976871943358718,25,25,1,Unanimous LP/P-directed,current_missense_f1
NC_000017.11:7675088:G:C,TP53,1,0.9979129895730142,1.0,0.996494671475995,1.0,0.999441019051686,1.0,0.9966011331386954,1.0,4.0,1111,0.9976124533098476,0.9989126637939376,25,25,1,Unanimous LP/P-directed,current_missense_f1
NC_000017.11:7675135:G:T,TP53,1,0.997275110917558,1.0,0.9955037085925132,1.0,0.9992961106327736,1.0,0.9963540388893616,1.0,4.0,1111,0.9971072422580516,0.9986502358242813,25,25,1,Unanimous LP/P-directed,current_missense_f1
NC_000017.11:7675208:A:C,TP53,1,0.986863636239808,1.0,0.978235893153586,1.0,0.99899597414236,1.0,0.9929957976710544,1.0,4.0,1111,0.989272825301702,0.9940802145520868,25,25,1,Unanimous LP/P-directed,current_missense_f1
NC_000017.11:7675215:C:A,TP53,1,0.9943455124923496,1.0,0.9862959308549372,1.0,0.999999994269548,1.0,0.9929220937380142,1.0,4.0,1111,0.9933908828387122,0.996574062073284,25,25,1,Unanimous LP/P-directed,current_missense_f1
NC_000017.11:7675216:T:C,TP53,1,0.9955238077434962,1.0,0.9890574344591272,1.0,0.9624372411590364,1.0,0.9946007047869522,1.0,4.0,1111,0.985404797037153,0.991614093396062,25,25,1,Unanimous LP/P-directed,current_missense_f1
NC_000017.11:7675232:A:G,TP53,1,0.9903783879109314,1.0,0.9809865833301908,1.0,0.9997633722096888,1.0,0.9955498483588892,1.0,4.0,1111,0.9916695479524252,0.9955511485862856,25,25,1,Unanimous LP/P-directed,current_missense_f1
NC_000017.11:7675994:G:C,TP53,1,0.9959869672035158,1.0,0.9893381526728884,1.0,0.999999994269548,1.0,0.9963363622064244,1.0,4.0,1111,0.995415369088094,0.9977320548821946,25,25,1,Unanimous LP/P-directed,current_missense_f1
NC_000017.11:7676036:A:T,TP53,1,0.9895139323123324,1.0,0.9806420016141324,1.0,0.9961980290341635,1.0,0.9879037842680396,1.0,4.0,1111,0.988564436807167,0.993636453836348,24,25,1,Unanimous LP/P-directed,current_missense_f1
NC_000017.11:43045708:A:G,BRCA1,1,0.9926054812363116,1.0,0.9887430839428892,1.0,0.9829918085809336,1.0,0.9918798706354912,1.0,4.0,1111,0.9890550610989064,0.9939442069162544,25,25,1,Unanimous LP/P-directed,current_missense_f1
NC_000017.11:43045760:A:T,BRCA1,1,0.9964306088226236,1.0,0.9941176318890208,1.0,0.999875469085965,1.0,0.9962196585644144,1.0,4.0,1111,0.996660842090506,0.9984133740777048,25,25,1,Unanimous LP/P-directed,current_missense_f1
NC_000017.11:43047642:C:G,BRCA1,1,0.9931403578413612,1.0,0.999159005255994,1.0,0.8136653246777179,1.0,0.972212437734327,1.0,4.0,1111,0.94454428137735,0.9617167126738068,23,25,1,Unanimous LP/P-directed,current_missense_f1
NC_000017.11:43047642:C:T,BRCA1,1,0.9811393784714212,1.0,0.9970134160298758,1.0,0.8257865381145317,1.0,0.9632586964960914,1.0,4.0,1111,0.94179950727798,0.9595383216926844,24,25,1,Unanimous LP/P-directed,current_missense_f1
NC_000017.11:43047683:A:T,BRCA1,1,0.995016462022656,1.0,0.9936826739894408,1.0,0.9923589746186204,1.0,0.9841646561915988,1.0,4.0,1111,0.9913056917055788,0.9953311051257844,23,25,1,Unanimous LP/P-directed,current_missense_f1
NC_000017.11:43049160:G:A,BRCA1,1,0.9819746884063206,1.0,0.9630581193393776,1.0,0.966489950623026,1.0,0.9731060755184732,1.0,4.0,1111,0.9711572084717992,0.9818407035224722,24,25,1,Unanimous LP/P-directed,current_missense_f1
NC_000017.11:43051112:A:C,BRCA1,1,0.9947057873201328,1.0,0.979618915473514,1.0,0.9949707416674516,1.0,0.9818849184546176,1.0,4.0,1111,0.9877950907289288,0.9931502933612592,24,25,1,Unanimous LP/P-directed,current_missense_f1
NC_000017.11:43057092:G:C,BRCA1,1,0.988324561119201,1.0,0.9759413649571148,1.0,0.9850291777093584,1.0,0.98222940648818,1.0,4.0,1111,0.9828811275684636,0.989954257815962,24,25,1,Unanimous LP/P-directed,current_missense_f1
NC_000017.11:43057100:C:T,BRCA1,1,0.9891738339163618,1.0,0.9868089991797504,1.0,0.983273326746456,1.0,0.9838446455885964,1.0,4.0,1111,0.9857752013577912,0.9918545545317164,24,25,1,Unanimous LP/P-directed,current_missense_f1
NC_000017.11:43057113:C:A,BRCA1,1,0.9905418747366392,1.0,0.9928846406020176,1.0,0.9990406021144526,1.0,0.9952892271112376,1.0,4.0,1111,0.9944390861410868,0.9971804868949038,25,25,1,Unanimous LP/P-directed,current_missense_f1
NC_000017.11:43057115:C:T,BRCA1,1,0.9926104458795172,1.0,0.9954260000218814,1.0,0.999999994269548,1.0,0.9959988082777296,1.0,4.0,1111,0.9960088121121692,0.9980601381973152,25,25,1,Unanimous LP/P-directed,current_missense_f1
NC_000017.11:43057128:A:T,BRCA1,1,0.9873707564423488,1.0,0.9598382769844174,1.0,0.9959788889268756,1.0,0.9607645248609874,1.0,4.0,1111,0.9759881118036572,0.985255191792643,24,25,1,Unanimous LP/P-directed,current_missense_f1
NC_000017.11:43063882:T:A,BRCA1,1,0.7964220097674884,1.0,0.6425127384510292,1.0,0.8715007647145445,1.0,0.7358684972694454,1.0,4.0,1111,0.7615760025506269,0.7926703351765936,25,25,1,Unanimous LP/P-directed,current_missense_f1
NC_000017.11:43063885:C:A,BRCA1,1,0.9306780257918028,1.0,0.8528556830972364,1.0,0.9724858395092408,1.0,0.9587438054294354,1.0,4.0,1111,0.9286908384569288,0.9489163796863403,24,25,1,Unanimous LP/P-directed,current_missense_f1
NC_000017.11:43067607:C:A,BRCA1,1,0.9898457641458912,1.0,0.9991053048019612,1.0,0.9935804744347608,1.0,0.993477554783316,1.0,4.0,1111,0.9940022745414824,0.9969294429675531,24,25,1,Unanimous LP/P-directed,current_missense_f1
NC_000017.11:43067621:A:C,BRCA1,1,0.9871272525039207,1.0,0.9565358040548556,1.0,0.9987488697296868,1.0,0.9893847775634812,1.0,4.0,1111,0.982949175962986,0.989999483087456,24,25,1,Unanimous LP/P-directed,current_missense_f1
NC_000017.11:43067625:G:C,BRCA1,1,0.9854443996756832,1.0,0.9359970215953678,1.0,0.9967300992301164,1.0,0.9801573135467608,1.0,4.0,1111,0.974582208511982,0.984270900554854,24,25,1,Unanimous LP/P-directed,current_missense_f1
NC_000017.11:43070950:A:G,BRCA1,1,0.9921153789816112,1.0,0.9872294356659792,1.0,0.997038090518015,1.0,0.9963032197446184,1.0,4.0,1111,0.9931715312275556,0.9964454848248478,25,25,1,Unanimous LP/P-directed,current_missense_f1
NC_000017.11:43094577:T:A,BRCA1,1,0.0085236688244162,0.0,0.0004810887056566,0.0,0.0161351637301989,0.0,0.0059651746695791,0.0,0.0,0000,0.0077762739824627,0.0044120936945872,24,25,1,Unanimous B/LB-directed,current_missense_f1
NC_000017.11:43104881:T:A,BRCA1,1,0.9735703736850608,1.0,0.9600494250477728,1.0,0.9611516096688054,1.0,0.95114014226063,1.0,4.0,1111,0.9614778876655672,0.9747536630991622,24,25,1,Unanimous LP/P-directed,current_missense_f1
NC_000017.11:43104884:A:G,BRCA1,1,0.963351374540287,1.0,0.9224041437422272,1.0,0.972064032909292,1.0,0.9789701494871416,1.0,4.0,1111,0.959197425169737,0.9730419274218391,24,25,1,Unanimous LP/P-directed,current_missense_f1
NC_000017.11:43106456:T:C,BRCA1,1,0.9964027824512524,1.0,0.9994157712412338,1.0,0.9876975649945112,1.0,0.99466343256072,1.0,4.0,1111,0.9945448878119294,0.9972409147085216,24,25,1,Unanimous LP/P-directed,current_missense_f1
NC_000017.11:43106477:A:T,BRCA1,1,0.9930281806414686,1.0,0.9687338284653084,1.0,0.999999994269548,1.0,0.9968786769926956,1.0,4.0,1111,0.989660170092255,0.9943212166463948,25,25,1,Unanimous LP/P-directed,current_missense_f1
NC_000017.11:43106527:C:A,BRCA1,1,0.9953844823854372,1.0,0.9902941368775874,1.0,0.999999994269548,1.0,0.9955314056921784,1.0,4.0,1111,0.9953025048061876,0.9976690109747952,25,25,1,Unanimous LP/P-directed,current_missense_f1
NC_000017.11:43115738:G:C,BRCA1,1,0.9746563937693272,1.0,0.9194773579059892,1.0,0.9988742931982602,1.0,0.9851154773451696,1.0,4.0,1111,0.9695308805546864,0.98067163247777,24,25,1,Unanimous LP/P-directed,current_missense_f1
NC_000017.11:43115744:A:C,BRCA1,1,0.9798813237366272,1.0,0.9641075049936744,1.0,0.999999994269548,1.0,0.995170501857768,1.0,4.0,1111,0.9847898312144044,0.9912130235464705,25,25,1,Unanimous LP/P-directed,current_missense_f1
NC_000017.11:43115744:A:G,BRCA1,1,0.9831218154688236,1.0,0.9776618562443076,1.0,0.999999994269548,1.0,0.996032762097162,1.0,4.0,1111,0.9892041070199602,0.9940373353196708,25,25,1,Unanimous LP/P-directed,current_missense_f1
NC_000017.11:43115744:A:T,BRCA1,1,0.9806498323145896,1.0,0.9587972342449496,1.0,0.999999994269548,1.0,0.9956620747678124,1.0,4.0,1111,0.9837772838992248,0.9905478175627448,25,25,1,Unanimous LP/P-directed,current_missense_f1
NC_000017.11:43115749:G:C,BRCA1,1,0.9834723107211416,1.0,0.9460959300583912,1.0,0.999227326926223,1.0,0.9958038190710512,1.0,4.0,1111,0.9811498466942016,0.9887954490692636,25,25,1,Unanimous LP/P-directed,current_missense_f1
NC_000017.11:43115755:A:G,BRCA1,1,0.4494083112928907,0.0,0.3574924784350223,0.0,0.8583835828919341,1.0,0.777134426713553,1.0,2.0,0011,0.6106046998333501,0.632008614845883,24,25,1,Mixed votes,current_missense_f1
NC_000017.11:43115758:G:C,BRCA1,1,0.9773824398919052,1.0,0.9172505819353168,1.0,0.9995644438095438,1.0,0.9948403238424692,1.0,4.0,1111,0.9722594473698088,0.9826276184936088,25,25,1,Unanimous LP/P-directed,current_missense_f1
NC_000017.11:43124016:C:T,BRCA1,1,0.9916714308192572,1.0,0.9998612560774516,1.0,0.9999159131200808,1.0,0.9936885147483796,1.0,4.0,1111,0.9962842786912924,0.998210354901324,23,25,1,Unanimous LP/P-directed,current_missense_f1
NC_000017.11:43124026:A:G,BRCA1,1,0.9958391921613744,1.0,0.9945082865110016,1.0,0.999999994269548,1.0,0.9959522368189048,1.0,4.0,1111,0.9965749274402071,0.9983673016445872,25,25,1,Unanimous LP/P-directed,current_missense_f1
NC_000017.11:58695188:G:C,RAD51C,1,0.9660873874972926,1.0,0.9999714664029932,1.0,0.9211092892678704,1.0,0.9911301508487784,1.0,4.0,1111,0.9695745735042336,0.980703162562046,24,25,1,Unanimous LP/P-directed,current_missense_f1
NC_000017.11:58724098:A:G,RAD51C,1,0.9838651086812288,1.0,0.994616607695605,1.0,0.8171636419712881,1.0,0.8774541264045007,1.0,4.0,1111,0.9182748711881557,0.9402413967452354,24,25,1,Unanimous LP/P-directed,current_missense_f1
NC_000017.11:61801347:C:G,BRIP1,1,0.989313718195346,1.0,0.9819366141957994,1.0,0.943802973243404,1.0,0.951692808877006,1.0,4.0,1111,0.9666865286278888,0.9786051060312996,25,25,1,Unanimous LP/P-directed,current_missense_f1
NC_000019.10:1220448:A:G,STK11,1,0.9938184334887042,1.0,0.9873814464709474,1.0,0.9991137245281074,1.0,0.9883777023966488,1.0,4.0,1111,0.992172826721102,0.9958534047236802,25,25,1,Unanimous LP/P-directed,current_missense_f1
NC_000019.10:1220693:C:A,STK11,1,0.994308818214464,1.0,0.9937795418771004,1.0,0.999999994269548,1.0,0.9935356215303764,1.0,4.0,1111,0.9954059939728722,0.9977268256970034,25,25,1,Unanimous LP/P-directed,current_missense_f1
NC_000019.10:1220701:C:G,STK11,1,0.9937807433238924,1.0,0.9990348572022472,1.0,0.999999994269548,1.0,0.9968423627218486,1.0,4.0,1111,0.997414489379384,0.9988106023250942,25,25,1,Unanimous LP/P-directed,current_missense_f1
NC_000019.10:1221995:C:T,STK11,1,0.93716737780494,1.0,0.979170428286699,1.0,0.8444836358335304,1.0,0.926936568710525,1.0,4.0,1111,0.9219395026589235,0.9433157452701982,25,25,1,Unanimous LP/P-directed,current_missense_f1
NC_000019.10:1221996:G:C,STK11,1,0.9973753833171648,1.0,0.9905830574940794,1.0,0.9993498522689755,1.0,0.9947832458023051,1.0,4.0,1111,0.9955228847206312,0.9977919246557492,25,25,1,Unanimous LP/P-directed,current_missense_f1
NC_000019.10:1222987:G:T,STK11,1,0.9977209267388604,1.0,0.9979470296217192,1.0,0.995890251328891,1.0,0.9926122422936764,1.0,4.0,1111,0.9960426124957866,0.9980786440172827,25,25,1,Unanimous LP/P-directed,current_missense_f1
NC_000002.12:214730439:G:A,BARD1,0,0.0213077572965911,0.0,0.0004315667735695,0.0,0.0257285385728622,0.0,0.0092971471638453,0.0,0.0,0000,0.014191252451717,0.0087052358943234,24,25,1,Unanimous B/LB-directed,current_missense_f1
NC_000002.12:214809499:G:A,BARD1,0,0.0450043337516885,0.0,0.008465407103697,0.0,0.0034518819224607,0.0,0.0073783025912478,0.0,0.0,0000,0.0160749813422735,0.0100235191040047,23,25,1,Unanimous B/LB-directed,current_missense_f1
NC_000009.12:95107253:C:T,FANCC,0,0.0181717029188319,0.0,0.001745619186399,0.0,0.0074489165571103,0.0,0.0076592105616459,0.0,0.0,0000,0.0087563623059968,0.005044702501632,25,25,1,Unanimous B/LB-directed,current_missense_f1
NC_000010.11:87965337:A:G,PTEN,0,0.0169372951006129,0.0,0.0707747265073818,0.0,0.0896237854687287,0.0,0.0117408687881763,0.0,0.0,0000,0.0472691689662249,0.0341138049040656,25,25,1,Unanimous B/LB-directed,current_missense_f1
NC_000011.10:108235707:A:G,ATM,0,0.0312613136767243,0.0,0.0001324471556623,0.0,0.0003687316419093,0.0,0.0036380751597913,0.0,0.0,0000,0.0088501419085218,0.005105742116875,25,25,1,Unanimous B/LB-directed,current_missense_f1
NC_000011.10:108244024:T:A,ATM,0,0.0942034078093639,0.0,0.0766164881952404,0.0,0.4005972887557388,0.0,0.0654954339442884,0.0,0.0,0000,0.1592281546761579,0.1374386394809695,24,25,1,Unanimous B/LB-directed,current_missense_f1
NC_000011.10:108251005:G:A,ATM,0,0.0043252989143712,0.0,4.396059525595325e-05,0.0,0.0241585806902228,0.0,0.0080279545583834,0.0,0.0,0000,0.0091389486895583,0.0052942558744462,25,25,1,Unanimous B/LB-directed,current_missense_f1
NC_000011.10:108251864:C:G,ATM,0,0.0240683939389364,0.0,0.0005104100589106,0.0,0.0020280187229217,0.0,0.0073794186925085,0.0,0.0,0000,0.0084965603533193,0.0048760546749404,25,25,1,Unanimous B/LB-directed,current_missense_f1
NC_000011.10:108297325:A:G,ATM,0,0.040438537145818,0.0,0.0001914940916483,0.0,0.0017441491342087,0.0,0.0081857947756227,0.0,0.0,0000,0.0126399937868244,0.0076371937239978,25,25,1,Unanimous B/LB-directed,current_missense_f1
NC_000011.10:108327663:T:C,ATM,0,0.0123761278124259,0.0,0.0051515747904749,0.0,0.0122493607901215,0.0,0.0058705774202943,0.0,0.0,0000,0.0089119102033291,0.0051459928629409,25,25,1,Unanimous B/LB-directed,current_missense_f1
NC_000013.11:32332441:A:C,BRCA2,0,0.008992873138533,0.0,0.0012192025952112,0.0,0.0075133675220271,0.0,0.0094956633632336,0.0,0.0,0000,0.0068052766547513,0.0037956208385807,22,25,1,Unanimous B/LB-directed,current_missense_f1
NC_000013.11:32332658:A:C,BRCA2,0,0.0169172255926786,0.0,0.0014075849083069,0.0,0.0009156908711655,0.0,0.0049960367228063,0.0,0.0,0000,0.0060591345237393,0.0033295942283181,22,25,1,Unanimous B/LB-directed,current_missense_f1
NC_000013.11:32336318:C:G,BRCA2,0,0.0252561374154286,0.0,0.0001744515563324,0.0,0.0001652114449174,0.0,0.0043162971061013,0.0,0.0,0000,0.0074780243806949,0.0042216013205464,22,25,1,Unanimous B/LB-directed,current_missense_f1
NC_000013.11:32336492:A:T,BRCA2,0,0.0466560364353419,0.0,0.0329824275800804,0.0,0.0572313817080033,0.0,0.1520239360463786,0.0,0.0,0000,0.072223445442451,0.0553731440389987,22,25,1,Unanimous B/LB-directed,current_missense_f1
NC_000013.11:32336770:G:C,BRCA2,0,0.0266114761184681,0.0,0.0283436391631762,0.0,0.002534208561403,0.0,0.0065898608228385,0.0,0.0,0000,0.0160197961664715,0.0099845863281973,22,25,1,Unanimous B/LB-directed,current_missense_f1
NC_000013.11:32338444:A:C,BRCA2,0,0.0269068115180434,0.0,2.1180191073382777e-05,0.0,7.602728916997925e-09,0.0,0.0026936331646573,0.0,0.0,0000,0.0074054081191257,0.0041753705083305,22,25,1,Unanimous B/LB-directed,current_missense_f1
NC_000013.11:32338612:G:T,BRCA2,0,0.010678200693081,0.0,5.6480713239502325e-05,0.0,7.602728916997925e-09,0.0,0.0040950782462387,0.0,0.0,0000,0.003707441813822,0.001913815250998,22,25,1,Unanimous B/LB-directed,current_missense_f1
NC_000013.11:32339449:G:A,BRCA2,0,0.0160436204893314,0.0,0.0005390229068173,0.0,6.41519068024483e-05,0.0,0.0028682543479811,0.0,0.0,0000,0.004878762412733,0.002607860740189,22,25,1,Unanimous B/LB-directed,current_missense_f1
NC_000013.11:32339988:C:G,BRCA2,0,0.0197401935845088,0.0,0.0032738293827354,0.0,0.0003548060178849,0.0,0.004323842505758,0.0,0.0,0000,0.0069231678727218,0.0038698857914579,22,25,1,Unanimous B/LB-directed,current_missense_f1
NC_000013.11:32340139:A:G,BRCA2,0,0.0361421666318843,0.0,0.0008795281350498,0.0,7.602728916997925e-09,0.0,0.0040904021455584,0.0,0.0,0000,0.0102780261288053,0.0060452880856923,22,25,1,Unanimous B/LB-directed,current_missense_f1
NC_000013.11:32340677:G:A,BRCA2,0,0.0370679490700395,0.0,0.0001918004278463,0.0,0.0002119120079086,0.0,0.0049046102081028,0.0,0.0,0000,0.0105940679284743,0.0062556891133749,22,25,1,Unanimous B/LB-directed,current_missense_f1
NC_000013.11:32340701:A:G,BRCA2,0,0.0081706888204599,0.0,9.293925365893072e-05,0.0,0.0004552167835632,0.0,0.0046923466079528,0.0,0.0,0000,0.0033527978664087,0.0017088353243438,22,25,1,Unanimous B/LB-directed,current_missense_f1
NC_000013.11:32340809:C:A,BRCA2,0,0.0187540566655068,0.0,0.005589458782333,0.0,0.0091755397225791,0.0,0.0105582286728088,0.0,0.0,0000,0.0110193209608069,0.0065401156256908,22,25,1,Unanimous B/LB-directed,current_missense_f1
NC_000013.11:32356550:G:A,BRCA2,0,0.19689445754653,0.0,0.2900286792960642,0.0,0.2990642206374598,0.0,0.1743739416181154,0.0,0.0,0000,0.2400903247745423,0.2207887475318004,22,25,1,Unanimous B/LB-directed,current_missense_f1
NC_000013.11:32363195:A:G,BRCA2,0,0.1446361783135377,0.0,0.0775312563080885,0.0,0.2861088642785611,0.0,0.076673862708785,0.0,0.0,0000,0.1462375404022431,0.1245862327673096,22,25,1,Unanimous B/LB-directed,current_missense_f1
NC_000013.11:32363228:T:C,BRCA2,0,0.0293697149877699,0.0,0.1225784114536926,0.0,0.0275189590499439,0.0,0.0354726518425395,0.0,0.0,0000,0.0537349343334865,0.0394874615671474,22,25,1,Unanimous B/LB-directed,current_missense_f1
NC_000013.11:32379767:G:A,BRCA2,0,0.0473336307517024,0.0,0.0742735894817003,0.0,0.1081546812944993,0.0,0.0193579154731383,0.0,0.0,0000,0.0622799542502601,0.0467397942287305,22,25,1,Unanimous B/LB-directed,current_missense_f1
NC_000015.10:90749521:G:C,BLM,0,0.0359864962662267,0.0,0.0047427459249879,0.0,0.0008273345068685,0.0,0.0059078696789962,0.0,0.0,0000,0.0118661115942698,0.0071108181626343,24,25,1,Unanimous B/LB-directed,current_missense_f1
NC_000015.10:90749677:A:G,BLM,0,0.0121257708820568,0.0,0.0001318853506061,0.0,0.0028966619313099,0.0,0.0061348433195235,0.0,0.0,0000,0.0053222903708741,0.0028766615695192,24,25,1,Unanimous B/LB-directed,current_missense_f1
NC_000015.10:90811290:G:A,BLM,0,0.0410377142594723,0.0,0.0011078009398153,0.0,0.0003139155266338,0.0,0.0073988901164538,0.0,0.0,0000,0.0124645802105938,0.0075174920870013,24,25,1,Unanimous B/LB-directed,current_missense_f1
NC_000016.10:23635824:T:C,PALB2,0,0.0429887016924843,0.0,1.7687644649057857e-06,0.0,6.41519068024483e-05,0.0,0.0049614475915933,0.0,0.0,0000,0.0120040174888362,0.0072042894885923,25,25,1,Unanimous B/LB-directed,current_missense_f1
NC_000016.10:68808534:G:A,CDH1,0,0.0392253235757392,0.0,0.1394698483017607,0.0,0.1204122330156129,0.0,0.0441726266944465,0.0,0.0,0000,0.0858200078968898,0.0674785856962683,25,25,1,Unanimous B/LB-directed,current_missense_f1
NC_000016.10:68808764:G:A,CDH1,0,0.0143479277715846,0.0,0.0001619671081825,0.0,0.0026535202406828,0.0,0.0041854269715702,0.0,0.0,0000,0.005337210523005,0.0028857559060893,24,25,1,Unanimous B/LB-directed,current_missense_f1
NC_000016.10:68810316:T:G,CDH1,0,0.0033636755317686,0.0,0.0020491957258525,0.0,0.0329075377524465,0.0,0.0266606995334688,0.0,0.0,0000,0.0162452771358841,0.0101437765362522,25,25,1,Unanimous B/LB-directed,current_missense_f1
NC_000016.10:68812143:A:G,CDH1,0,0.0086703292968131,0.0,2.187028830660681e-05,0.0,0.0004851104765788,0.0,0.0032922657354434,0.0,0.0,0000,0.0031173939492855,0.0015742841792071,25,25,1,Unanimous B/LB-directed,current_missense_f1
NC_000016.10:68812144:C:T,CDH1,0,0.0161097164594321,0.0,5.939260319293466e-05,0.0,0.0006419265632759,0.0,0.0033832159610435,0.0,0.0,0000,0.0050485628967361,0.002710409985627,25,25,1,Unanimous B/LB-directed,current_missense_f1
NC_000016.10:68813471:G:A,CDH1,0,0.0072440278401228,0.0,0.0005151935743697,0.0,0.0065814966005707,0.0,0.0051793169842745,0.0,0.0,0000,0.0048800087498344,0.0026086117914786,25,25,1,Unanimous B/LB-directed,current_missense_f1
NC_000016.10:68815610:G:A,CDH1,0,0.002429601780971,0.0,0.000413027103676,0.0,0.0065814966005707,0.0,0.0042463533657059,0.0,0.0,0000,0.0034176197127309,0.0017461025111104,25,25,1,Unanimous B/LB-directed,current_missense_f1
NC_000016.10:68822137:G:A,CDH1,0,0.0135209318330665,0.0,0.0004362599985417,0.0,0.003400291355775,0.0,0.0037722691923721,0.0,0.0,0000,0.0052824380949388,0.0028523864826474,25,25,1,Unanimous B/LB-directed,current_missense_f1
NC_000016.10:68822176:C:G,CDH1,0,0.0033242485302003,0.0,0.0016361428808989,0.0,0.0361784724548099,0.0,0.0101570317600957,0.0,0.0,0000,0.0128239739065012,0.0077629815106513,25,25,1,Unanimous B/LB-directed,current_missense_f1
NC_000016.10:68823481:A:T,CDH1,0,0.003427940457419,0.0,0.0034841650636914,0.0,0.0674378669940043,0.0,0.0326797250008253,0.0,0.0,0000,0.026757424378985,0.0178569104978358,25,25,1,Unanimous B/LB-directed,current_missense_f1
NC_000016.10:68823565:G:A,CDH1,0,0.0195310542586506,0.0,0.0021491678028394,0.0,0.0019614666189683,0.0,0.0100541700454068,0.0,0.0,0000,0.0084239646814663,0.0048290505531333,25,25,1,Unanimous B/LB-directed,current_missense_f1
NC_000016.10:68829686:G:A,CDH1,0,0.1789243839519501,0.0,0.1607468376693814,0.0,0.1251691922442895,0.0,0.0974521548554987,0.0,0.0,0000,0.1405731421802799,0.119038237364389,25,25,1,Unanimous B/LB-directed,current_missense_f1
NC_000016.10:89748741:C:T,FANCA,0,0.0413738220138341,0.0,0.0003496360923725,0.0,0.0058313541012438,0.0,0.0180894966970639,0.0,0.0,0000,0.0164110772261286,0.0102610248938393,25,25,1,Unanimous B/LB-directed,current_missense_f1
NC_000016.10:89758698:G:T,FANCA,0,0.0255041484617879,0.0,0.0139415846730117,0.0,0.0252636198905768,0.0,0.0143368554676189,0.0,0.0,0000,0.0197615521232488,0.0126634677918171,25,25,1,Unanimous B/LB-directed,current_missense_f1
NC_000016.10:89773357:G:C,FANCA,0,0.0367869534056093,0.0,0.000703124223393,0.0,6.41519068024483e-05,0.0,0.0041213904978673,0.0,0.0,0000,0.010418905008418,0.0061389716204044,24,25,1,Unanimous B/LB-directed,current_missense_f1
NC_000016.10:89783071:C:T,FANCA,0,0.0521280678298847,0.0,2.494617441280257e-05,0.0,0.0002119120079086,0.0,0.0052806780389774,0.0,0.0,0000,0.0144114010127959,0.0088581340789478,24,25,1,Unanimous B/LB-directed,current_missense_f1
NC_000016.10:89799207:C:G,FANCA,0,0.0289886155437551,0.0,0.0026466848374439,0.0,0.0044998945044355,0.0,0.010739174007761,0.0,0.0,0000,0.0117185922233489,0.0070109920778342,25,25,1,Unanimous B/LB-directed,current_missense_f1
NC_000016.10:89803296:C:T,FANCA,0,0.0224186315673374,0.0,0.0015323289524468,0.0,0.0069076386852414,0.0,0.0123476353847646,0.0,0.0,0000,0.0108015586474476,0.0063942807387275,25,25,1,Unanimous B/LB-directed,current_missense_f1
NC_000016.10:89805387:G:A,FANCA,0,0.0285258355736281,0.0,0.0005217417809208,0.0,0.000515511293084,0.0,0.0065444505719012,0.0,0.0,0000,0.0090268848048835,0.0052210131096141,24,25,1,Unanimous B/LB-directed,current_missense_f1
NC_000017.11:7669655:G:T,TP53,0,0.0270108689109823,0.0,0.0271611659148496,0.0,0.0051823285228754,0.0,0.0075802096757304,0.0,0.0,0000,0.0167336432561094,0.0104895962526029,24,25,1,Unanimous B/LB-directed,current_missense_f1
NC_000017.11:7670629:C:G,TP53,0,0.0195456716616867,0.0,6.919364932034597e-05,0.0,0.0046117198508068,0.0,0.005573410152742,0.0,0.0,0000,0.0074499988286389,0.0042037519702302,25,25,1,Unanimous B/LB-directed,current_missense_f1
NC_000017.11:7673578:G:T,TP53,0,0.0115966610896132,0.0,0.0007762125161859,0.0,0.0062249870346853,0.0,0.0066348959075431,0.0,0.0,0000,0.0063081891370069,0.0034843603675163,25,25,1,Unanimous B/LB-directed,current_missense_f1
NC_000017.11:7675142:C:T,TP53,0,0.0209023951195754,0.0,0.0219347587726293,0.0,0.0626243471343643,0.0,0.0303725603128294,0.0,0.0,0000,0.0339585153348496,0.0234093882530735,25,25,1,Unanimous B/LB-directed,current_missense_f1
NC_000017.11:7676049:A:G,TP53,0,0.0042440180135662,0.0,0.0006908953338495,0.0,0.0472394256211134,0.0,0.0095629969133359,0.0,0.0,0000,0.0154343339704662,0.0095726840734052,25,25,1,Unanimous B/LB-directed,current_missense_f1
NC_000017.11:7676223:C:G,TP53,0,0.0095572590279087,0.0,0.0024577194533935,0.0,0.0115480125126156,0.0,0.0096037603279332,0.0,0.0,0000,0.0082916878304627,0.004743541685881,25,25,1,Unanimous B/LB-directed,current_missense_f1
NC_000017.11:7676229:G:A,TP53,0,0.0421639527702747,0.0,1.90653123750261e-05,0.0,0.0128493830598212,0.0,0.0178854166857637,0.0,0.0,0000,0.0182294544570586,0.0115572883973858,25,25,1,Unanimous B/LB-directed,current_missense_f1
NC_000017.11:7676263:C:G,TP53,0,0.0359099600326783,0.0,0.0128147959354916,0.0,0.093609425857504,0.0,0.1682285108215281,0.0,0.0,0000,0.0776406731618005,0.0601568341632472,23,25,1,Unanimous B/LB-directed,current_missense_f1
NC_000017.11:43057130:T:C,BRCA1,0,0.0996740868382996,0.0,0.1869808660161189,0.0,0.164677659339364,0.0,0.0561088439522181,0.0,0.0,0000,0.1268603640365002,0.1057581563007553,25,25,1,Unanimous B/LB-directed,current_missense_f1
NC_000017.11:43070957:C:T,BRCA1,0,0.0043854667135133,0.0,9.821824756126888e-05,0.0,0.0123985661395901,0.0,0.0065360913028686,0.0,0.0,0000,0.0058545856008833,0.0032031011833739,24,25,1,Unanimous B/LB-directed,current_missense_f1
NC_000017.11:43071076:T:A,BRCA1,0,0.01632233793559,0.0,0.0035925265830085,0.0,0.0078240245634834,0.0,0.0159615918927569,0.0,0.0,0000,0.0109251202437097,0.0064769819651427,25,25,1,Unanimous B/LB-directed,current_missense_f1
NC_000017.11:43074470:C:A,BRCA1,0,0.0061783842279768,0.0,0.0022837059913417,0.0,0.00716088752507,0.0,0.0145039336494212,0.0,0.0,0000,0.0075317278484524,0.0042558293285488,25,25,1,Unanimous B/LB-directed,current_missense_f1
NC_000017.11:43074485:C:G,BRCA1,0,0.0215457657210596,0.0,0.0057851801679026,0.0,0.0040875843881984,0.0,0.0105009538336708,0.0,0.0,0000,0.0104798710277079,0.0061795660841879,25,25,1,Unanimous B/LB-directed,current_missense_f1
NC_000017.11:43076569:T:G,BRCA1,0,0.0118504303324196,0.0,0.0090216961185229,0.0,0.0336653838289724,0.0,0.0358985558801743,0.0,0.0,0000,0.0226090165400223,0.0147505831143634,25,25,1,Unanimous B/LB-directed,current_missense_f1
NC_000017.11:43090996:C:T,BRCA1,0,0.037441715196334,0.0,1.7358895672844052e-06,0.0,0.0004258449163863,0.0,0.0067039127238986,0.0,0.0,0000,0.0111433021815465,0.0066233181429946,25,25,1,Unanimous B/LB-directed,current_missense_f1
NC_000017.11:43091484:G:A,BRCA1,0,0.0093961395905934,0.0,0.000242843768644,0.0,0.0020280187229217,0.0,0.0062739913314018,0.0,0.0,0000,0.0044852483533902,0.002371995879773,25,25,1,Unanimous B/LB-directed,current_missense_f1
NC_000017.11:43091817:G:A,BRCA1,0,0.0028818543653387,0.0,4.3351104176712686e-05,0.0,0.0006096247018684,0.0,0.0040405168942061,0.0,0.0,0000,0.0018938367663975,0.0008980971309162,25,25,1,Unanimous B/LB-directed,current_missense_f1
NC_000017.11:43091922:C:T,BRCA1,0,0.0305997816099525,0.0,1.900820428889604e-06,0.0,0.0001115570266518,0.0,0.0066536100219145,0.0,0.0,0000,0.0093417123697369,0.0054270797838737,25,25,1,Unanimous B/LB-directed,current_missense_f1
NC_000017.11:43091982:T:C,BRCA1,0,0.0405077990531195,0.0,5.782328191388058e-06,0.0,8.227113387434959e-05,0.0,0.0055365035405077,0.0,0.0,0000,0.0115330890139232,0.0068857014307264,24,25,1,Unanimous B/LB-directed,current_missense_f1
NC_000017.11:43091989:C:T,BRCA1,0,0.0395267990715945,0.0,2.054875652603769e-05,0.0,0.0025817495581479,0.0,0.0036084174912596,0.0,0.0,0000,0.011434378719382,0.0068191411976716,25,25,1,Unanimous B/LB-directed,current_missense_f1
NC_000017.11:43092390:A:G,BRCA1,0,0.0092352481516582,0.0,0.0058167370152669,0.0,0.0201103444382002,0.0,0.0249324662361846,0.0,0.0,0000,0.0150236989603275,0.0092850444557602,25,25,1,Unanimous B/LB-directed,current_missense_f1
NC_000017.11:43092411:C:T,BRCA1,0,0.0073946717695337,0.0,7.796742400161173e-05,0.0,0.0044720601539321,0.0,0.0060827308859711,0.0,0.0,0000,0.0045068575583596,0.0023848808706639,24,25,1,Unanimous B/LB-directed,current_missense_f1
NC_000017.11:43092757:T:G,BRCA1,0,0.0228174782490808,0.0,3.582077001645394e-05,0.0,0.0001115570266518,0.0,0.0064147638238156,0.0,0.0,0000,0.0073449049673911,0.0041368968104018,25,25,1,Unanimous B/LB-directed,current_missense_f1
NC_000017.11:43092918:G:A,BRCA1,0,0.0359659167182594,0.0,2.581681919503064e-06,0.0,0.0023002498555892,0.0,0.0037366538783917,0.0,0.0,0000,0.01050135053354,0.0061938758030099,24,25,1,Unanimous B/LB-directed,current_missense_f1
NC_000017.11:43093009:G:A,BRCA1,0,0.0058635475298772,0.0,4.265537525037186e-06,0.0,7.602728916997925e-09,0.0,0.0039401200227725,0.0,0.0,0000,0.0024519851732259,0.001201256418884,25,25,1,Unanimous B/LB-directed,current_missense_f1
NC_000017.11:43093053:G:T,BRCA1,0,0.0090208157813217,0.0,0.0027650635191867,0.0,0.0013118229207978,0.0,0.0036049585290399,0.0,0.0,0000,0.0041756651875865,0.0021882948819568,25,25,1,Unanimous B/LB-directed,current_missense_f1
NC_000017.11:43093665:G:A,BRCA1,0,0.0072374585380501,0.0,0.0161175498875775,0.0,0.0036341541755836,0.0,0.0069782368481986,0.0,0.0,0000,0.0084918498623525,0.0048730031221194,25,25,1,Unanimous B/LB-directed,current_missense_f1
NC_000017.11:43093875:C:A,BRCA1,0,0.0608048075860718,0.0,0.0561748332589355,0.0,0.0810011013420819,0.0,0.0388448248297062,0.0,0.0,0000,0.0592063917541988,0.044112496298657,25,25,1,Unanimous B/LB-directed,current_missense_f1
NC_000017.11:43093914:G:A,BRCA1,0,0.0307243301365164,0.0,1.682176289426144e-05,0.0,0.0005308975719455,0.0,0.0054009721903626,0.0,0.0,0000,0.0091682554154297,0.0053134298492887,25,25,1,Unanimous B/LB-directed,current_missense_f1
NC_000017.11:43093996:G:A,BRCA1,0,0.0717471177018809,0.0,0.0888820190692908,0.0,0.1804228120018489,0.0,0.0207056862748954,0.0,0.0,0000,0.090439408761979,0.0716633660495267,25,25,1,Unanimous B/LB-directed,current_missense_f1
NC_000017.11:43094463:T:C,BRCA1,0,0.0037719006149753,0.0,2.6666844951319004e-05,0.0,0.0080018307307086,0.0,0.0074842118938854,0.0,0.0,0000,0.0048211525211301,0.0025731717853024,24,25,1,Unanimous B/LB-directed,current_missense_f1
NC_000017.11:43094584:T:C,BRCA1,0,0.0237370587659714,0.0,0.0085405462310181,0.0,0.0254044212925784,0.0,0.0097262219301956,0.0,0.0,0000,0.0168520620549409,0.0105736603010822,25,25,1,Unanimous B/LB-directed,current_missense_f1
NC_000017.11:43097265:C:T,BRCA1,0,0.0131691813048398,0.0,0.0038596215085197,0.0,0.0059818778278268,0.0,0.0066637281833754,0.0,0.0,0000,0.0074186022061405,0.0041837660605387,25,25,1,Unanimous B/LB-directed,current_missense_f1
NC_000017.11:43097279:G:T,BRCA1,0,0.020538226121196,0.0,0.0081184461693164,0.0,0.2008609566379182,0.0,0.0447801003184819,0.0,0.0,0000,0.0685744323117281,0.0521820517587741,25,25,1,Unanimous B/LB-directed,current_missense_f1
NC_000017.11:61793636:T:C,BRIP1,0,0.003924173009234,0.0,0.0008305288043523,0.0,0.007936188312278,0.0,0.0058122885916726,0.0,0.0,0000,0.0046257946793842,0.0024559417280814,25,25,1,Unanimous B/LB-directed,current_missense_f1
NC_000017.11:61847150:C:T,BRIP1,0,0.0354432353276813,0.0,4.482198461963245e-05,0.0,6.41519068024483e-05,0.0,0.0046259106354729,0.0,0.0,0000,0.010044529963644,0.0058903916294964,25,25,1,Unanimous B/LB-directed,current_missense_f1
NC_000022.11:28695158:A:C,CHEK2,0,0.2465845991436078,0.0,0.2557696045377998,0.0,0.1037473518109228,0.0,0.0291430850670858,0.0,0.0,0000,0.158811160139854,0.1370233961502582,24,25,1,Unanimous B/LB-directed,current_missense_f1
NC_000010.11:87864003:G:A,PTEN,0,,,,,,,,,,,,,2,25,0,,current_missense_f1
NC_000010.11:87864185:C:T,PTEN,0,,,,,,,,,,,,,2,25,0,,current_missense_f1
NC_000010.11:87960983:C:G,PTEN,0,0.0028045636502656,0.0,0.0230038594067864,0.0,0.0503302720635209,0.0,0.0478059817233223,0.0,0.0,0000,0.0309861692109738,0.021094703833272,25,25,1,Unanimous B/LB-directed,current_missense_f1
NC_000011.10:108227778:G:C,ATM,0,0.0666743699980455,0.0,0.1428673702724374,0.0,0.1297730718161787,0.0,0.0751090803849906,0.0,0.0,0000,0.1036059731179131,0.0837739149474781,25,25,1,Unanimous B/LB-directed,current_missense_f1
NC_000011.10:108244101:G:A,ATM,0,0.0387516927506635,0.0,0.0027137853986197,0.0,0.0356978635473478,0.0,0.0263773146919751,0.0,0.0,0000,0.0258851640971515,0.0171977218478435,25,25,1,Unanimous B/LB-directed,current_missense_f1
NC_000011.10:108287702:G:A,ATM,0,0.027640771199592,0.0,5.993169644048701e-05,0.0,0.0035036901172541,0.0,0.010759694019272,0.0,0.0,0000,0.0104910217581396,0.0061869942509858,25,25,1,Unanimous B/LB-directed,current_missense_f1
NC_000011.10:108289798:A:T,ATM,0,0.0361491007505197,0.0,0.0092145129052058,0.0,0.018215304727443,0.0,0.0117206004471928,0.0,0.0,0000,0.0188248797075903,0.0119857193171379,25,25,1,Unanimous B/LB-directed,current_missense_f1
NC_000011.10:108325389:G:A,ATM,0,0.6060529848659307,1.0,0.5452433174137503,1.0,0.3078914003430155,0.0,0.4054740011597494,0.0,2.0,1100,0.4661654259456115,0.4706351284394332,25,25,1,Mixed votes,current_missense_f1
NC_000011.10:108325453:G:T,ATM,0,0.027992042702278,0.0,0.0006874129105184,0.0,0.0122493607901215,0.0,0.0142939440511714,0.0,0.0,0000,0.0138056901135223,0.0084382300184692,24,25,1,Unanimous B/LB-directed,current_missense_f1
NC_000011.10:108365158:T:G,ATM,0,0.0227638615456043,0.0,0.0020320336398593,0.0,0.0136881885953438,0.0,0.0072821639520765,0.0,0.0,0000,0.011441561933221,0.0068239822438334,25,25,1,Unanimous B/LB-directed,current_missense_f1
NC_000013.11:32332345:G:C,BRCA2,0,0.0197696974738221,0.0,0.0009738395076753,0.0,7.602728916997925e-09,0.0,0.0054498314297689,0.0,0.0,0000,0.0065483440034988,0.0036343528850299,22,25,1,Unanimous B/LB-directed,current_missense_f1
NC_000013.11:32332385:C:T,BRCA2,0,0.0198164605014118,0.0,0.0018787702460234,0.0,0.0029707538367816,0.0,0.0048948187276487,0.0,0.0,0000,0.0073902008279664,0.0041656963643399,22,25,1,Unanimous B/LB-directed,current_missense_f1
NC_000013.11:32332594:C:A,BRCA2,0,0.0266615190907406,0.0,0.0030054279062307,0.0,0.0032977684745204,0.0,0.0101620881392262,0.0,0.0,0000,0.0107817009026795,0.0063810014507557,22,25,1,Unanimous B/LB-directed,current_missense_f1
NC_000013.11:32332776:C:A,BRCA2,0,0.0280681747405222,0.0,9.986805386796806e-05,0.0,7.602728916997925e-09,0.0,0.0029079628167166,0.0,0.0,0000,0.0077690033034589,0.0044074383301145,22,25,1,Unanimous B/LB-directed,current_missense_f1
NC_000013.11:32332790:A:T,BRCA2,0,0.0277235272098014,0.0,0.0004629857315652,0.0,7.602728916997925e-09,0.0,0.0049877027879631,0.0,0.0,0000,0.0082935558330146,0.0047447479904379,22,25,1,Unanimous B/LB-directed,current_missense_f1
NC_000013.11:32332831:C:A,BRCA2,0,0.029601236468064,0.0,0.0001589756506207,0.0,7.602728916997925e-09,0.0,0.0036326846497972,0.0,0.0,0000,0.0083482260928027,0.0047800683670258,22,25,1,Unanimous B/LB-directed,current_missense_f1
NC_000013.11:32336291:G:A,BRCA2,0,0.0475526372833526,0.0,0.000886648272456,0.0,7.602728916997925e-09,0.0,0.0029055706512618,0.0,0.0,0000,0.0128362159524498,0.0077713600998024,22,25,1,Unanimous B/LB-directed,current_missense_f1
NC_000013.11:32336563:G:T,BRCA2,0,0.0249534651969908,0.0,0.0044960724202242,0.0,0.0005777806799611,0.0,0.0053792402331518,0.0,0.0,0000,0.008851639632582,0.0051067176569904,22,25,1,Unanimous B/LB-directed,current_missense_f1
NC_000013.11:32336629:C:T,BRCA2,0,0.0521032867359842,0.0,0.0010412317861983,0.0,7.602728916997925e-09,0.0,0.0039965196875507,0.0,0.0,0000,0.0142852614531155,0.0087704882417062,22,25,1,Unanimous B/LB-directed,current_missense_f1
NC_000013.11:32336808:T:A,BRCA2,0,0.0462792578847611,0.0,0.2424934791657776,0.0,0.0508331587751844,0.0,0.096983829066294,0.0,0.0,0000,0.1091474312230043,0.0889469342375881,22,25,1,Unanimous B/LB-directed,current_missense_f1
NC_000013.11:32336857:C:T,BRCA2,0,0.0314157960421541,0.0,0.001837774181971,0.0,8.227113387434959e-05,0.0,0.0032583248572271,0.0,0.0,0000,0.0091485415538066,0.0053005311274313,22,25,1,Unanimous B/LB-directed,current_missense_f1
NC_000013.11:32337052:A:G,BRCA2,0,0.0165030994947195,0.0,0.0018150196945743,0.0,0.0023697739602606,0.0,0.0050427987799481,0.0,0.0,0000,0.0064326729823756,0.0035620174794186,22,25,1,Unanimous B/LB-directed,current_missense_f1
NC_000013.11:32337226:A:G,BRCA2,0,0.0161695406137066,0.0,0.0028196901859782,0.0,0.0004258449163863,0.0,0.0037206268105469,0.0,0.0,0000,0.0057839256316545,0.0031595374729457,22,25,1,Unanimous B/LB-directed,current_missense_f1
NC_000013.11:32337486:T:G,BRCA2,0,0.0161343870007841,0.0,0.0028166726621209,0.0,0.0261547152527091,0.0,0.0285802812989736,0.0,0.0,0000,0.0184215140536469,0.0116952747556751,22,25,1,Unanimous B/LB-directed,current_missense_f1
NC_000013.11:32337587:T:G,BRCA2,0,0.0192392997181133,0.0,0.0033151926134465,0.0,0.0045277777685783,0.0,0.0079039702504243,0.0,0.0,0000,0.0087465600876406,0.0050383273653301,22,25,1,Unanimous B/LB-directed,current_missense_f1
NC_000013.11:32337646:A:T,BRCA2,0,0.0154872332916393,0.0,0.0017318828374728,0.0,0.0015340666927449,0.0,0.0063774697079097,0.0,0.0,0000,0.0062826631324417,0.0034684609526144,22,25,1,Unanimous B/LB-directed,current_missense_f1
NC_000013.11:32337755:G:C,BRCA2,0,0.0082468289769438,0.0,0.0008224976212485,0.0,0.0023002498555892,0.0,0.0048320586496696,0.0,0.0,0000,0.0040504087758628,0.0021144599819013,22,25,1,Unanimous B/LB-directed,current_missense_f1
NC_000013.11:32338153:G:A,BRCA2,0,0.0215972451514041,0.0,0.0005858191754568,0.0,7.602728916997925e-09,0.0,0.0080570638677394,0.0,0.0,0000,0.0075600339493323,0.0042738831850728,22,25,1,Unanimous B/LB-directed,current_missense_f1
NC_000013.11:32338212:A:T,BRCA2,0,0.0249111810579778,0.0,0.0342166026793813,0.0,0.0067820060640838,0.0,0.0054722433482109,0.0,0.0,0000,0.0178455082874134,0.0112820415162091,22,25,1,Unanimous B/LB-directed,current_missense_f1
NC_000013.11:32338270:G:A,BRCA2,0,0.0204456632508362,0.0,0.0034493709200575,0.0,0.0060727178850652,0.0,0.005597741051362,0.0,0.0,0000,0.0088913732768302,0.0051326060573967,22,25,1,Unanimous B/LB-directed,current_missense_f1
NC_000013.11:32338789:A:C,BRCA2,0,0.020017453596756,0.0,0.0014798327949754,0.0,0.0017015416495232,0.0,0.0055903933997528,0.0,0.0,0000,0.0071973053602518,0.0040432136620081,22,25,1,Unanimous B/LB-directed,current_missense_f1
NC_000013.11:32338790:G:C,BRCA2,0,0.0164461454918265,0.0,0.0003082995162853,0.0,0.0001115570266518,0.0,0.0048381077558518,0.0,0.0,0000,0.0054260274476538,0.0029399607776952,22,25,1,Unanimous B/LB-directed,current_missense_f1
NC_000013.11:32338875:G:C,BRCA2,0,0.0259005191522759,0.0,0.0104184584459745,0.0,0.0030453663855683,0.0,0.0131753458760437,0.0,0.0,0000,0.0131349224649656,0.0079761296244983,22,25,1,Unanimous B/LB-directed,current_missense_f1
NC_000013.11:32338924:T:G,BRCA2,0,0.6541517406463996,1.0,0.4331367319965414,0.0,0.8656716574649592,1.0,0.8378479855033035,1.0,3.0,1011,0.697702028902801,0.726232855878269,22,25,1,Mixed votes,current_missense_f1
NC_000013.11:32338963:G:A,BRCA2,0,0.0055618256566259,0.0,0.0081564990109494,0.0,0.0329577027170929,0.0,0.0132031184224518,0.0,0.0,0000,0.01496978645178,0.0092473588279949,22,25,1,Unanimous B/LB-directed,current_missense_f1
NC_000013.11:32339290:G:A,BRCA2,0,0.0219230190142953,0.0,0.004803614055637,0.0,0.0007246174357765,0.0,0.0060070984721904,0.0,0.0,0000,0.0083645872444748,0.0047906446226131,22,25,1,Unanimous B/LB-directed,current_missense_f1
NC_000013.11:32339353:T:A,BRCA2,0,0.0246083690337469,0.0,0.0171683959628545,0.0,0.0158126950189209,0.0,0.0235603392337493,0.0,0.0,0000,0.0202874498123179,0.0130459602683889,22,25,1,Unanimous B/LB-directed,current_missense_f1
NC_000013.11:32339836:A:G,BRCA2,0,0.0298061199507877,0.0,0.0119627597076149,0.0,0.0002874219414504,0.0,0.0097911815889129,0.0,0.0,0000,0.0129618707971915,0.0078574217126591,22,25,1,Unanimous B/LB-directed,current_missense_f1
NC_000013.11:32340202:G:A,BRCA2,0,0.0296752199889543,0.0,0.0007498292742643,0.0,7.602728916997925e-09,0.0,0.0024989373807853,0.0,0.0,0000,0.0082309985616832,0.0047043697481136,22,25,1,Unanimous B/LB-directed,current_missense_f1
NC_000013.11:32340568:T:A,BRCA2,0,0.0489423932209797,0.0,0.1678990620109427,0.0,0.0273024737816982,0.0,0.0802813959767004,0.0,0.0,0000,0.0811063312475803,0.0632449976962552,22,25,1,Unanimous B/LB-directed,current_missense_f1
NC_000013.11:32340738:A:C,BRCA2,0,0.0619960042336772,0.0,0.1734055324952321,0.0,0.0377450016197447,0.0,0.1848114959130233,0.0,0.0,0000,0.1144895085654193,0.0939739270985684,22,25,1,Unanimous B/LB-directed,current_missense_f1
NC_000013.11:32355171:A:G,BRCA2,0,0.0355349323873854,0.0,0.0002523806564316,0.0,7.602728916997925e-09,0.0,0.0047325814726252,0.0,0.0,0000,0.0101299755297928,0.0059470194508617,22,25,1,Unanimous B/LB-directed,current_missense_f1
NC_000013.11:32355196:G:T,BRCA2,0,0.0429806995568299,0.0,0.004194044099692,0.0,0.0002119120079086,0.0,0.0040007994050071,0.0,0.0,0000,0.0128468637673594,0.0077786484551419,22,25,1,Unanimous B/LB-directed,current_missense_f1
NC_000013.11:32355204:A:G,BRCA2,0,0.0244392334449379,0.0,0.0057912178304907,0.0,0.0003410263428825,0.0,0.004708155795066,0.0,0.0,0000,0.0088199083533443,0.0050860542095895,22,25,1,Unanimous B/LB-directed,current_missense_f1
NC_000013.11:32355249:T:C,BRCA2,0,,,,,,,,,,,,,19,25,0,,current_missense_f1
NC_000013.11:32363428:G:T,BRCA2,0,0.2000479782840966,0.0,0.2208123414701698,0.0,0.2736112906455527,0.0,0.1427909238734277,0.0,0.0,0000,0.2093156335683117,0.1884651019886179,22,25,1,Unanimous B/LB-directed,current_missense_f1
NC_000013.11:32363509:G:A,BRCA2,0,0.2224335846395794,0.0,0.2898100586015174,0.0,0.2584235806405582,0.0,0.0959140679610496,0.0,0.0,0000,0.2166453229606761,0.1961036823264453,22,25,1,Unanimous B/LB-directed,current_missense_f1
NC_000013.11:32370422:C:A,BRCA2,0,0.0961405857977485,0.0,0.1533609607552843,0.0,0.2412866598225672,0.0,0.14818565205276,0.0,0.0,0000,0.15974346460709,0.1379520248433359,22,25,1,Unanimous B/LB-directed,current_missense_f1
NC_000013.11:32376675:C:T,BRCA2,0,0.0239945914199585,0.0,0.0023974889753213,0.0,8.227113387434959e-05,0.0,0.0046834541924071,0.0,0.0,0000,0.0077894514303903,0.0044205325791502,22,25,1,Unanimous B/LB-directed,current_missense_f1
NC_000013.11:32376738:G:A,BRCA2,0,0.8333627110790316,1.0,0.5361269768791351,1.0,0.663994728100351,1.0,0.1070814400182812,0.0,3.0,1110,0.5351414640191997,0.548156989163418,22,25,1,Mixed votes,current_missense_f1
NC_000013.11:32379347:T:G,BRCA2,0,0.2839188974275493,0.0,0.301172008583241,0.0,0.239996235492219,0.0,0.0356178526049771,0.0,0.0,0000,0.2151762485269966,0.1945695471531814,22,25,1,Unanimous B/LB-directed,current_missense_f1
NC_000013.11:32379838:A:G,BRCA2,0,0.0542768123013861,0.0,0.0715428856375687,0.0,0.0052986979834966,0.0,0.0081831561130222,0.0,0.0,0000,0.0348253880088684,0.0240901156873663,22,25,1,Unanimous B/LB-directed,current_missense_f1
NC_000013.11:32379884:C:T,BRCA2,0,0.4990919788696319,0.0,0.5860318794489117,1.0,0.2773987003978987,0.0,0.1627105685240691,0.0,1.0,0100,0.3813082818101279,0.3753052367368587,22,25,1,Mixed votes,current_missense_f1
NC_000013.11:32380075:C:T,BRCA2,0,0.0258503508559121,0.0,0.0809656090535535,0.0,0.025988700374934,0.0,0.022057880404948,0.0,0.0,0000,0.0387156351723369,0.0271747360035108,22,25,1,Unanimous B/LB-directed,current_missense_f1
NC_000015.10:90749686:A:G,BLM,0,0.0348213287128059,0.0,0.0001411879922123,0.0,0.0103240459405071,0.0,0.0121328389536861,0.0,0.0,0000,0.0143548503998028,0.0088188279705974,24,25,1,Unanimous B/LB-directed,current_missense_f1
NC_000015.10:90794263:A:G,BLM,0,0.0211172137066873,0.0,0.0254146097273204,0.0,0.0135345057535908,0.0,0.0052741484223575,0.0,0.0,0000,0.016335119402489,0.0102072898256675,25,25,1,Unanimous B/LB-directed,current_missense_f1
NC_000016.10:23603646:C:T,PALB2,0,0.0258746635998411,0.0,0.0095471937479055,0.0,0.0351531838778003,0.0,0.0092414530867717,0.0,0.0,0000,0.0199541235780797,0.0128033657973651,23,25,1,Unanimous B/LB-directed,current_missense_f1
NC_000016.10:23603665:G:A,PALB2,0,,,,,,,,,,,,,2,25,0,,current_missense_f1
NC_000016.10:23629878:G:T,PALB2,0,0.0357002252477007,0.0,0.0002860172292738,0.0,0.0081005881442712,0.0,0.0056375079944182,0.0,0.0,0000,0.012431084653916,0.0074946604839653,24,25,1,Unanimous B/LB-directed,current_missense_f1
NC_000016.10:23629994:G:A,PALB2,0,0.0274391161086248,0.0,0.0003836646992307,0.0,0.0062293534615392,0.0,0.0146154394389178,0.0,0.0,0000,0.0121668934270781,0.0073148708993779,24,25,1,Unanimous B/LB-directed,current_missense_f1
NC_000016.10:23635032:C:T,PALB2,0,0.03792312584873,0.0,1.6734724570141465e-05,0.0,7.602728916997925e-09,0.0,0.0055889361234272,0.0,0.0,0000,0.010882201074864,0.006448241437934,25,25,1,Unanimous B/LB-directed,current_missense_f1
NC_000016.10:68801791:A:G,CDH1,0,0.0208544655232961,0.0,0.0001077841775107,0.0,0.0032977684745204,0.0,0.0043189800900165,0.0,0.0,0000,0.0071447495663359,0.0040099163683026,24,25,1,Unanimous B/LB-directed,current_missense_f1
NC_000016.10:68813345:G:C,CDH1,0,0.0113043533925101,0.0,0.0004361211330659,0.0,0.003952667085468,0.0,0.0057945885154225,0.0,0.0,0000,0.0053719325316166,0.0029069328920152,24,25,1,Unanimous B/LB-directed,current_missense_f1
NC_000016.10:68813447:G:A,CDH1,0,0.0131543894231614,0.0,6.089731453336188e-06,0.0,0.0003139155266338,0.0,0.0038209758896034,0.0,0.0,0000,0.004323842642713,0.0022760094037261,25,25,1,Unanimous B/LB-directed,current_missense_f1
NC_000016.10:68813470:C:G,CDH1,0,0.2692133160196203,0.0,0.3241248884375191,0.0,0.5412654086404626,1.0,0.48503220171529,0.0,1.0,0010,0.404908953703223,0.4017373064813638,25,25,1,Mixed votes,current_missense_f1
NC_000016.10:68829756:G:A,CDH1,0,0.4248660966112111,0.0,0.2162803270831653,0.0,0.4421747264650557,0.0,0.1133964177372735,0.0,0.0,0000,0.2991793919741764,0.2844389114878781,25,25,1,Unanimous B/LB-directed,current_missense_f1
NC_000016.10:68833484:G:A,CDH1,0,0.0183368453710765,0.0,0.0089309542682215,0.0,0.1282455315288867,0.0,0.0804844553076743,0.0,0.0,0000,0.0589994466189647,0.0439363365555785,24,25,1,Unanimous B/LB-directed,current_missense_f1
NC_000016.10:89738899:G:A,FANCA,0,,,,,,,,,,,,,2,25,0,,current_missense_f1
NC_000016.10:89738941:A:G,FANCA,0,,,,,,,,,,,,,2,25,0,,current_missense_f1
NC_000016.10:89738965:G:A,FANCA,0,,,,,,,,,,,,,2,25,0,,current_missense_f1
NC_000016.10:89738965:G:C,FANCA,0,,,,,,,,,,,,,2,25,0,,current_missense_f1
NC_000016.10:89765019:A:T,FANCA,0,0.0284409553782718,0.0,0.0001907352650053,0.0,0.0108949923776536,0.0,0.0315575194371706,0.0,0.0,0000,0.0177710506145253,0.0112287573331679,25,25,1,Unanimous B/LB-directed,current_missense_f1
NC_000016.10:89816555:C:G,FANCA,0,0.1041254690081579,0.0,0.1828757274870055,0.0,0.0860370775369064,0.0,0.0435335898026599,0.0,0.0,0000,0.1041429659586824,0.0842733032465846,24,25,1,Unanimous B/LB-directed,current_missense_f1
NC_000017.11:7669670:C:G,TP53,0,0.00470468101736,0.0,0.0331565044016689,0.0,0.0400207051848535,0.0,0.0226342607642733,0.0,0.0,0000,0.0251290378420389,0.0166288334034256,25,25,1,Unanimous B/LB-directed,current_missense_f1
NC_000017.11:7670645:C:T,TP53,0,0.0130584968755785,0.0,0.0004709765074999,0.0,0.0015340666927449,0.0,0.0074208161800433,0.0,0.0,0000,0.0056210890639666,0.0030594088640246,25,25,1,Unanimous B/LB-directed,current_missense_f1
NC_000017.11:7670704:C:A,TP53,0,0.6116830292440602,1.0,0.3511327409586164,0.0,0.6843581007410156,1.0,0.3920434845781858,0.0,2.0,1010,0.5098043388804695,0.5197342724444521,24,25,1,Mixed votes,current_missense_f1
NC_000017.11:7673227:G:C,TP53,0,,,,,,,,,,,,,2,25,0,,current_missense_f1
NC_000017.11:7673555:A:T,TP53,0,0.0087957079652919,0.0,0.0060468815606212,0.0,0.0191368595475066,0.0,0.00671383353099,0.0,0.0,0000,0.0101733206511024,0.0059757701350084,24,25,1,Unanimous B/LB-directed,current_missense_f1
NC_000017.11:7673589:C:T,TP53,0,0.0178175508380895,0.0,0.017421522511184,0.0,0.015732384620062,0.0,0.0219002454694583,0.0,0.0,0000,0.0182179258596985,0.0115490119575088,25,25,1,Unanimous B/LB-directed,current_missense_f1
NC_000017.11:7673712:T:C,TP53,0,0.0178736955758824,0.0,0.0313984174860861,0.0,0.0099718334294207,0.0,0.01032657176339,0.0,0.0,0000,0.0173926295636948,0.0109584241504282,24,25,1,Unanimous B/LB-directed,current_missense_f1
NC_000017.11:7673720:G:A,TP53,0,0.0296541950216263,0.0,0.0969053428072981,0.0,0.0212540005829384,0.0,0.0183923282626116,0.0,0.0,0000,0.0415514666686186,0.0294524062543915,24,25,1,Unanimous B/LB-directed,current_missense_f1
NC_000017.11:7673799:C:T,TP53,0,0.0238950960667189,0.0,0.0026336397899885,0.0,0.007936188312278,0.0,0.0100211541360745,0.0,0.0,0000,0.011121519576265,0.0066086910642745,24,25,1,Unanimous B/LB-directed,current_missense_f1
NC_000017.11:7674954:C:G,TP53,0,0.105019338090456,0.0,0.137655867725709,0.0,0.1137003885598985,0.0,0.0402541316163001,0.0,0.0,0000,0.0991574314980909,0.0796529877803637,24,25,1,Unanimous B/LB-directed,current_missense_f1
NC_000017.11:7675055:C:T,TP53,0,0.012440196906191,0.0,0.0286011243581611,0.0,0.1862286045673545,0.0,0.0423827258065568,0.0,0.0,0000,0.0674131629095659,0.0511719677549329,25,25,1,Unanimous B/LB-directed,current_missense_f1
NC_000017.11:7676004:C:T,TP53,0,0.9004374449147422,1.0,0.6328123641307772,1.0,0.8030416716066789,1.0,0.4876342532827108,0.0,3.0,1110,0.7059814334837273,0.7349914003238703,25,25,1,Mixed votes,current_missense_f1
NC_000017.11:7676147:G:A,TP53,0,0.021847339006398,0.0,0.000135085768125,0.0,0.0036341541755836,0.0,0.0064551531252213,0.0,0.0,0000,0.0080179330188319,0.004567149087968,25,25,1,Unanimous B/LB-directed,current_missense_f1
NC_000017.11:7676152:GG:AC,TP53,0,,,,,,,,,,,,,1,25,0,,current_missense_f1
NC_000017.11:7676261:G:T,TP53,0,0.0422077769846275,0.0,0.0712403403319288,0.0,0.0316849982217291,0.0,0.008403863248417,0.0,0.0,0000,0.0383842446966756,0.0269101354677642,22,25,1,Unanimous B/LB-directed,current_missense_f1
NC_000017.11:7676573:A:C,TP53,0,0.0330287368553354,0.0,0.0015008217482001,0.0,0.001617206705571,0.0,0.0047106949056102,0.0,0.0,0000,0.0102143650536792,0.0060030097853406,22,25,1,Unanimous B/LB-directed,current_missense_f1
NC_000017.11:35100980:C:T,RAD51D,0,0.0183526540527019,0.0,0.00078278719671,0.0,0.001617206705571,0.0,0.0048591893167575,0.0,0.0,0000,0.0064029593179351,0.0035434631635985,23,25,1,Unanimous B/LB-directed,current_missense_f1
NC_000017.11:35101015:C:T,RAD51D,0,0.0341430005504255,0.0,0.0192125820831594,0.0,0.002534208561403,0.0,0.0218064517387726,0.0,0.0,0000,0.0194240607334401,0.0124187454645482,23,25,1,Unanimous B/LB-directed,current_missense_f1
NC_000017.11:43045703:G:A,BRCA1,0,0.0090574654006439,0.0,0.0166520929626438,0.0,0.0019394197275285,0.0,0.0114693269400765,0.0,0.0,0000,0.0097795762577232,0.0057152063132249,25,25,1,Unanimous B/LB-directed,current_missense_f1
NC_000017.11:43045724:C:T,BRCA1,0,0.0129793222678993,0.0,0.0991266301699089,0.0,0.0631134079381106,0.0,0.063524207472262,0.0,0.0,0000,0.0596858919620452,0.0445210272342623,24,25,1,Unanimous B/LB-directed,current_missense_f1
NC_000017.11:43045794:C:T,BRCA1,0,,,,,,,,,,,,,2,25,0,,current_missense_f1
NC_000017.11:43049142:A:C,BRCA1,0,0.1571361681035904,0.0,0.505621619135674,1.0,0.1010400582420523,0.0,0.0284327640568862,0.0,1.0,0100,0.1980576523845507,0.1768117652189929,24,25,1,Mixed votes,current_missense_f1
NC_000017.11:43049179:T:A,BRCA1,0,0.0771063036149789,0.0,0.5174372218259923,1.0,0.2880049291088286,0.0,0.3008786085310464,0.0,1.0,0100,0.2958567657702116,0.2808135439984969,25,25,1,Mixed votes,current_missense_f1
NC_000017.11:43063357:A:G,BRCA1,0,0.1000150806827637,0.0,0.3713737271178696,0.0,0.2343709250187733,0.0,0.1002840256608001,0.0,0.0,0000,0.2015109396200517,0.1803758473754564,24,25,1,Unanimous B/LB-directed,current_missense_f1
NC_000017.11:43067622:C:T,BRCA1,0,0.0087230941096986,0.0,0.0406138857675266,0.0,0.0778036507332407,0.0,0.0751593674534258,0.0,0.0,0000,0.0505749995159729,0.0368483108812078,24,25,1,Unanimous B/LB-directed,current_missense_f1
NC_000017.11:43067679:A:C,BRCA1,0,0.7777310199737621,1.0,0.6180479538428499,1.0,0.6970428364957764,1.0,0.1961180944803236,0.0,3.0,1110,0.5722349761981781,0.5895587765929063,24,25,1,Mixed votes,current_missense_f1
NC_000017.11:43067690:A:G,BRCA1,0,0.1125122703171887,0.0,0.2600019825027515,0.0,0.2352841045561925,0.0,0.5735597446083588,0.0,0.0,0000,0.2953395254961228,0.2802496131788674,25,25,1,Unanimous B/LB-directed,current_missense_f1
NC_000017.11:43071000:T:A,BRCA1,0,0.0322899238747498,0.0,0.0906202836335054,0.0,0.0188688889031903,0.0,0.01122404347122,0.0,0.0,0000,0.0382507849706664,0.0268036682502595,24,25,1,Unanimous B/LB-directed,current_missense_f1
NC_000017.11:43076514:C:T,BRCA1,0,0.0315303888575827,0.0,0.0003228289593741,0.0,0.0069707037977277,0.0,0.007853878816645,0.0,0.0,0000,0.0116694501078324,0.0069777749753243,24,25,1,Unanimous B/LB-directed,current_missense_f1
NC_000017.11:43079333:C:T,BRCA1,0,,,,,,,,,,,,,2,25,0,,current_missense_f1
NC_000017.11:43079348:T:C,BRCA1,0,,,,,,,,,,,,,2,25,0,,current_missense_f1
NC_000017.11:43091449:T:A,BRCA1,0,0.0379256685959204,0.0,0.0006196867427591,0.0,0.0043888517942634,0.0,0.0070449353645054,0.0,0.0,0000,0.0124947856243621,0.0075380881031186,24,25,1,Unanimous B/LB-directed,current_missense_f1
NC_000017.11:43091519:G:C,BRCA1,0,0.0318867168864829,0.0,0.0204979033904804,0.0,0.011642213343846,0.0,0.0140274961451571,0.0,0.0,0000,0.0195135824414916,0.0124836026617783,24,25,1,Unanimous B/LB-directed,current_missense_f1
NC_000017.11:43091612:C:A,BRCA1,0,0.0242170058639953,0.0,0.0104259636618864,0.0,0.005865662512129,0.0,0.0121752358218267,0.0,0.0,0000,0.0131709669649593,0.0080008816396833,24,25,1,Unanimous B/LB-directed,current_missense_f1
NC_000017.11:43091733:C:G,BRCA1,0,0.0225606545287581,0.0,0.001311358431187,0.0,0.0141912163236001,0.0,0.0165281494379767,0.0,0.0,0000,0.0136478446803805,0.0083292096153763,25,25,1,Unanimous B/LB-directed,current_missense_f1
NC_000017.11:43091863:G:A,BRCA1,0,0.0347225775688844,0.0,0.0806252235969484,0.0,0.0860987087060915,0.0,0.0374628353405775,0.0,0.0,0000,0.0597273363031254,0.0445563611867571,24,25,1,Unanimous B/LB-directed,current_missense_f1
NC_000017.11:43091929:C:T,BRCA1,0,0.0199072934382909,0.0,0.0008719902658203,0.0,0.002534208561403,0.0,0.0059928155656378,0.0,0.0,0000,0.007326576957788,0.0041252502896267,25,25,1,Unanimous B/LB-directed,current_missense_f1
NC_000017.11:43091980:C:T,BRCA1,0,0.0299968309123874,0.0,5.78133652218532e-05,0.0,0.0036341541755836,0.0,0.0091761159220332,0.0,0.0,0000,0.0107162285938065,0.0063372418911607,24,25,1,Unanimous B/LB-directed,current_missense_f1
NC_000017.11:43091988:A:G,BRCA1,0,0.0075386814330554,0.0,0.000563483566006,0.0,0.0045836905600842,0.0,0.0088841886971564,0.0,0.0,0000,0.0053925110640755,0.0029194921448689,24,25,1,Unanimous B/LB-directed,current_missense_f1
NC_000017.11:43092046:C:T,BRCA1,0,0.0317863849926146,0.0,9.580190687015358e-05,0.0,0.0029707538367816,0.0,0.0090496625290335,0.0,0.0,0000,0.0109756508163249,0.0065108387385773,24,25,1,Unanimous B/LB-directed,current_missense_f1
NC_000017.11:43092302:T:A,BRCA1,0,0.224137308694003,0.0,0.4378800067119009,0.0,0.2472073849996146,0.0,0.1988789033233721,0.0,0.0,0000,0.2770259009322227,0.2603628038768587,25,25,1,Unanimous B/LB-directed,current_missense_f1
NC_000017.11:43092400:T:C,BRCA1,0,0.0247629869764009,0.0,1.9981243728988435e-05,0.0,0.0004258449163863,0.0,0.0033846485245003,0.0,0.0,0000,0.0071483654152541,0.0040122062037635,25,25,1,Unanimous B/LB-directed,current_missense_f1
NC_000017.11:43092619:G:T,BRCA1,0,0.0127902211584154,0.0,0.0006787155305952,0.0,0.0041691457388855,0.0,0.0038470918582136,0.0,0.0,0000,0.0053712935715274,0.0029065430289855,24,25,1,Unanimous B/LB-directed,current_missense_f1
NC_000017.11:43093138:G:C,BRCA1,0,0.0145324671304568,0.0,0.0001081314978656,0.0,0.0011755026550974,0.0,0.0077675118358193,0.0,0.0,0000,0.0058959032798098,0.0032286063544002,25,25,1,Unanimous B/LB-directed,current_missense_f1
NC_000017.11:43093447:C:A,BRCA1,0,0.0302102819362207,0.0,0.0326800660384929,0.0,0.0155150205850079,0.0,0.0202852208296025,0.0,0.0,0000,0.024672647347331,0.0162866213099676,25,25,1,Unanimous B/LB-directed,current_missense_f1
NC_000017.11:43093570:T:C,BRCA1,0,0.0336674266550315,0.0,0.0004065853688042,0.0,0.0365421163337533,0.0,0.0235962518164682,0.0,0.0,0000,0.0235530950435143,0.0154509562610992,25,25,1,Unanimous B/LB-directed,current_missense_f1
NC_000017.11:43093633:G:T,BRCA1,0,0.0254843031533115,0.0,0.0425273639116083,0.0,0.0064708545328572,0.0,0.0159494482507866,0.0,0.0,0000,0.0226079924621409,0.014749825585451,24,25,1,Unanimous B/LB-directed,current_missense_f1
NC_000017.11:43093730:G:C,BRCA1,0,0.0121842559341176,0.0,0.000315377822369,0.0,0.0011373164621853,0.0,0.0040701004392455,0.0,0.0,0000,0.0044267626644793,0.0023371626698454,24,25,1,Unanimous B/LB-directed,current_missense_f1
NC_000017.11:43094072:A:T,BRCA1,0,0.0153289794099579,0.0,0.0003188133680569,0.0,0.0069076386852414,0.0,0.0077343782181231,0.0,0.0,0000,0.0075724524203448,0.0042818065874021,24,25,1,Unanimous B/LB-directed,current_missense_f1
NC_000017.11:43094109:A:G,BRCA1,0,0.0125792820474501,0.0,0.0180858661357961,0.0,0.0021177029954445,0.0,0.0042835614281534,0.0,0.0,0000,0.009266603151711,0.0053778332046866,24,25,1,Unanimous B/LB-directed,current_missense_f1
NC_000017.11:43094361:T:C,BRCA1,0,0.0079089262033963,0.0,0.0023645361757116,0.0,0.0111838372862837,0.0,0.0061757801327279,0.0,0.0,0000,0.0069082699495299,0.0038604917321575,24,25,1,Unanimous B/LB-directed,current_missense_f1
NC_000017.11:43094442:T:C,BRCA1,0,0.047528814563807,0.0,0.0001717400773086,0.0,0.0819580062305666,0.0,0.0252042110265216,0.0,0.0,0000,0.038715692974551,0.0271747821850768,25,25,1,Unanimous B/LB-directed,current_missense_f1
NC_000017.11:43094457:A:G,BRCA1,0,0.0415199836201519,0.0,2.4312715373898337e-05,0.0,0.0049518170577833,0.0,0.0041986510644523,0.0,0.0,0000,0.0126736911144404,0.0076602143653783,24,25,1,Unanimous B/LB-directed,current_missense_f1
NC_000017.11:43094529:G:T,BRCA1,0,0.0273105591662894,0.0,0.032849405491786,0.0,0.0009517084587872,0.0,0.0056521469704611,0.0,0.0,0000,0.0166909550218309,0.0104593123415979,24,25,1,Unanimous B/LB-directed,current_missense_f1
NC_000017.11:43094639:C:T,BRCA1,0,0.0047349766049299,0.0,0.0187202838555586,0.0,0.0434535627364543,0.0,0.0093975726259034,0.0,0.0,0000,0.0190765989557116,0.0121674074265291,24,25,1,Unanimous B/LB-directed,current_missense_f1
NC_000017.11:43094691:G:C,BRCA1,0,0.0057042432775013,0.0,0.005943949813502,0.0,0.0461651729883815,0.0,0.0122225970598259,0.0,0.0,0000,0.0175089907848027,0.0110414640734374,25,25,1,Unanimous B/LB-directed,current_missense_f1
NC_000017.11:43094787:G:T,BRCA1,0,0.0791640027157725,0.0,0.5300070481304934,1.0,0.0175687591654139,0.0,0.0357325073923631,0.0,1.0,0100,0.1656180793510107,0.1438231676968754,24,25,1,Mixed votes,current_missense_f1
NC_000017.11:43099810:T:C,BRCA1,0,0.0399603226909081,0.0,0.000787986234757,0.0,0.0053571583194353,0.0,0.024991465481074,0.0,0.0,0000,0.0177742331815436,0.0112310342481867,25,25,1,Unanimous B/LB-directed,current_missense_f1
NC_000017.11:43104165:G:T,BRCA1,0,0.8858550033006221,1.0,0.8905116447880661,1.0,0.8563623931648884,1.0,0.9173708976542826,1.0,4.0,1111,0.8875249847269647,0.913591520903418,24,25,1,Unanimous LP/P-directed,current_missense_f1
NC_000017.11:43104192:T:C,BRCA1,0,0.0206096125323646,0.0,0.0062025669047784,0.0,0.0048376883769636,0.0,0.0084209011485932,0.0,0.0,0000,0.010017692240675,0.005872618501708,24,25,1,Unanimous B/LB-directed,current_missense_f1
NC_000017.11:43104257:G:C,BRCA1,0,0.0140286662041608,0.0,0.0160393557446353,0.0,0.0323051775667902,0.0,0.008751338404324,0.0,0.0,0000,0.0177811344799776,0.0112359718607507,25,25,1,Unanimous B/LB-directed,current_missense_f1
NC_000017.11:58692681:T:A,RAD51C,0,0.0739042372879961,0.0,0.0505825042740653,0.0,0.002753527650992,0.0,0.0081145843562429,0.0,0.0,0000,0.0338387133923241,0.023315508254588,24,25,1,Unanimous B/LB-directed,current_missense_f1
NC_000017.11:58696786:G:A,RAD51C,0,0.0090174097695872,0.0,0.0037450778271826,0.0,0.0549897095639745,0.0,0.0302211166453273,0.0,0.0,0000,0.0244933284515179,0.0161524070144418,25,25,1,Unanimous B/LB-directed,current_missense_f1
NC_000017.11:61683543:T:C,BRIP1,0,0.0504324459698311,0.0,0.0468675406718582,0.0,0.003352581862759,0.0,0.0136797843134191,0.0,0.0,0000,0.0285830882044668,0.0192464166361535,23,25,1,Unanimous B/LB-directed,current_missense_f1
NC_000017.11:61685985:A:T,BRIP1,0,0.0422507769535029,0.0,0.0021306027470766,0.0,0.0029955671009658,0.0,0.0173895194374572,0.0,0.0,0000,0.0161916165597506,0.0101058644854512,22,25,1,Unanimous B/LB-directed,current_missense_f1
NC_000017.11:61857138:T:C,BRIP1,0,0.0513547498112661,0.0,0.0051940849750514,0.0,0.0018955336320808,0.0,0.0078218158478181,0.0,0.0,0000,0.0165665460665541,0.0103711146220656,24,25,1,Unanimous B/LB-directed,current_missense_f1
NC_000019.10:1223123:T:C,STK11,0,0.0145778941320558,0.0,0.0079689741709548,0.0,0.0224851879226175,0.0,0.0063383350003718,0.0,0.0,0000,0.0128425978065,0.0077757283368422,25,25,1,Unanimous B/LB-directed,current_missense_f1
NC_000019.10:1226549:C:A,STK11,0,0.0074201740592171,0.0,0.0013851406850636,0.0,0.005681935233979,0.0,0.0061098361028209,0.0,0.0,0000,0.0051492715202701,0.0027714440998148,24,25,1,Unanimous B/LB-directed,current_missense_f1
NC_000002.12:214780802:T:C,BARD1,0,0.0330033940898387,0.0,7.648352289512097e-05,0.0,0.0003548060178849,0.0,0.0107421419016981,0.0,0.0,0000,0.0110442063830792,0.0065568059900625,24,25,1,Unanimous B/LB-directed,current_missense_f1
NC_000002.12:214780999:T:C,BARD1,0,0.0381026657657792,0.0,0.0015575594705931,0.0,0.0003687316419093,0.0,0.0038522855964136,0.0,0.0,0000,0.0109703106186738,0.0065072596845405,24,25,1,Unanimous B/LB-directed,current_missense_f1
NC_000002.12:214809499:GC:AT,BARD1,0,,,,,,,,,,,,,0,25,0,,current_missense_f1
NC_000008.11:89943290:T:C,NBN,0,0.0088261932623702,0.0,0.0004220883358278,0.0,0.0156922755837354,0.0,0.0165363161703911,0.0,0.0,0000,0.0103692183380811,0.0061059109373025,24,25,1,Unanimous B/LB-directed,current_missense_f1
NC_000008.11:89953323:C:T,NBN,0,0.0459482873157445,0.0,0.0001037641879573,0.0,0.000658245904944,0.0,0.0077965386145021,0.0,0.0,0000,0.013626709005787,0.0083146245591058,24,25,1,Unanimous B/LB-directed,current_missense_f1
NC_000008.11:89982788:ATC:GTT,NBN,0,,,,,,,,,,,,,0,25,0,,current_missense_f1
NC_000009.12:95111576:C:A,FANCC,0,0.0484505556664357,0.0,0.0001307066050845,0.0,0.0003139155266338,0.0,0.0038753358840131,0.0,0.0,0000,0.0131926284205418,0.0080157611132289,25,25,1,Unanimous B/LB-directed,current_missense_f1
NC_000009.12:95125150:T:C,FANCC,0,0.027867301709526,0.0,0.0003493609069439,0.0,8.227113387434959e-05,0.0,0.009047495822713,0.0,0.0,0000,0.0093366073932643,0.0054237309568327,25,25,1,Unanimous B/LB-directed,current_missense_f1
NC_000009.12:95101722:A:G,FANCC,1,0.7634703809606054,1.0,0.6365591237187201,0.0,0.7175912590527246,1.0,0.7885103649432748,1.0,3.0,1011,0.7265327821688312,0.7621980212526055,24,25,1,Mixed votes,current_missense_f2
NC_000010.11:87894048:T:G,PTEN,1,0.9999854098441116,1.0,0.9998509005331576,1.0,0.9999998938108668,1.0,0.9899829194728303,1.0,4.0,1111,0.9974547809152416,0.99896018545976,25,25,1,Unanimous LP/P-directed,current_missense_f2
NC_000010.11:87933072:G:A,PTEN,1,0.9998856862028532,1.0,0.9984359165192784,1.0,0.9999998938108668,1.0,0.9899829194728303,1.0,4.0,1111,0.9970761040014572,0.9987814160559816,25,25,1,Unanimous LP/P-directed,current_missense_f2
NC_000010.11:87933147:G:A,PTEN,1,0.9998203931830616,1.0,0.998134216818801,1.0,0.9999998938108668,1.0,0.9899829194728303,1.0,4.0,1111,0.99698435582139,0.9987375759122268,25,25,1,Unanimous LP/P-directed,current_missense_f2
NC_000010.11:87952124:C:A,PTEN,1,0.9987143731347328,1.0,0.9950989776246972,1.0,0.9905594006810292,1.0,0.9899829194728303,1.0,4.0,1111,0.9935889177283224,0.9970063591337956,25,25,1,Unanimous LP/P-directed,current_missense_f2
NC_000010.11:87957954:C:T,PTEN,1,0.9900133303354978,1.0,0.9728902605704204,1.0,0.9848108136086886,1.0,0.9899829194728303,1.0,4.0,1111,0.9844243309968594,0.9917066430618062,25,25,1,Unanimous LP/P-directed,current_missense_f2
NC_000011.10:108289758:T:C,ATM,1,0.9748298454190296,1.0,0.966452814764836,1.0,0.9755147005805476,1.0,0.9756978775567138,1.0,4.0,1111,0.9731238095802818,0.9844466568654576,25,25,1,Unanimous LP/P-directed,current_missense_f2
NC_000011.10:108325415:C:T,ATM,1,0.9944904629377213,1.0,0.9738111208882048,1.0,0.9817920350786864,1.0,0.9899829194728303,1.0,4.0,1111,0.9850191345943606,0.9920698897767416,25,25,1,Unanimous LP/P-directed,current_missense_f2
NC_000011.10:108330313:T:G,ATM,1,0.9989164129351288,1.0,0.990689738755956,1.0,0.9932570952944804,1.0,0.9899829194728303,1.0,4.0,1111,0.993211541614599,0.9968035623096108,25,25,1,Unanimous LP/P-directed,current_missense_f2
NC_000011.10:108335062:T:G,ATM,1,0.9961855023287084,1.0,0.9803981867385664,1.0,0.9999998938108668,1.0,0.9899829194728303,1.0,4.0,1111,0.9916416255877432,0.9959425436822898,25,25,1,Unanimous LP/P-directed,current_missense_f2
NC_000011.10:108345817:C:T,ATM,1,0.9923608054935052,1.0,0.9363287141936406,1.0,0.9655897547435272,1.0,0.989281693537152,1.0,4.0,1111,0.9708902419919562,0.982943376533251,25,25,1,Unanimous LP/P-directed,current_missense_f2
NC_000011.10:108345888:T:G,ATM,1,0.999927614522792,1.0,0.9999933449291216,1.0,0.9999998938108668,1.0,0.9899829194728303,1.0,4.0,1111,0.9974759431839028,0.9989700674082638,25,25,1,Unanimous LP/P-directed,current_missense_f2
NC_000013.11:32363264:T:C,BRCA2,1,0.9836803174438722,1.0,0.9432060081591904,1.0,0.9848108136086886,1.0,0.9899829194728303,1.0,4.0,1111,0.9754200146711454,0.9859707678133304,22,25,1,Unanimous LP/P-directed,current_missense_f2
NC_000015.10:90794253:G:T,BLM,1,0.9968812540811144,1.0,0.9795464380017816,1.0,0.9905594006810292,1.0,0.9899829194728303,1.0,4.0,1111,0.9892425030591888,0.9945798770637648,25,25,1,Unanimous LP/P-directed,current_missense_f2
NC_000016.10:89740014:G:A,FANCA,1,0.3572246818900535,0.0,0.2920593662375262,0.0,0.4953438180814295,0.0,0.8755167916305453,1.0,1.0,0001,0.5050361644598886,0.5179787348551879,25,25,1,Mixed votes,current_missense_f2
NC_000016.10:89746847:T:C,FANCA,1,0.9456499090679638,1.0,0.721620215818988,1.0,0.8228867749936535,1.0,0.9899829194728303,1.0,4.0,1111,0.870034954838359,0.9020439396210564,25,25,1,Unanimous LP/P-directed,current_missense_f2
NC_000017.11:7673765:T:A,TP53,1,0.9970567284655668,1.0,0.9860577516521802,1.0,0.9999998938108668,1.0,0.9899829194728303,1.0,4.0,1111,0.9932743233503613,0.9968374196535588,25,25,1,Unanimous LP/P-directed,current_missense_f2
NC_000017.11:7673777:T:C,TP53,1,0.9986854886137448,1.0,0.991010175677142,1.0,0.9999998938108668,1.0,0.9899829194728303,1.0,4.0,1111,0.994919619393646,0.9977066985943622,25,25,1,Unanimous LP/P-directed,current_missense_f2
NC_000017.11:7673802:G:A,TP53,1,0.9993887575951884,1.0,0.9944883629924846,1.0,0.9999998938108668,1.0,0.9899829194728303,1.0,4.0,1111,0.9959649834678426,0.9982383653724852,25,25,1,Unanimous LP/P-directed,current_missense_f2
NC_000017.11:7673820:G:A,TP53,1,0.999010356546429,1.0,0.9947141931799316,1.0,0.9999998938108668,1.0,0.9899829194728303,1.0,4.0,1111,0.9959268407525146,0.9982192919046096,25,25,1,Unanimous LP/P-directed,current_missense_f2
NC_000017.11:7673825:A:G,TP53,1,0.9987245136191608,1.0,0.9940582697727032,1.0,0.9999998938108668,1.0,0.9899829194728303,1.0,4.0,1111,0.9956913991688904,0.998100985353175,25,25,1,Unanimous LP/P-directed,current_missense_f2
NC_000017.11:7674211:T:G,TP53,1,0.983903494422086,1.0,0.9378025136011928,1.0,0.9621628675099227,1.0,0.9899829194728303,1.0,4.0,1111,0.968462948751508,0.9812878685759872,25,25,1,Unanimous LP/P-directed,current_missense_f2
NC_000017.11:7674219:C:T,TP53,1,0.9961342572985296,1.0,0.9816367787041256,1.0,0.9999998938108668,1.0,0.9899829194728303,1.0,4.0,1111,0.991938462321588,0.9961073643484832,25,25,1,Unanimous LP/P-directed,current_missense_f2
NC_000017.11:7674267:A:G,TP53,1,0.974633572300308,1.0,0.911741633771554,1.0,0.9877376237998956,1.0,0.9899829194728303,1.0,4.0,1111,0.966023937336147,0.9796027038296644,25,25,1,Unanimous LP/P-directed,current_missense_f2
NC_000017.11:7674892:C:T,TP53,1,0.9941754955479402,1.0,0.9836001152414764,1.0,0.9848108136086886,1.0,0.9899829194728303,1.0,4.0,1111,0.988142335967734,0.9939386032472732,25,25,1,Unanimous LP/P-directed,current_missense_f2
NC_000017.11:7675087:C:A,TP53,1,0.9966617382308536,1.0,0.982673623967597,1.0,0.9999998938108668,1.0,0.9899829194728303,1.0,4.0,1111,0.9923295438705372,0.9963231205644544,25,25,1,Unanimous LP/P-directed,current_missense_f2
NC_000017.11:7675094:C:T,TP53,1,0.9878118004881472,1.0,0.9628325006883868,1.0,0.9999998938108668,1.0,0.9899829194728303,1.0,4.0,1111,0.985156778615058,0.9921536315451854,25,25,1,Unanimous LP/P-directed,current_missense_f2
NC_000017.11:7675142:C:A,TP53,1,0.9867411569680672,1.0,0.9817976562196198,1.0,0.9905594006810292,1.0,0.9899829194728303,1.0,4.0,1111,0.9872702833353866,0.9934237120566544,25,25,1,Unanimous LP/P-directed,current_missense_f2
NC_000017.11:7675198:G:A,TP53,1,0.9811771300008848,1.0,0.9201759806503034,1.0,0.9174069993674768,1.0,0.9207511431450726,1.0,4.0,1111,0.9348778132909344,0.9565340508809148,25,25,1,Unanimous LP/P-directed,current_missense_f2
NC_000017.11:7675994:G:T,TP53,1,0.9960723417943704,1.0,0.9714130388509078,1.0,0.998126759349127,1.0,0.9899829194728303,1.0,4.0,1111,0.988898764866809,0.9943805484048704,25,25,1,Unanimous LP/P-directed,current_missense_f2
NC_000017.11:7676039:C:G,TP53,1,0.980325202956222,1.0,0.9819895767555576,1.0,0.836516585013459,1.0,0.9899829194728303,1.0,4.0,1111,0.9472035710495172,0.9659705799942198,25,25,1,Unanimous LP/P-directed,current_missense_f2
NC_000017.11:43051070:A:C,BRCA1,1,0.9943772914893464,1.0,0.9833606789127386,1.0,0.998126759349127,1.0,0.9899829194728303,1.0,4.0,1111,0.9914619123060108,0.995842325159334,25,25,1,Unanimous LP/P-directed,current_missense_f2
NC_000017.11:43057082:G:C,BRCA1,1,0.997344947966326,1.0,0.9936683392724888,1.0,0.9999998938108668,1.0,0.9899829194728303,1.0,4.0,1111,0.995249025130628,0.997876150419894,25,25,1,Unanimous LP/P-directed,current_missense_f2
NC_000017.11:43057112:T:C,BRCA1,1,0.9969882066308676,1.0,0.9928168647686564,1.0,0.9999998938108668,1.0,0.9899829194728303,1.0,4.0,1111,0.9949469711708052,0.997720832093784,25,25,1,Unanimous LP/P-directed,current_missense_f2
NC_000017.11:43063882:T:G,BRCA1,1,0.9761260123471382,1.0,0.966639683261516,1.0,0.9957998372287123,1.0,0.9899829194728303,1.0,4.0,1111,0.9821371130775494,0.990290061936517,25,25,1,Unanimous LP/P-directed,current_missense_f2
NC_000017.11:43063908:C:T,BRCA1,1,0.9966388806595612,1.0,0.981761699974962,1.0,0.9999998938108668,1.0,0.9899829194728303,1.0,4.0,1111,0.992095848479555,0.9961943864511276,25,25,1,Unanimous LP/P-directed,current_missense_f2
NC_000017.11:43067609:G:A,BRCA1,1,0.9997477653321774,1.0,0.9993749800112728,1.0,0.998126759349127,1.0,0.9899829194728303,1.0,4.0,1111,0.996808106041352,0.9986528163920004,25,25,1,Unanimous LP/P-directed,current_missense_f2
NC_000017.11:43082528:A:G,BRCA1,1,0.6985507239057168,1.0,0.9250287143719088,1.0,0.6570878185397958,1.0,0.7342846188692966,1.0,4.0,1111,0.7537379689216794,0.7902463930669419,25,25,1,Unanimous LP/P-directed,current_missense_f2
NC_000017.11:43106455:C:T,BRCA1,1,0.9992079138949408,1.0,0.9987822470019644,1.0,0.9367898308605038,1.0,0.9899829194728303,1.0,4.0,1111,0.9811907278075598,0.9896952568978302,24,25,1,Unanimous LP/P-directed,current_missense_f2
NC_000017.11:43124031:A:G,BRCA1,1,0.99330239750769,1.0,0.9883877655611284,1.0,0.998126759349127,1.0,0.9899829194728303,1.0,4.0,1111,0.992449960472694,0.9963892252247766,25,25,1,Unanimous LP/P-directed,current_missense_f2
NC_000019.10:1207057:T:G,STK11,1,0.9998586781444808,1.0,0.9977806243062628,1.0,0.998126759349127,1.0,0.9899829194728303,1.0,4.0,1111,0.9964372453181752,0.9984722654696996,25,25,1,Unanimous LP/P-directed,current_missense_f2
NC_000019.10:1207112:T:C,STK11,1,0.9999352321085164,1.0,0.9993931672161264,1.0,0.9999998938108668,1.0,0.9899829194728303,1.0,4.0,1111,0.9973278031520852,0.9989006442032436,25,25,1,Unanimous LP/P-directed,current_missense_f2
NC_000022.11:28734672:C:A,CHEK2,1,0.0200615416920601,0.0,0.0043199108889098,0.0,0.0862379957812078,0.0,0.0227831617518622,0.0,0.0,0000,0.03335065252851,0.0219709210489998,23,25,1,Unanimous B/LB-directed,current_missense_f2
NC_000010.11:87864505:A:C,PTEN,1,0.997539885513564,1.0,0.9896383666665785,1.0,0.9957998372287123,1.0,0.9885584479012874,1.0,4.0,1111,0.9928841343275356,0.996626245798944,25,25,1,Unanimous LP/P-directed,current_missense_f2
NC_000010.11:87864505:A:G,PTEN,1,0.9993451374943472,1.0,0.9957718098478128,1.0,0.9999998938108668,1.0,0.9899829194728303,1.0,4.0,1111,0.9962749401564645,0.9983923624691724,25,25,1,Unanimous LP/P-directed,current_missense_f2
NC_000010.11:87864512:G:A,PTEN,1,0.9980626018381212,1.0,0.9933389593930968,1.0,0.9755147005805476,1.0,0.9898730106557472,1.0,4.0,1111,0.9891973181168784,0.994553729877086,25,25,1,Unanimous LP/P-directed,current_missense_f2
NC_000010.11:87864512:G:C,PTEN,1,0.9996155442790908,1.0,0.9965555031298932,1.0,0.9999998938108668,1.0,0.9899829194728303,1.0,4.0,1111,0.9965384651731704,0.998521828899994,25,25,1,Unanimous LP/P-directed,current_missense_f2
NC_000010.11:87864533:A:G,PTEN,1,0.9991021708955128,1.0,0.99595373925419,1.0,0.9999998938108668,1.0,0.9899829194728303,1.0,4.0,1111,0.99625968085835,0.9983848237297444,25,25,1,Unanimous LP/P-directed,current_missense_f2
NC_000010.11:87864539:A:T,PTEN,1,0.9998860136310884,1.0,0.9987865508297918,1.0,0.9999998938108668,1.0,0.9899829194728303,1.0,4.0,1111,0.9971638444361444,0.9988231544547768,25,25,1,Unanimous LP/P-directed,current_missense_f2
NC_000010.11:87864545:C:T,PTEN,1,0.9994559642679768,1.0,0.9964332624743604,1.0,0.9999998938108668,1.0,0.9899829194728303,1.0,4.0,1111,0.9964680100065086,0.9984873517811964,25,25,1,Unanimous LP/P-directed,current_missense_f2
NC_000010.11:87864547:T:A,PTEN,1,0.9997559841246824,1.0,0.9980043888079456,1.0,0.9999998938108668,1.0,0.9899829194728303,1.0,4.0,1111,0.9969357965540812,0.998714293710349,24,25,1,Unanimous LP/P-directed,current_missense_f2
NC_000010.11:87894035:A:G,PTEN,1,0.9999265878895696,1.0,0.9995308842742656,1.0,0.9817920350786864,1.0,0.9899829194728303,1.0,4.0,1111,0.992808106678838,0.9965848940237784,25,25,1,Unanimous LP/P-directed,current_missense_f2
NC_000010.11:87894080:T:C,PTEN,1,0.9990695143652548,1.0,0.9933339564205272,1.0,0.9999998938108668,1.0,0.9899829194728303,1.0,4.0,1111,0.9955965710173698,0.9980530635004182,25,25,1,Unanimous LP/P-directed,current_missense_f2
NC_000010.11:87894084:G:A,PTEN,1,0.9998260753331004,1.0,0.9983627109095397,1.0,0.9999998938108668,1.0,0.9899829194728303,1.0,4.0,1111,0.9970428998815845,0.9987655728755582,25,25,1,Unanimous LP/P-directed,current_missense_f2
NC_000010.11:87894088:C:G,PTEN,1,0.9999454932582448,1.0,0.9994016898249084,1.0,0.9999998938108668,1.0,0.9899829194728303,1.0,4.0,1111,0.9973324990917124,0.9989028536245356,25,25,1,Unanimous LP/P-directed,current_missense_f2
NC_000010.11:87933045:C:G,PTEN,1,0.9998331923837488,1.0,0.998335510714641,1.0,0.9999998938108668,1.0,0.9899829194728303,1.0,4.0,1111,0.997037879095522,0.9987631749717522,25,25,1,Unanimous LP/P-directed,current_missense_f2
NC_000010.11:87933051:T:G,PTEN,1,0.9986545878178772,1.0,0.9930370462859682,1.0,0.9999998938108668,1.0,0.9899829194728303,1.0,4.0,1111,0.9954186118468856,0.997962722964264,25,25,1,Unanimous LP/P-directed,current_missense_f2
NC_000010.11:87933127:C:G,PTEN,1,0.9997715839550192,1.0,0.9983720276213152,1.0,0.9999998938108668,1.0,0.9899829194728303,1.0,4.0,1111,0.997031606215008,0.9987601782424962,25,25,1,Unanimous LP/P-directed,current_missense_f2
NC_000010.11:87933128:T:G,PTEN,1,0.9999700032826992,1.0,0.9998185269724146,1.0,0.998126759349127,1.0,0.9899829194728303,1.0,4.0,1111,0.996974552269268,0.9987328798741004,25,25,1,Unanimous LP/P-directed,current_missense_f2
NC_000010.11:87933134:G:A,PTEN,1,0.9997582619777158,1.0,0.9971931062595792,1.0,0.9999998938108668,1.0,0.9899829194728303,1.0,4.0,1111,0.9967335453802482,0.9986167516957376,25,25,1,Unanimous LP/P-directed,current_missense_f2
NC_000010.11:87933134:G:C,PTEN,1,0.9998054186943792,1.0,0.9977459736021504,1.0,0.9999998938108668,1.0,0.9899829194728303,1.0,4.0,1111,0.9968835513950568,0.998689184223148,25,25,1,Unanimous LP/P-directed,current_missense_f2
NC_000010.11:87933137:G:C,PTEN,1,0.9996602560699984,1.0,0.997963086528104,1.0,0.9999998938108668,1.0,0.9899829194728303,1.0,4.0,1111,0.99690153897045,0.998697836185242,25,25,1,Unanimous LP/P-directed,current_missense_f2
NC_000010.11:87933146:C:G,PTEN,1,0.9998234040058576,1.0,0.9980737783976186,1.0,0.9999998938108668,1.0,0.9899829194728303,1.0,4.0,1111,0.9969699989217932,0.998730698003283,25,25,1,Unanimous LP/P-directed,current_missense_f2
NC_000010.11:87933168:C:A,PTEN,1,0.9996576879425956,1.0,0.9970949532488516,1.0,0.9999998938108668,1.0,0.9899829194728303,1.0,4.0,1111,0.996683863618786,0.9985926539231124,25,25,1,Unanimous LP/P-directed,current_missense_f2
NC_000010.11:87933180:A:C,PTEN,1,0.9996070178626928,1.0,0.9961690287536432,1.0,0.9999998938108668,1.0,0.9899829194728303,1.0,4.0,1111,0.9964397149750084,0.9984734772389188,25,25,1,Unanimous LP/P-directed,current_missense_f2
NC_000010.11:87933221:T:A,PTEN,1,0.9996932637560882,1.0,0.9970012573522362,1.0,0.9999998938108668,1.0,0.9899829194728303,1.0,4.0,1111,0.9966693335980056,0.9985855962492814,25,25,1,Unanimous LP/P-directed,current_missense_f2
NC_000010.11:87933221:T:C,PTEN,1,0.9997532195910844,1.0,0.9967865157702048,1.0,0.9999998938108668,1.0,0.9899829194728303,1.0,4.0,1111,0.9966306371612466,0.9985667783362464,25,25,1,Unanimous LP/P-directed,current_missense_f2
NC_000010.11:87933244:C:G,PTEN,1,0.9988414548984044,1.0,0.9984122085119757,1.0,0.9957998372287123,1.0,0.9899829194728303,1.0,4.0,1111,0.9957591050279808,0.9981351063424698,25,25,1,Unanimous LP/P-directed,current_missense_f2
NC_000010.11:87952133:G:A,PTEN,1,0.9994756827296712,1.0,0.9967584052006307,1.0,0.998126759349127,1.0,0.9899829194728303,1.0,4.0,1111,0.996085941688065,0.9982986754571478,25,25,1,Unanimous LP/P-directed,current_missense_f2
NC_000010.11:87952144:T:C,PTEN,1,0.9995116011356002,1.0,0.9962049165419378,1.0,0.9999998938108668,1.0,0.9899829194728303,1.0,4.0,1111,0.9964248327403088,0.998466173219536,25,25,1,Unanimous LP/P-directed,current_missense_f2
NC_000010.11:87952166:T:C,PTEN,1,0.9995464020968504,1.0,0.9968024680994244,1.0,0.9999998938108668,1.0,0.9899829194728303,1.0,4.0,1111,0.996582920869993,0.9985435306776262,25,25,1,Unanimous LP/P-directed,current_missense_f2
NC_000010.11:87952217:T:A,PTEN,1,0.9923064863635797,1.0,0.9831161422483896,1.0,0.9905594006810292,1.0,0.9899829194728303,1.0,4.0,1111,0.9889912371914572,0.9944342658005432,25,25,1,Unanimous LP/P-directed,current_missense_f2
NC_000010.11:87957878:A:G,PTEN,1,0.9621057481151096,1.0,0.9299519645680926,1.0,0.9442663948945832,1.0,0.987049953640072,1.0,4.0,1111,0.9558435153044644,0.9723570629927548,25,25,1,Unanimous LP/P-directed,current_missense_f2
NC_000010.11:87957957:T:C,PTEN,1,0.9915648586771222,1.0,0.9655719449366262,1.0,0.9957998372287123,1.0,0.9899829194728303,1.0,4.0,1111,0.985729890078823,0.9925009971610548,25,25,1,Unanimous LP/P-directed,current_missense_f2
NC_000010.11:87957969:G:T,PTEN,1,0.9997866402035512,1.0,0.9975441236234868,1.0,0.9999998938108668,1.0,0.9899829194728303,1.0,4.0,1111,0.996828394277684,0.9986626086153368,25,25,1,Unanimous LP/P-directed,current_missense_f2
NC_000010.11:87957972:A:T,PTEN,1,0.9998134690007277,1.0,0.9977621957663128,1.0,0.9999998938108668,1.0,0.9899829194728303,1.0,4.0,1111,0.9968896195126844,0.9986921037820888,25,25,1,Unanimous LP/P-directed,current_missense_f2
NC_000010.11:87960920:A:G,PTEN,1,0.9993988091638464,1.0,0.9951143465136396,1.0,0.9999998938108668,1.0,0.9899829194728303,1.0,4.0,1111,0.9961239922402958,0.9983175915576938,25,25,1,Unanimous LP/P-directed,current_missense_f2
NC_000010.11:87960921:C:G,PTEN,1,0.999874956006633,1.0,0.998364704119078,1.0,0.9999998938108668,1.0,0.9899829194728303,1.0,4.0,1111,0.997055618352352,0.9987716445048184,25,25,1,Unanimous LP/P-directed,current_missense_f2
NC_000010.11:87961067:G:A,PTEN,1,0.9993680681285152,1.0,0.9956149769180664,1.0,0.9999998938108668,1.0,0.9899829194728303,1.0,4.0,1111,0.9962414645825696,0.9983758182250828,25,25,1,Unanimous LP/P-directed,current_missense_f2
NC_000010.11:87961117:G:T,PTEN,1,0.9992183462248948,1.0,0.9962970644529038,1.0,0.94054915281469,1.0,0.9899829194728303,1.0,4.0,1111,0.9815118707413296,0.9898976409286618,25,25,1,Unanimous LP/P-directed,current_missense_f2
NC_000011.10:108229323:G:A,ATM,1,,,,,,,,,,,,,2,25,0,,current_missense_f2
NC_000011.10:108272815:A:G,ATM,1,0.3672435347412317,0.0,0.6357491827028581,0.0,0.6875548264319251,1.0,0.2652738882626939,0.0,1.0,0010,0.4889553580346772,0.4996203351696369,25,25,1,Mixed votes,current_missense_f2
NC_000011.10:108301778:C:T,ATM,1,0.6272324993798176,0.0,0.6060861391659484,0.0,0.7519969671976571,1.0,0.8208056226277777,1.0,2.0,0011,0.7015303070928003,0.7359199185136219,25,25,1,Mixed votes,current_missense_f2
NC_000011.10:108316029:G:A,ATM,1,0.9826053947323576,1.0,0.9650755740849668,1.0,0.841014040614932,1.0,0.982199857594064,1.0,4.0,1111,0.94272371675658,0.9625827414157188,25,25,1,Unanimous LP/P-directed,current_missense_f2
NC_000011.10:108330260:T:C,ATM,1,0.9494278885878966,1.0,0.9288718073557104,1.0,0.9655897547435272,1.0,0.9878357174824216,1.0,4.0,1111,0.957931292042389,0.9738690595497228,25,25,1,Unanimous LP/P-directed,current_missense_f2
NC_000011.10:108335079:G:A,ATM,1,0.8345939295665447,1.0,0.8476093006320716,1.0,0.8090599032960667,1.0,0.968297966141742,1.0,4.0,1111,0.8648902749091063,0.8974344499836696,25,25,1,Unanimous LP/P-directed,current_missense_f2
NC_000011.10:108345808:C:T,ATM,1,0.9863822582299648,1.0,0.93741287673035,1.0,0.9586820198169088,1.0,0.982556410315577,1.0,4.0,1111,0.9662583912732,0.9797656043952117,25,25,1,Unanimous LP/P-directed,current_missense_f2
NC_000011.10:108345818:G:T,ATM,1,0.9925180644884533,1.0,0.9706455745847572,1.0,0.9877376237998956,1.0,0.989447216688398,1.0,4.0,1111,0.985087119890376,0.9921112666905246,25,25,1,Unanimous LP/P-directed,current_missense_f2
NC_000011.10:108345888:TG:AA,ATM,1,,,,,,,,,,,,,0,25,0,,current_missense_f2
NC_000013.11:32326612:G:C,BRCA2,1,0.9951704587618996,1.0,0.9781687868172244,1.0,0.9877376237998956,1.0,0.9892816323179964,1.0,4.0,1111,0.987589625424254,0.9936129144514506,22,25,1,Unanimous LP/P-directed,current_missense_f2
NC_000013.11:32357909:G:C,BRCA2,1,0.9821510398857096,1.0,0.9244539322373554,1.0,0.9905594006810292,1.0,0.9899829194728303,1.0,4.0,1111,0.971786823069231,0.9835491903211242,22,25,1,Unanimous LP/P-directed,current_missense_f2
NC_000013.11:32362523:G:C,BRCA2,1,0.9839080167922986,1.0,0.9485456520560992,1.0,0.9722693861658251,1.0,0.9830617886793728,1.0,4.0,1111,0.971946210923399,0.9836565569986896,22,25,1,Unanimous LP/P-directed,current_missense_f2
NC_000013.11:32362573:G:C,BRCA2,1,0.9982505882524028,1.0,0.9890989263897716,1.0,0.9999998938108668,1.0,0.9899829194728303,1.0,4.0,1111,0.994333081981468,0.9974009891837896,22,25,1,Unanimous LP/P-directed,current_missense_f2
NC_000013.11:32362595:A:T,BRCA2,1,0.9815549762126554,1.0,0.93733070935455,1.0,0.9174069993674768,1.0,0.9865993715339266,1.0,4.0,1111,0.9557230141171524,0.972269407159274,22,25,1,Unanimous LP/P-directed,current_missense_f2
NC_000013.11:32362604:A:C,BRCA2,1,0.910462362299423,1.0,0.8479339214193444,1.0,0.9174069993674768,1.0,0.9232591508178282,1.0,4.0,1111,0.8997656084760182,0.927918662292455,22,25,1,Unanimous LP/P-directed,current_missense_f2
NC_000013.11:32362692:G:A,BRCA2,1,0.9996953292818984,1.0,0.999561738053776,1.0,0.9174069993674768,1.0,0.9899829194728303,1.0,4.0,1111,0.9766617465439956,0.9867854609807304,22,25,1,Unanimous LP/P-directed,current_missense_f2
NC_000013.11:32363188:G:A,BRCA2,1,0.9921710175985504,1.0,0.9635281029384392,1.0,0.9722693861658251,1.0,0.9899829194728303,1.0,4.0,1111,0.9794878565439114,0.9886130755183784,22,25,1,Unanimous LP/P-directed,current_missense_f2
NC_000013.11:32363365:A:G,BRCA2,1,0.8211505900950012,1.0,0.7785433972948659,1.0,0.9515684547768524,1.0,0.9474468192352083,1.0,4.0,1111,0.874677315350482,0.90617144364243,22,25,1,Unanimous LP/P-directed,current_missense_f2
NC_000013.11:32363366:C:A,BRCA2,1,0.9789484970460748,1.0,0.946980421869224,1.0,0.9957998372287123,1.0,0.9899829194728303,1.0,4.0,1111,0.9779279189042104,0.9876089735637246,22,25,1,Unanimous LP/P-directed,current_missense_f2
NC_000013.11:32363366:C:G,BRCA2,1,0.9823361594970024,1.0,0.9583763614688796,1.0,0.998126759349127,1.0,0.9899829194728303,1.0,4.0,1111,0.98220554994696,0.9903328842999248,22,25,1,Unanimous LP/P-directed,current_missense_f2
NC_000013.11:32363369:A:C,BRCA2,1,0.985805048449758,1.0,0.9510828689433848,1.0,0.9999998938108668,1.0,0.9899829194728303,1.0,4.0,1111,0.98171768266921,0.9900270507459372,22,25,1,Unanimous LP/P-directed,current_missense_f2
NC_000013.11:32363369:A:G,BRCA2,1,0.998064937729302,1.0,0.9903516820359324,1.0,0.998126759349127,1.0,0.9899829194728303,1.0,4.0,1111,0.994131574646798,0.997294849137764,22,25,1,Unanimous LP/P-directed,current_missense_f2
NC_000013.11:32363375:G:T,BRCA2,1,0.9706764913384364,1.0,0.9181192188321012,1.0,0.9848108136086886,1.0,0.9884060502724952,1.0,4.0,1111,0.9655031435129304,0.9792401728212532,22,25,1,Unanimous LP/P-directed,current_missense_f2
NC_000013.11:32380043:G:T,BRCA2,1,0.9297589275820513,1.0,0.9111530676662248,1.0,0.9479400474053552,1.0,0.8800916743021133,1.0,4.0,1111,0.9172359292389362,0.9424494149658952,22,25,1,Unanimous LP/P-directed,current_missense_f2
NC_000013.11:32394716:C:G,BRCA2,1,0.972882476194413,1.0,0.9661061886765236,1.0,0.9999998938108668,1.0,0.9847081493544866,1.0,4.0,1111,0.9809241770090724,0.98952685850926,22,25,1,Unanimous LP/P-directed,current_missense_f2
NC_000016.10:23607863:C:T,PALB2,1,0.1341660062402999,0.0,0.1091890525811689,0.0,0.3668361182388485,0.0,0.1246014271909313,0.0,0.0,0000,0.1836981510628122,0.1605277184803079,23,25,1,Unanimous B/LB-directed,current_missense_f2
NC_000016.10:68810340:G:A,CDH1,1,0.9999243834313896,1.0,0.999855439463046,1.0,0.9817920350786864,1.0,0.9899829194728303,1.0,4.0,1111,0.992888694361488,0.9966287239283642,24,25,1,Unanimous LP/P-directed,current_missense_f2
NC_000016.10:68813494:G:T,CDH1,1,0.9991856026146676,1.0,0.9959885200862064,1.0,0.8718065518774446,1.0,0.9899829194728303,1.0,4.0,1111,0.9642408985127872,0.9783576760115406,25,25,1,Unanimous LP/P-directed,current_missense_f2
NC_000016.10:68822054:A:T,CDH1,1,0.9951657479929028,1.0,0.970952757765388,1.0,0.9252727090010672,1.0,0.9899829194728303,1.0,4.0,1111,0.9703435335580473,0.9825724399966588,25,25,1,Unanimous LP/P-directed,current_missense_f2
NC_000016.10:89738946:C:G,FANCA,1,0.9979323613638484,1.0,0.9943711118860926,1.0,0.9515684547768524,1.0,0.9899829194728303,1.0,4.0,1111,0.983463711874906,0.9911154169810436,25,25,1,Unanimous LP/P-directed,current_missense_f2
NC_000016.10:89739230:C:G,FANCA,1,0.9922540228500816,1.0,0.9820696658728169,1.0,0.94054915281469,1.0,0.9899829194728303,1.0,4.0,1111,0.9762139402526048,0.986492451232733,25,25,1,Unanimous LP/P-directed,current_missense_f2
NC_000016.10:89748677:T:G,FANCA,1,0.9281483001557334,1.0,0.7521823118230957,1.0,0.8044090987489654,1.0,0.9762678869052044,1.0,4.0,1111,0.8652518994082496,0.8977596511429664,25,25,1,Unanimous LP/P-directed,current_missense_f2
NC_000016.10:89749805:G:A,FANCA,1,0.9996378460503968,1.0,0.9987895874110622,1.0,0.9586820198169088,1.0,0.9899829194728303,1.0,4.0,1111,0.9867730931877996,0.9931276827544464,25,25,1,Unanimous LP/P-directed,current_missense_f2
NC_000016.10:89761994:C:T,FANCA,1,0.9993931569870989,1.0,0.9933971167181226,1.0,0.9957998372287123,1.0,0.9899829194728303,1.0,4.0,1111,0.994643257601691,0.997563271733158,25,25,1,Unanimous LP/P-directed,current_missense_f2
NC_000016.10:89764944:A:G,FANCA,1,0.9962045197478538,1.0,0.9819969448599064,1.0,0.9689597327501666,1.0,0.9899829194728303,1.0,4.0,1111,0.9842860292076894,0.9916218674728712,25,25,1,Unanimous LP/P-directed,current_missense_f2
NC_000016.10:89767214:A:C,FANCA,1,0.9981569451838402,1.0,0.9893135409379012,1.0,0.9621628675099227,1.0,0.988100885889798,1.0,4.0,1111,0.9844335598803656,0.9917122959554924,25,25,1,Unanimous LP/P-directed,current_missense_f2
NC_000016.10:89769890:A:G,FANCA,1,0.721521938452038,1.0,0.7047700717222334,0.0,0.6468481605912321,1.0,0.9334860392470232,1.0,3.0,1011,0.7516565525031317,0.7881219376330991,25,25,1,Mixed votes,current_missense_f2
NC_000016.10:89770199:A:T,FANCA,1,0.99622461997499,1.0,0.990726894963514,1.0,0.9586820198169088,1.0,0.9899829194728303,1.0,4.0,1111,0.9839041135570608,0.9913871571953348,25,25,1,Unanimous LP/P-directed,current_missense_f2
NC_000016.10:89771774:C:G,FANCA,1,0.1026072000632574,0.0,0.0110898506736845,0.0,0.0862379957812078,0.0,0.0267397277081637,0.0,0.0,0000,0.0566686935565783,0.0406007134663397,25,25,1,Unanimous B/LB-directed,current_missense_f2
NC_000016.10:89771777:A:G,FANCA,1,0.9993632902886338,1.0,0.9951489451825166,1.0,0.9877376237998956,1.0,0.9899829194728303,1.0,4.0,1111,0.9930581946859692,0.9967206684369628,25,25,1,Unanimous LP/P-directed,current_missense_f2
NC_000016.10:89783097:T:C,FANCA,1,0.9980290904143936,1.0,0.9862389709552573,1.0,0.998126759349127,1.0,0.9899829194728303,1.0,4.0,1111,0.993094435047902,0.996740283595494,25,25,1,Unanimous LP/P-directed,current_missense_f2
NC_000016.10:89791503:C:T,FANCA,1,0.1768560804737881,0.0,0.1415875493622518,0.0,0.3278024711319426,0.0,0.8732745196103526,1.0,1.0,0001,0.3798801551445838,0.3750310373302198,25,25,1,Mixed votes,current_missense_f2
NC_000017.11:7673766:C:T,TP53,1,0.9963246987899996,1.0,0.981970520562231,1.0,0.9999998938108668,1.0,0.9899829194728303,1.0,4.0,1111,0.992069508158982,0.9961798403414336,25,25,1,Unanimous LP/P-directed,current_missense_f2
NC_000017.11:7673776:G:T,TP53,1,0.9985218583385804,1.0,0.9869168487622124,1.0,0.9932570952944804,1.0,0.9899829194728303,1.0,4.0,1111,0.992169680467026,0.9962351203543464,25,25,1,Unanimous LP/P-directed,current_missense_f2
NC_000017.11:7673805:C:G,TP53,1,0.8726294110219476,1.0,0.8104054770118474,1.0,0.9689597327501666,1.0,0.9626829748622984,1.0,4.0,1111,0.9036693989115652,0.9312120384821676,24,25,1,Unanimous LP/P-directed,current_missense_f2
NC_000017.11:7673820:G:C,TP53,1,0.9949579195257718,1.0,0.980492911053274,1.0,0.998126759349127,1.0,0.9899829194728303,1.0,4.0,1111,0.9908901273502508,0.9955213697040616,24,25,1,Unanimous LP/P-directed,current_missense_f2
NC_000017.11:7673822:C:T,TP53,1,0.9979254523959568,1.0,0.9887320821603388,1.0,0.9999998938108668,1.0,0.9899829194728303,1.0,4.0,1111,0.9941600869599982,0.9973099007332008,25,25,1,Unanimous LP/P-directed,current_missense_f2
NC_000017.11:7673825:A:T,TP53,1,0.9991941038940322,1.0,0.9968496323221108,1.0,0.97869087359179,1.0,0.9899829194728303,1.0,4.0,1111,0.9911793823201908,0.995684127722215,24,25,1,Unanimous LP/P-directed,current_missense_f2
NC_000017.11:7674213:G:A,TP53,1,0.9929943130797056,1.0,0.9565512454905964,1.0,0.998126759349127,1.0,0.9899829194728303,1.0,4.0,1111,0.9844138093480648,0.9917001976810058,25,25,1,Unanimous LP/P-directed,current_missense_f2
NC_000017.11:7674216:C:G,TP53,1,0.997814795872402,1.0,0.9888717356451908,1.0,0.9957998372287123,1.0,0.9899829194728303,1.0,4.0,1111,0.993117322054784,0.9967526633129294,25,25,1,Unanimous LP/P-directed,current_missense_f2
NC_000017.11:7674225:A:T,TP53,1,0.994264495923706,1.0,0.9688983018514444,1.0,0.9999998938108668,1.0,0.9899829194728303,1.0,4.0,1111,0.988286402764712,0.9940231170988588,24,25,1,Unanimous LP/P-directed,current_missense_f2
NC_000017.11:7674232:C:T,TP53,1,0.9938496302563196,1.0,0.9783456509530294,1.0,0.9999998938108668,1.0,0.9899829194728303,1.0,4.0,1111,0.9905445236232616,0.9953258788756284,25,25,1,Unanimous LP/P-directed,current_missense_f2
NC_000017.11:7674236:G:C,TP53,1,0.9992426609849282,1.0,0.9935942932284768,1.0,0.9999998938108668,1.0,0.9899829194728303,1.0,4.0,1111,0.9957049418742756,0.9981078166654102,25,25,1,Unanimous LP/P-directed,current_missense_f2
NC_000017.11:7674241:A:T,TP53,1,0.9966673338558684,1.0,0.9796417428817116,1.0,0.9999998938108668,1.0,0.9899829194728303,1.0,4.0,1111,0.9915729725053192,0.9959042967173248,25,25,1,Unanimous LP/P-directed,current_missense_f2
NC_000017.11:7674250:A:G,TP53,1,0.9994055993629906,1.0,0.9944555986585146,1.0,0.9999998938108668,1.0,0.9899829194728303,1.0,4.0,1111,0.9959610028263006,0.9982363760625343,25,25,1,Unanimous LP/P-directed,current_missense_f2
NC_000017.11:7674252:A:T,TP53,1,0.9939313959902998,1.0,0.9611533820733557,1.0,0.9999998938108668,1.0,0.9899829194728303,1.0,4.0,1111,0.986266897836838,0.992824517090254,24,25,1,Unanimous LP/P-directed,current_missense_f2
NC_000017.11:7674262:A:G,TP53,1,0.9968408531719868,1.0,0.974698664988532,1.0,0.998126759349127,1.0,0.9899829194728303,1.0,4.0,1111,0.9899122992456192,0.9949654704447706,25,25,1,Unanimous LP/P-directed,current_missense_f2
NC_000017.11:7674267:A:C,TP53,1,0.989624419652428,1.0,0.9441916364294024,1.0,0.9999998938108668,1.0,0.9899829194728303,1.0,4.0,1111,0.980949717341382,0.9895430103989612,24,25,1,Unanimous LP/P-directed,current_missense_f2
NC_000017.11:7674934:C:A,TP53,1,0.9939942290903284,1.0,0.9766446746651618,1.0,0.9932570952944804,1.0,0.9899829194728303,1.0,4.0,1111,0.9884697296307005,0.9941304313014452,25,25,1,Unanimous LP/P-directed,current_missense_f2
NC_000017.11:7675076:G:C,TP53,1,0.9838408892216304,1.0,0.9510989368601244,1.0,0.9957998372287123,1.0,0.9899829194728303,1.0,4.0,1111,0.9801806456958244,0.9890551483738006,25,25,1,Unanimous LP/P-directed,current_missense_f2
NC_000017.11:7675077:G:T,TP53,1,0.9783699825812946,1.0,0.9582326535976492,1.0,0.9999998938108668,1.0,0.9815869448328516,1.0,4.0,1111,0.9795473687056656,0.9886511456720036,25,25,1,Unanimous LP/P-directed,current_missense_f2
NC_000017.11:7675081:G:C,TP53,1,0.9854465816261648,1.0,0.9502954454885804,1.0,0.9848108136086886,1.0,0.9897321524568392,1.0,4.0,1111,0.9775712482950684,0.9873777508718083,25,25,1,Unanimous LP/P-directed,current_missense_f2
NC_000017.11:7675108:T:A,TP53,1,0.9596678763946712,1.0,0.926889976409594,1.0,0.7373422178931223,1.0,0.4981896267792935,0.0,3.0,1110,0.7805224243691702,0.8172433932440226,24,25,1,Mixed votes,current_missense_f2
NC_000017.11:7675147:G:T,TP53,1,0.7769771028244612,1.0,0.9179203118757076,1.0,0.6468481605912321,1.0,0.6842914626427394,0.0,3.0,1110,0.756509259483535,0.7930692402095573,25,25,1,Mixed votes,current_missense_f2
NC_000017.11:7675156:G:C,TP53,1,0.966553167485289,1.0,0.927169937561188,1.0,0.909400681240505,1.0,0.916739163757531,1.0,4.0,1111,0.9299657375111282,0.9526769672774392,25,25,1,Unanimous LP/P-directed,current_missense_f2
NC_000017.11:7675159:G:C,TP53,1,0.9946478118212156,1.0,0.9642582571945684,1.0,0.9999998938108668,1.0,0.9894457316219492,1.0,4.0,1111,0.98708792361215,0.9933153380957234,25,25,1,Unanimous LP/P-directed,current_missense_f2
NC_000017.11:7675219:T:A,TP53,1,0.986903865039104,1.0,0.950993703317668,1.0,0.9932570952944804,1.0,0.9881242768164532,1.0,4.0,1111,0.9798197351169264,0.9888251524329892,25,25,1,Unanimous LP/P-directed,current_missense_f2
NC_000017.11:7675231:G:T,TP53,1,0.998194696085072,1.0,0.9868320745785626,1.0,0.9999998938108668,1.0,0.9899829194728303,1.0,4.0,1111,0.9937523959868332,0.9970936654585882,25,25,1,Unanimous LP/P-directed,current_missense_f2
NC_000017.11:7676043:A:T,TP53,1,0.9998952447055756,1.0,0.9996010758689222,1.0,0.9999998938108668,1.0,0.9899829194728303,1.0,4.0,1111,0.9973697834645489,0.998920375668623,24,25,1,Unanimous LP/P-directed,current_missense_f2
NC_000017.11:43045712:A:T,BRCA1,1,0.9764157545698224,1.0,0.9458899115600842,1.0,0.9999998938108668,1.0,0.9898533248511284,1.0,4.0,1111,0.9780397211979754,0.9876813292066738,24,25,1,Unanimous LP/P-directed,current_missense_f2
NC_000017.11:43045747:C:A,BRCA1,1,0.973057002342096,1.0,0.9462272142889452,1.0,0.9755147005805476,1.0,0.9887290918470816,1.0,4.0,1111,0.9708820022646676,0.9829377944905456,24,25,1,Unanimous LP/P-directed,current_missense_f2
NC_000017.11:43045758:CC:AG,BRCA1,1,,,,,,,,,,,,,1,25,0,,current_missense_f2
NC_000017.11:43045758:C:G,BRCA1,1,0.99795490259694,1.0,0.9900774809454632,1.0,0.9999998938108668,1.0,0.9899829194728303,1.0,4.0,1111,0.9945037992065252,0.997490475157686,25,25,1,Unanimous LP/P-directed,current_missense_f2
NC_000017.11:43047677:T:G,BRCA1,1,0.906762763736452,1.0,0.9124606795919186,1.0,0.9053470377014043,1.0,0.9223814009735009,1.0,4.0,1111,0.911737970500819,0.9379353796732371,24,25,1,Unanimous LP/P-directed,current_missense_f2
NC_000017.11:43049187:A:G,BRCA1,1,0.991654375381374,1.0,0.9918777922059404,1.0,0.9999998938108668,1.0,0.9899829194728303,1.0,4.0,1111,0.9933787452177528,0.9968936284109275,25,25,1,Unanimous LP/P-directed,current_missense_f2
NC_000017.11:43051062:C:T,BRCA1,1,0.8080715083527555,1.0,0.743867511509905,1.0,0.7026311431534662,1.0,0.9436676392209068,1.0,4.0,1111,0.7995594505592585,0.8360209053557989,24,25,1,Unanimous LP/P-directed,current_missense_f2
NC_000017.11:43051097:A:T,BRCA1,1,0.9989089780447762,1.0,0.9950535996241916,1.0,0.998126759349127,1.0,0.9899829194728303,1.0,4.0,1111,0.9955180641227312,0.9980132745927754,25,25,1,Unanimous LP/P-directed,current_missense_f2
NC_000017.11:43057071:T:C,BRCA1,1,0.9834595529343882,1.0,0.9733187883660274,1.0,0.9905594006810292,1.0,0.9855134863266676,1.0,4.0,1111,0.983212807077028,0.9909600898484106,24,25,1,Unanimous LP/P-directed,current_missense_f2
NC_000017.11:43057074:C:G,BRCA1,1,0.9970778666900716,1.0,0.9942633225927462,1.0,0.9932570952944804,1.0,0.989522824071026,1.0,4.0,1111,0.9935302771620812,0.9969749605601548,25,25,1,Unanimous LP/P-directed,current_missense_f2
NC_000017.11:43057077:G:C,BRCA1,1,0.9807693486813244,1.0,0.9692880913875228,1.0,0.8499374982782129,1.0,0.9557407357229644,1.0,4.0,1111,0.9389339185175062,0.9596788099971796,24,25,1,Unanimous LP/P-directed,current_missense_f2
NC_000017.11:43057086:C:G,BRCA1,1,0.997575528005309,1.0,0.9941508242189504,1.0,0.9999998938108668,1.0,0.9899829194728303,1.0,4.0,1111,0.9954272913769892,0.9979671412569292,25,25,1,Unanimous LP/P-directed,current_missense_f2
NC_000017.11:43057121:A:C,BRCA1,1,0.9953113370369826,1.0,0.9865781205217894,1.0,0.9957998372287123,1.0,0.98678957871746,1.0,4.0,1111,0.991119718376236,0.995650621179377,25,25,1,Unanimous LP/P-directed,current_missense_f2
NC_000017.11:43063371:C:G,BRCA1,1,0.9970585328720416,1.0,0.9872138383735592,1.0,0.9999998938108668,1.0,0.9899829194728303,1.0,4.0,1111,0.9935637961323244,0.9969929132113646,24,25,1,Unanimous LP/P-directed,current_missense_f2
NC_000017.11:43063881:C:T,BRCA1,1,0.6949480104998806,1.0,0.935424097714761,1.0,0.5269810031546538,0.0,0.6132620494041844,0.0,2.0,1100,0.69265379019337,0.7264847131972444,25,25,1,Mixed votes,current_missense_f2
NC_000017.11:43063887:A:C,BRCA1,1,0.9749003623325552,1.0,0.9623430070108532,1.0,0.9213579060563828,1.0,0.9571013625340248,1.0,4.0,1111,0.953925659483454,0.9709570501520804,25,25,1,Unanimous LP/P-directed,current_missense_f2
NC_000017.11:43063888:C:A,BRCA1,1,0.9624278080033428,1.0,0.9930809483686676,1.0,0.563771913496806,1.0,0.7424471738029943,1.0,4.0,1111,0.8154319609179528,0.8513938303949546,24,25,1,Unanimous LP/P-directed,current_missense_f2
NC_000017.11:43063909:C:T,BRCA1,1,0.9977038921005308,1.0,0.9870165752088974,1.0,0.9999998938108668,1.0,0.9899829194728303,1.0,4.0,1111,0.9936758201482814,0.9970528115727808,25,25,1,Unanimous LP/P-directed,current_missense_f2
NC_000017.11:43063927:T:C,BRCA1,1,0.987450736590075,1.0,0.9607085407574144,1.0,0.9932570952944804,1.0,0.9800833680405566,1.0,4.0,1111,0.9803749351706316,0.989178686272148,25,25,1,Unanimous LP/P-directed,current_missense_f2
NC_000017.11:43063929:C:A,BRCA1,1,0.9982823090539092,1.0,0.9938272069057764,1.0,0.9999998938108668,1.0,0.9899829194728303,1.0,4.0,1111,0.9955230823108456,0.9980158209998264,25,25,1,Unanimous LP/P-directed,current_missense_f2
NC_000017.11:43067609:G:C,BRCA1,1,0.9799526742046358,1.0,0.9643134843050624,1.0,0.9442663948945832,1.0,0.9645234120590964,1.0,4.0,1111,0.9632639913658444,0.9776710159691184,24,25,1,Unanimous LP/P-directed,current_missense_f2
NC_000017.11:43076487:C:G,BRCA1,1,0.937753082216731,1.0,0.8975785006791326,1.0,0.9755147005805476,1.0,0.950636199039422,1.0,4.0,1111,0.9403706206289584,0.9607836674444012,24,25,1,Unanimous LP/P-directed,current_missense_f2
NC_000017.11:43104881:T:C,BRCA1,1,0.9256425087115216,1.0,0.9003402825655127,1.0,0.9586820198169088,1.0,0.9558695433670034,1.0,4.0,1111,0.9351335886152368,0.9567334502379824,24,25,1,Unanimous LP/P-directed,current_missense_f2
NC_000017.11:43106455:C:G,BRCA1,1,0.9996345546051996,1.0,0.9995197538335868,1.0,0.9905594006810292,1.0,0.9899829194728303,1.0,4.0,1111,0.9949241571481616,0.9977090441698336,24,25,1,Unanimous LP/P-directed,current_missense_f2
NC_000017.11:43115728:C:G,BRCA1,1,0.9930112831904871,1.0,0.9727686850439378,1.0,0.9999998938108668,1.0,0.9899829194728303,1.0,4.0,1111,0.9889406953795306,0.9944049144589016,25,25,1,Unanimous LP/P-directed,current_missense_f2
NC_000017.11:43115728:C:T,BRCA1,1,0.996489197279564,1.0,0.9854558540137904,1.0,0.998126759349127,1.0,0.9899829194728303,1.0,4.0,1111,0.992513682528828,0.9964241427203968,25,25,1,Unanimous LP/P-directed,current_missense_f2
NC_000017.11:43115729:A:G,BRCA1,1,0.9959913221918724,1.0,0.9798532004289732,1.0,0.9999998938108668,1.0,0.9899829194728303,1.0,4.0,1111,0.9914568339761358,0.9958394885330604,25,25,1,Unanimous LP/P-directed,current_missense_f2
NC_000017.11:43115729:A:T,BRCA1,1,0.9920028733998024,1.0,0.968275586286202,1.0,0.9999998938108668,1.0,0.9899829194728303,1.0,4.0,1111,0.9875653182424255,0.9935985391834158,25,25,1,Unanimous LP/P-directed,current_missense_f2
NC_000017.11:43115737:T:A,BRCA1,1,0.996187028521658,1.0,0.9799593467804918,1.0,0.9999998938108668,1.0,0.9899829194728303,1.0,4.0,1111,0.9915322971464616,0.995881614085607,25,25,1,Unanimous LP/P-directed,current_missense_f2
NC_000017.11:43115738:G:A,BRCA1,1,0.9930641457035944,1.0,0.974387250739563,1.0,0.9999998938108668,1.0,0.9899829194728303,1.0,4.0,1111,0.9893585524317136,0.9946469544108736,25,25,1,Unanimous LP/P-directed,current_missense_f2
NC_000017.11:43115743:C:T,BRCA1,1,0.9975094553428314,1.0,0.9873352463434923,1.0,0.9999998938108668,1.0,0.9899829194728303,1.0,4.0,1111,0.9937068787425052,0.9970693905311856,25,25,1,Unanimous LP/P-directed,current_missense_f2
NC_000017.11:43124022:G:A,BRCA1,1,0.8956035738622494,1.0,0.8480229795024099,1.0,0.9905594006810292,1.0,0.9803008362954376,1.0,4.0,1111,0.9286216975852816,0.9516126140817218,24,25,1,Unanimous LP/P-directed,current_missense_f2
NC_000017.11:43124043:A:C,BRCA1,1,0.9892918020468254,1.0,0.9901614978561396,1.0,0.9848108136086886,1.0,0.9833125180898008,1.0,4.0,1111,0.9868941579003636,0.9931999263034702,24,25,1,Unanimous LP/P-directed,current_missense_f2
NC_000017.11:58695178:A:C,RAD51C,1,0.999871983210311,1.0,0.9923138275029456,1.0,0.9848108136086886,1.0,0.9899829194728303,1.0,4.0,1111,0.991744885948694,0.9959999813392516,25,25,1,Unanimous LP/P-directed,current_missense_f2
NC_000017.11:58695189:G:C,RAD51C,1,,,,,,,,,,,,,2,25,0,,current_missense_f2
NC_000017.11:61743012:C:A,BRIP1,1,0.999517145869534,1.0,0.999649881153374,1.0,0.8888144458727877,1.0,0.9871016588443003,1.0,4.0,1111,0.968770782934999,0.9814990391988392,24,25,1,Unanimous LP/P-directed,current_missense_f2
NC_000017.11:61808619:C:G,BRIP1,1,0.9903026038117386,1.0,0.941910642897185,1.0,0.9957998372287123,1.0,0.9820302826627262,1.0,4.0,1111,0.9775108416500904,0.9873385312854084,24,25,1,Unanimous LP/P-directed,current_missense_f2
NC_000019.10:1220434:A:G,STK11,1,0.9995342037783378,1.0,0.9964211617676316,1.0,0.9999998938108668,1.0,0.9899829194728303,1.0,4.0,1111,0.9964845447074168,0.9984954521084656,25,25,1,Unanimous LP/P-directed,current_missense_f2
NC_000019.10:1220489:C:G,STK11,1,0.9996812374544316,1.0,0.9974577772517778,1.0,0.9999998938108668,1.0,0.9899829194728303,1.0,4.0,1111,0.9967804569974767,0.9986394568333332,25,25,1,Unanimous LP/P-directed,current_missense_f2
NC_000019.10:1221976:G:T,STK11,1,0.9997045885761487,1.0,0.9981099585728236,1.0,0.998126759349127,1.0,0.9899829194728303,1.0,4.0,1111,0.9964810564927324,0.998493743699226,25,25,1,Unanimous LP/P-directed,current_missense_f2
NC_000019.10:1222986:G:T,STK11,1,0.9997034574555448,1.0,0.9985994835564568,1.0,0.9817920350786864,1.0,0.9899829194728303,1.0,4.0,1111,0.9925194738908798,0.9964273139850178,25,25,1,Unanimous LP/P-directed,current_missense_f2
NC_000002.12:214797063:C:T,BARD1,1,0.9959669474675504,1.0,0.9584504584425876,1.0,0.9722693861658251,1.0,0.9899829194728303,1.0,4.0,1111,0.9791674278871983,0.988407792712941,24,25,1,Unanimous LP/P-directed,current_missense_f2
NC_000022.11:28725069:C:G,CHEK2,1,0.9877656173329082,1.0,0.9665364001785024,1.0,0.9999998938108668,1.0,0.9899829194728303,1.0,4.0,1111,0.986071207698777,0.9927068473210432,24,25,1,Unanimous LP/P-directed,current_missense_f2
NC_000002.12:214752453:C:G,BARD1,0,0.0571947121187795,0.0,0.0046009088108945,0.0,0.0044021252521456,0.0,0.0102115856320221,0.0,0.0,0000,0.0191023329534604,0.0115561371215172,23,25,1,Unanimous B/LB-directed,current_missense_f2
NC_000002.12:214781151:G:C,BARD1,0,0.0027240561135363,0.0,0.002193334092819,0.0,0.1072918498049978,0.0,0.0267642836473436,0.0,0.0,0000,0.0347433809146742,0.0230346222363534,24,25,1,Unanimous B/LB-directed,current_missense_f2
NC_000008.11:89947855:C:T,NBN,0,0.0509828031166831,0.0,0.0007630331491077,0.0,0.0360123092921856,0.0,0.01043402861851,0.0,0.0,0000,0.0245480435441216,0.0154264503863716,24,25,1,Unanimous B/LB-directed,current_missense_f2
NC_000009.12:95111287:G:A,FANCC,0,,,,,,,,,,,,,2,25,0,,current_missense_f2
NC_000009.12:95125108:C:T,FANCC,0,0.0087618872062582,0.0,0.0001285366276487,0.0,0.0159111070275734,0.0,0.0102115856320221,0.0,0.0,0000,0.0087532791233756,0.0047159450369629,25,25,1,Unanimous B/LB-directed,current_missense_f2
NC_000009.12:95172076:C:T,FANCC,0,0.0039171810851932,0.0,0.0002330025123458,0.0,0.0395922027528832,0.0,0.0182269186162199,0.0,0.0,0000,0.0154923262416605,0.0090821991197188,25,25,1,Unanimous B/LB-directed,current_missense_f2
NC_000010.11:87864031:T:C,PTEN,0,,,,,,,,,,,,,2,25,0,,current_missense_f2
NC_000010.11:87864460:C:G,PTEN,0,,,,,,,,,,,,,2,25,0,,current_missense_f2
NC_000010.11:87965320:C:A,PTEN,0,0.1605271905686366,0.0,0.3619024479464194,0.0,0.2322104891787574,0.0,0.0593679163557815,0.0,0.0,0000,0.2035020110123987,0.1810362520693794,25,25,1,Unanimous B/LB-directed,current_missense_f2
NC_000011.10:108271260:T:C,ATM,0,0.0046363164226709,0.0,0.0051913858915799,0.0,0.1793861048912535,0.0,0.0177328914434928,0.0,0.0,0000,0.0517366746622493,0.0365281716559519,25,25,1,Unanimous B/LB-directed,current_missense_f2
NC_000011.10:108289004:C:T,ATM,0,0.0010915453725641,0.0,1.3241619802094418e-05,0.0,0.0019635350054078,0.0,0.0102115856320221,0.0,0.0,0000,0.003319976907449,0.0015538971079074,24,25,1,Unanimous B/LB-directed,current_missense_f2
NC_000011.10:108307914:G:A,ATM,0,0.0113825230603365,0.0,0.0009171748396766,0.0,0.0256375490382913,0.0,0.0102115856320221,0.0,0.0,0000,0.0120372081425816,0.0067967889183155,25,25,1,Unanimous B/LB-directed,current_missense_f2
NC_000011.10:108310217:G:C,ATM,0,0.3107648495437446,0.0,0.4842966618533031,0.0,0.4531326700468335,0.0,0.4521027406476635,0.0,0.0,0000,0.4250742305228862,0.4265575186088083,25,25,1,Unanimous B/LB-directed,current_missense_f2
NC_000011.10:108317408:G:A,ATM,0,0.0033967545821517,0.0,8.297076837472144e-06,0.0,1.1131775484968544e-07,0.0,0.0102115856320221,0.0,0.0,0000,0.0034041871521915,0.0015990695573829,25,25,1,Unanimous B/LB-directed,current_missense_f2
NC_000013.11:32326267:C:A,BRCA2,0,0.3266692469428397,0.0,0.477152009195611,0.0,0.2087984744207346,0.0,0.072942595997737,0.0,0.0,0000,0.2713905816392306,0.2537234049833014,22,25,1,Unanimous B/LB-directed,current_missense_f2
NC_000013.11:32332308:T:G,BRCA2,0,0.0076850348737784,0.0,0.001612541007588,0.0,0.0019635350054078,0.0,0.0102115856320221,0.0,0.0,0000,0.0053681741296991,0.0026931934272637,22,25,1,Unanimous B/LB-directed,current_missense_f2
NC_000013.11:32332517:A:G,BRCA2,0,0.0014505611678455,0.0,0.0002282272236777,0.0,1.1131775484968544e-07,0.0,0.0102115856320221,0.0,0.0,0000,0.002972621335325,0.0013693673985142,22,25,1,Unanimous B/LB-directed,current_missense_f2
NC_000013.11:32332600:C:T,BRCA2,0,0.0035009092032098,0.0,7.044591738149764e-05,0.0,1.1131775484968544e-07,0.0,0.0102115856320221,0.0,0.0,0000,0.003445763017592,0.0016214322021215,22,25,1,Unanimous B/LB-directed,current_missense_f2
NC_000013.11:32333275:T:C,BRCA2,0,0.0086529943923325,0.0,0.0018262465364799,0.0,1.1131775484968544e-07,0.0,0.0102115856320221,0.0,0.0,0000,0.0051727344696473,0.0025812241148573,22,25,1,Unanimous B/LB-directed,current_missense_f2
NC_000013.11:32337281:C:T,BRCA2,0,0.0065514038567357,0.0,0.0025648195399554,0.0,0.0019635350054078,0.0,0.0102115856320221,0.0,0.0,0000,0.0053228360085303,0.0026671644426366,22,25,1,Unanimous B/LB-directed,current_missense_f2
NC_000013.11:32337314:A:T,BRCA2,0,0.0068394772464783,0.0,0.0040729404686453,0.0,0.0044021252521456,0.0,0.0102115856320221,0.0,0.0,0000,0.0063815321498228,0.0032830443561344,22,25,1,Unanimous B/LB-directed,current_missense_f2
NC_000013.11:32337658:A:T,BRCA2,0,0.0109703056444254,0.0,0.0159748534694785,0.0,0.0114892948489589,0.0,0.0102115856320221,0.0,0.0,0000,0.0121615098987212,0.0068774289460641,22,25,1,Unanimous B/LB-directed,current_missense_f2
NC_000013.11:32337922:C:T,BRCA2,0,0.0076759022603803,0.0,0.0053444637526564,0.0,0.0176233464915215,0.0,0.0102115856320221,0.0,0.0,0000,0.0102138245341451,0.0056290354456233,22,25,1,Unanimous B/LB-directed,current_missense_f2
NC_000013.11:32337929:T:G,BRCA2,0,0.006156435595827,0.0,0.0015941315294754,0.0,1.1131775484968544e-07,0.0,0.0102115856320221,0.0,0.0,0000,0.0044905660187698,0.0021954043518677,22,25,1,Unanimous B/LB-directed,current_missense_f2
NC_000013.11:32338036:A:G,BRCA2,0,0.0159124698626998,0.0,0.0340522480557171,0.0,0.0070662659015644,0.0,0.0102115856320221,0.0,0.0,0000,0.0168106423630009,0.0099762385891002,22,25,1,Unanimous B/LB-directed,current_missense_f2
NC_000013.11:32338415:C:T,BRCA2,0,0.0047860009069886,0.0,0.0008615652763342,0.0,1.1131775484968544e-07,0.0,0.0102115856320221,0.0,0.0,0000,0.0039648157832749,0.0019038102476727,22,25,1,Unanimous B/LB-directed,current_missense_f2
NC_000013.11:32338939:G:A,BRCA2,0,0.2307150685145863,0.0,0.204280998955049,0.0,0.3226662619473171,0.0,0.3891698659037653,0.0,0.0,0000,0.2867080488301794,0.2705394613461261,22,25,1,Unanimous B/LB-directed,current_missense_f2
NC_000013.11:32339524:A:G,BRCA2,0,0.0060502705530119,0.0,0.0005309380405492,0.0,1.1131775484968544e-07,0.0,0.0102115856320221,0.0,0.0,0000,0.0041982263858345,0.0020326087735585,22,25,1,Unanimous B/LB-directed,current_missense_f2
NC_000013.11:32339666:G:A,BRCA2,0,0.0141594307571098,0.0,0.0022350678639256,0.0,1.1131775484968544e-07,0.0,0.0102115856320221,0.0,0.0,0000,0.0066515488927031,0.0034426675595655,22,25,1,Unanimous B/LB-directed,current_missense_f2
NC_000013.11:32339906:T:G,BRCA2,0,0.0303722160860597,0.0,0.0126496655312209,0.0,0.0128470043439744,0.0,0.0155536678179671,0.0,0.0,0000,0.0178556384448055,0.0106927499736694,22,25,1,Unanimous B/LB-directed,current_missense_f2
NC_000013.11:32340233:G:A,BRCA2,0,0.0069722641250591,0.0,0.0007083474280595,0.0,0.0019635350054078,0.0,0.0102115856320221,0.0,0.0,0000,0.0049639330476371,0.0024622864406953,22,25,1,Unanimous B/LB-directed,current_missense_f2
NC_000013.11:32340497:A:T,BRCA2,0,0.0053256688158071,0.0,0.0056757369389628,0.0,0.0044021252521456,0.0,0.0102115856320221,0.0,0.0,0000,0.0064037791597344,0.0032961586516266,22,25,1,Unanimous B/LB-directed,current_missense_f2
NC_000013.11:32346841:G:A,BRCA2,0,0.499450666369462,0.0,0.5369612021622509,0.0,0.4325373215165244,0.0,0.2901103479796247,0.0,0.0,0000,0.4397648845069655,0.4433565118991101,22,25,1,Unanimous B/LB-directed,current_missense_f2
NC_000013.11:32355159:A:T,BRCA2,0,0.0420327344834014,0.0,0.0250924393640449,0.0,0.0395922027528832,0.0,0.0228155580899035,0.0,0.0,0000,0.0323832336725583,0.0212363108511077,22,25,1,Unanimous B/LB-directed,current_missense_f2
NC_000013.11:32357882:C:T,BRCA2,0,0.780737627498685,1.0,0.7408991656741184,1.0,0.6925926439583289,1.0,0.3959418977834721,0.0,3.0,1110,0.6525428337286511,0.6832297922798058,22,25,1,Mixed votes,current_missense_f2
NC_000013.11:32370992:G:A,BRCA2,0,0.8127732393171989,1.0,0.7752987920810962,1.0,0.6496446543671196,1.0,0.9031681306568378,1.0,4.0,1111,0.7852212041055631,0.8219111704971526,22,25,1,Unanimous LP/P-directed,current_missense_f2
NC_000013.11:32379478:C:T,BRCA2,0,0.0915344804266339,0.0,0.1048220080077717,0.0,0.0572192377847622,0.0,0.0281847020088188,0.0,0.0,0000,0.0704401070569967,0.0522871558862198,22,25,1,Unanimous B/LB-directed,current_missense_f2
NC_000015.10:90794208:A:G,BLM,0,0.0034749276560944,0.0,0.0122809779514549,0.0,0.0070662659015644,0.0,0.0114596538549021,0.0,0.0,0000,0.008570456341004,0.0046031821952226,25,25,1,Unanimous B/LB-directed,current_missense_f2
NC_000016.10:23624048:C:T,PALB2,0,0.0002801388114867,0.0,0.0001512155275404,0.0,0.0360123092921856,0.0,0.0102115856320221,0.0,0.0,0000,0.0116638123158087,0.0065553172429521,25,25,1,Unanimous B/LB-directed,current_missense_f2
NC_000016.10:23630018:G:A,PALB2,0,0.0099311560938483,0.0,1.8051909307270965e-06,0.0,0.0019635350054078,0.0,0.0102115856320221,0.0,0.0,0000,0.0055270204805522,0.0027846426730885,25,25,1,Unanimous B/LB-directed,current_missense_f2
NC_000016.10:23630139:C:G,PALB2,0,0.005101708209971,0.0,0.0001209252736698,0.0,1.1131775484968544e-07,0.0,0.0102115856320221,0.0,0.0,0000,0.0038585826083544,0.0018455518796117,24,25,1,Unanimous B/LB-directed,current_missense_f2
NC_000016.10:23634869:T:C,PALB2,0,0.0020061270781429,0.0,3.623927887162651e-05,0.0,1.1131775484968544e-07,0.0,0.0102115856320221,0.0,0.0,0000,0.0030635158266979,0.0014173659525423,24,25,1,Unanimous B/LB-directed,current_missense_f2
NC_000016.10:68738372:C:T,CDH1,0,0.0067528324145202,0.0,0.0129493110686026,0.0,0.0506521655168864,0.0,0.0356960947428817,0.0,0.0,0000,0.0265126009357227,0.0168583971996214,24,25,1,Unanimous B/LB-directed,current_missense_f2
NC_000016.10:68801875:C:T,CDH1,0,0.0078013617151129,0.0,0.0061935892876059,0.0,0.0159111070275734,0.0,0.0154077602485667,0.0,0.0,0000,0.0113284545697147,0.0063394435363715,24,25,1,Unanimous B/LB-directed,current_missense_f2
NC_000016.10:68808706:A:C,CDH1,0,0.0028127463248193,0.0,0.0025912297458045,0.0,0.0223153281547232,0.0,0.0102115856320221,0.0,0.0,0000,0.0094827224643423,0.0051693228161091,25,25,1,Unanimous B/LB-directed,current_missense_f2
NC_000016.10:68811742:G:A,CDH1,0,0.0009214481931659,0.0,0.0076329367986118,0.0,0.0700199683236047,0.0,0.0102750721435411,0.0,0.0,0000,0.0222123563647309,0.0137477778623873,25,25,1,Unanimous B/LB-directed,current_missense_f2
NC_000016.10:68811854:G:A,CDH1,0,0.6062610052748457,0.0,0.531619425844649,0.0,0.563771913496806,1.0,0.1968608550127185,0.0,1.0,0010,0.4746282999072548,0.4832425909473942,25,25,1,Mixed votes,current_missense_f2
NC_000016.10:68813352:T:A,CDH1,0,0.3656611407491658,0.0,0.8330982952067313,1.0,0.662192674535398,1.0,0.0857493618850621,0.0,2.0,0110,0.4866753680940893,0.497015123275152,24,25,1,Mixed votes,current_missense_f2
NC_000016.10:68823538:G:A,CDH1,0,0.0152951328062699,0.0,0.0001764879581076,0.0,0.0159111070275734,0.0,0.0291015212260995,0.0,0.0,0000,0.0151210622545126,0.008832496791001,25,25,1,Unanimous B/LB-directed,current_missense_f2
NC_000016.10:68823592:C:G,CDH1,0,0.0173790502729338,0.0,0.0248166430168807,0.0,0.0159111070275734,0.0,0.0103234762946033,0.0,0.0,0000,0.0171075691529978,0.0101791426052607,25,25,1,Unanimous B/LB-directed,current_missense_f2
NC_000016.10:68833343:G:A,CDH1,0,0.515357708827587,0.0,0.3879878288836886,0.0,0.6365706252426976,1.0,0.9161134871174464,1.0,2.0,0011,0.614007412517855,0.6408449439349497,25,25,1,Mixed votes,current_missense_f2
NC_000016.10:89738889:C:T,FANCA,0,0.0030068873614977,0.0,0.0001262106570621,0.0,0.0019635350054078,0.0,0.0102115856320221,0.0,0.0,0000,0.0038270546639974,0.0018283066749725,24,25,1,Unanimous B/LB-directed,current_missense_f2
NC_000016.10:89738890:G:A,FANCA,0,,,,,,,,,,,,,2,25,0,,current_missense_f2
NC_000016.10:89738931:G:A,FANCA,0,,,,,,,,,,,,,2,25,0,,current_missense_f2
NC_000016.10:89738932:C:T,FANCA,0,,,,,,,,,,,,,2,25,0,,current_missense_f2
NC_000016.10:89739263:C:T,FANCA,0,0.0088660089966766,0.0,7.751738527471237e-05,0.0,1.1131775484968544e-07,0.0,0.0102115856320221,0.0,0.0,0000,0.0047888058329321,0.0023630947600753,25,25,1,Unanimous B/LB-directed,current_missense_f2
NC_000016.10:89770569:G:A,FANCA,0,0.0072635547305063,0.0,0.0061850993690094,0.0,0.0780546909986823,0.0,0.0124063763611285,0.0,0.0,0000,0.0259774303648316,0.0164665738268107,25,25,1,Unanimous B/LB-directed,current_missense_f2
NC_000016.10:89771807:G:A,FANCA,0,0.0012237356697124,0.0,0.0001384394204497,0.0,0.0070662659015644,0.0,0.0102115856320221,0.0,0.0,0000,0.0046600066559372,0.002290481401609,25,25,1,Unanimous B/LB-directed,current_missense_f2
NC_000017.11:7670615:G:A,TP53,0,0.0879438908162983,0.0,0.0786506756811739,0.0,0.2031186123969215,0.0,0.056676354954062,0.0,0.0,0000,0.1065973834621139,0.0847976378917003,25,25,1,Unanimous B/LB-directed,current_missense_f2
NC_000017.11:7670693:C:G,TP53,0,0.0156024850601505,0.0,0.0251934213968799,0.0,0.1653945217899215,0.0,0.0156532705276831,0.0,0.0,0000,0.0554609246936587,0.0395975674807461,25,25,1,Unanimous B/LB-directed,current_missense_f2
NC_000017.11:7673311:A:C,TP53,0,,,,,,,,,,,,,2,25,0,,current_missense_f2
NC_000017.11:7673335:G:C,TP53,0,,,,,,,,,,,,,2,25,0,,current_missense_f2
NC_000017.11:7673592:G:C,TP53,0,0.0007876892036659,0.0,0.0004863032419052,0.0,0.0044021252521456,0.0,0.0115795450894301,0.0,0.0,0000,0.0043139156967867,0.0020968405854192,25,25,1,Unanimous B/LB-directed,current_missense_f2
NC_000017.11:7673750:C:T,TP53,0,0.0053942925019419,0.0,0.0006993008636362,0.0,0.0128470043439744,0.0,0.0126742377767681,0.0,0.0,0000,0.0079037088715801,0.004195039129712,25,25,1,Unanimous B/LB-directed,current_missense_f2
NC_000017.11:7674958:G:C,TP53,0,0.0487956429022823,0.0,0.1580173106366661,0.0,0.2469808755094208,0.0,0.0775199891112783,0.0,0.0,0000,0.1328284545399119,0.109719285058752,24,25,1,Unanimous B/LB-directed,current_missense_f2
NC_000017.11:7675998:A:T,TP53,0,0.1191094137270553,0.0,0.1668746703934445,0.0,0.3226662619473171,0.0,0.1353504772007196,0.0,0.0,0000,0.1860002058171341,0.1628928062149822,25,25,1,Unanimous B/LB-directed,current_missense_f2
NC_000017.11:7676151:C:T,TP53,0,0.0017329873581687,0.0,1.524577260918453e-05,0.0,1.1131775484968544e-07,0.0,0.0102115856320221,0.0,0.0,0000,0.0029899825201387,0.0013785190331293,25,25,1,Unanimous B/LB-directed,current_missense_f2
NC_000017.11:7676153:G:T,TP53,0,0.0003789730686867,0.0,0.0001078925529363,0.0,0.0019635350054078,0.0,0.0102120099579288,0.0,0.0,0000,0.0031656026462399,0.0014715218774195,25,25,1,Unanimous B/LB-directed,current_missense_f2
NC_000017.11:7676180:G:A,TP53,0,0.0038021093006134,0.0,0.0006966034663856,0.0,0.0044021252521456,0.0,0.0102115856320221,0.0,0.0,0000,0.0047781059127917,0.0023570514111047,25,25,1,Unanimous B/LB-directed,current_missense_f2
NC_000017.11:7676181:C:T,TP53,0,0.0038895657319638,0.0,0.0009487125607826,0.0,0.0070662659015644,0.0,0.0102115856320221,0.0,0.0,0000,0.0055290324565832,0.0027858034963672,24,25,1,Unanimous B/LB-directed,current_missense_f2
NC_000017.11:43045697:T:G,BRCA1,0,0.0018747295468544,0.0,0.0001089489588663,0.0,0.0019635350054078,0.0,0.0102115856320221,0.0,0.0,0000,0.0035396997857877,0.0016721027523222,24,25,1,Unanimous B/LB-directed,current_missense_f2
NC_000017.11:43071073:G:A,BRCA1,0,0.0176108182702002,0.0,0.0001686562441796,0.0,1.1131775484968544e-07,0.0,0.0102115856320221,0.0,0.0,0000,0.0069977928660392,0.0036487607434907,25,25,1,Unanimous B/LB-directed,current_missense_f2
NC_000017.11:43071097:T:C,BRCA1,0,0.0084189821585802,0.0,0.0037629641380641,0.0,0.0360123092921856,0.0,0.0115160397546027,0.0,0.0,0000,0.0149275738358581,0.0087027349414965,25,25,1,Unanimous B/LB-directed,current_missense_f2
NC_000017.11:43071222:A:G,BRCA1,0,0.0052069050931386,0.0,0.0067642967863773,0.0,0.0098920421195228,0.0,0.0102115856320221,0.0,0.0,0000,0.0080187074077652,0.0042650789478135,25,25,1,Unanimous B/LB-directed,current_missense_f2
NC_000017.11:43074369:C:T,BRCA1,0,0.00674849031225,0.0,1.5615139871842358e-05,0.0,0.0019635350054078,0.0,0.0102115856320221,0.0,0.0,0000,0.0047348065223879,0.0023326161060275,25,25,1,Unanimous B/LB-directed,current_missense_f2
NC_000017.11:43082433:G:C,BRCA1,0,0.0073838260269191,0.0,0.0001697579343308,0.0,0.0432272552141748,0.0,0.0769604946175227,0.0,0.0,0000,0.0319353334482368,0.020897405261999,25,25,1,Unanimous B/LB-directed,current_missense_f2
NC_000017.11:43091494:C:T,BRCA1,0,0.0009189444999466,0.0,0.0006102536816867,0.0,0.0019635350054078,0.0,0.0102115856320221,0.0,0.0,0000,0.0034260797047658,0.0016108401000207,25,25,1,Unanimous B/LB-directed,current_missense_f2
NC_000017.11:43091873:C:G,BRCA1,0,0.0116882803299921,0.0,0.0105848330060336,0.0,0.0945612290170305,0.0,0.0169721474483524,0.0,0.0,0000,0.0334516224503521,0.0220477958016365,25,25,1,Unanimous B/LB-directed,current_missense_f2
NC_000017.11:43091930:C:G,BRCA1,0,0.0013875981002529,0.0,0.0002771985499158,0.0,0.0019635350054078,0.0,0.0102115856320221,0.0,0.0,0000,0.0034599793218997,0.0016290878512455,25,25,1,Unanimous B/LB-directed,current_missense_f2
NC_000017.11:43092228:C:T,BRCA1,0,0.0124909018619566,0.0,0.0006298136882149,0.0,0.0190705854324522,0.0,0.0102115856320221,0.0,0.0,0000,0.0106007216536615,0.0058743561066799,25,25,1,Unanimous B/LB-directed,current_missense_f2
NC_000017.11:43092234:G:A,BRCA1,0,0.0031529462256392,0.0,0.0037176654940001,0.0,0.0070662659015644,0.0,0.0102115856320221,0.0,0.0,0000,0.0060371158133065,0.0030808921285987,25,25,1,Unanimous B/LB-directed,current_missense_f2
NC_000017.11:43092595:G:A,BRCA1,0,0.0043910487971324,0.0,0.0002231815188273,0.0,0.0019635350054078,0.0,0.0102115856320221,0.0,0.0,0000,0.0041973377383474,0.0020321163810172,25,25,1,Unanimous B/LB-directed,current_missense_f2
NC_000017.11:43092651:C:T,BRCA1,0,0.0404420308890287,0.0,0.0057278293286437,0.0,0.1072918498049978,0.0,0.0254165754012185,0.0,0.0,0000,0.0447195713559722,0.0308486290929185,25,25,1,Unanimous B/LB-directed,current_missense_f2
NC_000017.11:43092933:C:T,BRCA1,0,0.1647621016715538,0.0,0.3457986692050461,0.0,0.1653945217899215,0.0,0.012182640417765,0.0,0.0,0000,0.1720344832710716,0.1486256844170828,25,25,1,Unanimous B/LB-directed,current_missense_f2
NC_000017.11:43092964:A:G,BRCA1,0,4.0907592139147766e-05,0.0,2.001647439203868e-05,0.0,0.0159111070275734,0.0,0.0102115856320221,0.0,0.0,0000,0.0065459041815316,0.0033800979209079,25,25,1,Unanimous B/LB-directed,current_missense_f2
NC_000017.11:43093008:C:T,BRCA1,0,0.0026427666387288,0.0,2.4825299197388564e-06,0.0,1.1131775484968544e-07,0.0,0.0102115856320221,0.0,0.0,0000,0.0032142365296064,0.0014974115617365,25,25,1,Unanimous B/LB-directed,current_missense_f2
NC_000017.11:43093102:T:A,BRCA1,0,0.0067503210894579,0.0,0.0191119812570446,0.0,0.0290310392376703,0.0,0.0102115856320221,0.0,0.0,0000,0.0162762318040487,0.0096124575847064,25,25,1,Unanimous B/LB-directed,current_missense_f2
NC_000017.11:43093179:G:A,BRCA1,0,0.0013347051289765,0.0,0.0023281195807876,0.0,0.0223153281547232,0.0,0.0102115856320221,0.0,0.0,0000,0.0090474346241274,0.0048981168487737,25,25,1,Unanimous B/LB-directed,current_missense_f2
NC_000017.11:43094494:G:A,BRCA1,0,0.0074964778194413,0.0,0.0001723278334958,0.0,0.0098920421195228,0.0,0.0102115856320221,0.0,0.0,0000,0.0069431083511205,0.0036161083296561,25,25,1,Unanimous B/LB-directed,current_missense_f2
NC_000017.11:43099785:T:C,BRCA1,0,0.0309754345647733,0.0,0.0376841932192686,0.0,0.0324907120633208,0.0,0.0278519361499315,0.0,0.0,0000,0.0322505689993236,0.0211358492163648,25,25,1,Unanimous B/LB-directed,current_missense_f2
NC_000010.11:87864140:C:T,PTEN,0,,,,,,,,,,,,,2,25,0,,current_missense_f2
NC_000011.10:108243958:T:A,ATM,0,0.0049401837521462,0.0,0.0023819797995637,0.0,0.0159111070275734,0.0,0.0102115856320221,0.0,0.0,0000,0.0083612140528263,0.0044745662858167,25,25,1,Unanimous B/LB-directed,current_missense_f2
NC_000011.10:108253842:T:C,ATM,0,0.0022046187424164,0.0,5.585748469179773e-05,0.0,0.0159111070275734,0.0,0.0152454097479703,0.0,0.0,0000,0.008354248250663,0.0044702928048035,25,25,1,Unanimous B/LB-directed,current_missense_f2
NC_000011.10:108254033:T:A,ATM,0,0.0028289756364501,0.0,4.120962604775632e-05,0.0,0.0128470043439744,0.0,0.0264670910280409,0.0,0.0,0000,0.0105460701586283,0.0058396197606838,24,25,1,Unanimous B/LB-directed,current_missense_f2
NC_000011.10:108267287:C:A,ATM,0,0.0156711902620255,0.0,2.541501523457052e-05,0.0,1.1131775484968544e-07,0.0,0.0102115856320221,0.0,0.0,0000,0.0064770755567592,0.0033394135127843,25,25,1,Unanimous B/LB-directed,current_missense_f2
NC_000011.10:108301775:C:A,ATM,0,0.0312595303002309,0.0,0.0479152502201599,0.0,0.2971375221207509,0.0,0.167799005707282,0.0,0.0,0000,0.1360278270871059,0.1128243856942516,25,25,1,Unanimous B/LB-directed,current_missense_f2
NC_000011.10:108302886:C:A,ATM,0,0.0165342635692833,0.0,0.0076748111027879,0.0,1.1131775484968544e-07,0.0,0.0135739756432743,0.0,0.0,0000,0.0094457904082751,0.0051462382877309,25,25,1,Unanimous B/LB-directed,current_missense_f2
NC_000011.10:108329039:A:G,ATM,0,0.0066970988876191,0.0,0.0001707523306742,0.0,0.0128470043439744,0.0,0.0122813999383013,0.0,0.0,0000,0.0079990638751422,0.0042531043685382,25,25,1,Unanimous B/LB-directed,current_missense_f2
NC_000011.10:108334990:G:A,ATM,0,0.005269781372194,0.0,5.296996519609122e-05,0.0,0.0019635350054078,0.0,0.0130924747665968,0.0,0.0,0000,0.0050946902773487,0.0025366842645191,25,25,1,Unanimous B/LB-directed,current_missense_f2
NC_000013.11:32326517:A:G,BRCA2,0,0.0053127201029417,0.0,0.0007211374245861,0.0,1.1131775484968544e-07,0.0,0.0102115856320221,0.0,0.0,0000,0.0040613886193262,0.0019569693632187,22,25,1,Unanimous B/LB-directed,current_missense_f2
NC_000013.11:32329473:T:G,BRCA2,0,0.0179544330592212,0.0,0.0195456688325437,0.0,0.0740181715910783,0.0,0.0209712798834235,0.0,0.0,0000,0.0331223883415667,0.0217972699190728,22,25,1,Unanimous B/LB-directed,current_missense_f2
NC_000013.11:32332427:C:G,BRCA2,0,0.00847310000711,0.0,0.0004634967646268,0.0,0.0019635350054078,0.0,0.0212370750505365,0.0,0.0,0000,0.0080343017069203,0.0042745882617839,22,25,1,Unanimous B/LB-directed,current_missense_f2
NC_000013.11:32332440:A:C,BRCA2,0,0.0073130234048163,0.0,0.0053120823009182,0.0,0.0044021252521456,0.0,0.010547532531996,0.0,0.0,0000,0.006893690872469,0.003586633745286,22,25,1,Unanimous B/LB-directed,current_missense_f2
NC_000013.11:32332549:G:A,BRCA2,0,0.0032474011508391,0.0,0.0002387247499705,0.0,1.1131775484968544e-07,0.0,0.0102115856320221,0.0,0.0,0000,0.0034244557126466,0.0016099665827198,22,25,1,Unanimous B/LB-directed,current_missense_f2
NC_000013.11:32332936:G:T,BRCA2,0,0.0083340128234429,0.0,0.0002453901049649,0.0,1.1131775484968544e-07,0.0,0.0102115856320221,0.0,0.0,0000,0.0046977749695462,0.0023117439533552,22,25,1,Unanimous B/LB-directed,current_missense_f2
NC_000013.11:32333155:A:G,BRCA2,0,0.0044559417366177,0.0,0.0003922878227434,0.0,1.1131775484968544e-07,0.0,0.0102115856320221,0.0,0.0,0000,0.0037649816272845,0.0017944145922271,22,25,1,Unanimous B/LB-directed,current_missense_f2
NC_000013.11:32333273:C:T,BRCA2,0,0.0136486840110357,0.0,0.0056200435861621,0.0,0.0019635350054078,0.0,0.0102115856320221,0.0,0.0,0000,0.0078609620586569,0.0041690428724353,22,25,1,Unanimous B/LB-directed,current_missense_f2
NC_000013.11:32336492:A:C,BRCA2,0,0.1438480262593394,0.0,0.2211363896834298,0.0,0.0506521655168864,0.0,0.0120082474384935,0.0,0.0,0000,0.1069112072245373,0.0850897608451492,22,25,1,Unanimous B/LB-directed,current_missense_f2
NC_000013.11:32336837:A:G,BRCA2,0,0.0529202746895008,0.0,0.0196853079407673,0.0,1.1131775484968544e-07,0.0,0.0145428926985138,0.0,0.0,0000,0.0217871466616342,0.0134451011138618,22,25,1,Unanimous B/LB-directed,current_missense_f2
NC_000013.11:32336922:T:A,BRCA2,0,0.026548248504219,0.0,0.0124126818903248,0.0,1.1131775484968544e-07,0.0,0.014739282690638,0.0,0.0,0000,0.0134250811007341,0.0077041306602585,22,25,1,Unanimous B/LB-directed,current_missense_f2
NC_000013.11:32337116:T:A,BRCA2,0,0.0519909069487475,0.0,0.0259758269194093,0.0,1.1131775484968544e-07,0.0,0.0316432228039693,0.0,0.0,0000,0.0274025169974702,0.0175127567128463,22,25,1,Unanimous B/LB-directed,current_missense_f2
NC_000013.11:32337319:T:G,BRCA2,0,0.02272385114915,0.0,0.0081256647672426,0.0,0.0044021252521456,0.0,0.012601671661757,0.0,0.0,0000,0.0119633282075738,0.0067489197502066,22,25,1,Unanimous B/LB-directed,current_missense_f2
NC_000013.11:32337325:A:G,BRCA2,0,0.0194772728105271,0.0,0.0010793182592974,0.0,1.1131775484968544e-07,0.0,0.0102115856320221,0.0,0.0,0000,0.0076920720049004,0.0040665405569079,21,25,1,Unanimous B/LB-directed,current_missense_f2
NC_000013.11:32337428:A:G,BRCA2,0,0.0288739758303727,0.0,0.0359235035683239,0.0,0.0019635350054078,0.0,0.0102115856320221,0.0,0.0,0000,0.0192431500090316,0.0116542254973296,22,25,1,Unanimous B/LB-directed,current_missense_f2
NC_000013.11:32337476:G:A,BRCA2,0,0.0053975028528734,0.0,0.0010535607932419,0.0,1.1131775484968544e-07,0.0,0.0167043015849028,0.0,0.0,0000,0.0057888691371932,0.0029362350770734,22,25,1,Unanimous B/LB-directed,current_missense_f2
NC_000013.11:32337890:G:A,BRCA2,0,0.0324329305608814,0.0,0.0489784240031906,0.0,0.0223153281547232,0.0,0.0166201962145636,0.0,0.0,0000,0.0300867197333397,0.0195069416173434,22,25,1,Unanimous B/LB-directed,current_missense_f2
NC_000013.11:32337956:A:G,BRCA2,0,0.0052263195288911,0.0,0.0038271385423359,0.0,1.1131775484968544e-07,0.0,0.0102115856320221,0.0,0.0,0000,0.004816288755251,0.0023786262830459,22,25,1,Unanimous B/LB-directed,current_missense_f2
NC_000013.11:32338202:T:G,BRCA2,0,0.0094118116601762,0.0,0.0076320355626418,0.0,1.1131775484968544e-07,0.0,0.0102115856320221,0.0,0.0,0000,0.0068138860431487,0.0035391012521062,22,25,1,Unanimous B/LB-directed,current_missense_f2
NC_000013.11:32338313:A:G,BRCA2,0,0.0023631530715437,0.0,0.0010320425160972,0.0,1.1131775484968544e-07,0.0,0.0102115856320221,0.0,0.0,0000,0.0034017231343545,0.0015977454656406,22,25,1,Unanimous B/LB-directed,current_missense_f2
NC_000013.11:32338433:A:T,BRCA2,0,0.0142952692959324,0.0,0.0291387536751056,0.0,0.0159111070275734,0.0,0.0102115856320221,0.0,0.0,0000,0.0173891789076584,0.0103720869156664,22,25,1,Unanimous B/LB-directed,current_missense_f2
NC_000013.11:32338517:C:A,BRCA2,0,0.009876060400404,0.0,0.0104244165569917,0.0,0.0324907120633208,0.0,0.0102115856320221,0.0,0.0,0000,0.0157506936631846,0.0092565182616788,22,25,1,Unanimous B/LB-directed,current_missense_f2
NC_000013.11:32338947:A:T,BRCA2,0,0.279110135298112,0.0,0.2704800359493274,0.0,0.0589698786295651,0.0,0.0229181263113424,0.0,0.0,0000,0.1578695440470867,0.1343632772151308,22,25,1,Unanimous B/LB-directed,current_missense_f2
NC_000013.11:32339024:C:G,BRCA2,0,0.0092789410171832,0.0,0.0005234143968992,0.0,0.0019635350054078,0.0,0.0102115856320221,0.0,0.0,0000,0.0054943690128781,0.0027658129119775,22,25,1,Unanimous B/LB-directed,current_missense_f2
NC_000013.11:32339039:A:G,BRCA2,0,0.0259130914313907,0.0,0.0096010231793997,0.0,0.0190705854324522,0.0,0.0155575037823487,0.0,0.0,0000,0.0175355509563978,0.0104725662875797,22,25,1,Unanimous B/LB-directed,current_missense_f2
NC_000013.11:32339072:G:A,BRCA2,0,0.0191305140618918,0.0,0.0073682225232084,0.0,0.0019635350054078,0.0,0.0119323270564585,0.0,0.0,0000,0.0100986496617416,0.0055562748216503,22,25,1,Unanimous B/LB-directed,current_missense_f2
NC_000013.11:32339180:C:T,BRCA2,0,0.0060587251652932,0.0,0.0014142708521094,0.0,1.1131775484968544e-07,0.0,0.0117643773655301,0.0,0.0,0000,0.0048093711751719,0.0023747156971939,22,25,1,Unanimous B/LB-directed,current_missense_f2
NC_000013.11:32340037:G:C,BRCA2,0,0.1783636561089462,0.0,0.4755827374395711,0.0,0.1335579078146422,0.0,0.1296312976013678,0.0,0.0,0000,0.2292838997411318,0.2082435504927168,22,25,1,Unanimous B/LB-directed,current_missense_f2
NC_000013.11:32340086:A:T,BRCA2,0,0.0238705649050668,0.0,0.0092431036579943,0.0,0.0019635350054078,0.0,0.0102115856320221,0.0,0.0,0000,0.0113221973001228,0.0063354247917205,22,25,1,Unanimous B/LB-directed,current_missense_f2
NC_000013.11:32346894:C:G,BRCA2,0,0.0424381539157471,0.0,0.0133703137639275,0.0,1.1131775484968544e-07,0.0,0.0102115856320221,0.0,0.0,0000,0.0165050411573629,0.0097679879208224,22,25,1,Unanimous B/LB-directed,current_missense_f2
NC_000013.11:32354869:G:C,BRCA2,0,0.0080153199925328,0.0,0.0009622200022255,0.0,0.0128470043439744,0.0,0.0122887067004382,0.0,0.0,0000,0.0085283127597927,0.0045772393840164,22,25,1,Unanimous B/LB-directed,current_missense_f2
NC_000013.11:32355267:A:C,BRCA2,0,0.005090928130857,0.0,0.0051533463354663,0.0,0.0044021252521456,0.0,0.0102115856320221,0.0,0.0,0000,0.0062144963376227,0.0031847968179331,22,25,1,Unanimous B/LB-directed,current_missense_f2
NC_000013.11:32362611:C:G,BRCA2,0,0.4800550513331825,0.0,0.5110899938019734,0.0,0.4847892052167135,0.0,0.1118149538761207,0.0,0.0,0000,0.3969373010569975,0.3944408242059798,22,25,1,Unanimous B/LB-directed,current_missense_f2
NC_000013.11:32363223:G:T,BRCA2,0,0.3658597443274039,0.0,0.3769661080747569,0.0,0.3022218252203845,0.0,0.0597005256640433,0.0,0.0,0000,0.2761870508216472,0.2589750831625064,22,25,1,Unanimous B/LB-directed,current_missense_f2
NC_000013.11:32376698:C:T,BRCA2,0,0.0248691780750182,0.0,0.0300908875738791,0.0,1.1131775484968544e-07,0.0,0.0200575448396151,0.0,0.0,0000,0.0187544304515668,0.0113142871796864,22,25,1,Unanimous B/LB-directed,current_missense_f2
NC_000013.11:32379400:G:A,BRCA2,0,0.0018254273806799,0.0,0.0147131370919971,0.0,0.0685758224767935,0.0,0.0143379778992392,0.0,0.0,0000,0.0248630912121774,0.0156548884729603,22,25,1,Unanimous B/LB-directed,current_missense_f2
NC_000013.11:32379412:G:T,BRCA2,0,0.0055865647996796,0.0,0.060673027993027,0.0,0.0703818251438623,0.0,0.0102115856320221,0.0,0.0,0000,0.0367132508921478,0.0245510928618424,22,25,1,Unanimous B/LB-directed,current_missense_f2
NC_000013.11:32394801:A:C,BRCA2,0,0.1044776430857119,0.0,0.2450443444025515,0.0,0.4531326700468335,0.0,0.2233020159496473,0.0,0.0,0000,0.256489168371186,0.2374951057027904,22,25,1,Unanimous B/LB-directed,current_missense_f2
NC_000015.10:90761086:C:T,BLM,0,0.0563408312161668,0.0,0.2169353932142027,0.0,0.0395922027528832,0.0,0.0108513569478775,0.0,0.0,0000,0.0809299460327826,0.0614674292370288,24,25,1,Unanimous B/LB-directed,current_missense_f2
NC_000015.10:90811221:G:C,BLM,0,0.0123016521067973,0.0,0.0055720587258197,0.0,1.1131775484968544e-07,0.0,0.0102115856320221,0.0,0.0,0000,0.0070213519455985,0.0036628397085885,25,25,1,Unanimous B/LB-directed,current_missense_f2
NC_000015.10:90815237:A:G,BLM,0,0.0126613017423428,0.0,0.0011956765769113,0.0,0.0019635350054078,0.0,0.0105288616454353,0.0,0.0,0000,0.0065873437425243,0.0034046233890683,24,25,1,Unanimous B/LB-directed,current_missense_f2
NC_000016.10:23629228:T:A,PALB2,0,0.0273408602360546,0.0,0.0213856448099105,0.0,0.0044021252521456,0.0,0.0102115856320221,0.0,0.0,0000,0.0158350539825332,0.0093135319710136,24,25,1,Unanimous B/LB-directed,current_missense_f2
NC_000016.10:23629898:C:A,PALB2,0,0.0208056581814796,0.0,0.0115194579061476,0.0,0.0190705854324522,0.0,0.0102115856320221,0.0,0.0,0000,0.0154018217880254,0.0090212421092117,24,25,1,Unanimous B/LB-directed,current_missense_f2
NC_000016.10:23630171:G:A,PALB2,0,0.009779270825216,0.0,0.0012520443541018,0.0,0.0223153281547232,0.0,0.0197212264992754,0.0,0.0,0000,0.0132669674583291,0.0076000066159022,24,25,1,Unanimous B/LB-directed,current_missense_f2
NC_000016.10:68738360:C:T,CDH1,0,0.0079454138574015,0.0,0.0076034366371708,0.0,0.0290310392376703,0.0,0.0132055437274795,0.0,0.0,0000,0.0144463583649305,0.0083811403743726,24,25,1,Unanimous B/LB-directed,current_missense_f2
NC_000016.10:68738407:A:G,CDH1,0,0.0119798976250417,0.0,0.0301845849702875,0.0,0.0582685284747219,0.0,0.0116999300805353,0.0,0.0,0000,0.0280332352876466,0.0179786118289325,24,25,1,Unanimous B/LB-directed,current_missense_f2
NC_000016.10:68801726:G:A,CDH1,0,0.0024415293716009,0.0,0.005102431289327,0.0,0.0208304156732821,0.0,0.0102115856320221,0.0,0.0,0000,0.009646490491558,0.0052718492393714,24,25,1,Unanimous B/LB-directed,current_missense_f2
NC_000016.10:68801728:T:C,CDH1,0,0.3705124557724615,0.0,0.5249333233612853,0.0,0.5063751207054946,0.0,0.4379679759231155,0.0,0.0,0000,0.4599472189405892,0.4664480493288326,23,25,1,Unanimous B/LB-directed,current_missense_f2
NC_000016.10:68801740:A:C,CDH1,0,0.0059218058911074,0.0,0.0051312201764847,0.0,0.0044021252521456,0.0,0.0103639666393928,0.0,0.0,0000,0.0064547794897826,0.0033262480774738,23,25,1,Unanimous B/LB-directed,current_missense_f2
NC_000016.10:68801849:C:T,CDH1,0,0.0082015615508336,0.0,0.0064295202144015,0.0,0.0019635350054078,0.0,0.0145896841843848,0.0,0.0,0000,0.0077960752387569,0.0041296226441209,24,25,1,Unanimous B/LB-directed,current_missense_f2
NC_000016.10:68801876:G:A,CDH1,0,0.0057022825320669,0.0,0.001056063072752,0.0,0.0506521655168864,0.0,0.0106649176523059,0.0,0.0,0000,0.0170188571935028,0.0101184637375569,24,25,1,Unanimous B/LB-directed,current_missense_f2
NC_000016.10:68812257:A:C,CDH1,0,0.0047215569568025,0.0,0.002702655465099,0.0,0.0395922027528832,0.0,0.0327446233291301,0.0,0.0,0000,0.0199402596259787,0.0121414555708695,25,25,1,Unanimous B/LB-directed,current_missense_f2
NC_000016.10:68815758:C:T,CDH1,0,0.1377832783635738,0.0,0.1129644616335084,0.0,0.0565215487029239,0.0,0.0406084622418203,0.0,0.0,0000,0.0869694377354566,0.0668515529177177,24,25,1,Unanimous B/LB-directed,current_missense_f2
NC_000016.10:89738704:G:A,FANCA,0,,,,,,,,,,,,,2,25,0,,current_missense_f2
NC_000016.10:89738896:G:A,FANCA,0,,,,,,,,,,,,,2,25,0,,current_missense_f2
NC_000016.10:89738905:T:C,FANCA,0,,,,,,,,,,,,,2,25,0,,current_missense_f2
NC_000016.10:89738968:G:A,FANCA,0,,,,,,,,,,,,,2,25,0,,current_missense_f2
NC_000016.10:89740070:T:G,FANCA,0,0.1362411286824702,0.0,0.021310528282499,0.0,0.0582685284747219,0.0,0.0518428005395267,0.0,0.0,0000,0.0669157464948044,0.0492548467248522,25,25,1,Unanimous B/LB-directed,current_missense_f2
NC_000016.10:89814599:A:G,FANCA,0,0.0110843459766476,0.0,6.590395854917906e-05,0.0,1.1131775484968544e-07,0.0,0.0102115856320221,0.0,0.0,0000,0.0053404867212434,0.0026772939930195,25,25,1,Unanimous B/LB-directed,current_missense_f2
NC_000017.11:7669631:T:G,TP53,0,0.0393555335322264,0.0,0.0594772323646628,0.0,0.0513368976011567,0.0,0.0102115856320221,0.0,0.0,0000,0.040095312282517,0.0271859670549615,23,25,1,Unanimous B/LB-directed,current_missense_f2
NC_000017.11:7669637:A:G,TP53,0,0.0171499043096161,0.0,0.0069977660483539,0.0,0.0070662659015644,0.0,0.0102115856320221,0.0,0.0,0000,0.0103563804728891,0.0057192655003286,23,25,1,Unanimous B/LB-directed,current_missense_f2
NC_000017.11:7669654:C:A,TP53,0,0.1662349984574382,0.0,0.1573182453390287,0.0,0.0506521655168864,0.0,0.0105058965216877,0.0,0.0,0000,0.0961778264587602,0.0751891042264268,24,25,1,Unanimous B/LB-directed,current_missense_f2
NC_000017.11:7670688:C:G,TP53,0,0.0079451497742637,0.0,0.0294505704945601,0.0,1.1131775484968544e-07,0.0,0.0102115856320221,0.0,0.0,0000,0.0119018543046502,0.0067091231404043,24,25,1,Unanimous B/LB-directed,current_missense_f2
NC_000017.11:7673222:G:A,TP53,0,,,,,,,,,,,,,2,25,0,,current_missense_f2
NC_000017.11:7673557:C:T,TP53,0,0.0531003994333744,0.0,0.0665720739661703,0.0,0.0862379957812078,0.0,0.0428869991799054,0.0,0.0,0000,0.0621993670901645,0.0452406851483837,24,25,1,Unanimous B/LB-directed,current_missense_f2
NC_000017.11:7673597:G:C,TP53,0,0.0363072941765947,0.0,0.0081766507292091,0.0,0.0582685284747219,0.0,0.0102115856320221,0.0,0.0,0000,0.028241014753137,0.0181324527075857,24,25,1,Unanimous B/LB-directed,current_missense_f2
NC_000017.11:7673598:T:C,TP53,0,0.0110195837130399,0.0,0.0007424829335368,0.0,0.0821283368672506,0.0,0.0111801647730992,0.0,0.0,0000,0.0262676420717317,0.0166788921310545,24,25,1,Unanimous B/LB-directed,current_missense_f2
NC_000017.11:7673814:T:A,TP53,0,0.0763345369337201,0.0,0.2301464804896623,0.0,0.0621437145057785,0.0,0.022366166910973,0.0,0.0,0000,0.0977477247100335,0.076625298718769,24,25,1,Unanimous B/LB-directed,current_missense_f2
NC_000017.11:7674202:T:C,TP53,0,0.2768512674138696,0.0,0.3204482641258206,0.0,0.3900731864142872,0.0,0.2081699195810828,0.0,0.0,0000,0.2988856593837651,0.2839970848773313,25,25,1,Unanimous B/LB-directed,current_missense_f2
NC_000017.11:7676172:T:C,TP53,0,0.0235148040680196,0.0,0.0002470063521558,0.0,0.0128470043439744,0.0,0.0102115856320221,0.0,0.0,0000,0.011705100099043,0.006581960531067,24,25,1,Unanimous B/LB-directed,current_missense_f2
NC_000017.11:7676224:G:T,TP53,0,0.025085604625376,0.0,0.000248006229638,0.0,0.0190705854324522,0.0,0.0102115856320221,0.0,0.0,0000,0.0136539454798721,0.0078551796667708,24,25,1,Unanimous B/LB-directed,current_missense_f2
NC_000017.11:35101015:C:A,RAD51D,0,0.065608535369761,0.0,0.0278967714078254,0.0,0.0019635350054078,0.0,0.0251640458460182,0.0,0.0,0000,0.0301582219072531,0.0195604702660114,23,25,1,Unanimous B/LB-directed,current_missense_f2
NC_000017.11:35101259:C:G,RAD51D,0,0.0158068506529667,0.0,0.0010024685203899,0.0,0.0256375490382913,0.0,0.0136142069811488,0.0,0.0,0000,0.0140152687981992,0.0080944405810031,24,25,1,Unanimous B/LB-directed,current_missense_f2
NC_000017.11:43045732:T:C,BRCA1,0,0.0009336153442023,0.0,0.0019795496642444,0.0,0.0070662659015644,0.0,0.0102115856320221,0.0,0.0,0000,0.0050477541355083,0.0025099459942732,25,25,1,Unanimous B/LB-directed,current_missense_f2
NC_000017.11:43045797:A:T,BRCA1,0,,,,,,,,,,,,,2,25,0,,current_missense_f2
NC_000017.11:43047643:A:G,BRCA1,0,,,,,,,,,,,,,2,25,0,,current_missense_f2
NC_000017.11:43047646:G:A,BRCA1,0,,,,,,,,,,,,,2,25,0,,current_missense_f2
NC_000017.11:43047649:G:C,BRCA1,0,,,,,,,,,,,,,2,25,0,,current_missense_f2
NC_000017.11:43047685:C:G,BRCA1,0,,,,,,,,,,,,,2,25,0,,current_missense_f2
NC_000017.11:43047700:A:G,BRCA1,0,,,,,,,,,,,,,2,25,0,,current_missense_f2
NC_000017.11:43051082:G:C,BRCA1,0,0.3665574516473558,0.0,0.4785532378543126,0.0,0.4425910592772093,0.0,0.6037730862099361,0.0,0.0,0000,0.4728687087472034,0.4812301681820048,25,25,1,Unanimous B/LB-directed,current_missense_f2
NC_000017.11:43057083:G:T,BRCA1,0,0.9894942634053968,1.0,0.980764678345943,1.0,0.9848108136086886,1.0,0.9597935813683964,1.0,4.0,1111,0.9787158341821064,0.9881176187364292,24,25,1,Unanimous LP/P-directed,current_missense_f2
NC_000017.11:43063892:T:G,BRCA1,0,0.8708022069462209,1.0,0.9348090107124172,1.0,0.5269810031546538,0.0,0.4486297989282399,0.0,2.0,1100,0.695305504935383,0.7293088749229241,24,25,1,Mixed votes,current_missense_f2
NC_000017.11:43067637:C:T,BRCA1,0,0.2615940066156449,0.0,0.4792175112848584,0.0,0.6875548264319251,1.0,0.6228522630439662,0.0,1.0,0010,0.5128046518440986,0.5268351143423631,25,25,1,Mixed votes,current_missense_f2
NC_000017.11:43067651:G:T,BRCA1,0,0.0183706801915873,0.0,0.0833083404083969,0.0,0.0469147198227243,0.0,0.0102115856320221,0.0,0.0,0000,0.0397013315136827,0.0268770596160575,24,25,1,Unanimous B/LB-directed,current_missense_f2
NC_000017.11:43067681:T:G,BRCA1,0,0.2802726326353342,0.0,0.4012246316315285,0.0,0.4005431061764969,0.0,0.157057205732713,0.0,0.0,0000,0.3097743940440182,0.2960910642052977,24,25,1,Unanimous B/LB-directed,current_missense_f2
NC_000017.11:43067687:A:C,BRCA1,0,0.862851087164142,1.0,0.8447113649825027,1.0,0.7568498980326158,1.0,0.6847787052148651,0.0,3.0,1110,0.7872977638485315,0.823967240058601,25,25,1,Mixed votes,current_missense_f2
NC_000017.11:43070928:A:G,BRCA1,0,0.0160139109908865,0.0,0.0024578270141254,0.0,0.0159111070275734,0.0,0.0269630742531802,0.0,0.0,0000,0.0153364798214414,0.0089772670456859,25,25,1,Unanimous B/LB-directed,current_missense_f2
NC_000017.11:43070983:C:G,BRCA1,0,0.0341176857945707,0.0,0.0065454667026527,0.0,1.1131775484968544e-07,0.0,0.0102115856320221,0.0,0.0,0000,0.0127187123617501,0.0072404417432045,24,25,1,Unanimous B/LB-directed,current_missense_f2
NC_000017.11:43070992:C:A,BRCA1,0,0.0062711295975282,0.0,7.546925796758994e-05,0.0,0.0159111070275734,0.0,0.0102115856320221,0.0,0.0,0000,0.0081173228787728,0.0043252604414188,24,25,1,Unanimous B/LB-directed,current_missense_f2
NC_000017.11:43071147:C:T,BRCA1,0,0.0037320592707467,0.0,3.768835094886096e-06,0.0,0.0070662659015644,0.0,0.0102115856320221,0.0,0.0,0000,0.005253419909857,0.0026273754192437,25,25,1,Unanimous B/LB-directed,current_missense_f2
NC_000017.11:43082556:G:A,BRCA1,0,0.0004160454994354,0.0,6.835839559202706e-05,0.0,0.0019635350054078,0.0,0.0102115856320221,0.0,0.0,0000,0.0031648811331143,0.001471138221344,25,25,1,Unanimous B/LB-directed,current_missense_f2
NC_000017.11:43091572:A:G,BRCA1,0,0.0013548103070022,0.0,3.753167974825402e-05,0.0,0.0044021252521456,0.0,0.0102115856320221,0.0,0.0,0000,0.0040015132177295,0.0019239885309996,25,25,1,Unanimous B/LB-directed,current_missense_f2
NC_000017.11:43091732:G:C,BRCA1,0,0.0937511780567772,0.0,0.0939095095058428,0.0,0.151604940977701,0.0,0.2103162653482879,0.0,0.0,0000,0.1373954734721522,0.114155789936589,25,25,1,Unanimous B/LB-directed,current_missense_f2
NC_000017.11:43091747:T:A,BRCA1,0,0.0166973510160441,0.0,0.000664902305839,0.0,0.0044021252521456,0.0,0.0203439759397454,0.0,0.0,0000,0.0105270886284435,0.0058275615155505,24,25,1,Unanimous B/LB-directed,current_missense_f2
NC_000017.11:43091832:T:C,BRCA1,0,0.0140165820950455,0.0,0.0113463557752771,0.0,0.0544374204832184,0.0,0.0102115856320221,0.0,0.0,0000,0.0225029859963908,0.0139551866539337,24,25,1,Unanimous B/LB-directed,current_missense_f2
NC_000017.11:43091873:C:A,BRCA1,0,0.0663046257650273,0.0,0.0806953328070277,0.0,0.1030167056721167,0.0,0.0166867835611854,0.0,0.0,0000,0.0666758619513393,0.0490494530523837,24,25,1,Unanimous B/LB-directed,current_missense_f2
NC_000017.11:43092063:T:G,BRCA1,0,0.0154587659024984,0.0,0.0258580511320136,0.0,0.0223153281547232,0.0,0.0102115856320221,0.0,0.0,0000,0.0184609327053143,0.0111108026843339,24,25,1,Unanimous B/LB-directed,current_missense_f2
NC_000017.11:43092098:C:A,BRCA1,0,0.0653026104334279,0.0,0.1163183277969175,0.0,0.0469147198227243,0.0,0.0102115856320221,0.0,0.0,0000,0.059686810921273,0.0431235113478089,24,25,1,Unanimous B/LB-directed,current_missense_f2
NC_000017.11:43092618:T:C,BRCA1,0,0.0056945581497533,0.0,8.35412662398764e-05,0.0,1.1131775484968544e-07,0.0,0.0102115856320221,0.0,0.0,0000,0.0039974490914425,0.0019217525125256,24,25,1,Unanimous B/LB-directed,current_missense_f2
NC_000017.11:43092646:C:T,BRCA1,0,0.0048323939950138,0.0,0.0004910437633568,0.0,0.0070662659015644,0.0,0.0102115856320221,0.0,0.0,0000,0.0056503223229893,0.0028558969251546,25,25,1,Unanimous B/LB-directed,current_missense_f2
NC_000017.11:43093015:G:A,BRCA1,0,0.0007679899780257,0.0,0.0002309708093987,0.0,0.0098920421195228,0.0,0.0102115856320221,0.0,0.0,0000,0.0052756471347423,0.0026401075954896,24,25,1,Unanimous B/LB-directed,current_missense_f2
NC_000017.11:43093056:T:A,BRCA1,0,0.0131488047936827,0.0,0.0053069348937418,0.0,0.0190705854324522,0.0,0.0102115856320221,0.0,0.0,0000,0.0119344776879747,0.0067302387843338,24,25,1,Unanimous B/LB-directed,current_missense_f2
NC_000017.11:43093195:T:A,BRCA1,0,0.0091463862200543,0.0,0.0041834671890114,0.0,0.0070662659015644,0.0,0.0116485495928555,0.0,0.0,0000,0.0080111672258714,0.0042604819792325,24,25,1,Unanimous B/LB-directed,current_missense_f2
NC_000017.11:43093244:T:A,BRCA1,0,0.0199905772405427,0.0,0.0095666271400003,0.0,0.0324907120633208,0.0,0.0352799042466701,0.0,0.0,0000,0.0243319551726335,0.0152700370051307,25,25,1,Unanimous B/LB-directed,current_missense_f2
NC_000017.11:43093556:C:T,BRCA1,0,0.0228250071612254,0.0,7.086003068769981e-05,0.0,0.0019635350054078,0.0,0.0102115856320221,0.0,0.0,0000,0.0087677469573357,0.0047248838088211,25,25,1,Unanimous B/LB-directed,current_missense_f2
NC_000017.11:43093567:A:C,BRCA1,0,0.0108110536043761,0.0,0.0008792938840318,0.0,0.0044021252521456,0.0,0.0102115856320221,0.0,0.0,0000,0.0065760145931439,0.0033979160991367,24,25,1,Unanimous B/LB-directed,current_missense_f2
NC_000017.11:43093629:G:C,BRCA1,0,0.0325260774740696,0.0,0.1155576641612296,0.0,0.0223153281547232,0.0,0.0102115856320221,0.0,0.0,0000,0.0451526638555111,0.0311950389735143,24,25,1,Unanimous B/LB-directed,current_missense_f2
NC_000017.11:43093786:T:C,BRCA1,0,0.0055595214932382,0.0,0.0009502980136434,0.0,0.0190705854324522,0.0,0.0102115856320221,0.0,0.0,0000,0.008947997642839,0.0048364340888792,25,25,1,Unanimous B/LB-directed,current_missense_f2
NC_000017.11:43094019:C:T,BRCA1,0,0.0023317621604339,0.0,0.002547317238116,0.0,1.1131775484968544e-07,0.0,0.0102115856320221,0.0,0.0,0000,0.0037726940870817,0.0017986212114105,25,25,1,Unanimous B/LB-directed,current_missense_f2
NC_000017.11:43094112:T:A,BRCA1,0,0.0133904404440837,0.0,0.0376894750523824,0.0,0.0098920421195228,0.0,0.0102115856320221,0.0,0.0,0000,0.0177958858120028,0.0106515998916777,24,25,1,Unanimous B/LB-directed,current_missense_f2
NC_000017.11:43094269:C:T,BRCA1,0,0.0024580274416492,0.0,0.0001856455574297,0.0,0.0044021252521456,0.0,0.0102115856320221,0.0,0.0,0000,0.0043143459708117,0.0020970799529828,24,25,1,Unanimous B/LB-directed,current_missense_f2
NC_000017.11:43094290:C:A,BRCA1,0,0.0072140124816816,0.0,0.0065277777567616,0.0,0.0044021252521456,0.0,0.0199984093023153,0.0,0.0,0000,0.009535581198226,0.0052023859258477,24,25,1,Unanimous B/LB-directed,current_missense_f2
NC_000017.11:43094322:G:A,BRCA1,0,0.0060071188298884,0.0,0.0025543869143835,0.0,0.0044021252521456,0.0,0.0102115856320221,0.0,0.0,0000,0.0057938041571099,0.0029391019927952,24,25,1,Unanimous B/LB-directed,current_missense_f2
NC_000017.11:43094400:C:T,BRCA1,0,0.0037939150851446,0.0,0.0052979808202405,0.0,0.0360123092921856,0.0,0.0102115856320221,0.0,0.0,0000,0.0138289477073982,0.007970942721674,24,25,1,Unanimous B/LB-directed,current_missense_f2
NC_000017.11:43094403:T:C,BRCA1,0,0.0067178076951544,0.0,0.0094664628555857,0.0,0.0161945641363587,0.0,0.0102115856320221,0.0,0.0,0000,0.0106476050797802,0.0059041767026047,24,25,1,Unanimous B/LB-directed,current_missense_f2
NC_000017.11:43094466:T:C,BRCA1,0,0.00457071717203,0.0,0.0046932576209562,0.0,0.0324907120633208,0.0,0.0112474798720989,0.0,0.0,0000,0.0132505416821015,0.0075892004564096,24,25,1,Unanimous B/LB-directed,current_missense_f2
NC_000017.11:43094743:C:A,BRCA1,0,0.0214734748918355,0.0,0.0113053039984915,0.0,0.0290310392376703,0.0,0.011251802024472,0.0,0.0,0000,0.0182654050381173,0.010975521788387,24,25,1,Unanimous B/LB-directed,current_missense_f2
NC_000017.11:43104879:T:A,BRCA1,0,0.0275052196245603,0.0,0.0870624441109468,0.0,0.0360123092921856,0.0,0.0102115856320221,0.0,0.0,0000,0.0401978896649287,0.0272664778962969,24,25,1,Unanimous B/LB-directed,current_missense_f2
NC_000017.11:43104885:G:T,BRCA1,0,0.1061072038645625,0.0,0.110350426544996,0.0,0.3073171942346067,0.0,0.2725603756413036,0.0,0.0,0000,0.1990838000713672,0.1764297524738926,24,25,1,Unanimous B/LB-directed,current_missense_f2
NC_000017.11:43104945:C:T,BRCA1,0,0.0841214785972651,0.0,0.2742348587901411,0.0,0.2718942378899326,0.0,0.1443654891402193,0.0,0.0,0000,0.1936540161043896,0.1707925559081286,24,25,1,Unanimous B/LB-directed,current_missense_f2
NC_000017.11:43124057:A:T,BRCA1,0,0.0431422888698323,0.0,0.1366820448978071,0.0,0.0190705854324522,0.0,0.0102115856320221,0.0,0.0,0000,0.0522766262080285,0.036970900297426,24,25,1,Unanimous B/LB-directed,current_missense_f2
NC_000017.11:58692749:A:G,RAD51C,0,0.3778829684628281,0.0,0.1554097135025361,0.0,0.3484376291801778,0.0,0.1650729055768025,0.0,0.0,0000,0.2617008041805861,0.2431553140642997,25,25,1,Unanimous B/LB-directed,current_missense_f2
NC_000017.11:58694933:T:C,RAD51C,0,0.0118188375549952,0.0,0.0292394615303444,0.0,0.0159111070275734,0.0,0.0132818800354827,0.0,0.0,0000,0.0175628215370989,0.010491301083705,25,25,1,Unanimous B/LB-directed,current_missense_f2
NC_000017.11:61683500:G:A,BRIP1,0,0.005733781910115,0.0,8.011921006513525e-05,0.0,1.1131775484968544e-07,0.0,0.0102115856320221,0.0,0.0,0000,0.0040063995174893,0.0019266773358956,24,25,1,Unanimous B/LB-directed,current_missense_f2
NC_000017.11:61683601:G:C,BRIP1,0,0.0087876544316,0.0,0.0015285324514867,0.0,1.1131775484968544e-07,0.0,0.0102115856320221,0.0,0.0,0000,0.0051319709582159,0.0025579479318744,23,25,1,Unanimous B/LB-directed,current_missense_f2
NC_000017.11:61683737:A:G,BRIP1,0,0.0133221528099306,0.0,0.0021619229043847,0.0,1.1131775484968544e-07,0.0,0.0102115856320221,0.0,0.0,0000,0.0064239431660231,0.0033080508816326,23,25,1,Unanimous B/LB-directed,current_missense_f2
NC_000017.11:61793712:C:A,BRIP1,0,0.0045098912315649,0.0,0.0015172239040093,0.0,0.0070662659015644,0.0,0.0102115856320221,0.0,0.0,0000,0.0058262416672902,0.002957954977577,24,25,1,Unanimous B/LB-directed,current_missense_f2
NC_000017.11:61801314:G:T,BRIP1,0,0.0328219433634837,0.0,0.0548183971859497,0.0,0.0223153281547232,0.0,0.015326641926808,0.0,0.0,0000,0.0313205776577411,0.020433512021536,24,25,1,Unanimous B/LB-directed,current_missense_f2
NC_000019.10:1226480:A:C,STK11,0,0.0270067615106567,0.0,0.0029729020582747,0.0,0.0290310392376703,0.0,0.0185356505644999,0.0,0.0,0000,0.0193865883427754,0.0117542555883073,24,25,1,Unanimous B/LB-directed,current_missense_f2
NC_000019.10:1226566:G:C,STK11,0,0.0976910844535984,0.0,0.002688757776182,0.0,0.0290310392376703,0.0,0.0144718411461292,0.0,0.0,0000,0.035970680653395,0.0239778205032723,24,25,1,Unanimous B/LB-directed,current_missense_f2
NC_000002.12:214780613:C:A,BARD1,0,0.0384366167260429,0.0,0.0059431565991039,0.0,0.0019635350054078,0.0,0.0118703753745573,0.0,0.0,0000,0.014553420926278,0.0084525491112882,24,25,1,Unanimous B/LB-directed,current_missense_f2
NC_000002.12:214780968:T:C,BARD1,0,0.0162530833794329,0.0,0.0047760044354342,0.0,0.0360123092921856,0.0,0.0118242325548399,0.0,0.0,0000,0.0172164074154731,0.0102536547292678,24,25,1,Unanimous B/LB-directed,current_missense_f2
NC_000002.12:214781493:T:C,BARD1,0,0.0104432256172669,0.0,0.0009488660181428,0.0,0.0098920421195228,0.0,0.0122766969963502,0.0,0.0,0000,0.0083902076878207,0.0044923594436302,24,25,1,Unanimous B/LB-directed,current_missense_f2
NC_000022.11:28696912:G:C,CHEK2,0,0.0106164940960714,0.0,0.0112126409130618,0.0,0.0190705854324522,0.0,0.0102115856320221,0.0,0.0,0000,0.0127778265184019,0.0072790987199064,24,25,1,Unanimous B/LB-directed,current_missense_f2
NC_000008.11:89955478:G:A,NBN,0,0.0403861456899573,0.0,0.0002311046467765,0.0,0.0070662659015644,0.0,0.012173219523952,0.0,0.0,0000,0.0149641839405626,0.0087272674870405,24,25,1,Unanimous B/LB-directed,current_missense_f2
NC_000008.11:89970468:A:G,NBN,0,0.0492620997044544,0.0,0.0040319514115456,0.0,0.0070662659015644,0.0,0.0133842592270063,0.0,0.0,0000,0.0184361440611427,0.0110936395632495,24,25,1,Unanimous B/LB-directed,current_missense_f2
NC_000009.12:95107111:A:C,FANCC,1,0.9851881337013828,1.0,0.7908333155788957,1.0,0.7064180755966556,1.0,0.9808306831172944,1.0,4.0,1111,0.8658175519985571,0.8945284813796778,25,25,1,Unanimous LP/P-directed,current_missense_f3
NC_000010.11:87933093:T:C,PTEN,1,0.9987925509526584,1.0,0.9972032156956888,1.0,0.999999912283466,1.0,0.9968858494112006,1.0,4.0,1111,0.9982203820857536,0.999247613545558,25,25,1,Unanimous LP/P-directed,current_missense_f3
NC_000010.11:87933125:C:T,PTEN,1,0.9975744284725456,1.0,0.9950973106441888,1.0,0.999999912283466,1.0,0.9962813952310045,1.0,4.0,1111,0.9972382616578012,0.998761983627106,25,25,1,Unanimous LP/P-directed,current_missense_f3
NC_000010.11:87933144:G:A,PTEN,1,0.998669136972734,1.0,0.9973503409637628,1.0,0.999999912283466,1.0,0.9954151182557348,1.0,4.0,1111,0.9978586271189244,0.9990720994084772,25,25,1,Unanimous LP/P-directed,current_missense_f3
NC_000010.11:87952118:G:T,PTEN,1,0.9991630297220764,1.0,0.9988587429068392,1.0,0.999999912283466,1.0,0.9917562480264962,1.0,4.0,1111,0.9974444832347196,0.9988662331665812,25,25,1,Unanimous LP/P-directed,current_missense_f3
NC_000010.11:87952142:G:C,PTEN,1,0.9986398968024448,1.0,0.9963551416541296,1.0,0.999999912283466,1.0,0.988703027144598,1.0,4.0,1111,0.9959244944711596,0.99807535510156,25,25,1,Unanimous LP/P-directed,current_missense_f3
NC_000010.11:87952144:T:A,PTEN,1,0.9980754318382254,1.0,0.9951490151937606,1.0,0.999999912283466,1.0,0.9926740698188404,1.0,4.0,1111,0.9964746072835732,0.9983672056303712,25,25,1,Unanimous LP/P-directed,current_missense_f3
NC_000010.11:87957972:A:G,PTEN,1,0.9992216862233892,1.0,0.9973247472514576,1.0,0.999999912283466,1.0,0.9952967152050378,1.0,4.0,1111,0.9979607652408377,0.999122089797474,25,25,1,Unanimous LP/P-directed,current_missense_f3
NC_000011.10:108317373:C:A,ATM,1,0.987219683550138,1.0,0.95651412690991,1.0,0.7903192445587562,1.0,0.8971530012359374,1.0,4.0,1111,0.9078015140636854,0.9318949394927624,25,25,1,Unanimous LP/P-directed,current_missense_f3
NC_000011.10:108343245:G:A,ATM,1,0.9892175451576534,1.0,0.9866767682040948,1.0,0.9982429749829068,1.0,0.994941372738886,1.0,4.0,1111,0.9922696652708852,0.9960196168674796,25,25,1,Unanimous LP/P-directed,current_missense_f3
NC_000013.11:32370419:C:T,BRCA2,1,0.6879237966160451,1.0,0.7997131383754146,1.0,0.5974419008181765,1.0,0.8369639933838133,1.0,4.0,1111,0.7305107072983623,0.7606566335486312,22,25,1,Unanimous LP/P-directed,current_missense_f3
NC_000016.10:68811858:G:T,CDH1,1,0.9976011317015328,1.0,0.9996023468654628,1.0,0.9263259282689492,1.0,0.9945710099876494,1.0,4.0,1111,0.9795251042058986,0.9879351426288172,25,25,1,Unanimous LP/P-directed,current_missense_f3
NC_000016.10:89765028:C:T,FANCA,1,0.8164577042973231,1.0,0.6350623764210748,1.0,0.5815669177613924,1.0,0.8689609675309066,1.0,4.0,1111,0.7255119915026742,0.7554160488455604,25,25,1,Unanimous LP/P-directed,current_missense_f3
NC_000017.11:7673777:T:A,TP53,1,0.9944869353908442,1.0,0.9900936843447176,1.0,0.9982429749829068,1.0,0.9966797896859012,1.0,4.0,1111,0.9948758461010926,0.9975044399450096,25,25,1,Unanimous LP/P-directed,current_missense_f3
NC_000017.11:7673795:C:T,TP53,1,0.9943912826725664,1.0,0.99223613048518,1.0,0.999999912283466,1.0,0.9935907047690576,1.0,4.0,1111,0.9950545075525676,0.9976029424117636,25,25,1,Unanimous LP/P-directed,current_missense_f3
NC_000017.11:7673801:C:G,TP53,1,0.9967412054222532,1.0,0.99296288600518,1.0,0.999999912283466,1.0,0.9959944372677147,1.0,4.0,1111,0.9964246102446536,0.9983409221899348,25,25,1,Unanimous LP/P-directed,current_missense_f3
NC_000017.11:7673805:C:A,TP53,1,0.963612855285107,1.0,0.9131162263890744,1.0,0.9982429749829068,1.0,0.9937121304591944,1.0,4.0,1111,0.9671710467790708,0.9792981645970832,25,25,1,Unanimous LP/P-directed,current_missense_f3
NC_000017.11:7674892:C:G,TP53,1,0.9938582163557416,1.0,0.996682337239974,1.0,0.999999912283466,1.0,0.9934313097157238,1.0,4.0,1111,0.9959929438987264,0.9981119778249526,25,25,1,Unanimous LP/P-directed,current_missense_f3
NC_000017.11:7674943:C:G,TP53,1,0.9970581982273754,1.0,0.993831437927261,1.0,0.999999912283466,1.0,0.9950571613490348,1.0,4.0,1111,0.9964866774467844,0.9983735433677056,25,25,1,Unanimous LP/P-directed,current_missense_f3
NC_000017.11:7674950:G:A,TP53,1,0.995087063148209,1.0,0.966240576261067,1.0,0.985351906887207,1.0,0.9971405619642634,1.0,4.0,1111,0.9859550270651868,0.9921498750798772,25,25,1,Unanimous LP/P-directed,current_missense_f3
NC_000017.11:7675073:C:T,TP53,1,0.9793081894235736,1.0,0.9361019212655518,1.0,0.9263259282689492,1.0,0.9751125968687404,1.0,4.0,1111,0.9542121589567036,0.9696689882764616,25,25,1,Unanimous LP/P-directed,current_missense_f3
NC_000017.11:7675084:C:T,TP53,1,0.9933244077565424,1.0,0.9914372183150774,1.0,0.999999912283466,1.0,0.9957787132499076,1.0,4.0,1111,0.9951350629012484,0.9976471973012052,25,25,1,Unanimous LP/P-directed,current_missense_f3
NC_000017.11:7675087:C:T,TP53,1,0.9918418009991856,1.0,0.928419219582825,1.0,0.993567724362711,1.0,0.9971861754739596,1.0,4.0,1111,0.9777537301046704,0.9867361414243814,25,25,1,Unanimous LP/P-directed,current_missense_f3
NC_000017.11:7675123:T:C,TP53,1,0.9956829467748224,1.0,0.9693964160189936,1.0,0.999999912283466,1.0,0.9924478657236008,1.0,4.0,1111,0.9893817852002208,0.9942901254556996,25,25,1,Unanimous LP/P-directed,current_missense_f3
NC_000017.11:7675156:G:A,TP53,1,0.9825021970575792,1.0,0.8998059298550362,1.0,0.9263259282689492,1.0,0.9881111353216075,1.0,4.0,1111,0.949186297625793,0.9658066267504722,25,25,1,Unanimous LP/P-directed,current_missense_f3
NC_000017.11:7675160:G:A,TP53,1,0.980148869341217,1.0,0.9379780653137768,1.0,0.9960183755845524,1.0,0.9931905282680056,1.0,4.0,1111,0.976833959626888,0.9861078443234572,25,25,1,Unanimous LP/P-directed,current_missense_f3
NC_000017.11:7675184:C:T,TP53,1,0.899102576777646,1.0,0.8441927961527349,1.0,0.8415871880797644,1.0,0.95275594845643,1.0,4.0,1111,0.8844096273666439,0.9113886519618052,25,25,1,Unanimous LP/P-directed,current_missense_f3
NC_000017.11:7675231:G:C,TP53,1,0.9655923468618104,1.0,0.9728992839662156,1.0,0.9982429749829068,1.0,0.978065484121596,1.0,4.0,1111,0.9787000224831324,0.987378509965615,25,25,1,Unanimous LP/P-directed,current_missense_f3
NC_000017.11:43049163:C:A,BRCA1,1,0.9987730452603985,1.0,0.9845200953724882,1.0,0.999999912283466,1.0,0.9934006760417176,1.0,4.0,1111,0.9941734322395176,0.9971127188448654,25,25,1,Unanimous LP/P-directed,current_missense_f3
NC_000017.11:43051103:A:G,BRCA1,1,0.9983938755185612,1.0,0.9816429980707626,1.0,0.9982429749829068,1.0,0.9981871098062308,1.0,4.0,1111,0.9941167395946154,0.9970808071981432,25,25,1,Unanimous LP/P-directed,current_missense_f3
NC_000017.11:43057112:T:A,BRCA1,1,0.9978759580114948,1.0,0.9874214159492962,1.0,0.999999912283466,1.0,0.9970611641362512,1.0,4.0,1111,0.9955896125951272,0.9978949947410828,25,25,1,Unanimous LP/P-directed,current_missense_f3
NC_000017.11:43063929:C:T,BRCA1,1,0.9684306821954068,1.0,0.952970430560713,1.0,0.9452787404023127,1.0,0.9927022368643168,1.0,4.0,1111,0.9648455225056872,0.977608473837934,25,25,1,Unanimous LP/P-directed,current_missense_f3
NC_000017.11:43067627:G:A,BRCA1,1,0.9908864177873044,1.0,0.983033045416848,1.0,0.999999912283466,1.0,0.9936761992002636,1.0,4.0,1111,0.9918988936719704,0.9958020085109868,25,25,1,Unanimous LP/P-directed,current_missense_f3
NC_000017.11:43067628:T:C,BRCA1,1,0.9699894560907696,1.0,0.8677693578327363,1.0,0.9697714275459826,1.0,0.989320966045336,1.0,4.0,1111,0.9492128018787064,0.965827165346829,25,25,1,Unanimous LP/P-directed,current_missense_f3
NC_000017.11:43070949:G:A,BRCA1,1,0.9902104327639129,1.0,0.9673492159619912,1.0,0.9982429749829068,1.0,0.9927025488890654,1.0,4.0,1111,0.9871262931494692,0.992890890553621,25,25,1,Unanimous LP/P-directed,current_missense_f3
NC_000017.11:43106486:A:C,BRCA1,1,0.9923971351758796,1.0,0.9868625563905702,1.0,0.999999912283466,1.0,0.9957067437739956,1.0,4.0,1111,0.9937415869059778,0.9968685849140024,25,25,1,Unanimous LP/P-directed,current_missense_f3
NC_000017.11:58695188:G:A,RAD51C,1,0.9980906024795948,1.0,0.9998342162870444,1.0,0.988208575072354,1.0,0.9905400937528472,1.0,4.0,1111,0.99416837189796,0.9971098721680544,23,25,1,Unanimous LP/P-directed,current_missense_f3
NC_000019.10:1219351:G:C,STK11,1,0.9976503752566412,1.0,0.9982636341279604,1.0,0.9909537885629272,1.0,0.9925989863975816,1.0,4.0,1111,0.9948666960862776,0.997499382388648,25,25,1,Unanimous LP/P-directed,current_missense_f3
NC_000019.10:1220395:G:A,STK11,1,0.9970941639938188,1.0,0.9948491555687808,1.0,0.999999912283466,1.0,0.9921458702331368,1.0,4.0,1111,0.9960222755198008,0.9981276452599216,25,25,1,Unanimous LP/P-directed,current_missense_f3
NC_000022.11:28711993:A:G,CHEK2,1,0.043266027217141,0.0,0.4234400684231383,0.0,0.4245805065231842,1.0,0.8110638645390079,1.0,2.0,0011,0.4255876166756178,0.4226802330072338,24,25,1,Mixed votes,current_missense_f3
NC_000022.11:28725253:G:A,CHEK2,1,0.9820145561154902,1.0,0.9073766669570544,1.0,0.9452787404023127,1.0,0.9944390729470404,1.0,4.0,1111,0.9572772591054745,0.9719913603832274,24,25,1,Unanimous LP/P-directed,current_missense_f3
NC_000010.11:87864469:A:G,PTEN,1,0.9899599213706816,1.0,0.986245078716422,1.0,0.9509447657619672,1.0,0.9361796249769184,1.0,4.0,1111,0.9658323477064972,0.9783276910517832,21,25,1,Unanimous LP/P-directed,current_missense_f3
NC_000010.11:87864470:T:C,PTEN,1,0.99221054571503,1.0,0.984973060155948,1.0,0.9615251873987924,1.0,0.962849006794731,1.0,4.0,1111,0.9753894500161254,0.9851135529208704,21,25,1,Unanimous LP/P-directed,current_missense_f3
NC_000010.11:87864470:T:G,PTEN,1,0.9926195815194498,1.0,0.9847879286940804,1.0,0.9664416972803485,1.0,0.9710397016475988,1.0,4.0,1111,0.9787222272853696,0.9873935328287032,21,25,1,Unanimous LP/P-directed,current_missense_f3
NC_000010.11:87864482:T:C,PTEN,1,0.9892189482133822,1.0,0.9861886937323676,1.0,0.993567724362711,1.0,0.9918072179434978,1.0,4.0,1111,0.9901956460629896,0.9947851588360296,25,25,1,Unanimous LP/P-directed,current_missense_f3
NC_000010.11:87864514:T:G,PTEN,1,0.998003714798992,1.0,0.9926119672169949,1.0,0.999999912283466,1.0,0.9967514673578044,1.0,4.0,1111,0.9968417654143142,0.9985586320921476,25,25,1,Unanimous LP/P-directed,current_missense_f3
NC_000010.11:87864538:G:C,PTEN,1,0.9989878257199192,1.0,0.9971086149162944,1.0,0.999999912283466,1.0,0.9944068524258102,1.0,4.0,1111,0.9976258013363724,0.998956964080882,25,25,1,Unanimous LP/P-directed,current_missense_f3
NC_000010.11:87864544:A:C,PTEN,1,0.999048232483704,1.0,0.9963086499782632,1.0,0.999999912283466,1.0,0.9915177711791536,1.0,4.0,1111,0.9967186414811466,0.9984947578434672,25,25,1,Unanimous LP/P-directed,current_missense_f3
NC_000010.11:87894048:T:C,PTEN,1,0.9997554204177688,1.0,0.9999217058906404,1.0,0.999999912283466,1.0,0.9951006342450126,1.0,4.0,1111,0.998694418209222,0.9994702754719116,25,25,1,Unanimous LP/P-directed,current_missense_f3
NC_000010.11:87925549:T:G,PTEN,1,0.9988476505703112,1.0,0.9970061564611123,1.0,0.999999912283466,1.0,0.994273338831821,1.0,4.0,1111,0.9975317645366776,0.998910020536699,25,25,1,Unanimous LP/P-directed,current_missense_f3
NC_000010.11:87933033:A:T,PTEN,1,0.9992777225708652,1.0,0.9983814231601827,1.0,0.999999912283466,1.0,0.9961335033294506,1.0,4.0,1111,0.9984481403359912,0.9993557385963308,25,25,1,Unanimous LP/P-directed,current_missense_f3
NC_000010.11:87933035:C:A,PTEN,1,0.9974148573867566,1.0,0.9956195992995716,1.0,0.999999912283466,1.0,0.99402930762928,1.0,4.0,1111,0.9967659191497686,0.9985193236117686,25,25,1,Unanimous LP/P-directed,current_missense_f3
NC_000010.11:87933035:C:G,PTEN,1,0.9987375872201256,1.0,0.9971409506156376,1.0,0.999999912283466,1.0,0.993549348685013,1.0,4.0,1111,0.9973569497010606,0.9988221164396838,25,25,1,Unanimous LP/P-directed,current_missense_f3
NC_000010.11:87933044:C:T,PTEN,1,0.9978524635438843,1.0,0.9966793999268284,1.0,0.999999912283466,1.0,0.9966349901376552,1.0,4.0,1111,0.9977916914729584,0.9990391633991492,25,25,1,Unanimous LP/P-directed,current_missense_f3
NC_000010.11:87933078:A:G,PTEN,1,0.9991638657975288,1.0,0.999003040842654,1.0,0.999999912283466,1.0,0.9957383256038692,1.0,4.0,1111,0.9984762861318796,0.9993689595355242,25,25,1,Unanimous LP/P-directed,current_missense_f3
NC_000010.11:87933114:T:G,PTEN,1,0.9987453923039716,1.0,0.9963856614902608,1.0,0.999999912283466,1.0,0.9931409160383988,1.0,4.0,1111,0.9970679705290244,0.9986750985620498,25,25,1,Unanimous LP/P-directed,current_missense_f3
NC_000010.11:87933116:G:A,PTEN,1,0.9790381121250676,1.0,0.979668283236918,1.0,0.985351906887207,1.0,0.994266534937062,1.0,4.0,1111,0.9845812092965638,0.9912693220134478,25,25,1,Unanimous LP/P-directed,current_missense_f3
NC_000010.11:87933120:C:A,PTEN,1,0.9980112381071702,1.0,0.9954027414467944,1.0,0.999999912283466,1.0,0.9970301886501692,1.0,4.0,1111,0.9976110201219,0.9989496015535716,25,25,1,Unanimous LP/P-directed,current_missense_f3
NC_000010.11:87933125:C:A,PTEN,1,0.9961640017708158,1.0,0.99509434349769,1.0,0.9982429749829068,1.0,0.9956268725470508,1.0,4.0,1111,0.996282048199616,0.9982657051671152,25,25,1,Unanimous LP/P-directed,current_missense_f3
NC_000010.11:87933129:G:C,PTEN,1,0.9978825330498832,1.0,0.9962972178212148,1.0,0.999999912283466,1.0,0.9931374673523063,1.0,4.0,1111,0.9968292826267175,0.998552171395533,25,25,1,Unanimous LP/P-directed,current_missense_f3
NC_000010.11:87933135:C:T,PTEN,1,0.9986424116823776,1.0,0.9961342764473567,1.0,0.999999912283466,1.0,0.9969932751405776,1.0,4.0,1111,0.9979424688884444,0.9991131590637646,25,25,1,Unanimous LP/P-directed,current_missense_f3
NC_000010.11:87933141:A:G,PTEN,1,0.995542756996366,1.0,0.9942564847156028,1.0,0.9982429749829068,1.0,0.9961157311069488,1.0,4.0,1111,0.996039486950456,0.9981368314072206,25,25,1,Unanimous LP/P-directed,current_missense_f3
NC_000010.11:87933142:G:C,PTEN,1,0.993485346838856,1.0,0.9945636571682772,1.0,0.993567724362711,1.0,0.9864589998497364,1.0,4.0,1111,0.9920189320548952,0.9958726151558034,25,25,1,Unanimous LP/P-directed,current_missense_f3
NC_000010.11:87933143:G:C,PTEN,1,0.9984255170309556,1.0,0.997064804216255,1.0,0.999999912283466,1.0,0.9954133499995648,1.0,4.0,1111,0.9977258958825604,0.9990066573395536,25,25,1,Unanimous LP/P-directed,current_missense_f3
NC_000010.11:87933152:G:A,PTEN,1,0.9992374480834884,1.0,0.998473114738789,1.0,0.999999912283466,1.0,0.9957248652017616,1.0,4.0,1111,0.9983588350768764,0.9993135790591398,25,25,1,Unanimous LP/P-directed,current_missense_f3
NC_000010.11:87933153:G:A,PTEN,1,0.9986921701091018,1.0,0.9969709678917944,1.0,0.999999912283466,1.0,0.9956014233970858,1.0,4.0,1111,0.997816118420362,0.9990511985563144,25,25,1,Unanimous LP/P-directed,current_missense_f3
NC_000010.11:87933159:T:G,PTEN,1,0.9986728346618158,1.0,0.997552321052386,1.0,0.999999912283466,1.0,0.9968306302255278,1.0,4.0,1111,0.9982639245557988,0.9992684359510268,25,25,1,Unanimous LP/P-directed,current_missense_f3
NC_000010.11:87933162:T:A,PTEN,1,0.998693735687003,1.0,0.9965645471937408,1.0,0.999999912283466,1.0,0.9970024940609922,1.0,4.0,1111,0.9980651723063004,0.9991728443827488,25,25,1,Unanimous LP/P-directed,current_missense_f3
NC_000010.11:87933164:T:C,PTEN,1,0.998935145948498,1.0,0.9977403381289962,1.0,0.999999912283466,1.0,0.9930328502834316,1.0,4.0,1111,0.997427061661098,0.9988574687309666,25,25,1,Unanimous LP/P-directed,current_missense_f3
NC_000010.11:87933222:A:C,PTEN,1,0.9985311829681868,1.0,0.996309750602072,1.0,0.999999912283466,1.0,0.9969388080256744,1.0,4.0,1111,0.9979449134698498,0.9991143529208764,25,25,1,Unanimous LP/P-directed,current_missense_f3
NC_000010.11:87952117:G:A,PTEN,1,0.9988463035113612,1.0,0.9983809766081896,1.0,0.999999912283466,1.0,0.99247278039302,1.0,4.0,1111,0.9974249931990092,0.9988564275981048,25,25,1,Unanimous LP/P-directed,current_missense_f3
NC_000010.11:87952121:T:A,PTEN,1,0.9977865817431124,1.0,0.9936995622142856,1.0,0.999999912283466,1.0,0.9923232413996677,1.0,4.0,1111,0.9959523244101328,0.998090255227955,25,25,1,Unanimous LP/P-directed,current_missense_f3
NC_000010.11:87952142:G:T,PTEN,1,0.9991937051365792,1.0,0.9969647242560749,1.0,0.999999912283466,1.0,0.9926189066038916,1.0,4.0,1111,0.997194312070003,0.9987396273450232,25,25,1,Unanimous LP/P-directed,current_missense_f3
NC_000010.11:87957938:T:C,PTEN,1,0.7882334562678457,1.0,0.9513463238482752,1.0,0.7215661042680451,1.0,0.4719960876208392,0.0,3.0,1110,0.7332854930012513,0.7635583080572019,25,25,1,Mixed votes,current_missense_f3
NC_000010.11:87958018:G:C,PTEN,1,0.9831256739769236,1.0,0.995376171898772,1.0,0.9340359117191178,1.0,0.9670485743160102,1.0,4.0,1111,0.969896582977706,0.9812548163063468,25,25,1,Unanimous LP/P-directed,current_missense_f3
NC_000010.11:87961020:A:G,PTEN,1,0.9859488958986748,1.0,0.9989003408396384,1.0,0.7661654323427199,1.0,0.9696637575798104,1.0,4.0,1111,0.9301696066652108,0.9506505303001952,25,25,1,Unanimous LP/P-directed,current_missense_f3
NC_000011.10:108271393:T:G,ATM,1,0.9957378485339264,1.0,0.9867424556920656,1.0,0.7612780787021438,1.0,0.9000306925197621,1.0,4.0,1111,0.9109472688619744,0.9345864461425412,25,25,1,Unanimous LP/P-directed,current_missense_f3
NC_000011.10:108272851:G:A,ATM,1,0.9948706446885468,1.0,0.9166023468563832,1.0,0.9144633824077312,1.0,0.9762219641446654,1.0,4.0,1111,0.9505395845243316,0.9668530465414962,24,25,1,Unanimous LP/P-directed,current_missense_f3
NC_000011.10:108281167:G:T,ATM,1,0.9975710720179868,1.0,0.9965008226930891,1.0,0.9144633824077312,1.0,0.9792586590975458,1.0,4.0,1111,0.9719484840540882,0.982710048256488,25,25,1,Unanimous LP/P-directed,current_missense_f3
NC_000011.10:108301705:G:A,ATM,1,0.93343604601237,1.0,0.8647436936855497,1.0,0.985351906887207,1.0,0.9824836304227622,1.0,4.0,1111,0.9415038192519722,0.9597815582194852,25,25,1,Unanimous LP/P-directed,current_missense_f3
NC_000011.10:108320039:A:T,ATM,1,0.9963822234992388,1.0,0.9781844004834772,1.0,0.8461050260253127,1.0,0.9713329071886424,1.0,4.0,1111,0.9480011392991676,0.9648864368023886,24,25,1,Unanimous LP/P-directed,current_missense_f3
NC_000011.10:108325534:G:C,ATM,1,0.0187280525757055,0.0,0.003990682498138,0.0,0.0178308900328215,0.0,0.0233589427200163,0.0,0.0,0000,0.0159771419566703,0.0096033521462615,25,25,1,Unanimous B/LB-directed,current_missense_f3
NC_000011.10:108331497:G:C,ATM,1,0.9925413248439632,1.0,0.985682662086836,1.0,0.9982429749829068,1.0,0.9950273224126136,1.0,4.0,1111,0.9928735710815798,0.9963709227266166,25,25,1,Unanimous LP/P-directed,current_missense_f3
NC_000011.10:108332837:C:T,ATM,1,0.99700818731249,1.0,0.9938187883300558,1.0,0.7114816986905198,1.0,0.9691060635149576,1.0,4.0,1111,0.9178536844620058,0.940435906281028,25,25,1,Unanimous LP/P-directed,current_missense_f3
NC_000011.10:108332847:T:G,ATM,1,0.1147099871842042,0.0,0.1225711657617879,0.0,0.0947505221407566,0.0,0.0439722472848753,0.0,0.0,0000,0.094000980592906,0.0733211127986135,25,25,1,Unanimous B/LB-directed,current_missense_f3
NC_000011.10:108332848:G:C,ATM,1,0.9889296470902946,1.0,0.9574675510672424,1.0,0.985351906887207,1.0,0.9956062570039624,1.0,4.0,1111,0.9818388405121768,0.9894780168138098,25,25,1,Unanimous LP/P-directed,current_missense_f3
NC_000011.10:108333954:C:T,ATM,1,0.9590396504104102,1.0,0.8989718817409265,1.0,0.988208575072354,1.0,0.9900013594939684,1.0,4.0,1111,0.9590553666794148,0.9733264792124964,25,25,1,Unanimous LP/P-directed,current_missense_f3
NC_000011.10:108334987:A:G,ATM,1,0.9697882278496328,1.0,0.948342043167563,1.0,0.9823974184465628,1.0,0.9905101298535468,1.0,4.0,1111,0.9727594548293264,0.9832807770811784,25,25,1,Unanimous LP/P-directed,current_missense_f3
NC_000011.10:108335103:G:T,ATM,1,0.99671458236885,1.0,0.9569882233651144,1.0,0.9560984493955051,1.0,0.9916075753523887,1.0,4.0,1111,0.9753522076204646,0.9850877992471208,25,25,1,Unanimous LP/P-directed,current_missense_f3
NC_000013.11:32326149:G:A,BRCA2,1,0.9717866989834753,1.0,0.9753716173564886,1.0,0.85506236507948,1.0,0.985251561386897,1.0,4.0,1111,0.9468680607015852,0.964003442146847,22,25,1,Unanimous LP/P-directed,current_missense_f3
NC_000013.11:32326498:G:C,BRCA2,1,0.6581400597305906,1.0,0.753068066971659,1.0,0.4429089202360819,1.0,0.7906253887574468,1.0,4.0,1111,0.6611856089239445,0.6866130644316475,22,25,1,Unanimous LP/P-directed,current_missense_f3
NC_000013.11:32330927:AG:GA,BRCA2,1,,,,,,,,,,,,,0,25,0,,current_missense_f3
NC_000013.11:32339441:G:T,BRCA2,1,0.3064044073205993,0.0,0.2997165151456494,0.0,0.1072844285630081,0.0,0.3493926417468366,0.0,0.0,0000,0.2656994981940234,0.2454697063501112,22,25,1,Unanimous B/LB-directed,current_missense_f3
NC_000013.11:32346895:G:C,BRCA2,1,0.6150047708996597,1.0,0.6517295841629747,1.0,0.4856079228487233,1.0,0.2329108443414451,0.0,3.0,1110,0.4963132805632007,0.5027330986835491,22,25,1,Mixed votes,current_missense_f3
NC_000013.11:32356520:T:C,BRCA2,1,0.976068389050788,1.0,0.9663594132652372,1.0,0.906368782638866,1.0,0.955618812480904,1.0,4.0,1111,0.9511038493589486,0.9672879832110388,22,25,1,Unanimous LP/P-directed,current_missense_f3
NC_000013.11:32362542:G:T,BRCA2,1,0.9510914367160404,1.0,0.900092976797079,1.0,0.993567724362711,1.0,0.9706861902650632,1.0,4.0,1111,0.9538595820352234,0.9694001978988488,22,25,1,Unanimous LP/P-directed,current_missense_f3
NC_000013.11:32362583:C:T,BRCA2,1,0.8879740824620946,1.0,0.8861574864014826,1.0,0.8682944004207651,1.0,0.9142955660404558,1.0,4.0,1111,0.8891803838311996,0.9156379178762504,22,25,1,Unanimous LP/P-directed,current_missense_f3
NC_000013.11:32362596:T:A,BRCA2,1,0.916055461129031,1.0,0.8689941657595589,1.0,0.9560984493955051,1.0,0.913222382039695,1.0,4.0,1111,0.9135926145809474,0.936836783933556,22,25,1,Unanimous LP/P-directed,current_missense_f3
NC_000013.11:32362656:T:C,BRCA2,1,0.9542425131445708,1.0,0.946798030862923,1.0,0.979355136327395,1.0,0.9929822164258324,1.0,4.0,1111,0.9683444741901804,0.9801437794945552,22,25,1,Unanimous LP/P-directed,current_missense_f3
NC_000013.11:32363224:A:G,BRCA2,1,0.9956075993062816,1.0,0.9976782432994646,1.0,0.8595007964505879,1.0,0.9383766274671828,1.0,4.0,1111,0.9477908166308792,0.9647227728036776,22,25,1,Unanimous LP/P-directed,current_missense_f3
NC_000013.11:32363258:T:C,BRCA2,1,0.9778329854272112,1.0,0.9686934710963,1.0,0.973036533574431,1.0,0.9962947849553724,1.0,4.0,1111,0.9789644437633288,0.9875572545069492,22,25,1,Unanimous LP/P-directed,current_missense_f3
NC_000013.11:32363371:G:A,BRCA2,1,0.9618973502344068,1.0,0.9176709156707528,1.0,0.9982429749829068,1.0,0.9698993499908632,1.0,4.0,1111,0.9619276477197324,0.9754635292285784,22,25,1,Unanimous LP/P-directed,current_missense_f3
NC_000013.11:32363444:G:A,BRCA2,1,0.9817800104218656,1.0,0.9470790562364306,1.0,0.9697714275459826,1.0,0.9852073435729404,1.0,4.0,1111,0.9709594594443048,0.9820105913147392,22,25,1,Unanimous LP/P-directed,current_missense_f3
NC_000013.11:32379799:G:A,BRCA2,1,0.9706605542925132,1.0,0.9333612337599454,1.0,0.8897647529791041,1.0,0.9887257042188288,1.0,4.0,1111,0.9456280613125978,0.9630335517064564,22,25,1,Unanimous LP/P-directed,current_missense_f3
NC_000013.11:32380114:G:A,BRCA2,1,0.98901143800745,1.0,0.9603201853267208,1.0,0.999999912283466,1.0,0.9924079877881208,1.0,4.0,1111,0.9854348808514394,0.9918178873935573,22,25,1,Unanimous LP/P-directed,current_missense_f3
NC_000016.10:68828280:G:A,CDH1,1,0.7582741504190386,1.0,0.9226270105464824,1.0,0.8186266079298958,1.0,0.7684807175471984,1.0,4.0,1111,0.8170021216106538,0.8482578813336829,24,25,1,Unanimous LP/P-directed,current_missense_f3
NC_000016.10:89738683:C:A,FANCA,1,0.4513800434887133,1.0,0.6763089566143216,1.0,0.7013406580248539,1.0,0.7267050881697068,1.0,4.0,1111,0.6389336865743989,0.6623070726704686,24,25,1,Unanimous LP/P-directed,current_missense_f3
NC_000016.10:89738928:G:A,FANCA,1,,,,,,,,,,,,,13,25,0,,current_missense_f3
NC_000016.10:89738943:G:A,FANCA,1,0.9355430259240848,1.0,0.9096198980682882,1.0,0.7365800902102514,1.0,0.752315436020611,1.0,4.0,1111,0.8335146125558088,0.8642070679245987,25,25,1,Unanimous LP/P-directed,current_missense_f3
NC_000016.10:89739219:C:G,FANCA,1,0.5159962753799793,1.0,0.6884821539277597,1.0,0.6962498078304683,1.0,0.4807065873781282,0.0,3.0,1110,0.5953587061290839,0.6141255244426063,25,25,1,Mixed votes,current_missense_f3
NC_000016.10:89739514:C:G,FANCA,1,0.0717150458957971,0.0,0.1959075218376757,0.0,0.2118630815548382,0.0,0.2951309037488316,0.0,0.0,0000,0.1936541382592856,0.1698294972615092,25,25,1,Unanimous B/LB-directed,current_missense_f3
NC_000016.10:89740845:G:C,FANCA,1,0.756202475253918,1.0,0.855174098280922,1.0,0.7265861529169925,1.0,0.911471549244188,1.0,4.0,1111,0.8123585689240052,0.8437224200831069,25,25,1,Unanimous LP/P-directed,current_missense_f3
NC_000016.10:89748671:A:C,FANCA,1,0.9869594281950136,1.0,0.8239702421068357,1.0,0.8139635986215158,1.0,0.944998826377352,1.0,4.0,1111,0.8924730238251792,0.9185512762824428,25,25,1,Unanimous LP/P-directed,current_missense_f3
NC_000016.10:89767207:A:G,FANCA,1,0.9975373002550528,1.0,0.989102591850892,1.0,0.9302015193842118,1.0,0.9911645944459108,1.0,4.0,1111,0.9770015014840168,0.986222575769924,25,25,1,Unanimous LP/P-directed,current_missense_f3
NC_000016.10:89770257:G:T,FANCA,1,0.5646869476088897,1.0,0.7163385893719135,1.0,0.5603256511394312,1.0,0.8437143708440625,1.0,4.0,1111,0.6712663897410742,0.6975470531763359,25,25,1,Unanimous LP/P-directed,current_missense_f3
NC_000016.10:89791418:T:C,FANCA,1,0.9975185085972242,1.0,0.9767433064536196,1.0,0.985351906887207,1.0,0.9763027312572712,1.0,4.0,1111,0.9839791132988304,0.9908797443164288,25,25,1,Unanimous LP/P-directed,current_missense_f3
NC_000016.10:89791986:C:A,FANCA,1,0.058099638323974,0.0,0.155706477480386,0.0,0.2460528462489366,0.0,0.3808623947468619,0.0,0.0,0000,0.2101803392000396,0.1868344172115584,25,25,1,Unanimous B/LB-directed,current_missense_f3
NC_000016.10:89792480:A:C,FANCA,1,0.9798875948036274,1.0,0.9756264924853096,1.0,0.8855319244264919,1.0,0.9178284282667458,1.0,4.0,1111,0.9397186099955436,0.9583618062532784,25,25,1,Unanimous LP/P-directed,current_missense_f3
NC_000016.10:89805359:A:C,FANCA,1,0.9861187832050782,1.0,0.9699367511805882,1.0,0.8186266079298958,1.0,0.992086143327232,1.0,4.0,1111,0.9416920714106986,0.9599308530578682,25,25,1,Unanimous LP/P-directed,current_missense_f3
NC_000017.11:7670668:G:T,TP53,1,0.861915672420729,1.0,0.8924938350982059,1.0,0.9697714275459826,1.0,0.9943097781408556,1.0,4.0,1111,0.9296226783014432,0.9502031336990316,25,25,1,Unanimous LP/P-directed,current_missense_f3
NC_000017.11:7670713:A:T,TP53,1,0.9403886046830734,1.0,0.9583271993826376,1.0,0.9960183755845524,1.0,0.9683533298423636,1.0,4.0,1111,0.9657718773731568,0.978283711673869,24,25,1,Unanimous LP/P-directed,current_missense_f3
NC_000017.11:7673779:T:G,TP53,1,0.998223247928855,1.0,0.989684850121543,1.0,0.988208575072354,1.0,0.979680332513798,1.0,4.0,1111,0.9889492514091376,0.9940248140481188,24,25,1,Unanimous LP/P-directed,current_missense_f3
NC_000017.11:7673787:G:T,TP53,1,0.992954169906952,1.0,0.9812956426424004,1.0,0.999999912283466,1.0,0.9947482086347212,1.0,4.0,1111,0.9922494833668848,0.9960078087733152,25,25,1,Unanimous LP/P-directed,current_missense_f3
NC_000017.11:7673794:A:C,TP53,1,0.9804125719968344,1.0,0.9788055557050608,1.0,0.985351906887207,1.0,0.979351513402635,1.0,4.0,1111,0.9809803869979342,0.9889087721817827,24,25,1,Unanimous LP/P-directed,current_missense_f3
NC_000017.11:7674186:T:G,TP53,1,0.0624582700524957,0.0,0.2921437762480803,0.0,0.3507847887421677,0.0,0.0286449924066444,0.0,0.0,0000,0.183507956862347,0.1595073744964752,24,25,1,Unanimous B/LB-directed,current_missense_f3
NC_000017.11:7674211:T:A,TP53,1,0.9767989785061364,1.0,0.965113507085822,1.0,0.9982429749829068,1.0,0.9906262812741632,1.0,4.0,1111,0.982695435462257,0.9900420994114956,24,25,1,Unanimous LP/P-directed,current_missense_f3
NC_000017.11:7674231:C:A,TP53,1,0.9904545461165306,1.0,0.9875966603178644,1.0,0.999999912283466,1.0,0.996612577239076,1.0,4.0,1111,0.9936659239892344,0.9968255660301862,25,25,1,Unanimous LP/P-directed,current_missense_f3
NC_000017.11:7674231:C:G,TP53,1,0.8909350789397354,1.0,0.9447787116302464,1.0,0.993567724362711,1.0,0.9878442320833232,1.0,4.0,1111,0.954281436754004,0.9697217634962292,24,25,1,Unanimous LP/P-directed,current_missense_f3
NC_000017.11:7674231:C:T,TP53,1,0.9911103463734632,1.0,0.9786573399884776,1.0,0.999999912283466,1.0,0.9965613224339702,1.0,4.0,1111,0.9915822302698444,0.9956150496534052,25,25,1,Unanimous LP/P-directed,current_missense_f3
NC_000017.11:7674246:T:C,TP53,1,0.5040279379876536,1.0,0.7229098871847117,1.0,0.7710344584369092,1.0,0.3957362956312287,0.0,3.0,1110,0.5984271448101258,0.617540260118456,24,25,1,Mixed votes,current_missense_f3
NC_000017.11:7674249:C:A,TP53,1,0.998034648514322,1.0,0.9987813938233556,1.0,0.999999912283466,1.0,0.9927057064631648,1.0,4.0,1111,0.9973804152710772,0.9988339626373304,25,25,1,Unanimous LP/P-directed,current_missense_f3
NC_000017.11:7674262:A:T,TP53,1,0.9953303929440068,1.0,0.9744588716741516,1.0,0.999999912283466,1.0,0.9940492423887518,1.0,4.0,1111,0.990959604822594,0.9952446000498196,25,25,1,Unanimous LP/P-directed,current_missense_f3
NC_000017.11:7674952:T:G,TP53,1,0.9979012274871304,1.0,0.9950922957067808,1.0,0.999999912283466,1.0,0.995985859132069,1.0,4.0,1111,0.9972448236523616,0.9987653174853172,25,25,1,Unanimous LP/P-directed,current_missense_f3
NC_000017.11:7675093:A:G,TP53,1,0.996947894731392,1.0,0.988420924993892,1.0,0.9982429749829068,1.0,0.991410282142302,1.0,4.0,1111,0.9937555192126232,0.9968764984587686,25,25,1,Unanimous LP/P-directed,current_missense_f3
NC_000017.11:7675108:T:G,TP53,1,0.9926692323866544,1.0,0.9723127533099274,1.0,0.9144633824077312,1.0,0.945325334318218,1.0,4.0,1111,0.9561926756056328,0.9711725669040856,24,25,1,Unanimous LP/P-directed,current_missense_f3
NC_000017.11:7675139:G:C,TP53,1,0.9984435808868752,1.0,0.988012518626732,1.0,0.999999912283466,1.0,0.9974486733847856,1.0,4.0,1111,0.9959761712954648,0.998103011743598,25,25,1,Unanimous LP/P-directed,current_missense_f3
NC_000017.11:7675139:G:T,TP53,1,0.9984860045506508,1.0,0.9812637841013332,1.0,0.9982429749829068,1.0,0.997408435116066,1.0,4.0,1111,0.9938502996877392,0.996930268797523,25,25,1,Unanimous LP/P-directed,current_missense_f3
NC_000017.11:7675141:A:C,TP53,1,0.9664000522218508,1.0,0.9682104722463092,1.0,0.9909537885629272,1.0,0.9901543866818188,1.0,4.0,1111,0.9789296749282264,0.987533770342784,24,25,1,Unanimous LP/P-directed,current_missense_f3
NC_000017.11:7675207:C:A,TP53,1,0.9776857090595612,1.0,0.9777565506464574,1.0,0.999999912283466,1.0,0.994289209133663,1.0,4.0,1111,0.9874328452807868,0.9930832760561102,25,25,1,Unanimous LP/P-directed,current_missense_f3
NC_000017.11:7675211:A:T,TP53,1,0.8885086631500565,1.0,0.9408810115708618,1.0,0.979355136327395,1.0,0.9819296965508768,1.0,4.0,1111,0.9476686268997976,0.964627640050282,25,25,1,Unanimous LP/P-directed,current_missense_f3
NC_000017.11:7675222:A:G,TP53,1,0.9952888875954032,1.0,0.9926976025081856,1.0,0.999999912283466,1.0,0.9935063147598708,1.0,4.0,1111,0.9953731792867314,0.9977774206867256,25,25,1,Unanimous LP/P-directed,current_missense_f3
NC_000017.11:7675222:A:T,TP53,1,0.9934559949483528,1.0,0.9874654281415284,1.0,0.999999912283466,1.0,0.9929665655758148,1.0,4.0,1111,0.9934719752372904,0.9967149716897598,25,25,1,Unanimous LP/P-directed,current_missense_f3
NC_000017.11:7676030:A:C,TP53,1,0.9752555012607924,1.0,0.9390144240989446,1.0,0.999999912283466,1.0,0.9913969389855978,1.0,4.0,1111,0.9764166941572002,0.9858215634925946,24,25,1,Unanimous LP/P-directed,current_missense_f3
NC_000017.11:7676042:A:C,TP53,1,0.9785115593049912,1.0,0.9749920355410854,1.0,0.999999912283466,1.0,0.990366947076684,1.0,4.0,1111,0.9859676135515568,0.9921578868093082,24,25,1,Unanimous LP/P-directed,current_missense_f3
NC_000017.11:7676055:C:T,TP53,1,0.986274533798022,1.0,0.9427286197539408,1.0,0.9960183755845524,1.0,0.9938821877132528,1.0,4.0,1111,0.979725929212442,0.9880701283895268,25,25,1,Unanimous LP/P-directed,current_missense_f3
NC_000017.11:43045712:A:G,BRCA1,1,0.8752776334985727,1.0,0.8539108494097102,1.0,0.8682944004207651,1.0,0.940264000946024,1.0,4.0,1111,0.884436721068768,0.9114128762389196,24,25,1,Unanimous LP/P-directed,current_missense_f3
NC_000017.11:43045753:A:G,BRCA1,1,0.9869498149240292,1.0,0.9675134661727376,1.0,0.988208575072354,1.0,0.997418099258104,1.0,4.0,1111,0.9850224888568062,0.991553451248394,25,25,1,Unanimous LP/P-directed,current_missense_f3
NC_000017.11:43045758:C:A,BRCA1,1,0.9985647075321604,1.0,0.985771653246255,1.0,0.999999912283466,1.0,0.9959342019387674,1.0,4.0,1111,0.995067618750162,0.9976101521121412,25,25,1,Unanimous LP/P-directed,current_missense_f3
NC_000017.11:43045760:A:C,BRCA1,1,0.9987064731527336,1.0,0.985895571128804,1.0,0.999999912283466,1.0,0.9920660334795084,1.0,4.0,1111,0.994166997511128,0.9971090989529552,25,25,1,Unanimous LP/P-directed,current_missense_f3
NC_000017.11:43045793:G:A,BRCA1,1,,,,,,,,,,,,,13,25,0,,current_missense_f3
NC_000017.11:43047677:T:C,BRCA1,1,0.457257778846198,1.0,0.5751165486516122,0.0,0.6550823031225657,1.0,0.3783867630418007,0.0,2.0,1010,0.5164608484155442,0.5255209818366713,24,25,1,Mixed votes,current_missense_f3
NC_000017.11:43047701:C:G,BRCA1,1,0.0945481036772283,0.0,0.0221168157373361,0.0,0.0306155387115757,0.0,0.3530179100205905,0.0,0.0,0000,0.1250745920366827,0.1021090073189457,24,25,1,Unanimous B/LB-directed,current_missense_f3
NC_000017.11:43049160:G:T,BRCA1,1,0.9932002477832984,1.0,0.968456323478896,1.0,0.999999912283466,1.0,0.9935675816746368,1.0,4.0,1111,0.9888060163050744,0.9939366270839411,24,25,1,Unanimous LP/P-directed,current_missense_f3
NC_000017.11:43049163:CCACA:TCACT,BRCA1,1,,,,,,,,,,,,,0,25,0,,current_missense_f3
NC_000017.11:43049163:C:G,BRCA1,1,0.9900982675474352,1.0,0.926518272627425,1.0,0.9664416972803485,1.0,0.9486748367284557,1.0,4.0,1111,0.957933268545916,0.9724849925451394,24,25,1,Unanimous LP/P-directed,current_missense_f3
NC_000017.11:43049164:C:A,BRCA1,1,0.9950183658996418,1.0,0.9694397222190292,1.0,0.9982429749829068,1.0,0.9504145910065316,1.0,4.0,1111,0.9782789135270274,0.9870931650687884,24,25,1,Unanimous LP/P-directed,current_missense_f3
NC_000017.11:43049187:A:C,BRCA1,1,0.989189380297082,1.0,0.981929588525531,1.0,0.9823974184465628,1.0,0.9888913686027518,1.0,4.0,1111,0.985601938967982,0.9919247032656502,24,25,1,Unanimous LP/P-directed,current_missense_f3
NC_000017.11:43049187:A:T,BRCA1,1,0.9951234361244216,1.0,0.9961382592301716,1.0,0.9378278403435324,1.0,0.9896748706165726,1.0,4.0,1111,0.9796911015786745,0.98804673294779,24,25,1,Unanimous LP/P-directed,current_missense_f3
NC_000017.11:43057076:C:G,BRCA1,1,0.9948211535303292,1.0,0.9813109611736208,1.0,0.973036533574431,1.0,0.9805722186826432,1.0,4.0,1111,0.982435216740256,0.9898711646656692,25,25,1,Unanimous LP/P-directed,current_missense_f3
NC_000017.11:43057085:C:T,BRCA1,1,0.9987697467167778,1.0,0.9893354720640144,1.0,0.999999912283466,1.0,0.9891182712391312,1.0,4.0,1111,0.9943058505758472,0.9971870885310936,25,25,1,Unanimous LP/P-directed,current_missense_f3
NC_000017.11:43057113:C:G,BRCA1,1,0.993780729127339,1.0,0.9731619313751332,1.0,0.9960183755845524,1.0,0.9881973539576524,1.0,4.0,1111,0.9877895975111692,0.9933063211215224,24,25,1,Unanimous LP/P-directed,current_missense_f3
NC_000017.11:43063894:T:C,BRCA1,1,0.4592274427957173,1.0,0.6331941149005239,1.0,0.6654426700691871,1.0,0.2072582974051648,0.0,3.0,1110,0.4912806312926483,0.4970362268680092,25,25,1,Mixed votes,current_missense_f3
NC_000017.11:43063935:C:T,BRCA1,1,0.9846753458586868,1.0,0.959467830283255,1.0,0.999999912283466,1.0,0.9957372750864638,1.0,4.0,1111,0.984970090877968,0.9915197762140844,25,25,1,Unanimous LP/P-directed,current_missense_f3
NC_000017.11:43063942:A:C,BRCA1,1,0.0551222901360927,0.0,0.2642047073354298,0.0,0.2118630815548382,0.0,0.0700989151974546,0.0,0.0,0000,0.1503222485559538,0.1264454758134197,25,25,1,Unanimous B/LB-directed,current_missense_f3
NC_000017.11:43063950:T:G,BRCA1,1,0.9650573586879542,1.0,0.9448545793127688,1.0,0.9525418446380424,1.0,0.9921471412154028,1.0,4.0,1111,0.963650230963542,0.976733075020104,24,25,1,Unanimous LP/P-directed,current_missense_f3
NC_000017.11:43067619:C:A,BRCA1,1,0.9768263617525168,1.0,0.9670097007061688,1.0,0.6498865764836633,1.0,0.8350380262042038,1.0,4.0,1111,0.8571901662866381,0.886551905957737,25,25,1,Unanimous LP/P-directed,current_missense_f3
NC_000017.11:43074330:C:T,BRCA1,1,0.9984342773794208,1.0,0.997246580764813,1.0,0.976232786793728,1.0,0.9894846825808904,1.0,4.0,1111,0.9903495818797132,0.9948781541431352,24,25,1,Unanimous LP/P-directed,current_missense_f3
NC_000017.11:43076487:C:T,BRCA1,1,0.8897474579664165,1.0,0.8040879205020349,1.0,0.9144633824077312,1.0,0.9470414601817416,1.0,4.0,1111,0.888835055264481,0.9153314432099398,24,25,1,Unanimous LP/P-directed,current_missense_f3
NC_000017.11:43082536:C:G,BRCA1,1,0.1390152138985242,0.0,0.2790944282077911,0.0,0.1880311890845256,0.0,0.3309805237185068,0.0,0.0,0000,0.2342803387273369,0.2120223705875994,24,25,1,Unanimous B/LB-directed,current_missense_f3
NC_000017.11:43104881:T:G,BRCA1,1,0.9657980128569844,1.0,0.9362108083025732,1.0,0.9909537885629272,1.0,0.9375817148532604,1.0,4.0,1111,0.9576360811439364,0.9722615177763744,24,25,1,Unanimous LP/P-directed,current_missense_f3
NC_000017.11:43106476:C:G,BRCA1,1,0.9937354516794932,1.0,0.9651448351356912,1.0,0.999999912283466,1.0,0.9970509011808196,1.0,4.0,1111,0.9889827750698674,0.9940454305402342,25,25,1,Unanimous LP/P-directed,current_missense_f3
NC_000017.11:43106527:C:T,BRCA1,1,0.9966973780699836,1.0,0.9854317096211748,1.0,0.999999912283466,1.0,0.9956345631581308,1.0,4.0,1111,0.9944408907831888,0.9972626859522644,25,25,1,Unanimous LP/P-directed,current_missense_f3
NC_000017.11:43106528:A:G,BRCA1,1,0.997883373150947,1.0,0.9850642535401825,1.0,0.999999912283466,1.0,0.9969888512555888,1.0,4.0,1111,0.994984097557546,0.9975641801050537,25,25,1,Unanimous LP/P-directed,current_missense_f3
NC_000017.11:43106528:A:T,BRCA1,1,0.9961797339258364,1.0,0.9941488183707372,1.0,0.9960183755845524,1.0,0.995949435601896,1.0,4.0,1111,0.9955740908707555,0.9978865885537334,25,25,1,Unanimous LP/P-directed,current_missense_f3
NC_000017.11:43115737:T:C,BRCA1,1,0.9924115209366268,1.0,0.9677205408860684,1.0,0.999999912283466,1.0,0.995516190593355,1.0,4.0,1111,0.9889120411748792,0.9940019199770052,25,25,1,Unanimous LP/P-directed,current_missense_f3
NC_000017.11:43115738:G:T,BRCA1,1,0.971737556944988,1.0,0.944450600693186,1.0,0.9982429749829068,1.0,0.986245592534297,1.0,4.0,1111,0.9751691812888444,0.9849611484788036,25,25,1,Unanimous LP/P-directed,current_missense_f3
NC_000017.11:43115743:C:A,BRCA1,1,0.99165678886789,1.0,0.9727578012936764,1.0,0.999999912283466,1.0,0.9957169786969836,1.0,4.0,1111,0.990032870285504,0.9946865990088106,25,25,1,Unanimous LP/P-directed,current_missense_f3
NC_000017.11:43124024:A:C,BRCA1,1,0.9977815982183634,1.0,0.9881897727059196,1.0,0.999999912283466,1.0,0.9833513185490886,1.0,4.0,1111,0.9923306504392094,0.99605527213414,25,25,1,Unanimous LP/P-directed,current_missense_f3
NC_000017.11:58696858:G:A,RAD51C,1,0.1061843904893524,0.0,0.0871414597667589,0.0,0.1332131642520992,0.0,0.0329650122484873,0.0,0.0,0000,0.0898760066891744,0.0696104275912706,24,25,1,Unanimous B/LB-directed,current_missense_f3
NC_000017.11:61808633:G:A,BRIP1,1,0.994355150602621,1.0,0.9815576382576856,1.0,0.999999912283466,1.0,0.9890804907612308,1.0,4.0,1111,0.9912482979762508,0.9954168268811224,25,25,1,Unanimous LP/P-directed,current_missense_f3
NC_000017.11:61808657:T:C,BRIP1,1,0.7374008493097655,1.0,0.9188844093450252,1.0,0.3740584468234143,0.0,0.581833593711407,1.0,3.0,1101,0.6530443247974029,0.6777465791082867,24,25,1,Mixed votes,current_missense_f3
NC_000019.10:1219342:T:C,STK11,1,0.9981844605645704,1.0,0.9987297043265831,1.0,0.9982429749829068,1.0,0.9916464201328308,1.0,4.0,1111,0.9967008900017228,0.9984855216453932,25,25,1,Unanimous LP/P-directed,current_missense_f3
NC_000019.10:1219367:T:C,STK11,1,0.997905176988776,1.0,0.9976340733553912,1.0,0.999999912283466,1.0,0.9917905552498276,1.0,4.0,1111,0.9968324294693652,0.9985538004268698,25,25,1,Unanimous LP/P-directed,current_missense_f3
NC_000019.10:1220394:G:C,STK11,1,0.9963124261072142,1.0,0.994865054064583,1.0,0.999999912283466,1.0,0.9931106681571522,1.0,4.0,1111,0.996072015153104,0.9981541776337316,25,25,1,Unanimous LP/P-directed,current_missense_f3
NC_000019.10:1220699:G:T,STK11,1,0.9973641595131092,1.0,0.9964563299568228,1.0,0.999999912283466,1.0,0.9939845119420838,1.0,4.0,1111,0.9969512284238704,0.998615137452504,25,25,1,Unanimous LP/P-directed,current_missense_f3
NC_000009.12:95135484:G:A,FANCC,1,0.7791766478095862,1.0,0.4137466945166853,0.0,0.1288167086065832,0.0,0.3697572380013375,0.0,1.0,1000,0.422874322233548,0.4196152920579746,25,25,1,Mixed votes,current_missense_f3
NC_000002.12:214780739:C:G,BARD1,0,0.0462005099418432,0.0,0.0004646030231978,0.0,0.0119452781843274,0.0,0.0062211421510307,0.0,0.0,0000,0.0162078833250998,0.0097615053078374,23,25,1,Unanimous B/LB-directed,current_missense_f3
NC_000002.12:214781253:T:C,BARD1,0,0.0094361980995191,0.0,0.000184687000119,0.0,0.0209117911272144,0.0,0.0057069010523792,0.0,0.0,0000,0.0090598943198079,0.0050364736127057,24,25,1,Unanimous B/LB-directed,current_missense_f3
NC_000008.11:89953398:C:T,NBN,0,0.0174207598552522,0.0,0.0012907493311475,0.0,0.0209117911272144,0.0,0.0094569441038463,0.0,0.0,0000,0.0122700611043651,0.0071105219884507,24,25,1,Unanimous B/LB-directed,current_missense_f3
NC_000008.11:89953599:T:C,NBN,0,0.0379409609367442,0.0,0.000270768790973,0.0,0.0017801863493333,0.0,0.022775740529613,0.0,0.0,0000,0.0156919141516659,0.0094083088390005,24,25,1,Unanimous B/LB-directed,current_missense_f3
NC_000008.11:89970462:G:A,NBN,0,0.0001044785891257,0.0,0.0001539483941795,0.0,0.0240735186885651,0.0,0.0128529534613284,0.0,0.0,0000,0.0092962247832997,0.0051860429233326,24,25,1,Unanimous B/LB-directed,current_missense_f3
NC_000009.12:95107204:T:C,FANCC,0,0.0159365101332196,0.0,0.0001173268207026,0.0,0.0040339922013502,0.0,0.0263036047146798,0.0,0.0,0000,0.0115978584674881,0.0066690799850107,25,25,1,Unanimous B/LB-directed,current_missense_f3
NC_000010.11:87864317:A:G,PTEN,0,,,,,,,,,,,,,2,25,0,,current_missense_f3
NC_000010.11:87931070:G:A,PTEN,0,0.0304898559157973,0.0,0.6161778789308856,1.0,0.1786503143488466,0.0,0.0776115411721306,0.0,1.0,0100,0.225732397591915,0.2030386177647551,25,25,1,Mixed votes,current_missense_f3
NC_000011.10:108235715:T:A,ATM,0,0.0143452737013199,0.0,9.342868687417124e-05,0.0,0.0065166644037519,0.0,0.0084509152423323,0.0,0.0,0000,0.0073515705085696,0.0039722833592854,24,25,1,Unanimous B/LB-directed,current_missense_f3
NC_000011.10:108257591:A:C,ATM,0,0.0020992717298374,0.0,0.0002333384658737,0.0,0.0017801863493333,0.0,0.0064665332971723,0.0,0.0,0000,0.0026448324605542,0.0012456572216524,25,25,1,Unanimous B/LB-directed,current_missense_f3
NC_000011.10:108259050:C:A,ATM,0,0.0005179045100426,0.0,5.80277498712097e-05,0.0,0.0119452781843274,0.0,0.0040003524357921,0.0,0.0,0000,0.0041303907200083,0.002064836074945,25,25,1,Unanimous B/LB-directed,current_missense_f3
NC_000011.10:108272728:C:G,ATM,0,4.3360538663074233e-05,0.0,0.0003068504087765,0.0,0.0240735186885651,0.0,0.0150859554040544,0.0,0.0,0000,0.0098774212600148,0.0055561176079387,24,25,1,Unanimous B/LB-directed,current_missense_f3
NC_000011.10:108284404:G:A,ATM,0,0.0007588964611372,0.0,3.335601952518665e-05,0.0,0.0040339922013502,0.0,0.0024237568045072,0.0,0.0,0000,0.0018125003716299,0.0008117536014422,25,25,1,Unanimous B/LB-directed,current_missense_f3
NC_000011.10:108289622:C:T,ATM,0,0.0011283813914881,0.0,0.0001548788250214,0.0,0.0065166644037519,0.0,0.0027115113268316,0.0,0.0,0000,0.0026278589867732,0.0012366006060417,24,25,1,Unanimous B/LB-directed,current_missense_f3
NC_000011.10:108304734:G:A,ATM,0,0.0152221439940842,0.0,0.0011037867476335,0.0,0.0339864001621097,0.0,0.0079947296236191,0.0,0.0,0000,0.0145767651318616,0.0086507217674508,24,25,1,Unanimous B/LB-directed,current_missense_f3
NC_000011.10:108315903:A:G,ATM,0,0.0076213043582913,0.0,0.0002694569610451,0.0,0.0017801863493333,0.0,0.0032821317850654,0.0,0.0,0000,0.0032382698634338,0.0015669473845935,25,25,1,Unanimous B/LB-directed,current_missense_f3
NC_000013.11:32332420:T:A,BRCA2,0,0.011938246094101,0.0,0.0002002963819911,0.0,8.887488672144144e-08,0.0,0.0071272634439926,0.0,0.0,0000,0.0048164736987428,0.0024580349872131,22,25,1,Unanimous B/LB-directed,current_missense_f3
NC_000013.11:32332455:C:A,BRCA2,0,0.0175832728126158,0.0,0.0003364102417761,0.0,0.0017801863493333,0.0,0.0081488185899671,0.0,0.0,0000,0.0069621719984231,0.0037342246182285,22,25,1,Unanimous B/LB-directed,current_missense_f3
NC_000013.11:32332862:A:G,BRCA2,0,0.0163514461558524,0.0,0.0025929036620261,0.0,8.887488672144144e-08,0.0,0.0059066010675846,0.0,0.0,0000,0.0062127599400874,0.0032813113395691,22,25,1,Unanimous B/LB-directed,current_missense_f3
NC_000013.11:32332991:T:C,BRCA2,0,0.0120441748273028,0.0,0.0003444889131986,0.0,0.0040339922013502,0.0,0.0080829339260384,0.0,0.0,0000,0.0061263974669725,0.0032295835688237,22,25,1,Unanimous B/LB-directed,current_missense_f3
NC_000013.11:32333139:T:G,BRCA2,0,0.1116856663944761,0.0,0.0864952362316624,0.0,0.0209117911272144,0.0,0.240894076439385,0.0,0.0,0000,0.1149966925481845,0.0926205181103105,22,25,1,Unanimous B/LB-directed,current_missense_f3
NC_000013.11:32333263:G:C,BRCA2,0,0.0052755068582634,0.0,0.0076166202451793,0.0,0.0065166644037519,0.0,0.0081096008519549,0.0,0.0,0000,0.0068795980897874,0.0036839759469424,22,25,1,Unanimous B/LB-directed,current_missense_f3
NC_000013.11:32333287:A:G,BRCA2,0,0.0140478606307342,0.0,0.01906454662585,0.0,0.0040339922013502,0.0,0.0121485458240574,0.0,0.0,0000,0.012323736320498,0.0071459217180169,22,25,1,Unanimous B/LB-directed,current_missense_f3
NC_000013.11:32337409:C:G,BRCA2,0,0.0105011176796152,0.0,0.0021032774551558,0.0,0.0017801863493333,0.0,0.0045960752637474,0.0,0.0,0000,0.004745164186963,0.0024167903669383,22,25,1,Unanimous B/LB-directed,current_missense_f3
NC_000013.11:32337799:A:G,BRCA2,0,0.0081732243973111,0.0,0.001417214623202,0.0,0.0017801863493333,0.0,0.0051411985048339,0.0,0.0,0000,0.0041279559686701,0.0020634556732525,22,25,1,Unanimous B/LB-directed,current_missense_f3
NC_000013.11:32337869:C:T,BRCA2,0,0.0049614764395841,0.0,0.0002069877649593,0.0,8.887488672144144e-08,0.0,0.0034840451636622,0.0,0.0,0000,0.0021631495607731,0.0009918620890157,22,25,1,Unanimous B/LB-directed,current_missense_f3
NC_000013.11:32338448:G:A,BRCA2,0,0.0302804514685749,0.0,0.0017171946049772,0.0,8.887488672144144e-08,0.0,0.0070062690475738,0.0,0.0,0000,0.0097510009990031,0.0054753535434625,22,25,1,Unanimous B/LB-directed,current_missense_f3
NC_000013.11:32339133:A:C,BRCA2,0,0.0074859044616677,0.0,0.0004033787425096,0.0,0.0091645776257562,0.0,0.0093865176960906,0.0,0.0,0000,0.006610094631506,0.0035205589236365,22,25,1,Unanimous B/LB-directed,current_missense_f3
NC_000013.11:32339552:C:T,BRCA2,0,0.0146232246459016,0.0,0.0049562732110179,0.0,0.0040339922013502,0.0,0.0060837412948472,0.0,0.0,0000,0.0074243078382792,0.0040169480310703,22,25,1,Unanimous B/LB-directed,current_missense_f3
NC_000013.11:32340122:A:C,BRCA2,0,0.0084275768509738,0.0,0.0003598376249688,0.0,8.887488672144144e-08,0.0,0.0038238423160681,0.0,0.0,0000,0.0031528364167243,0.001520164182171,22,25,1,Unanimous B/LB-directed,current_missense_f3
NC_000013.11:32340454:C:T,BRCA2,0,0.0445864466646495,0.0,0.0011678566816712,0.0,8.887488672144144e-08,0.0,0.006451073066475,0.0,0.0,0000,0.0130513663219206,0.0076279367962292,22,25,1,Unanimous B/LB-directed,current_missense_f3
NC_000013.11:32340574:C:A,BRCA2,0,0.0075388811271442,0.0,0.0009403397258252,0.0,0.0017801863493333,0.0,0.0046713155332926,0.0,0.0,0000,0.0037326806838988,0.0018408597623063,22,25,1,Unanimous B/LB-directed,current_missense_f3
NC_000013.11:32340676:C:T,BRCA2,0,0.0136127355625892,0.0,0.0011450468716884,0.0,8.887488672144144e-08,0.0,0.0058087943760631,0.0,0.0,0000,0.0051416664213068,0.0026471659281846,22,25,1,Unanimous B/LB-directed,current_missense_f3
NC_000013.11:32340692:A:G,BRCA2,0,0.0212913928406718,0.0,0.00044712535348,0.0,0.0040339922013502,0.0,0.0050301375675811,0.0,0.0,0000,0.0077006619907708,0.0041871937320608,22,25,1,Unanimous B/LB-directed,current_missense_f3
NC_000013.11:32344568:A:G,BRCA2,0,0.0001231644152074,0.0,6.861090233656177e-05,0.0,0.0240735186885651,0.0,0.0040495727075998,0.0,0.0,0000,0.0070787166784272,0.0038052856466966,22,25,1,Unanimous B/LB-directed,current_missense_f3
NC_000013.11:32355002:C:A,BRCA2,0,0.0222023913245776,0.0,0.0020198807941169,0.0,8.887488672144144e-08,0.0,0.0047127489827158,0.0,0.0,0000,0.0072337774940742,0.0039000820368602,22,25,1,Unanimous B/LB-directed,current_missense_f3
NC_000013.11:32355084:A:C,BRCA2,0,0.0024765391416517,0.0,0.0634084256851684,0.0,0.0970485087206182,0.0,0.009194069701214,0.0,0.0,0000,0.0430318858121631,0.0297980592163181,22,25,1,Unanimous B/LB-directed,current_missense_f3
NC_000013.11:32356535:C:T,BRCA2,0,0.0005430185234831,0.0,0.0018684893391306,0.0,0.0082659282113683,0.0,0.0070737334738257,0.0,0.0,0000,0.004437792386952,0.0022399909637911,22,25,1,Unanimous B/LB-directed,current_missense_f3
NC_000013.11:32380123:G:A,BRCA2,0,0.0101730401948894,0.0,0.0005311043337549,0.0,0.0091645776257562,0.0,0.0086399940947605,0.0,0.0,0000,0.0071271790622902,0.0038348825398629,22,25,1,Unanimous B/LB-directed,current_missense_f3
NC_000013.11:32394723:T:C,BRCA2,0,0.0058326897024406,0.0,0.0071466258647707,0.0,0.0065166644037519,0.0,0.0062722087051153,0.0,0.0,0000,0.0064420471690196,0.003419123246465,22,25,1,Unanimous B/LB-directed,current_missense_f3
NC_000015.10:90751879:C:T,BLM,0,0.0125619745596128,0.0,0.0045905872986786,0.0,0.0040339922013502,0.0,0.0111687505536997,0.0,0.0,0000,0.0080888261533353,0.004427749449874,25,25,1,Unanimous B/LB-directed,current_missense_f3
NC_000015.10:90794274:C:A,BLM,0,0.0004489504401838,0.0,0.0084783065049594,0.0,0.0480547539599235,0.0,0.0176480584806367,0.0,0.0,0000,0.0186575173464258,0.0114599197258234,25,25,1,Unanimous B/LB-directed,current_missense_f3
NC_000015.10:90804220:G:A,BLM,0,0.0055346273724304,0.0,0.000473845522628,0.0,0.0017801863493333,0.0,0.0042396285550222,0.0,0.0,0000,0.0030070719498535,0.0014407407054757,25,25,1,Unanimous B/LB-directed,current_missense_f3
NC_000016.10:23622971:C:T,PALB2,0,0.0005497792344219,0.0,0.0002507385243128,0.0,0.0209117911272144,0.0,0.0115979391315359,0.0,0.0,0000,0.0083275620043712,0.0045765048075899,24,25,1,Unanimous B/LB-directed,current_missense_f3
NC_000016.10:23630126:A:G,PALB2,0,0.0197371894348104,0.0,9.254672750124233e-06,0.0,0.0091645776257562,0.0,0.0135484503350601,0.0,0.0,0000,0.0106148680170942,0.006030086173819,25,25,1,Unanimous B/LB-directed,current_missense_f3
NC_000016.10:23635620:T:C,PALB2,0,0.0295969378629494,0.0,2.5458070024507107e-05,0.0,8.887488672144144e-08,0.0,0.0154424929621449,0.0,0.0,0000,0.0112662444425013,0.0064526244608633,25,25,1,Unanimous B/LB-directed,current_missense_f3
NC_000016.10:68737422:C:G,CDH1,0,0.0025877953731401,0.0,0.0008442771647144,0.0,0.0119452781843274,0.0,0.010613224560523,0.0,0.0,0000,0.0064976438206763,0.0034526422007421,24,25,1,Unanimous B/LB-directed,current_missense_f3
NC_000016.10:68738335:C:A,CDH1,0,0.0032289196422749,0.0,0.0056958025942516,0.0,0.0409093660412612,0.0,0.0077661813288303,0.0,0.0,0000,0.0144000674016545,0.0085314271079458,24,25,1,Unanimous B/LB-directed,current_missense_f3
NC_000016.10:68801719:G:A,CDH1,0,0.0009940208428899,0.0,0.0055594470181763,0.0,0.0309869342431299,0.0,0.0071509054063274,0.0,0.0,0000,0.0111728268776309,0.006391809020616,24,25,1,Unanimous B/LB-directed,current_missense_f3
NC_000016.10:68801774:G:A,CDH1,0,0.0118104206926382,0.0,0.0006266247162499,0.0,0.0017801863493333,0.0,0.0077600102643832,0.0,0.0,0000,0.0054943105056511,0.0028541184579609,24,25,1,Unanimous B/LB-directed,current_missense_f3
NC_000016.10:68822062:G:A,CDH1,0,0.000473615790937,0.0,0.0005547885361991,0.0,0.0240735186885651,0.0,0.0123036040531349,0.0,0.0,0000,0.0093513817672091,0.0052210279366226,25,25,1,Unanimous B/LB-directed,current_missense_f3
NC_000016.10:68823514:G:A,CDH1,0,0.0017824710905746,0.0,0.0512100471898564,0.0,0.1115286186440473,0.0,0.013270836772441,0.0,0.0,0000,0.0444479934242298,0.0309261533842636,25,25,1,Unanimous B/LB-directed,current_missense_f3
NC_000016.10:68829700:A:T,CDH1,0,0.1734679557510554,0.0,0.1768596990311333,0.0,0.1030728235563891,0.0,0.0970668546338111,0.0,0.0,0000,0.1376168332430973,0.1141022728236975,25,25,1,Unanimous B/LB-directed,current_missense_f3
NC_000016.10:68829770:G:A,CDH1,0,0.0048101602459403,0.0,0.0118505822132199,0.0,0.0745744304463451,0.0,0.0131606592832969,0.0,0.0,0000,0.0260989580472005,0.016809310543412,25,25,1,Unanimous B/LB-directed,current_missense_f3
NC_000016.10:68833299:C:T,CDH1,0,0.0192811841294379,0.0,0.0887834740295196,0.0,0.1288167086065832,0.0,0.0131618266928288,0.0,0.0,0000,0.0625107983645924,0.0457746467742132,25,25,1,Unanimous B/LB-directed,current_missense_f3
NC_000016.10:89739505:T:C,FANCA,0,0.0507869251792157,0.0,0.0006729052347118,0.0,0.0065166644037519,0.0,0.0076218725804859,0.0,0.0,0000,0.0163995918495413,0.0098931526620217,24,25,1,Unanimous B/LB-directed,current_missense_f3
NC_000016.10:89745046:C:T,FANCA,0,0.0056231589406706,0.0,9.623165466351035e-05,0.0,0.0119452781843274,0.0,0.0041244163392447,0.0,0.0,0000,0.0054472712797265,0.0028264051207501,25,25,1,Unanimous B/LB-directed,current_missense_f3
NC_000016.10:89746684:G:C,FANCA,0,0.001043437887057,0.0,0.0003272922378183,0.0,0.014838660183365,0.0,0.0042593283702386,0.0,0.0,0000,0.0051171796696197,0.0026328661820554,25,25,1,Unanimous B/LB-directed,current_missense_f3
NC_000016.10:89748709:C:G,FANCA,0,0.1535044928053281,0.0,0.0023287543064058,0.0,0.051704855545156,0.0,0.01287039176446,0.0,0.0,0000,0.0551021236053375,0.0395871812193509,24,25,1,Unanimous B/LB-directed,current_missense_f3
NC_000016.10:89748743:G:A,FANCA,0,0.1401067202006821,0.0,0.0090906735413266,0.0,0.0306155387115757,0.0,0.0118621862775513,0.0,0.0,0000,0.0479187796827839,0.0337148079778774,24,25,1,Unanimous B/LB-directed,current_missense_f3
NC_000016.10:89769914:C:T,FANCA,0,0.0298890210934291,0.0,0.0181445796719986,0.0,0.1158046465160648,0.0,0.034547803075962,0.0,0.0,0000,0.0495965125893636,0.0350744971392891,24,25,1,Unanimous B/LB-directed,current_missense_f3
NC_000016.10:89771677:C:A,FANCA,0,0.0591856240168412,0.0,0.2939263825886378,0.0,0.0667770168669379,0.0,0.0561667792384682,0.0,0.0,0000,0.1190139506777212,0.0963863425054602,24,25,1,Unanimous B/LB-directed,current_missense_f3
NC_000016.10:89773356:G:C,FANCA,0,0.0326132403806315,0.0,0.0004747734352641,0.0,0.0209117911272144,0.0,0.0050522649335845,0.0,0.0,0000,0.0147630174691736,0.0087766918351571,25,25,1,Unanimous B/LB-directed,current_missense_f3
NC_000016.10:89810771:G:C,FANCA,0,0.1433890342519742,0.0,0.0554637108241923,0.0,0.059149949187904,0.0,0.3707780840026292,0.0,0.0,0000,0.1571951945666749,0.1331987711755456,25,25,1,Unanimous B/LB-directed,current_missense_f3
NC_000017.11:7669627:T:G,TP53,0,0.0657500166049005,0.0,0.1310960619057558,0.0,0.0906414947838726,0.0,0.0213155754179476,0.0,0.0,0000,0.0772007871781191,0.0583924275614021,24,25,1,Unanimous B/LB-directed,current_missense_f3
NC_000017.11:7670683:C:T,TP53,0,0.0593877027285063,0.0,0.0164321695373777,0.0,0.0306155387115757,0.0,0.0093374371541986,0.0,0.0,0000,0.0289432120329146,0.0189190617535465,25,25,1,Unanimous B/LB-directed,current_missense_f3
NC_000017.11:7673244:A:G,TP53,0,,,,,,,,,,,,,2,25,0,,current_missense_f3
NC_000017.11:7673742:C:A,TP53,0,0.1517038251109218,0.0,0.2305424004918705,0.0,0.286141086643405,0.0,0.1702174412747611,0.0,0.0,0000,0.2096511883802396,0.1862864182384505,25,25,1,Unanimous B/LB-directed,current_missense_f3
NC_000017.11:7673751:G:A,TP53,0,0.0086519839765522,0.0,0.0277748349570324,0.0,0.1911780220957014,0.0,0.0744618109735797,0.0,0.0,0000,0.0755166630007164,0.0569240088656294,25,25,1,Unanimous B/LB-directed,current_missense_f3
NC_000017.11:7673768:G:A,TP53,0,0.0222814009925403,0.0,0.1492185239567547,0.0,0.276027824230075,0.0,0.0707594801707191,0.0,0.0,0000,0.1295718073375223,0.1063865690182253,25,25,1,Unanimous B/LB-directed,current_missense_f3
NC_000017.11:7673772:G:A,TP53,0,0.7335507901083572,1.0,0.7039072994465707,1.0,0.4488304615569021,1.0,0.6008745886320311,1.0,4.0,1111,0.6217907849359653,0.6434363609129802,25,25,1,Unanimous LP/P-directed,current_missense_f3
NC_000017.11:7674183:G:T,TP53,0,0.0402833016179744,0.0,0.1186432252597378,0.0,0.2022675013938632,0.0,0.1174245268730561,0.0,0.0,0000,0.1196546387861579,0.0969889755376612,24,25,1,Unanimous B/LB-directed,current_missense_f3
NC_000017.11:7674258:T:C,TP53,0,0.0018024178489091,0.0,0.0345309066068102,0.0,0.1833294417452005,0.0,0.0403624013280608,0.0,0.0,0000,0.0650062918822451,0.047886608153135,25,25,1,Unanimous B/LB-directed,current_missense_f3
NC_000017.11:7675053:A:T,TP53,0,0.0458231373068556,0.0,0.0611419415286321,0.0,0.2609690483931478,0.0,0.0814898176308475,0.0,0.0,0000,0.1123559862148708,0.0901573349606115,25,25,1,Unanimous B/LB-directed,current_missense_f3
NC_000017.11:7675102:G:A,TP53,0,0.7504401719275354,1.0,0.5597513398599866,0.0,0.5579610765629025,1.0,0.910535833206876,1.0,3.0,1011,0.6946721053893252,0.7227278158174136,25,25,1,Mixed votes,current_missense_f3
NC_000017.11:7676039:C:T,TP53,0,0.0097808411849444,0.0,0.0124554796625445,0.0,0.0273098120175572,0.0,0.0339262686957015,0.0,0.0,0000,0.0208681003901869,0.0130209491264014,25,25,1,Unanimous B/LB-directed,current_missense_f3
NC_000017.11:7676573:A:T,TP53,0,0.0158031902904355,0.0,0.0038250520495898,0.0,8.887488672144144e-08,0.0,0.0088769855050152,0.0,0.0,0000,0.0071263291799818,0.0038343632602215,22,25,1,Unanimous B/LB-directed,current_missense_f3
NC_000017.11:35103264:T:C,RAD51D,0,0.1790656663453346,0.0,0.0114132773090609,0.0,0.0444555256101262,0.0,0.0245890704688221,0.0,0.0,0000,0.064880884933336,0.0477801532966969,23,25,1,Unanimous B/LB-directed,current_missense_f3
NC_000017.11:35106467:C:T,RAD51D,0,0.0255730856221679,0.0,0.0023774006810798,0.0,0.0017801863493333,0.0,0.0152227415880254,0.0,0.0,0000,0.0112383535601516,0.0064344598270298,23,25,1,Unanimous B/LB-directed,current_missense_f3
NC_000017.11:43047653:T:C,BRCA1,0,0.0055528977594997,0.0,3.3168731128234937e-06,0.0,0.0040339922013502,0.0,0.0092167959758128,0.0,0.0,0000,0.0047017507024439,0.0023917218127801,24,25,1,Unanimous B/LB-directed,current_missense_f3
NC_000017.11:43057076:C:T,BRCA1,0,0.1000978082905326,0.0,0.2586850457960419,0.0,0.2816392438590466,0.0,0.163299638886099,0.0,0.0,0000,0.20093043420793,0.1772881395702644,25,25,1,Unanimous B/LB-directed,current_missense_f3
NC_000017.11:43074405:C:T,BRCA1,0,0.0042274950194805,0.0,3.646825155439837e-05,0.0,0.0065166644037519,0.0,0.0076806743821956,0.0,0.0,0000,0.0046153255142456,0.0023419109082982,25,25,1,Unanimous B/LB-directed,current_missense_f3
NC_000017.11:43082547:T:C,BRCA1,0,0.0141827700001906,0.0,0.0009519172323462,0.0,0.0444555256101262,0.0,0.0106519584365941,0.0,0.0,0000,0.0175605428198143,0.0106950708246699,25,25,1,Unanimous B/LB-directed,current_missense_f3
NC_000017.11:43091491:T:C,BRCA1,0,0.0005013602750415,0.0,2.665041733884785e-05,0.0,0.014838660183365,0.0,0.0032822306217116,0.0,0.0,0000,0.0046622253743642,0.0023689258670142,25,25,1,Unanimous B/LB-directed,current_missense_f3
NC_000017.11:43091822:A:C,BRCA1,0,0.0093707822025146,0.0,4.891765110520355e-05,0.0,0.0040339922013502,0.0,0.0044460307247256,0.0,0.0,0000,0.0044749306949239,0.0022612664735938,25,25,1,Unanimous B/LB-directed,current_missense_f3
NC_000017.11:43092067:C:G,BRCA1,0,0.0024612996138903,0.0,0.0117821205168477,0.0,0.0178308900328215,0.0,0.0104475689329887,0.0,0.0,0000,0.010630469774137,0.006040164982985,25,25,1,Unanimous B/LB-directed,current_missense_f3
NC_000017.11:43092114:C:A,BRCA1,0,0.0037805549860921,0.0,0.0014364744273759,0.0,0.0017801863493333,0.0,0.0056333352224441,0.0,0.0,0000,0.0031576377463114,0.0015227888837898,25,25,1,Unanimous B/LB-directed,current_missense_f3
NC_000017.11:43092417:T:C,BRCA1,0,0.0373994519345981,0.0,0.0002886157601059,0.0,0.0119452781843274,0.0,0.0186338947736971,0.0,0.0,0000,0.0170668101631821,0.0103530587191065,24,25,1,Unanimous B/LB-directed,current_missense_f3
NC_000017.11:43092506:C:T,BRCA1,0,0.010204390768248,0.0,5.47272081541769e-06,0.0,0.0040339922013502,0.0,0.0032685990171537,0.0,0.0,0000,0.0043781136768918,0.0022058535261592,25,25,1,Unanimous B/LB-directed,current_missense_f3
NC_000017.11:43092855:A:G,BRCA1,0,0.0284609400070658,0.0,0.0214743667050595,0.0,0.014838660183365,0.0,0.0444007242470099,0.0,0.0,0000,0.027293672785625,0.0176914923904368,25,25,1,Unanimous B/LB-directed,current_missense_f3
NC_000017.11:43092934:G:A,BRCA1,0,0.0762276970627691,0.0,0.264826570567552,0.0,0.4163199196877423,0.0,0.1988757699614268,0.0,0.0,0000,0.2390624893198726,0.2170710486395634,25,25,1,Unanimous B/LB-directed,current_missense_f3
NC_000017.11:43094043:C:T,BRCA1,0,0.0187048311011836,0.0,1.0348693060644532e-05,0.0,0.0065166644037519,0.0,0.02303638756068,0.0,0.0,0000,0.012067057939669,0.0069768373439231,25,25,1,Unanimous B/LB-directed,current_missense_f3
NC_000017.11:43094044:G:A,BRCA1,0,0.0080405661862622,0.0,0.000144518479382,0.0,0.0017801863493333,0.0,0.0041330343003968,0.0,0.0,0000,0.0035245763288436,0.0017249266310742,25,25,1,Unanimous B/LB-directed,current_missense_f3
NC_000017.11:43094103:T:C,BRCA1,0,0.0018612200099727,0.0,0.0001077176062523,0.0,0.0017801863493333,0.0,0.0045293198289422,0.0,0.0,0000,0.0020696109486251,0.0009434045286988,25,25,1,Unanimous B/LB-directed,current_missense_f3
NC_000017.11:43094707:C:T,BRCA1,0,0.0013009699964553,0.0,0.0012056794259128,0.0,0.014838660183365,0.0,0.0118403321937097,0.0,0.0,0000,0.0072964104498607,0.0039384528515161,25,25,1,Unanimous B/LB-directed,current_missense_f3
NC_000017.11:43094719:C:T,BRCA1,0,0.001449073486936,0.0,0.0014674926698102,0.0,0.0178308900328215,0.0,0.0179196126116821,0.0,0.0,0000,0.0096667672003124,0.0054216218378277,25,25,1,Unanimous B/LB-directed,current_missense_f3
NC_000017.11:43094814:T:C,BRCA1,0,0.0180858138387577,0.0,0.0009495553500188,0.0,0.0091645776257562,0.0,0.0187685312619223,0.0,0.0,0000,0.0117421195191138,0.006763519202181,25,25,1,Unanimous B/LB-directed,current_missense_f3
NC_000017.11:43104248:T:C,BRCA1,0,0.0056031283889037,0.0,0.0193365673653271,0.0,0.0554038523316222,0.0,0.0030231894792182,0.0,0.0,0000,0.0208416843912678,0.0130021461317362,25,25,1,Unanimous B/LB-directed,current_missense_f3
NC_000017.11:43115726:T:G,BRCA1,0,0.193196696218466,0.0,0.4357792520472556,0.0,0.2150794823771541,0.0,0.0605765292159835,0.0,0.0,0000,0.2261579899647148,0.2034846478008654,24,25,1,Unanimous B/LB-directed,current_missense_f3
NC_000017.11:61847143:A:G,BRIP1,0,0.0029148753586406,0.0,0.0002558189084029,0.0,8.887488672144144e-08,0.0,0.0046982027467365,0.0,0.0,0000,0.0019672464721667,0.0008907107908807,25,25,1,Unanimous B/LB-directed,current_missense_f3
NC_000022.11:28734467:G:A,CHEK2,0,0.0020607164173104,0.0,0.0004781586719314,0.0,0.0119452781843274,0.0,0.003186902553002,0.0,0.0,0000,0.0044177639566428,0.0022285272802402,24,25,1,Unanimous B/LB-directed,current_missense_f3
NC_000010.11:87864217:T:C,PTEN,0,,,,,,,,,,,,,2,25,0,,current_missense_f3
NC_000011.10:108251896:A:C,ATM,0,0.0074119510073568,0.0,0.0003685260559679,0.0,0.0065166644037519,0.0,0.005789496327866,0.0,0.0,0000,0.0050216594487357,0.0025771741782022,25,25,1,Unanimous B/LB-directed,current_missense_f3
NC_000011.10:108251974:C:G,ATM,0,0.0033396202435211,0.0,0.0023512167043472,0.0,8.887488672144144e-08,0.0,0.0137247820983424,0.0,0.0,0000,0.0048539269802743,0.0024797310395152,25,25,1,Unanimous B/LB-directed,current_missense_f3
NC_000011.10:108252005:A:G,ATM,0,0.0442668184717009,0.0,0.0003035882594872,0.0,0.0065166644037519,0.0,0.0038707774098609,0.0,0.0,0000,0.0137394621362002,0.0080873041782404,25,25,1,Unanimous B/LB-directed,current_missense_f3
NC_000011.10:108267300:T:G,ATM,0,0.028823707697013,0.0,0.0011813531753783,0.0,0.0091645776257562,0.0,0.0035484419767809,0.0,0.0,0000,0.0106795201187321,0.0060718653048171,25,25,1,Unanimous B/LB-directed,current_missense_f3
NC_000011.10:108302999:A:G,ATM,0,0.0020645659703898,0.0,0.0001415507752223,0.0,8.887488672144144e-08,0.0,0.0050051530442288,0.0,0.0,0000,0.0018028396661819,0.0008068534560561,25,25,1,Unanimous B/LB-directed,current_missense_f3
NC_000011.10:108315882:G:C,ATM,0,0.8738012613407634,1.0,0.589113725910985,0.0,0.670606611383061,1.0,0.7372282998602786,1.0,3.0,1011,0.717687474623772,0.7471794442001363,25,25,1,Mixed votes,current_missense_f3
NC_000013.11:32332273:T:C,BRCA2,0,0.0053577206812524,0.0,0.0014475539281182,0.0,0.0017801863493333,0.0,0.0062122800783256,0.0,0.0,0000,0.0036994352592574,0.0018222788678059,22,25,1,Unanimous B/LB-directed,current_missense_f3
NC_000013.11:32332794:T:A,BRCA2,0,0.023255017186661,0.0,0.0020281994256504,0.0,0.0119452781843274,0.0,0.0137449595600211,0.0,0.0,0000,0.012743363589165,0.00742342229724,22,25,1,Unanimous B/LB-directed,current_missense_f3
NC_000013.11:32332973:A:G,BRCA2,0,0.0248293349136011,0.0,0.0063732817069395,0.0,8.887488672144144e-08,0.0,0.0048983962342995,0.0,0.0,0000,0.0090252754324317,0.0050146093847394,22,25,1,Unanimous B/LB-directed,current_missense_f3
NC_000013.11:32332990:A:G,BRCA2,0,0.0119826723984108,0.0,0.0003769976320662,0.0,8.887488672144144e-08,0.0,0.0079986192026472,0.0,0.0,0000,0.0050895945270027,0.0026167682505762,22,25,1,Unanimous B/LB-directed,current_missense_f3
NC_000013.11:32333224:T:A,BRCA2,0,0.0181713570400106,0.0,0.0224385910693799,0.0,0.0091645776257562,0.0,0.0178110115207313,0.0,0.0,0000,0.0168963843139695,0.0102353342507193,22,25,1,Unanimous B/LB-directed,current_missense_f3
NC_000013.11:32333329:G:C,BRCA2,0,0.0485330692025083,0.0,0.0141314817707597,0.0,0.0040339922013502,0.0,0.0110288657199818,0.0,0.0,0000,0.01943185222365,0.0120037999505609,22,25,1,Unanimous B/LB-directed,current_missense_f3
NC_000013.11:32333342:C:T,BRCA2,0,0.0251455381752338,0.0,0.0095484500537705,0.0,0.0178308900328215,0.0,0.0151536835077057,0.0,0.0,0000,0.0169196404423829,0.0102513887066113,22,25,1,Unanimous B/LB-directed,current_missense_f3
NC_000013.11:32336292:C:A,BRCA2,0,0.0182660065792214,0.0,0.0021633678744626,0.0,0.0017801863493333,0.0,0.0155708983434736,0.0,0.0,0000,0.0094451147866227,0.0052805472045997,22,25,1,Unanimous B/LB-directed,current_missense_f3
NC_000013.11:32336473:G:T,BRCA2,0,0.091402140337268,0.0,0.0323151581321019,0.0,0.0091645776257562,0.0,0.0132626645807029,0.0,0.0,0000,0.0365361351689572,0.0247003654878312,22,25,1,Unanimous B/LB-directed,current_missense_f3
NC_000013.11:32336603:A:G,BRCA2,0,0.0278105410915485,0.0,0.0030553147205755,0.0,8.887488672144144e-08,0.0,0.0051579514070968,0.0,0.0,0000,0.0090059740235269,0.005002424292594,22,25,1,Unanimous B/LB-directed,current_missense_f3
NC_000013.11:32337578:G:A,BRCA2,0,0.0111828666245765,0.0,0.0018888842103289,0.0,8.887488672144144e-08,0.0,0.0038059747852217,0.0,0.0,0000,0.0042194536237534,0.0021154066013253,22,25,1,Unanimous B/LB-directed,current_missense_f3
NC_000013.11:32337757:T:C,BRCA2,0,0.0444535300924587,0.0,0.008609939489344,0.0,0.0017801863493333,0.0,0.0042794134606053,0.0,0.0,0000,0.0147807673479353,0.0087887087606665,22,25,1,Unanimous B/LB-directed,current_missense_f3
NC_000013.11:32337931:G:T,BRCA2,0,0.0193394990106173,0.0,0.0017380310502778,0.0,8.887488672144144e-08,0.0,0.0037487556914764,0.0,0.0,0000,0.0062065936568146,0.0032776146768191,22,25,1,Unanimous B/LB-directed,current_missense_f3
NC_000013.11:32337950:A:G,BRCA2,0,0.0208252029933874,0.0,0.0097109659596213,0.0,8.887488672144144e-08,0.0,0.0044845269896705,0.0,0.0,0000,0.0087551962043915,0.0048444408552065,22,25,1,Unanimous B/LB-directed,current_missense_f3
NC_000013.11:32338298:G:A,BRCA2,0,0.0215731773900077,0.0,0.0019790661541115,0.0,0.0040339922013502,0.0,0.0028735921877747,0.0,0.0,0000,0.007614956983311,0.0041343037311938,22,25,1,Unanimous B/LB-directed,current_missense_f3
NC_000013.11:32338484:A:T,BRCA2,0,0.1052143803165799,0.0,0.1721657824230297,0.0,0.0273098120175572,0.0,0.0117066151242791,0.0,0.0,0000,0.0790991474703615,0.060054060959036,22,25,1,Unanimous B/LB-directed,current_missense_f3
NC_000013.11:32338540:C:G,BRCA2,0,0.0029910920197717,0.0,0.0005402855721802,0.0,8.887488672144144e-08,0.0,0.0053565867062226,0.0,0.0,0000,0.0022220132932653,0.0010225016226541,22,25,1,Unanimous B/LB-directed,current_missense_f3
NC_000013.11:32339404:A:T,BRCA2,0,0.0449912264764327,0.0,0.0085171855366846,0.0,8.887488672144144e-08,0.0,0.0077688128534819,0.0,0.0,0000,0.0153193284353714,0.0091542988243717,22,25,1,Unanimous B/LB-directed,current_missense_f3
NC_000013.11:32339585:G:A,BRCA2,0,0.0396243668427421,0.0,0.00221976439634,0.0,0.0040339922013502,0.0,0.0057811522095026,0.0,0.0,0000,0.0129148189124837,0.0075371832186653,22,25,1,Unanimous B/LB-directed,current_missense_f3
NC_000013.11:32340085:G:C,BRCA2,0,0.0382960929631957,0.0,0.0165642125148383,0.0,0.0017801863493333,0.0,0.0065921438152758,0.0,0.0,0000,0.0158081589106608,0.0094877376431261,22,25,1,Unanimous B/LB-directed,current_missense_f3
NC_000013.11:32340098:C:T,BRCA2,0,0.0405293392941126,0.0,0.0020504268778444,0.0,8.887488672144144e-08,0.0,0.0097154125860933,0.0,0.0,0000,0.0130738169082342,0.007642871133779,21,25,1,Unanimous B/LB-directed,current_missense_f3
NC_000013.11:32340162:G:T,BRCA2,0,0.0153400498744638,0.0,0.0036265554431024,0.0,0.0273098120175572,0.0,0.007404247848486,0.0,0.0,0000,0.0134201662959023,0.0078737261277059,22,25,1,Unanimous B/LB-directed,current_missense_f3
NC_000013.11:32340372:T:A,BRCA2,0,0.0163953724765895,0.0,0.0142382607817341,0.0,8.887488672144144e-08,0.0,0.0066742713006155,0.0,0.0,0000,0.0093269983584564,0.0052055584372502,22,25,1,Unanimous B/LB-directed,current_missense_f3
NC_000013.11:32340518:T:A,BRCA2,0,0.0178991899904214,0.0,0.0293730168088001,0.0,0.0065166644037519,0.0,0.0149285604982598,0.0,0.0,0000,0.0171793579253083,0.0104308965392517,22,25,1,Unanimous B/LB-directed,current_missense_f3
NC_000013.11:32340644:C:A,BRCA2,0,0.0272544806853123,0.0,0.0134343206829897,0.0,8.887488672144144e-08,0.0,0.0037053284487129,0.0,0.0,0000,0.0110985546729754,0.006343508538924,22,25,1,Unanimous B/LB-directed,current_missense_f3
NC_000013.11:32340857:G:C,BRCA2,0,0.0121078127021247,0.0,0.0203416657448203,0.0,0.0209117911272144,0.0,0.0054204619813043,0.0,0.0,0000,0.0146954328888659,0.0087309550972543,22,25,1,Unanimous B/LB-directed,current_missense_f3
NC_000013.11:32340886:C:T,BRCA2,0,0.0244711068766883,0.0,0.0013160212062571,0.0,0.0065166644037519,0.0,0.0116306073810115,0.0,0.0,0000,0.0109835999669272,0.0062688415756165,22,25,1,Unanimous B/LB-directed,current_missense_f3
NC_000013.11:32341052:C:T,BRCA2,0,0.0054451213744463,0.0,0.156771296483862,0.0,0.1288167086065832,0.0,0.0151517322579379,0.0,0.0,0000,0.0765462146807074,0.0578210526195737,22,25,1,Unanimous B/LB-directed,current_missense_f3
NC_000013.11:32341180:C:G,BRCA2,0,0.0368034355368993,0.0,0.0049210601139055,0.0,0.0017801863493333,0.0,0.0069678658075188,0.0,0.0,0000,0.0126181369519142,0.0073404715719168,22,25,1,Unanimous B/LB-directed,current_missense_f3
NC_000013.11:32355188:A:G,BRCA2,0,0.0344772057553504,0.0,0.0038494384523137,0.0,8.887488672144144e-08,0.0,0.0038187784936157,0.0,0.0,0000,0.0105363778940416,0.0059794128900861,22,25,1,Unanimous B/LB-directed,current_missense_f3
NC_000013.11:32371019:C:T,BRCA2,0,0.0510768418131062,0.0,0.2025919630825345,0.0,0.2081218099925818,0.0,0.0542386801808809,0.0,0.0,0000,0.1290073237672759,0.1058482311619772,22,25,1,Unanimous B/LB-directed,current_missense_f3
NC_000013.11:32371052:T:A,BRCA2,0,0.1855105162971499,0.0,0.5323972749756539,0.0,0.3065318422126765,0.0,0.1779258354808778,0.0,0.0,0000,0.3005913672415896,0.2832956639347104,22,25,1,Unanimous B/LB-directed,current_missense_f3
NC_000013.11:32379325:A:G,BRCA2,0,0.001706974464216,0.0,0.0450764951332643,0.0,0.0521134749113494,0.0,0.0140602597775066,0.0,0.0,0000,0.0282393010715841,0.0183938912611978,22,25,1,Unanimous B/LB-directed,current_missense_f3
NC_000013.11:32379391:A:T,BRCA2,0,0.0003348186406047,0.0,0.0005270712271339,0.0,0.0008906330204829,0.0,0.0065976160848287,0.0,0.0,0000,0.0020875347432626,0.0009526675895395,22,25,1,Unanimous B/LB-directed,current_missense_f3
NC_000013.11:32379412:G:A,BRCA2,0,1.434408262076047e-05,0.0,0.0001653761352927,0.0,0.0091645776257562,0.0,0.0043208374359755,0.0,0.0,0000,0.0034162838199113,0.0016649603251566,22,25,1,Unanimous B/LB-directed,current_missense_f3
NC_000013.11:32379790:C:G,BRCA2,0,0.0058754986361769,0.0,0.0405541675492324,0.0,0.0119452781843274,0.0,0.0076588094921785,0.0,0.0,0000,0.0165084384654788,0.0099679975126363,22,25,1,Unanimous B/LB-directed,current_missense_f3
NC_000013.11:32380063:A:G,BRCA2,0,0.0373300225979454,0.0,0.0703898920137071,0.0,0.0209117911272144,0.0,0.0182847346679999,0.0,0.0,0000,0.0367291101017167,0.024849897906468,22,25,1,Unanimous B/LB-directed,current_missense_f3
NC_000015.10:90815206:C:A,BLM,0,0.0629795916701423,0.0,0.0161843861790895,0.0,0.0209117911272144,0.0,0.0080085431682101,0.0,0.0,0000,0.027021078036164,0.0174896869517344,23,25,1,Unanimous B/LB-directed,current_missense_f3
NC_000016.10:23603613:T:C,PALB2,0,0.0142324536840564,0.0,0.0047441795020893,0.0,0.0119452781843274,0.0,0.0074338125079205,0.0,0.0,0000,0.0095889309695984,0.0053720293816295,23,25,1,Unanimous B/LB-directed,current_missense_f3
NC_000016.10:23635207:A:C,PALB2,0,0.1040113641021997,0.0,0.0003191621041578,0.0,0.051704855545156,0.0,0.0243169687554214,0.0,0.0,0000,0.0450880876267337,0.0314379357764086,24,25,1,Unanimous B/LB-directed,current_missense_f3
NC_000016.10:23635241:A:G,PALB2,0,0.0064698995820626,0.0,7.468489661985159e-05,0.0,0.0065166644037519,0.0,0.0053029084981328,0.0,0.0,0000,0.0045910393451418,0.0023279364258339,25,25,1,Unanimous B/LB-directed,current_missense_f3
NC_000016.10:23635955:G:C,PALB2,0,0.0283543358082877,0.0,0.000629751261779,0.0,0.0209117911272144,0.0,0.0097739011558633,0.0,0.0,0000,0.0149174448382861,0.0088813106785709,23,25,1,Unanimous B/LB-directed,current_missense_f3
NC_000016.10:68738339:G:T,CDH1,0,0.42144127857947,0.0,0.5141253101235691,0.0,0.4832330844344897,1.0,0.1416235654406703,0.0,1.0,0010,0.3901058096445498,0.3826899864022194,23,25,1,Mixed votes,current_missense_f3
NC_000016.10:68738408:G:A,CDH1,0,0.0077877102501728,0.0,0.0137510416571372,0.0,0.0091645776257562,0.0,0.004077601412991,0.0,0.0,0000,0.0086952327365143,0.0048067582836197,24,25,1,Unanimous B/LB-directed,current_missense_f3
NC_000016.10:68808429:G:A,CDH1,0,0.0145994951546694,0.0,7.886824562446226e-05,0.0,0.014838660183365,0.0,0.0111495029759492,0.0,0.0,0000,0.010166631639902,0.0057414245472154,24,25,1,Unanimous B/LB-directed,current_missense_f3
NC_000016.10:68810239:A:G,CDH1,0,0.8572043355577548,1.0,0.572474750527431,0.0,0.3688073124263779,0.0,0.8340710085567369,1.0,2.0,1001,0.6581393517670752,0.6832991452638951,25,25,1,Mixed votes,current_missense_f3
NC_000016.10:68810310:A:G,CDH1,0,0.1656085880949358,0.0,0.0010971924285569,0.0,0.0554038523316222,0.0,0.010026260872373,0.0,0.0,0000,0.058033973431872,0.0420205671502387,24,25,1,Unanimous B/LB-directed,current_missense_f3
NC_000016.10:68810328:G:A,CDH1,0,0.0063463331171829,0.0,0.0093779293299038,0.0,0.0119452781843274,0.0,0.0064726842657784,0.0,0.0,0000,0.0085355562242981,0.0047065908033905,25,25,1,Unanimous B/LB-directed,current_missense_f3
NC_000016.10:68811716:C:T,CDH1,0,0.0659681635330243,0.0,0.0735870349577907,0.0,0.0745744304463451,0.0,0.0151285789544789,0.0,0.0,0000,0.0573145519729098,0.0414215768004683,25,25,1,Unanimous B/LB-directed,current_missense_f3
NC_000016.10:68815593:C:G,CDH1,0,0.2234866408405776,0.0,0.003879201042836,0.0,0.0273098120175572,0.0,0.015078804932364,0.0,0.0,0000,0.0674386147083337,0.0499579563715446,24,25,1,Unanimous B/LB-directed,current_missense_f3
NC_000016.10:68819343:A:T,CDH1,0,0.0309686503206034,0.0,0.0118249778159681,0.0,0.0480547539599235,0.0,0.0199707074946053,0.0,0.0,0000,0.0277047723977751,0.0179964080053274,24,25,1,Unanimous B/LB-directed,current_missense_f3
NC_000016.10:89771738:A:G,FANCA,0,0.0311161528228058,0.0,3.909682339165409e-05,0.0,8.887488672144144e-08,0.0,0.0150945768451001,0.0,0.0,0000,0.011562478841546,0.0066459443316627,25,25,1,Unanimous B/LB-directed,current_missense_f3
NC_000016.10:89775752:T:A,FANCA,0,0.101597755557371,0.0,0.0127478788981399,0.0,0.0119452781843274,0.0,0.0091659705984701,0.0,0.0,0000,0.0338642208095771,0.0226427176494305,25,25,1,Unanimous B/LB-directed,current_missense_f3
NC_000016.10:89783071:CG:TA,FANCA,0,,,,,,,,,,,,,0,25,0,,current_missense_f3
NC_000017.11:7669613:C:A,TP53,0,0.1954434297464808,0.0,0.3729898709679588,0.0,0.2351019737882854,0.0,0.038344038056998,0.0,0.0,0000,0.2104698281399308,0.1871343132434707,23,25,1,Unanimous B/LB-directed,current_missense_f3
NC_000017.11:7670685:G:C,TP53,0,0.0124994003546758,0.0,0.0240033603734335,0.0,0.0374187323514562,0.0,0.0654034200650225,0.0,0.0,0000,0.034831228286147,0.0233846263024762,24,25,1,Unanimous B/LB-directed,current_missense_f3
NC_000017.11:7673311:A:G,TP53,0,,,,,,,,,,,,,2,25,0,,current_missense_f3
NC_000017.11:7673575:G:A,TP53,0,0.0044260145869697,0.0,0.0013039171531739,0.0,0.0040339922013502,0.0,0.0253667227361601,0.0,0.0,0000,0.0087826616694135,0.0048617129000526,25,25,1,Unanimous B/LB-directed,current_missense_f3
NC_000017.11:7673753:A:G,TP53,0,0.4934449455760775,1.0,0.6315143189136223,1.0,0.3014145541106327,0.0,0.3190569760321903,0.0,2.0,1100,0.4363576986581307,0.434854409620329,24,25,1,Mixed votes,current_missense_f3
NC_000017.11:7674908:C:T,TP53,0,0.727268048224052,1.0,0.6066926123125703,1.0,0.6342413961686165,1.0,0.5124003293362938,0.0,3.0,1110,0.6201505965103832,0.6416247857794377,24,25,1,Mixed votes,current_missense_f3
NC_000017.11:7675090:C:T,TP53,0,0.0500007110886986,0.0,0.0714877923592566,0.0,0.0480547539599235,0.0,0.0239381347979272,0.0,0.0,0000,0.0483703480514515,0.0340800394148069,25,25,1,Unanimous B/LB-directed,current_missense_f3
NC_000017.11:7676118:C:T,TP53,0,0.0031776183431447,0.0,0.0012869072868156,0.0,0.0178308900328215,0.0,0.0031199763776721,0.0,0.0,0000,0.0063538480101135,0.003366030270093,25,25,1,Unanimous B/LB-directed,current_missense_f3
NC_000017.11:7676141:G:C,TP53,0,0.0260393203968962,0.0,0.007086379701859,0.0,0.0040339922013502,0.0,0.003731777116933,0.0,0.0,0000,0.0102228673542596,0.0057775434541553,24,25,1,Unanimous B/LB-directed,current_missense_f3
NC_000017.11:7676180:G:C,TP53,0,0.0344104134342395,0.0,0.0465669728283065,0.0,0.0706550889577508,0.0,0.1065142441209329,0.0,0.0,0000,0.0645366798353074,0.0474881397042955,25,25,1,Unanimous B/LB-directed,current_missense_f3
NC_000017.11:7676192:C:T,TP53,0,0.0267240683795924,0.0,0.0003685302235682,0.0,0.0209117911272144,0.0,0.0161681962233821,0.0,0.0,0000,0.0160431464884393,0.0096485590533068,25,25,1,Unanimous B/LB-directed,current_missense_f3
NC_000017.11:7676566:C:G,TP53,0,0.0298412790793416,0.0,0.00575127199178,0.0,8.887488672144144e-08,0.0,0.0101705048770388,0.0,0.0,0000,0.0114407862057618,0.0065664430028916,22,25,1,Unanimous B/LB-directed,current_missense_f3
NC_000017.11:43045777:G:A,BRCA1,0,0.0059121713385531,0.0,0.0229788845078911,0.0,0.0178308900328215,0.0,0.0179661476040272,0.0,0.0,0000,0.0161720233708232,0.0097369049614508,24,25,1,Unanimous B/LB-directed,current_missense_f3
NC_000017.11:43045798:A:T,BRCA1,0,0.7483690565490743,1.0,0.7700866631123898,1.0,0.4169095710403563,0.0,0.5814387548010249,1.0,3.0,1101,0.6292010113757114,0.6516079592828313,23,25,1,Mixed votes,current_missense_f3
NC_000017.11:43047658:C:T,BRCA1,0,,,,,,,,,,,,,2,25,0,,current_missense_f3
NC_000017.11:43047679:C:G,BRCA1,0,,,,,,,,,,,,,2,25,0,,current_missense_f3
NC_000017.11:43047679:C:T,BRCA1,0,,,,,,,,,,,,,2,25,0,,current_missense_f3
NC_000017.11:43047682:A:T,BRCA1,0,,,,,,,,,,,,,2,25,0,,current_missense_f3
NC_000017.11:43047691:T:G,BRCA1,0,,,,,,,,,,,,,2,25,0,,current_missense_f3
NC_000017.11:43047694:G:A,BRCA1,0,,,,,,,,,,,,,2,25,0,,current_missense_f3
NC_000017.11:43047697:G:A,BRCA1,0,,,,,,,,,,,,,2,25,0,,current_missense_f3
NC_000017.11:43063335:A:C,BRCA1,0,0.0079784806188293,0.0,0.0551635989392166,0.0,0.0480547539599235,0.0,0.0370303723357081,0.0,0.0,0000,0.0370568014634194,0.0251040976809682,24,25,1,Unanimous B/LB-directed,current_missense_f3
NC_000017.11:43067631:T:C,BRCA1,0,0.1044432418077821,0.0,0.3120653459606212,0.0,0.3426811985108431,0.0,0.0603863387217045,0.0,0.0,0000,0.2048940312502377,0.1813700601475902,24,25,1,Unanimous B/LB-directed,current_missense_f3
NC_000017.11:43067657:G:A,BRCA1,0,0.0025347598759827,0.0,0.0047995858858164,0.0,0.014838660183365,0.0,0.0091474118546966,0.0,0.0,0000,0.0078301044499652,0.004267229622873,25,25,1,Unanimous B/LB-directed,current_missense_f3
NC_000017.11:43067661:T:C,BRCA1,0,0.0026230066523566,0.0,0.0005991580189078,0.0,0.0209117911272144,0.0,0.0178364931710316,0.0,0.0,0000,0.0104926122423776,0.0059511808053345,25,25,1,Unanimous B/LB-directed,current_missense_f3
NC_000017.11:43067664:G:C,BRCA1,0,0.0069515692544718,0.0,0.047449998790001,0.0,0.059149949187904,0.0,0.0475695259671148,0.0,0.0,0000,0.0402802607998729,0.0276228462716176,24,25,1,Unanimous B/LB-directed,current_missense_f3
NC_000017.11:43067691:G:A,BRCA1,0,0.0369406553484567,0.0,0.0935903189279415,0.0,0.051704855545156,0.0,0.0429226358953684,0.0,0.0,0000,0.0562896164292307,0.0405703192760617,24,25,1,Unanimous B/LB-directed,current_missense_f3
NC_000017.11:43070976:A:T,BRCA1,0,0.0092914280179574,0.0,0.0068669266757248,0.0,0.0273098120175572,0.0,0.0088214628830452,0.0,0.0,0000,0.0130724073985711,0.0076419334073229,24,25,1,Unanimous B/LB-directed,current_missense_f3
NC_000017.11:43070986:T:A,BRCA1,0,0.0234748405281795,0.0,0.0013390795805282,0.0,0.014838660183365,0.0,0.0105398675503743,0.0,0.0,0000,0.0125481119606118,0.0072941376284762,24,25,1,Unanimous B/LB-directed,current_missense_f3
NC_000017.11:43071005:C:A,BRCA1,0,0.0149332523993232,0.0,0.0059490582541953,0.0,0.0119452781843274,0.0,0.0242725113641681,0.0,0.0,0000,0.0142750250505035,0.008447133327541,24,25,1,Unanimous B/LB-directed,current_missense_f3
NC_000017.11:43071136:T:A,BRCA1,0,0.0390642480494241,0.0,0.0016097770810301,0.0,0.0273098120175572,0.0,0.1064274434355913,0.0,0.0,0000,0.0436028201459007,0.0302521822964142,25,25,1,Unanimous B/LB-directed,current_missense_f3
NC_000017.11:43071163:C:A,BRCA1,0,0.0066120670703572,0.0,0.0011346319174978,0.0,0.0017801863493333,0.0,0.008946463749547,0.0,0.0,0000,0.0046183372716838,0.0023436446009526,25,25,1,Unanimous B/LB-directed,current_missense_f3
NC_000017.11:43074369:C:A,BRCA1,0,0.0085910552235787,0.0,0.0038125669474969,0.0,0.0065166644037519,0.0,0.0048293883906251,0.0,0.0,0000,0.0059374187413632,0.003116743943332,25,25,1,Unanimous B/LB-directed,current_missense_f3
NC_000017.11:43074461:C:T,BRCA1,0,0.0178057640097916,0.0,0.0059291917102236,0.0,0.0040339922013502,0.0,0.0121145526951985,0.0,0.0,0000,0.009970875154141,0.0056159144340466,25,25,1,Unanimous B/LB-directed,current_missense_f3
NC_000017.11:43090969:A:G,BRCA1,0,0.1110606057981389,0.0,0.2078576725570227,0.0,0.151077964013461,0.0,0.1143392101726746,0.0,0.0,0000,0.1460838631353243,0.1223071325525083,24,25,1,Unanimous B/LB-directed,current_missense_f3
NC_000017.11:43091701:C:G,BRCA1,0,0.0420259542398789,0.0,0.0024381729277132,0.0,0.0040339922013502,0.0,0.0045697997185912,0.0,0.0,0000,0.0132669797718834,0.0077715153636951,24,25,1,Unanimous B/LB-directed,current_missense_f3
NC_000017.11:43091967:C:A,BRCA1,0,0.23469332762815,0.0,0.3389304354083207,0.0,0.0906414947838726,0.0,0.1074132425258544,0.0,0.0,0000,0.1929196250865494,0.169079140024531,24,25,1,Unanimous B/LB-directed,current_missense_f3
NC_000017.11:43092387:C:A,BRCA1,0,0.0027948494514945,0.0,0.0115648503311218,0.0,0.0091645776257562,0.0,0.0060512150365038,0.0,0.0,0000,0.0073938731112191,0.0039982520429047,25,25,1,Unanimous B/LB-directed,current_missense_f3
NC_000017.11:43092472:G:A,BRCA1,0,0.0921680133466876,0.0,0.0019350824753615,0.0,0.0409093660412612,0.0,0.0093958614951734,0.0,0.0,0000,0.0361020808396209,0.0243644722716494,24,25,1,Unanimous B/LB-directed,current_missense_f3
NC_000017.11:43092493:C:T,BRCA1,0,0.0204118167461281,0.0,0.0047217042911027,0.0,0.0017801863493333,0.0,0.0030418549436105,0.0,0.0,0000,0.0074888905825437,0.004056656225089,24,25,1,Unanimous B/LB-directed,current_missense_f3
NC_000017.11:43092631:T:A,BRCA1,0,0.0187714027140739,0.0,0.0004093718511074,0.0,0.0040339922013502,0.0,0.0061187306861035,0.0,0.0,0000,0.0073333743631587,0.0039611194853188,24,25,1,Unanimous B/LB-directed,current_missense_f3
NC_000017.11:43092732:C:G,BRCA1,0,0.0121635435618031,0.0,0.0019326486498765,0.0,0.014838660183365,0.0,0.0083014730540465,0.0,0.0,0000,0.0093090813622728,0.0051941950133465,24,25,1,Unanimous B/LB-directed,current_missense_f3
NC_000017.11:43092795:T:C,BRCA1,0,0.0077054332549925,0.0,0.0003105467124033,0.0,0.0178308900328215,0.0,0.0027427534855056,0.0,0.0,0000,0.0071474058714307,0.0038472436838394,24,25,1,Unanimous B/LB-directed,current_missense_f3
NC_000017.11:43093117:A:G,BRCA1,0,0.044420458610393,0.0,0.2330200918694824,0.0,0.2215383302655092,0.0,0.2651483774030548,0.0,0.0,0000,0.1910318145371098,0.1671528027842815,25,25,1,Unanimous B/LB-directed,current_missense_f3
NC_000017.11:43093183:T:C,BRCA1,0,0.1139698874050339,0.0,0.000173020530787,0.0,0.0480547539599235,0.0,0.0509131905991327,0.0,0.0,0000,0.0532777131237193,0.0380833984023579,25,25,1,Unanimous B/LB-directed,current_missense_f3
NC_000017.11:43093300:C:T,BRCA1,0,0.0153247905778515,0.0,3.104633359179315e-05,0.0,8.887488672144144e-08,0.0,0.0104299519029616,0.0,0.0,0000,0.0064464694223229,0.0034217879466098,25,25,1,Unanimous B/LB-directed,current_missense_f3
NC_000017.11:43093375:T:C,BRCA1,0,0.0042558434586067,0.0,4.193808997737312e-05,0.0,0.0065166644037519,0.0,0.0028593775678014,0.0,0.0,0000,0.0034184558800343,0.0016661605897161,25,25,1,Unanimous B/LB-directed,current_missense_f3
NC_000017.11:43093603:T:C,BRCA1,0,0.0537660710981636,0.0,0.1399988695242187,0.0,0.1556110100112175,0.0,0.0784409545476745,0.0,0.0,0000,0.1069542262953186,0.0851498226912635,24,25,1,Unanimous B/LB-directed,current_missense_f3
NC_000017.11:43093606:C:G,BRCA1,0,0.0304076095710677,0.0,0.1162874519279412,0.0,0.1420909522928315,0.0,0.0359519227500933,0.0,0.0,0000,0.0811844841354834,0.0618870561384328,25,25,1,Unanimous B/LB-directed,current_missense_f3
NC_000017.11:43093680:G:T,BRCA1,0,0.0102446717273383,0.0,0.0229694748907341,0.0,0.0040339922013502,0.0,0.003523256584327,0.0,0.0,0000,0.0101928488509374,0.0057582597736558,24,25,1,Unanimous B/LB-directed,current_missense_f3
NC_000017.11:43093864:T:G,BRCA1,0,0.0176852193959422,0.0,0.003069383296748,0.0,8.887488672144144e-08,0.0,0.0065378198626604,0.0,0.0,0000,0.0068231278575593,0.0036496600334299,24,25,1,Unanimous B/LB-directed,current_missense_f3
NC_000017.11:43094072:A:C,BRCA1,0,0.0058634777994468,0.0,0.0008213500710936,0.0,8.887488672144144e-08,0.0,0.0116180893957019,0.0,0.0,0000,0.0045757515352822,0.0023191448458635,24,25,1,Unanimous B/LB-directed,current_missense_f3
NC_000017.11:43094112:T:C,BRCA1,0,0.002007405465244,0.0,0.0004012353666293,0.0,0.0017801863493333,0.0,0.0046487655733579,0.0,0.0,0000,0.0022093981886411,0.0010159259801547,25,25,1,Unanimous B/LB-directed,current_missense_f3
NC_000017.11:43094293:A:C,BRCA1,0,0.0238193512682841,0.0,0.0006509073399229,0.0,0.0017801863493333,0.0,0.0041547231954168,0.0,0.0,0000,0.0076012920382393,0.004125878471955,25,25,1,Unanimous B/LB-directed,current_missense_f3
NC_000017.11:43094533:T:C,BRCA1,0,0.0029820874975003,0.0,0.0031710015012276,0.0,0.0017801863493333,0.0,0.0061088759383352,0.0,0.0,0000,0.0035105378215991,0.0017171386484216,25,25,1,Unanimous B/LB-directed,current_missense_f3
NC_000017.11:43094703:G:C,BRCA1,0,0.0084287247346933,0.0,0.0356349002867041,0.0,0.059149949187904,0.0,0.017315441871884,0.0,0.0,0000,0.0301322540202963,0.0198105543147235,25,25,1,Unanimous B/LB-directed,current_missense_f3
NC_000017.11:43104886:C:A,BRCA1,0,0.1605174660109195,0.0,0.8676498000596511,1.0,0.0825321792497708,0.0,0.047999279736199,0.0,1.0,0100,0.2896746812641351,0.2713921093110876,24,25,1,Mixed votes,current_missense_f3
NC_000017.11:43106470:T:C,BRCA1,0,0.0102208736252371,0.0,0.0244454644457249,0.0,0.0339864001621097,0.0,0.0074186359077777,0.0,0.0,0000,0.0190178435352124,0.0117126048259185,24,25,1,Unanimous B/LB-directed,current_missense_f3
NC_000017.11:43106523:C:A,BRCA1,0,0.1117075072182024,0.0,0.6018480977664433,0.0,0.2118630815548382,0.0,0.0492230211351098,0.0,0.0,0000,0.2436604269186484,0.2219401148726182,24,25,1,Unanimous B/LB-directed,current_missense_f3
NC_000017.11:43124076:C:A,BRCA1,0,0.0141652254667417,0.0,0.0308800664434505,0.0,0.0554038523316222,0.0,0.0159295224979839,0.0,0.0,0000,0.0290946666849495,0.0190323125553003,25,25,1,Unanimous B/LB-directed,current_missense_f3
NC_000017.11:43124087:T:G,BRCA1,0,0.0064729224445826,0.0,0.0178207868904437,0.0,0.0178308900328215,0.0,0.0055447877844758,0.0,0.0,0000,0.0119173467880809,0.0068784512736161,24,25,1,Unanimous B/LB-directed,current_missense_f3
NC_000017.11:58692700:T:G,RAD51C,0,0.0541962773286485,0.0,0.1720010531337708,0.0,0.0017801863493333,0.0,0.0029409720843338,0.0,0.0,0000,0.0577296222240216,0.041767016570888,25,25,1,Unanimous B/LB-directed,current_missense_f3
NC_000017.11:58696786:G:T,RAD51C,0,0.0002833087302542,0.0,0.0114569732092964,0.0,0.0650670107165576,0.0,0.0281349883076676,0.0,0.0,0000,0.026235570240944,0.0169098839587578,25,25,1,Unanimous B/LB-directed,current_missense_f3
NC_000017.11:61683537:G:T,BRIP1,0,0.0402128429604697,0.0,0.0168902027953838,0.0,0.0706550889577508,0.0,0.0567038809513472,0.0,0.0,0000,0.0461155039162379,0.0322617955135226,23,25,1,Unanimous B/LB-directed,current_missense_f3
NC_000017.11:61683596:G:T,BRIP1,0,0.0317813232345105,0.0,0.0064027436407946,0.0,0.0091645776257562,0.0,0.0205118824310475,0.0,0.0,0000,0.0169651317330272,0.0102828020546763,23,25,1,Unanimous B/LB-directed,current_missense_f3
NC_000017.11:61683704:T:A,BRIP1,0,0.0441066656439502,0.0,0.0025135375966533,0.0,0.0091645776257562,0.0,0.0119506457586702,0.0,0.0,0000,0.0169338566562575,0.0102612041928413,23,25,1,Unanimous B/LB-directed,current_missense_f3
NC_000017.11:61801408:G:T,BRIP1,0,0.0555569212277386,0.0,0.0456942005473339,0.0,0.0065166644037519,0.0,0.0133783030258125,0.0,0.0,0000,0.0302865223011592,0.0199266140717648,24,25,1,Unanimous B/LB-directed,current_missense_f3
NC_000019.10:1226520:G:A,STK11,0,0.0146017396986547,0.0,0.0008575855049007,0.0,0.0240735186885651,0.0,0.0276064683646421,0.0,0.0,0000,0.0167848280641907,0.0101583679402559,24,25,1,Unanimous B/LB-directed,current_missense_f3
NC_000002.12:214728919:G:A,BARD1,0,0.1063598866836472,0.0,0.107674786900931,0.0,0.0537539361029961,0.0,0.0348496965118468,0.0,0.0,0000,0.0756595765498553,0.0570484076374913,24,25,1,Unanimous B/LB-directed,current_missense_f3
NC_000002.12:214781197:C:T,BARD1,0,0.0336735022272569,0.0,0.000616198672926,0.0,0.0119452781843274,0.0,0.0082152879241244,0.0,0.0,0000,0.0136125667521587,0.008002337593334,24,25,1,Unanimous B/LB-directed,current_missense_f3
NC_000022.11:28689141:A:G,CHEK2,0,0.0076380399213559,0.0,0.0095975033330776,0.0,0.014838660183365,0.0,0.0317438416722882,0.0,0.0,0000,0.0159545112775217,0.0095878584550214,24,25,1,Unanimous B/LB-directed,current_missense_f3
NC_000008.11:89935601:A:T,NBN,0,0.0251056837734201,0.0,0.000754320438917,0.0,0.0178308900328215,0.0,0.0163238638788118,0.0,0.0,0000,0.0150036895309926,0.0089398061304314,24,25,1,Unanimous B/LB-directed,current_missense_f3
NC_000009.12:95107174:G:A,FANCC,0,0.0143886225141702,0.0,0.0004284106715223,0.0,0.0119452781843274,0.0,0.0138358639893146,0.0,0.0,0000,0.0101495438398336,0.0057304550016685,25,25,1,Unanimous B/LB-directed,current_missense_f3
NC_000009.12:95111599:T:C,FANCC,0,0.0197541909792211,0.0,0.0005293599466893,0.0,8.887488672144144e-08,0.0,0.01935900764916,0.0,0.0,0000,0.0099106618624893,0.0055773776696079,25,25,1,Unanimous B/LB-directed,current_missense_f3
NC_000010.11:87894024:A:C,PTEN,1,0.996162856876733,1.0,0.9853703685288115,1.0,0.9999999741320056,1.0,0.9926758139329864,1.0,4.0,1111,0.9935522533676342,0.996199053587171,24,25,1,Unanimous LP/P-directed,current_missense_f4
NC_000010.11:87894050:G:C,PTEN,1,0.9997129657229874,1.0,0.9984084380988688,1.0,0.9999999741320056,1.0,0.9926758139329864,1.0,4.0,1111,0.997699297971712,0.9987809344365126,25,25,1,Unanimous LP/P-directed,current_missense_f4
NC_000010.11:87925517:T:G,PTEN,1,0.9977048455614436,1.0,0.9896070073608406,1.0,0.9999999741320056,1.0,0.9926758139329864,1.0,4.0,1111,0.994996910246819,0.9971276071410878,25,25,1,Unanimous LP/P-directed,current_missense_f4
NC_000010.11:87925529:A:G,PTEN,1,0.9950708975978048,1.0,0.9846430257472718,1.0,0.9999999741320056,1.0,0.9926758139329864,1.0,4.0,1111,0.9930974278525172,0.9959018261092488,25,25,1,Unanimous LP/P-directed,current_missense_f4
NC_000010.11:87933143:G:A,PTEN,1,0.9986812087081384,1.0,0.992242492512447,1.0,0.9999999741320056,1.0,0.9926758139329864,1.0,4.0,1111,0.9958998723213944,0.9976941154945153,25,25,1,Unanimous LP/P-directed,current_missense_f4
NC_000010.11:87933150:C:T,PTEN,1,0.9991323524864684,1.0,0.993296644841376,1.0,0.9999999741320056,1.0,0.9926758139329864,1.0,4.0,1111,0.9962761963482092,0.997926512232894,25,25,1,Unanimous LP/P-directed,current_missense_f4
NC_000010.11:87933153:G:T,PTEN,1,0.9985502023855466,1.0,0.9905207234895682,1.0,0.9999999741320056,1.0,0.9926758139329864,1.0,4.0,1111,0.9954366784850268,0.9974049940953076,25,25,1,Unanimous LP/P-directed,current_missense_f4
NC_000010.11:87933165:G:A,PTEN,1,0.9985495548463348,1.0,0.9920506221404926,1.0,0.9999999741320056,1.0,0.9926758139329864,1.0,4.0,1111,0.9958189912629548,0.99764386729881,25,25,1,Unanimous LP/P-directed,current_missense_f4
NC_000011.10:108247028:A:G,ATM,1,0.995519799940861,1.0,0.9920933031082562,1.0,0.9815789972558036,1.0,0.991956715989003,1.0,4.0,1111,0.9902872040734808,0.9940224624989354,25,25,1,Unanimous LP/P-directed,current_missense_f4
NC_000011.10:108271073:T:G,ATM,1,0.9953859498733288,1.0,0.9864576590829632,1.0,0.9980498151107784,1.0,0.9926758139329864,1.0,4.0,1111,0.9931423095000144,0.9959312517359026,25,25,1,Unanimous LP/P-directed,current_missense_f4
NC_000011.10:108329201:T:G,ATM,1,0.6174933905519092,1.0,0.715486638301871,1.0,0.7469942461748259,1.0,0.944695264558588,1.0,4.0,1111,0.7561673848967985,0.7801069029248296,25,25,1,Unanimous LP/P-directed,current_missense_f4
NC_000011.10:108333924:T:C,ATM,1,0.9900477888783216,1.0,0.9790313767713114,1.0,0.9961830515140826,1.0,0.9926758139329864,1.0,4.0,1111,0.9894845077741756,0.9934738385354228,25,25,1,Unanimous LP/P-directed,current_missense_f4
NC_000011.10:108345803:T:G,ATM,1,0.9903519219404496,1.0,0.9568765068467028,1.0,0.9898339128660874,1.0,0.9926758139329864,1.0,4.0,1111,0.9824345388965566,0.9884827293127944,25,25,1,Unanimous LP/P-directed,current_missense_f4
NC_000011.10:108353804:A:G,ATM,1,0.9993164722265364,1.0,0.9926164528439776,1.0,0.9999999741320056,1.0,0.9926758139329864,1.0,4.0,1111,0.9961521782838766,0.9978501861507432,25,25,1,Unanimous LP/P-directed,current_missense_f4
NC_000015.10:90794310:G:C,BLM,1,0.9906766663516255,1.0,0.962082150183752,1.0,0.9978001729749028,1.0,0.9926758139329864,1.0,4.0,1111,0.9858087008608166,0.9909065599713648,25,25,1,Unanimous LP/P-directed,current_missense_f4
NC_000016.10:89765061:T:G,FANCA,1,0.999278439503366,1.0,0.9953192190006548,1.0,0.9622875344136675,1.0,0.9926758139329864,1.0,4.0,1111,0.9873902517126688,0.9920214710190208,25,25,1,Unanimous LP/P-directed,current_missense_f4
NC_000017.11:7670677:A:G,TP53,1,0.98175815919265,1.0,0.9751333412143786,1.0,0.997825422827978,1.0,0.9926758139329864,1.0,4.0,1111,0.9868481842919984,0.9916409966446752,25,25,1,Unanimous LP/P-directed,current_missense_f4
NC_000017.11:7670698:C:G,TP53,1,0.9916093044290066,1.0,0.9915956217174824,1.0,0.9948576361956188,1.0,0.9926758139329864,1.0,4.0,1111,0.9926845940687736,0.9956302140409944,25,25,1,Unanimous LP/P-directed,current_missense_f4
NC_000017.11:7670698:C:T,TP53,1,0.8175781066478107,1.0,0.804555591579649,1.0,0.6552111804290797,1.0,0.7089271641176121,1.0,4.0,1111,0.7465680106935378,0.7702425508613854,25,25,1,Unanimous LP/P-directed,current_missense_f4
NC_000017.11:7670699:G:A,TP53,1,0.9031839328496256,1.0,0.9032684482527708,1.0,0.834154634525461,1.0,0.907464104657272,1.0,4.0,1111,0.8870177800712824,0.908001066507556,25,25,1,Unanimous LP/P-directed,current_missense_f4
NC_000017.11:7673732:T:C,TP53,1,0.0046064257912333,0.0,9.280042300763194e-05,0.0,0.0012822102271656,0.0,0.0076024420949036,0.0,0.0,0000,0.0033959696340775,0.0019476687251047,25,25,1,Unanimous B/LB-directed,current_missense_f4
NC_000017.11:7673775:G:C,TP53,1,0.9985062169350756,1.0,0.9961717954214886,1.0,0.9996256233523576,1.0,0.9926758139329864,1.0,4.0,1111,0.996744862410477,0.9982124788389554,25,25,1,Unanimous LP/P-directed,current_missense_f4
NC_000017.11:7673775:G:A,TP53,1,0.996693006687101,1.0,0.9931593497399288,1.0,0.9986437990745024,1.0,0.9926758139329864,1.0,4.0,1111,0.9952929923586296,0.9973146607199088,25,25,1,Unanimous LP/P-directed,current_missense_f4
NC_000017.11:7674220:G:A,TP53,1,0.9984551048571634,1.0,0.993757565715698,1.0,0.9999999741320056,1.0,0.9926758139329864,1.0,4.0,1111,0.9962221146594632,0.9978932602824224,25,25,1,Unanimous LP/P-directed,current_missense_f4
NC_000017.11:7674251:C:T,TP53,1,0.990386951996544,1.0,0.9842722826908792,1.0,0.9999999741320056,1.0,0.9926758139329864,1.0,4.0,1111,0.9918337556881038,0.9950653051280196,25,25,1,Unanimous LP/P-directed,current_missense_f4
NC_000017.11:7674256:A:G,TP53,1,0.9894192155561542,1.0,0.977326145805411,1.0,0.99875685911533,1.0,0.9926758139329864,1.0,4.0,1111,0.9895445086024705,0.993515010488301,25,25,1,Unanimous LP/P-directed,current_missense_f4
NC_000017.11:7674261:T:C,TP53,1,0.989931905562902,1.0,0.9711782720789166,1.0,0.980097399353803,1.0,0.9915822572002287,1.0,4.0,1111,0.9831974585489628,0.989035768577664,25,25,1,Unanimous LP/P-directed,current_missense_f4
NC_000017.11:7674871:T:C,TP53,1,0.9959239666074564,1.0,0.98815659353004,1.0,0.9775248083805624,1.0,0.9835249774114166,1.0,4.0,1111,0.9862825864823688,0.9912421486794788,25,25,1,Unanimous LP/P-directed,current_missense_f4
NC_000017.11:7674884:C:T,TP53,1,0.99398407411786,1.0,0.9836117151463404,1.0,0.999347035682996,1.0,0.9926758139329864,1.0,4.0,1111,0.9924046597200455,0.9954450952197644,25,25,1,Unanimous LP/P-directed,current_missense_f4
NC_000017.11:7674946:A:G,TP53,1,0.9977185757425788,1.0,0.9920842684366354,1.0,0.9999999741320056,1.0,0.9926758139329864,1.0,4.0,1111,0.9956196580610516,0.9975195961017146,25,25,1,Unanimous LP/P-directed,current_missense_f4
NC_000017.11:7675069:C:T,TP53,1,0.5784286822180269,0.0,0.7292008448279631,1.0,0.5154405801614345,1.0,0.5866741213172658,0.0,2.0,0110,0.6024360571311725,0.6171357963170998,25,25,1,Mixed votes,current_missense_f4
NC_000017.11:7675076:G:A,TP53,1,0.9841079425545872,1.0,0.95968306842976,1.0,0.9999999741320056,1.0,0.9926758139329864,1.0,4.0,1111,0.9841166997623348,0.989698358207089,25,25,1,Unanimous LP/P-directed,current_missense_f4
NC_000017.11:7675160:G:T,TP53,1,0.872091275036492,1.0,0.814731427356452,1.0,0.989549537920495,1.0,0.9838563389520544,1.0,4.0,1111,0.9150571448163732,0.9332656175214892,25,25,1,Unanimous LP/P-directed,current_missense_f4
NC_000017.11:7675210:A:C,TP53,1,0.9969817659770104,1.0,0.9877855220708112,1.0,0.9997433613820216,1.0,0.9926758139329864,1.0,4.0,1111,0.9942966158407076,0.9966806129613628,25,25,1,Unanimous LP/P-directed,current_missense_f4
NC_000017.11:43057116:C:T,BRCA1,1,0.995725591918004,1.0,0.9922914079677716,1.0,0.9999999741320056,1.0,0.9926758139329864,1.0,4.0,1111,0.995173196987692,0.9972391239252522,25,25,1,Unanimous LP/P-directed,current_missense_f4
NC_000017.11:43063880:G:T,BRCA1,1,0.9901879970549804,1.0,0.971045960398296,1.0,0.9903796869080388,1.0,0.9926758139329864,1.0,4.0,1111,0.9860723645735756,0.9910934337991014,25,25,1,Unanimous LP/P-directed,current_missense_f4
NC_000017.11:43067624:T:C,BRCA1,1,0.9811037788739956,1.0,0.9411771835940996,1.0,0.9997433613820216,1.0,0.9926758139329864,1.0,4.0,1111,0.978675034445776,0.9857192775248632,25,25,1,Unanimous LP/P-directed,current_missense_f4
NC_000017.11:58695158:G:T,RAD51C,1,0.9999560445442588,1.0,0.9963184913522792,1.0,0.999385952827255,1.0,0.9926758139329864,1.0,4.0,1111,0.9970840756641948,0.9984168181439754,25,25,1,Unanimous LP/P-directed,current_missense_f4
NC_000019.10:1220433:G:A,STK11,1,0.9975519852407756,1.0,0.9812246018524814,1.0,0.9999999741320056,1.0,0.9926758139329864,1.0,4.0,1111,0.9928630937895624,0.9957478600730876,25,25,1,Unanimous LP/P-directed,current_missense_f4
NC_000022.11:28725337:T:C,CHEK2,1,0.9865869200630674,1.0,0.9791891607125496,1.0,0.9938654458693856,1.0,0.9926758139329864,1.0,4.0,1111,0.9880793351444972,0.992502521027675,24,25,1,Unanimous LP/P-directed,current_missense_f4
NC_000010.11:87864471:G:A,PTEN,1,0.9940774292549488,1.0,0.978457154406546,1.0,0.978334300761576,1.0,0.9767317899261994,1.0,4.0,1111,0.9819001685873174,0.9880937344327289,21,25,1,Unanimous LP/P-directed,current_missense_f4
NC_000010.11:87864527:G:T,PTEN,1,0.996438327418032,1.0,0.9858325512573882,1.0,0.9998650047011264,1.0,0.9926758139329864,1.0,4.0,1111,0.9937029243273832,0.99629703131034,25,25,1,Unanimous LP/P-directed,current_missense_f4
NC_000010.11:87864532:G:C,PTEN,1,0.9985067340793397,1.0,0.992242459702138,1.0,0.9999999741320056,1.0,0.9926758139329864,1.0,4.0,1111,0.9958562454616174,0.9976670246718468,25,25,1,Unanimous LP/P-directed,current_missense_f4
NC_000010.11:87864535:T:G,PTEN,1,0.998808745639909,1.0,0.9867642642833886,1.0,0.9999999741320056,1.0,0.9926758139329864,1.0,4.0,1111,0.9945621994970724,0.9968508604168204,25,25,1,Unanimous LP/P-directed,current_missense_f4
NC_000010.11:87864539:A:G,PTEN,1,0.9985161384400754,1.0,0.9921203213425536,1.0,0.9999999741320056,1.0,0.9926758139329864,1.0,4.0,1111,0.9958280619619052,0.9976495076908126,25,25,1,Unanimous LP/P-directed,current_missense_f4
NC_000010.11:87864543:G:C,PTEN,1,0.999576302427198,1.0,0.994676696360098,1.0,0.9999999741320056,1.0,0.9926758139329864,1.0,4.0,1111,0.996732196713072,0.9982048044748923,25,25,1,Unanimous LP/P-directed,current_missense_f4
NC_000010.11:87894047:A:C,PTEN,1,0.999042644032436,1.0,0.99474867707141,1.0,0.9998212775719646,1.0,0.9926758139329864,1.0,4.0,1111,0.9965721031521994,0.998107536525774,25,25,1,Unanimous LP/P-directed,current_missense_f4
NC_000010.11:87894050:G:A,PTEN,1,0.999052814688888,1.0,0.9942259724112894,1.0,0.9999999741320056,1.0,0.9926758139329864,1.0,4.0,1111,0.9964886437912924,0.9980566390191056,25,25,1,Unanimous LP/P-directed,current_missense_f4
NC_000010.11:87894087:A:G,PTEN,1,0.9919147684047078,1.0,0.968478691858564,1.0,0.9997433613820216,1.0,0.9926758139329864,1.0,4.0,1111,0.98820315889457,0.9925886429105322,25,25,1,Unanimous LP/P-directed,current_missense_f4
NC_000010.11:87894088:C:A,PTEN,1,0.9994801563457072,1.0,0.9973493820679974,1.0,0.9999999741320056,1.0,0.9926758139329864,1.0,4.0,1111,0.9973763316196742,0.998590902081676,25,25,1,Unanimous LP/P-directed,current_missense_f4
NC_000010.11:87894093:T:C,PTEN,1,0.9974952552400764,1.0,0.9885841761289308,1.0,0.9997433613820216,1.0,0.9926758139329864,1.0,4.0,1111,0.994624651671004,0.99689076780233,25,25,1,Unanimous LP/P-directed,current_missense_f4
NC_000010.11:87925547:T:G,PTEN,1,0.9962831403888126,1.0,0.9820185371628054,1.0,0.9999999741320056,1.0,0.9926758139329864,1.0,4.0,1111,0.9927443664041524,0.9956696436181776,25,25,1,Unanimous LP/P-directed,current_missense_f4
NC_000010.11:87925550:A:C,PTEN,1,0.9980364311519664,1.0,0.988377550605244,1.0,0.9999999741320056,1.0,0.9926758139329864,1.0,4.0,1111,0.9947724424555506,0.9969850105783468,25,25,1,Unanimous LP/P-directed,current_missense_f4
NC_000010.11:87931077:T:G,PTEN,1,0.9960028570901996,1.0,0.9856129084158548,1.0,0.9999999741320056,1.0,0.9926758139329864,1.0,4.0,1111,0.9935728883927616,0.9962124866249682,25,25,1,Unanimous LP/P-directed,current_missense_f4
NC_000010.11:87933045:C:T,PTEN,1,0.9949620377816908,1.0,0.9873072962172684,1.0,0.9999999741320056,1.0,0.9925151295560078,1.0,4.0,1111,0.9936961094217432,0.9962926050943258,25,25,1,Unanimous LP/P-directed,current_missense_f4
NC_000010.11:87933078:A:T,PTEN,1,0.9985058468850384,1.0,0.9894570464768552,1.0,0.9999999741320056,1.0,0.9926758139329864,1.0,4.0,1111,0.9951596703567216,0.9972305821891996,25,25,1,Unanimous LP/P-directed,current_missense_f4
NC_000010.11:87933089:T:C,PTEN,1,0.9986483893008912,1.0,0.9946692038806022,1.0,0.9999999741320056,1.0,0.9926758139329864,1.0,4.0,1111,0.9964983453116212,0.9980625620320552,25,25,1,Unanimous LP/P-directed,current_missense_f4
NC_000010.11:87933092:C:G,PTEN,1,0.9998602812750164,1.0,0.9997471296106796,1.0,0.9929014018514342,1.0,0.9926758139329864,1.0,4.0,1111,0.9962961566675292,0.9979387720245184,25,25,1,Unanimous LP/P-directed,current_missense_f4
NC_000010.11:87933093:T:G,PTEN,1,0.9981109506579684,1.0,0.9920710036226504,1.0,0.9999999741320056,1.0,0.9926758139329864,1.0,4.0,1111,0.9957144355864028,0.9975787596011824,25,25,1,Unanimous LP/P-directed,current_missense_f4
NC_000010.11:87933131:A:G,PTEN,1,0.99893947851338,1.0,0.9912936715068384,1.0,0.9999999741320056,1.0,0.9926758139329864,1.0,4.0,1111,0.9957272345213026,0.9975867386679204,25,25,1,Unanimous LP/P-directed,current_missense_f4
NC_000010.11:87933137:G:A,PTEN,1,0.9981230301682508,1.0,0.9935198687836224,1.0,0.9999999741320056,1.0,0.9926758139329864,1.0,4.0,1111,0.9960796717542164,0.9978054422594316,25,25,1,Unanimous LP/P-directed,current_missense_f4
NC_000010.11:87933183:G:C,PTEN,1,0.99530192169599,1.0,0.9783245888600656,1.0,0.996465387838021,1.0,0.9926635834465156,1.0,4.0,1111,0.990688870460148,0.9942951672170116,25,25,1,Unanimous LP/P-directed,current_missense_f4
NC_000010.11:87933234:G:T,PTEN,1,0.9993197368769252,1.0,0.9947573451117188,1.0,0.9999999741320056,1.0,0.9926758139329864,1.0,4.0,1111,0.9966882175134092,0.9981781326538032,25,25,1,Unanimous LP/P-directed,current_missense_f4
NC_000010.11:87952117:G:C,PTEN,1,0.9989951283998344,1.0,0.9941562225356844,1.0,0.9999999741320056,1.0,0.9926758139329864,1.0,4.0,1111,0.9964567847501276,0.9980371762763656,25,25,1,Unanimous LP/P-directed,current_missense_f4
NC_000010.11:87952133:G:T,PTEN,1,0.998622976431658,1.0,0.9895673082056682,1.0,0.9999999741320056,1.0,0.9926758139329864,1.0,4.0,1111,0.9952165181755795,0.9972664631496118,25,25,1,Unanimous LP/P-directed,current_missense_f4
NC_000010.11:87952136:A:G,PTEN,1,0.9979892657871212,1.0,0.9846593355883356,1.0,0.9997433613820216,1.0,0.9926758139329864,1.0,4.0,1111,0.9937669441726162,0.9963385865804628,25,25,1,Unanimous LP/P-directed,current_missense_f4
NC_000010.11:87952141:C:G,PTEN,1,0.9966378072309172,1.0,0.9897450411044112,1.0,0.9999999741320056,1.0,0.9926758139329864,1.0,4.0,1111,0.9947646591000802,0.996980054282148,25,25,1,Unanimous LP/P-directed,current_missense_f4
NC_000010.11:87952153:T:C,PTEN,1,0.9969386438500966,1.0,0.98510420002182,1.0,0.9999999741320056,1.0,0.9926758139329864,1.0,4.0,1111,0.9936796579842272,0.9962819179406548,25,25,1,Unanimous LP/P-directed,current_missense_f4
NC_000010.11:87952234:C:G,PTEN,1,0.9683649540120338,1.0,0.9399348310780912,1.0,0.9988236828178968,1.0,0.9923475440943308,1.0,4.0,1111,0.9748677530005884,0.9828627011479136,25,25,1,Unanimous LP/P-directed,current_missense_f4
NC_000010.11:87957963:T:G,PTEN,1,0.9912618444011656,1.0,0.9708200940546748,1.0,0.9999999741320056,1.0,0.9926758139329864,1.0,4.0,1111,0.988689431630208,0.992925884474953,25,25,1,Unanimous LP/P-directed,current_missense_f4
NC_000010.11:87957969:GT:TG,PTEN,1,,,,,,,,,,,,,1,25,0,,current_missense_f4
NC_000010.11:87960912:G:T,PTEN,1,0.9987238453131556,1.0,0.9918521633738784,1.0,0.9999999741320056,1.0,0.9926758139329864,1.0,4.0,1111,0.9958129491880064,0.9976401094681678,25,25,1,Unanimous LP/P-directed,current_missense_f4
NC_000010.11:87960921:C:T,PTEN,1,0.9987666320705832,1.0,0.9952124364276972,1.0,0.9999999741320056,1.0,0.9926758139329864,1.0,4.0,1111,0.996663714140818,0.9981632561336372,25,25,1,Unanimous LP/P-directed,current_missense_f4
NC_000010.11:87965293:T:C,PTEN,1,0.9942561329504608,1.0,0.9773117956555712,1.0,0.9998650047011264,1.0,0.9926758139329864,1.0,4.0,1111,0.9910271868100364,0.9945238740813612,25,25,1,Unanimous LP/P-directed,current_missense_f4
NC_000011.10:108227682:C:G,ATM,1,0.9691314793848836,1.0,0.94678412847759,1.0,0.847940814268025,1.0,0.9665043866142222,1.0,4.0,1111,0.9325902021861804,0.9485118142889032,25,25,1,Unanimous LP/P-directed,current_missense_f4
NC_000011.10:108229323:G:C,ATM,1,,,,,,,,,,,,,2,25,0,,current_missense_f4
NC_000011.10:108229324:T:G,ATM,1,,,,,,,,,,,,,2,25,0,,current_missense_f4
NC_000011.10:108271257:T:C,ATM,1,0.977988339882684,1.0,0.9581915658329562,1.0,0.994705190877946,1.0,0.9926758139329864,1.0,4.0,1111,0.9808902276316432,0.9873550038318878,25,25,1,Unanimous LP/P-directed,current_missense_f4
NC_000011.10:108332761:G:T,ATM,1,0.994954572673282,1.0,0.9847829029156652,1.0,0.947277357772094,1.0,0.9926758139329864,1.0,4.0,1111,0.9799226618235068,0.986643074316725,25,25,1,Unanimous LP/P-directed,current_missense_f4
NC_000011.10:108335881:A:C,ATM,1,0.996262104671614,1.0,0.9838559295050112,1.0,0.9999999741320056,1.0,0.9926758139329864,1.0,4.0,1111,0.9931984555604044,0.9959680335912034,25,25,1,Unanimous LP/P-directed,current_missense_f4
NC_000011.10:108345888:T:A,ATM,1,0.9994705516773,1.0,0.996663738071774,1.0,0.9997433613820216,1.0,0.9926758139329864,1.0,4.0,1111,0.9971383662660206,0.9984492999254148,25,25,1,Unanimous LP/P-directed,current_missense_f4
NC_000011.10:108353801:C:T,ATM,1,0.997334080266328,1.0,0.9861347507768832,1.0,0.9998212775719646,1.0,0.9926758139329864,1.0,4.0,1111,0.9939914806370406,0.9964839709928006,25,25,1,Unanimous LP/P-directed,current_missense_f4
NC_000011.10:108353830:G:T,ATM,1,0.9994292480583232,1.0,0.9931697113165336,1.0,0.9999999741320056,1.0,0.9926758139329864,1.0,4.0,1111,0.9963186868599624,0.9979526019348808,25,25,1,Unanimous LP/P-directed,current_missense_f4
NC_000013.11:32357919:A:G,BRCA2,1,0.7440847857289357,1.0,0.7171692546420374,1.0,0.7090900722902936,1.0,0.5165261714067109,0.0,3.0,1110,0.6717175710169944,0.6917356184105287,22,25,1,Mixed votes,current_missense_f4
NC_000013.11:32357925:A:G,BRCA2,1,0.9968936078684532,1.0,0.9897537271950694,1.0,0.8512430554333371,1.0,0.9508193916279656,1.0,4.0,1111,0.9471774455312064,0.960806190661144,22,25,1,Unanimous LP/P-directed,current_missense_f4
NC_000013.11:32357928:G:C,BRCA2,1,0.9990305344254266,1.0,0.9969277055041184,1.0,0.9157227711173468,1.0,0.9895012492462666,1.0,4.0,1111,0.9752955650732896,0.9831863550959398,22,25,1,Unanimous LP/P-directed,current_missense_f4
NC_000013.11:32362584:A:G,BRCA2,1,0.9641395273959152,1.0,0.8952522885707757,1.0,0.9928687315583178,1.0,0.98957909872772,1.0,4.0,1111,0.9604599115631822,0.971629601862781,22,25,1,Unanimous LP/P-directed,current_missense_f4
NC_000013.11:32362592:T:A,BRCA2,1,0.9821634067799632,1.0,0.9386194061726326,1.0,0.9998212775719646,1.0,0.9926758139329864,1.0,4.0,1111,0.9783199761143868,0.9854552221213028,22,25,1,Unanimous LP/P-directed,current_missense_f4
NC_000013.11:32362592:T:C,BRCA2,1,0.9830811176560048,1.0,0.9401708704052856,1.0,0.9998212775719646,1.0,0.9926758139329864,1.0,4.0,1111,0.9789372698915604,0.9859139764531388,22,25,1,Unanimous LP/P-directed,current_missense_f4
NC_000013.11:32362671:T:G,BRCA2,1,0.9285808328627136,1.0,0.8524410047845096,1.0,0.9314156874264928,1.0,0.9870115678960064,1.0,4.0,1111,0.9248622732424304,0.9418500968399296,22,25,1,Unanimous LP/P-directed,current_missense_f4
NC_000013.11:32362680:A:G,BRCA2,1,0.94991141103975,1.0,0.867539168578071,1.0,0.9572262858277214,1.0,0.9926758139329864,1.0,4.0,1111,0.9418381698446322,0.9563515350978576,22,25,1,Unanimous LP/P-directed,current_missense_f4
NC_000013.11:32362692:G:C,BRCA2,1,0.9997760103401558,1.0,0.9995977041469932,1.0,0.99787573497288,1.0,0.9926758139329864,1.0,4.0,1111,0.997481315848254,0.9986529566938028,22,25,1,Unanimous LP/P-directed,current_missense_f4
NC_000013.11:32363210:C:T,BRCA2,1,0.5530252656941148,0.0,0.6301841035421734,0.0,0.6854688022269547,1.0,0.2280003414228277,0.0,1.0,0010,0.5241696282215176,0.5314970853696507,22,25,1,Mixed votes,current_missense_f4
NC_000013.11:32363372:G:T,BRCA2,1,0.8630625277085668,1.0,0.8169056526280223,1.0,0.9342213836686432,1.0,0.9831975074104776,1.0,4.0,1111,0.8993467678539275,0.9192319662079904,22,25,1,Unanimous LP/P-directed,current_missense_f4
NC_000013.11:32363389:G:A,BRCA2,1,0.1494771653233108,0.0,0.2048924868333453,0.0,0.1125296158820047,0.0,0.0568666536527595,0.0,0.0,0000,0.1309414804228551,0.1125171120937253,22,25,1,Unanimous B/LB-directed,current_missense_f4
NC_000013.11:32363443:G:A,BRCA2,1,0.8868513987409375,1.0,0.8541976036129393,1.0,0.837818556699262,1.0,0.7487288887913855,1.0,4.0,1111,0.8318991119611311,0.8558346971100625,22,25,1,Unanimous LP/P-directed,current_missense_f4
NC_000013.11:32370446:G:A,BRCA2,1,0.9896824130386588,1.0,0.970256853660241,1.0,0.9990617552152428,1.0,0.9881252408093626,1.0,4.0,1111,0.9867815656808764,0.9915941158911162,22,25,1,Unanimous LP/P-directed,current_missense_f4
NC_000013.11:32370447:G:A,BRCA2,1,0.9876903537668436,1.0,0.9636560103362652,1.0,0.9998650047011264,1.0,0.9926758139329864,1.0,4.0,1111,0.9859717956843054,0.9910222008585722,22,25,1,Unanimous LP/P-directed,current_missense_f4
NC_000013.11:32394733:T:C,BRCA2,1,0.9561869482157872,1.0,0.8882967552774573,1.0,0.9857348771827982,1.0,0.986827620489173,1.0,4.0,1111,0.954261550291304,0.9666275978729624,22,25,1,Unanimous LP/P-directed,current_missense_f4
NC_000013.11:32394733:T:G,BRCA2,1,0.9796885836689888,1.0,0.9334082292781988,1.0,0.9739048509056448,1.0,0.9926758139329864,1.0,4.0,1111,0.9699193694464548,0.9790742122422564,22,25,1,Unanimous LP/P-directed,current_missense_f4
NC_000016.10:68810223:G:A,CDH1,1,0.9998689193847684,1.0,0.99983638523696,1.0,0.9179614109316836,1.0,0.9915030103148064,1.0,4.0,1111,0.9772924314670546,0.9846882500847548,25,25,1,Unanimous LP/P-directed,current_missense_f4
NC_000016.10:68819392:C:G,CDH1,1,0.9978712114094463,1.0,0.9953204681504848,1.0,0.9276753500149773,1.0,0.9785875990576608,1.0,4.0,1111,0.9748636571581422,0.982859599375789,25,25,1,Unanimous LP/P-directed,current_missense_f4
NC_000016.10:89738942:C:G,FANCA,1,0.983576960261042,1.0,0.9724861833923149,1.0,0.906849944624818,1.0,0.9800443364245828,1.0,4.0,1111,0.9607393561756894,0.9718529386213184,25,25,1,Unanimous LP/P-directed,current_missense_f4
NC_000016.10:89746605:G:A,FANCA,1,0.9785753532888496,1.0,0.9334069766381128,1.0,0.9562144883635536,1.0,0.9822260129843486,1.0,4.0,1111,0.962605707818716,0.9733394986319392,25,25,1,Unanimous LP/P-directed,current_missense_f4
NC_000016.10:89746606:G:A,FANCA,1,0.9727353082045268,1.0,0.8991846301431358,1.0,0.9413617300921532,1.0,0.9884789231094382,1.0,4.0,1111,0.9504401478873136,0.9635004703095704,25,25,1,Unanimous LP/P-directed,current_missense_f4
NC_000016.10:89746852:T:A,FANCA,1,0.9727973798917148,1.0,0.9194586106459588,1.0,0.8359980599003298,1.0,0.987666901933998,1.0,4.0,1111,0.9289802380930005,0.9454118667044416,25,25,1,Unanimous LP/P-directed,current_missense_f4
NC_000016.10:89749729:C:T,FANCA,1,0.9998973225834396,1.0,0.9977540052138776,1.0,0.973815983159884,1.0,0.9926758139329864,1.0,4.0,1111,0.9910357812225468,0.994529672003664,24,25,1,Unanimous LP/P-directed,current_missense_f4
NC_000016.10:89761949:G:A,FANCA,1,0.9887691392769782,1.0,0.9841731220283796,1.0,0.9798894356563356,1.0,0.957823179731216,1.0,4.0,1111,0.9776637191732273,0.9849658567761688,23,25,1,Unanimous LP/P-directed,current_missense_f4
NC_000016.10:89764905:T:A,FANCA,1,0.2896146365513479,0.0,0.0880614126579555,0.0,0.1214182348678027,0.0,0.1579239874006666,0.0,0.0,0000,0.1642545678694432,0.1452263367320116,25,25,1,Unanimous B/LB-directed,current_missense_f4
NC_000016.10:89770615:T:G,FANCA,1,0.7069510353467114,1.0,0.2780401006140562,0.0,0.8016516120536383,1.0,0.9843825557730084,1.0,3.0,1011,0.6927563259468537,0.7140584400348539,25,25,1,Mixed votes,current_missense_f4
NC_000016.10:89773305:A:G,FANCA,1,0.997353183581554,1.0,0.9822535038924752,1.0,0.9826314946284248,1.0,0.9926758139329864,1.0,4.0,1111,0.9887284990088602,0.9929529104128306,25,25,1,Unanimous LP/P-directed,current_missense_f4
NC_000016.10:89783083:G:A,FANCA,1,0.8831819048219056,1.0,0.8629078322995837,1.0,0.8274691477644379,1.0,0.6555423188375525,1.0,4.0,1111,0.8072753009308699,0.8316601248656798,25,25,1,Unanimous LP/P-directed,current_missense_f4
NC_000016.10:89791457:C:A,FANCA,1,0.998826566398106,1.0,0.9963503463600852,1.0,0.9924078425921968,1.0,0.9926758139329864,1.0,4.0,1111,0.9950651423208438,0.9971708199889566,25,25,1,Unanimous LP/P-directed,current_missense_f4
NC_000016.10:89791457:C:T,FANCA,1,0.9956748305860322,1.0,0.9882085191553908,1.0,0.9562144883635536,1.0,0.9863366992791014,1.0,4.0,1111,0.9816086343460196,0.9878809591974768,25,25,1,Unanimous LP/P-directed,current_missense_f4
NC_000016.10:89795940:A:C,FANCA,1,0.9585545360932426,1.0,0.9050074324707812,1.0,0.8915136752759927,1.0,0.9735262261293054,1.0,4.0,1111,0.9321504674923304,0.9481353551109064,25,25,1,Unanimous LP/P-directed,current_missense_f4
NC_000017.11:7673762:T:G,TP53,1,0.979728370282594,1.0,0.960700044971058,1.0,0.9790102695396716,1.0,0.9899887212403146,1.0,4.0,1111,0.9773568515084096,0.984736453996639,25,25,1,Unanimous LP/P-directed,current_missense_f4
NC_000017.11:7673774:C:G,TP53,1,0.9949851831970324,1.0,0.992040936315587,1.0,0.9999999741320056,1.0,0.9926758139329864,1.0,4.0,1111,0.9949254768944028,0.9970823000349452,25,25,1,Unanimous LP/P-directed,current_missense_f4
NC_000017.11:7673778:C:G,TP53,1,0.9410978298553446,1.0,0.9198418975617731,1.0,0.999385952827255,1.0,0.9926758139329864,1.0,4.0,1111,0.9632503735443398,0.9738508956448192,24,25,1,Unanimous LP/P-directed,current_missense_f4
NC_000017.11:7673810:A:C,TP53,1,0.986790672545193,1.0,0.9721392938291624,1.0,0.9999999741320056,1.0,0.9926758139329864,1.0,4.0,1111,0.9879014386098368,0.99237861802235,24,25,1,Unanimous LP/P-directed,current_missense_f4
NC_000017.11:7673811:A:C,TP53,1,0.9630684166656892,1.0,0.9471400710031416,1.0,0.9577800996210754,1.0,0.8593324407433065,1.0,4.0,1111,0.9318302570083032,0.9478610185081556,24,25,1,Unanimous LP/P-directed,current_missense_f4
NC_000017.11:7673823:C:T,TP53,1,0.977475971696017,1.0,0.9687746833548018,1.0,0.9998212775719646,1.0,0.9926758139329864,1.0,4.0,1111,0.9846869366389424,0.99010723802583,24,25,1,Unanimous LP/P-directed,current_missense_f4
NC_000017.11:7674220:GG:AA,TP53,1,,,,,,,,,,,,,0,25,0,,current_missense_f4
NC_000017.11:7674224:C:T,TP53,1,0.983001585387257,1.0,0.9839409664359474,1.0,0.9934194799952208,1.0,0.9926758139329864,1.0,4.0,1111,0.9882594614378528,0.9926277696001892,25,25,1,Unanimous LP/P-directed,current_missense_f4
NC_000017.11:7674228:C:A,TP53,1,0.9898562917893194,1.0,0.986790131895432,1.0,0.9999999741320056,1.0,0.9926758139329864,1.0,4.0,1111,0.992330552937436,0.995395964857121,25,25,1,Unanimous LP/P-directed,current_missense_f4
NC_000017.11:7674240:G:T,TP53,1,0.999607863233568,1.0,0.9961774635666156,1.0,0.9999999741320056,1.0,0.9926758139329864,1.0,4.0,1111,0.997115278716294,0.9984354945408692,25,25,1,Unanimous LP/P-directed,current_missense_f4
NC_000017.11:7674248:A:C,TP53,1,0.996944434867028,1.0,0.9979739147914456,1.0,0.9984116999452052,1.0,0.9926758139329864,1.0,4.0,1111,0.9965014658841664,0.9980644668523287,25,25,1,Unanimous LP/P-directed,current_missense_f4
NC_000017.11:7674251:C:A,TP53,1,0.9928689276578476,1.0,0.9896088613515888,1.0,0.9998650047011264,1.0,0.9926758139329864,1.0,4.0,1111,0.9937546519108872,0.996330611191216,25,25,1,Unanimous LP/P-directed,current_missense_f4
NC_000017.11:7674872:A:G,TP53,1,0.9767018956108182,1.0,0.9532731705449572,1.0,0.9985617980083328,1.0,0.9926758139329864,1.0,4.0,1111,0.9803031695242738,0.9869235286844852,25,25,1,Unanimous LP/P-directed,current_missense_f4
NC_000017.11:7674916:T:C,TP53,1,0.994536053367615,1.0,0.9917521089642743,1.0,0.9999999741320056,1.0,0.9926758139329864,1.0,4.0,1111,0.9947409875992204,0.9969649759174398,25,25,1,Unanimous LP/P-directed,current_missense_f4
NC_000017.11:7674961:G:A,TP53,1,0.932007562223129,1.0,0.8992918361976154,1.0,0.8168432973315282,1.0,0.6158704597037888,0.0,3.0,1110,0.8160032888640154,0.8402830627689312,25,25,1,Mixed votes,current_missense_f4
NC_000017.11:7675083:GCA:CCG,TP53,1,,,,,,,,,,,,,1,25,0,,current_missense_f4
NC_000017.11:7675094:C:A,TP53,1,0.9615472099165956,1.0,0.9199670523901212,1.0,0.9999999741320056,1.0,0.9926758139329864,1.0,4.0,1111,0.9685475125929272,0.9780101838104228,25,25,1,Unanimous LP/P-directed,current_missense_f4
NC_000017.11:7675098:C:A,TP53,1,0.0233497030784111,0.0,0.0565801404001006,0.0,0.124845198488537,0.0,0.0301088823526655,0.0,0.0,0000,0.0587209810799285,0.0457990165201565,24,25,1,Unanimous B/LB-directed,current_missense_f4
NC_000017.11:7675135:G:A,TP53,1,0.8746789257554516,1.0,0.911077781305018,1.0,0.836439591092352,1.0,0.6341410486086123,0.0,3.0,1110,0.8140843366903584,0.8383921629799193,25,25,1,Mixed votes,current_missense_f4
NC_000017.11:7675137:GC:AA,TP53,1,,,,,,,,,,,,,1,25,0,,current_missense_f4
NC_000017.11:7675160:G:C,TP53,1,0.7198177345135693,1.0,0.6524407945374768,0.0,0.93405134356649,1.0,0.9869367800304704,1.0,3.0,1011,0.8233116631620017,0.8474583479130613,25,25,1,Mixed votes,current_missense_f4
NC_000017.11:7675183:A:G,TP53,1,0.9822495933860396,1.0,0.978394300996789,1.0,0.9861932918010772,1.0,0.9859209838510284,1.0,4.0,1111,0.9831895425087336,0.9890300445949264,25,25,1,Unanimous LP/P-directed,current_missense_f4
NC_000017.11:7675208:A:G,TP53,1,0.9964777769917682,1.0,0.9892378960126458,1.0,0.9999999741320056,1.0,0.9926758139329864,1.0,4.0,1111,0.9945978652673516,0.9968736570872644,25,25,1,Unanimous LP/P-directed,current_missense_f4
NC_000017.11:7676055:C:G,TP53,1,0.9767258953099156,1.0,0.948333252821386,1.0,0.9999999741320056,1.0,0.9926758139329864,1.0,4.0,1111,0.9794337340490734,0.98628181483295,24,25,1,Unanimous LP/P-directed,current_missense_f4
NC_000017.11:43045711:T:C,BRCA1,1,0.9677814392190178,1.0,0.9456142692733628,1.0,0.9495408629558638,1.0,0.9799872722522188,1.0,4.0,1111,0.960730960925116,0.9718462318378098,25,25,1,Unanimous LP/P-directed,current_missense_f4
NC_000017.11:43045711:T:G,BRCA1,1,0.9491018500897735,1.0,0.9038240688011936,1.0,0.9798477797168176,1.0,0.9773714679315886,1.0,4.0,1111,0.9525362916348432,0.965219699206204,24,25,1,Unanimous LP/P-directed,current_missense_f4
NC_000017.11:43045746:A:C,BRCA1,1,0.9842428624418263,1.0,0.9904654049134456,1.0,0.975053203132918,1.0,0.959994976665252,1.0,4.0,1111,0.9774391117883604,0.9847979842202496,25,25,1,Unanimous LP/P-directed,current_missense_f4
NC_000017.11:43045747:C:T,BRCA1,1,0.9877513438263708,1.0,0.9737852817619036,1.0,0.992174983331847,1.0,0.9926758139329864,1.0,4.0,1111,0.986596855713277,0.9914639952674956,25,25,1,Unanimous LP/P-directed,current_missense_f4
NC_000017.11:43045756:A:C,BRCA1,1,0.9921043287184446,1.0,0.9826810080408256,1.0,0.9823092432940866,1.0,0.9926758139329864,1.0,4.0,1111,0.987442598496586,0.992058118416932,25,25,1,Unanimous LP/P-directed,current_missense_f4
NC_000017.11:43045772:C:T,BRCA1,1,0.973777466373856,1.0,0.9574940648713208,1.0,0.9377639724293798,1.0,0.9895612910530028,1.0,4.0,1111,0.9646491986818898,0.9749567707640894,25,25,1,Unanimous LP/P-directed,current_missense_f4
NC_000017.11:43047642:C:A,BRCA1,1,0.9743306004083762,1.0,0.982850312152058,1.0,0.8824638750109137,1.0,0.9601655095661504,1.0,4.0,1111,0.9499525742843744,0.9630992356148712,23,25,1,Unanimous LP/P-directed,current_missense_f4
NC_000017.11:43047656:T:C,BRCA1,1,0.8862020462384351,1.0,0.8155728793928424,1.0,0.6778167789015986,1.0,0.8803936036279366,1.0,4.0,1111,0.8149963270402032,0.8392911739779149,24,25,1,Unanimous LP/P-directed,current_missense_f4
NC_000017.11:43047664:C:T,BRCA1,1,,,,,,,,,,,,,10,25,0,,current_missense_f4
NC_000017.11:43047675:G:C,BRCA1,1,0.5478822687234949,0.0,0.5943877147669805,0.0,0.5907231899446432,1.0,0.9017073314200416,1.0,2.0,0011,0.6586751262137901,0.6778110685655329,24,25,1,Mixed votes,current_missense_f4
NC_000017.11:43051085:C:A,BRCA1,1,0.97648460458123,1.0,0.9823862200281014,1.0,0.9761451035616852,1.0,0.9926758139329864,1.0,4.0,1111,0.9819229355260009,0.9881103344964992,25,25,1,Unanimous LP/P-directed,current_missense_f4
NC_000017.11:43051112:A:G,BRCA1,1,0.9972258902698592,1.0,0.9868720832816652,1.0,0.9999999741320056,1.0,0.9926758139329864,1.0,4.0,1111,0.9941934404041292,0.996614244617742,25,25,1,Unanimous LP/P-directed,current_missense_f4
NC_000017.11:43057070:C:A,BRCA1,1,0.965056137664799,1.0,0.9641651809108964,1.0,0.85792494884642,1.0,0.4055119926661285,0.0,3.0,1110,0.798164565022061,0.8225989458336868,24,25,1,Mixed votes,current_missense_f4
NC_000017.11:43057111:A:C,BRCA1,1,0.9202268351813808,1.0,0.9129128114027066,1.0,0.8927195471863123,1.0,0.9727398209558452,1.0,4.0,1111,0.9246497536815612,0.9416655608943768,25,25,1,Unanimous LP/P-directed,current_missense_f4
NC_000017.11:43057115:C:A,BRCA1,1,0.9962105104001862,1.0,0.9931697880963696,1.0,0.9998650047011264,1.0,0.9926758139329864,1.0,4.0,1111,0.9954802792826672,0.9974323464359844,25,25,1,Unanimous LP/P-directed,current_missense_f4
NC_000017.11:43063909:C:G,BRCA1,1,0.9878854484053023,1.0,0.9545132283620804,1.0,0.996465387838021,1.0,0.9926758139329864,1.0,4.0,1111,0.9828849696345976,0.9888095820070522,24,25,1,Unanimous LP/P-directed,current_missense_f4
NC_000017.11:43063911:A:G,BRCA1,1,0.9963147696058736,1.0,0.9838467062146627,1.0,0.9999999741320056,1.0,0.9926758139329864,1.0,4.0,1111,0.9932093159713822,0.9959751446157368,25,25,1,Unanimous LP/P-directed,current_missense_f4
NC_000017.11:43063918:A:C,BRCA1,1,0.9934851033571171,1.0,0.963199515482648,1.0,0.9991660831399072,1.0,0.9926758139329864,1.0,4.0,1111,0.9871316289781648,0.9918401662864336,24,25,1,Unanimous LP/P-directed,current_missense_f4
NC_000017.11:43063921:T:G,BRCA1,1,0.9522998403357256,1.0,0.7816835720212536,1.0,0.9682556480646234,1.0,0.9817108919903876,1.0,4.0,1111,0.9209874881029976,0.938474702054552,24,25,1,Unanimous LP/P-directed,current_missense_f4
NC_000017.11:43063935:C:A,BRCA1,1,0.989034292956402,1.0,0.9648126879646192,1.0,0.9836292434242436,1.0,0.9926758139329864,1.0,4.0,1111,0.9825380095695628,0.9885578971209334,25,25,1,Unanimous LP/P-directed,current_missense_f4
NC_000017.11:43063950:T:A,BRCA1,1,0.9876055002317528,1.0,0.9808730410231428,1.0,0.989011507997605,1.0,0.9926758139329864,1.0,4.0,1111,0.9875414657963718,0.9921272881974372,24,25,1,Unanimous LP/P-directed,current_missense_f4
NC_000017.11:43067607:C:G,BRCA1,1,0.9992290457172456,1.0,0.9987885609710836,1.0,0.992474080650967,1.0,0.9926758139329864,1.0,4.0,1111,0.9957918753180708,0.9976269982478302,24,25,1,Unanimous LP/P-directed,current_missense_f4
NC_000017.11:43067615:A:T,BRCA1,1,0.979178833259488,1.0,0.920020367345552,1.0,0.9892992346533908,1.0,0.9729329361099384,1.0,4.0,1111,0.9653578428420924,0.9755149943447144,24,25,1,Unanimous LP/P-directed,current_missense_f4
NC_000017.11:43070955:A:T,BRCA1,1,0.9784169536404136,1.0,0.9564199081044508,1.0,0.9976217090921607,1.0,0.9926758139329864,1.0,4.0,1111,0.9812835961925028,0.9876432788124364,24,25,1,Unanimous LP/P-directed,current_missense_f4
NC_000017.11:43074330:C:G,BRCA1,1,0.9984777707242798,1.0,0.9952282955788022,1.0,0.9953684407766844,1.0,0.9926758139329864,1.0,4.0,1111,0.9954375802531882,0.9974055600867432,24,25,1,Unanimous LP/P-directed,current_missense_f4
NC_000017.11:43106455:C:A,BRCA1,1,0.9994427263803204,1.0,0.9994161440394472,1.0,0.9912964315578578,1.0,0.9926758139329864,1.0,4.0,1111,0.9957077789776532,0.9975746087698162,24,25,1,Unanimous LP/P-directed,current_missense_f4
NC_000017.11:43106475:A:C,BRCA1,1,0.9969213758611832,1.0,0.9919283407045454,1.0,0.9999999741320056,1.0,0.9926758139329864,1.0,4.0,1111,0.9953813761576802,0.9973702613331976,25,25,1,Unanimous LP/P-directed,current_missense_f4
NC_000017.11:43106477:A:G,BRCA1,1,0.9964144955621184,1.0,0.98641722507557,1.0,0.9999999741320056,1.0,0.9926758139329864,1.0,4.0,1111,0.99387687717567,0.9964098377465046,25,25,1,Unanimous LP/P-directed,current_missense_f4
NC_000017.11:43106486:A:G,BRCA1,1,0.9984998344013516,1.0,0.9920809303650728,1.0,0.9999999741320056,1.0,0.9926758139329864,1.0,4.0,1111,0.995814138207854,0.9976408490167056,25,25,1,Unanimous LP/P-directed,current_missense_f4
NC_000017.11:43106486:A:T,BRCA1,1,0.992931506642969,1.0,0.9730085368869312,1.0,0.9999999741320056,1.0,0.9926758139329864,1.0,4.0,1111,0.9896539578987232,0.9935900468761576,25,25,1,Unanimous LP/P-directed,current_missense_f4
NC_000017.11:43106528:A:C,BRCA1,1,0.9964123449356366,1.0,0.9892458773915064,1.0,0.9999999741320056,1.0,0.9926758139329864,1.0,4.0,1111,0.9945835025980336,0.996864478741096,25,25,1,Unanimous LP/P-directed,current_missense_f4
NC_000017.11:43115727:G:C,BRCA1,1,0.989947740131731,1.0,0.9706460103730672,1.0,0.9992877488954776,1.0,0.9912373834066598,1.0,4.0,1111,0.9877797207017338,0.9922937268023708,24,25,1,Unanimous LP/P-directed,current_missense_f4
NC_000017.11:43115742:A:C,BRCA1,1,0.9968366259849162,1.0,0.9921907561664596,1.0,0.9999999741320056,1.0,0.9926758139329864,1.0,4.0,1111,0.995425792554092,0.9973981606513016,25,25,1,Unanimous LP/P-directed,current_missense_f4
NC_000017.11:43115750:T:C,BRCA1,1,0.2925640803959679,0.0,0.3839445099453629,0.0,0.7217219148860968,1.0,0.2467468638282638,0.0,1.0,0010,0.4112443422639229,0.4071677400859688,24,25,1,Mixed votes,current_missense_f4
NC_000017.11:43124016:C:A,BRCA1,1,0.999162262230597,1.0,0.999081016781919,1.0,0.9999999741320056,1.0,0.9926758139329864,1.0,4.0,1111,0.9977297667693772,0.998798725315014,23,25,1,Unanimous LP/P-directed,current_missense_f4
NC_000017.11:43124019:A:T,BRCA1,1,0.9981238786145422,1.0,0.9918228451111812,1.0,0.9999999741320056,1.0,0.9926758139329864,1.0,4.0,1111,0.9956556279476788,0.9975420658120684,25,25,1,Unanimous LP/P-directed,current_missense_f4
NC_000017.11:43124026:A:C,BRCA1,1,0.9980250754197884,1.0,0.9934612136949372,1.0,0.9990617552152428,1.0,0.9926758139329864,1.0,4.0,1111,0.9958059645657388,0.997635764715457,25,25,1,Unanimous LP/P-directed,current_missense_f4
NC_000017.11:43124026:A:T,BRCA1,1,0.9973203047445898,1.0,0.9916276300219466,1.0,0.9990617552152428,1.0,0.9926758139329864,1.0,4.0,1111,0.9951713759786914,0.9972379741498149,25,25,1,Unanimous LP/P-directed,current_missense_f4
NC_000017.11:61849128:C:A,BRIP1,1,0.9989478339385788,1.0,0.984302568307305,1.0,0.9614556597196158,1.0,0.9880814517183916,1.0,4.0,1111,0.9831968784209728,0.9890353491052156,25,25,1,Unanimous LP/P-directed,current_missense_f4
NC_000019.10:1220448:AAC:GAA,STK11,1,,,,,,,,,,,,,1,25,0,,current_missense_f4
NC_000019.10:1220450:C:A,STK11,1,0.9957845112555932,1.0,0.9890927430600926,1.0,0.9998212775719646,1.0,0.9926758139329864,1.0,4.0,1111,0.9943435864551592,0.9967107850492932,25,25,1,Unanimous LP/P-directed,current_missense_f4
NC_000019.10:1220450:C:G,STK11,1,0.9957791026438764,1.0,0.9890869960258258,1.0,0.9998212775719646,1.0,0.9926758139329864,1.0,4.0,1111,0.9943407975436632,0.996708994302462,25,25,1,Unanimous LP/P-directed,current_missense_f4
NC_000019.10:1220691:G:C,STK11,1,0.9996887619083789,1.0,0.9980830420452316,1.0,0.9999999741320056,1.0,0.9926758139329864,1.0,4.0,1111,0.9976118980046508,0.9987297664723754,25,25,1,Unanimous LP/P-directed,current_missense_f4
NC_000019.10:1221974:A:G,STK11,1,0.9955196753559163,1.0,0.9920255722881136,1.0,0.9999999741320056,1.0,0.9926758139329864,1.0,4.0,1111,0.9950552589272555,0.9971645645133193,25,25,1,Unanimous LP/P-directed,current_missense_f4
NC_000019.10:1222001:C:T,STK11,1,0.90661388567038,1.0,0.8933003403359598,1.0,0.89849800625917,1.0,0.9480281010568052,1.0,4.0,1111,0.9116100833305788,0.9302147877154914,25,25,1,Unanimous LP/P-directed,current_missense_f4
NC_000002.12:214780559:C:A,BARD1,1,0.9993238129722236,1.0,0.9995578514028336,1.0,0.7799329830089199,1.0,0.9911736336891108,1.0,4.0,1111,0.942497070268272,0.956904219702264,24,25,1,Unanimous LP/P-directed,current_missense_f4
NC_000022.11:28725340:C:T,CHEK2,1,0.9715002445727278,1.0,0.9487881736304564,1.0,0.9989764944584224,1.0,0.9926758139329864,1.0,4.0,1111,0.9779851816486484,0.9852057792994734,24,25,1,Unanimous LP/P-directed,current_missense_f4
NC_000008.11:89953514:T:C,NBN,1,0.0528073257816577,0.0,0.1392481510972306,0.0,0.3275541298795711,1.0,0.0981106746973262,0.0,1.0,0010,0.1544300703639464,0.1354793255577229,24,25,1,Mixed votes,current_missense_f4
NC_000002.12:214728797:T:C,BARD1,0,0.0010880764602131,0.0,0.0009411850972287,0.0,0.0111819067812289,0.0,0.0324014445467677,0.0,0.0,0000,0.0114031532213596,0.0074211087713349,24,25,1,Unanimous B/LB-directed,current_missense_f4
NC_000002.12:214730478:A:G,BARD1,0,0.0014504334098199,0.0,0.0006958882540797,0.0,0.0110105165875728,0.0,0.0076024420949036,0.0,0.0,0000,0.005189820086594,0.0031100242021846,24,25,1,Unanimous B/LB-directed,current_missense_f4
NC_000002.12:214745793:C:T,BARD1,0,0.005396441861609,0.0,0.0068553782704827,0.0,0.0029142175254066,0.0,0.0080461743320154,0.0,0.0,0000,0.0058030529973784,0.0035181211105784,24,25,1,Unanimous B/LB-directed,current_missense_f4
NC_000002.12:214767530:C:T,BARD1,0,0.0038945280795015,0.0,0.0001197224246785,0.0,0.0019012853131368,0.0,0.0076024420949036,0.0,0.0,0000,0.0033794944780551,0.0019372478149646,23,25,1,Unanimous B/LB-directed,current_missense_f4
NC_000008.11:89978250:C:G,NBN,0,0.0007518496020348,0.0,3.705390251286925e-05,0.0,0.0009425937592707,0.0,0.0076024420949036,0.0,0.0,0000,0.0023334848396805,0.0012876123813768,23,25,1,Unanimous B/LB-directed,current_missense_f4
NC_000010.11:87960973:T:G,PTEN,0,0.0097524366716599,0.0,0.0791368658924972,0.0,0.0859757990295454,0.0,0.0079962018898114,0.0,0.0,0000,0.0457153258708785,0.0346392109268999,25,25,1,Unanimous B/LB-directed,current_missense_f4
NC_000011.10:108227848:C:G,ATM,0,0.0017266356452646,0.0,0.0004658174569014,0.0,0.0052459692412459,0.0,0.0076024420949036,0.0,0.0,0000,0.0037602161095789,0.0021793733657266,25,25,1,Unanimous B/LB-directed,current_missense_f4
NC_000011.10:108248939:A:G,ATM,0,0.0231692536098407,0.0,0.0009692966501893,0.0,0.0043553025877166,0.0,0.0076024420949036,0.0,0.0,0000,0.0090240737356625,0.0057294948496628,25,25,1,Unanimous B/LB-directed,current_missense_f4
NC_000011.10:108267275:T:C,ATM,0,0.0005316044247971,0.0,0.0008968558435876,0.0,0.017715789766159,0.0,0.0119510865760964,0.0,0.0,0000,0.0077738341526601,0.0048590202133247,25,25,1,Unanimous B/LB-directed,current_missense_f4
NC_000011.10:108267317:C:T,ATM,0,0.0040760697032076,0.0,8.31659808646244e-05,0.0,0.0010706267525451,0.0,0.0076024420949036,0.0,0.0,0000,0.0032080761328802,0.0018291406987853,24,25,1,Unanimous B/LB-directed,current_missense_f4
NC_000011.10:108312439:G:A,ATM,0,,,,,,,,,,,,,11,25,0,,current_missense_f4
NC_000013.11:32325080:A:C,BRCA2,0,0.0009239684095886,0.0,0.0004415626172609,0.0,0.0010190072799386,0.0,0.0076024420949036,0.0,0.0,0000,0.0024967451004229,0.0013873043776845,22,25,1,Unanimous B/LB-directed,current_missense_f4
NC_000013.11:32326114:A:G,BRCA2,0,0.0040516634772206,0.0,7.008728329632141e-05,0.0,3.241486953647626e-08,0.0,0.0076024420949036,0.0,0.0,0000,0.0029310563175725,0.0016557176305678,22,25,1,Unanimous B/LB-directed,current_missense_f4
NC_000013.11:32332618:G:A,BRCA2,0,0.0024583142955042,0.0,0.0004919133734083,0.0,3.241486953647626e-08,0.0,0.0076024420949036,0.0,0.0,0000,0.0026381755446714,0.0014742166765488,22,25,1,Unanimous B/LB-directed,current_missense_f4
NC_000013.11:32332628:C:T,BRCA2,0,0.0023718308640406,0.0,0.0017425970195866,0.0,0.0030429077708626,0.0,0.0076024420949036,0.0,0.0,0000,0.0036899444373484,0.0021344817993544,22,25,1,Unanimous B/LB-directed,current_missense_f4
NC_000013.11:32332758:C:G,BRCA2,0,0.0040921313021732,0.0,0.0019373192880118,0.0,0.0027867251494157,0.0,0.00789825114752,0.0,0.0,0000,0.0041786067217802,0.0024484264698167,22,25,1,Unanimous B/LB-directed,current_missense_f4
NC_000013.11:32333221:A:C,BRCA2,0,0.0021659817381793,0.0,0.001806463820832,0.0,0.0174495816338173,0.0,0.0079698015200712,0.0,0.0,0000,0.007347957178225,0.0045658107409069,22,25,1,Unanimous B/LB-directed,current_missense_f4
NC_000013.11:32333269:A:G,BRCA2,0,0.0021116443481784,0.0,6.603060079164449e-05,0.0,3.241486953647626e-08,0.0,0.0076024420949036,0.0,0.0,0000,0.0024450373646858,0.0013556546143454,22,25,1,Unanimous B/LB-directed,current_missense_f4
NC_000013.11:32336704:A:G,BRCA2,0,0.0103304058193111,0.0,0.0001030219038436,0.0,3.241486953647626e-08,0.0,0.0076024420949036,0.0,0.0,0000,0.0045089755582319,0.0026628988527548,22,25,1,Unanimous B/LB-directed,current_missense_f4
NC_000013.11:32336825:T:C,BRCA2,0,0.0707334597540392,0.0,0.0313810262364685,0.0,0.011396975260683,0.0,0.009715267709576,0.0,0.0,0000,0.0308066822401917,0.0223270564987762,22,25,1,Unanimous B/LB-directed,current_missense_f4
NC_000013.11:32337034:G:A,BRCA2,0,0.0225303542354755,0.0,0.0006859498986087,0.0,0.0007693354956563,0.0,0.0076024420949036,0.0,0.0,0000,0.007897020431161,0.0049441577685439,22,25,1,Unanimous B/LB-directed,current_missense_f4
NC_000013.11:32337109:G:A,BRCA2,0,0.013806458759804,0.0,0.0063805522235453,0.0,0.001842961644761,0.0,0.0076024420949036,0.0,0.0,0000,0.0074081036807535,0.0046071127467111,22,25,1,Unanimous B/LB-directed,current_missense_f4
NC_000013.11:32337157:G:C,BRCA2,0,0.0383074981221355,0.0,0.041607371907877,0.0,0.0080323300612966,0.0,0.0076024420949036,0.0,0.0,0000,0.0238874105465532,0.0168332171316534,22,25,1,Unanimous B/LB-directed,current_missense_f4
NC_000013.11:32337341:T:G,BRCA2,0,0.0095616475591883,0.0,0.0017628138458164,0.0,0.0013363188277262,0.0,0.0076024420949036,0.0,0.0,0000,0.0050658055819086,0.0030280941897953,22,25,1,Unanimous B/LB-directed,current_missense_f4
NC_000013.11:32338541:A:G,BRCA2,0,0.0013681091714039,0.0,0.0001098020492343,0.0,0.0038387421475034,0.0,0.0076024420949036,0.0,0.0,0000,0.0032297738657613,0.0018427920078511,22,25,1,Unanimous B/LB-directed,current_missense_f4
NC_000013.11:32338595:C:T,BRCA2,0,0.0134428148233119,0.0,0.0002855778218858,0.0,3.241486953647626e-08,0.0,0.0076024420949036,0.0,0.0,0000,0.0053327167887427,0.0032046852121531,22,25,1,Unanimous B/LB-directed,current_missense_f4
NC_000013.11:32339424:A:C,BRCA2,0,0.0106358129089418,0.0,0.0213035906087202,0.0,0.081160819449978,0.0,0.0117393620789046,0.0,0.0,0000,0.0312098962616361,0.0226520260088963,22,25,1,Unanimous B/LB-directed,current_missense_f4
NC_000013.11:32339828:C:T,BRCA2,0,0.0168697752382621,0.0,0.001282246653519,0.0,0.0007693354956563,0.0,0.0076409070522539,0.0,0.0,0000,0.0066405661099228,0.0040828362150121,22,25,1,Unanimous B/LB-directed,current_missense_f4
NC_000013.11:32340107:A:G,BRCA2,0,0.0195071362800002,0.0,0.0041504801324089,0.0,0.0007451959422125,0.0,0.0076024420949036,0.0,0.0,0000,0.0080013136123813,0.0050163493305769,22,25,1,Unanimous B/LB-directed,current_missense_f4
NC_000013.11:32340644:C:T,BRCA2,0,0.0154213917373228,0.0,0.0134017163549846,0.0,0.019352683071911,0.0,0.0076024420949036,0.0,0.0,0000,0.0139445583147805,0.009271353350334,22,25,1,Unanimous B/LB-directed,current_missense_f4
NC_000013.11:32344650:A:T,BRCA2,0,0.0227932881935394,0.0,0.0451635755893711,0.0,0.3193042324854264,1.0,0.1486363571971526,0.0,1.0,0010,0.1339743633663724,0.1154532472292628,22,25,1,Mixed votes,current_missense_f4
NC_000013.11:32356496:G:A,BRCA2,0,0.0529041263752261,0.0,0.0082602758772153,0.0,0.0048139883530738,0.0,0.0102189914047616,0.0,0.0,0000,0.0190493455025692,0.0130972078090358,22,25,1,Unanimous B/LB-directed,current_missense_f4
NC_000013.11:32356525:C:T,BRCA2,0,0.0051179157622947,0.0,0.0101986268447587,0.0,0.0077095656839754,0.0,0.0076024420949036,0.0,0.0,0000,0.0076571375964831,0.0047785011803996,22,25,1,Unanimous B/LB-directed,current_missense_f4
NC_000013.11:32363350:G:T,BRCA2,0,0.0004964817266759,0.0,0.000222952452046,0.0,0.0070789999781612,0.0,0.0090399008578653,0.0,0.0,0000,0.0042095837536871,0.0024684629825294,22,25,1,Unanimous B/LB-directed,current_missense_f4
NC_000013.11:32363388:G:T,BRCA2,0,0.0083471949641982,0.0,0.0150978100562397,0.0,0.0561368215394516,0.0,0.0525754844066711,0.0,0.0,0000,0.0330393277416401,0.024132594003702,22,25,1,Unanimous B/LB-directed,current_missense_f4
NC_000013.11:32379833:C:T,BRCA2,0,0.0037992738425992,0.0,0.0027686090913732,0.0,0.0085255116651916,0.0,0.0076024420949036,0.0,0.0,0000,0.0056739591735169,0.0034318142639137,22,25,1,Unanimous B/LB-directed,current_missense_f4
NC_000015.10:90782868:C:T,BLM,0,0.0016552695003532,0.0,0.0002842192004283,0.0,0.0309557510197985,0.0,0.0101767630581321,0.0,0.0,0000,0.010768000694678,0.0069653579757035,24,25,1,Unanimous B/LB-directed,current_missense_f4
NC_000016.10:23607964:C:G,PALB2,0,0.0009368703884944,0.0,0.0001542816309095,0.0,0.0034027596587639,0.0,0.0076024420949036,0.0,0.0,0000,0.0030240884432678,0.0017137759764584,24,25,1,Unanimous B/LB-directed,current_missense_f4
NC_000016.10:68801669:T:G,CDH1,0,0.5400731362810144,0.0,0.506014057525054,0.0,0.344866917463655,1.0,0.1153952844392892,0.0,1.0,0010,0.3765873489272531,0.3691954658166109,24,25,1,Mixed votes,current_missense_f4
NC_000016.10:68801693:G:A,CDH1,0,0.006783081986684,0.0,0.0006275618033041,0.0,0.0080323300612966,0.0,0.0160405789040059,0.0,0.0,0000,0.0078708881888226,0.0049260850468561,24,25,1,Unanimous B/LB-directed,current_missense_f4
NC_000016.10:68813336:G:A,CDH1,0,0.0290800708193956,0.0,0.0001313264209047,0.0,0.0016703337817418,0.0,0.0076024420949036,0.0,0.0,0000,0.0096210432792364,0.0061498647849269,25,25,1,Unanimous B/LB-directed,current_missense_f4
NC_000016.10:68813348:G:A,CDH1,0,0.0185504416123002,0.0,3.1516285957729105e-06,0.0,0.0011490342533199,0.0,0.0117604626577786,0.0,0.0,0000,0.0078657725379986,0.0049225478814771,25,25,1,Unanimous B/LB-directed,current_missense_f4
NC_000016.10:68813397:C:T,CDH1,0,0.0156560286812917,0.0,0.0964834026565684,0.0,0.1754064421966219,0.0,0.0492701886127464,0.0,0.0,0000,0.0842040155368071,0.0685403836485887,25,25,1,Unanimous B/LB-directed,current_missense_f4
NC_000016.10:68833361:A:G,CDH1,0,0.0046061724095778,0.0,0.0091911849350617,0.0,0.0130608028208918,0.0,0.0076024420949036,0.0,0.0,0000,0.0086151505651087,0.0054432591705459,25,25,1,Unanimous B/LB-directed,current_missense_f4
NC_000016.10:68833487:G:A,CDH1,0,0.0022240807105709,0.0,0.0064766325972566,0.0,0.0322870428599759,0.0,0.0217106680137266,0.0,0.0,0000,0.0156746060453825,0.010552877380316,24,25,1,Unanimous B/LB-directed,current_missense_f4
NC_000016.10:89738908:C:T,FANCA,0,,,,,,,,,,,,,2,25,0,,current_missense_f4
NC_000016.10:89767167:G:C,FANCA,0,0.1344933943437496,0.0,0.0055574298152541,0.0,0.0050289747201896,0.0,0.0092915674905538,0.0,0.0,0000,0.0385928415924368,0.0286851046669556,24,25,1,Unanimous B/LB-directed,current_missense_f4
NC_000016.10:89770214:C:T,FANCA,0,0.0277481004172286,0.0,3.7060644383904296e-05,0.0,0.0025044041996001,0.0,0.0076024420949036,0.0,0.0,0000,0.009473001839029,0.0060453477783865,25,25,1,Unanimous B/LB-directed,current_missense_f4
NC_000016.10:89770245:C:A,FANCA,0,0.0031792773049742,0.0,0.0011738317020185,0.0,0.0624854639165501,0.0,0.0196836693170475,0.0,0.0,0000,0.0216305605601476,0.0150785117626905,25,25,1,Unanimous B/LB-directed,current_missense_f4
NC_000016.10:89795979:A:G,FANCA,0,0.0155582066444269,0.0,0.0006256393503323,0.0,0.007754266927227,0.0,0.0076024420949036,0.0,0.0,0000,0.0078851387542225,0.0049359397572867,25,25,1,Unanimous B/LB-directed,current_missense_f4
NC_000016.10:89805365:G:A,FANCA,0,0.0417848627470351,0.0,0.0004595091914318,0.0,0.0002239447749618,0.0,0.0076024420949036,0.0,0.0,0000,0.0125176897020831,0.0082274907149021,25,25,1,Unanimous B/LB-directed,current_missense_f4
NC_000016.10:89816591:G:C,FANCA,0,0.0089121751773599,0.0,0.0004941927192691,0.0,0.0004690823858685,0.0,0.0076024420949036,0.0,0.0,0000,0.0043694730943503,0.0025721264130493,24,25,1,Unanimous B/LB-directed,current_missense_f4
NC_000017.11:7670648:G:T,TP53,0,0.0036256267957259,0.0,0.0028031632282193,0.0,0.0099112148483015,0.0,0.0110818842244374,0.0,0.0,0000,0.006855472274171,0.0042290095397989,25,25,1,Unanimous B/LB-directed,current_missense_f4
NC_000017.11:7670710:C:T,TP53,0,0.0069047274169104,0.0,0.0162700699824625,0.0,0.0262728955985094,0.0,0.1141378084335863,0.0,0.0,0000,0.0408963753578671,0.0305973017653881,25,25,1,Unanimous B/LB-directed,current_missense_f4
NC_000017.11:7673581:G:T,TP53,0,0.0002051250486599,0.0,0.0007625282507062,0.0,0.0008923523536688,0.0,0.0076024420949036,0.0,0.0,0000,0.0023656119369846,0.0013071746599216,25,25,1,Unanimous B/LB-directed,current_missense_f4
NC_000017.11:7675131:C:T,TP53,0,0.6522539756337955,1.0,0.6880800277567248,0.0,0.7461820467515571,1.0,0.8334699365998625,1.0,3.0,1011,0.7299964966854849,0.7530941632659593,25,25,1,Mixed votes,current_missense_f4
NC_000017.11:7676024:T:C,TP53,0,0.0017252278775843,0.0,0.0036028818477654,0.0,0.0155954050335727,0.0,0.0076024420949036,0.0,0.0,0000,0.0071314892134565,0.0044174653455274,25,25,1,Unanimous B/LB-directed,current_missense_f4
NC_000017.11:7676046:C:T,TP53,0,0.0354289073674999,0.0,0.0846567801912485,0.0,0.0522842637826025,0.0,0.0141684888655519,0.0,0.0,0000,0.0466346100517257,0.0354163571453108,25,25,1,Unanimous B/LB-directed,current_missense_f4
NC_000017.11:7676123:G:A,TP53,0,0.0090050340849754,0.0,0.0361176816645206,0.0,0.0644363110581974,0.0,0.0283720084763178,0.0,0.0,0000,0.0344827588210028,0.0253076650329544,25,25,1,Unanimous B/LB-directed,current_missense_f4
NC_000017.11:7676223:C:T,TP53,0,0.0015317328157611,0.0,0.0003339180408583,0.0,0.0056488623176931,0.0,0.0076024420949036,0.0,0.0,0000,0.003779238817304,0.0021915407959083,25,25,1,Unanimous B/LB-directed,current_missense_f4
NC_000017.11:35103296:C:T,RAD51D,0,0.0007982152242443,0.0,7.992774122688403e-05,0.0,0.0108397220961841,0.0,0.0076024420949036,0.0,0.0,0000,0.0048300767891397,0.002872946996402,24,25,1,Unanimous B/LB-directed,current_missense_f4
NC_000017.11:43045684:T:A,BRCA1,0,0.0094556742524583,0.0,0.0007588298526479,0.0,0.0014735900732962,0.0,0.0076024420949036,0.0,0.0,0000,0.0048226340683265,0.0028680612874886,24,25,1,Unanimous B/LB-directed,current_missense_f4
NC_000017.11:43045690:T:G,BRCA1,0,0.0496874220218956,0.0,0.0036893884870091,0.0,0.0102467009974258,0.0,0.0247751687642446,0.0,0.0,0000,0.0220996700676438,0.0154415912348842,22,25,1,Unanimous B/LB-directed,current_missense_f4
NC_000017.11:43047698:A:T,BRCA1,0,0.0018678341857443,0.0,0.000145182742125,0.0,0.0069719525460717,0.0,0.0076024420949036,0.0,0.0,0000,0.0041468528922111,0.0024279036852041,23,25,1,Unanimous B/LB-directed,current_missense_f4
NC_000017.11:43063367:T:C,BRCA1,0,0.0018637694864118,0.0,0.0028185362477221,0.0,0.0111819067812289,0.0,0.0076024420949036,0.0,0.0,0000,0.0058666636525666,0.0035607237887737,25,25,1,Unanimous B/LB-directed,current_missense_f4
NC_000017.11:43063908:C:G,BRCA1,0,0.2025945006086586,0.0,0.3172699698987087,0.0,0.4376205092606657,1.0,0.7835420742085617,1.0,2.0,0011,0.4352567634941487,0.4335685345627366,25,25,1,Mixed votes,current_missense_f4
NC_000017.11:43071076:T:C,BRCA1,0,0.0042656539319472,0.0,8.468981450772274e-05,0.0,0.0049212276354863,0.0,0.0076024420949036,0.0,0.0,0000,0.0042185033692112,0.0024742352289619,24,25,1,Unanimous B/LB-directed,current_missense_f4
NC_000017.11:43071184:A:G,BRCA1,0,0.0209054597187103,0.0,0.0391647972008046,0.0,0.0153248915940704,0.0,0.0076024420949036,0.0,0.0,0000,0.0207493976521222,0.0143989506264612,25,25,1,Unanimous B/LB-directed,current_missense_f4
NC_000017.11:43071231:G:A,BRCA1,0,0.0062575078697483,0.0,0.0111634466196437,0.0,0.0064354580905033,0.0,0.0076024420949036,0.0,0.0,0000,0.0078647136686997,0.0049218157677588,25,25,1,Unanimous B/LB-directed,current_missense_f4
NC_000017.11:43091707:T:C,BRCA1,0,0.025237780065422,0.0,0.000129877378687,0.0,0.0045305456233854,0.0,0.0076024420949036,0.0,0.0,0000,0.0093751612905995,0.0059763692927081,25,25,1,Unanimous B/LB-directed,current_missense_f4
NC_000017.11:43091791:C:T,BRCA1,0,0.0348738917605798,0.0,0.0001676951173569,0.0,0.001122770328908,0.0,0.0076024420949036,0.0,0.0,0000,0.0109416998254371,0.0070897109543175,25,25,1,Unanimous B/LB-directed,current_missense_f4
NC_000017.11:43091890:C:T,BRCA1,0,0.002568359773141,0.0,0.0157085399216405,0.0,0.0231079180704061,0.0,0.0118341877509062,0.0,0.0,0000,0.0133047513790235,0.0088017536085742,25,25,1,Unanimous B/LB-directed,current_missense_f4
NC_000017.11:43092447:C:T,BRCA1,0,0.0035134934326983,0.0,9.079910165813316e-06,0.0,3.241486953647626e-08,0.0,0.0076024420949036,0.0,0.0,0000,0.0027812619631593,0.0015626405277259,25,25,1,Unanimous B/LB-directed,current_missense_f4
NC_000017.11:43092946:T:C,BRCA1,0,0.0065506436748404,0.0,0.0152979654623812,0.0,0.0262358025868749,0.0,0.0130078503769069,0.0,0.0,0000,0.0152730655252509,0.010253969527704,25,25,1,Unanimous B/LB-directed,current_missense_f4
NC_000017.11:43093072:T:C,BRCA1,0,0.0006688213029439,0.0,1.6507389852251515e-06,0.0,0.0010706267525451,0.0,0.0076024420949036,0.0,0.0,0000,0.0023358852223444,0.0012890730211656,25,25,1,Unanimous B/LB-directed,current_missense_f4
NC_000017.11:43093215:A:G,BRCA1,0,0.0056609809604794,0.0,0.0322998511140192,0.0,0.0177894653971958,0.0,0.0076024420949036,0.0,0.0,0000,0.0158381848916495,0.010674891826346,25,25,1,Unanimous B/LB-directed,current_missense_f4
NC_000017.11:43093453:C:T,BRCA1,0,0.0052501172628353,0.0,1.07717250166589e-05,0.0,0.0005355907252044,0.0,0.0076024420949036,0.0,0.0,0000,0.00334973045199,0.001918434850302,24,25,1,Unanimous B/LB-directed,current_missense_f4
NC_000017.11:43093741:C:T,BRCA1,0,0.0108386010924153,0.0,0.0361629504710144,0.0,0.0301783298939563,0.0,0.0091023403517545,0.0,0.0,0000,0.0215705554522851,0.0150321336361801,25,25,1,Unanimous B/LB-directed,current_missense_f4
NC_000017.11:43093827:G:A,BRCA1,0,0.0021665163669103,0.0,0.0008519813388904,0.0,0.0014735900732962,0.0,0.0076024420949036,0.0,0.0,0000,0.0030236324685001,0.0017134909588566,25,25,1,Unanimous B/LB-directed,current_missense_f4
NC_000017.11:43094074:A:G,BRCA1,0,0.0025029781132111,0.0,1.1344212483790905e-05,0.0,0.0052096659513234,0.0,0.0076024420949036,0.0,0.0,0000,0.0038316075929805,0.0022250703009251,25,25,1,Unanimous B/LB-directed,current_missense_f4
NC_000017.11:43094147:A:T,BRCA1,0,0.9371308221192308,1.0,0.9343116057367844,1.0,0.9541722528471832,1.0,0.9657415699076304,1.0,4.0,1111,0.9478390626527072,0.961354297635379,25,25,1,Unanimous LP/P-directed,current_missense_f4
NC_000017.11:43094297:A:C,BRCA1,0,0.0015284460811831,0.0,1.2191977166636063e-05,0.0,0.0012822102271656,0.0,0.0076024420949036,0.0,0.0,0000,0.0026063225951047,0.0014545991252311,25,25,1,Unanimous B/LB-directed,current_missense_f4
NC_000017.11:43095874:T:C,BRCA1,0,0.0171047883656001,0.0,0.0017809332447089,0.0,0.0188194574515122,0.0,0.0092949022512502,0.0,0.0,0000,0.0117500203282679,0.007671184824814,25,25,1,Unanimous B/LB-directed,current_missense_f4
NC_000017.11:43104135:C:T,BRCA1,0,0.0029272891142792,0.0,0.0040916417450216,0.0,0.0080323300612966,0.0,0.0076024420949036,0.0,0.0,0000,0.0056634257538752,0.0034247811648511,25,25,1,Unanimous B/LB-directed,current_missense_f4
NC_000017.11:58695160:G:A,RAD51C,0,0.0237633388314133,0.0,0.0062111256890666,0.0,0.0075569824996809,0.0,0.0135854891195513,0.0,0.0,0000,0.012779234034928,0.0084178923908386,25,25,1,Unanimous B/LB-directed,current_missense_f4
NC_000010.11:87863956:G:T,PTEN,0,,,,,,,,,,,,,2,25,0,,current_missense_f4
NC_000010.11:87864457:A:T,PTEN,0,,,,,,,,,,,,,2,25,0,,current_missense_f4
NC_000011.10:108244064:C:A,ATM,0,0.0673626662088734,0.0,0.0469450289754167,0.0,0.0299281701999875,0.0,0.0483336217083159,0.0,0.0,0000,0.0481423717731484,0.0366950470466704,25,25,1,Unanimous B/LB-directed,current_missense_f4
NC_000011.10:108251988:G:C,ATM,0,0.0196980627519017,0.0,0.0014913642256708,0.0,0.0105422792732226,0.0,0.1072147459410653,0.0,0.0,0000,0.0347366130479651,0.0255149347697363,25,25,1,Unanimous B/LB-directed,current_missense_f4
NC_000011.10:108267248:G:A,ATM,0,0.0069507163536522,0.0,0.0002405415085197,0.0,0.0009425937592707,0.0,0.0076024420949036,0.0,0.0,0000,0.0039340734290865,0.0022908132115349,25,25,1,Unanimous B/LB-directed,current_missense_f4
NC_000011.10:108267277:T:G,ATM,0,0.0036911077971515,0.0,0.0075153756572056,0.0,0.0255386244782004,0.0,0.0076024420949036,0.0,0.0,0000,0.0110868875068653,0.0071938176708207,25,25,1,Unanimous B/LB-directed,current_missense_f4
NC_000011.10:108272772:C:T,ATM,0,0.0498824035780342,0.0,0.0050759387575346,0.0,0.0042856251321687,0.0,0.014315284157839,0.0,0.0,0000,0.0183898129063941,0.0125956645909778,25,25,1,Unanimous B/LB-directed,current_missense_f4
NC_000011.10:108284442:G:T,ATM,0,0.2232734817241182,0.0,0.0071426758411368,0.0,0.0337541470356946,0.0,0.0354267052472955,0.0,0.0,0000,0.0748992524620613,0.0601174128461322,25,25,1,Unanimous B/LB-directed,current_missense_f4
NC_000011.10:108293403:A:T,ATM,0,0.0137703199898639,0.0,0.000779186146955,0.0,0.020036275510304,0.0,0.0076024420949036,0.0,0.0,0000,0.0105470559355066,0.0068074971881862,25,25,1,Unanimous B/LB-directed,current_missense_f4
NC_000011.10:108365448:C:A,ATM,0,0.361466674769386,0.0,0.3307765621578736,0.0,0.2704432798821029,0.0,0.1644348000318084,0.0,0.0,0000,0.2817803292102928,0.2667672107557594,25,25,1,Unanimous B/LB-directed,current_missense_f4
NC_000013.11:32330998:A:T,BRCA2,0,0.0039533943222589,0.0,0.0009674004910419,0.0,0.001842961644761,0.0,0.0194239852419808,0.0,0.0,0000,0.0065469354250107,0.0040193077293171,22,25,1,Unanimous B/LB-directed,current_missense_f4
NC_000013.11:32332342:A:C,BRCA2,0,0.0026354238912647,0.0,0.0004429488003129,0.0,0.0010190072799386,0.0,0.0076024420949036,0.0,0.0,0000,0.002924955516605,0.0016519169501776,21,25,1,Unanimous B/LB-directed,current_missense_f4
NC_000013.11:32332558:A:G,BRCA2,0,0.0010263596060932,0.0,0.0001862260955001,0.0,0.0003215698494611,0.0,0.0076024420949036,0.0,0.0,0000,0.0022841494114895,0.0012576263192713,22,25,1,Unanimous B/LB-directed,current_missense_f4
NC_000013.11:32332583:A:G,BRCA2,0,0.0059720553928512,0.0,0.0001862527225509,0.0,3.241486953647626e-08,0.0,0.0076024420949036,0.0,0.0,0000,0.0034401956562938,0.0019756687355433,22,25,1,Unanimous B/LB-directed,current_missense_f4
NC_000013.11:32332606:G:C,BRCA2,0,0.003126334079256,0.0,0.0013131191550952,0.0,0.002319828498565,0.0,0.0094723468574337,0.0,0.0,0000,0.0040579071475875,0.0023705053581648,22,25,1,Unanimous B/LB-directed,current_missense_f4
NC_000013.11:32333152:G:A,BRCA2,0,0.0051943284217871,0.0,0.0021848284156263,0.0,3.241486953647626e-08,0.0,0.0076024420949036,0.0,0.0,0000,0.0037454078367966,0.0021699060572864,22,25,1,Unanimous B/LB-directed,current_missense_f4
NC_000013.11:32333281:G:A,BRCA2,0,0.0096238788892855,0.0,0.004236907018752,0.0,0.0073999655664181,0.0,0.0154820984410684,0.0,0.0,0000,0.009185712478881,0.005843027949183,22,25,1,Unanimous B/LB-directed,current_missense_f4
NC_000013.11:32336575:G:T,BRCA2,0,0.0387645655369112,0.0,0.0031757944153203,0.0,3.241486953647626e-08,0.0,0.0076024420949036,0.0,0.0,0000,0.0123857086155011,0.0081315750178722,22,25,1,Unanimous B/LB-directed,current_missense_f4
NC_000013.11:32336597:A:G,BRCA2,0,0.0592707095926896,0.0,0.0071899801994442,0.0,0.0006502803626557,0.0,0.0076024420949036,0.0,0.0,0000,0.0186783530624233,0.0128148402606394,22,25,1,Unanimous B/LB-directed,current_missense_f4
NC_000013.11:32336757:C:A,BRCA2,0,0.0157008778704336,0.0,0.0011605807828126,0.0,0.0004044699163913,0.0,0.0076024420949036,0.0,0.0,0000,0.0062170926661353,0.0037962874842946,22,25,1,Unanimous B/LB-directed,current_missense_f4
NC_000013.11:32336877:A:T,BRCA2,0,0.0367663116257774,0.0,0.0048238102778028,0.0,0.0065877800236529,0.0,0.0079946206130719,0.0,0.0,0000,0.0140431306350763,0.0093439172109424,22,25,1,Unanimous B/LB-directed,current_missense_f4
NC_000013.11:32336977:G:C,BRCA2,0,0.0115372722701007,0.0,0.0021918733139171,0.0,0.0018139440722661,0.0,0.0076024420949036,0.0,0.0,0000,0.0057863829377969,0.0035069646485086,22,25,1,Unanimous B/LB-directed,current_missense_f4
NC_000013.11:32337316:G:A,BRCA2,0,0.023779435501285,0.0,0.0120144287424948,0.0,0.0026604603809994,0.0,0.0085775352570353,0.0,0.0,0000,0.0117579649704536,0.0076769221217675,22,25,1,Unanimous B/LB-directed,current_missense_f4
NC_000013.11:32337750:A:C,BRCA2,0,0.0076909961152977,0.0,0.025094565004406,0.0,0.0407905584165432,0.0,0.0336515157587527,0.0,0.0,0000,0.0268069088237499,0.0191314031677734,22,25,1,Unanimous B/LB-directed,current_missense_f4
NC_000013.11:32338127:T:G,BRCA2,0,0.0089194668947708,0.0,0.0002975289301327,0.0,0.0003215698494611,0.0,0.0076024420949036,0.0,0.0,0000,0.004285251942317,0.0025174714627271,22,25,1,Unanimous B/LB-directed,current_missense_f4
NC_000013.11:32338177:A:G,BRCA2,0,0.0018592826091384,0.0,9.739169481925038e-05,0.0,0.0007693354956563,0.0,0.0076024420949036,0.0,0.0,0000,0.0025821129736294,0.0014397055619981,22,25,1,Unanimous B/LB-directed,current_missense_f4
NC_000013.11:32338792:T:C,BRCA2,0,0.0225356763093002,0.0,0.0017386576488643,0.0,3.241486953647626e-08,0.0,0.0076024420949036,0.0,0.0,0000,0.0079692021169844,0.0049941109844681,22,25,1,Unanimous B/LB-directed,current_missense_f4
NC_000013.11:32338920:G:T,BRCA2,0,0.3192226545630949,0.0,0.1497553244485235,0.0,0.2336263692420915,0.0,0.0365594916718204,0.0,0.0,0000,0.1847909599813826,0.1658449391983292,22,25,1,Unanimous B/LB-directed,current_missense_f4
NC_000013.11:32338993:G:A,BRCA2,0,0.0020126390019614,0.0,0.0009901397765151,0.0,0.0144305784749325,0.0,0.0493334006908164,0.0,0.0,0000,0.0166916894860564,0.0113137795645701,22,25,1,Unanimous B/LB-directed,current_missense_f4
NC_000013.11:32339357:C:G,BRCA2,0,0.1957589381628998,0.0,0.0770048094699029,0.0,0.0101625962587649,0.0,0.0367268369068278,0.0,0.0,0000,0.0799132951995989,0.0646404768656704,22,25,1,Unanimous B/LB-directed,current_missense_f4
NC_000013.11:32339578:A:G,BRCA2,0,0.0019805880115964,0.0,0.0002629007428973,0.0,3.241486953647626e-08,0.0,0.0076024420949036,0.0,0.0,0000,0.0024614908160667,0.0013657181388067,22,25,1,Unanimous B/LB-directed,current_missense_f4
NC_000013.11:32339606:A:C,BRCA2,0,0.037322134601719,0.0,0.0027743700029878,0.0,0.0041470012728561,0.0,0.0219265514764877,0.0,0.0,0000,0.0165425143385126,0.0112018462743418,22,25,1,Unanimous B/LB-directed,current_missense_f4
NC_000013.11:32339677:G:C,BRCA2,0,0.0046622850126155,0.0,0.0011855594332955,0.0,0.001842961644761,0.0,0.0076024420949036,0.0,0.0,0000,0.0038233120463939,0.0022197557987214,22,25,1,Unanimous B/LB-directed,current_missense_f4
NC_000013.11:32339767:A:G,BRCA2,0,0.0040901516776191,0.0,0.0012303691935295,0.0,0.000867448523136,0.0,0.0076024420949036,0.0,0.0,0000,0.003447602872297,0.0019803620197958,22,25,1,Unanimous B/LB-directed,current_missense_f4
NC_000013.11:32339821:A:C,BRCA2,0,0.0151620549289629,0.0,0.0127512212769854,0.0,0.007754266927227,0.0,0.0086983580719783,0.0,0.0,0000,0.0110914753012884,0.0071971097796099,22,25,1,Unanimous B/LB-directed,current_missense_f4
NC_000013.11:32340025:G:A,BRCA2,0,0.0523964455900844,0.0,0.0130869906792716,0.0,0.0007693354956563,0.0,0.0076024420949036,0.0,0.0,0000,0.018463803464979,0.0126518312594723,22,25,1,Unanimous B/LB-directed,current_missense_f4
NC_000013.11:32340536:C:T,BRCA2,0,0.4392739855679114,0.0,0.4594584009493386,0.0,0.4721497410471104,1.0,0.2110058768233606,0.0,1.0,0010,0.3954720010969302,0.3898633688971075,22,25,1,Mixed votes,current_missense_f4
NC_000013.11:32340937:G:A,BRCA2,0,0.0187709417043008,0.0,0.0063402429756124,0.0,0.0014735900732962,0.0,0.0102029231788136,0.0,0.0,0000,0.0091969244830058,0.0058509111755615,22,25,1,Unanimous B/LB-directed,current_missense_f4
NC_000013.11:32356460:T:C,BRCA2,0,0.0069117408510885,0.0,0.0001697297750992,0.0,3.241486953647626e-08,0.0,0.0076024420949036,0.0,0.0,0000,0.0036709862839902,0.0021223860280813,21,25,1,Unanimous B/LB-directed,current_missense_f4
NC_000013.11:32357854:A:C,BRCA2,0,0.0850646530139433,0.0,0.0627463147140282,0.0,0.0079128958074577,0.0,0.0613817685816647,0.0,0.0,0000,0.0542764080292735,0.0419468062079605,22,25,1,Unanimous B/LB-directed,current_missense_f4
NC_000013.11:32357854:A:T,BRCA2,0,0.087094460399797,0.0,0.0663353691989289,0.0,0.0052459692412459,0.0,0.0218253931234539,0.0,0.0,0000,0.0451252979908564,0.0341414156273724,22,25,1,Unanimous B/LB-directed,current_missense_f4
NC_000013.11:32362618:G:A,BRCA2,0,0.6513275439803826,1.0,0.6542821121983694,0.0,0.7227303500727517,1.0,0.2694494702509034,0.0,2.0,1010,0.5744473691256018,0.586632861317171,22,25,1,Mixed votes,current_missense_f4
NC_000013.11:32363527:T:A,BRCA2,0,0.2944037413686307,0.0,0.3735658733614576,0.0,0.0897373348956838,0.0,0.036365570297194,0.0,0.0,0000,0.1985181299807416,0.1797964005006968,22,25,1,Unanimous B/LB-directed,current_missense_f4
NC_000013.11:32370966:G:C,BRCA2,0,0.3688222702226398,0.0,0.4521305697204079,0.0,0.2992863347969866,1.0,0.0724280125655535,0.0,1.0,0010,0.2981667968263969,0.2842660404704136,22,25,1,Mixed votes,current_missense_f4
NC_000013.11:32379411:G:C,BRCA2,0,0.0388642837643727,0.0,0.0970273017958261,0.0,0.0454617582603069,0.0,0.0076024420949036,0.0,0.0,0000,0.0472389464788523,0.035928277714799,22,25,1,Unanimous B/LB-directed,current_missense_f4
NC_000013.11:32380087:C:T,BRCA2,0,0.0468537494039815,0.0,0.0623823765823123,0.0,0.0375019873255721,0.0,0.0181710570729066,0.0,0.0,0000,0.0412272925961931,0.0308730880058308,22,25,1,Unanimous B/LB-directed,current_missense_f4
NC_000015.10:90749919:A:G,BLM,0,0.01879411071706,0.0,0.0307652033327419,0.0,0.0007693354956563,0.0,0.0079816217935629,0.0,0.0,0000,0.0145775678347553,0.0097383152016452,23,25,1,Unanimous B/LB-directed,current_missense_f4
NC_000015.10:90751818:G:A,BLM,0,0.0181054878836362,0.0,0.0012877525768644,0.0,0.0006502803626557,0.0,0.0076024420949036,0.0,0.0,0000,0.006911490729515,0.0042671927590229,25,25,1,Unanimous B/LB-directed,current_missense_f4
NC_000015.10:90803711:A:C,BLM,0,0.0092104249450448,0.0,0.0025578462019033,0.0,0.0047783557995165,0.0,0.0076024420949036,0.0,0.0,0000,0.006037267260342,0.0036752248593147,24,25,1,Unanimous B/LB-directed,current_missense_f4
NC_000016.10:23607926:T:G,PALB2,0,0.346186576250213,0.0,0.2997594987669699,0.0,0.4324364155287357,1.0,0.1874059147558469,0.0,1.0,0010,0.3164471013254414,0.3039029737715498,24,25,1,Mixed votes,current_missense_f4
NC_000016.10:23621373:T:A,PALB2,0,0.3889738044120049,0.0,0.8212086062889518,1.0,0.2110200421307914,0.0,0.4106695695618922,0.0,1.0,0100,0.4579680055984101,0.4585792842530601,24,25,1,Mixed votes,current_missense_f4
NC_000016.10:23623039:C:G,PALB2,0,0.1132413022825202,0.0,0.4768884465336511,0.0,0.0846680801339021,0.0,0.0125816352969577,0.0,0.0,0000,0.1718448660617578,0.1528098249557418,24,25,1,Unanimous B/LB-directed,current_missense_f4
NC_000016.10:23635603:T:G,PALB2,0,0.0179342231016839,0.0,0.0006018444844972,0.0,0.0171934358836822,0.0,0.0092620624719559,0.0,0.0,0000,0.0112478914854548,0.0073094394125294,24,25,1,Unanimous B/LB-directed,current_missense_f4
NC_000016.10:23641111:T:C,PALB2,0,0.0783058072606064,0.0,0.1225362102596019,0.0,0.3729777382825,1.0,0.5637602198170305,0.0,1.0,0010,0.2843949939049347,0.2695523221161397,25,25,1,Mixed votes,current_missense_f4
NC_000016.10:23641131:A:T,PALB2,0,0.049891975225188,0.0,0.0785641330715551,0.0,0.1968966092425881,0.0,0.0826743136397649,0.0,0.0,0000,0.102006757794774,0.0849876444563082,23,25,1,Unanimous B/LB-directed,current_missense_f4
NC_000016.10:68737418:G:A,CDH1,0,0.2760992419350521,0.0,0.4545308490802796,0.0,0.0579650910541056,0.0,0.0421545857300785,0.0,0.0,0000,0.2076874419498789,0.1891851736544302,23,25,1,Unanimous B/LB-directed,current_missense_f4
NC_000016.10:68738360:C:A,CDH1,0,0.0487491071755742,0.0,0.0759236155923366,0.0,0.0655418174659677,0.0,0.0076024420949036,0.0,0.0,0000,0.0494542455821955,0.0378116268422741,24,25,1,Unanimous B/LB-directed,current_missense_f4
NC_000016.10:68738377:C:A,CDH1,0,0.0600535370665586,0.0,0.1708491135941737,0.0,0.0284290409593082,0.0,0.048071838747973,0.0,0.0,0000,0.0768508825920034,0.0618734390087421,23,25,1,Unanimous B/LB-directed,current_missense_f4
NC_000016.10:68811789:C:A,CDH1,0,0.0161540405420548,0.0,0.0004657273370653,0.0,0.0027234373822384,0.0,0.0203548451638601,0.0,0.0,0000,0.0099245126063046,0.0063646560372641,24,25,1,Unanimous B/LB-directed,current_missense_f4
NC_000016.10:68812258:C:T,CDH1,0,0.0068999343545271,0.0,0.0071633594077394,0.0,0.017051601827902,0.0,0.0076024420949036,0.0,0.0,0000,0.009679334421268,0.006191066184091,24,25,1,Unanimous B/LB-directed,current_missense_f4
NC_000016.10:68813328:C:A,CDH1,0,0.0792946158842429,0.0,0.0968866762538999,0.0,0.0391164521772075,0.0,0.0076024420949036,0.0,0.0,0000,0.0557250466025635,0.0431981980047408,24,25,1,Unanimous B/LB-directed,current_missense_f4
NC_000016.10:68813338:G:T,CDH1,0,0.0226187311139129,0.0,0.0220303860216201,0.0,0.0114400990197568,0.0,0.0117146215439529,0.0,0.0,0000,0.0169509594248107,0.0115085882229519,24,25,1,Unanimous B/LB-directed,current_missense_f4
NC_000016.10:68813399:T:C,CDH1,0,0.9203830026114544,1.0,0.9294281066629918,1.0,0.9423475859753172,1.0,0.9371752813269912,1.0,4.0,1111,0.9323334941441888,0.9482920844012,25,25,1,Unanimous LP/P-directed,current_missense_f4
NC_000016.10:68815686:A:C,CDH1,0,0.170374181496462,0.0,0.2184916231644852,0.0,0.2251910277515003,0.0,0.0262218032815815,0.0,0.0,0000,0.1600696589235073,0.1410647417008209,24,25,1,Unanimous B/LB-directed,current_missense_f4
NC_000016.10:68819397:A:G,CDH1,0,0.0286771451960225,0.0,0.0204896082958345,0.0,0.0505043007851043,0.0,0.0277459826346347,0.0,0.0,0000,0.031854259227899,0.0231723739354078,25,25,1,Unanimous B/LB-directed,current_missense_f4
NC_000016.10:68822153:A:G,CDH1,0,0.0045700183170581,0.0,0.0077946022324466,0.0,0.0276863862358125,0.0,0.0105651348894384,0.0,0.0,0000,0.0126540354186889,0.0083266950590751,25,25,1,Unanimous B/LB-directed,current_missense_f4
NC_000016.10:89765039:G:T,FANCA,0,0.0746447511550732,0.0,0.0607182633710842,0.0,0.0581556255614502,0.0,0.0662923154379658,0.0,0.0,0000,0.0649527388813934,0.0512616976989168,25,25,1,Unanimous B/LB-directed,current_missense_f4
NC_000016.10:89791491:G:C,FANCA,0,0.0278487889653039,0.0,0.0098195828841942,0.0,0.0124858738931397,0.0,0.009693425653321,0.0,0.0,0000,0.0149619178489897,0.0100229495035117,25,25,1,Unanimous B/LB-directed,current_missense_f4
NC_000016.10:89808345:C:T,FANCA,0,0.0202141020832407,0.0,0.0060206068949073,0.0,0.0121787366120814,0.0,0.0114316213273133,0.0,0.0,0000,0.0124612667293857,0.0081864723279324,25,25,1,Unanimous B/LB-directed,current_missense_f4
NC_000016.10:89815972:C:G,FANCA,0,0.0578066105045525,0.0,0.0397394606887354,0.0,0.016910038116084,0.0,0.0076024420949036,0.0,0.0,0000,0.0305146378510689,0.0220919957329382,25,25,1,Unanimous B/LB-directed,current_missense_f4
NC_000017.11:7669626:T:A,TP53,0,0.061695531776799,0.0,0.1249021734112446,0.0,0.0317181631760713,0.0,0.0169899321896171,0.0,0.0,0000,0.058826450138433,0.0458908841711255,23,25,1,Unanimous B/LB-directed,current_missense_f4
NC_000017.11:7669639:A:G,TP53,0,0.0038543407310008,0.0,0.0026585554698903,0.0,0.0150489055114792,0.0,0.0076024420949036,0.0,0.0,0000,0.0072910609518185,0.0045267739354285,24,25,1,Unanimous B/LB-directed,current_missense_f4
NC_000017.11:7669640:T:C,TP53,0,0.0187885850766444,0.0,0.007588479088904,0.0,0.0068947377104112,0.0,0.0076024420949036,0.0,0.0,0000,0.0102185609927158,0.0065734601630777,24,25,1,Unanimous B/LB-directed,current_missense_f4
NC_000017.11:7669667:G:T,TP53,0,0.3138587790098933,0.0,0.3791561493949953,0.0,0.375697282808716,1.0,0.1456211250400891,0.0,1.0,0010,0.3035833340634234,0.2900724413704511,23,25,1,Mixed votes,current_missense_f4
NC_000017.11:7670641:C:T,TP53,0,0.005367520622056,0.0,0.00034093430982,0.0,0.0024117425107304,0.0,0.0104752292951371,0.0,0.0,0000,0.0046488566844359,0.0027542147813582,25,25,1,Unanimous B/LB-directed,current_missense_f4
NC_000017.11:7670642:C:G,TP53,0,0.0075901657540255,0.0,0.0052800726906128,0.0,0.0032054126086456,0.0,0.0344057303779901,0.0,0.0,0000,0.0126203453578185,0.0083021713931174,25,25,1,Unanimous B/LB-directed,current_missense_f4
NC_000017.11:7670702:C:G,TP53,0,0.0387526002137951,0.0,0.0453921638467854,0.0,0.010669527985345,0.0,0.0101898254206171,0.0,0.0,0000,0.0262510293666357,0.0186914862176116,24,25,1,Unanimous B/LB-directed,current_missense_f4
NC_000017.11:7673249:C:T,TP53,0,,,,,,,,,,,,,2,25,0,,current_missense_f4
NC_000017.11:7673331:G:A,TP53,0,,,,,,,,,,,,,2,25,0,,current_missense_f4
NC_000017.11:7673714:C:G,TP53,0,0.0273452783310219,0.0,0.0629220483425483,0.0,0.0024425474421615,0.0,0.0076024420949036,0.0,0.0,0000,0.0250780790526588,0.0177667877034766,24,25,1,Unanimous B/LB-directed,current_missense_f4
NC_000017.11:7673736:G:A,TP53,0,0.0078718455376733,0.0,0.0002865322695625,0.0,3.241486953647626e-08,0.0,0.0076024420949036,0.0,0.0,0000,0.0039402130792522,0.0022947582071834,24,25,1,Unanimous B/LB-directed,current_missense_f4
NC_000017.11:7675064:A:G,TP53,0,0.0273593367791427,0.0,0.0112158422164501,0.0,0.015371000253275,0.0,0.0163094939460389,0.0,0.0,0000,0.0175639182987267,0.0119704703351558,24,25,1,Unanimous B/LB-directed,current_missense_f4
NC_000017.11:7676087:G:A,TP53,0,0.1270987793089678,0.0,0.4134326585805351,0.0,0.2060874467417734,0.0,0.1127646599092535,0.0,0.0,0000,0.2148458861351325,0.1965516092490475,24,25,1,Unanimous B/LB-directed,current_missense_f4
NC_000017.11:7676150:A:T,TP53,0,0.0180288929103942,0.0,0.0052180370896272,0.0,0.0003215698494611,0.0,0.0076024420949036,0.0,0.0,0000,0.0077927354860965,0.004872074125575,24,25,1,Unanimous B/LB-directed,current_missense_f4
NC_000017.11:7676571:G:A,TP53,0,0.0009557871630512,0.0,0.0012042899429239,0.0,0.0016703337817418,0.0,0.0076024420949036,0.0,0.0,0000,0.0028582132456551,0.0016103920156851,22,25,1,Unanimous B/LB-directed,current_missense_f4
NC_000017.11:7676583:G:T,TP53,0,0.0063473037941299,0.0,0.01829710365135,0.0,0.0013908896418736,0.0,0.0076024420949036,0.0,0.0,0000,0.0084094347955643,0.0052998117887439,22,25,1,Unanimous B/LB-directed,current_missense_f4
NC_000017.11:35101001:G:T,RAD51D,0,0.0162346900108005,0.0,0.0169715505704694,0.0,0.0300898701591262,0.0,0.0274019160491729,0.0,0.0,0000,0.0226745066973923,0.0158877015971687,22,25,1,Unanimous B/LB-directed,current_missense_f4
NC_000017.11:43045726:T:C,BRCA1,0,0.0071275738651254,0.0,0.0257465171971983,0.0,0.0520621300204741,0.0,0.0750314956748391,0.0,0.0,0000,0.0399919291894092,0.0298449173678687,24,25,1,Unanimous B/LB-directed,current_missense_f4
NC_000017.11:43045729:C:G,BRCA1,0,0.0252574032061859,0.0,0.0704676431167529,0.0,0.087510413544869,0.0,0.0076024420949036,0.0,0.0,0000,0.0477094754906778,0.0363274099647721,24,25,1,Unanimous B/LB-directed,current_missense_f4
NC_000017.11:43045738:A:C,BRCA1,0,0.0519844097574645,0.0,0.102999541811354,0.0,0.1779244197850217,0.0,0.0472736354084615,0.0,0.0,0000,0.0950455016905754,0.0785075911884328,25,25,1,Unanimous B/LB-directed,current_missense_f4
NC_000017.11:43045791:C:G,BRCA1,0,0.0679531332495951,0.0,0.1190679158156787,0.0,0.0180883515062731,0.0,0.0076024420949036,0.0,0.0,0000,0.0531779606666126,0.0410006852843737,23,25,1,Unanimous B/LB-directed,current_missense_f4
NC_000017.11:43045793:G:C,BRCA1,0,0.0852545972850933,0.0,0.0803024014038646,0.0,0.1008985456751795,0.0,0.0411957926279684,0.0,0.0,0000,0.0769128342480264,0.0619292763515391,23,25,1,Unanimous B/LB-directed,current_missense_f4
NC_000017.11:43045794:C:A,BRCA1,0,,,,,,,,,,,,,2,25,0,,current_missense_f4
NC_000017.11:43047652:A:G,BRCA1,0,,,,,,,,,,,,,2,25,0,,current_missense_f4
NC_000017.11:43047661:T:C,BRCA1,0,,,,,,,,,,,,,2,25,0,,current_missense_f4
NC_000017.11:43047662:G:C,BRCA1,0,0.1048174477655805,0.0,0.129656094367786,0.0,0.1118727305191182,0.0,0.0181322376118151,0.0,0.0,0000,0.0911196275660749,0.0748801971900293,23,25,1,Unanimous B/LB-directed,current_missense_f4
NC_000017.11:43047670:A:G,BRCA1,0,,,,,,,,,,,,,2,25,0,,current_missense_f4
NC_000017.11:43057059:C:A,BRCA1,0,0.3866464698975153,0.0,0.4288563873011863,0.0,0.1112278140270632,0.0,0.2434460125536848,0.0,0.0,0000,0.2925441709448624,0.2782500982106176,24,25,1,Unanimous B/LB-directed,current_missense_f4
NC_000017.11:43057134:G:C,BRCA1,0,0.2512441823297889,0.0,0.1481364972838431,0.0,0.2025456225862258,0.0,0.1227316098786457,0.0,0.0,0000,0.1811644780196259,0.1621811360852619,25,25,1,Unanimous B/LB-directed,current_missense_f4
NC_000017.11:43067664:G:A,BRCA1,0,0.0106494345829996,0.0,0.0421486031071714,0.0,0.0138663763122133,0.0,0.0076024420949036,0.0,0.0,0000,0.018566714024322,0.012729993432971,24,25,1,Unanimous B/LB-directed,current_missense_f4
NC_000017.11:43067685:A:T,BRCA1,0,0.1483136873249051,0.0,0.0475543210326243,0.0,0.0944042095378513,0.0,0.0098081461464565,0.0,0.0,0000,0.0750200910104593,0.0602259709336741,24,25,1,Unanimous B/LB-directed,current_missense_f4
NC_000017.11:43070970:T:C,BRCA1,0,0.0152426875791738,0.0,0.0001651032671321,0.0,0.0001691551906164,0.0,0.0076024420949036,0.0,0.0,0000,0.0057948470329565,0.0035126288315223,24,25,1,Unanimous B/LB-directed,current_missense_f4
NC_000017.11:43070970:T:G,BRCA1,0,0.043154886888971,0.0,0.0082446497758705,0.0,0.0202325926197807,0.0,0.0201509882501651,0.0,0.0,0000,0.0229457793836968,0.0160986787487334,24,25,1,Unanimous B/LB-directed,current_missense_f4
NC_000017.11:43070992:C:T,BRCA1,0,0.0146936614582313,0.0,0.0010386136979611,0.0,0.0021083630300265,0.0,0.0076024420949036,0.0,0.0,0000,0.0063607700702806,0.0038932827883424,24,25,1,Unanimous B/LB-directed,current_missense_f4
NC_000017.11:43079351:G:A,BRCA1,0,,,,,,,,,,,,,2,25,0,,current_missense_f4
NC_000017.11:43091449:T:G,BRCA1,0,0.0126132614667887,0.0,3.794190152232283e-05,0.0,0.0002239447749618,0.0,0.0076024420949036,0.0,0.0,0000,0.0051193975595441,0.0030634739736195,25,25,1,Unanimous B/LB-directed,current_missense_f4
NC_000017.11:43091679:T:C,BRCA1,0,0.0229392599585843,0.0,0.0565316376227682,0.0,0.0451378379980794,0.0,0.0328989759842253,0.0,0.0,0000,0.0393769278909143,0.0293344827822293,25,25,1,Unanimous B/LB-directed,current_missense_f4
NC_000017.11:43091772:G:T,BRCA1,0,0.142828951556431,0.0,0.5527208416685158,0.0,0.160622321573178,0.0,0.1982788619598831,0.0,0.0,0000,0.263612744189502,0.2474946910654222,25,25,1,Unanimous B/LB-directed,current_missense_f4
NC_000017.11:43091802:C:G,BRCA1,0,0.0329017171681092,0.0,0.0383118748428516,0.0,0.011786398330244,0.0,0.0113147914681966,0.0,0.0,0000,0.0235786954523503,0.0165920247591715,25,25,1,Unanimous B/LB-directed,current_missense_f4
NC_000017.11:43091808:G:C,BRCA1,0,0.0040912418637157,0.0,0.020346768719091,0.0,0.0083929797719064,0.0,0.008761899256282,0.0,0.0,0000,0.0103982224027488,0.0067013606838972,24,25,1,Unanimous B/LB-directed,current_missense_f4
NC_000017.11:43091917:C:G,BRCA1,0,0.0532408922252246,0.0,0.0013642066183273,0.0,0.0821775796645073,0.0,0.0385572558332197,0.0,0.0,0000,0.0438349835853197,0.0330555801948358,25,25,1,Unanimous B/LB-directed,current_missense_f4
NC_000017.11:43092448:G:A,BRCA1,0,0.0002938815717354,0.0,2.0424525395625436e-05,0.0,0.0079924748135577,0.0,0.0076024420949036,0.0,0.0,0000,0.0039773057513981,0.0023186055541193,25,25,1,Unanimous B/LB-directed,current_missense_f4
NC_000017.11:43092458:G:C,BRCA1,0,0.0206715021383589,0.0,0.1610097540028456,0.0,0.1243869293031073,0.0,0.0665020773709392,0.0,0.0,0000,0.0931425657038128,0.0767468319087778,25,25,1,Unanimous B/LB-directed,current_missense_f4
NC_000017.11:43092609:A:G,BRCA1,0,0.0248196233923439,0.0,0.0003812303528698,0.0,0.0049212276354863,0.0,0.0076024420949036,0.0,0.0,0000,0.0094311308689009,0.0060158188792399,24,25,1,Unanimous B/LB-directed,current_missense_f4
NC_000017.11:43092772:C:T,BRCA1,0,0.0182759394682535,0.0,0.0001895247645031,0.0,0.0002239447749618,0.0,0.0076024420949036,0.0,0.0,0000,0.0065729627756555,0.0040369576536467,25,25,1,Unanimous B/LB-directed,current_missense_f4
NC_000017.11:43093285:C:G,BRCA1,0,0.0062543508852876,0.0,0.0224064249354546,0.0,0.0124858738931397,0.0,0.0076024420949036,0.0,0.0,0000,0.0121872729521964,0.0079875755819993,24,25,1,Unanimous B/LB-directed,current_missense_f4
NC_000017.11:43093323:T:C,BRCA1,0,0.0160667872001497,0.0,0.0001948439232031,0.0,0.0005809125970109,0.0,0.0076024420949036,0.0,0.0,0000,0.0061112464538168,0.0037249836326784,24,25,1,Unanimous B/LB-directed,current_missense_f4
NC_000017.11:43093323:T:G,BRCA1,0,0.0016213476238255,0.0,0.0003605370545169,0.0,0.0026604603809994,0.0,0.0076024420949036,0.0,0.0,0000,0.0030611967885613,0.0017369863579969,25,25,1,Unanimous B/LB-directed,current_missense_f4
NC_000017.11:43093453:C:A,BRCA1,0,0.0324465892571116,0.0,0.0080487782546324,0.0,0.0016988558010169,0.0,0.0076024420949036,0.0,0.0,0000,0.0124491663519161,0.0081776782449644,24,25,1,Unanimous B/LB-directed,current_missense_f4
NC_000017.11:43093696:T:C,BRCA1,0,0.0519415168247267,0.0,0.1554271081580211,0.0,0.1116280095208621,0.0,0.0076024420949036,0.0,0.0,0000,0.0816497691496284,0.0662155987566073,24,25,1,Unanimous B/LB-directed,current_missense_f4
NC_000017.11:43093969:C:G,BRCA1,0,0.0421312847728896,0.0,0.0779068933180984,0.0,0.0348258849466856,0.0,0.0096583754434098,0.0,0.0,0000,0.0411306096202709,0.030792484688821,24,25,1,Unanimous B/LB-directed,current_missense_f4
NC_000017.11:43094056:T:C,BRCA1,0,0.0166205372629883,0.0,0.0047269644503278,0.0,0.0041470012728561,0.0,0.0086621631688177,0.0,0.0,0000,0.0085391665387475,0.0053902314237342,24,25,1,Unanimous B/LB-directed,current_missense_f4
NC_000017.11:43094062:G:A,BRCA1,0,0.0074240837143032,0.0,0.0019550030583955,0.0,0.0098694548409808,0.0,0.0076024420949036,0.0,0.0,0000,0.0067127459271458,0.0041318755261263,24,25,1,Unanimous B/LB-directed,current_missense_f4
NC_000017.11:43094156:G:C,BRCA1,0,0.4119809342074838,0.0,0.5927349437466682,0.0,0.7199986864542609,1.0,0.0671816389534452,0.0,1.0,0010,0.4479740508404645,0.4475700900777017,25,25,1,Mixed votes,current_missense_f4
NC_000017.11:43094430:G:C,BRCA1,0,0.0095204025797019,0.0,5.561596540859253e-05,0.0,0.0016988558010169,0.0,0.0083480236487215,0.0,0.0,0000,0.0049057244987122,0.0029226501099955,24,25,1,Unanimous B/LB-directed,current_missense_f4
NC_000017.11:43094449:A:C,BRCA1,0,0.0036013923999615,0.0,0.008030672741108,0.0,0.0004690823858685,0.0,0.0076024420949036,0.0,0.0,0000,0.0049258974054604,0.002935918099223,24,25,1,Unanimous B/LB-directed,current_missense_f4
NC_000017.11:43094629:T:G,BRCA1,0,0.0255307845566215,0.0,0.0461062851386798,0.0,0.1158972951507263,0.0,0.0246055901279206,0.0,0.0,0000,0.053034988743487,0.0408777173479222,24,25,1,Unanimous B/LB-directed,current_missense_f4
NC_000017.11:43094706:C:T,BRCA1,0,0.0626056414957446,0.0,0.1032336614955382,0.0,0.191298730575415,0.0,0.0705889431625239,0.0,0.0,0000,0.1069317441823054,0.089607749215749,25,25,1,Unanimous B/LB-directed,current_missense_f4
NC_000017.11:43094742:C:G,BRCA1,0,0.014619759362811,0.0,0.0553136592783692,0.0,0.0274222841032151,0.0,0.0314149691729392,0.0,0.0,0000,0.0321926679793336,0.0234461512109166,24,25,1,Unanimous B/LB-directed,current_missense_f4
NC_000017.11:43099858:G:C,BRCA1,0,0.001748963807203,0.0,0.0006019830621496,0.0,0.0042856251321687,0.0,0.0076024420949036,0.0,0.0,0000,0.0035597535241062,0.0020515493471546,25,25,1,Unanimous B/LB-directed,current_missense_f4
NC_000017.11:43104165:G:A,BRCA1,0,0.7905634661679153,1.0,0.8573317717839054,1.0,0.7011891509171694,1.0,0.3416408607275297,0.0,3.0,1110,0.6726813123991299,0.692762023645673,25,25,1,Mixed votes,current_missense_f4
NC_000017.11:43104240:C:A,BRCA1,0,0.0021418921648009,0.0,0.0002693756672165,0.0,0.0214197251321808,0.0,0.0076024420949036,0.0,0.0,0000,0.0078583587647754,0.0049174221404705,24,25,1,Unanimous B/LB-directed,current_missense_f4
NC_000017.11:43106492:A:C,BRCA1,0,0.001436994205799,0.0,0.0022624159534293,0.0,0.0171461278935453,0.0,0.0076024420949036,0.0,0.0,0000,0.0071119950369193,0.0044041293887229,25,25,1,Unanimous B/LB-directed,current_missense_f4
NC_000017.11:43124035:T:G,BRCA1,0,0.0696958514185945,0.0,0.1582696766543985,0.0,0.0512096799949431,0.0,0.0140177868208365,0.0,0.0,0000,0.0732982487221931,0.0586812500156754,24,25,1,Unanimous B/LB-directed,current_missense_f4
NC_000017.11:58695058:G:C,RAD51C,0,0.0108893618786967,0.0,0.0448790664965173,0.0,0.0233648023662855,0.0,0.0152521460560313,0.0,0.0,0000,0.0235963441993827,0.0166058036082156,25,25,1,Unanimous B/LB-directed,current_missense_f4
NC_000017.11:61683978:G:A,BRIP1,0,0.0059699751989065,0.0,0.0004362285576147,0.0,0.0005809125970109,0.0,0.0076024420949036,0.0,0.0,0000,0.0036473896121089,0.002107339895683,24,25,1,Unanimous B/LB-directed,current_missense_f4
NC_000017.11:61685985:A:G,BRIP1,0,0.0020015938223817,0.0,6.494146035638199e-06,0.0,0.0003215698494611,0.0,0.0076024420949036,0.0,0.0,0000,0.0024830249781955,0.0013788997479894,22,25,1,Unanimous B/LB-directed,current_missense_f4
NC_000017.11:61686066:G:T,BRIP1,0,0.0317845015231792,0.0,0.0004898647687281,0.0,0.0019894797836502,0.0,0.0076024420949036,0.0,0.0,0000,0.0104665720426153,0.0067500819607605,24,25,1,Unanimous B/LB-directed,current_missense_f4
NC_000017.11:61716033:G:C,BRIP1,0,0.0159201093631159,0.0,0.0008340101376994,0.0,0.0127063081236066,0.0,0.0076024420949036,0.0,0.0,0000,0.0092657174298314,0.0058993025960366,25,25,1,Unanimous B/LB-directed,current_missense_f4
NC_000017.11:61849169:C:T,BRIP1,0,0.0102808524305567,0.0,0.0021183216626518,0.0,0.0046718029269511,0.0,0.0188555840021192,0.0,0.0,0000,0.0089816402555697,0.0056997262969369,25,25,1,Unanimous B/LB-directed,current_missense_f4
NC_000019.10:1223063:A:G,STK11,0,0.0030933943461931,0.0,0.0023348758256915,0.0,0.0185782253854554,0.0,0.0076486425307969,0.0,0.0,0000,0.0079137845220342,0.0049557549779727,25,25,1,Unanimous B/LB-directed,current_missense_f4
NC_000002.12:214780616:A:T,BARD1,0,0.0413725508703622,0.0,0.0050982586440842,0.0,0.0013363188277262,0.0,0.0076024420949036,0.0,0.0,0000,0.013852392609269,0.0092035569829999,24,25,1,Unanimous B/LB-directed,current_missense_f4
NC_000022.11:28711910:C:T,CHEK2,0,0.122719768270016,0.0,0.0020708282147739,0.0,0.0107971170978547,0.0,0.0200036149584491,0.0,0.0,0000,0.0388978321352734,0.0289375101701737,24,25,1,Unanimous B/LB-directed,current_missense_f4
NC_000022.11:28719434:C:A,CHEK2,0,0.0411593312498831,0.0,0.0081977306594392,0.0,0.024326289319563,0.0,0.0168720447713641,0.0,0.0,0000,0.0226388490000623,0.0158599909197433,24,25,1,Unanimous B/LB-directed,current_missense_f4
NC_000008.11:89946195:G:C,NBN,0,0.0217666850989898,0.0,5.923391698467289e-05,0.0,0.0010706267525451,0.0,0.0076024420949036,0.0,0.0,0000,0.0076247469658558,0.0047561753102609,24,25,1,Unanimous B/LB-directed,current_missense_f4
NC_000008.11:89953429:C:G,NBN,0,0.0285989754480622,0.0,0.0002274617189545,0.0,0.0010706267525451,0.0,0.0076024420949036,0.0,0.0,0000,0.0093748765036163,0.005976168628507,24,25,1,Unanimous B/LB-directed,current_missense_f4
NC_000008.11:89971254:C:T,NBN,0,0.0062645944160992,0.0,0.0017099159401706,0.0,0.0017274787692751,0.0,0.0076024420949036,0.0,0.0,0000,0.0043261078051121,0.0025439707398368,24,25,1,Unanimous B/LB-directed,current_missense_f4
NC_000009.12:95107246:C:T,FANCC,0,0.0268389773702096,0.0,0.0006301061729803,0.0,0.000867448523136,0.0,0.0076024420949036,0.0,0.0,0000,0.0089847435403074,0.0057019028448472,25,25,1,Unanimous B/LB-directed,current_missense_f4
NC_000009.12:95114707:T:C,FANCC,0,0.036517018178017,0.0,0.0002563321992234,0.0,0.0005809125970109,0.0,0.0076024420949036,0.0,0.0,0000,0.0112391762672887,0.0073031761066954,25,25,1,Unanimous B/LB-directed,current_missense_f4
NC_000009.12:95249274:A:G,FANCC,0,0.0177064086807734,0.0,0.0006804372379079,0.0,0.0001691551906164,0.0,0.0076024420949036,0.0,0.0,0000,0.0065396108010503,0.0040143420287667,24,25,1,Unanimous B/LB-directed,current_missense_f4
NC_000010.11:87925556:T:C,PTEN,1,0.992666361791926,1.0,0.9945975370082027,1.0,0.9999999912174864,1.0,0.9976277563824456,1.0,4.0,1111,0.9962229116000152,0.9983437060699614,24,25,1,Unanimous LP/P-directed,current_missense_f5
NC_000010.11:87933126:A:G,PTEN,1,0.9920350941425372,1.0,0.9956782739856408,1.0,0.9999999912174864,1.0,0.997175586657602,1.0,4.0,1111,0.9962222365008164,0.9983433682589768,25,25,1,Unanimous LP/P-directed,current_missense_f5
NC_000010.11:87933128:T:C,PTEN,1,0.9909398630409556,1.0,0.9956984135480192,1.0,0.9999999912174864,1.0,0.9960428271553388,1.0,4.0,1111,0.99567027374045,0.9980643938200128,25,25,1,Unanimous LP/P-directed,current_missense_f5
NC_000010.11:87952134:T:A,PTEN,1,0.9928142858727932,1.0,0.9925609777547604,1.0,0.9999999912174864,1.0,0.9978563215010936,1.0,4.0,1111,0.9958078940865333,0.9981344551464242,25,25,1,Unanimous LP/P-directed,current_missense_f5
NC_000010.11:87957939:T:C,PTEN,1,0.99285314486039,1.0,0.920749685873696,1.0,0.9998463030207152,1.0,0.9957199831866476,1.0,4.0,1111,0.9772922792353622,0.9870954071619218,25,25,1,Unanimous LP/P-directed,current_missense_f5
NC_000011.10:108244999:C:T,ATM,1,0.9774068402225012,1.0,0.9512098738239352,1.0,0.945916972890623,1.0,0.9404781376261986,1.0,4.0,1111,0.9537529561408143,0.9706734249455222,25,25,1,Unanimous LP/P-directed,current_missense_f5
NC_000011.10:108272590:T:C,ATM,1,0.997634458037948,1.0,0.9421601107277472,1.0,0.9999999912174864,1.0,0.9948367399502308,1.0,4.0,1111,0.9836578249833532,0.9911561272593308,25,25,1,Unanimous LP/P-directed,current_missense_f5
NC_000011.10:108315910:G:A,ATM,1,0.9543924505022612,1.0,0.9983937696997478,1.0,0.9302124114503542,1.0,0.9839861389511304,1.0,4.0,1111,0.9667461926508734,0.9799734831674688,24,25,1,Unanimous LP/P-directed,current_missense_f5
NC_000011.10:108365359:G:A,ATM,1,0.8523046212624298,1.0,0.9306958479346606,1.0,0.8146259092949142,1.0,0.8563130498126255,1.0,4.0,1111,0.8634848570761575,0.8960180824143549,25,25,1,Unanimous LP/P-directed,current_missense_f5
NC_000013.11:32362594:G:C,BRCA2,1,0.9967996462684529,1.0,0.9709212395758172,1.0,0.9996118759530036,1.0,0.9934371618176262,1.0,4.0,1111,0.9901924809037248,0.9950730199364974,22,25,1,Unanimous LP/P-directed,current_missense_f5
NC_000013.11:32363389:G:C,BRCA2,1,0.9937244110236922,1.0,0.923839734399554,1.0,0.9853980805404794,1.0,0.9816474343227816,1.0,4.0,1111,0.9711524150716268,0.9830017389967538,22,25,1,Unanimous LP/P-directed,current_missense_f5
NC_000016.10:68822189:C:T,CDH1,1,0.9443641371787528,1.0,0.9784980117745036,1.0,0.8877572667222564,1.0,0.9429475952930076,1.0,4.0,1111,0.93839175274213,0.959083296206158,25,25,1,Unanimous LP/P-directed,current_missense_f5
NC_000016.10:89739478:T:C,FANCA,1,0.9488596030166944,1.0,0.8925819492272811,1.0,0.8141561575536175,1.0,0.9386977869590252,1.0,4.0,1111,0.8985738741891545,0.9267226748649314,24,25,1,Unanimous LP/P-directed,current_missense_f5
NC_000017.11:7670683:C:G,TP53,1,0.9766363388681412,1.0,0.9919708625938694,1.0,0.9871753871202928,1.0,0.9938308443091276,1.0,4.0,1111,0.9874033582228576,0.9934380987231288,25,25,1,Unanimous LP/P-directed,current_missense_f5
NC_000017.11:7670698:C:A,TP53,1,0.9749907121681988,1.0,0.9394923904894008,1.0,0.9457116695760468,1.0,0.8621252609712997,1.0,4.0,1111,0.9305800083012364,0.9529785176835373,25,25,1,Unanimous LP/P-directed,current_missense_f5
NC_000017.11:7673763:C:T,TP53,1,0.9990611897491511,1.0,0.9817069004326976,1.0,0.9999999912174864,1.0,0.9961206947847564,1.0,4.0,1111,0.9942221940460227,0.9973091725589176,25,25,1,Unanimous LP/P-directed,current_missense_f5
NC_000017.11:7673780:C:G,TP53,1,0.9943952374164508,1.0,0.9981096114615208,1.0,0.9999999912174864,1.0,0.9976898870951943,1.0,4.0,1111,0.9975486817976632,0.9989884976599458,25,25,1,Unanimous LP/P-directed,current_missense_f5
NC_000017.11:7674215:C:A,TP53,1,0.9865891947397978,1.0,0.9943759013870532,1.0,0.9993022847350772,1.0,0.9974720482634932,1.0,4.0,1111,0.9944348572813554,0.9974219927162656,25,25,1,Unanimous LP/P-directed,current_missense_f5
NC_000017.11:7674226:T:C,TP53,1,0.9968812722855732,1.0,0.9865799858501632,1.0,0.999675342227325,1.0,0.9908102914555056,1.0,4.0,1111,0.9934867229546418,0.9969144524267756,25,25,1,Unanimous LP/P-directed,current_missense_f5
NC_000017.11:7674229:C:A,TP53,1,0.9948478725507308,1.0,0.9917857439165226,1.0,0.9999999912174864,1.0,0.9976698563255224,1.0,4.0,1111,0.9960758660025656,0.9982699246499078,25,25,1,Unanimous LP/P-directed,current_missense_f5
NC_000017.11:7674249:C:T,TP53,1,0.9886897646109614,1.0,0.9977053258724728,1.0,0.9999999912174864,1.0,0.9976258136300492,1.0,4.0,1111,0.9960052238327424,0.9982343374341224,25,25,1,Unanimous LP/P-directed,current_missense_f5
NC_000017.11:7674250:A:C,TP53,1,0.9927660701194068,1.0,0.9977651867455178,1.0,0.9999999912174864,1.0,0.9969548294367347,1.0,4.0,1111,0.9968715193797864,0.9986640661607924,25,25,1,Unanimous LP/P-directed,current_missense_f5
NC_000017.11:7674871:T:G,TP53,1,0.9980646226260568,1.0,0.9856288434048834,1.0,0.9999999912174864,1.0,0.9973691251802232,1.0,4.0,1111,0.9952656456071624,0.9978565753345844,25,25,1,Unanimous LP/P-directed,current_missense_f5
NC_000017.11:7674952:T:C,TP53,1,0.9967739987007148,1.0,0.996148015591843,1.0,0.9999999912174864,1.0,0.9976657279396404,1.0,4.0,1111,0.9976469333624212,0.9990345955930158,25,25,1,Unanimous LP/P-directed,current_missense_f5
NC_000017.11:7674953:G:A,TP53,1,0.994851302963679,1.0,0.9899479778654952,1.0,0.9999999912174864,1.0,0.9973691251802232,1.0,4.0,1111,0.9955420993067208,0.9979988529618964,25,25,1,Unanimous LP/P-directed,current_missense_f5
NC_000017.11:7675121:T:C,TP53,1,0.99609527267783,1.0,0.9742478435563584,1.0,0.9995857042629008,1.0,0.990406070716746,1.0,4.0,1111,0.9900837228034588,0.995010449119106,24,25,1,Unanimous LP/P-directed,current_missense_f5
NC_000017.11:7675138:C:G,TP53,1,0.9960613358233136,1.0,0.9938430287906792,1.0,0.9999999912174864,1.0,0.9977165200575564,1.0,4.0,1111,0.9969052189722588,0.9986804690036934,25,25,1,Unanimous LP/P-directed,current_missense_f5
NC_000017.11:7675213:A:G,TP53,1,0.8725589366771748,1.0,0.9816033453670684,1.0,0.986812046607342,1.0,0.990955167265084,1.0,4.0,1111,0.9579823739791672,0.9737564742591024,25,25,1,Unanimous LP/P-directed,current_missense_f5
NC_000017.11:7675220:T:A,TP53,1,0.985626374314191,1.0,0.909624436637082,1.0,0.9725711449170048,1.0,0.977293544455092,1.0,4.0,1111,0.9612788750808424,0.976123327059464,25,25,1,Unanimous LP/P-directed,current_missense_f5
NC_000017.11:7675231:G:A,TP53,1,0.996987519934332,1.0,0.9894897982974052,1.0,0.9999999912174864,1.0,0.9976679831244888,1.0,4.0,1111,0.996036323143428,0.998250015447654,25,25,1,Unanimous LP/P-directed,current_missense_f5
NC_000017.11:43063371:C:A,BRCA1,1,0.9971979705369952,1.0,0.9812428983437604,1.0,0.9999999912174864,1.0,0.9978764576998208,1.0,4.0,1111,0.9940793294495156,0.9972330413036758,24,25,1,Unanimous LP/P-directed,current_missense_f5
NC_000017.11:43063902:G:T,BRCA1,1,0.9959818537785136,1.0,0.9910723019720348,1.0,0.9998953310179126,1.0,0.9955299137789684,1.0,4.0,1111,0.9956198501368574,0.99803864294723,25,25,1,Unanimous LP/P-directed,current_missense_f5
NC_000017.11:43067615:A:C,BRCA1,1,0.9977026596786556,1.0,0.9941127262549198,1.0,0.9979783768050876,1.0,0.9965989739437626,1.0,4.0,1111,0.9965981841706064,0.9985301129085066,25,25,1,Unanimous LP/P-directed,current_missense_f5
NC_000017.11:43067623:A:T,BRCA1,1,0.993533522164827,1.0,0.978693438083627,1.0,0.988884114231051,1.0,0.9876139539853324,1.0,4.0,1111,0.9871812571162092,0.9933053766765624,25,25,1,Unanimous LP/P-directed,current_missense_f5
NC_000017.11:43071045:G:C,BRCA1,1,0.7064146856285193,1.0,0.9983641813928412,1.0,0.7763775751561846,1.0,0.8599078082451438,1.0,4.0,1111,0.8352660626056723,0.8701130867710621,25,25,1,Unanimous LP/P-directed,current_missense_f5
NC_000017.11:43106476:C:T,BRCA1,1,0.9965922085878044,1.0,0.9925867272513718,1.0,0.9999999912174864,1.0,0.9976859536097648,1.0,4.0,1111,0.9967162201666068,0.9985881544790456,25,25,1,Unanimous LP/P-directed,current_missense_f5
NC_000017.11:43106477:A:C,BRCA1,1,0.9864312115768632,1.0,0.9998468280675228,1.0,0.9999999912174864,1.0,0.9970868299982564,1.0,4.0,1111,0.995841215215032,0.9981513694961972,25,25,1,Unanimous LP/P-directed,current_missense_f5
NC_000017.11:58696701:G:C,RAD51C,1,0.8361754447951633,1.0,0.7066451697467789,1.0,0.5342940532945796,1.0,0.2506506764192921,0.0,3.0,1110,0.5819413360639534,0.6058825595042485,25,25,1,Mixed votes,current_missense_f5
NC_000019.10:1220487:G:T,STK11,1,0.9840440102593044,1.0,0.9868802833832034,1.0,0.9999999912174864,1.0,0.9969987280023248,1.0,4.0,1111,0.9919807532155795,0.996086350620889,25,25,1,Unanimous LP/P-directed,current_missense_f5
NC_000019.10:1220699:G:C,STK11,1,0.9791274782523912,1.0,0.994254614120485,1.0,0.9999999912174864,1.0,0.994062101646156,1.0,4.0,1111,0.9918610463091296,0.996019480464188,25,25,1,Unanimous LP/P-directed,current_missense_f5
NC_000022.11:28695799:T:G,CHEK2,1,0.9904004294973848,1.0,0.9564041334443708,1.0,0.999624797252653,1.0,0.9927448230943684,1.0,4.0,1111,0.9847935458221942,0.9918574698428618,24,25,1,Unanimous LP/P-directed,current_missense_f5
NC_000010.11:87864503:A:C,PTEN,1,0.9780943004989804,1.0,0.9402174372337508,1.0,0.8614640011455289,1.0,0.9271906073102472,1.0,4.0,1111,0.9267415865471268,0.9499316193812828,25,25,1,Unanimous LP/P-directed,current_missense_f5
NC_000010.11:87864545:C:A,PTEN,1,0.9962676451467112,1.0,0.9841661347196125,1.0,0.995718296032312,1.0,0.9911258297679602,1.0,4.0,1111,0.991819476416649,0.9959962249066854,25,25,1,Unanimous LP/P-directed,current_missense_f5
NC_000010.11:87894024:A:G,PTEN,1,0.994366539668895,1.0,0.983270377823659,1.0,0.9997357983895764,1.0,0.9963963219507476,1.0,4.0,1111,0.9934422594582196,0.9968903730999368,24,25,1,Unanimous LP/P-directed,current_missense_f5
NC_000010.11:87894047:A:G,PTEN,1,0.9989609136687287,1.0,0.9994419756467706,1.0,0.9994486709553904,1.0,0.9963668664481654,1.0,4.0,1111,0.9985546066797638,0.9994460869894984,25,25,1,Unanimous LP/P-directed,current_missense_f5
NC_000010.11:87894051:G:A,PTEN,1,0.9932330646594304,1.0,0.9975348224923384,1.0,0.9999999912174864,1.0,0.9976902033785424,1.0,4.0,1111,0.9971145204369494,0.9987817658419812,25,25,1,Unanimous LP/P-directed,current_missense_f5
NC_000010.11:87894057:C:T,PTEN,1,0.9891888054374304,1.0,0.9998559025981828,1.0,0.9999999912174864,1.0,0.9967608979287618,1.0,4.0,1111,0.9964513992954652,0.9984575339277504,25,25,1,Unanimous LP/P-directed,current_missense_f5
NC_000010.11:87925545:G:T,PTEN,1,0.9959150138480196,1.0,0.9904722503887076,1.0,0.9999999912174864,1.0,0.9971461136933726,1.0,4.0,1111,0.9958833422868963,0.9981727260755912,25,25,1,Unanimous LP/P-directed,current_missense_f5
NC_000010.11:87925550:A:G,PTEN,1,0.9914039813594006,1.0,0.9937230977734206,1.0,0.9999999912174864,1.0,0.9976695779391624,1.0,4.0,1111,0.9956991620723674,0.9980791274735962,25,25,1,Unanimous LP/P-directed,current_missense_f5
NC_000010.11:87931047:G:A,PTEN,1,0.9809191219683512,1.0,0.9917708917817928,1.0,0.9999999912174864,1.0,0.9972342665346472,1.0,4.0,1111,0.9924810678755692,0.9963642271896168,25,25,1,Unanimous LP/P-directed,current_missense_f5
NC_000010.11:87933027:T:C,PTEN,1,0.99471748800534,1.0,0.9928465908042652,1.0,0.9999999912174864,1.0,0.9977454261738656,1.0,4.0,1111,0.9963273740502392,0.9983958729148306,25,25,1,Unanimous LP/P-directed,current_missense_f5
NC_000010.11:87933033:A:C,PTEN,1,0.9962272555421534,1.0,0.9971148237122496,1.0,0.9999999912174864,1.0,0.9976459117345028,1.0,4.0,1111,0.997746995551598,0.9990812637797476,25,25,1,Unanimous LP/P-directed,current_missense_f5
NC_000010.11:87933035:C:T,PTEN,1,0.9967267923277888,1.0,0.9944956502947152,1.0,0.9999999912174864,1.0,0.9976427791528208,1.0,4.0,1111,0.9972163032482028,0.9988306546067456,25,25,1,Unanimous LP/P-directed,current_missense_f5
NC_000010.11:87933080:C:T,PTEN,1,0.99130087905911,1.0,0.9808327884414204,1.0,0.9875683906064184,1.0,0.9904145014374016,1.0,4.0,1111,0.9875291398860876,0.9935131066687168,25,25,1,Unanimous LP/P-directed,current_missense_f5
NC_000010.11:87933113:G:C,PTEN,1,0.995393716974371,1.0,0.9868247700411578,1.0,0.9999999912174864,1.0,0.9957261623061342,1.0,4.0,1111,0.9944861601347872,0.9974491169956242,25,25,1,Unanimous LP/P-directed,current_missense_f5
NC_000010.11:87933119:G:C,PTEN,1,0.9952110099037698,1.0,0.9880678909911104,1.0,0.9999999912174864,1.0,0.9972459324608104,1.0,4.0,1111,0.995131206143294,0.9977869479685352,25,25,1,Unanimous LP/P-directed,current_missense_f5
NC_000010.11:87933125:C:G,PTEN,1,0.9917149315409838,1.0,0.9953569123149468,1.0,0.9999999912174864,1.0,0.997676653714378,1.0,4.0,1111,0.9961871221969488,0.998325785640141,25,25,1,Unanimous LP/P-directed,current_missense_f5
NC_000010.11:87933128:T:A,PTEN,1,0.9922162573186512,1.0,0.993061254744393,1.0,0.9999999912174864,1.0,0.997425161669152,1.0,4.0,1111,0.9956756662374208,0.9980671451802848,25,25,1,Unanimous LP/P-directed,current_missense_f5
NC_000010.11:87933129:G:A,PTEN,1,0.984711996375489,1.0,0.994822675548658,1.0,0.9999999912174864,1.0,0.9962036190237844,1.0,4.0,1111,0.9939345705413544,0.9971556282956316,25,25,1,Unanimous LP/P-directed,current_missense_f5
NC_000010.11:87933135:C:A,PTEN,1,0.9959056439364624,1.0,0.9935812088240132,1.0,0.9999999912174864,1.0,0.9976704290108211,1.0,4.0,1111,0.996789318247196,0.9986239507017336,25,25,1,Unanimous LP/P-directed,current_missense_f5
NC_000010.11:87933140:A:G,PTEN,1,0.9946454794402572,1.0,0.9910716642158994,1.0,0.9999999912174864,1.0,0.9977454261738656,1.0,4.0,1111,0.9958656402618772,0.9981637557224464,25,25,1,Unanimous LP/P-directed,current_missense_f5
NC_000010.11:87933144:GA:TT,PTEN,1,,,,,,,,,,,,,1,25,0,,current_missense_f5
NC_000010.11:87933159:T:C,PTEN,1,0.9963322293668072,1.0,0.9906955367643384,1.0,0.9999999912174864,1.0,0.996677868389058,1.0,4.0,1111,0.9959264064344224,0.998194525355129,25,25,1,Unanimous LP/P-directed,current_missense_f5
NC_000010.11:87933165:G:T,PTEN,1,0.9869908149864236,1.0,0.9935548130907584,1.0,0.9999999912174864,1.0,0.9972342665346472,1.0,4.0,1111,0.9944449714573288,0.9974273430465938,25,25,1,Unanimous LP/P-directed,current_missense_f5
NC_000010.11:87933180:A:T,PTEN,1,0.9930943254614176,1.0,0.993505918165205,1.0,0.9999999912174864,1.0,0.9971953852515338,1.0,4.0,1111,0.9959489050239106,0.9982059011457376,25,25,1,Unanimous LP/P-directed,current_missense_f5
NC_000010.11:87933219:T:G,PTEN,1,0.9833629476154536,1.0,0.9336079985430228,1.0,0.9994056859793056,1.0,0.9949985264851512,1.0,4.0,1111,0.9778437896557332,0.9874551691328428,25,25,1,Unanimous LP/P-directed,current_missense_f5
NC_000010.11:87933222:A:G,PTEN,1,0.9939715240987504,1.0,0.9952793559001528,1.0,0.9999999912174864,1.0,0.9975943216036264,1.0,4.0,1111,0.996711298205004,0.9985857400779758,25,25,1,Unanimous LP/P-directed,current_missense_f5
NC_000010.11:87933234:G:A,PTEN,1,0.9956658665248014,1.0,0.995598901239509,1.0,0.9999999912174864,1.0,0.9971988435865714,1.0,4.0,1111,0.997115900642092,0.9987824304476208,25,25,1,Unanimous LP/P-directed,current_missense_f5
NC_000010.11:87952132:A:C,PTEN,1,0.9917755946894103,1.0,0.9913292745017764,1.0,0.9999999912174864,1.0,0.9977043562214172,1.0,4.0,1111,0.9952023041575224,0.9978238052309036,25,25,1,Unanimous LP/P-directed,current_missense_f5
NC_000010.11:87952134:T:G,PTEN,1,0.9931042215021608,1.0,0.9927013552714196,1.0,0.9999999912174864,1.0,0.9978563215010936,1.0,4.0,1111,0.99591547237304,0.9981889935943308,25,25,1,Unanimous LP/P-directed,current_missense_f5
NC_000010.11:87952142:G:A,PTEN,1,0.990975790786324,1.0,0.9948827560045173,1.0,0.9999999912174864,1.0,0.9968014790625588,1.0,4.0,1111,0.9956650042677214,0.9980617047539684,25,25,1,Unanimous LP/P-directed,current_missense_f5
NC_000010.11:87952145:A:G,PTEN,1,0.9859855934712286,1.0,0.9912733629276888,1.0,0.9999999912174864,1.0,0.9976175479541278,1.0,4.0,1111,0.9937191238926328,0.9970399173633656,25,25,1,Unanimous LP/P-directed,current_missense_f5
NC_000010.11:87952147:G:A,PTEN,1,0.9892331685885144,1.0,0.9914726343644338,1.0,0.999675342227325,1.0,0.994316627402556,1.0,4.0,1111,0.9936744431457072,0.9970158474873386,25,25,1,Unanimous LP/P-directed,current_missense_f5
NC_000010.11:87952229:C:T,PTEN,1,0.9848584016789336,1.0,0.9445052767167772,1.0,0.98502089307977,1.0,0.9928710651984858,1.0,4.0,1111,0.9768139091684918,0.986782232958448,25,25,1,Unanimous LP/P-directed,current_missense_f5
NC_000010.11:87952257:C:G,PTEN,1,0.9687980595289842,1.0,0.9669008582606528,1.0,0.9998953310179126,1.0,0.9935862382217296,1.0,4.0,1111,0.9822951217573198,0.9903047019182076,25,25,1,Unanimous LP/P-directed,current_missense_f5
NC_000010.11:87957978:A:C,PTEN,1,0.996221515376674,1.0,0.9855672759274364,1.0,0.9999999912174864,1.0,0.9970143262508366,1.0,4.0,1111,0.9947007771931085,0.9975621880813008,25,25,1,Unanimous LP/P-directed,current_missense_f5
NC_000010.11:87957981:T:A,PTEN,1,0.9944108558369412,1.0,0.9801054147671588,1.0,0.9999999912174864,1.0,0.9973368644888948,1.0,4.0,1111,0.9929632815776204,0.996629498897158,25,25,1,Unanimous LP/P-directed,current_missense_f5
NC_000010.11:87957981:T:G,PTEN,1,0.9930656987687868,1.0,0.9700719418694412,1.0,0.9999999912174864,1.0,0.9973368644888948,1.0,4.0,1111,0.9901186240861524,0.9950305397240043,25,25,1,Unanimous LP/P-directed,current_missense_f5
NC_000011.10:108227695:G:C,ATM,1,0.9668672303843806,1.0,0.9986369941757118,1.0,0.8491073640634184,1.0,0.959579533738429,1.0,4.0,1111,0.943547780590485,0.9630378990016082,25,25,1,Unanimous LP/P-directed,current_missense_f5
NC_000011.10:108229323:G:T,ATM,1,,,,,,,,,,,,,2,25,0,,current_missense_f5
NC_000011.10:108317376:T:C,ATM,1,0.9804546322774168,1.0,0.9853345121587264,1.0,0.968692765266391,1.0,0.9770526266571778,1.0,4.0,1111,0.977883634089928,0.9874811061488572,25,25,1,Unanimous LP/P-directed,current_missense_f5
NC_000011.10:108327757:G:C,ATM,1,0.9191207417761376,1.0,0.9579149964201982,1.0,0.8713163249776035,1.0,0.921219927904023,1.0,4.0,1111,0.9173929977694906,0.94238875568268,25,25,1,Unanimous LP/P-directed,current_missense_f5
NC_000011.10:108329111:C:T,ATM,1,0.3957183328854146,1.0,0.4891291380316973,0.0,0.5563014560551159,1.0,0.4262044111784651,1.0,3.0,1011,0.4668383345376732,0.475560248042623,25,25,1,Mixed votes,current_missense_f5
NC_000011.10:108332898:A:T,ATM,1,0.9906114767590076,1.0,0.9985198825346068,1.0,0.9406549296804132,1.0,0.9715946131261306,1.0,4.0,1111,0.9753452255250395,0.9858143823327572,24,25,1,Unanimous LP/P-directed,current_missense_f5
NC_000011.10:108333942:T:A,ATM,1,0.9986042074407068,1.0,0.972450828679194,1.0,0.9998463030207152,1.0,0.9973277615789484,1.0,4.0,1111,0.9920572751798912,0.9961290203187336,25,25,1,Unanimous LP/P-directed,current_missense_f5
NC_000011.10:108333954:C:A,ATM,1,0.9959093116249428,1.0,0.979772528998873,1.0,0.9978985744269708,1.0,0.9870339168369522,1.0,4.0,1111,0.9901535829719348,0.9950506529208272,25,25,1,Unanimous LP/P-directed,current_missense_f5
NC_000011.10:108335081:T:A,ATM,1,0.9791210038291416,1.0,0.9553028475625804,1.0,0.988757621103559,1.0,0.9765176017169904,1.0,4.0,1111,0.9749247685530678,0.9855355837491132,25,25,1,Unanimous LP/P-directed,current_missense_f5
NC_000011.10:108335104:T:C,ATM,1,0.9906416760194052,1.0,0.9639764626752456,1.0,0.9966342743113884,1.0,0.9935044738114598,1.0,4.0,1111,0.9861892217043748,0.9927083805093144,24,25,1,Unanimous LP/P-directed,current_missense_f5
NC_000011.10:108345869:G:C,ATM,1,0.9935834142477936,1.0,0.9914947096676748,1.0,0.9999999912174864,1.0,0.9973604956664416,1.0,4.0,1111,0.995609652699849,0.9980334300174234,25,25,1,Unanimous LP/P-directed,current_missense_f5
NC_000013.11:32326281:G:T,BRCA2,1,0.973103440129431,1.0,0.986401472441796,1.0,0.9829505470832284,1.0,0.9602649859362502,1.0,4.0,1111,0.9756801113976764,0.986035898300574,22,25,1,Unanimous LP/P-directed,current_missense_f5
NC_000013.11:32341017:C:G,BRCA2,1,0.0114770325290255,0.0,0.0137508895224442,0.0,0.0004149634982236,0.0,0.0157621587648853,0.0,0.0,0000,0.0103512610786446,0.0058283720518148,22,25,1,Unanimous B/LB-directed,current_missense_f5
NC_000013.11:32362594:G:T,BRCA2,1,0.996619431091518,1.0,0.9701676367362952,1.0,0.9996118759530036,1.0,0.9935822569783308,1.0,4.0,1111,0.989995300189787,0.9949595024667528,22,25,1,Unanimous LP/P-directed,current_missense_f5
NC_000013.11:32362674:T:C,BRCA2,1,0.996990842034762,1.0,0.9672372778572944,1.0,0.9999999912174864,1.0,0.9963449741508522,1.0,4.0,1111,0.9901432713150986,0.9950447213278968,22,25,1,Unanimous LP/P-directed,current_missense_f5
NC_000013.11:32363179:T:G,BRCA2,1,0.9982429368430572,1.0,0.9632835150312156,1.0,0.9999999912174864,1.0,0.9953020129722014,1.0,4.0,1111,0.9892071140159902,0.9945024642823574,22,25,1,Unanimous LP/P-directed,current_missense_f5
NC_000013.11:32363368:G:C,BRCA2,1,0.9978830716961592,1.0,0.9688921171975012,1.0,0.9999999912174864,1.0,0.9971914858220536,1.0,4.0,1111,0.9909916664833002,0.9955295885378068,22,25,1,Unanimous LP/P-directed,current_missense_f5
NC_000013.11:32363369:A:T,BRCA2,1,0.9977711215080158,1.0,0.954699273821418,1.0,0.9994486709553904,1.0,0.9967776926477128,1.0,4.0,1111,0.9871741897331344,0.9933011476529804,22,25,1,Unanimous LP/P-directed,current_missense_f5
NC_000013.11:32363371:G:T,BRCA2,1,0.9934921890825696,1.0,0.9242020465112628,1.0,0.9920810014276918,1.0,0.9726263308926578,1.0,4.0,1111,0.9706003919785456,0.9826262589060308,22,25,1,Unanimous LP/P-directed,current_missense_f5
NC_000013.11:32363378:A:G,BRCA2,1,0.995769205606142,1.0,0.9108699843908968,1.0,0.9989685697377072,1.0,0.992048439208604,1.0,4.0,1111,0.9744140497358376,0.9851959280558934,22,25,1,Unanimous LP/P-directed,current_missense_f5
NC_000013.11:32370555:A:G,BRCA2,1,0.8200176933760561,1.0,0.9355610775179952,1.0,0.6787013918549604,1.0,0.7795873732509572,1.0,4.0,1111,0.8034668839999921,0.8398064213211411,22,25,1,Unanimous LP/P-directed,current_missense_f5
NC_000013.11:32379877:G:C,BRCA2,1,0.0792999706020197,0.0,0.1165029826121095,0.0,0.0463381883516215,0.0,0.0192645619589573,0.0,0.0,0000,0.065351425881177,0.0485277440797758,22,25,1,Unanimous B/LB-directed,current_missense_f5
NC_000013.11:32380042:C:T,BRCA2,1,0.9972970007775004,1.0,0.9808273641532222,1.0,0.9925080177639836,1.0,0.9910858917713212,1.0,4.0,1111,0.9904295686165068,0.9952090633233508,22,25,1,Unanimous LP/P-directed,current_missense_f5
NC_000013.11:32380115:G:T,BRCA2,1,0.989130390805666,1.0,0.8989618206041231,1.0,0.9914722322732106,1.0,0.987828218027032,1.0,4.0,1111,0.966848165427508,0.9800443490085732,22,25,1,Unanimous LP/P-directed,current_missense_f5
NC_000013.11:32380142:CA:TT,BRCA2,1,,,,,,,,,,,,,0,25,0,,current_missense_f5
NC_000013.11:32394716:C:A,BRCA2,1,0.9756371526736336,1.0,0.9375598583678908,1.0,0.9794179445945904,1.0,0.9750541518056248,1.0,4.0,1111,0.9669172768604348,0.9800923574662114,22,25,1,Unanimous LP/P-directed,current_missense_f5
NC_000015.10:90794309:T:C,BLM,1,0.985628394192602,1.0,0.9819571625691816,1.0,0.999624797252653,1.0,0.9925636857350246,1.0,4.0,1111,0.9899435099373652,0.9949296312218052,25,25,1,Unanimous LP/P-directed,current_missense_f5
NC_000016.10:68819416:C:G,CDH1,1,0.0383155255380315,0.0,0.6217550614944288,0.0,0.0515507219760123,0.0,0.26349501567923,0.0,0.0,0000,0.2437790811719257,0.2251981237786134,24,25,1,Unanimous B/LB-directed,current_missense_f5
NC_000016.10:68819424:G:A,CDH1,1,0.6443549020912277,1.0,0.7672246505846594,1.0,0.5222208886927573,1.0,0.5873441716102881,1.0,4.0,1111,0.630286153244733,0.6594493605770231,23,25,1,Unanimous LP/P-directed,current_missense_f5
NC_000016.10:89738883:C:A,FANCA,1,,,,,,,,,,,,,10,25,0,,current_missense_f5
NC_000016.10:89744973:C:G,FANCA,1,0.1979947891842488,0.0,0.6821360019568466,1.0,0.2206048165412343,0.0,0.7201470314980017,1.0,2.0,0101,0.4552206597950828,0.4623022963781136,25,25,1,Mixed votes,current_missense_f5
NC_000016.10:89746888:C:G,FANCA,1,0.9441290021784456,1.0,0.8196999063118734,1.0,0.8530571859326859,1.0,0.9498518337749314,1.0,4.0,1111,0.8916844820494841,0.9208395273340282,25,25,1,Unanimous LP/P-directed,current_missense_f5
NC_000016.10:89749805:G:C,FANCA,1,0.9985168236937176,1.0,0.9958454868297548,1.0,0.955271710155262,1.0,0.988054241949988,1.0,4.0,1111,0.9844220656571806,0.9916289241538738,25,25,1,Unanimous LP/P-directed,current_missense_f5
NC_000016.10:89762006:A:G,FANCA,1,0.999133654088764,1.0,0.9948051731283534,1.0,0.9998463030207152,1.0,0.9967642170065216,1.0,4.0,1111,0.9976373368110886,0.9990301048742216,25,25,1,Unanimous LP/P-directed,current_missense_f5
NC_000016.10:89767228:G:C,FANCA,1,0.9972496123569412,1.0,0.9931190870375024,1.0,0.7699427052063051,1.0,0.9772411675690656,1.0,4.0,1111,0.9343881430424535,0.9559710312585946,25,25,1,Unanimous LP/P-directed,current_missense_f5
NC_000016.10:89770191:G:A,FANCA,1,0.9989271652886396,1.0,0.9974494413900497,1.0,0.990940504268281,1.0,0.9941979265168338,1.0,4.0,1111,0.995378759365951,0.9979149381785768,25,25,1,Unanimous LP/P-directed,current_missense_f5
NC_000016.10:89778834:C:T,FANCA,1,0.5856720323727655,1.0,0.6824503698772939,1.0,0.6264127934533517,1.0,0.9446161704926348,1.0,4.0,1111,0.7097878415490115,0.744938484012625,25,25,1,Unanimous LP/P-directed,current_missense_f5
NC_000016.10:89791453:C:G,FANCA,1,0.97244534369962,1.0,0.8946704406671921,1.0,0.8005998928112624,1.0,0.951382033060666,1.0,4.0,1111,0.9047744275596852,0.9319516891076168,25,25,1,Unanimous LP/P-directed,current_missense_f5
NC_000016.10:89791457:C:G,FANCA,1,0.999244333734948,1.0,0.9939926076533772,1.0,0.9981160537268297,1.0,0.994253198955254,1.0,4.0,1111,0.996401548517602,0.9984327862593544,25,25,1,Unanimous LP/P-directed,current_missense_f5
NC_000016.10:89791458:G:A,FANCA,1,0.99918411551603,1.0,0.995389994936907,1.0,0.99586302055459,1.0,0.9957360669962746,1.0,4.0,1111,0.9965432995009504,0.998503026013278,25,25,1,Unanimous LP/P-directed,current_missense_f5
NC_000016.10:89791931:A:C,FANCA,1,0.7581016294929442,1.0,0.9632243414127142,1.0,0.8583380181646794,1.0,0.9711372426010974,1.0,4.0,1111,0.8877003079178587,0.9174033296345472,25,25,1,Unanimous LP/P-directed,current_missense_f5
NC_000017.11:7673777:T:G,TP53,1,0.9948256358255738,1.0,0.990807821440308,1.0,0.9999999912174864,1.0,0.9980069557299804,1.0,4.0,1111,0.9959101010533372,0.998186275358348,25,25,1,Unanimous LP/P-directed,current_missense_f5
NC_000017.11:7673787:G:A,TP53,1,0.9959139567231196,1.0,0.9825041463254786,1.0,0.9999999912174864,1.0,0.9976698563255224,1.0,4.0,1111,0.9940219876479016,0.99720240899611,25,25,1,Unanimous LP/P-directed,current_missense_f5
NC_000017.11:7673795:C:A,TP53,1,0.9944746164862368,1.0,0.9952094144376468,1.0,0.9999999912174864,1.0,0.997961690886953,1.0,4.0,1111,0.9969114282570808,0.998683488529268,25,25,1,Unanimous LP/P-directed,current_missense_f5
NC_000017.11:7673801:C:A,TP53,1,0.997800898398742,1.0,0.9933540980189046,1.0,0.9999999912174864,1.0,0.9976127318705128,1.0,4.0,1111,0.9971919298764116,0.99881897024545,25,25,1,Unanimous LP/P-directed,current_missense_f5
NC_000017.11:7673802:G:C,TP53,1,0.9991574187587104,1.0,0.9973698268293454,1.0,0.9999999912174864,1.0,0.9978270934822956,1.0,4.0,1111,0.9985885825719596,0.9994609015297088,25,25,1,Unanimous LP/P-directed,current_missense_f5
NC_000017.11:7673802:G:T,TP53,1,0.9992855213716972,1.0,0.9962225640836913,1.0,0.9999999912174864,1.0,0.9976127318705128,1.0,4.0,1111,0.9982802021358468,0.9993247193987136,25,25,1,Unanimous LP/P-directed,current_missense_f5
NC_000017.11:7673807:T:A,TP53,1,0.9960755957349328,1.0,0.9833148864510506,1.0,0.9999999912174864,1.0,0.9969499987432124,1.0,4.0,1111,0.9940851180366704,0.9972361312146856,25,25,1,Unanimous LP/P-directed,current_missense_f5
NC_000017.11:7673823:C:G,TP53,1,0.9916650116786632,1.0,0.9820540077855248,1.0,0.9999999912174864,1.0,0.994478300463822,1.0,4.0,1111,0.992049327786374,0.9961245915433552,24,25,1,Unanimous LP/P-directed,current_missense_f5
NC_000017.11:7674224:C:G,TP53,1,0.9885629587825396,1.0,0.988782097998526,1.0,0.9956210711794596,1.0,0.9927772006617456,1.0,4.0,1111,0.9914358321555676,0.9957807898624312,25,25,1,Unanimous LP/P-directed,current_missense_f5
NC_000017.11:7674243:C:T,TP53,1,0.9914343734899396,1.0,0.953145362532035,1.0,0.945506109249017,1.0,0.9504452159335092,1.0,4.0,1111,0.9601327653011252,0.9753041517593016,24,25,1,Unanimous LP/P-directed,current_missense_f5
NC_000017.11:7674244:T:C,TP53,1,0.9976267877693974,1.0,0.9705624413168812,1.0,0.997339507409799,1.0,0.991790622426654,1.0,4.0,1111,0.9893298397306828,0.9945739651728712,25,25,1,Unanimous LP/P-directed,current_missense_f5
NC_000017.11:7674267:A:T,TP53,1,0.9941671416569012,1.0,0.9733711248701448,1.0,0.9933418856175412,1.0,0.9791076307159284,1.0,4.0,1111,0.9849969457151287,0.991982247625272,24,25,1,Unanimous LP/P-directed,current_missense_f5
NC_000017.11:7674889:T:C,TP53,1,0.9944981334350238,1.0,0.9603138631656034,1.0,0.9938288826808532,1.0,0.988955922377308,1.0,4.0,1111,0.9843992004146972,0.9916148292972734,25,25,1,Unanimous LP/P-directed,current_missense_f5
NC_000017.11:7674917:A:G,TP53,1,0.9946494598488392,1.0,0.929566588398585,1.0,0.9969923950207564,1.0,0.987643765718686,1.0,4.0,1111,0.9772130522467166,0.987043611285842,24,25,1,Unanimous LP/P-directed,current_missense_f5
NC_000017.11:7675074:A:T,TP53,1,0.9770218548927077,1.0,0.9794262888635556,1.0,0.9983648129265352,1.0,0.9955623927598852,1.0,4.0,1111,0.9875938373606707,0.9935516436874626,25,25,1,Unanimous LP/P-directed,current_missense_f5
NC_000017.11:7675077:G:C,TP53,1,0.9785925839519328,1.0,0.9652368758032068,1.0,0.9578498401277512,1.0,0.9843504192849268,1.0,4.0,1111,0.9715074297919544,0.9832426018146808,25,25,1,Unanimous LP/P-directed,current_missense_f5
NC_000017.11:7675117:T:A,TP53,1,0.0129446876700669,0.0,0.1563672264362564,0.0,0.0700847761361767,0.0,0.0681168510731102,0.0,0.0,0000,0.0768783853289025,0.0585922975407371,24,25,1,Unanimous B/LB-directed,current_missense_f5
NC_000017.11:7675130:C:T,TP53,1,0.9944880577047852,1.0,0.9701432947828444,1.0,0.9841882463495836,1.0,0.9780154748376552,1.0,4.0,1111,0.981708768418717,0.9899351687116172,25,25,1,Unanimous LP/P-directed,current_missense_f5
NC_000017.11:7675138:C:A,TP53,1,0.9964201620680624,1.0,0.9883499824389104,1.0,0.9999999912174864,1.0,0.9974957137235632,1.0,4.0,1111,0.9955664623620056,0.9980113318759688,25,25,1,Unanimous LP/P-directed,current_missense_f5
NC_000017.11:7675144:C:G,TP53,1,0.9721215163807736,1.0,0.9898037389585044,1.0,0.9875683906064184,1.0,0.9914097865905568,1.0,4.0,1111,0.9852258581340632,0.9921223675512544,25,25,1,Unanimous LP/P-directed,current_missense_f5
NC_000017.11:7675159:GG:AA,TP53,1,,,,,,,,,,,,,1,25,0,,current_missense_f5
NC_000017.11:7675188:G:C,TP53,1,0.986204062290998,1.0,0.9800994355737328,1.0,0.9998953310179126,1.0,0.995026718055897,1.0,4.0,1111,0.9903063867346352,0.995138441941414,25,25,1,Unanimous LP/P-directed,current_missense_f5
NC_000017.11:7675215:C:G,TP53,1,0.9966842397982624,1.0,0.97383130996161,1.0,0.9992259062083008,1.0,0.9903782748870132,1.0,4.0,1111,0.9900299327137968,0.9949794647716416,24,25,1,Unanimous LP/P-directed,current_missense_f5
NC_000017.11:7676038:AC:GG,TP53,1,,,,,,,,,,,,,1,25,0,,current_missense_f5
NC_000017.11:7676039:C:A,TP53,1,0.2977199547065595,0.0,0.4875144280290583,0.0,0.3916395028005746,0.0,0.4392414845972092,1.0,1.0,0001,0.4040288425333504,0.4039144026426087,25,25,1,Mixed votes,current_missense_f5
NC_000017.11:43045742:C:G,BRCA1,1,0.9985518027187036,1.0,0.9828869149241106,1.0,0.9953010631668584,1.0,0.9964575229653244,1.0,4.0,1111,0.9932993259437491,0.9968128065419152,25,25,1,Unanimous LP/P-directed,current_missense_f5
NC_000017.11:43045748:T:G,BRCA1,1,0.9988906642747014,1.0,0.98412816620517,1.0,0.9999999912174864,1.0,0.9971953901521664,1.0,4.0,1111,0.995053552962381,0.9977466038470296,25,25,1,Unanimous LP/P-directed,current_missense_f5
NC_000017.11:43045756:A:T,BRCA1,1,0.997949461740188,1.0,0.9921398127915072,1.0,0.9995046733019112,1.0,0.9952466697056248,1.0,4.0,1111,0.996210154384808,0.9983373210645684,25,25,1,Unanimous LP/P-directed,current_missense_f5
NC_000017.11:43045781:C:A,BRCA1,1,0.0138070572072317,0.0,0.0854031429653118,0.0,0.0146644808641232,0.0,0.036458344125659,0.0,0.0,0000,0.0375832562905814,0.0256020907974223,24,25,1,Unanimous B/LB-directed,current_missense_f5
NC_000017.11:43047660:C:A,BRCA1,1,,,,,,,,,,,,,10,25,0,,current_missense_f5
NC_000017.11:43047678:G:A,BRCA1,1,,,,,,,,,,,,,10,25,0,,current_missense_f5
NC_000017.11:43049166:C:T,BRCA1,1,0.9925634206691848,1.0,0.9606252976731008,1.0,0.9983648129265352,1.0,0.9929079678516756,1.0,4.0,1111,0.986115374780124,0.9926636738262647,24,25,1,Unanimous LP/P-directed,current_missense_f5
NC_000017.11:43049175:A:T,BRCA1,1,0.9839922844316572,1.0,0.9728623294190658,1.0,0.9859320127149044,1.0,0.9879662170105642,1.0,4.0,1111,0.982688210894048,0.9905513808250584,24,25,1,Unanimous LP/P-directed,current_missense_f5
NC_000017.11:43051071:T:C,BRCA1,1,0.0814623988138387,0.0,0.2968286721233415,0.0,0.2829282916839978,0.0,0.1331736589559668,0.0,0.0,0000,0.1985982553942862,0.1772480593509256,25,25,1,Unanimous B/LB-directed,current_missense_f5
NC_000017.11:43051097:A:G,BRCA1,1,0.988003874151212,1.0,0.9761297635947938,1.0,0.9761682831921452,1.0,0.9734145303267908,1.0,4.0,1111,0.9784291128162356,0.9878354433764228,24,25,1,Unanimous LP/P-directed,current_missense_f5
NC_000017.11:43057069:T:A,BRCA1,1,0.995874485488428,1.0,0.9893739472783708,1.0,0.969207649392434,1.0,0.9873630780677648,1.0,4.0,1111,0.9854547900567494,0.9922621686073166,24,25,1,Unanimous LP/P-directed,current_missense_f5
NC_000017.11:43057069:T:G,BRCA1,1,0.9958002609438156,1.0,0.9892311810359292,1.0,0.968692765266391,1.0,0.9873630780677648,1.0,4.0,1111,0.9852718213284752,0.9921504624040716,24,25,1,Unanimous LP/P-directed,current_missense_f5
NC_000017.11:43057073:G:T,BRCA1,1,0.984441095862022,1.0,0.9672724657353924,1.0,0.9307145191013618,1.0,0.9220886352218076,1.0,4.0,1111,0.951129178980146,0.9687359788213572,24,25,1,Unanimous LP/P-directed,current_missense_f5
NC_000017.11:43057086:C:A,BRCA1,1,0.9875333814483036,1.0,0.9663330877287444,1.0,0.9527916649687388,1.0,0.8286136387850163,1.0,4.0,1111,0.9338179432327008,0.9555249240355602,24,25,1,Unanimous LP/P-directed,current_missense_f5
NC_000017.11:43057116:C:G,BRCA1,1,0.9975785598694344,1.0,0.9922305003602396,1.0,0.9999999912174864,1.0,0.9953517466185444,1.0,4.0,1111,0.9962901995164264,0.9983773325536172,25,25,1,Unanimous LP/P-directed,current_missense_f5
NC_000017.11:43057122:C:A,BRCA1,1,0.9963710502210706,1.0,0.963886544745658,1.0,0.99202356938766,1.0,0.9629704261317478,1.0,4.0,1111,0.9788128976215342,0.9880839033541018,24,25,1,Unanimous LP/P-directed,current_missense_f5
NC_000017.11:43063361:A:G,BRCA1,1,0.9944140114696712,1.0,0.93118584421479,1.0,0.999332258243994,1.0,0.988721253904528,1.0,4.0,1111,0.9784133419582458,0.9878252184393967,24,25,1,Unanimous LP/P-directed,current_missense_f5
NC_000017.11:43063369:A:C,BRCA1,1,0.9832950957338772,1.0,0.9104915213083384,1.0,0.955752871620446,1.0,0.9785136140928108,1.0,4.0,1111,0.957013275688868,0.973054542901854,24,25,1,Unanimous LP/P-directed,current_missense_f5
NC_000017.11:43063884:A:C,BRCA1,1,0.9291354039652489,1.0,0.9999469529980894,1.0,0.99484806264475,1.0,0.99761851435136,1.0,4.0,1111,0.980387233489862,0.989095616229878,25,25,1,Unanimous LP/P-directed,current_missense_f5
NC_000017.11:43063908:C:A,BRCA1,1,0.9830125433450232,1.0,0.9550110152250127,1.0,0.9998953310179126,1.0,0.988844097714236,1.0,4.0,1111,0.981690746825546,0.9899237816725748,24,25,1,Unanimous LP/P-directed,current_missense_f5
NC_000017.11:43067607:C:T,BRCA1,1,0.9888710503661712,1.0,0.9963467972094876,1.0,0.981867996377953,1.0,0.9946355655064408,1.0,4.0,1111,0.9904303523650132,0.995209512224313,24,25,1,Unanimous LP/P-directed,current_missense_f5
NC_000017.11:43067609:G:T,BRCA1,1,0.9744463175933664,1.0,0.9131485924661146,1.0,0.9912370259716686,1.0,0.9871609146964928,1.0,4.0,1111,0.9664982126819108,0.979801000274527,25,25,1,Unanimous LP/P-directed,current_missense_f5
NC_000017.11:43067625:G:A,BRCA1,1,0.9799704363691352,1.0,0.9357710631915728,1.0,0.8459612744195902,1.0,0.9310211500933137,1.0,4.0,1111,0.923180981018403,0.9470787293669988,24,25,1,Unanimous LP/P-directed,current_missense_f5
NC_000017.11:43067693:A:C,BRCA1,1,0.2495032174520349,0.0,0.5200244058181595,0.0,0.3318886893648561,0.0,0.1759880846930541,0.0,0.0,0000,0.3193510993320262,0.3082598754240218,24,25,1,Unanimous B/LB-directed,current_missense_f5
NC_000017.11:43082439:C:T,BRCA1,1,0.0149302812909608,0.0,0.0027299211220859,0.0,0.0001964581649043,0.0,0.010226041709944,0.0,0.0,0000,0.0070206755719738,0.00373939856968,24,25,1,Unanimous B/LB-directed,current_missense_f5
NC_000017.11:43090943:C:G,BRCA1,1,0.9914730983426602,1.0,0.999811593455596,1.0,0.928923689905039,1.0,0.99328041746174,1.0,4.0,1111,0.9783721997912588,0.9877985386356252,24,25,1,Unanimous LP/P-directed,current_missense_f5
NC_000017.11:43106456:T:A,BRCA1,1,0.9856392134709516,1.0,0.9986677394460362,1.0,0.9408664004810898,1.0,0.9814745957937814,1.0,4.0,1111,0.9766619872979648,0.9866825588387113,23,25,1,Unanimous LP/P-directed,current_missense_f5
NC_000017.11:43106485:C:T,BRCA1,1,0.9970017625491384,1.0,0.9988215167953228,1.0,0.9999999912174864,1.0,0.9975373857287628,1.0,4.0,1111,0.9983401640726774,0.9993514898340904,25,25,1,Unanimous LP/P-directed,current_missense_f5
NC_000017.11:43115728:C:A,BRCA1,1,0.9893133855902404,1.0,0.9758825650690997,1.0,0.9999999912174864,1.0,0.9976514076920964,1.0,4.0,1111,0.9907118373922306,0.9953703805659008,25,25,1,Unanimous LP/P-directed,current_missense_f5
NC_000017.11:43115749:G:T,BRCA1,1,0.9945691229430248,1.0,0.9820003988096652,1.0,0.9999999912174864,1.0,0.9963310743396644,1.0,4.0,1111,0.9932251468274602,0.9967724558361988,25,25,1,Unanimous LP/P-directed,current_missense_f5
NC_000017.11:43124025:C:G,BRCA1,1,0.9958475337979524,1.0,0.9842471945177048,1.0,0.9999999912174864,1.0,0.9951623146012608,1.0,4.0,1111,0.9938142585336012,0.997091084076038,24,25,1,Unanimous LP/P-directed,current_missense_f5
NC_000017.11:43124025:C:T,BRCA1,1,0.9969064287466528,1.0,0.996385835128218,1.0,0.9999999912174864,1.0,0.9971502130184404,1.0,4.0,1111,0.9976106170276992,0.9990175877407648,25,25,1,Unanimous LP/P-directed,current_missense_f5
NC_000017.11:43124043:A:T,BRCA1,1,0.989708392101025,1.0,0.991105652249996,1.0,0.9992259062083008,1.0,0.9922678721224062,1.0,4.0,1111,0.993076955670432,0.9966916527587492,25,25,1,Unanimous LP/P-directed,current_missense_f5
NC_000017.11:58695188:G:T,RAD51C,1,0.867038947921483,1.0,0.9999921992525076,1.0,0.9786955801855162,1.0,0.9951639579155336,1.0,4.0,1111,0.96022267131876,0.9753685567357748,24,25,1,Unanimous LP/P-directed,current_missense_f5
NC_000017.11:61808619:C:A,BRIP1,1,0.9979327964168684,1.0,0.9825243579278992,1.0,0.999624797252653,1.0,0.9956377363140836,1.0,4.0,1111,0.993929921977876,0.9971531378923908,25,25,1,Unanimous LP/P-directed,current_missense_f5
NC_000019.10:1220437:T:A,STK11,1,0.9861060876794148,1.0,0.9785904268900522,1.0,0.9961954173212582,1.0,0.9768847580370588,1.0,4.0,1111,0.984444172481946,0.9916425484858185,25,25,1,Unanimous LP/P-directed,current_missense_f5
NC_000019.10:1220449:A:G,STK11,1,0.99447369340099,1.0,0.967746403154026,1.0,0.999332258243994,1.0,0.9750675870719204,1.0,4.0,1111,0.9841549854677326,0.9914640908258332,25,25,1,Unanimous LP/P-directed,current_missense_f5
NC_000019.10:1220489:C:A,STK11,1,0.995886356217991,1.0,0.9912470147298006,1.0,0.9999999912174864,1.0,0.9971444959531364,1.0,4.0,1111,0.9960694645296037,0.998266703550272,25,25,1,Unanimous LP/P-directed,current_missense_f5
NC_000019.10:1220493:G:C,STK11,1,0.9841795316120704,1.0,0.9896725109642268,1.0,0.9999999912174864,1.0,0.9940068010810348,1.0,4.0,1111,0.9919647087187046,0.9960773963794116,25,25,1,Unanimous LP/P-directed,current_missense_f5
NC_000019.10:1220706:G:A,STK11,1,0.9799850739162672,1.0,0.9942937027493844,1.0,0.9999999912174864,1.0,0.994361501340167,1.0,4.0,1111,0.9921600673058262,0.9961862435527512,25,25,1,Unanimous LP/P-directed,current_missense_f5
NC_000002.12:214730507:C:T,BARD1,1,,,,,,,,,,,,,10,25,0,,current_missense_f5
NC_000022.11:28695866:C:G,CHEK2,1,0.9872512575302302,1.0,0.9702923499561212,1.0,0.9999999912174864,1.0,0.997337826179042,1.0,4.0,1111,0.98872035622072,0.9942176892055086,24,25,1,Unanimous LP/P-directed,current_missense_f5
NC_000008.11:89958853:C:T,NBN,1,0.0187984905390209,0.0,0.0119280313269357,0.0,0.0004149634982236,0.0,0.0057518277076397,0.0,0.0,0000,0.009223328267955,0.0051079304755002,24,25,1,Unanimous B/LB-directed,current_missense_f5
NC_000002.12:214792407:C:A,BARD1,0,0.0113640755604228,0.0,0.0061086612225108,0.0,0.006899090053011,0.0,0.008162283726022,0.0,0.0,0000,0.0081335276404917,0.0044240355913524,24,25,1,Unanimous B/LB-directed,current_missense_f5
NC_000002.12:214809525:C:A,BARD1,0,0.048742301656603,0.0,0.0051440527903646,0.0,0.014056560220992,0.0,0.0140299225407005,0.0,0.0,0000,0.020493209302165,0.0127454952068216,24,25,1,Unanimous B/LB-directed,current_missense_f5
NC_000008.11:89955457:T:C,NBN,0,0.0185731181341971,0.0,0.0006108398522341,0.0,0.0012546079392868,0.0,0.0047394959223507,0.0,0.0,0000,0.0062945154620172,0.0033009550631734,24,25,1,Unanimous B/LB-directed,current_missense_f5
NC_000010.11:87863956:G:C,PTEN,0,,,,,,,,,,,,,2,25,0,,current_missense_f5
NC_000011.10:108243999:G:C,ATM,0,0.0349391088543895,0.0,3.0297808019359587e-05,0.0,0.0026335489168794,0.0,0.0048401331330806,0.0,0.0,0000,0.0106107721780922,0.0059958218514743,25,25,1,Unanimous B/LB-directed,current_missense_f5
NC_000011.10:108244021:G:A,ATM,0,0.0051448041795634,0.0,0.0015622498028288,0.0,0.0128202563598004,0.0,0.0096680012821397,0.0,0.0,0000,0.007298827906083,0.0039091327845727,24,25,1,Unanimous B/LB-directed,current_missense_f5
NC_000011.10:108254033:T:C,ATM,0,0.0233334469688673,0.0,5.199562357775699e-06,0.0,0.0014256024224844,0.0,0.0094949366137094,0.0,0.0,0000,0.0085647963918547,0.0046931645861137,24,25,1,Unanimous B/LB-directed,current_missense_f5
NC_000011.10:108272571:A:G,ATM,0,0.0267721579060336,0.0,8.247355157632874e-06,0.0,0.0019466779197156,0.0,0.0050358983973757,0.0,0.0,0000,0.0084407453945706,0.0046155441515162,25,25,1,Unanimous B/LB-directed,current_missense_f5
NC_000011.10:108279588:A:G,ATM,0,0.0244139503311709,0.0,0.0010456332251352,0.0,0.0032359438505249,0.0,0.0037823779785546,0.0,0.0,0000,0.0081194763463464,0.0044153014709927,25,25,1,Unanimous B/LB-directed,current_missense_f5
NC_000013.11:32332333:T:C,BRCA2,0,0.0123199032583569,0.0,0.0005132592804651,0.0,1.1226442679516902e-08,0.0,0.0058747465967904,0.0,0.0,0000,0.0046769800905137,0.0023516049336498,22,25,1,Unanimous B/LB-directed,current_missense_f5
NC_000013.11:32332643:C:A,BRCA2,0,0.0283556836798178,0.0,2.418422599794887e-05,0.0,1.1226442679516902e-08,0.0,0.006858081613689,0.0,0.0,0000,0.0088094901864868,0.0048467540083963,22,25,1,Unanimous B/LB-directed,current_missense_f5
NC_000013.11:32333015:A:G,BRCA2,0,0.0244545614741935,0.0,0.0006606932316713,0.0,0.0001337915473385,0.0,0.0091177743165378,0.0,0.0,0000,0.0085917051424353,0.0047100235736125,22,25,1,Unanimous B/LB-directed,current_missense_f5
NC_000013.11:32333366:C:T,BRCA2,0,0.0224353182203511,0.0,2.196828753172189e-05,0.0,0.0001964581649043,0.0,0.0040935307961831,0.0,0.0,0000,0.0066868188672426,0.0035369612884807,22,25,1,Unanimous B/LB-directed,current_missense_f5
NC_000013.11:32337140:T:C,BRCA2,0,0.0173490166383559,0.0,0.0010301288466291,0.0,1.1226442679516902e-08,0.0,0.0047376180063755,0.0,0.0,0000,0.0057791936794508,0.0029941803645912,22,25,1,Unanimous B/LB-directed,current_missense_f5
NC_000013.11:32337157:G:A,BRCA2,0,0.0268531478769954,0.0,0.0064234456502302,0.0,0.0020653180505736,0.0,0.0052046529384378,0.0,0.0,0000,0.0101366411290593,0.0056903551423417,22,25,1,Unanimous B/LB-directed,current_missense_f5
NC_000013.11:32337280:T:A,BRCA2,0,0.0154739066080268,0.0,0.0001269794757405,0.0,1.1226442679516902e-08,0.0,0.0049592603437272,0.0,0.0,0000,0.0051400394134843,0.0026191743006566,22,25,1,Unanimous B/LB-directed,current_missense_f5
NC_000013.11:32337935:G:A,BRCA2,0,0.0207258560767788,0.0,0.0004372623175144,0.0,1.1226442679516902e-08,0.0,0.0080925844374281,0.0,0.0,0000,0.007313928514541,0.0039183747484438,22,25,1,Unanimous B/LB-directed,current_missense_f5
NC_000013.11:32338193:A:T,BRCA2,0,0.0201224518693839,0.0,0.0045632048324538,0.0,0.0010091157063574,0.0,0.010270330306848,0.0,0.0,0000,0.0089912756787608,0.0049612635212594,22,25,1,Unanimous B/LB-directed,current_missense_f5
NC_000013.11:32338223:G:A,BRCA2,0,0.031174616975169,0.0,4.488038760662005e-05,0.0,0.0006154927635604,0.0,0.0037903237465155,0.0,0.0,0000,0.0089063284682129,0.0049077112809113,22,25,1,Unanimous B/LB-directed,current_missense_f5
NC_000013.11:32339809:C:T,BRCA2,0,0.0397091497370178,0.0,8.314308660081242e-05,0.0,1.1226442679516902e-08,0.0,0.0068881045361111,0.0,0.0,0000,0.0116701021465431,0.0066855246159695,22,25,1,Unanimous B/LB-directed,current_missense_f5
NC_000013.11:32339994:T:G,BRCA2,0,0.0167947799555239,0.0,0.0002801139423612,0.0,1.1226442679516902e-08,0.0,0.0055985359223967,0.0,0.0,0000,0.0056683602616811,0.0029287033616213,22,25,1,Unanimous B/LB-directed,current_missense_f5
NC_000013.11:32340064:C:G,BRCA2,0,0.0222885804852215,0.0,0.0004531823880745,0.0,9.932279233030135e-05,0.0,0.0074534354753922,0.0,0.0,0000,0.0075736302852546,0.0040777494056131,22,25,1,Unanimous B/LB-directed,current_missense_f5
NC_000013.11:32340106:C:T,BRCA2,0,0.0211544370570245,0.0,0.0013085993090946,0.0,0.0012968267458733,0.0,0.0066708593286631,0.0,0.0,0000,0.0076076806101639,0.0040987051753456,22,25,1,Unanimous B/LB-directed,current_missense_f5
NC_000013.11:32341102:A:G,BRCA2,0,0.0234014607100597,0.0,0.0018017976976335,0.0,1.1226442679516902e-08,0.0,0.0093316621123248,0.0,0.0,0000,0.0086337329366151,0.0047363704696229,22,25,1,Unanimous B/LB-directed,current_missense_f5
NC_000013.11:32354904:C:G,BRCA2,0,0.0133191295984515,0.0,0.0013276161538852,0.0,1.1226442679516902e-08,0.0,0.0079655421371141,0.0,0.0,0000,0.0056530747789734,0.0029196875593363,22,25,1,Unanimous B/LB-directed,current_missense_f5
NC_000013.11:32354909:G:C,BRCA2,0,0.0136775860692709,0.0,0.0073099930861031,0.0,0.0151444637061647,0.0,0.0161118018835036,0.0,0.0,0000,0.0130609611862606,0.0076052062018169,22,25,1,Unanimous B/LB-directed,current_missense_f5
NC_000013.11:32363383:G:A,BRCA2,0,0.0498134653030462,0.0,8.231126731275028e-05,0.0,0.000250632792553,0.0,0.004933752131392,0.0,0.0,0000,0.013770040373576,0.0080798358698653,22,25,1,Unanimous B/LB-directed,current_missense_f5
NC_000013.11:32370970:T:C,BRCA2,0,0.0215315240162556,0.0,0.0032828152443009,0.0,0.0001337915473385,0.0,0.0049592068858091,0.0,0.0,0000,0.007476834423426,0.0040182529080586,22,25,1,Unanimous B/LB-directed,current_missense_f5
NC_000013.11:32379466:G:A,BRCA2,0,0.0152373873562183,0.0,0.0038969518038294,0.0,0.0012616194006669,0.0,0.0076324359220983,0.0,0.0,0000,0.0070070986207032,0.0037311383109104,22,25,1,Unanimous B/LB-directed,current_missense_f5
NC_000015.10:90804199:G:A,BLM,0,0.0211998245502793,0.0,0.0027191388778731,0.0,0.0090925865085467,0.0,0.0063153007151113,0.0,0.0,0000,0.0098317126629526,0.0054950048063213,25,25,1,Unanimous B/LB-directed,current_missense_f5
NC_000016.10:23621420:C:G,PALB2,0,0.0077915796481768,0.0,0.0032451801710468,0.0,0.0123160096971837,0.0,0.006322648426455,0.0,0.0,0000,0.0074188544857156,0.0039826685537674,25,25,1,Unanimous B/LB-directed,current_missense_f5
NC_000016.10:23626393:G:A,PALB2,0,0.022224691859699,0.0,7.539817094868725e-05,0.0,0.006285625597106,0.0,0.0044493460537934,0.0,0.0,0000,0.0082587654203867,0.004501978937855,25,25,1,Unanimous B/LB-directed,current_missense_f5
NC_000016.10:68801689:G:A,CDH1,0,0.0103186008397113,0.0,0.0298785565115938,0.0,0.0575484832321262,0.0,0.0372718962345824,0.0,0.0,0000,0.0337543842045034,0.0226205826913012,24,25,1,Unanimous B/LB-directed,current_missense_f5
NC_000016.10:68801809:G:A,CDH1,0,0.0047518693785005,0.0,0.0004933519570299,0.0,0.0004149634982236,0.0,0.0164415250153144,0.0,0.0,0000,0.0055254274622671,0.0028445355509581,24,25,1,Unanimous B/LB-directed,current_missense_f5
NC_000016.10:68808830:C:T,CDH1,0,0.0251855114281908,0.0,0.0002622539131948,0.0,0.0053434376084761,0.0,0.0131933989799595,0.0,0.0,0000,0.0109961504824553,0.006245603094769,25,25,1,Unanimous B/LB-directed,current_missense_f5
NC_000016.10:68812261:C:T,CDH1,0,0.062176287205529,0.0,0.0006300767112544,0.0,0.0019702597486079,0.0,0.0098076895446831,0.0,0.0,0000,0.0186460783025186,0.0114364066466186,25,25,1,Unanimous B/LB-directed,current_missense_f5
NC_000016.10:68813472:A:G,CDH1,0,0.0019544119752017,0.0,0.0043231998982387,0.0,0.0062535645250757,0.0,0.0057675599456927,0.0,0.0,0000,0.0045746840860522,0.002292993505325,25,25,1,Unanimous B/LB-directed,current_missense_f5
NC_000016.10:68815602:C:T,CDH1,0,0.0234411249389013,0.0,0.0544134304287008,0.0,0.1287774712352142,0.0,0.0309284926841718,0.0,0.0,0000,0.059390129821747,0.0434372412245519,25,25,1,Unanimous B/LB-directed,current_missense_f5
NC_000016.10:68828212:C:T,CDH1,0,0.0350672336876122,0.0,0.0086777553514638,0.0,0.0068701831890338,0.0,0.0146057777895864,0.0,0.0,0000,0.0163052375044241,0.0098059111621964,25,25,1,Unanimous B/LB-directed,current_missense_f5
NC_000016.10:68829693:G:A,CDH1,0,0.0033614426296993,0.0,0.0456203171444112,0.0,0.026927632192696,0.0,0.043054597717688,0.0,0.0,0000,0.0297409974211236,0.0195531639192906,25,25,1,Unanimous B/LB-directed,current_missense_f5
NC_000016.10:89738915:C:T,FANCA,0,0.0187480492381309,0.0,0.0001950237035245,0.0,0.0003376967317343,0.0,0.0118819274505811,0.0,0.0,0000,0.0077906742809927,0.0042115587726129,25,25,1,Unanimous B/LB-directed,current_missense_f5
NC_000016.10:89738958:G:A,FANCA,0,,,,,,,,,,,,,2,25,0,,current_missense_f5
NC_000016.10:89740068:C:T,FANCA,0,0.0288287161443661,0.0,3.162501980672957e-05,0.0,9.932279233030135e-05,0.0,0.0087850431277943,0.0,0.0,0000,0.0094361767710743,0.0052429372579132,25,25,1,Unanimous B/LB-directed,current_missense_f5
NC_000016.10:89752172:G:A,FANCA,0,0.0209375711422991,0.0,9.486831730362324e-05,0.0,0.0007046404546726,0.0,0.0056989665168959,0.0,0.0,0000,0.0068590116077928,0.0036411934072294,25,25,1,Unanimous B/LB-directed,current_missense_f5
NC_000016.10:89791526:G:A,FANCA,0,0.0767291134217916,0.0,0.0021281898773817,0.0,0.0865185039437453,0.0,0.0440965173949391,0.0,0.0,0000,0.0523680811594644,0.0375511227918833,24,25,1,Unanimous B/LB-directed,current_missense_f5
NC_000016.10:89795954:G:C,FANCA,0,0.1267216811306732,0.0,0.7022944830196668,1.0,0.2861055090862263,0.0,0.3786757419089321,0.0,1.0,0100,0.3734493537863746,0.3691710439989761,25,25,1,Mixed votes,current_missense_f5
NC_000016.10:89799634:T:C,FANCA,0,0.0255770539900163,0.0,0.0003994682977523,0.0,0.0025574204047911,0.0,0.0113563740441846,0.0,0.0,0000,0.0099725791841861,0.0055851406718175,24,25,1,Unanimous B/LB-directed,current_missense_f5
NC_000016.10:89803295:T:C,FANCA,0,0.1852994006756325,0.0,0.0014190539018212,0.0,0.119643515069044,0.0,0.0311917808112023,0.0,0.0,0000,0.084388437614425,0.065293422488145,25,25,1,Unanimous B/LB-directed,current_missense_f5
NC_000016.10:89808347:G:A,FANCA,0,0.0262891911969381,0.0,0.0001395174173761,0.0,0.0030756860409892,0.0,0.0058676448016041,0.0,0.0,0000,0.0088430098642269,0.0048678427471209,24,25,1,Unanimous B/LB-directed,current_missense_f5
NC_000016.10:89816598:A:T,FANCA,0,0.047525745154061,0.0,0.0070523703567627,0.0,0.0010490683205291,0.0,0.0044160963132146,0.0,0.0,0000,0.0150108200361419,0.0089191283408763,23,25,1,Unanimous B/LB-directed,current_missense_f5
NC_000017.11:7669654:C:T,TP53,0,0.0232809155603856,0.0,0.1001240618225164,0.0,0.0199903846883445,0.0,0.0271094299149094,0.0,0.0,0000,0.042626197996539,0.029604034970789,24,25,1,Unanimous B/LB-directed,current_missense_f5
NC_000017.11:7670612:A:C,TP53,0,0.0298832173784313,0.0,0.0955064179449987,0.0,0.0343871676801434,0.0,0.0207923995270349,0.0,0.0,0000,0.0451423006326521,0.0316304452832946,25,25,1,Unanimous B/LB-directed,current_missense_f5
NC_000017.11:7673247:A:G,TP53,0,,,,,,,,,,,,,2,25,0,,current_missense_f5
NC_000017.11:7673584:A:T,TP53,0,0.0117429723753199,0.0,0.0023878393774065,0.0,0.0096649066373657,0.0,0.0176687256719323,0.0,0.0,0000,0.0103661110155061,0.0058379374196365,25,25,1,Unanimous B/LB-directed,current_missense_f5
NC_000017.11:7673727:C:T,TP53,0,0.0261962292589979,0.0,8.004390490510828e-05,0.0,0.0125480378305446,0.0,0.0203544115503987,0.0,0.0,0000,0.0147946806362116,0.008772150004814,25,25,1,Unanimous B/LB-directed,current_missense_f5
NC_000017.11:7673733:G:A,TP53,0,0.0780201830006915,0.0,0.0004027723852104,0.0,0.0870275833171817,0.0,0.0754849666747997,0.0,0.0,0000,0.0602338763444708,0.0441526899332498,25,25,1,Unanimous B/LB-directed,current_missense_f5
NC_000017.11:7675057:C:T,TP53,0,0.0429457022164972,0.0,3.805115609384408e-05,0.0,0.0228312082245352,0.0,0.0354387785168541,0.0,0.0,0000,0.0253134350284951,0.0162448887722028,25,25,1,Unanimous B/LB-directed,current_missense_f5
NC_000017.11:7676219:A:G,TP53,0,0.0111740656441044,0.0,0.0010480113609891,0.0,0.0053434376084761,0.0,0.0085569614125295,0.0,0.0,0000,0.0065306190065248,0.0034427457481011,24,25,1,Unanimous B/LB-directed,current_missense_f5
NC_000017.11:7676566:C:T,TP53,0,0.0540116510795966,0.0,3.579545231547489e-05,0.0,0.0083908719902589,0.0,0.0052760908151402,0.0,0.0,0000,0.0169286023343278,0.0102368372344194,23,25,1,Unanimous B/LB-directed,current_missense_f5
NC_000017.11:35100956:G:A,RAD51D,0,0.0424635936672102,0.0,0.0006206856399789,0.0,0.0002933464145335,0.0,0.0037717155643009,0.0,0.0,0000,0.0117873353215059,0.0067624404906405,23,25,1,Unanimous B/LB-directed,current_missense_f5
NC_000017.11:35103293:T:C,RAD51D,0,0.0093573762358494,0.0,0.0006075480930633,0.0,0.017430754467754,0.0,0.0150452324433072,0.0,0.0,0000,0.0106102278099935,0.0059954699585059,24,25,1,Unanimous B/LB-directed,current_missense_f5
NC_000017.11:43045693:G:C,BRCA1,0,0.0084218274618501,0.0,0.000717181089821,0.0,0.0010894149848612,0.0,0.006402270631302,0.0,0.0,0000,0.0041576735419586,0.0020560417770429,24,25,1,Unanimous B/LB-directed,current_missense_f5
NC_000017.11:43070958:A:G,BRCA1,0,0.3715238843630039,1.0,0.3732342110398612,0.0,0.2415679697096197,0.0,0.1249965830107903,0.0,1.0,1000,0.2778306620308188,0.2622544224793476,25,25,1,Mixed votes,current_missense_f5
NC_000017.11:43071003:G:A,BRCA1,0,0.0406113918487606,0.0,0.0083571023360964,0.0,0.0252696323607175,0.0,0.0109627058103196,0.0,0.0,0000,0.0213002080889735,0.0133232425933849,25,25,1,Unanimous B/LB-directed,current_missense_f5
NC_000017.11:43071030:A:G,BRCA1,0,0.0260145567809802,0.0,1.765341313174923e-05,0.0,0.0001337915473385,0.0,0.0106811911214836,0.0,0.0,0000,0.0092117982157335,0.0051006300913454,25,25,1,Unanimous B/LB-directed,current_missense_f5
NC_000017.11:43091782:C:T,BRCA1,0,0.0054703253178539,0.0,0.0017044222739343,0.0,1.1226442679516902e-08,0.0,0.0060274389638236,0.0,0.0,0000,0.0033005494455136,0.0015799601493805,25,25,1,Unanimous B/LB-directed,current_missense_f5
NC_000017.11:43091930:C:A,BRCA1,0,0.0107138480590528,0.0,0.0029486025932537,0.0,1.1226442679516902e-08,0.0,0.0049892149054103,0.0,0.0,0000,0.0046629191960399,0.0023435376301928,25,25,1,Unanimous B/LB-directed,current_missense_f5
NC_000017.11:43092082:G:A,BRCA1,0,0.1624084573513722,0.0,0.0635540306511564,0.0,0.3075043601794574,0.0,0.2253824328072197,0.0,0.0,0000,0.1897123202473014,0.1680119128842707,25,25,1,Unanimous B/LB-directed,current_missense_f5
NC_000017.11:43092112:T:C,BRCA1,0,0.0351344545187216,0.0,1.442164793042029e-05,0.0,0.0010894149848612,0.0,0.0040841300989715,0.0,0.0,0000,0.0100806053126212,0.0056543904057388,25,25,1,Unanimous B/LB-directed,current_missense_f5
NC_000017.11:43092203:T:G,BRCA1,0,0.004296551836522,0.0,0.0154136794675164,0.0,0.0037851689176692,0.0,0.0072102870454968,0.0,0.0,0000,0.0076764218168011,0.0041410525281794,25,25,1,Unanimous B/LB-directed,current_missense_f5
NC_000017.11:43092508:T:C,BRCA1,0,0.023211972374241,0.0,5.211893201932756e-06,0.0,0.0012546079392868,0.0,0.028358294289224,0.0,0.0,0000,0.0132075216239884,0.0077029988989893,25,25,1,Unanimous B/LB-directed,current_missense_f5
NC_000017.11:43092861:C:A,BRCA1,0,0.0187946873738326,0.0,4.03883971975007e-05,0.0,0.0004149634982236,0.0,0.0099360141072419,0.0,0.0,0000,0.0072965133441239,0.0039077164582573,25,25,1,Unanimous B/LB-directed,current_missense_f5
NC_000017.11:43093118:C:G,BRCA1,0,0.0087540110422675,0.0,0.0002048878755244,0.0,9.932279233030135e-05,0.0,0.0038998784969397,0.0,0.0,0000,0.0032395250517655,0.0015466838348571,25,25,1,Unanimous B/LB-directed,current_missense_f5
NC_000017.11:43093363:T:C,BRCA1,0,0.0118160295094968,0.0,5.120140554917151e-05,0.0,1.1226442679516902e-08,0.0,0.0033923764263614,0.0,0.0,0000,0.0038149046419625,0.0018637908480879,25,25,1,Unanimous B/LB-directed,current_missense_f5
NC_000017.11:43093528:G:A,BRCA1,0,0.0048582361869793,0.0,0.0005342597966322,0.0,1.1226442679516902e-08,0.0,0.0088459211643556,0.0,0.0,0000,0.0035596070936024,0.0017221822616957,25,25,1,Unanimous B/LB-directed,current_missense_f5
NC_000017.11:43093882:T:G,BRCA1,0,0.0149915666831638,0.0,0.0006251749233829,0.0,0.0014911507310314,0.0,0.0058027388711434,0.0,0.0,0000,0.0057276578021804,0.0029637118032345,25,25,1,Unanimous B/LB-directed,current_missense_f5
NC_000017.11:43094137:A:C,BRCA1,0,0.9775982637899976,1.0,0.9582397109781274,1.0,0.9634443690061087,1.0,0.9131140272930272,1.0,4.0,1111,0.9530990927668151,0.9701923358330548,25,25,1,Unanimous LP/P-directed,current_missense_f5
NC_000017.11:43094393:A:C,BRCA1,0,0.0049496447594027,0.0,0.000557489654156,0.0,0.036049959043888,0.0,0.0091050451006117,0.0,0.0,0000,0.0126655346395146,0.0073421786866723,25,25,1,Unanimous B/LB-directed,current_missense_f5
NC_000017.11:43094529:G:A,BRCA1,0,0.0217213283486211,0.0,0.0012713570069485,0.0,1.1226442679516902e-08,0.0,0.0072450040537369,0.0,0.0,0000,0.0075594251589373,0.0040690111221052,25,25,1,Unanimous B/LB-directed,current_missense_f5
NC_000017.11:43094794:A:C,BRCA1,0,0.0223352126756008,0.0,0.0010574164469233,0.0,9.932279233030135e-05,0.0,0.0037944590612307,0.0,0.0,0000,0.0068216027440213,0.0036185163722339,25,25,1,Unanimous B/LB-directed,current_missense_f5
NC_000017.11:43099813:G:A,BRCA1,0,0.029867094429486,0.0,0.0002886891089859,0.0,0.003102246721195,0.0,0.0092483946756609,0.0,0.0,0000,0.010626606233832,0.0060060585428618,25,25,1,Unanimous B/LB-directed,current_missense_f5
NC_000017.11:43104137:G:T,BRCA1,0,0.0048983218954721,0.0,0.0092746799536185,0.0,0.0001337915473385,0.0,0.004859953844529,0.0,0.0,0000,0.0047916868102395,0.002417545937809,25,25,1,Unanimous B/LB-directed,current_missense_f5
NC_000017.11:43104166:G:T,BRCA1,0,0.1010599389120182,0.0,0.1412986588303006,0.0,0.0996807030960245,0.0,0.0602660431160492,0.0,0.0,0000,0.1005763359885981,0.0800838041141078,25,25,1,Unanimous B/LB-directed,current_missense_f5
NC_000017.11:43106468:C:A,BRCA1,0,0.0308883314173555,0.0,0.050806585220029,0.0,0.0598989174894574,0.0,0.0480381185555241,0.0,0.0,0000,0.0474079881705915,0.0334711603920534,25,25,1,Unanimous B/LB-directed,current_missense_f5
NC_000017.11:58720766:A:G,RAD51C,0,0.0254209859561475,0.0,0.0109366246753977,0.0,0.0639475988741515,0.0,0.0177486483675288,0.0,0.0,0000,0.0295134644683064,0.0193811453345207,25,25,1,Unanimous B/LB-directed,current_missense_f5
NC_000017.11:61744452:T:C,BRIP1,0,0.0466243605949212,0.0,0.0001052525311807,0.0,0.0018067535441632,0.0,0.004984959676256,0.0,0.0,0000,0.0133803315866303,0.0078185151452992,25,25,1,Unanimous B/LB-directed,current_missense_f5
NC_000017.11:61849205:C:T,BRIP1,0,0.0357991082220991,0.0,6.79809235680063e-05,0.0,0.0074685248947593,0.0,0.0091555301917052,0.0,0.0,0000,0.0131227860580329,0.0076464390563605,25,25,1,Unanimous B/LB-directed,current_missense_f5
NC_000019.10:1223125:C:G,STK11,0,0.0332588373223794,0.0,7.742250054951226e-05,0.0,0.0010490683205291,0.0,0.0077546461523205,0.0,0.0,0000,0.0105349935739446,0.0059468624095878,25,25,1,Unanimous B/LB-directed,current_missense_f5
NC_000010.11:87863958:G:A,PTEN,0,,,,,,,,,,,,,2,25,0,,current_missense_f5
NC_000010.11:87864179:A:T,PTEN,0,,,,,,,,,,,,,2,25,0,,current_missense_f5
NC_000011.10:108227826:C:T,ATM,0,0.0439825094997501,0.0,0.0001797714886957,0.0,0.0101369046296782,0.0,0.0097717930078896,0.0,0.0,0000,0.0160177446565034,0.0096080038538984,25,25,1,Unanimous B/LB-directed,current_missense_f5
NC_000011.10:108250926:T:A,ATM,0,0.949183994591308,1.0,0.9559765094164652,1.0,0.919564428857746,1.0,0.896976706108953,1.0,4.0,1111,0.930425409743618,0.9528563849985516,25,25,1,Unanimous LP/P-directed,current_missense_f5
NC_000011.10:108253992:G:A,ATM,0,0.0214937888976059,0.0,4.0126923825927305e-05,0.0,0.0016695830089791,0.0,0.0125029134291423,0.0,0.0,0000,0.0089266030648883,0.0049204859719631,25,25,1,Unanimous B/LB-directed,current_missense_f5
NC_000011.10:108304797:C:T,ATM,0,0.0247094946628096,0.0,5.910747596985684e-05,0.0,0.0023079480562363,0.0,0.022948438660407,0.0,0.0,0000,0.0125062472138557,0.0072365684374137,25,25,1,Unanimous B/LB-directed,current_missense_f5
NC_000011.10:108312473:A:T,ATM,0,0.1416977613824178,0.0,0.2084987789615494,0.0,0.0709253528461932,0.0,0.0328990301278509,0.0,0.0,0000,0.1135052308295028,0.0922035949385589,24,25,1,Unanimous B/LB-directed,current_missense_f5
NC_000011.10:108327646:C:G,ATM,0,0.5522631865193232,1.0,0.6546536276843455,0.0,0.7329689635532545,1.0,0.8573289206423516,1.0,3.0,1011,0.6993036745998187,0.7338886755880113,24,25,1,Mixed votes,current_missense_f5
NC_000011.10:108329057:G:A,ATM,0,0.0126274646032259,0.0,0.0005842396940248,0.0,0.0001964581649043,0.0,0.0046270031049922,0.0,0.0,0000,0.0045087913917868,0.0022553387309563,24,25,1,Unanimous B/LB-directed,current_missense_f5
NC_000011.10:108330409:G:A,ATM,0,0.0558723758720334,0.0,0.0041230189710304,0.0,0.0284338970166696,0.0,0.0693699962281953,0.0,0.0,0000,0.0394498220219822,0.0270737680892343,25,25,1,Unanimous B/LB-directed,current_missense_f5
NC_000013.11:32326142:T:A,BRCA2,0,0.029054403471567,0.0,0.0001885946946036,0.0,1.1226442679516902e-08,0.0,0.0065066181353678,0.0,0.0,0000,0.0089374068819953,0.0049272950183179,22,25,1,Unanimous B/LB-directed,current_missense_f5
NC_000013.11:32332591:A:C,BRCA2,0,0.0310663024434008,0.0,0.000166630429041,0.0,1.1226442679516902e-08,0.0,0.0040164145026145,0.0,0.0,0000,0.0088123396503747,0.004848546277778,20,25,1,Unanimous B/LB-directed,current_missense_f5
NC_000013.11:32332601:C:T,BRCA2,0,0.0174250332191737,0.0,0.0002563668468373,0.0,0.0001964581649043,0.0,0.0190636156408128,0.0,0.0,0000,0.009235368467932,0.0051155552959364,22,25,1,Unanimous B/LB-directed,current_missense_f5
NC_000013.11:32332850:C:G,BRCA2,0,0.0309009735742122,0.0,0.0001031235460365,0.0,1.1226442679516902e-08,0.0,0.0060504323657679,0.0,0.0,0000,0.0092636351781148,0.0051334617782793,22,25,1,Unanimous B/LB-directed,current_missense_f5
NC_000013.11:32333092:G:A,BRCA2,0,0.0268626878700586,0.0,4.457896648047296e-05,0.0,1.1226442679516902e-08,0.0,0.0064112547438245,0.0,0.0,0000,0.0083296332017015,0.0045461611635571,22,25,1,Unanimous B/LB-directed,current_missense_f5
NC_000013.11:32333103:A:G,BRCA2,0,0.0141807638517628,0.0,0.0002264709664366,0.0,1.1226442679516902e-08,0.0,0.0090111556212614,0.0,0.0,0000,0.0058546004164759,0.0030388322234959,22,25,1,Unanimous B/LB-directed,current_missense_f5
NC_000013.11:32336573:C:T,BRCA2,0,0.0272941087035056,0.0,0.0009391308384207,0.0,0.0013394022864034,0.0,0.0074967416476882,0.0,0.0,0000,0.0092673458690045,0.0051358130345469,22,25,1,Unanimous B/LB-directed,current_missense_f5
NC_000013.11:32336836:T:C,BRCA2,0,0.0415384933214309,0.0,0.0672031806485934,0.0,0.0008533971134614,0.0,0.0172018458197346,0.0,0.0,0000,0.0316992292258051,0.0210421144642733,22,25,1,Unanimous B/LB-directed,current_missense_f5
NC_000013.11:32337238:C:T,BRCA2,0,0.0151123530910376,0.0,0.0005869714383221,0.0,0.0001337915473385,0.0,0.0037568824380704,0.0,0.0,0000,0.0048974996286921,0.0024785753656601,22,25,1,Unanimous B/LB-directed,current_missense_f5
NC_000013.11:32337470:C:T,BRCA2,0,0.0370234767050942,0.0,0.0025847450256753,0.0,0.0383828472412411,0.0,0.0074110963897383,0.0,0.0,0000,0.0213505413404372,0.0133593904339462,22,25,1,Unanimous B/LB-directed,current_missense_f5
NC_000013.11:32337801:G:C,BRCA2,0,0.0146971514754617,0.0,0.0006366974467053,0.0,0.0004960745798566,0.0,0.0091524096907948,0.0,0.0,0000,0.0062455832982046,0.0032716643380444,22,25,1,Unanimous B/LB-directed,current_missense_f5
NC_000013.11:32337873:T:G,BRCA2,0,0.0150634941857346,0.0,0.0018133182055896,0.0,0.0001964581649043,0.0,0.0052892482515689,0.0,0.0,0000,0.0055906297019494,0.0028828922944792,22,25,1,Unanimous B/LB-directed,current_missense_f5
NC_000013.11:32338147:T:A,BRCA2,0,0.030054135589197,0.0,0.0009052535586609,0.0,0.0001964581649043,0.0,0.0086200861400879,0.0,0.0,0000,0.0099439833632125,0.0055668278806485,22,25,1,Unanimous B/LB-directed,current_missense_f5
NC_000013.11:32338259:C:A,BRCA2,0,0.021389822511868,0.0,0.0014512171567969,0.0,0.0006154927635604,0.0,0.0046036526655147,0.0,0.0,0000,0.007015046274435,0.0037359734060524,22,25,1,Unanimous B/LB-directed,current_missense_f5
NC_000013.11:32338296:G:C,BRCA2,0,0.0198531469816282,0.0,0.0033931095138502,0.0,9.932279233030135e-05,0.0,0.0058027941544751,0.0,0.0,0000,0.0072870933605709,0.003901952857926,22,25,1,Unanimous B/LB-directed,current_missense_f5
NC_000013.11:32338400:T:C,BRCA2,0,0.0173533001193765,0.0,0.0019390320808883,0.0,1.1226442679516902e-08,0.0,0.0098138271320961,0.0,0.0,0000,0.0072765426397009,0.0038954987041995,22,25,1,Unanimous B/LB-directed,current_missense_f5
NC_000013.11:32338504:T:G,BRCA2,0,0.0126236458836121,0.0,0.0003727171238825,0.0,1.1226442679516902e-08,0.0,0.0059389327766911,0.0,0.0,0000,0.0047338267526571,0.0023842555181602,22,25,1,Unanimous B/LB-directed,current_missense_f5
NC_000013.11:32338625:C:G,BRCA2,0,0.0274666501732334,0.0,0.0026441410735124,0.0,1.1226442679516902e-08,0.0,0.0149015584703381,0.0,0.0,0000,0.0112530902358816,0.0064128618588667,22,25,1,Unanimous B/LB-directed,current_missense_f5
NC_000013.11:32338843:G:T,BRCA2,0,0.0227156162168656,0.0,0.0003541854365781,0.0,1.1226442679516902e-08,0.0,0.0151034836356522,0.0,0.0,0000,0.0095433241288846,0.0053110694880962,22,25,1,Unanimous B/LB-directed,current_missense_f5
NC_000013.11:32338893:T:A,BRCA2,0,0.0315245680819018,0.0,0.000219007668132,0.0,0.0020176434936314,0.0,0.0117583516995156,0.0,0.0,0000,0.0113798927357952,0.0064956154802105,22,25,1,Unanimous B/LB-directed,current_missense_f5
NC_000013.11:32339163:C:A,BRCA2,0,0.0221322981062251,0.0,0.0014011306572164,0.0,0.0008533971134614,0.0,0.0093012498986573,0.0,0.0,0000,0.0084220189438901,0.0046038411825733,22,25,1,Unanimous B/LB-directed,current_missense_f5
NC_000013.11:32339180:C:G,BRCA2,0,0.014618628801795,0.0,0.0002548693496172,0.0,1.1226442679516902e-08,0.0,0.0080880735683027,0.0,0.0,0000,0.0057403957365394,0.0029712389418562,22,25,1,Unanimous B/LB-directed,current_missense_f5
NC_000013.11:32339501:A:G,BRCA2,0,0.022905819862767,0.0,0.0047738831391637,0.0,1.1226442679516902e-08,0.0,0.0055063354614365,0.0,0.0,0000,0.0082965124224525,0.0045255052831116,22,25,1,Unanimous B/LB-directed,current_missense_f5
NC_000013.11:32339652:T:A,BRCA2,0,0.0411893922588259,0.0,0.0002319528588308,0.0,0.0058408307735484,0.0,0.0097634855458212,0.0,0.0,0000,0.0142564153592566,0.0084075320200801,22,25,1,Unanimous B/LB-directed,current_missense_f5
NC_000013.11:32339688:T:A,BRCA2,0,0.015481935775562,0.0,0.0019515271852411,0.0,1.1226442679516902e-08,0.0,0.0080260810136886,0.0,0.0,0000,0.0063648888002336,0.0033431381717244,22,25,1,Unanimous B/LB-directed,current_missense_f5
NC_000013.11:32339897:G:C,BRCA2,0,0.0047135884531527,0.0,0.0042695077522394,0.0,0.0074763802887113,0.0,0.0140396813756271,0.0,0.0,0000,0.0076247894674326,0.0041092397304975,22,25,1,Unanimous B/LB-directed,current_missense_f5
NC_000013.11:32339989:GAGAAT:AAGAAG,BRCA2,0,,,,,,,,,,,,,0,25,0,,current_missense_f5
NC_000013.11:32340086:A:G,BRCA2,0,0.0157620522322422,0.0,0.0021430371813018,0.0,1.1226442679516902e-08,0.0,0.0090145112754465,0.0,0.0,0000,0.0067299029788583,0.0035630049532634,22,25,1,Unanimous B/LB-directed,current_missense_f5
NC_000013.11:32340098:C:A,BRCA2,0,0.0223266919164657,0.0,0.0014705463354251,0.0,1.1226442679516902e-08,0.0,0.0144636060557357,0.0,0.0,0000,0.0095652138835173,0.0053250024999539,22,25,1,Unanimous B/LB-directed,current_missense_f5
NC_000013.11:32340184:A:G,BRCA2,0,0.0297119377804722,0.0,0.0009980353237939,0.0,1.1226442679516902e-08,0.0,0.0055992618034956,0.0,0.0,0000,0.0090773115335511,0.0050155777533043,22,25,1,Unanimous B/LB-directed,current_missense_f5
NC_000013.11:32340890:T:C,BRCA2,0,0.0242451253074,0.0,0.0069988864535177,0.0,0.0019702597486079,0.0,0.0078379544135603,0.0,0.0,0000,0.0102630564807714,0.0057715981875461,22,25,1,Unanimous B/LB-directed,current_missense_f5
NC_000013.11:32340895:G:A,BRCA2,0,0.0213671151684931,0.0,0.0029577590091016,0.0,0.0016922493194449,0.0,0.0169833847838652,0.0,0.0,0000,0.0107501270702262,0.0060859917592751,22,25,1,Unanimous B/LB-directed,current_missense_f5
NC_000013.11:32340985:G:A,BRCA2,0,0.0372758759699869,0.0,0.0012398145630318,0.0,0.0027102573331227,0.0,0.0139517023370663,0.0,0.0,0000,0.0137944125508019,0.0080962158947169,22,25,1,Unanimous B/LB-directed,current_missense_f5
NC_000013.11:32346831:A:T,BRCA2,0,0.0210938178819874,0.0,0.0041821548091641,0.0,1.1226442679516902e-08,0.0,0.007941810043892,0.0,0.0,0000,0.0083044484903715,0.0045304535411516,22,25,1,Unanimous B/LB-directed,current_missense_f5
NC_000013.11:32355039:T:C,BRCA2,0,0.0245875808910343,0.0,0.0045109413387524,0.0,1.1226442679516902e-08,0.0,0.014582673264065,0.0,0.0,0000,0.0109203016800736,0.0061963381409585,22,25,1,Unanimous B/LB-directed,current_missense_f5
NC_000013.11:32355040:G:T,BRCA2,0,0.0406174524278418,0.0,0.0013803211600376,0.0,0.00268462389141,0.0,0.0273635383282383,0.0,0.0,0000,0.0180114839518819,0.0109911263844766,22,25,1,Unanimous B/LB-directed,current_missense_f5
NC_000013.11:32355223:T:A,BRCA2,0,0.0257491015006246,0.0,0.0031471604993663,0.0,1.1226442679516902e-08,0.0,0.0059233244346292,0.0,0.0,0000,0.0087048994152657,0.0047810269754496,22,25,1,Unanimous B/LB-directed,current_missense_f5
NC_000013.11:32355249:TA:CG,BRCA2,0,,,,,,,,,,,,,0,25,0,,current_missense_f5
NC_000013.11:32362632:C:G,BRCA2,0,0.9962717253624116,1.0,0.9300097445742996,1.0,0.997777367314841,1.0,0.9852629022507192,1.0,4.0,1111,0.9773304348755678,0.9871203418070972,22,25,1,Unanimous LP/P-directed,current_missense_f5
NC_000013.11:32363215:A:G,BRCA2,0,0.0145223576572424,0.0,0.0048944951372642,0.0,0.0072434487919944,0.0,0.0421429115803222,0.0,0.0,0000,0.0172008032917058,0.0104257689216416,22,25,1,Unanimous B/LB-directed,current_missense_f5
NC_000013.11:32376770:G:A,BRCA2,0,0.0274185900903672,0.0,0.0107962252347705,0.0,0.004327295748192,0.0,0.0161879372900973,0.0,0.0,0000,0.0146825120908567,0.0086960005593959,22,25,1,Unanimous B/LB-directed,current_missense_f5
NC_000013.11:32379439:C:G,BRCA2,0,0.0174198246455492,0.0,0.001990251657339,0.0,1.1226442679516902e-08,0.0,0.006292158074486,0.0,0.0,0000,0.0064255614009542,0.0033795607179248,22,25,1,Unanimous B/LB-directed,current_missense_f5
NC_000015.10:90749722:A:G,BLM,0,0.0106467082237536,0.0,0.0044745280222207,0.0,1.1226442679516902e-08,0.0,0.0059461430303708,0.0,0.0,0000,0.0052668476256969,0.0026930676394169,24,25,1,Unanimous B/LB-directed,current_missense_f5
NC_000015.10:90760705:C:T,BLM,0,0.0921893053189943,0.0,0.24659375124166,0.0,0.0029437889881389,0.0,0.0157014249696498,0.0,0.0,0000,0.0893570676296107,0.0697846278189697,24,25,1,Unanimous B/LB-directed,current_missense_f5
NC_000015.10:90803699:G:A,BLM,0,0.0478350174370827,0.0,0.0087361309309295,0.0,0.0070681229624665,0.0,0.0139952369774328,0.0,0.0,0000,0.0194086270769779,0.0119745349886162,25,25,1,Unanimous B/LB-directed,current_missense_f5
NC_000016.10:23623122:A:G,PALB2,0,0.0544716091121833,0.0,0.0009158422615822,0.0,0.0023820862274415,0.0,0.0179399613449522,0.0,0.0,0000,0.0189273747365398,0.011634532100093,24,25,1,Unanimous B/LB-directed,current_missense_f5
NC_000016.10:23626259:T:G,PALB2,0,0.0080613859230841,0.0,0.0038296906639481,0.0,0.0174452050544174,0.0,0.0278756864969164,0.0,0.0,0000,0.0143029920345915,0.008439002196327,25,25,1,Unanimous B/LB-directed,current_missense_f5
NC_000016.10:23629931:C:G,PALB2,0,0.0475517460066256,0.0,9.37321089194666e-05,0.0,0.0004960745798566,0.0,0.0052838517061942,0.0,0.0,0000,0.0133563511003989,0.0078024717869555,24,25,1,Unanimous B/LB-directed,current_missense_f5
NC_000016.10:23630334:G:C,PALB2,0,0.0152100857637357,0.0,0.0305564447791471,0.0,0.0054975947683537,0.0,0.0217340924383386,0.0,0.0,0000,0.0182495544373938,0.0111578989331396,24,25,1,Unanimous B/LB-directed,current_missense_f5
NC_000016.10:23635280:T:G,PALB2,0,0.0221918577315194,0.0,0.0302307798594369,0.0,0.0208292816587666,0.0,0.0570603554325464,0.0,0.0,0000,0.0325780686705673,0.0217151709117394,24,25,1,Unanimous B/LB-directed,current_missense_f5
NC_000016.10:68801678:A:T,CDH1,0,0.0354804810197701,0.0,0.0655890373568656,0.0,0.0825972990411982,0.0,0.0373163381320364,0.0,0.0,0000,0.0552457888874676,0.0399482720559395,23,25,1,Unanimous B/LB-directed,current_missense_f5
NC_000016.10:68808831:G:A,CDH1,0,0.0147637204966225,0.0,7.798563059786752e-05,0.0,1.1226442679516902e-08,0.0,0.004715154139866,0.0,0.0,0000,0.0048892178733822,0.0024737918345348,25,25,1,Unanimous B/LB-directed,current_missense_f5
NC_000016.10:68810232:G:A,CDH1,0,0.0150131492903529,0.0,6.838188819887546e-05,0.0,0.0012546079392868,0.0,0.0094122661248879,0.0,0.0,0000,0.0064371013106816,0.0033864939253283,25,25,1,Unanimous B/LB-directed,current_missense_f5
NC_000016.10:68812155:G:A,CDH1,0,0.0037005569926287,0.0,0.0053147778431959,0.0,0.0052821047966382,0.0,0.0085159566615246,0.0,0.0,0000,0.0057033490734968,0.0029493539173672,25,25,1,Unanimous B/LB-directed,current_missense_f5
NC_000016.10:68812243:C:T,CDH1,0,0.9758105508273468,1.0,0.9486998197301326,1.0,0.990034500985267,1.0,0.9869822022091264,1.0,4.0,1111,0.9753817684379682,0.985838577720228,25,25,1,Unanimous LP/P-directed,current_missense_f5
NC_000016.10:68813381:G:A,CDH1,0,0.0194606060152867,0.0,0.0062771457759554,0.0,0.0062535645250757,0.0,0.0164471119831133,0.0,0.0,0000,0.0121096070748578,0.0069744642562764,24,25,1,Unanimous B/LB-directed,current_missense_f5
NC_000016.10:68813457:A:G,CDH1,0,0.0203105671695547,0.0,0.0206050167644121,0.0,0.0333497093264274,0.0,0.0230342103220476,0.0,0.0,0000,0.0243248758956105,0.0155180357879789,24,25,1,Unanimous B/LB-directed,current_missense_f5
NC_000016.10:68815553:G:A,CDH1,0,0.0180492501356517,0.0,0.0005469182054574,0.0,0.0056529193999469,0.0,0.0058590285858771,0.0,0.0,0000,0.0075270290817333,0.0040490916245996,25,25,1,Unanimous B/LB-directed,current_missense_f5
NC_000016.10:68819281:A:G,CDH1,0,0.9782653684171504,1.0,0.9688971938754884,1.0,0.9567101195449966,1.0,0.8772516143480534,1.0,4.0,1111,0.9452810740464224,0.964353218549844,25,25,1,Unanimous LP/P-directed,current_missense_f5
NC_000016.10:89738707:G:A,FANCA,0,,,,,,,,,,,,,2,25,0,,current_missense_f5
NC_000016.10:89738887:C:G,FANCA,0,,,,,,,,,,,,,2,25,0,,current_missense_f5
NC_000016.10:89764941:G:C,FANCA,0,0.0215768935654144,0.0,0.0003752178844904,0.0,0.0017149944450954,0.0,0.0121675642912743,0.0,0.0,0000,0.0089586675465686,0.0049406979590042,25,25,1,Unanimous B/LB-directed,current_missense_f5
NC_000017.11:7669628:C:G,TP53,0,0.0211542977048792,0.0,0.1194572614036207,0.0,0.020685727096203,0.0,0.0551581987056149,0.0,0.0,0000,0.0541138712275795,0.0390028257163876,23,25,1,Unanimous B/LB-directed,current_missense_f5
NC_000017.11:7669635:G:T,TP53,0,0.0150103659018625,0.0,0.0200470218034237,0.0,0.0007967650690059,0.0,0.0085939483432766,0.0,0.0,0000,0.0111120252793922,0.0063209626465646,23,25,1,Unanimous B/LB-directed,current_missense_f5
NC_000017.11:7670668:G:C,TP53,0,0.0084894004790646,0.0,0.0266342426266172,0.0,0.0159604995203928,0.0,0.0303353015326829,0.0,0.0,0000,0.0203548610396894,0.0126467961411693,24,25,1,Unanimous B/LB-directed,current_missense_f5
NC_000017.11:7670688:C:A,TP53,0,0.0066997916564931,0.0,0.0829941411073354,0.0,0.0047090560499552,0.0,0.013841090401392,0.0,0.0,0000,0.0270610198037939,0.0175406326372492,24,25,1,Unanimous B/LB-directed,current_missense_f5
NC_000017.11:7670711:G:A,TP53,0,0.8708165454796676,1.0,0.5978755838725642,0.0,0.6612578727261456,1.0,0.7988120669687557,1.0,3.0,1011,0.7321905172617833,0.7682857807331542,25,25,1,Mixed votes,current_missense_f5
NC_000017.11:7673318:T:G,TP53,0,,,,,,,,,,,,,2,25,0,,current_missense_f5
NC_000017.11:7673592:G:T,TP53,0,0.0177088153515292,0.0,0.0413157572909366,0.0,0.0072342294507779,0.0,0.0093624126383786,0.0,0.0,0000,0.0189053036829056,0.0116189704342983,24,25,1,Unanimous B/LB-directed,current_missense_f5
NC_000017.11:7673744:T:C,TP53,0,0.0030837361965995,0.0,0.007074412269839,0.0,0.0134090301366198,0.0,0.0117830681298126,0.0,0.0,0000,0.0088375616832177,0.0048644142525559,24,25,1,Unanimous B/LB-directed,current_missense_f5
NC_000017.11:7673831:T:C,TP53,0,0.0065740326695565,0.0,0.0220511367559234,0.0,0.0151779133714844,0.0,0.0797343372267578,0.0,0.0,0000,0.0308843550059305,0.0204206927382328,24,25,1,Unanimous B/LB-directed,current_missense_f5
NC_000017.11:7675056:G:C,TP53,0,0.1591026074149801,0.0,0.3014906927795615,0.0,0.1025499966159408,0.0,0.0894732061259497,0.0,0.0,0000,0.163154125734108,0.140851904685144,24,25,1,Unanimous B/LB-directed,current_missense_f5
NC_000017.11:7676015:G:A,TP53,0,0.9712984941030024,1.0,0.7256574113788054,1.0,0.9583218186489066,1.0,0.9884395231708836,1.0,4.0,1111,0.9109293118253996,0.9370777569826276,25,25,1,Unanimous LP/P-directed,current_missense_f5
NC_000017.11:7676196:G:C,TP53,0,0.0113432120430156,0.0,0.000562769545305,0.0,0.0026335489168794,0.0,0.019570017528755,0.0,0.0,0000,0.0085273870084888,0.0046697395783611,24,25,1,Unanimous B/LB-directed,current_missense_f5
NC_000017.11:7676383:G:C,TP53,0,0.0111842779080175,0.0,0.1417163231457271,0.0,0.0020414446155262,0.0,0.0233094633738634,0.0,0.0,0000,0.0445628772607835,0.0311621096982281,22,25,1,Unanimous B/LB-directed,current_missense_f5
NC_000017.11:7676392:T:C,TP53,0,0.0131544156536552,0.0,0.0073303243198167,0.0,0.0009892894296993,0.0,0.0116599796533014,0.0,0.0,0000,0.0082835022641182,0.0045173947500952,22,25,1,Unanimous B/LB-directed,current_missense_f5
NC_000017.11:7676583:G:A,TP53,0,0.0152000637058419,0.0,0.0379807248606867,0.0,0.0009892894296993,0.0,0.0056273441725,0.0,0.0,0000,0.014949355542182,0.0088772988440198,22,25,1,Unanimous B/LB-directed,current_missense_f5
NC_000017.11:43045791:C:T,BRCA1,0,,,,,,,,,,,,,2,25,0,,current_missense_f5
NC_000017.11:43045797:A:G,BRCA1,0,,,,,,,,,,,,,2,25,0,,current_missense_f5
NC_000017.11:43045800:T:G,BRCA1,0,,,,,,,,,,,,,2,25,0,,current_missense_f5
NC_000017.11:43047649:G:A,BRCA1,0,,,,,,,,,,,,,2,25,0,,current_missense_f5
NC_000017.11:43047663:T:C,BRCA1,0,0.0177937360596441,0.0,0.0140755065617717,0.0,0.0426236471626763,0.0,0.035466571207325,0.0,0.0,0000,0.0274898652478543,0.0178606442931351,23,25,1,Unanimous B/LB-directed,current_missense_f5
NC_000017.11:43049189:T:G,BRCA1,0,0.0247665489282272,0.0,0.0068801372657501,0.0,0.0333520907952862,0.0,0.0269334323459473,0.0,0.0,0000,0.0229830523338027,0.0145388075615393,24,25,1,Unanimous B/LB-directed,current_missense_f5
NC_000017.11:43070955:A:G,BRCA1,0,0.2853601353770842,0.0,0.4787169099829231,0.0,0.5699522620614097,1.0,0.6633409499751369,1.0,2.0,0011,0.4993425643491385,0.5126050970741433,24,25,1,Mixed votes,current_missense_f5
NC_000017.11:43070988:G:A,BRCA1,0,0.0152343149334482,0.0,0.0561791373587596,0.0,0.0275598396240909,0.0,0.0129267837668857,0.0,0.0,0000,0.0279750189207961,0.0182236214847634,24,25,1,Unanimous B/LB-directed,current_missense_f5
NC_000017.11:43070995:T:C,BRCA1,0,0.0250238109978753,0.0,0.000657385521051,0.0,0.0027617147660323,0.0,0.0138961375395983,0.0,0.0,0000,0.0105847622061392,0.0059790113480188,24,25,1,Unanimous B/LB-directed,current_missense_f5
NC_000017.11:43071016:T:C,BRCA1,0,0.0116755645395578,0.0,0.0050651181925661,0.0,0.0030491854722586,0.0,0.0061011092322739,0.0,0.0,0000,0.0064727443591641,0.0034079197114491,24,25,1,Unanimous B/LB-directed,current_missense_f5
NC_000017.11:43071109:C:G,BRCA1,0,0.0308799542046448,0.0,0.000119593514079,0.0,0.0006686137215794,0.0,0.0072003395447555,0.0,0.0,0000,0.0097171252462647,0.0054218241071624,24,25,1,Unanimous B/LB-directed,current_missense_f5
NC_000017.11:43074462:C:T,BRCA1,0,0.0280098695524424,0.0,0.0001736006331704,0.0,0.0028393733060627,0.0,0.0078706132865149,0.0,0.0,0000,0.0097233641945476,0.0054258053254319,24,25,1,Unanimous B/LB-directed,current_missense_f5
NC_000017.11:43082427:G:C,BRCA1,0,0.0229719156252445,0.0,0.0009444401208351,0.0,0.0007046404546726,0.0,0.0093549312926012,0.0,0.0,0000,0.0084939818733384,0.0046488346548767,24,25,1,Unanimous B/LB-directed,current_missense_f5
NC_000017.11:43082466:T:G,BRCA1,0,0.0331387079380513,0.0,3.788227262896512e-05,0.0,0.0029437889881389,0.0,0.0078659208518244,0.0,0.0,0000,0.0109965750126609,0.0062458789755403,24,25,1,Unanimous B/LB-directed,current_missense_f5
NC_000017.11:43082505:C:G,BRCA1,0,0.0060700413051702,0.0,0.0011725828882527,0.0,0.0033439607997781,0.0,0.0123049581430559,0.0,0.0,0000,0.0057228857840642,0.0029608925290942,25,25,1,Unanimous B/LB-directed,current_missense_f5
NC_000017.11:43091535:C:T,BRCA1,0,0.0367547578142063,0.0,7.151343771170559e-05,0.0,0.001130148758402,0.0,0.0048698383218588,0.0,0.0,0000,0.0107065645830447,0.0060577858735378,24,25,1,Unanimous B/LB-directed,current_missense_f5
NC_000017.11:43091595:G:C,BRCA1,0,0.0171938317718438,0.0,0.0001400689869644,0.0,0.0004149634982236,0.0,0.0040604278143003,0.0,0.0,0000,0.005452323017833,0.0028016076418486,25,25,1,Unanimous B/LB-directed,current_missense_f5
NC_000017.11:43091704:A:C,BRCA1,0,0.0227779921893588,0.0,0.0007793933436307,0.0,0.0014911507310314,0.0,0.0053757820545998,0.0,0.0,0000,0.0076060795796552,0.0040977195381867,24,25,1,Unanimous B/LB-directed,current_missense_f5
NC_000017.11:43091712:T:C,BRCA1,0,0.0260144434566527,0.0,0.0024940752492908,0.0,0.0027102573331227,0.0,0.0140655844726538,0.0,0.0,0000,0.01132109012793,0.0064572227325393,24,25,1,Unanimous B/LB-directed,current_missense_f5
NC_000017.11:43091806:T:C,BRCA1,0,0.0130353299560594,0.0,0.0024085719088899,0.0,0.0001964581649043,0.0,0.0044984820893123,0.0,0.0,0000,0.0050347105297915,0.0025579959654703,25,25,1,Unanimous B/LB-directed,current_missense_f5
NC_000017.11:43091878:T:A,BRCA1,0,0.003995896085327,0.0,0.0046523069967329,0.0,0.0392598476189755,0.0,0.0154527750308974,0.0,0.0,0000,0.0158402064329832,0.0094860557370414,24,25,1,Unanimous B/LB-directed,current_missense_f5
NC_000017.11:43092003:A:T,BRCA1,0,0.7600426630139028,1.0,0.6773071834510189,1.0,0.7691852905667775,1.0,0.4836140815147974,1.0,4.0,1111,0.6725373046366242,0.7053498906416852,24,25,1,Unanimous LP/P-directed,current_missense_f5
NC_000017.11:43092156:G:T,BRCA1,0,0.0327536063327585,0.0,0.1193247861971115,0.0,0.0319724489700719,0.0,0.0364287642003546,0.0,0.0,0000,0.0551199014250741,0.0398429617196321,25,25,1,Unanimous B/LB-directed,current_missense_f5
NC_000017.11:43092402:T:C,BRCA1,0,0.0252503997736966,0.0,4.074526474861581e-06,0.0,0.0004960745798566,0.0,0.0104013842723608,0.0,0.0,0000,0.0090379832880972,0.0049907405104753,25,25,1,Unanimous B/LB-directed,current_missense_f5
NC_000017.11:43092420:T:A,BRCA1,0,0.0454986570650875,0.0,0.0747038474660465,0.0,0.0595713665029816,0.0,0.0326723709442804,0.0,0.0,0000,0.053111560494599,0.0381683875987616,24,25,1,Unanimous B/LB-directed,current_missense_f5
NC_000017.11:43092589:G:C,BRCA1,0,0.0067082928760697,0.0,0.0107869958451745,0.0,0.0054975947683537,0.0,0.0056014706097686,0.0,0.0,0000,0.0071485885248416,0.0038173345911915,24,25,1,Unanimous B/LB-directed,current_missense_f5
NC_000017.11:43092628:G:C,BRCA1,0,0.0282573451902192,0.0,3.712181365520465e-05,0.0,0.0013608221550998,0.0,0.0060901012700475,0.0,0.0,0000,0.0089363476072554,0.0049266273628449,24,25,1,Unanimous B/LB-directed,current_missense_f5
NC_000017.11:43092669:A:T,BRCA1,0,0.0264620541372303,0.0,0.0003429704116735,0.0,0.0019702597486079,0.0,0.0070761959783171,0.0,0.0,0000,0.0089628700689572,0.0049433478246724,24,25,1,Unanimous B/LB-directed,current_missense_f5
NC_000017.11:43092784:T:A,BRCA1,0,0.0108677468788326,0.0,0.040641413246297,0.0,0.0042115754120607,0.0,0.0059971786311051,0.0,0.0,0000,0.0154294785420739,0.0092047276301527,24,25,1,Unanimous B/LB-directed,current_missense_f5
NC_000017.11:43092895:C:T,BRCA1,0,0.0084514548013721,0.0,0.0090498109076258,0.0,0.0004149634982236,0.0,0.0060092662074694,0.0,0.0,0000,0.0059813738536727,0.0031140874837328,25,25,1,Unanimous B/LB-directed,current_missense_f5
NC_000017.11:43093005:T:C,BRCA1,0,0.0071218438028783,0.0,0.0073292265434305,0.0,0.0022588640032613,0.0,0.0067951833346392,0.0,0.0,0000,0.0058762794210523,0.0030516847893428,25,25,1,Unanimous B/LB-directed,current_missense_f5
NC_000017.11:43093350:G:A,BRCA1,0,0.0155277089191482,0.0,9.658597468034802e-06,0.0,1.1226442679516902e-08,0.0,0.0066634666911882,0.0,0.0,0000,0.0055502113585617,0.0028591076179418,25,25,1,Unanimous B/LB-directed,current_missense_f5
NC_000017.11:43093598:A:C,BRCA1,0,0.0419614621995606,0.0,0.0476261014526623,0.0,0.1947906396641261,0.0,0.1235430155893347,0.0,0.0,0000,0.1019803047264209,0.0813873173399065,25,25,1,Unanimous B/LB-directed,current_missense_f5
NC_000017.11:43093887:A:C,BRCA1,0,0.0189233997085209,0.0,0.0178941733799132,0.0,0.0004149634982236,0.0,0.0043978953888531,0.0,0.0,0000,0.0104076079938777,0.0058646778052502,24,25,1,Unanimous B/LB-directed,current_missense_f5
NC_000017.11:43093966:C:T,BRCA1,0,0.0326011024866735,0.0,0.0651057837960111,0.0,0.078385187021888,0.0,0.019180267671514,0.0,0.0,0000,0.0488180852440217,0.0346241626470225,24,25,1,Unanimous B/LB-directed,current_missense_f5
NC_000017.11:43094371:A:T,BRCA1,0,0.0032035365481691,0.0,0.0096054199007856,0.0,0.033064775684153,0.0,0.0177169534308369,0.0,0.0,0000,0.0158976713909861,0.0095255049771743,25,25,1,Unanimous B/LB-directed,current_missense_f5
NC_000017.11:43094425:C:T,BRCA1,0,0.0100600733332448,0.0,0.0149220297462424,0.0,0.0024069342083378,0.0,0.0088519314925012,0.0,0.0,0000,0.0090602421950815,0.0050047958909769,24,25,1,Unanimous B/LB-directed,current_missense_f5
NC_000017.11:43094639:C:A,BRCA1,0,0.0049278071003182,0.0,0.019421311803094,0.0,0.0324394357460285,0.0,0.0328401155089818,0.0,0.0,0000,0.0224071675396056,0.0141212265192712,24,25,1,Unanimous B/LB-directed,current_missense_f5
NC_000017.11:43094740:T:A,BRCA1,0,0.0200083263440426,0.0,0.0594638508862337,0.0,0.0104304228629941,0.0,0.0154628045838425,0.0,0.0,0000,0.0263413511692782,0.0170053968955192,24,25,1,Unanimous B/LB-directed,current_missense_f5
NC_000017.11:43094791:T:C,BRCA1,0,0.0054465441286827,0.0,0.00246980247116,0.0,1.1226442679516902e-08,0.0,0.0088047921182029,0.0,0.0,0000,0.0041802874861221,0.0020688073033783,25,25,1,Unanimous B/LB-directed,current_missense_f5
NC_000017.11:43095863:A:C,BRCA1,0,0.0333827379743607,0.0,0.0011594039595022,0.0,0.0015131680729869,0.0,0.0046261077288364,0.0,0.0,0000,0.0101703544339215,0.0057120070536154,25,25,1,Unanimous B/LB-directed,current_missense_f5
NC_000017.11:43104886:C:G,BRCA1,0,0.0229114971889253,0.0,0.3345509216321642,0.0,0.072152751788296,0.0,0.0691378452953914,0.0,0.0,0000,0.1246882539761942,0.1028854319641161,24,25,1,Unanimous B/LB-directed,current_missense_f5
NC_000017.11:43104900:T:C,BRCA1,0,0.0062531252740409,0.0,0.0121432495827382,0.0,0.0432739516239321,0.0,0.0172131912337647,0.0,0.0,0000,0.0197208794286189,0.0121958337900912,24,25,1,Unanimous B/LB-directed,current_missense_f5
NC_000017.11:43115760:T:G,BRCA1,0,0.0283377007118432,0.0,0.2291627810655924,0.0,0.0889352894178088,0.0,0.1888857250067218,0.0,0.0,0000,0.1338303740504915,0.1117445227161476,24,25,1,Unanimous B/LB-directed,current_missense_f5
NC_000017.11:43115762:C:T,BRCA1,0,0.2669532077440067,0.0,0.4534800434611384,0.0,0.5020742739956504,0.0,0.3232126482692404,0.0,0.0,0000,0.3864300433675089,0.3838993766470259,24,25,1,Unanimous B/LB-directed,current_missense_f5
NC_000017.11:43124044:T:G,BRCA1,0,0.028401201502807,0.0,0.1005722567697152,0.0,0.0852221257081021,0.0,0.0372729507199256,0.0,0.0,0000,0.0628671336751375,0.0463963510388381,24,25,1,Unanimous B/LB-directed,current_missense_f5
NC_000017.11:58695032:A:G,RAD51C,0,0.0347851103942491,0.0,0.0712778351324495,0.0,0.0018298856469675,0.0,0.0172910404086509,0.0,0.0,0000,0.0312959678955793,0.0207342664229063,25,25,1,Unanimous B/LB-directed,current_missense_f5
NC_000017.11:61683456:C:T,BRIP1,0,0.014673167404437,0.0,0.0015309804363453,0.0,1.1226442679516902e-08,0.0,0.0063381944061245,0.0,0.0,0000,0.0056355883683374,0.0029093778974283,24,25,1,Unanimous B/LB-directed,current_missense_f5
NC_000017.11:61685985:A:C,BRIP1,0,0.0341898621495805,0.0,0.0026648595196061,0.0,0.0027875382230545,0.0,0.0168510610576013,0.0,0.0,0000,0.0141233302374606,0.0083176964174163,22,25,1,Unanimous B/LB-directed,current_missense_f5
NC_000017.11:61857170:G:A,BRIP1,0,0.0455784280096372,0.0,0.2137863174237761,0.0,0.0068701831890338,0.0,0.0129280693617712,0.0,0.0,0000,0.0697907494960546,0.0523706124164606,24,25,1,Unanimous B/LB-directed,current_missense_f5
NC_000002.12:214780734:T:G,BARD1,0,0.0183040369508445,0.0,0.0002011833947835,0.0,0.0004960745798566,0.0,0.0133162060996095,0.0,0.0,0000,0.0080793752562735,0.0043903872496648,24,25,1,Unanimous B/LB-directed,current_missense_f5
NC_000002.12:214780957:T:C,BARD1,0,0.0288071173470087,0.0,0.0025372362871097,0.0,0.0011506587292324,0.0,0.0114473864113609,0.0,0.0,0000,0.0109855996936779,0.0062387471759841,24,25,1,Unanimous B/LB-directed,current_missense_f5
NC_000002.12:214792443:T:A,BARD1,0,0.0081555477120354,0.0,0.0254855710383866,0.0,0.0001964581649043,0.0,0.0159807971458974,0.0,0.0,0000,0.0124545935153059,0.0072023640788405,24,25,1,Unanimous B/LB-directed,current_missense_f5
NC_000022.11:28711935:C:A,CHEK2,0,0.0656314336956259,0.0,0.5320148016981731,0.0,0.0142283784435309,0.0,0.0944287056391599,0.0,0.0,0000,0.1765758298691224,0.154490818823459,24,25,1,Unanimous B/LB-directed,current_missense_f5
NC_000022.11:28734660:G:A,CHEK2,0,0.0739459476523748,0.0,0.0004183752882797,0.0,0.0536093829153411,0.0,0.0271116175432893,0.0,0.0,0000,0.0387713308498212,0.0265374835379703,23,25,1,Unanimous B/LB-directed,current_missense_f5
NC_000008.11:89946189:C:T,NBN,0,0.0309270229897938,0.0,0.0002395911657121,0.0,0.0005635146299756,0.0,0.0112474510781876,0.0,0.0,0000,0.0107443949659173,0.0060822793629496,24,25,1,Unanimous B/LB-directed,current_missense_f5
NC_000008.11:89955351:T:C,NBN,0,0.0213198302411619,0.0,0.0003168223519715,0.0,0.0001964581649043,0.0,0.0072509292134265,0.0,0.0,0000,0.0072710099928661,0.0038921147821853,24,25,1,Unanimous B/LB-directed,current_missense_f5
NC_000008.11:89984527:C:G,NBN,0,0.0446490579021235,0.0,0.0150208696303539,0.0,0.0040395687449665,0.0,0.0160539839119079,0.0,0.0,0000,0.019940870047338,0.0123520685083839,24,25,1,Unanimous B/LB-directed,current_missense_f5
NC_000009.12:95107174:G:T,FANCC,0,0.0195292157371246,0.0,0.0011222723690935,0.0,0.0010490683205291,0.0,0.0122762286383441,0.0,0.0,0000,0.0084941962662728,0.0046489687836094,25,25,1,Unanimous B/LB-directed,current_missense_f5
NC_000009.12:95107207:G:A,FANCC,0,0.0109328686735549,0.0,0.0016515060834645,0.0,0.0012756724085895,0.0,0.0070822944324727,0.0,0.0,0000,0.0052355853995204,0.0026748265934532,25,25,1,Unanimous B/LB-directed,current_missense_f5
NC_000009.12:95249154:C:T,FANCC,0,0.0212483843822514,0.0,0.0076343378213082,0.0,0.0022100561828782,0.0,0.019262029785558,0.0,0.0,0000,0.012588702042999,0.0072912124983492,25,25,1,Unanimous B/LB-directed,current_missense_f5
