SPDI,Gene,y,p_SVM_RBF,vote_SVM_RBF,p_ENET_LR,vote_ENET_LR,p_EXTRA_TREES,vote_EXTRA_TREES,p_HIST_GB,vote_HIST_GB,V,vote_vector,Mean4,S_MAC,n_observed_panel,panel_size,complete_flag,directional_descriptor,evaluation,partition
NC_000009.12:95101722:A:G,FANCC,1,0.9401251452755038,1.0,0.684468124309447,0.0,0.9999999536242105,1.0,0.9448517893486351,1.0,3.0,1011,0.8923612531394491,0.919477828457214,24,25,1,Mixed votes,deployment_in_sample_not_validation,deployment
NC_000009.12:95107111:A:C,FANCC,1,0.9889402256144545,1.0,0.8013643907859683,1.0,0.9999999536242105,1.0,0.9650614839281727,1.0,4.0,1111,0.9388415134882014,0.95830389129814,25,25,1,Unanimous LP/P-directed,deployment_in_sample_not_validation,deployment
NC_000010.11:87894024:A:C,PTEN,1,0.9997446819499094,1.0,0.9940406148765313,1.0,0.9999999536242105,1.0,0.996017245160086,1.0,4.0,1111,0.9974506239026844,0.99889991315694,24,25,1,Unanimous LP/P-directed,deployment_in_sample_not_validation,deployment
NC_000010.11:87894048:T:G,PTEN,1,0.9995238292842847,1.0,0.9997273550403026,1.0,0.9999999536242105,1.0,0.9960928680122128,1.0,4.0,1111,0.9988360014902526,0.9995487116026227,25,25,1,Unanimous LP/P-directed,deployment_in_sample_not_validation,deployment
NC_000010.11:87894050:G:C,PTEN,1,0.9997037434526973,1.0,0.9995320104363765,1.0,0.9999999536242105,1.0,0.9960928680122128,1.0,4.0,1111,0.9988321438813743,0.999547011938183,25,25,1,Unanimous LP/P-directed,deployment_in_sample_not_validation,deployment
NC_000010.11:87894083:A:G,PTEN,1,0.9997674008992992,1.0,0.9964276412396963,1.0,0.9999999536242105,1.0,0.9960904126484383,1.0,4.0,1111,0.9980713521029111,0.9991989387880327,25,25,1,Unanimous LP/P-directed,deployment_in_sample_not_validation,deployment
NC_000010.11:87925517:T:G,PTEN,1,0.9995134235130091,1.0,0.994648169914779,1.0,0.9999999536242105,1.0,0.9957290867635209,1.0,4.0,1111,0.9974726584538798,0.998910717606418,25,25,1,Unanimous LP/P-directed,deployment_in_sample_not_validation,deployment
NC_000010.11:87925528:C:G,PTEN,1,0.9995102179387293,1.0,0.9960262408701319,1.0,0.9999999536242105,1.0,0.9960559801434875,1.0,4.0,1111,0.9978980981441398,0.9991166513461582,25,25,1,Unanimous LP/P-directed,deployment_in_sample_not_validation,deployment
NC_000010.11:87925529:A:G,PTEN,1,0.999338468674969,1.0,0.9934387973573982,1.0,0.9999999536242105,1.0,0.9959775193938887,1.0,4.0,1111,0.9971886847626166,0.9987705085349838,25,25,1,Unanimous LP/P-directed,deployment_in_sample_not_validation,deployment
NC_000010.11:87925549:T:C,PTEN,1,0.9995949166136718,1.0,0.9961089811981739,1.0,0.9999999536242105,1.0,0.9954322264086221,1.0,4.0,1111,0.9977840194611696,0.9990619514152486,25,25,1,Unanimous LP/P-directed,deployment_in_sample_not_validation,deployment
NC_000010.11:87925556:T:C,PTEN,1,0.9995044406604119,1.0,0.996908584342527,1.0,0.9999999536242105,1.0,0.9956507020887614,1.0,4.0,1111,0.9980159201789777,0.9991727177624183,24,25,1,Unanimous LP/P-directed,deployment_in_sample_not_validation,deployment
NC_000010.11:87933036:A:G,PTEN,1,0.9997829473893352,1.0,0.9975767344396829,1.0,0.9999999536242105,1.0,0.9961825015485123,1.0,4.0,1111,0.9983855342504352,0.9993455194555619,25,25,1,Unanimous LP/P-directed,deployment_in_sample_not_validation,deployment
NC_000010.11:87933072:G:A,PTEN,1,0.9997267792593553,1.0,0.9979801513555394,1.0,0.9999999536242105,1.0,0.9957869362897274,1.0,4.0,1111,0.9983734551322081,0.9993399517248459,25,25,1,Unanimous LP/P-directed,deployment_in_sample_not_validation,deployment
NC_000010.11:87933093:T:C,PTEN,1,0.9996935281031535,1.0,0.9974271590048959,1.0,0.9999999536242105,1.0,0.9959775193938887,1.0,4.0,1111,0.9982745400315371,0.9992941473245515,25,25,1,Unanimous LP/P-directed,deployment_in_sample_not_validation,deployment
NC_000010.11:87933120:C:G,PTEN,1,0.9990894363181023,1.0,0.997056350871979,1.0,0.9999999536242105,1.0,0.9937473086709554,1.0,4.0,1111,0.9974732623713118,0.9989110135491799,25,25,1,Unanimous LP/P-directed,deployment_in_sample_not_validation,deployment
NC_000010.11:87933125:C:T,PTEN,1,0.9992606340025878,1.0,0.9967377863015917,1.0,0.9999999536242105,1.0,0.9949441982291274,1.0,4.0,1111,0.9977356430393793,0.9990386365073557,25,25,1,Unanimous LP/P-directed,deployment_in_sample_not_validation,deployment
NC_000010.11:87933126:A:G,PTEN,1,0.9994239405248798,1.0,0.9974198119015465,1.0,0.9999999536242105,1.0,0.9959965085625779,1.0,4.0,1111,0.9982100536533036,0.9992640894613569,25,25,1,Unanimous LP/P-directed,deployment_in_sample_not_validation,deployment
NC_000010.11:87933128:T:C,PTEN,1,0.9994528531073097,1.0,0.9975634744200946,1.0,0.9999999536242105,1.0,0.9959965085625779,1.0,4.0,1111,0.9982531974285482,0.9992842161008397,25,25,1,Unanimous LP/P-directed,deployment_in_sample_not_validation,deployment
NC_000010.11:87933143:G:A,PTEN,1,0.9995211359403209,1.0,0.9972743842766183,1.0,0.9999999536242105,1.0,0.9955619505203287,1.0,4.0,1111,0.9980893560903695,0.9992074330773962,25,25,1,Unanimous LP/P-directed,deployment_in_sample_not_validation,deployment
NC_000010.11:87933144:G:A,PTEN,1,0.9996067573856702,1.0,0.9975613727992809,1.0,0.9999999536242105,1.0,0.9956864564438653,1.0,4.0,1111,0.9982136350632568,0.9992657627571219,25,25,1,Unanimous LP/P-directed,deployment_in_sample_not_validation,deployment
NC_000010.11:87933147:G:A,PTEN,1,0.9995052434240236,1.0,0.9974028465338455,1.0,0.9999999536242105,1.0,0.9961085200102009,1.0,4.0,1111,0.9982541408980701,0.9992846554737553,25,25,1,Unanimous LP/P-directed,deployment_in_sample_not_validation,deployment
NC_000010.11:87933150:C:T,PTEN,1,0.9997862465660499,1.0,0.9980631687640489,1.0,0.9999999536242105,1.0,0.9961579462358391,1.0,4.0,1111,0.9985018287975371,0.9993988260305384,25,25,1,Unanimous LP/P-directed,deployment_in_sample_not_validation,deployment
NC_000010.11:87933153:G:T,PTEN,1,0.9996329795572433,1.0,0.997349077811029,1.0,0.9999999536242105,1.0,0.9961825015485123,1.0,4.0,1111,0.9982911281352488,0.9993018545233802,25,25,1,Unanimous LP/P-directed,deployment_in_sample_not_validation,deployment
NC_000010.11:87933161:A:G,PTEN,1,0.9840386902689122,1.0,0.9997133953571151,1.0,0.9999999536242105,1.0,0.9851893357661241,1.0,4.0,1111,0.9922353437540905,0.9960920260602656,25,25,1,Unanimous LP/P-directed,deployment_in_sample_not_validation,deployment
NC_000010.11:87933165:G:A,PTEN,1,0.9996070658209111,1.0,0.9971757914861411,1.0,0.9999999536242105,1.0,0.9957852800709392,1.0,4.0,1111,0.9981420227505504,0.9992322176881956,25,25,1,Unanimous LP/P-directed,deployment_in_sample_not_validation,deployment
NC_000010.11:87952118:G:T,PTEN,1,0.9995241198890147,1.0,0.9987402346094822,1.0,0.9999999536242105,1.0,0.9960059687788708,1.0,4.0,1111,0.9985675692253946,0.9994287122086476,25,25,1,Unanimous LP/P-directed,deployment_in_sample_not_validation,deployment
NC_000010.11:87952124:C:A,PTEN,1,0.9982339197061814,1.0,0.9929068849615895,1.0,0.9999999536242105,1.0,0.9953194078826836,1.0,4.0,1111,0.9966150415436662,0.9984813993506789,25,25,1,Unanimous LP/P-directed,deployment_in_sample_not_validation,deployment
NC_000010.11:87952134:T:A,PTEN,1,0.9993009476625447,1.0,0.9963337903533067,1.0,0.9999999536242105,1.0,0.9959863787726306,1.0,4.0,1111,0.9979052676031732,0.9991200756240853,25,25,1,Unanimous LP/P-directed,deployment_in_sample_not_validation,deployment
NC_000010.11:87952141:C:T,PTEN,1,0.9991264933914011,1.0,0.996005165490725,1.0,0.9999999536242105,1.0,0.9960586012811389,1.0,4.0,1111,0.9977975534468688,0.9990684615916646,25,25,1,Unanimous LP/P-directed,deployment_in_sample_not_validation,deployment
NC_000010.11:87952142:G:C,PTEN,1,0.999423411762905,1.0,0.9961912461660688,1.0,0.9999999536242105,1.0,0.9960929551327904,1.0,4.0,1111,0.9979268916714936,0.9991303939128469,25,25,1,Unanimous LP/P-directed,deployment_in_sample_not_validation,deployment
NC_000010.11:87952144:T:A,PTEN,1,0.9995150699420067,1.0,0.9962091478736202,1.0,0.9999999536242105,1.0,0.9959270083890465,1.0,4.0,1111,0.997912794957221,0.9991236691016847,25,25,1,Unanimous LP/P-directed,deployment_in_sample_not_validation,deployment
NC_000010.11:87957939:T:C,PTEN,1,0.9982237628287567,1.0,0.9618702202569263,1.0,0.9999999536242105,1.0,0.9949214891900964,1.0,4.0,1111,0.9887538564749974,0.9940372455935295,25,25,1,Unanimous LP/P-directed,deployment_in_sample_not_validation,deployment
NC_000010.11:87957954:C:T,PTEN,1,0.9950854360330309,1.0,0.9638847745877036,1.0,0.9999999536242105,1.0,0.9950125460349595,1.0,4.0,1111,0.9884956775699761,0.993880737691477,25,25,1,Unanimous LP/P-directed,deployment_in_sample_not_validation,deployment
NC_000010.11:87957972:A:G,PTEN,1,0.9998281739939071,1.0,0.9972952630032672,1.0,0.9999999536242105,1.0,0.9961800171124588,1.0,4.0,1111,0.9983258519334609,0.9993179545984123,25,25,1,Unanimous LP/P-directed,deployment_in_sample_not_validation,deployment
NC_000011.10:108244999:C:T,ATM,1,0.9787822727029037,1.0,0.9236054633463662,1.0,0.9999999536242105,1.0,0.9571127056502626,1.0,4.0,1111,0.9648750988309358,0.9780208589566601,25,25,1,Unanimous LP/P-directed,deployment_in_sample_not_validation,deployment
NC_000011.10:108247028:A:G,ATM,1,0.9876012197243181,1.0,0.9920725085221281,1.0,0.9999999536242105,1.0,0.9799695455102706,1.0,4.0,1111,0.9899108068452318,0.9947320150987086,25,25,1,Unanimous LP/P-directed,deployment_in_sample_not_validation,deployment
NC_000011.10:108271073:T:G,ATM,1,0.988541168519879,1.0,0.9677582208236116,1.0,0.9999999536242105,1.0,0.9937398896362022,1.0,4.0,1111,0.9875098081509759,0.9932784493313312,25,25,1,Unanimous LP/P-directed,deployment_in_sample_not_validation,deployment
NC_000011.10:108272590:T:C,ATM,1,0.9793027655811758,1.0,0.9226827249293114,1.0,0.9999999536242105,1.0,0.9909998202984123,1.0,4.0,1111,0.9732463161082775,0.9839257905502117,25,25,1,Unanimous LP/P-directed,deployment_in_sample_not_validation,deployment
NC_000011.10:108289758:T:C,ATM,1,0.9845824577566195,1.0,0.9653408377366424,1.0,0.9999999536242105,1.0,0.9792831540424386,1.0,4.0,1111,0.9823016007899777,0.9899887024098055,25,25,1,Unanimous LP/P-directed,deployment_in_sample_not_validation,deployment
NC_000011.10:108301697:C:T,ATM,1,0.9423564556448085,1.0,0.8374301912499894,1.0,0.9999999536242105,1.0,0.9701454350542407,1.0,4.0,1111,0.9374830088933123,0.9572284704978136,25,25,1,Unanimous LP/P-directed,deployment_in_sample_not_validation,deployment
NC_000011.10:108315862:A:G,ATM,1,0.9989604502937395,1.0,0.9906238212193569,1.0,0.9999999536242105,1.0,0.9918086080491241,1.0,4.0,1111,0.9953482082966078,0.9978195857858592,25,25,1,Unanimous LP/P-directed,deployment_in_sample_not_validation,deployment
NC_000011.10:108315910:G:A,ATM,1,0.9943054895200547,1.0,0.9952639325336894,1.0,0.9999999536242105,1.0,0.9905087145744809,1.0,4.0,1111,0.9950195225631089,0.9976433802381421,24,25,1,Unanimous LP/P-directed,deployment_in_sample_not_validation,deployment
NC_000011.10:108317373:C:A,ATM,1,0.9401295232488851,1.0,0.9461482202311202,1.0,0.9999999536242105,1.0,0.9638649351663339,1.0,4.0,1111,0.9625356580676374,0.9763272566995793,25,25,1,Unanimous LP/P-directed,deployment_in_sample_not_validation,deployment
NC_000011.10:108325415:C:T,ATM,1,0.9971818794681337,1.0,0.9707953352315621,1.0,0.9999999536242105,1.0,0.9851015865745207,1.0,4.0,1111,0.9882696887246067,0.9937433210132607,25,25,1,Unanimous LP/P-directed,deployment_in_sample_not_validation,deployment
NC_000011.10:108329201:T:G,ATM,1,0.5059063853649606,1.0,0.6226554805593668,0.0,0.9999999536242105,1.0,0.9746595438509097,1.0,3.0,1011,0.7758053408498619,0.8089654613616106,25,25,1,Mixed votes,deployment_in_sample_not_validation,deployment
NC_000011.10:108330313:T:G,ATM,1,0.9993655733756447,1.0,0.9922751151924502,1.0,0.9999999536242105,1.0,0.9948742947848369,1.0,4.0,1111,0.9966287342442856,0.9984883849651721,25,25,1,Unanimous LP/P-directed,deployment_in_sample_not_validation,deployment
NC_000011.10:108333924:T:C,ATM,1,0.9856562625290128,1.0,0.9652768997996607,1.0,0.9999999536242105,1.0,0.9918231624868011,1.0,4.0,1111,0.9856890696099213,0.9921479424884064,25,25,1,Unanimous LP/P-directed,deployment_in_sample_not_validation,deployment
NC_000011.10:108335062:T:G,ATM,1,0.9928587012254485,1.0,0.9804029306823401,1.0,0.9999999536242105,1.0,0.9947735220218417,1.0,4.0,1111,0.9920087768884602,0.9959617859902411,25,25,1,Unanimous LP/P-directed,deployment_in_sample_not_validation,deployment
NC_000011.10:108343245:G:A,ATM,1,0.991313090609175,1.0,0.990302796941539,1.0,0.9999999536242105,1.0,0.9948256773634873,1.0,4.0,1111,0.9941103796346029,0.9971476853001023,25,25,1,Unanimous LP/P-directed,deployment_in_sample_not_validation,deployment
NC_000011.10:108345803:T:G,ATM,1,0.9948618173702796,1.0,0.948553731775291,1.0,0.9999999536242105,1.0,0.9944718356882173,1.0,4.0,1111,0.9844718346144996,0.9913799911271169,25,25,1,Unanimous LP/P-directed,deployment_in_sample_not_validation,deployment
NC_000011.10:108345817:C:T,ATM,1,0.9921266080188051,1.0,0.9326387272905611,1.0,0.9999999536242105,1.0,0.9649452374108495,1.0,4.0,1111,0.9724276315861066,0.9833598528129259,25,25,1,Unanimous LP/P-directed,deployment_in_sample_not_validation,deployment
NC_000011.10:108345888:T:G,ATM,1,0.9605190941608759,1.0,0.9999860189127779,1.0,0.9999999536242105,1.0,0.9945070534449812,1.0,4.0,1111,0.9887530300357115,0.9940367454367468,25,25,1,Unanimous LP/P-directed,deployment_in_sample_not_validation,deployment
NC_000011.10:108353804:A:G,ATM,1,0.9979447871582849,1.0,0.9912749671377342,1.0,0.9999999536242105,1.0,0.9951994499087115,1.0,4.0,1111,0.9961047894572354,0.9982183866965,25,25,1,Unanimous LP/P-directed,deployment_in_sample_not_validation,deployment
NC_000011.10:108365358:C:T,ATM,1,0.9977431913459431,1.0,0.9939172069067558,1.0,0.9999999536242105,1.0,0.9919168089411581,1.0,4.0,1111,0.9958942902045169,0.9981084353607459,25,25,1,Unanimous LP/P-directed,deployment_in_sample_not_validation,deployment
NC_000011.10:108365359:G:A,ATM,1,0.9401081173530177,1.0,0.8580158703258539,1.0,0.9999999536242105,1.0,0.9368623322169178,1.0,4.0,1111,0.9337465683799999,0.954249770625132,25,25,1,Unanimous LP/P-directed,deployment_in_sample_not_validation,deployment
NC_000013.11:32346895:G:A,BRCA2,1,0.9978820769665587,1.0,0.9412720426512969,1.0,0.9999999536242105,1.0,0.9846372059323982,1.0,4.0,1111,0.9809478197936161,0.9891075032541183,22,25,1,Unanimous LP/P-directed,deployment_in_sample_not_validation,deployment
NC_000013.11:32362594:G:C,BRCA2,1,0.9974371181109385,1.0,0.961384040149872,1.0,0.9999999536242105,1.0,0.992920473771908,1.0,4.0,1111,0.9879353964142323,0.9935393387104273,22,25,1,Unanimous LP/P-directed,deployment_in_sample_not_validation,deployment
NC_000013.11:32363264:T:C,BRCA2,1,0.9923239184707225,1.0,0.9287072707765915,1.0,0.9999999536242105,1.0,0.9952100860593782,1.0,4.0,1111,0.9790603072327257,0.9878630547784961,22,25,1,Unanimous LP/P-directed,deployment_in_sample_not_validation,deployment
NC_000013.11:32363389:G:C,BRCA2,1,0.9556408328605157,1.0,0.9124020067552697,1.0,0.9999999536242105,1.0,0.9927261431923036,1.0,4.0,1111,0.9651922341080749,0.9782490691831797,22,25,1,Unanimous LP/P-directed,deployment_in_sample_not_validation,deployment
NC_000013.11:32370419:C:T,BRCA2,1,0.9356065243560207,1.0,0.8287142333087386,1.0,0.9992960832939722,1.0,0.9657282648383119,1.0,4.0,1111,0.9323362764492609,0.9531177112500111,22,25,1,Unanimous LP/P-directed,deployment_in_sample_not_validation,deployment
NC_000015.10:90763097:A:G,BLM,1,0.9998923774752932,1.0,0.9987680108221607,1.0,0.9999999536242105,1.0,0.9956585153290783,1.0,4.0,1111,0.9985797143126857,0.9994342131658475,25,25,1,Unanimous LP/P-directed,deployment_in_sample_not_validation,deployment
NC_000015.10:90794253:G:T,BLM,1,0.9928838061167207,1.0,0.9771094701857022,1.0,0.9999999536242105,1.0,0.9951501045344715,1.0,4.0,1111,0.9912858336152762,0.9955427190282334,25,25,1,Unanimous LP/P-directed,deployment_in_sample_not_validation,deployment
NC_000015.10:90794310:G:C,BLM,1,0.9907592780200495,1.0,0.9698349647324854,1.0,0.9999999536242105,1.0,0.9931036120500556,1.0,4.0,1111,0.9884244521067003,0.9938374699674817,25,25,1,Unanimous LP/P-directed,deployment_in_sample_not_validation,deployment
NC_000016.10:68811858:G:T,CDH1,1,0.9849490373555243,1.0,0.9994930476914863,1.0,0.9999999536242105,1.0,0.9944136274174119,1.0,4.0,1111,0.9947139165221582,0.9974780702937076,25,25,1,Unanimous LP/P-directed,deployment_in_sample_not_validation,deployment
NC_000016.10:68822189:C:T,CDH1,1,0.973196342821309,1.0,0.9663898262873661,1.0,0.9999999536242105,1.0,0.9543358542190952,1.0,4.0,1111,0.9734804942379951,0.9840871776178167,25,25,1,Unanimous LP/P-directed,deployment_in_sample_not_validation,deployment
NC_000016.10:89739478:T:C,FANCA,1,0.940106828978649,1.0,0.8642846599656275,1.0,0.9999999536242105,1.0,0.9582558660860896,1.0,4.0,1111,0.9406618271636442,0.9597383888037437,24,25,1,Unanimous LP/P-directed,deployment_in_sample_not_validation,deployment
NC_000016.10:89740014:G:A,FANCA,1,0.9011765220219909,1.0,0.4746882449900242,0.0,0.9999999536242105,1.0,0.9672968098495188,1.0,3.0,1011,0.8357903826214361,0.8677694306682173,25,25,1,Mixed votes,deployment_in_sample_not_validation,deployment
NC_000016.10:89746847:T:C,FANCA,1,0.9561605523918171,1.0,0.6326172111244877,0.0,0.9990103273509521,1.0,0.9729358625906025,1.0,3.0,1011,0.8901809883644648,0.9175661526041962,25,25,1,Mixed votes,deployment_in_sample_not_validation,deployment
NC_000016.10:89746889:T:C,FANCA,1,0.9401222104345083,1.0,0.6897053700041984,1.0,0.9999999536242105,1.0,0.9697297057906558,1.0,4.0,1111,0.8998893099633932,0.9260219772944281,25,25,1,Unanimous LP/P-directed,deployment_in_sample_not_validation,deployment
NC_000016.10:89761948:C:T,FANCA,1,0.9927123486138941,1.0,0.9458278744131002,1.0,0.9995221255939969,1.0,0.9664086311759623,1.0,4.0,1111,0.9761177449492384,0.9858889341168158,23,25,1,Unanimous LP/P-directed,deployment_in_sample_not_validation,deployment
NC_000016.10:89765028:C:T,FANCA,1,0.9401562216925362,1.0,0.665399616817367,0.0,0.9988828244512207,1.0,0.9723748731388101,1.0,3.0,1011,0.8942033840249834,0.9210873651915822,25,25,1,Mixed votes,deployment_in_sample_not_validation,deployment
NC_000016.10:89765061:T:G,FANCA,1,0.9984003968877386,1.0,0.9962795157302399,1.0,0.9999999536242105,1.0,0.9932955815610987,1.0,4.0,1111,0.996993861950822,0.9986731619657095,25,25,1,Unanimous LP/P-directed,deployment_in_sample_not_validation,deployment
NC_000016.10:89816613:A:G,FANCA,1,0.964480461456679,1.0,0.9730026669215572,1.0,0.9999999536242105,1.0,0.9800496431654964,1.0,4.0,1111,0.9793831812919858,0.9880771862227798,21,25,1,Unanimous LP/P-directed,deployment_in_sample_not_validation,deployment
NC_000017.11:7670677:A:G,TP53,1,0.9815106262997485,1.0,0.9748175312882649,1.0,0.9999999536242105,1.0,0.9938090349230484,1.0,4.0,1111,0.9875342865338181,0.993293490626667,25,25,1,Unanimous LP/P-directed,deployment_in_sample_not_validation,deployment
NC_000017.11:7670683:C:G,TP53,1,0.9753271711658603,1.0,0.9870162691770212,1.0,0.9999999536242105,1.0,0.9768896069841648,1.0,4.0,1111,0.9848082502378142,0.9915931627590677,25,25,1,Unanimous LP/P-directed,deployment_in_sample_not_validation,deployment
NC_000017.11:7670698:C:G,TP53,1,0.9904251731127145,1.0,0.9860919481693585,1.0,0.9999999536242105,1.0,0.994685085399051,1.0,4.0,1111,0.9928005400763337,0.9964145292528394,25,25,1,Unanimous LP/P-directed,deployment_in_sample_not_validation,deployment
NC_000017.11:7670698:C:A,TP53,1,0.9401326722048233,1.0,0.8979079347787295,1.0,0.9999999536242105,1.0,0.9542313213062799,1.0,4.0,1111,0.9480679704785108,0.9654947708367914,25,25,1,Unanimous LP/P-directed,deployment_in_sample_not_validation,deployment
NC_000017.11:7670698:C:T,TP53,1,0.9400963985932461,1.0,0.7686395650147286,1.0,0.9999999536242105,1.0,0.9365863458797598,1.0,4.0,1111,0.9113305657779862,0.9357918665563351,25,25,1,Unanimous LP/P-directed,deployment_in_sample_not_validation,deployment
NC_000017.11:7670699:G:A,TP53,1,0.9765228710539559,1.0,0.9226298311812103,1.0,0.9999999536242105,1.0,0.9614313839256147,1.0,4.0,1111,0.9651460099462478,0.9782158271217746,25,25,1,Unanimous LP/P-directed,deployment_in_sample_not_validation,deployment
NC_000017.11:7673732:T:C,TP53,1,0.2350520331497752,0.0,0.0002730817732425719,0.0,0.9988726079820573,1.0,0.879323333937781,1.0,2.0,0011,0.528380264210714,0.5406357643727073,25,25,1,Mixed votes,deployment_in_sample_not_validation,deployment
NC_000017.11:7673763:C:T,TP53,1,0.9957594855493782,1.0,0.9697210592925032,1.0,0.9999999536242105,1.0,0.9946958566535231,1.0,4.0,1111,0.9900440887799038,0.9948113358411703,25,25,1,Unanimous LP/P-directed,deployment_in_sample_not_validation,deployment
NC_000017.11:7673765:T:A,TP53,1,0.9910465150170764,1.0,0.9786714923113646,1.0,0.9999999536242105,1.0,0.9945778314278764,1.0,4.0,1111,0.9910739480951319,0.995418926079146,25,25,1,Unanimous LP/P-directed,deployment_in_sample_not_validation,deployment
NC_000017.11:7673775:G:C,TP53,1,0.9998667221372944,1.0,0.9966842943623339,1.0,0.9999999536242105,1.0,0.9959370175634399,1.0,4.0,1111,0.9981219969218196,0.9992228048987142,25,25,1,Unanimous LP/P-directed,deployment_in_sample_not_validation,deployment
NC_000017.11:7673775:G:A,TP53,1,0.9996383398604847,1.0,0.9934785776171129,1.0,0.9999999536242105,1.0,0.9948343583295034,1.0,4.0,1111,0.9969878073578279,0.9986701223364931,25,25,1,Unanimous LP/P-directed,deployment_in_sample_not_validation,deployment
NC_000017.11:7673777:T:A,TP53,1,0.9963868763544654,1.0,0.9885761579045674,1.0,0.9999999536242105,1.0,0.9947762037493603,1.0,4.0,1111,0.994934797908151,0.9975976899280965,25,25,1,Unanimous LP/P-directed,deployment_in_sample_not_validation,deployment
NC_000017.11:7673777:T:C,TP53,1,0.9953721921164903,1.0,0.9869264827009375,1.0,0.9999999536242105,1.0,0.9940700684435757,1.0,4.0,1111,0.9940921742213036,0.9971376422516414,25,25,1,Unanimous LP/P-directed,deployment_in_sample_not_validation,deployment
NC_000017.11:7673780:C:G,TP53,1,0.9930299531535361,1.0,0.9964713147510517,1.0,0.9999999536242105,1.0,0.9948003254931198,1.0,4.0,1111,0.9960753867554795,0.9982030774517073,25,25,1,Unanimous LP/P-directed,deployment_in_sample_not_validation,deployment
NC_000017.11:7673786:G:A,TP53,1,0.9989286101254002,1.0,0.9859181106281197,1.0,0.9999999536242105,1.0,0.99419246909184,1.0,4.0,1111,0.9947597858673927,0.9975029700709481,25,25,1,Unanimous LP/P-directed,deployment_in_sample_not_validation,deployment
NC_000017.11:7673792:G:C,TP53,1,0.9786207479336076,1.0,0.9701750449037007,1.0,0.9999999536242105,1.0,0.9894703348499312,1.0,4.0,1111,0.9845665203278625,0.9914400595353821,25,25,1,Unanimous LP/P-directed,deployment_in_sample_not_validation,deployment
NC_000017.11:7673795:C:T,TP53,1,0.9979582859002015,1.0,0.9914715964432976,1.0,0.9999999536242105,1.0,0.9945361901418931,1.0,4.0,1111,0.9959915065274006,0.9981593153789409,25,25,1,Unanimous LP/P-directed,deployment_in_sample_not_validation,deployment
NC_000017.11:7673801:C:G,TP53,1,0.9985930438749622,1.0,0.9915985364114897,1.0,0.9999999536242105,1.0,0.996183119217966,1.0,4.0,1111,0.996593663282157,0.9984704849286176,25,25,1,Unanimous LP/P-directed,deployment_in_sample_not_validation,deployment
NC_000017.11:7673801:C:T,TP53,1,0.9938164777721719,1.0,0.9433900337295871,1.0,0.9999999536242105,1.0,0.9928177975004225,1.0,4.0,1111,0.982506065656598,0.9901209282233685,25,25,1,Unanimous LP/P-directed,deployment_in_sample_not_validation,deployment
NC_000017.11:7673802:G:A,TP53,1,0.9997179165711877,1.0,0.9945330124247633,1.0,0.9999999536242105,1.0,0.996121347553002,1.0,4.0,1111,0.9975930575432909,0.9989695217486447,25,25,1,Unanimous LP/P-directed,deployment_in_sample_not_validation,deployment
NC_000017.11:7673805:C:T,TP53,1,0.9835843778394624,1.0,0.945571342734905,1.0,0.9999999536242105,1.0,0.9935493397432769,1.0,4.0,1111,0.9806762534854637,0.9889295693500089,25,25,1,Unanimous LP/P-directed,deployment_in_sample_not_validation,deployment
NC_000017.11:7673805:C:A,TP53,1,0.9639699919898346,1.0,0.9134525928834895,1.0,0.9999999536242105,1.0,0.9852754466608344,1.0,4.0,1111,0.9656744962895922,0.9785954619070963,25,25,1,Unanimous LP/P-directed,deployment_in_sample_not_validation,deployment
NC_000017.11:7673820:G:A,TP53,1,0.9980037536807044,1.0,0.994251668804302,1.0,0.9999999536242105,1.0,0.9953142252077425,1.0,4.0,1111,0.9968924003292399,0.9986221134286533,25,25,1,Unanimous LP/P-directed,deployment_in_sample_not_validation,deployment
NC_000017.11:7673825:A:G,TP53,1,0.9976611548802966,1.0,0.9928731701512022,1.0,0.9999999536242105,1.0,0.9957573353527776,1.0,4.0,1111,0.9965729035021218,0.998459877136725,25,25,1,Unanimous LP/P-directed,deployment_in_sample_not_validation,deployment
NC_000017.11:7674190:C:T,TP53,1,0.9992822566444549,1.0,0.9932441646559126,1.0,0.9999999536242105,1.0,0.9961196034559954,1.0,4.0,1111,0.9971614945951432,0.9987569771732215,25,25,1,Unanimous LP/P-directed,deployment_in_sample_not_validation,deployment
NC_000017.11:7674211:T:G,TP53,1,0.9895017889109073,1.0,0.9295151437598591,1.0,0.9999999536242105,1.0,0.9783050762440647,1.0,4.0,1111,0.9743304906347604,0.9846710817107295,25,25,1,Unanimous LP/P-directed,deployment_in_sample_not_validation,deployment
NC_000017.11:7674215:C:A,TP53,1,0.991693637968434,1.0,0.988929485904629,1.0,0.9999999536242105,1.0,0.994218385402879,1.0,4.0,1111,0.9937103657250381,0.9969260241087121,25,25,1,Unanimous LP/P-directed,deployment_in_sample_not_validation,deployment
NC_000017.11:7674219:C:G,TP53,1,0.9992325540185348,1.0,0.9938094072655519,1.0,0.9999999536242105,1.0,0.9958581828868599,1.0,4.0,1111,0.9972250244487894,0.9987885648881304,25,25,1,Unanimous LP/P-directed,deployment_in_sample_not_validation,deployment
NC_000017.11:7674219:C:A,TP53,1,0.9994618516248727,1.0,0.9908927003866492,1.0,0.9999999536242105,1.0,0.9960813004341359,1.0,4.0,1111,0.9966089515174671,0.9984782911332727,25,25,1,Unanimous LP/P-directed,deployment_in_sample_not_validation,deployment
NC_000017.11:7674219:C:T,TP53,1,0.9984561430392531,1.0,0.9707505592650874,1.0,0.9999999536242105,1.0,0.9937350081802353,1.0,4.0,1111,0.9907354160271965,0.9952202635565045,25,25,1,Unanimous LP/P-directed,deployment_in_sample_not_validation,deployment
NC_000017.11:7674220:G:A,TP53,1,0.9995871185153848,1.0,0.9937949984125959,1.0,0.9999999536242105,1.0,0.9958418279810487,1.0,4.0,1111,0.9973059746333099,0.9988286689658961,25,25,1,Unanimous LP/P-directed,deployment_in_sample_not_validation,deployment
NC_000017.11:7674226:T:C,TP53,1,0.9933238507580706,1.0,0.9780044518647656,1.0,0.9999999536242105,1.0,0.9909502725244292,1.0,4.0,1111,0.990569632192869,0.995122590489138,25,25,1,Unanimous LP/P-directed,deployment_in_sample_not_validation,deployment
NC_000017.11:7674228:C:T,TP53,1,0.9969191644244754,1.0,0.9871217825896234,1.0,0.9999999536242105,1.0,0.995343057224225,1.0,4.0,1111,0.9948459894656335,0.9975496817249755,25,25,1,Unanimous LP/P-directed,deployment_in_sample_not_validation,deployment
NC_000017.11:7674229:C:T,TP53,1,0.9970656239017459,1.0,0.9590261112147974,1.0,0.9999999536242105,1.0,0.9950995160363273,1.0,4.0,1111,0.9877978011942703,0.9934551370412902,25,25,1,Unanimous LP/P-directed,deployment_in_sample_not_validation,deployment
NC_000017.11:7674229:C:A,TP53,1,0.9967389349529363,1.0,0.984644536054749,1.0,0.9999999536242105,1.0,0.9958824377340557,1.0,4.0,1111,0.9943164655914879,0.9972610640182347,25,25,1,Unanimous LP/P-directed,deployment_in_sample_not_validation,deployment
NC_000017.11:7674237:C:T,TP53,1,0.9977483949727407,1.0,0.991869748696752,1.0,0.9999999536242105,1.0,0.9941706446070944,1.0,4.0,1111,0.9959471854751994,0.9981361402577315,25,25,1,Unanimous LP/P-directed,deployment_in_sample_not_validation,deployment
NC_000017.11:7674240:G:C,TP53,1,0.9990083854063384,1.0,0.9823055029827957,1.0,0.9999999536242105,1.0,0.9899448682358393,1.0,4.0,1111,0.9928146775622959,0.9964225510328566,24,25,1,Unanimous LP/P-directed,deployment_in_sample_not_validation,deployment
NC_000017.11:7674240:G:A,TP53,1,0.999688107324208,1.0,0.992795527110124,1.0,0.9999999536242105,1.0,0.9961529765645623,1.0,4.0,1111,0.9971591411557761,0.9987558051214908,25,25,1,Unanimous LP/P-directed,deployment_in_sample_not_validation,deployment
NC_000017.11:7674249:C:T,TP53,1,0.9987050006184066,1.0,0.9947865441616547,1.0,0.9999999536242105,1.0,0.9951739305957694,1.0,4.0,1111,0.9971663572500102,0.9987593984290148,25,25,1,Unanimous LP/P-directed,deployment_in_sample_not_validation,deployment
NC_000017.11:7674250:A:C,TP53,1,0.9992194994955392,1.0,0.9952588482845406,1.0,0.9999999536242105,1.0,0.9951778857998078,1.0,4.0,1111,0.9974140468010245,0.9988819494060256,25,25,1,Unanimous LP/P-directed,deployment_in_sample_not_validation,deployment
NC_000017.11:7674251:C:T,TP53,1,0.9960836512935712,1.0,0.9834628465205886,1.0,0.9999999536242105,1.0,0.9938902346407472,1.0,4.0,1111,0.9933591715197794,0.9967297550901052,25,25,1,Unanimous LP/P-directed,deployment_in_sample_not_validation,deployment
NC_000017.11:7674256:A:G,TP53,1,0.9983281769948118,1.0,0.9858512011907362,1.0,0.9999999536242105,1.0,0.9945946666129473,1.0,4.0,1111,0.9946934996056764,0.997466977333226,25,25,1,Unanimous LP/P-directed,deployment_in_sample_not_validation,deployment
NC_000017.11:7674261:T:C,TP53,1,0.995401209806406,1.0,0.9472119498541018,1.0,0.9999999536242105,1.0,0.9837700166166323,1.0,4.0,1111,0.9815957824753376,0.9895304974223492,25,25,1,Unanimous LP/P-directed,deployment_in_sample_not_validation,deployment
NC_000017.11:7674262:A:C,TP53,1,0.9998776552075385,1.0,0.9948858612429365,1.0,0.9999999536242105,1.0,0.9961888212213976,1.0,4.0,1111,0.9977380728240208,0.9990398091893454,25,25,1,Unanimous LP/P-directed,deployment_in_sample_not_validation,deployment
NC_000017.11:7674267:A:G,TP53,1,0.9913890987281343,1.0,0.895192020130267,1.0,0.9999999536242105,1.0,0.9891990983538073,1.0,4.0,1111,0.9689450427091049,0.9809235199560621,25,25,1,Unanimous LP/P-directed,deployment_in_sample_not_validation,deployment
NC_000017.11:7674871:T:C,TP53,1,0.9968861135825736,1.0,0.9900970082155218,1.0,0.9999999536242105,1.0,0.9903846091412506,1.0,4.0,1111,0.9943419211408892,0.997275028588597,25,25,1,Unanimous LP/P-directed,deployment_in_sample_not_validation,deployment
NC_000017.11:7674871:T:G,TP53,1,0.9981598484705738,1.0,0.9810821899112385,1.0,0.9999999536242105,1.0,0.9951248614304067,1.0,4.0,1111,0.9935917133591073,0.9968598836136806,25,25,1,Unanimous LP/P-directed,deployment_in_sample_not_validation,deployment
NC_000017.11:7674884:C:T,TP53,1,0.9739214134549327,1.0,0.9717195688366881,1.0,0.9999999536242105,1.0,0.9929855419457575,1.0,4.0,1111,0.9846566194653972,0.9914971672397733,25,25,1,Unanimous LP/P-directed,deployment_in_sample_not_validation,deployment
NC_000017.11:7674892:C:G,TP53,1,0.9947438684835502,1.0,0.9958938250868394,1.0,0.9999999536242105,1.0,0.9943809586919372,1.0,4.0,1111,0.9962546514716344,0.9982961632521047,25,25,1,Unanimous LP/P-directed,deployment_in_sample_not_validation,deployment
NC_000017.11:7674892:C:T,TP53,1,0.9792143890181813,1.0,0.9798713869311413,1.0,0.9999999536242105,1.0,0.9938133761012659,1.0,4.0,1111,0.9882247764186998,0.993715964857222,25,25,1,Unanimous LP/P-directed,deployment_in_sample_not_validation,deployment
NC_000017.11:7674943:C:G,TP53,1,0.9988419372994027,1.0,0.9935075041715051,1.0,0.9999999536242105,1.0,0.9961408456644586,1.0,4.0,1111,0.9971225601898942,0.9987375699479473,25,25,1,Unanimous LP/P-directed,deployment_in_sample_not_validation,deployment
NC_000017.11:7674946:A:G,TP53,1,0.9992013192449077,1.0,0.9922072800850498,1.0,0.9999999536242105,1.0,0.9927678825876216,1.0,4.0,1111,0.9960441088854475,0.998186774261209,25,25,1,Unanimous LP/P-directed,deployment_in_sample_not_validation,deployment
NC_000017.11:7674950:G:A,TP53,1,0.995463551668755,1.0,0.9649538463405962,1.0,0.9999999536242105,1.0,0.9875037096381859,1.0,4.0,1111,0.9869802653179369,0.9929520104393108,25,25,1,Unanimous LP/P-directed,deployment_in_sample_not_validation,deployment
NC_000017.11:7674952:T:C,TP53,1,0.9992590877475559,1.0,0.993454073323921,1.0,0.9999999536242105,1.0,0.9961349792085523,1.0,4.0,1111,0.99721202347606,0.9987821087458447,25,25,1,Unanimous LP/P-directed,deployment_in_sample_not_validation,deployment
NC_000017.11:7674953:G:A,TP53,1,0.995434369686504,1.0,0.9820768713200194,1.0,0.9999999536242105,1.0,0.9952620849795335,1.0,4.0,1111,0.9931933199025669,0.9966365479732906,25,25,1,Unanimous LP/P-directed,deployment_in_sample_not_validation,deployment
NC_000017.11:7675069:C:T,TP53,1,0.3542200928770892,0.0,0.5514669889421497,0.0,0.9988058278111791,1.0,0.9254087769346853,1.0,2.0,0011,0.7074754216412757,0.7381890764560279,25,25,1,Mixed votes,deployment_in_sample_not_validation,deployment
NC_000017.11:7675073:C:T,TP53,1,0.9750956069113931,1.0,0.960838242680185,1.0,0.9999999536242105,1.0,0.9860593081992205,1.0,4.0,1111,0.9804982778537522,0.988812750926907,25,25,1,Unanimous LP/P-directed,deployment_in_sample_not_validation,deployment
NC_000017.11:7675076:G:A,TP53,1,0.9867244626775876,1.0,0.966732063060438,1.0,0.9999999536242105,1.0,0.9952040188217111,1.0,4.0,1111,0.9871651245459868,0.9930661938510489,25,25,1,Unanimous LP/P-directed,deployment_in_sample_not_validation,deployment
NC_000017.11:7675084:C:T,TP53,1,0.9974920627715487,1.0,0.9912618719442963,1.0,0.9999999536242105,1.0,0.9941706446070944,1.0,4.0,1111,0.9957311332367874,0.998022666371063,25,25,1,Unanimous LP/P-directed,deployment_in_sample_not_validation,deployment
NC_000017.11:7675087:C:A,TP53,1,0.9931226985649685,1.0,0.9773790899671827,1.0,0.9999999536242105,1.0,0.9957967802401226,1.0,4.0,1111,0.9915746305991211,0.9957107489192523,25,25,1,Unanimous LP/P-directed,deployment_in_sample_not_validation,deployment
NC_000017.11:7675087:C:T,TP53,1,0.9931751520321648,1.0,0.8962268437166938,1.0,0.9999999536242105,1.0,0.9945541047355002,1.0,4.0,1111,0.9709890135271423,0.9823589948329534,25,25,1,Unanimous LP/P-directed,deployment_in_sample_not_validation,deployment
NC_000017.11:7675094:C:T,TP53,1,0.9532700564877744,1.0,0.95767975237182,1.0,0.9999999536242105,1.0,0.9945391876712543,1.0,4.0,1111,0.9763722375387648,0.9860612245888933,25,25,1,Unanimous LP/P-directed,deployment_in_sample_not_validation,deployment
NC_000017.11:7675121:T:C,TP53,1,0.9959381560661116,1.0,0.9679618852615586,1.0,0.9999999536242105,1.0,0.993325644067313,1.0,4.0,1111,0.9893064097547983,0.9943704311872003,24,25,1,Unanimous LP/P-directed,deployment_in_sample_not_validation,deployment
NC_000017.11:7675123:T:C,TP53,1,0.9982377813295209,1.0,0.973383908941695,1.0,0.9999999536242105,1.0,0.9952215744880408,1.0,4.0,1111,0.9917108045958669,0.9957896935898023,25,25,1,Unanimous LP/P-directed,deployment_in_sample_not_validation,deployment
NC_000017.11:7675138:C:G,TP53,1,0.9980412244164242,1.0,0.9915646183748973,1.0,0.9999999536242105,1.0,0.9961430945359262,1.0,4.0,1111,0.9964372227378645,0.9983903289084476,25,25,1,Unanimous LP/P-directed,deployment_in_sample_not_validation,deployment
NC_000017.11:7675138:C:T,TP53,1,0.9942172932522921,1.0,0.9636121226329358,1.0,0.9999999536242105,1.0,0.9904492586017501,1.0,4.0,1111,0.9870696570277971,0.9930072557190904,25,25,1,Unanimous LP/P-directed,deployment_in_sample_not_validation,deployment
NC_000017.11:7675142:C:A,TP53,1,0.9921148596749617,1.0,0.9778617310953535,1.0,0.9999999536242105,1.0,0.9914898351378305,1.0,4.0,1111,0.9903665948830891,0.9950026310622354,25,25,1,Unanimous LP/P-directed,deployment_in_sample_not_validation,deployment
NC_000017.11:7675156:G:A,TP53,1,0.9594652880188151,1.0,0.827453261346722,1.0,0.9999999536242105,1.0,0.9702604707231118,1.0,4.0,1111,0.9392947434282148,0.9586617598308289,25,25,1,Unanimous LP/P-directed,deployment_in_sample_not_validation,deployment
NC_000017.11:7675160:G:A,TP53,1,0.9808954591568129,1.0,0.8868718837452653,1.0,0.9999999536242105,1.0,0.9903090879908606,1.0,4.0,1111,0.9645190961292873,0.977764283455185,25,25,1,Unanimous LP/P-directed,deployment_in_sample_not_validation,deployment
NC_000017.11:7675160:G:T,TP53,1,0.9401640500508932,1.0,0.7626206808136686,1.0,0.9999999536242105,1.0,0.9840942494301339,1.0,4.0,1111,0.9217197334797265,0.9444658732436105,25,25,1,Unanimous LP/P-directed,deployment_in_sample_not_validation,deployment
NC_000017.11:7675184:C:T,TP53,1,0.9124516230779023,1.0,0.8522265514828606,1.0,0.9999999536242105,1.0,0.9558352336714401,1.0,4.0,1111,0.9301283404641033,0.9513370316834246,25,25,1,Unanimous LP/P-directed,deployment_in_sample_not_validation,deployment
NC_000017.11:7675189:C:T,TP53,1,0.9971927946390995,1.0,0.9838474338522253,1.0,0.9999999536242105,1.0,0.9962145344425031,1.0,4.0,1111,0.9943136791395095,0.9972595348708809,25,25,1,Unanimous LP/P-directed,deployment_in_sample_not_validation,deployment
NC_000017.11:7675198:G:A,TP53,1,0.9696355500673943,1.0,0.9351290410976659,1.0,0.9999999536242105,1.0,0.9857463730156244,1.0,4.0,1111,0.9726277294512238,0.9834984223702603,25,25,1,Unanimous LP/P-directed,deployment_in_sample_not_validation,deployment
NC_000017.11:7675199:C:G,TP53,1,0.9676988336432628,1.0,0.9708948112951422,1.0,0.9999999536242105,1.0,0.9945529819143789,1.0,4.0,1111,0.9832866451192486,0.9906235665667399,25,25,1,Unanimous LP/P-directed,deployment_in_sample_not_validation,deployment
NC_000017.11:7675210:A:C,TP53,1,0.9986648953350602,1.0,0.9804435041801853,1.0,0.9999999536242105,1.0,0.994741736326464,1.0,4.0,1111,0.99346252236648,0.9967876706859584,25,25,1,Unanimous LP/P-directed,deployment_in_sample_not_validation,deployment
NC_000017.11:7675213:A:G,TP53,1,0.9898236006284212,1.0,0.9740233963175247,1.0,0.9999999536242105,1.0,0.9718015502150071,1.0,4.0,1111,0.9839121251962909,0.9910238046698481,25,25,1,Unanimous LP/P-directed,deployment_in_sample_not_validation,deployment
NC_000017.11:7675220:T:A,TP53,1,0.9728016846305145,1.0,0.9103813293254552,1.0,0.9999999536242105,1.0,0.9679642635335993,1.0,4.0,1111,0.9627868077784448,0.9765099151113492,25,25,1,Unanimous LP/P-directed,deployment_in_sample_not_validation,deployment
NC_000017.11:7675231:G:C,TP53,1,0.9902462174247455,1.0,0.9661393604927624,1.0,0.9999999536242105,1.0,0.981218238107816,1.0,4.0,1111,0.9844009424123836,0.9913349814732139,25,25,1,Unanimous LP/P-directed,deployment_in_sample_not_validation,deployment
NC_000017.11:7675231:G:A,TP53,1,0.9974740551789512,1.0,0.9822037941021986,1.0,0.9999999536242105,1.0,0.9946445502216109,1.0,4.0,1111,0.9935805882817428,0.9968536731845001,25,25,1,Unanimous LP/P-directed,deployment_in_sample_not_validation,deployment
NC_000017.11:7675994:G:T,TP53,1,0.9949217295233527,1.0,0.9652052959610622,1.0,0.9999999536242105,1.0,0.9923457650320904,1.0,4.0,1111,0.988118186035179,0.9936509794210696,25,25,1,Unanimous LP/P-directed,deployment_in_sample_not_validation,deployment
NC_000017.11:7676039:C:G,TP53,1,0.9740201200089076,1.0,0.9681098447711507,1.0,0.9999999536242105,1.0,0.980692522960937,1.0,4.0,1111,0.9807056103413014,0.9889488227501964,25,25,1,Unanimous LP/P-directed,deployment_in_sample_not_validation,deployment
NC_000017.11:35103500:G:A,RAD51D,1,0.9600809798714777,1.0,0.8279740329374765,1.0,0.9999999536242105,1.0,0.9556469959134171,1.0,4.0,1111,0.9359254905866454,0.9559904920027784,24,25,1,Unanimous LP/P-directed,deployment_in_sample_not_validation,deployment
NC_000017.11:43045760:A:G,BRCA1,1,0.9997711851005935,1.0,0.9941795338695646,1.0,0.9999999536242105,1.0,0.9960485084200766,1.0,4.0,1111,0.9974997952536113,0.998924005998079,25,25,1,Unanimous LP/P-directed,deployment_in_sample_not_validation,deployment
NC_000017.11:43049163:C:A,BRCA1,1,0.9992037862174263,1.0,0.9888533560679527,1.0,0.9999999536242105,1.0,0.9951178951346153,1.0,4.0,1111,0.9957937477610512,0.9980556370488983,25,25,1,Unanimous LP/P-directed,deployment_in_sample_not_validation,deployment
NC_000017.11:43051070:A:T,BRCA1,1,0.9986495329500147,1.0,0.9809495687304397,1.0,0.9999999536242105,1.0,0.9945697195348615,1.0,4.0,1111,0.9935421937098816,0.9968322281917411,25,25,1,Unanimous LP/P-directed,deployment_in_sample_not_validation,deployment
NC_000017.11:43051070:A:C,BRCA1,1,0.998722414753794,1.0,0.9791739393114818,1.0,0.9999999536242105,1.0,0.994809655118818,1.0,4.0,1111,0.993176490702076,0.9966270719120314,25,25,1,Unanimous LP/P-directed,deployment_in_sample_not_validation,deployment
NC_000017.11:43051097:A:C,BRCA1,1,0.9996484535910423,1.0,0.9946369606343018,1.0,0.9999999536242105,1.0,0.9942661003865157,1.0,4.0,1111,0.9971378670590175,0.9987452041732456,25,25,1,Unanimous LP/P-directed,deployment_in_sample_not_validation,deployment
NC_000017.11:43051103:A:G,BRCA1,1,0.9990705296235883,1.0,0.9876274470050893,1.0,0.9999999536242105,1.0,0.9944435914402552,1.0,4.0,1111,0.9952853804232857,0.9977860357366571,25,25,1,Unanimous LP/P-directed,deployment_in_sample_not_validation,deployment
NC_000017.11:43057082:G:C,BRCA1,1,0.9993015471583219,1.0,0.9932263557074362,1.0,0.9999999536242105,1.0,0.9910106693445907,1.0,4.0,1111,0.9958846314586398,0.9981033709996354,25,25,1,Unanimous LP/P-directed,deployment_in_sample_not_validation,deployment
NC_000017.11:43057112:T:A,BRCA1,1,0.9992956667719115,1.0,0.9938973918337547,1.0,0.9999999536242105,1.0,0.9939797610112587,1.0,4.0,1111,0.9967931933102839,0.9985719748462442,25,25,1,Unanimous LP/P-directed,deployment_in_sample_not_validation,deployment
NC_000017.11:43057112:T:C,BRCA1,1,0.9992733375271561,1.0,0.9917768294318293,1.0,0.9999999536242105,1.0,0.9942049012825925,1.0,4.0,1111,0.9963137554664471,0.9983267192376222,25,25,1,Unanimous LP/P-directed,deployment_in_sample_not_validation,deployment
NC_000017.11:43057116:C:T,BRCA1,1,0.9996316532523568,1.0,0.9931567282540326,1.0,0.9999999536242105,1.0,0.9944390676167176,1.0,4.0,1111,0.9968068506868293,0.9985788901471176,25,25,1,Unanimous LP/P-directed,deployment_in_sample_not_validation,deployment
NC_000017.11:43057121:A:G,BRCA1,1,0.9401891574668704,1.0,0.9567790992088286,1.0,0.9999999536242105,1.0,0.9896875657837877,1.0,4.0,1111,0.9716639440209244,0.9828295470657075,25,25,1,Unanimous LP/P-directed,deployment_in_sample_not_validation,deployment
NC_000017.11:43063371:C:A,BRCA1,1,0.9987560900521173,1.0,0.979084761723067,1.0,0.9999999536242105,1.0,0.9954238761552605,1.0,4.0,1111,0.9933161703886638,0.9967056202946737,24,25,1,Unanimous LP/P-directed,deployment_in_sample_not_validation,deployment
NC_000017.11:43063880:G:C,BRCA1,1,0.9975406170985066,1.0,0.9860138047895396,1.0,0.9999999536242105,1.0,0.993630359901217,1.0,4.0,1111,0.9942961838533684,0.9972499314007696,25,25,1,Unanimous LP/P-directed,deployment_in_sample_not_validation,deployment
NC_000017.11:43063880:G:T,BRCA1,1,0.9978818257075635,1.0,0.9711288397456023,1.0,0.9999999536242105,1.0,0.9939594294566179,1.0,4.0,1111,0.9907425121334985,0.9952244386937561,25,25,1,Unanimous LP/P-directed,deployment_in_sample_not_validation,deployment
NC_000017.11:43063882:T:G,BRCA1,1,0.9912911098010996,1.0,0.9455412654264714,1.0,0.9999999536242105,1.0,0.9941990298893877,1.0,4.0,1111,0.9827578396852923,0.9902834289020247,25,25,1,Unanimous LP/P-directed,deployment_in_sample_not_validation,deployment
NC_000017.11:43063902:G:T,BRCA1,1,0.9962933806880472,1.0,0.988216492350373,1.0,0.9999999536242105,1.0,0.995586169865862,1.0,4.0,1111,0.9950239991321232,0.9976457913379843,25,25,1,Unanimous LP/P-directed,deployment_in_sample_not_validation,deployment
NC_000017.11:43063908:C:T,BRCA1,1,0.9979549764410807,1.0,0.9740070225900476,1.0,0.9999999536242105,1.0,0.9957932113340415,1.0,4.0,1111,0.9919387909973452,0.9959214474033821,25,25,1,Unanimous LP/P-directed,deployment_in_sample_not_validation,deployment
NC_000017.11:43063929:C:T,BRCA1,1,0.9849071582072165,1.0,0.9587391154944855,1.0,0.9999999536242105,1.0,0.9893356117381832,1.0,4.0,1111,0.983245459766024,0.9905971327014479,25,25,1,Unanimous LP/P-directed,deployment_in_sample_not_validation,deployment
NC_000017.11:43063930:G:A,BRCA1,1,0.9993475677693081,1.0,0.9938637354050138,1.0,0.9999999536242105,1.0,0.9941469211596219,1.0,4.0,1111,0.9968395444895386,0.9985954276668279,25,25,1,Unanimous LP/P-directed,deployment_in_sample_not_validation,deployment
NC_000017.11:43063936:A:G,BRCA1,1,0.9930430242103759,1.0,0.9493091351050895,1.0,0.9999999536242105,1.0,0.9950292444667617,1.0,4.0,1111,0.9843453393516094,0.9912996575664357,25,25,1,Unanimous LP/P-directed,deployment_in_sample_not_validation,deployment
NC_000017.11:43067609:G:A,BRCA1,1,0.9927175073545396,1.0,0.9991972905084276,1.0,0.9999999536242105,1.0,0.994595434476479,1.0,4.0,1111,0.9966275464909142,0.9984877791643546,25,25,1,Unanimous LP/P-directed,deployment_in_sample_not_validation,deployment
NC_000017.11:43067615:A:C,BRCA1,1,0.997978064691522,1.0,0.9920024630667336,1.0,0.9999999536242105,1.0,0.9937028208876082,1.0,4.0,1111,0.9959208255675185,0.9981223400373952,25,25,1,Unanimous LP/P-directed,deployment_in_sample_not_validation,deployment
NC_000017.11:43067623:A:T,BRCA1,1,0.994368660974089,1.0,0.9698700426466794,1.0,0.9999999536242105,1.0,0.9910815515111033,1.0,4.0,1111,0.9888300521890205,0.9940833357566814,25,25,1,Unanimous LP/P-directed,deployment_in_sample_not_validation,deployment
NC_000017.11:43067624:T:C,BRCA1,1,0.9978522373850252,1.0,0.9451800564959816,1.0,0.9999999536242105,1.0,0.9940731774875042,1.0,4.0,1111,0.9842763562481804,0.9912558074624681,25,25,1,Unanimous LP/P-directed,deployment_in_sample_not_validation,deployment
NC_000017.11:43067627:G:A,BRCA1,1,0.9968245309186137,1.0,0.9819804729583002,1.0,0.9999999536242105,1.0,0.9951945638524943,1.0,4.0,1111,0.9934998803384046,0.9968085734063832,25,25,1,Unanimous LP/P-directed,deployment_in_sample_not_validation,deployment
NC_000017.11:43067628:T:C,BRCA1,1,0.9878516537263899,1.0,0.8290804765328281,1.0,0.9999999536242105,1.0,0.9872381850806594,1.0,4.0,1111,0.951042567241022,0.9677687096214148,25,25,1,Unanimous LP/P-directed,deployment_in_sample_not_validation,deployment
NC_000017.11:43070949:G:A,BRCA1,1,0.9970485424499937,1.0,0.9786691289078536,1.0,0.9999999536242105,1.0,0.988787797794091,1.0,4.0,1111,0.9911263556940373,0.9954495847309381,25,25,1,Unanimous LP/P-directed,deployment_in_sample_not_validation,deployment
NC_000017.11:43071045:G:C,BRCA1,1,0.940171980909449,1.0,0.9976864746054145,1.0,0.9999999536242105,1.0,0.9329250924958931,1.0,4.0,1111,0.9676958754087418,0.9800387442934457,25,25,1,Unanimous LP/P-directed,deployment_in_sample_not_validation,deployment
NC_000017.11:43076487:C:A,BRCA1,1,0.990092012306569,1.0,0.9734273539378587,1.0,0.9999999536242105,1.0,0.9811729344987806,1.0,4.0,1111,0.9861730635918546,0.9924506527229379,24,25,1,Unanimous LP/P-directed,deployment_in_sample_not_validation,deployment
NC_000017.11:43082528:A:G,BRCA1,1,0.905089595177376,1.0,0.9205297770069253,1.0,0.9999999536242105,1.0,0.9343323380224767,1.0,4.0,1111,0.9399879159577471,0.9592081895050903,25,25,1,Unanimous LP/P-directed,deployment_in_sample_not_validation,deployment
NC_000017.11:43106455:C:T,BRCA1,1,0.9912479034636166,1.0,0.9982651741689584,1.0,0.9999999536242105,1.0,0.9909667021694242,1.0,4.0,1111,0.9951199333565525,0.9976973882290925,24,25,1,Unanimous LP/P-directed,deployment_in_sample_not_validation,deployment
NC_000017.11:43106476:C:T,BRCA1,1,0.9991603703918481,1.0,0.9885531453150006,1.0,0.9999999536242105,1.0,0.9961795976890324,1.0,4.0,1111,0.995973266755023,0.9981497822633477,25,25,1,Unanimous LP/P-directed,deployment_in_sample_not_validation,deployment
NC_000017.11:43106477:A:C,BRCA1,1,0.9923779642247809,1.0,0.9995549465279598,1.0,0.9999999536242105,1.0,0.9959219966018656,1.0,4.0,1111,0.9969637152447042,0.9986580188189652,25,25,1,Unanimous LP/P-directed,deployment_in_sample_not_validation,deployment
NC_000017.11:43106486:A:C,BRCA1,1,0.9972475858819394,1.0,0.9881877839488056,1.0,0.9999999536242105,1.0,0.9947562224687859,1.0,4.0,1111,0.9950478864809353,0.997658652006152,25,25,1,Unanimous LP/P-directed,deployment_in_sample_not_validation,deployment
NC_000017.11:43124031:A:G,BRCA1,1,0.9986061076199138,1.0,0.9879914175168578,1.0,0.9999999536242105,1.0,0.9932052376003271,1.0,4.0,1111,0.9949506790903273,0.9976062625785694,25,25,1,Unanimous LP/P-directed,deployment_in_sample_not_validation,deployment
NC_000017.11:43124043:A:G,BRCA1,1,0.9790678958557553,1.0,0.9724522545086532,1.0,0.9999999536242105,1.0,0.991352862892828,1.0,4.0,1111,0.9857182417203617,0.992166231464225,25,25,1,Unanimous LP/P-directed,deployment_in_sample_not_validation,deployment
NC_000017.11:58695158:G:T,RAD51C,1,0.9999106960015796,1.0,0.9964324208432339,1.0,0.9999999536242105,1.0,0.994122592663898,1.0,4.0,1111,0.9976164157832305,0.9989808837570412,25,25,1,Unanimous LP/P-directed,deployment_in_sample_not_validation,deployment
NC_000017.11:58695188:G:A,RAD51C,1,0.9923127587511297,1.0,0.9998213457345122,1.0,0.9999999536242105,1.0,0.9950502614831267,1.0,4.0,1111,0.9967960798982448,0.9985734367881711,23,25,1,Unanimous LP/P-directed,deployment_in_sample_not_validation,deployment
NC_000017.11:58696701:G:C,RAD51C,1,0.8489179709500653,1.0,0.6726632836120576,0.0,0.9989341781778244,1.0,0.9189213410924464,1.0,3.0,1011,0.8598591934580984,0.8902760148007104,25,25,1,Mixed votes,deployment_in_sample_not_validation,deployment
NC_000019.10:1207057:T:G,STK11,1,0.9992569452103625,1.0,0.9965859081430704,1.0,0.9999999536242105,1.0,0.9955138452377326,1.0,4.0,1111,0.997839163053844,0.9990884421469531,25,25,1,Unanimous LP/P-directed,deployment_in_sample_not_validation,deployment
NC_000019.10:1207112:T:C,STK11,1,0.9997098657851157,1.0,0.9991440443024475,1.0,0.9999999536242105,1.0,0.9958149275466914,1.0,4.0,1111,0.9986671978146162,0.9994736442648028,25,25,1,Unanimous LP/P-directed,deployment_in_sample_not_validation,deployment
NC_000019.10:1219351:G:C,STK11,1,0.9986769880866867,1.0,0.9984527599618761,1.0,0.9999999536242105,1.0,0.9941722713813128,1.0,4.0,1111,0.9978254932635215,0.9990818838410364,25,25,1,Unanimous LP/P-directed,deployment_in_sample_not_validation,deployment
NC_000019.10:1220395:G:A,STK11,1,0.9988922010606308,1.0,0.9952364576809026,1.0,0.9999999536242105,1.0,0.9949263785020195,1.0,4.0,1111,0.9972637477169408,0.9988077695570542,25,25,1,Unanimous LP/P-directed,deployment_in_sample_not_validation,deployment
NC_000019.10:1220433:G:A,STK11,1,0.9990617915729765,1.0,0.9962955472480313,1.0,0.9999999536242105,1.0,0.9945410055814202,1.0,4.0,1111,0.9974745745066596,0.9989116565122323,25,25,1,Unanimous LP/P-directed,deployment_in_sample_not_validation,deployment
NC_000019.10:1220487:G:A,STK11,1,0.9994924280315451,1.0,0.9979964952812704,1.0,0.9999999536242105,1.0,0.9960831878581583,1.0,4.0,1111,0.9983930161987962,0.9993489653082908,25,25,1,Unanimous LP/P-directed,deployment_in_sample_not_validation,deployment
NC_000019.10:1220487:G:T,STK11,1,0.9985800483158868,1.0,0.9942422735264197,1.0,0.9999999536242105,1.0,0.9951624049651658,1.0,4.0,1111,0.9969961701079207,0.998674320522212,25,25,1,Unanimous LP/P-directed,deployment_in_sample_not_validation,deployment
NC_000019.10:1220699:G:C,STK11,1,0.9988100035827543,1.0,0.997603740144496,1.0,0.9999999536242105,1.0,0.9960701120447566,1.0,4.0,1111,0.9981209523490544,0.9992223135352121,25,25,1,Unanimous LP/P-directed,deployment_in_sample_not_validation,deployment
NC_000022.11:28695799:T:G,CHEK2,1,0.9965819649643148,1.0,0.9419222023338053,1.0,0.9999999536242105,1.0,0.9924778555563969,1.0,4.0,1111,0.9827454941196819,0.9902754690713533,24,25,1,Unanimous LP/P-directed,deployment_in_sample_not_validation,deployment
NC_000022.11:28711993:A:G,CHEK2,1,0.8778216114366905,1.0,0.5139040329249794,0.0,0.9999999536242105,1.0,0.9581581463045407,1.0,3.0,1011,0.8374709360726053,0.869363075510668,24,25,1,Mixed votes,deployment_in_sample_not_validation,deployment
NC_000022.11:28725069:C:T,CHEK2,1,0.9902472684656175,1.0,0.9548798886859752,1.0,0.9999999536242105,1.0,0.9896413068429711,1.0,4.0,1111,0.9836921044046936,0.9908832767527758,24,25,1,Unanimous LP/P-directed,deployment_in_sample_not_validation,deployment
NC_000022.11:28725253:G:A,CHEK2,1,0.9967456530451181,1.0,0.9322835311266746,1.0,0.9999999536242105,1.0,0.9895580456201032,1.0,4.0,1111,0.9796467958540267,0.9882516375851584,24,25,1,Unanimous LP/P-directed,deployment_in_sample_not_validation,deployment
NC_000022.11:28725337:T:C,CHEK2,1,0.9823794996966827,1.0,0.9487395677595131,1.0,0.9999999536242105,1.0,0.9900209840323458,1.0,4.0,1111,0.980285001278188,0.9886725485146151,24,25,1,Unanimous LP/P-directed,deployment_in_sample_not_validation,deployment
NC_000022.11:28734672:C:A,CHEK2,1,0.8387933240570198,1.0,0.008644717238529167,0.0,0.9999999536242105,1.0,0.8984282848470722,1.0,3.0,1011,0.6864665699417078,0.7157762178969262,23,25,1,Mixed votes,deployment_in_sample_not_validation,deployment
NC_000010.11:87864333:G:C,PTEN,1,,,,,,,,,,,,,2,25,0,,deployment_in_sample_not_validation,deployment
NC_000010.11:87864469:A:G,PTEN,1,0.9954691560418624,1.0,0.9942525991863929,1.0,0.9999999536242105,1.0,0.9911494479861581,1.0,4.0,1111,0.995217789209656,0.9977498719133068,21,25,1,Unanimous LP/P-directed,deployment_in_sample_not_validation,deployment
NC_000010.11:87864470:T:C,PTEN,1,0.9953493786102066,1.0,0.9949917122482028,1.0,0.9999999536242105,1.0,0.9863243397119839,1.0,4.0,1111,0.994166346048651,0.9971785317202431,21,25,1,Unanimous LP/P-directed,deployment_in_sample_not_validation,deployment
NC_000010.11:87864470:T:G,PTEN,1,0.994940481701569,1.0,0.9944975698477642,1.0,0.9999999536242105,1.0,0.9874550523536582,1.0,4.0,1111,0.9942232643818004,0.9972098598927619,21,25,1,Unanimous LP/P-directed,deployment_in_sample_not_validation,deployment
NC_000010.11:87864471:G:A,PTEN,1,0.9954564860989602,1.0,0.995147247699954,1.0,0.9999999536242105,1.0,0.9836085718573375,1.0,4.0,1111,0.9935530648201156,0.996838302008804,21,25,1,Unanimous LP/P-directed,deployment_in_sample_not_validation,deployment
NC_000010.11:87864482:T:C,PTEN,1,0.9983724982399124,1.0,0.9861506845913299,1.0,0.9999999536242105,1.0,0.9902252837329346,1.0,4.0,1111,0.9936871050470969,0.9969130717325893,25,25,1,Unanimous LP/P-directed,deployment_in_sample_not_validation,deployment
NC_000010.11:87864484:A:G,PTEN,1,0.9995985022080055,1.0,0.9961300256185315,1.0,0.9999999536242105,1.0,0.9948430504066427,1.0,4.0,1111,0.9976428829643476,0.9989937394456352,25,25,1,Unanimous LP/P-directed,deployment_in_sample_not_validation,deployment
NC_000010.11:87864503:A:C,PTEN,1,0.992051088189142,1.0,0.9745821973559773,1.0,0.9995987146172752,1.0,0.9595787830801836,1.0,4.0,1111,0.9814526958106446,0.9894372806382113,25,25,1,Unanimous LP/P-directed,deployment_in_sample_not_validation,deployment
NC_000010.11:87864503:A:T,PTEN,1,0.9985288544041354,1.0,0.9830330813440876,1.0,0.9999999536242105,1.0,0.9802497127574754,1.0,4.0,1111,0.9904529005324773,0.9950536676871584,25,25,1,Unanimous LP/P-directed,deployment_in_sample_not_validation,deployment
NC_000010.11:87864505:A:C,PTEN,1,0.9983209909016818,1.0,0.9884716113483843,1.0,0.9999999536242105,1.0,0.9835605805597386,1.0,4.0,1111,0.9925882841085039,0.9962938244876002,25,25,1,Unanimous LP/P-directed,deployment_in_sample_not_validation,deployment
NC_000010.11:87864505:A:G,PTEN,1,0.9994849586699383,1.0,0.9948377475846213,1.0,0.9999999536242105,1.0,0.9960984948991215,1.0,4.0,1111,0.997605288694473,0.9989754731834298,25,25,1,Unanimous LP/P-directed,deployment_in_sample_not_validation,deployment
NC_000010.11:87864512:G:A,PTEN,1,0.9982751053858412,1.0,0.9906155103305673,1.0,0.9999999536242105,1.0,0.9838636596566495,1.0,4.0,1111,0.9931885572493171,0.9966338665917781,25,25,1,Unanimous LP/P-directed,deployment_in_sample_not_validation,deployment
NC_000010.11:87864512:G:C,PTEN,1,0.9995938386140029,1.0,0.9952178449380938,1.0,0.9999999536242105,1.0,0.9961085200102009,1.0,4.0,1111,0.9977300392966271,0.9990359313224971,25,25,1,Unanimous LP/P-directed,deployment_in_sample_not_validation,deployment
NC_000010.11:87864513:A:C,PTEN,1,0.9991767028833441,1.0,0.9937849514839111,1.0,0.9999999536242105,1.0,0.9961056015326886,1.0,4.0,1111,0.9972668023810386,0.9988092829124692,25,25,1,Unanimous LP/P-directed,deployment_in_sample_not_validation,deployment
NC_000010.11:87864513:A:T,PTEN,1,0.9991714461680258,1.0,0.9937565501133027,1.0,0.9999999536242105,1.0,0.9960729055969595,1.0,4.0,1111,0.9972502138756246,0.9988010617482581,25,25,1,Unanimous LP/P-directed,deployment_in_sample_not_validation,deployment
NC_000010.11:87864514:T:G,PTEN,1,0.9995686934095331,1.0,0.990873410053044,1.0,0.9999999536242105,1.0,0.9952498108857977,1.0,4.0,1111,0.9964229669931464,0.9983829999066712,25,25,1,Unanimous LP/P-directed,deployment_in_sample_not_validation,deployment
NC_000010.11:87864527:G:T,PTEN,1,0.9995085888172308,1.0,0.9955808493697476,1.0,0.9999999536242105,1.0,0.9956613158745091,1.0,4.0,1111,0.9976876769214245,0.9990154513584827,25,25,1,Unanimous LP/P-directed,deployment_in_sample_not_validation,deployment
NC_000010.11:87864532:G:C,PTEN,1,0.9995981749412669,1.0,0.9967118690788277,1.0,0.9999999536242105,1.0,0.9956363221838376,1.0,4.0,1111,0.9979865799570357,0.9991587978543277,25,25,1,Unanimous LP/P-directed,deployment_in_sample_not_validation,deployment
NC_000010.11:87864533:A:G,PTEN,1,0.9996186239998597,1.0,0.9945533807976906,1.0,0.9999999536242105,1.0,0.9952225407861723,1.0,4.0,1111,0.9973486248019833,0.9988497318584297,25,25,1,Unanimous LP/P-directed,deployment_in_sample_not_validation,deployment
NC_000010.11:87864535:T:G,PTEN,1,0.9987957794149194,1.0,0.9922301766687751,1.0,0.9999999536242105,1.0,0.9940329997193035,1.0,4.0,1111,0.9962647273568022,0.9983013771381922,25,25,1,Unanimous LP/P-directed,deployment_in_sample_not_validation,deployment
NC_000010.11:87864538:G:C,PTEN,1,0.9996753445418491,1.0,0.9974126975149348,1.0,0.9999999536242105,1.0,0.9961825015485123,1.0,4.0,1111,0.9983176243073767,0.9993141438801075,25,25,1,Unanimous LP/P-directed,deployment_in_sample_not_validation,deployment
NC_000010.11:87864538:G:T,PTEN,1,0.9996931312946976,1.0,0.997716430194177,1.0,0.9999999536242105,1.0,0.9961800171124588,1.0,4.0,1111,0.998397383056386,0.9993509754714385,25,25,1,Unanimous LP/P-directed,deployment_in_sample_not_validation,deployment
NC_000010.11:87864539:A:G,PTEN,1,0.9997622814379861,1.0,0.9971837372634433,1.0,0.9999999536242105,1.0,0.9960904126484383,1.0,4.0,1111,0.9982590962435195,0.9992869626374457,25,25,1,Unanimous LP/P-directed,deployment_in_sample_not_validation,deployment
NC_000010.11:87864539:A:T,PTEN,1,0.9997926410306774,1.0,0.9982354761496043,1.0,0.9999999536242105,1.0,0.9960904126484383,1.0,4.0,1111,0.9985296208632326,0.9994114829690218,25,25,1,Unanimous LP/P-directed,deployment_in_sample_not_validation,deployment
NC_000010.11:87864543:G:C,PTEN,1,0.9996452520090561,1.0,0.9971311623445838,1.0,0.9999999536242105,1.0,0.9947173791181404,1.0,4.0,1111,0.9978734367739978,0.9991048603105497,25,25,1,Unanimous LP/P-directed,deployment_in_sample_not_validation,deployment
NC_000010.11:87864544:A:C,PTEN,1,0.9997663677745251,1.0,0.995135134298019,1.0,0.9999999536242105,1.0,0.9947951509314453,1.0,4.0,1111,0.99742415165705,0.9988869156400543,25,25,1,Unanimous LP/P-directed,deployment_in_sample_not_validation,deployment
NC_000010.11:87864545:C:A,PTEN,1,0.9989975710375081,1.0,0.9937194161893624,1.0,0.9999999536242105,1.0,0.9929972644561509,1.0,4.0,1111,0.9964285513268081,0.9983858713467395,25,25,1,Unanimous LP/P-directed,deployment_in_sample_not_validation,deployment
NC_000010.11:87864545:C:T,PTEN,1,0.999658162183746,1.0,0.9952799759820009,1.0,0.9999999536242105,1.0,0.9961111866243655,1.0,4.0,1111,0.9977623196035807,0.9990515018134474,25,25,1,Unanimous LP/P-directed,deployment_in_sample_not_validation,deployment
NC_000010.11:87864547:T:A,PTEN,1,0.9996185324299928,1.0,0.9967314696092264,1.0,0.9999999536242105,1.0,0.9948741362710578,1.0,4.0,1111,0.9978060229836219,0.999072532840352,24,25,1,Unanimous LP/P-directed,deployment_in_sample_not_validation,deployment
NC_000010.11:87894024:A:G,PTEN,1,0.999397664746724,1.0,0.9873057344751722,1.0,0.9999999536242105,1.0,0.9954239119373458,1.0,4.0,1111,0.9955318161958632,0.9979172654244428,24,25,1,Unanimous LP/P-directed,deployment_in_sample_not_validation,deployment
NC_000010.11:87894035:A:G,PTEN,1,0.9988171873941043,1.0,0.9992889949381437,1.0,0.9999999536242105,1.0,0.9915643442475565,1.0,4.0,1111,0.9974176200510038,0.9988837058587362,25,25,1,Unanimous LP/P-directed,deployment_in_sample_not_validation,deployment
NC_000010.11:87894047:A:C,PTEN,1,0.9996817275282472,1.0,0.9977028298315281,1.0,0.9999999536242105,1.0,0.9948829977773284,1.0,4.0,1111,0.9980668771903286,0.9991968258239813,25,25,1,Unanimous LP/P-directed,deployment_in_sample_not_validation,deployment
NC_000010.11:87894047:A:G,PTEN,1,0.9998330107523788,1.0,0.9995972109572294,1.0,0.9999999536242105,1.0,0.9944982886605392,1.0,4.0,1111,0.9984821159985895,0.9993898289319497,25,25,1,Unanimous LP/P-directed,deployment_in_sample_not_validation,deployment
NC_000010.11:87894048:T:C,PTEN,1,0.9996688826626976,1.0,0.9999223647316525,1.0,0.9999999536242105,1.0,0.9956494285405101,1.0,4.0,1111,0.9988101573897676,0.9995373100731239,25,25,1,Unanimous LP/P-directed,deployment_in_sample_not_validation,deployment
NC_000010.11:87894049:GG:AC,PTEN,1,,,,,,,,,,,,,0,25,0,,deployment_in_sample_not_validation,deployment
NC_000010.11:87894050:G:A,PTEN,1,0.9997641963844734,1.0,0.997788547104208,1.0,0.9999999536242105,1.0,0.9960904126484383,1.0,4.0,1111,0.9984107774403326,0.9993571365105874,25,25,1,Unanimous LP/P-directed,deployment_in_sample_not_validation,deployment
NC_000010.11:87894051:G:A,PTEN,1,0.9997572355374432,1.0,0.998611714024669,1.0,0.9999999536242105,1.0,0.9959830593398316,1.0,4.0,1111,0.9985879906315386,0.9994379581251623,25,25,1,Unanimous LP/P-directed,deployment_in_sample_not_validation,deployment
NC_000010.11:87894057:C:G,PTEN,1,0.9996803400756328,1.0,0.9991134604345058,1.0,0.9999999536242105,1.0,0.9960917943361283,1.0,4.0,1111,0.9987213871176194,0.9994978928964428,25,25,1,Unanimous LP/P-directed,deployment_in_sample_not_validation,deployment
NC_000010.11:87894057:C:T,PTEN,1,0.9988695926454374,1.0,0.9998908157878792,1.0,0.9999999536242105,1.0,0.9958327585555895,1.0,4.0,1111,0.9986482801532791,0.9994651468425872,25,25,1,Unanimous LP/P-directed,deployment_in_sample_not_validation,deployment
NC_000010.11:87894080:T:C,PTEN,1,0.9990884714575902,1.0,0.9903799524280427,1.0,0.9999999536242105,1.0,0.9914433838619156,1.0,4.0,1111,0.9952279403429397,0.9977553077564822,25,25,1,Unanimous LP/P-directed,deployment_in_sample_not_validation,deployment
NC_000010.11:87894084:G:A,PTEN,1,0.9997304583325836,1.0,0.9981535929685388,1.0,0.9999999536242105,1.0,0.9953102838949179,1.0,4.0,1111,0.9982985722050628,0.9993053098673107,25,25,1,Unanimous LP/P-directed,deployment_in_sample_not_validation,deployment
NC_000010.11:87894087:A:G,PTEN,1,0.9991619343427796,1.0,0.9898154449040923,1.0,0.9999999536242105,1.0,0.9925203537071954,1.0,4.0,1111,0.9953744216445695,0.9978335649521227,25,25,1,Unanimous LP/P-directed,deployment_in_sample_not_validation,deployment
NC_000010.11:87894088:C:A,PTEN,1,0.999618122709818,1.0,0.9991505721785928,1.0,0.9999999536242105,1.0,0.9959197376787388,1.0,4.0,1111,0.9986720965478401,0.9994758419912834,25,25,1,Unanimous LP/P-directed,deployment_in_sample_not_validation,deployment
NC_000010.11:87894088:C:G,PTEN,1,0.999738043603244,1.0,0.9990826918265733,1.0,0.9999999536242105,1.0,0.9959197376787388,1.0,4.0,1111,0.9986851066831917,0.9994816733483338,25,25,1,Unanimous LP/P-directed,deployment_in_sample_not_validation,deployment
NC_000010.11:87894093:T:C,PTEN,1,0.9997371694787807,1.0,0.9955756005047915,1.0,0.9999999536242105,1.0,0.9945145643748855,1.0,4.0,1111,0.9974568219956671,0.9989029536481457,25,25,1,Unanimous LP/P-directed,deployment_in_sample_not_validation,deployment
NC_000010.11:87894102:T:C,PTEN,1,0.9995582234618949,1.0,0.9981838800653682,1.0,0.9999999536242105,1.0,0.9925338400732733,1.0,4.0,1111,0.9975689743061866,0.9989577911229224,25,25,1,Unanimous LP/P-directed,deployment_in_sample_not_validation,deployment
NC_000010.11:87925545:G:T,PTEN,1,0.9995585890664921,1.0,0.9953246349207892,1.0,0.9999999536242105,1.0,0.9960891257394722,1.0,4.0,1111,0.997743075837741,0.9990422232359283,25,25,1,Unanimous LP/P-directed,deployment_in_sample_not_validation,deployment
NC_000010.11:87925547:T:G,PTEN,1,0.9996638138765301,1.0,0.9924992321500336,1.0,0.9999999536242105,1.0,0.9948253829826623,1.0,4.0,1111,0.9967470956583591,0.9985486035294315,25,25,1,Unanimous LP/P-directed,deployment_in_sample_not_validation,deployment
NC_000010.11:87925549:T:G,PTEN,1,0.9996875398580017,1.0,0.9968735467699865,1.0,0.9999999536242105,1.0,0.9960904126484383,1.0,4.0,1111,0.9981628632251592,0.9992419985739684,25,25,1,Unanimous LP/P-directed,deployment_in_sample_not_validation,deployment
NC_000010.11:87925550:A:C,PTEN,1,0.9997051271347868,1.0,0.9968237378864352,1.0,0.9999999536242105,1.0,0.9960929551327904,1.0,4.0,1111,0.9981554434445556,0.9992385180512285,25,25,1,Unanimous LP/P-directed,deployment_in_sample_not_validation,deployment
NC_000010.11:87925550:A:G,PTEN,1,0.9996478180121413,1.0,0.9966808848127486,1.0,0.9999999536242105,1.0,0.9960904126484383,1.0,4.0,1111,0.9981047672743847,0.9992146953379997,25,25,1,Unanimous LP/P-directed,deployment_in_sample_not_validation,deployment
NC_000010.11:87931047:G:A,PTEN,1,0.9993754558295718,1.0,0.9961086369529542,1.0,0.9999999536242105,1.0,0.9961007596485333,1.0,4.0,1111,0.9978962015138174,0.9991157452077789,25,25,1,Unanimous LP/P-directed,deployment_in_sample_not_validation,deployment
NC_000010.11:87931077:T:G,PTEN,1,0.9992292573037961,1.0,0.993643971169883,1.0,0.9999999536242105,1.0,0.9961463707185704,1.0,4.0,1111,0.997254888204115,0.998803379014528,25,25,1,Unanimous LP/P-directed,deployment_in_sample_not_validation,deployment
NC_000010.11:87933027:T:C,PTEN,1,0.9997057705335798,1.0,0.9969098877656676,1.0,0.9999999536242105,1.0,0.9961547565293939,1.0,4.0,1111,0.998192592113213,0.9992559245509521,25,25,1,Unanimous LP/P-directed,deployment_in_sample_not_validation,deployment
NC_000010.11:87933032:G:T,PTEN,1,0.9997149264988405,1.0,0.9992176631997324,1.0,0.9999999536242105,1.0,0.9960944038351478,1.0,4.0,1111,0.9987567367894828,0.9995136358341433,25,25,1,Unanimous LP/P-directed,deployment_in_sample_not_validation,deployment
NC_000010.11:87933033:A:C,PTEN,1,0.9998103222504221,1.0,0.9987061257423099,1.0,0.9999999536242105,1.0,0.9960904126484383,1.0,4.0,1111,0.9986517035663451,0.9994666857835521,25,25,1,Unanimous LP/P-directed,deployment_in_sample_not_validation,deployment
NC_000010.11:87933033:A:G,PTEN,1,0.9998683235600532,1.0,0.9991736087633375,1.0,0.9999999536242105,1.0,0.9960936196981418,1.0,4.0,1111,0.9987838764114357,0.9995256810011617,25,25,1,Unanimous LP/P-directed,deployment_in_sample_not_validation,deployment
NC_000010.11:87933033:A:T,PTEN,1,0.9997876288688258,1.0,0.9985928424801155,1.0,0.9999999536242105,1.0,0.9960929551327904,1.0,4.0,1111,0.9986183450264856,0.9994516673484033,25,25,1,Unanimous LP/P-directed,deployment_in_sample_not_validation,deployment
NC_000010.11:87933035:C:A,PTEN,1,0.9996978428740431,1.0,0.997057952259087,1.0,0.9999999536242105,1.0,0.996052402369218,1.0,4.0,1111,0.9982020377816396,0.9992603426419756,25,25,1,Unanimous LP/P-directed,deployment_in_sample_not_validation,deployment
NC_000010.11:87933035:C:G,PTEN,1,0.9997008717815948,1.0,0.9973608451463681,1.0,0.9999999536242105,1.0,0.996118915721289,1.0,4.0,1111,0.9982951465683656,0.9993037200332009,25,25,1,Unanimous LP/P-directed,deployment_in_sample_not_validation,deployment
NC_000010.11:87933035:C:T,PTEN,1,0.9997010051187014,1.0,0.9973673458857018,1.0,0.9999999536242105,1.0,0.9961352947531298,1.0,4.0,1111,0.9983008998454358,0.9993063898716598,25,25,1,Unanimous LP/P-directed,deployment_in_sample_not_validation,deployment
NC_000010.11:87933036:A:C,PTEN,1,0.9996709942416723,1.0,0.9973901598284419,1.0,0.9999999536242105,1.0,0.9957852800709392,1.0,4.0,1111,0.9982115969413159,0.9992648105683238,25,25,1,Unanimous LP/P-directed,deployment_in_sample_not_validation,deployment
NC_000010.11:87933042:C:T,PTEN,1,0.9996733318531915,1.0,0.9966055633190373,1.0,0.9999999536242105,1.0,0.9956034073636372,1.0,4.0,1111,0.997970564040019,0.9991511875841217,25,25,1,Unanimous LP/P-directed,deployment_in_sample_not_validation,deployment
NC_000010.11:87933044:C:T,PTEN,1,0.9995878857098648,1.0,0.9975047388439103,1.0,0.9999999536242105,1.0,0.9953647370410801,1.0,4.0,1111,0.9981143288047665,0.9992191969681766,25,25,1,Unanimous LP/P-directed,deployment_in_sample_not_validation,deployment
NC_000010.11:87933045:C:A,PTEN,1,0.999642555140969,1.0,0.9973325891697571,1.0,0.9999999536242105,1.0,0.9961489320162364,1.0,4.0,1111,0.9982810074877932,0.9992971534640672,25,25,1,Unanimous LP/P-directed,deployment_in_sample_not_validation,deployment
NC_000010.11:87933045:C:G,PTEN,1,0.999642644573637,1.0,0.9971418391285782,1.0,0.9999999536242105,1.0,0.9961547565293939,1.0,4.0,1111,0.9982347984639549,0.9992756412159681,25,25,1,Unanimous LP/P-directed,deployment_in_sample_not_validation,deployment
NC_000010.11:87933045:C:T,PTEN,1,0.9994136509438799,1.0,0.9964164635006073,1.0,0.9999999536242105,1.0,0.9957199597039857,1.0,4.0,1111,0.9978875069431709,0.9991115898299068,25,25,1,Unanimous LP/P-directed,deployment_in_sample_not_validation,deployment
NC_000010.11:87933051:T:G,PTEN,1,0.9987064654246414,1.0,0.9858873685583817,1.0,0.9999999536242105,1.0,0.9949183181204037,1.0,4.0,1111,0.9948780264319093,0.9975670138540019,25,25,1,Unanimous LP/P-directed,deployment_in_sample_not_validation,deployment
NC_000010.11:87933056:C:T,PTEN,1,0.9953677108290776,1.0,0.9916506631509082,1.0,0.9999999536242105,1.0,0.9890218099554239,1.0,4.0,1111,0.994010034389905,0.9970922753584222,25,25,1,Unanimous LP/P-directed,deployment_in_sample_not_validation,deployment
NC_000010.11:87933060:T:A,PTEN,1,0.9996950423787362,1.0,0.9957509236340414,1.0,0.9999999536242105,1.0,0.9957376150141274,1.0,4.0,1111,0.9977958836627788,0.9990676586826379,25,25,1,Unanimous LP/P-directed,deployment_in_sample_not_validation,deployment
NC_000010.11:87933060:T:C,PTEN,1,0.9995918992231835,1.0,0.9948352057621925,1.0,0.9999999536242105,1.0,0.9957262267130076,1.0,4.0,1111,0.9975383213306486,0.998942837237102,25,25,1,Unanimous LP/P-directed,deployment_in_sample_not_validation,deployment
NC_000010.11:87933071:T:G,PTEN,1,0.9996389514292834,1.0,0.9961761200837309,1.0,0.9999999536242105,1.0,0.9961804694016343,1.0,4.0,1111,0.9979988736347147,0.9991646337797182,25,25,1,Unanimous LP/P-directed,deployment_in_sample_not_validation,deployment
NC_000010.11:87933077:G:T,PTEN,1,0.9996192115655309,1.0,0.9979814607103492,1.0,0.9999999536242105,1.0,0.9955296615451399,1.0,4.0,1111,0.9982825718613076,0.9992978803675742,25,25,1,Unanimous LP/P-directed,deployment_in_sample_not_validation,deployment
NC_000010.11:87933078:A:G,PTEN,1,0.9997323921253761,1.0,0.9992587240757702,1.0,0.9999999536242105,1.0,0.9919353630978847,1.0,4.0,1111,0.9977316082308103,0.9990366888123364,25,25,1,Unanimous LP/P-directed,deployment_in_sample_not_validation,deployment
NC_000010.11:87933078:A:T,PTEN,1,0.9998076209551215,1.0,0.9975325684518482,1.0,0.9999999536242105,1.0,0.995636178830257,1.0,4.0,1111,0.9982440804653593,0.9992799686605717,25,25,1,Unanimous LP/P-directed,deployment_in_sample_not_validation,deployment
NC_000010.11:87933080:C:T,PTEN,1,0.9952346103210702,1.0,0.9920989140934141,1.0,0.9999999536242105,1.0,0.9918513681900368,1.0,4.0,1111,0.9947962115571829,0.9975227215867342,25,25,1,Unanimous LP/P-directed,deployment_in_sample_not_validation,deployment
NC_000010.11:87933081:T:C,PTEN,1,0.9997300344960516,1.0,0.9961692703271554,1.0,0.9999999536242105,1.0,0.994773711300583,1.0,4.0,1111,0.997668242437,0.9990060384091319,25,25,1,Unanimous LP/P-directed,deployment_in_sample_not_validation,deployment
NC_000010.11:87933089:T:C,PTEN,1,0.9996815547283704,1.0,0.9980961652806545,1.0,0.9999999536242105,1.0,0.9960080647728597,1.0,4.0,1111,0.9984464346015238,0.9993735029275267,25,25,1,Unanimous LP/P-directed,deployment_in_sample_not_validation,deployment
NC_000010.11:87933092:C:G,PTEN,1,0.9873930849076031,1.0,0.9999697862983783,1.0,0.9999999536242105,1.0,0.9934545247617024,1.0,4.0,1111,0.9952043373979735,0.9977426660883872,25,25,1,Unanimous LP/P-directed,deployment_in_sample_not_validation,deployment
NC_000010.11:87933093:T:G,PTEN,1,0.9996458190543456,1.0,0.996754274135763,1.0,0.9999999536242105,1.0,0.996089338300268,1.0,4.0,1111,0.9981223462786468,0.9992229692265945,25,25,1,Unanimous LP/P-directed,deployment_in_sample_not_validation,deployment
NC_000010.11:87933113:G:C,PTEN,1,0.9991315297730075,1.0,0.9924474491179771,1.0,0.9999999536242105,1.0,0.9948843821260408,1.0,4.0,1111,0.996615828660309,0.9984818010212007,25,25,1,Unanimous LP/P-directed,deployment_in_sample_not_validation,deployment
NC_000010.11:87933113:G:T,PTEN,1,0.9996717947448764,1.0,0.9979569846834914,1.0,0.9999999536242105,1.0,0.9955774399885556,1.0,4.0,1111,0.9983015432602835,0.9993066883745487,25,25,1,Unanimous LP/P-directed,deployment_in_sample_not_validation,deployment
NC_000010.11:87933114:T:G,PTEN,1,0.9997242349388832,1.0,0.9960239810010967,1.0,0.9999999536242105,1.0,0.9961800171124588,1.0,4.0,1111,0.9979820466691623,0.999156644618909,25,25,1,Unanimous LP/P-directed,deployment_in_sample_not_validation,deployment
NC_000010.11:87933116:G:A,PTEN,1,0.9973678008334393,1.0,0.9884661622917947,1.0,0.9999999536242105,1.0,0.9906404734410089,1.0,4.0,1111,0.9941185975476134,0.9971522172883647,25,25,1,Unanimous LP/P-directed,deployment_in_sample_not_validation,deployment
NC_000010.11:87933119:G:A,PTEN,1,0.9977461982711959,1.0,0.9797725444448767,1.0,0.9999999536242105,1.0,0.9910475290353553,1.0,4.0,1111,0.9921415563439095,0.9960381782700479,25,25,1,Unanimous LP/P-directed,deployment_in_sample_not_validation,deployment
NC_000010.11:87933119:G:C,PTEN,1,0.9995968302946947,1.0,0.9944874497162459,1.0,0.9999999536242105,1.0,0.9957415557523559,1.0,4.0,1111,0.9974564473468768,0.9989027698922499,25,25,1,Unanimous LP/P-directed,deployment_in_sample_not_validation,deployment
NC_000010.11:87933120:C:A,PTEN,1,0.9996276505767978,1.0,0.9956875963532719,1.0,0.9999999536242105,1.0,0.9947140916433755,1.0,4.0,1111,0.9975073230494139,0.9989276886982971,25,25,1,Unanimous LP/P-directed,deployment_in_sample_not_validation,deployment
NC_000010.11:87933125:C:A,PTEN,1,0.9992489388085266,1.0,0.9967283798051315,1.0,0.9999999536242105,1.0,0.9960533423557739,1.0,4.0,1111,0.9980076536484106,0.9991687987152753,25,25,1,Unanimous LP/P-directed,deployment_in_sample_not_validation,deployment
NC_000010.11:87933125:C:G,PTEN,1,0.9994926487966721,1.0,0.9975270892725129,1.0,0.9999999536242105,1.0,0.9960724488715309,1.0,4.0,1111,0.9982730351412316,0.999293447613864,25,25,1,Unanimous LP/P-directed,deployment_in_sample_not_validation,deployment
NC_000010.11:87933127:C:G,PTEN,1,0.9988794387454129,1.0,0.9971871026407736,1.0,0.9999999536242105,1.0,0.9955822356773631,1.0,4.0,1111,0.99791218267194,0.9991233768699493,25,25,1,Unanimous LP/P-directed,deployment_in_sample_not_validation,deployment
NC_000010.11:87933128:T:A,PTEN,1,0.9994068433269169,1.0,0.9962769806266604,1.0,0.9999999536242105,1.0,0.9960151253951066,1.0,4.0,1111,0.9979247257432236,0.9991293610694935,25,25,1,Unanimous LP/P-directed,deployment_in_sample_not_validation,deployment
NC_000010.11:87933128:T:G,PTEN,1,0.999027657506595,1.0,0.9996503644946414,1.0,0.9999999536242105,1.0,0.9960784875130918,1.0,4.0,1111,0.9986891157846347,0.9994834687046386,25,25,1,Unanimous LP/P-directed,deployment_in_sample_not_validation,deployment
NC_000010.11:87933129:G:A,PTEN,1,0.9994538777344055,1.0,0.9974292420840621,1.0,0.9999999536242105,1.0,0.9960716567773663,1.0,4.0,1111,0.9982386825550111,0.9992774524343002,25,25,1,Unanimous LP/P-directed,deployment_in_sample_not_validation,deployment
NC_000010.11:87933129:G:C,PTEN,1,0.99934604663693,1.0,0.9966903092454193,1.0,0.9999999536242105,1.0,0.9961100497046361,1.0,4.0,1111,0.9980365898027991,0.9991825070874035,25,25,1,Unanimous LP/P-directed,deployment_in_sample_not_validation,deployment
NC_000010.11:87933131:A:G,PTEN,1,0.9995659235206857,1.0,0.9967725206114076,1.0,0.9999999536242105,1.0,0.996009303507991,1.0,4.0,1111,0.9980869253160738,0.9992062868779865,25,25,1,Unanimous LP/P-directed,deployment_in_sample_not_validation,deployment
NC_000010.11:87933134:G:A,PTEN,1,0.9995721405138519,1.0,0.9964277935627481,1.0,0.9999999536242105,1.0,0.9961126734603195,1.0,4.0,1111,0.9980281402902825,0.9991785070266488,25,25,1,Unanimous LP/P-directed,deployment_in_sample_not_validation,deployment
NC_000010.11:87933134:G:C,PTEN,1,0.999580672608985,1.0,0.9966805923663327,1.0,0.9999999536242105,1.0,0.9961800171124588,1.0,4.0,1111,0.9981103089279968,0.9992173047660791,25,25,1,Unanimous LP/P-directed,deployment_in_sample_not_validation,deployment
NC_000010.11:87933135:C:A,PTEN,1,0.9997722304215281,1.0,0.9972901537132893,1.0,0.9999999536242105,1.0,0.9961755555290915,1.0,4.0,1111,0.9983094733220299,0.99931036613294,25,25,1,Unanimous LP/P-directed,deployment_in_sample_not_validation,deployment
NC_000010.11:87933135:C:T,PTEN,1,0.9996477620568258,1.0,0.9970894747923795,1.0,0.9999999536242105,1.0,0.996118915721289,1.0,4.0,1111,0.9982140265486762,0.9992659456378293,25,25,1,Unanimous LP/P-directed,deployment_in_sample_not_validation,deployment
NC_000010.11:87933137:G:A,PTEN,1,0.9992532806759442,1.0,0.9976275269463082,1.0,0.9999999536242105,1.0,0.9954021698264104,1.0,4.0,1111,0.9980707327682183,0.9991986463908061,25,25,1,Unanimous LP/P-directed,deployment_in_sample_not_validation,deployment
NC_000010.11:87933137:G:C,PTEN,1,0.999237159089028,1.0,0.9972875346642213,1.0,0.9999999536242105,1.0,0.9954021698264104,1.0,4.0,1111,0.9979817043009676,0.999156481972696,25,25,1,Unanimous LP/P-directed,deployment_in_sample_not_validation,deployment
NC_000010.11:87933140:A:G,PTEN,1,0.9995308141772752,1.0,0.9953523916896253,1.0,0.9999999536242105,1.0,0.9961388692468924,1.0,4.0,1111,0.9977555071845009,0.9990482183904659,25,25,1,Unanimous LP/P-directed,deployment_in_sample_not_validation,deployment
NC_000010.11:87933141:A:G,PTEN,1,0.9995862982217649,1.0,0.9958993343945077,1.0,0.9999999536242105,1.0,0.9953944063809306,1.0,4.0,1111,0.9977199981553535,0.99903108169611,25,25,1,Unanimous LP/P-directed,deployment_in_sample_not_validation,deployment
NC_000010.11:87933142:G:C,PTEN,1,0.9996675489634483,1.0,0.9977010022379098,1.0,0.9999999536242105,1.0,0.996002539029651,1.0,4.0,1111,0.9983427609638049,0.9993257781203672,25,25,1,Unanimous LP/P-directed,deployment_in_sample_not_validation,deployment
NC_000010.11:87933143:G:C,PTEN,1,0.999525369025531,1.0,0.9974099190461632,1.0,0.9999999536242105,1.0,0.9955619505203287,1.0,4.0,1111,0.9981242980540583,0.999223887210843,25,25,1,Unanimous LP/P-directed,deployment_in_sample_not_validation,deployment
NC_000010.11:87933144:GA:TT,PTEN,1,,,,,,,,,,,,,1,25,0,,deployment_in_sample_not_validation,deployment
NC_000010.11:87933144:G:T,PTEN,1,0.9870918800023936,1.0,0.9999834055920563,1.0,0.9999999536242105,1.0,0.9960475053747687,1.0,4.0,1111,0.9957806861483572,0.9980487648839779,25,25,1,Unanimous LP/P-directed,deployment_in_sample_not_validation,deployment
NC_000010.11:87933146:C:G,PTEN,1,0.9996079545010628,1.0,0.9969538748647868,1.0,0.9999999536242105,1.0,0.9961547565293939,1.0,4.0,1111,0.9981791348798635,0.9992496246179053,25,25,1,Unanimous LP/P-directed,deployment_in_sample_not_validation,deployment
NC_000010.11:87933147:G:C,PTEN,1,0.9996100811849223,1.0,0.9978815271627979,1.0,0.9999999536242105,1.0,0.9961800171124588,1.0,4.0,1111,0.9984178947710974,0.9993604073863233,25,25,1,Unanimous LP/P-directed,deployment_in_sample_not_validation,deployment
NC_000010.11:87933147:G:T,PTEN,1,0.9996329233084262,1.0,0.9978520438725605,1.0,0.9999999536242105,1.0,0.9961825015485123,1.0,4.0,1111,0.9984168555884274,0.9993599299401208,25,25,1,Unanimous LP/P-directed,deployment_in_sample_not_validation,deployment
NC_000010.11:87933152:G:A,PTEN,1,0.9998079690317411,1.0,0.9987642844482735,1.0,0.9999999536242105,1.0,0.99612954339039,1.0,4.0,1111,0.9986754376236537,0.9994773402666458,25,25,1,Unanimous LP/P-directed,deployment_in_sample_not_validation,deployment
NC_000010.11:87933153:G:A,PTEN,1,0.9995583136477366,1.0,0.9973183478416637,1.0,0.9999999536242105,1.0,0.9961840022730991,1.0,4.0,1111,0.9982651543466775,0.9992897820086311,25,25,1,Unanimous LP/P-directed,deployment_in_sample_not_validation,deployment
NC_000010.11:87933159:T:C,PTEN,1,0.9995875341944864,1.0,0.995172081860336,1.0,0.9999999536242105,1.0,0.9957474235885779,1.0,4.0,1111,0.9976267483169028,0.9989859048532058,25,25,1,Unanimous LP/P-directed,deployment_in_sample_not_validation,deployment
NC_000010.11:87933159:T:G,PTEN,1,0.9996889680245012,1.0,0.9975758949696536,1.0,0.9999999536242105,1.0,0.9960294449960098,1.0,4.0,1111,0.9983235654035938,0.9993168958238127,25,25,1,Unanimous LP/P-directed,deployment_in_sample_not_validation,deployment
NC_000010.11:87933160:G:C,PTEN,1,0.9997657590061364,1.0,0.9985812957278033,1.0,0.9999999536242105,1.0,0.9960274952225755,1.0,4.0,1111,0.9985936258951814,0.9994405063103002,25,25,1,Unanimous LP/P-directed,deployment_in_sample_not_validation,deployment
NC_000010.11:87933160:G:T,PTEN,1,0.9997646428179155,1.0,0.9985738625216318,1.0,0.9999999536242105,1.0,0.9960274952225755,1.0,4.0,1111,0.9985914885465834,0.9994395399964938,25,25,1,Unanimous LP/P-directed,deployment_in_sample_not_validation,deployment
NC_000010.11:87933162:T:A,PTEN,1,0.9996651676324498,1.0,0.996401416916938,1.0,0.9999999536242105,1.0,0.9961789672929946,1.0,4.0,1111,0.9980613763666483,0.9991942275226046,25,25,1,Unanimous LP/P-directed,deployment_in_sample_not_validation,deployment
NC_000010.11:87933164:T:C,PTEN,1,0.9997008721186956,1.0,0.9977734069877132,1.0,0.9999999536242105,1.0,0.9960904126484383,1.0,4.0,1111,0.9983911613447644,0.9993481112499826,25,25,1,Unanimous LP/P-directed,deployment_in_sample_not_validation,deployment
NC_000010.11:87933165:G:T,PTEN,1,0.9995748125910466,1.0,0.9970804723831762,1.0,0.9999999536242105,1.0,0.9961007596485333,1.0,4.0,1111,0.9981889995617417,0.999254243346119,25,25,1,Unanimous LP/P-directed,deployment_in_sample_not_validation,deployment
NC_000010.11:87933166:T:G,PTEN,1,0.998596480724466,1.0,0.9929330577032989,1.0,0.9999999536242105,1.0,0.9959270472918804,1.0,4.0,1111,0.9968641348359639,0.998607850572605,25,25,1,Unanimous LP/P-directed,deployment_in_sample_not_validation,deployment
NC_000010.11:87933168:C:A,PTEN,1,0.9996682115188953,1.0,0.9948279806055612,1.0,0.9999999536242105,1.0,0.994916052342681,1.0,4.0,1111,0.9973530495228371,0.9988519143464468,25,25,1,Unanimous LP/P-directed,deployment_in_sample_not_validation,deployment
NC_000010.11:87933180:A:C,PTEN,1,0.9996008483348122,1.0,0.9940294087363917,1.0,0.9999999536242105,1.0,0.9956463152616541,1.0,4.0,1111,0.9973191314892671,0.9988351714711747,25,25,1,Unanimous LP/P-directed,deployment_in_sample_not_validation,deployment
NC_000010.11:87933180:A:T,PTEN,1,0.9996919361190855,1.0,0.9974206569158695,1.0,0.9999999536242105,1.0,0.9960588323719468,1.0,4.0,1111,0.9982928447577781,0.9993026515188336,25,25,1,Unanimous LP/P-directed,deployment_in_sample_not_validation,deployment
NC_000010.11:87933183:G:C,PTEN,1,0.9987336181267014,1.0,0.9927761092682038,1.0,0.9999999536242105,1.0,0.992995297742782,1.0,4.0,1111,0.9961262446904744,0.9982295477213868,25,25,1,Unanimous LP/P-directed,deployment_in_sample_not_validation,deployment
NC_000010.11:87933219:T:G,PTEN,1,0.9975363024935154,1.0,0.9662463025079404,1.0,0.9999999536242105,1.0,0.9861897787718807,1.0,4.0,1111,0.9874930843493868,0.993268170522694,25,25,1,Unanimous LP/P-directed,deployment_in_sample_not_validation,deployment
NC_000010.11:87933221:T:A,PTEN,1,0.9994973659582372,1.0,0.9952537061596949,1.0,0.9999999536242105,1.0,0.995785056435941,1.0,4.0,1111,0.9976340205445209,0.9989894369838235,25,25,1,Unanimous LP/P-directed,deployment_in_sample_not_validation,deployment
NC_000010.11:87933221:T:C,PTEN,1,0.9996748536280597,1.0,0.9952733757149911,1.0,0.9999999536242105,1.0,0.9960893634485097,1.0,4.0,1111,0.9977593866039427,0.999050088346661,25,25,1,Unanimous LP/P-directed,deployment_in_sample_not_validation,deployment
NC_000010.11:87933222:A:C,PTEN,1,0.9996540463735565,1.0,0.9963647164686732,1.0,0.9999999536242105,1.0,0.9958400529107256,1.0,4.0,1111,0.9979646923442915,0.9991483954583046,25,25,1,Unanimous LP/P-directed,deployment_in_sample_not_validation,deployment
NC_000010.11:87933222:A:G,PTEN,1,0.9997911244854003,1.0,0.9979289252117888,1.0,0.9999999536242105,1.0,0.9957672415410167,1.0,4.0,1111,0.9983718112156041,0.9993391935403411,25,25,1,Unanimous LP/P-directed,deployment_in_sample_not_validation,deployment
NC_000010.11:87933233:A:G,PTEN,1,0.9996532668294872,1.0,0.9967063158649168,1.0,0.9999999536242105,1.0,0.9961643210795101,1.0,4.0,1111,0.9981309643495311,0.9992270215972958,25,25,1,Unanimous LP/P-directed,deployment_in_sample_not_validation,deployment
NC_000010.11:87933234:G:A,PTEN,1,0.9996952012385827,1.0,0.9977945309420908,1.0,0.9999999536242105,1.0,0.9956644707025173,1.0,4.0,1111,0.9982885391268503,0.9993006522875306,25,25,1,Unanimous LP/P-directed,deployment_in_sample_not_validation,deployment
NC_000010.11:87933234:G:T,PTEN,1,0.9996525439674567,1.0,0.9980549182704351,1.0,0.9999999536242105,1.0,0.9961815188099785,1.0,4.0,1111,0.9984722336680202,0.9993853124970826,25,25,1,Unanimous LP/P-directed,deployment_in_sample_not_validation,deployment
NC_000010.11:87933237:C:T,PTEN,1,0.9995807537063967,1.0,0.9966545212272152,1.0,0.9999999536242105,1.0,0.9961251710319107,1.0,4.0,1111,0.9980900998974332,0.9992077837696672,25,25,1,Unanimous LP/P-directed,deployment_in_sample_not_validation,deployment
NC_000010.11:87933244:C:G,PTEN,1,0.9867938901946651,1.0,0.9979547229123644,1.0,0.9999999536242105,1.0,0.9919288197190845,1.0,4.0,1111,0.9941693466125812,0.9971801843309683,25,25,1,Unanimous LP/P-directed,deployment_in_sample_not_validation,deployment
NC_000010.11:87952117:G:A,PTEN,1,0.9996939547391381,1.0,0.9986866690885938,1.0,0.9999999536242105,1.0,0.996009303507991,1.0,4.0,1111,0.9985974702399834,0.9994422438649978,25,25,1,Unanimous LP/P-directed,deployment_in_sample_not_validation,deployment
NC_000010.11:87952117:G:C,PTEN,1,0.9996767163856186,1.0,0.9983481785577937,1.0,0.9999999536242105,1.0,0.996009303507991,1.0,4.0,1111,0.9985085380189035,0.9994018844870989,25,25,1,Unanimous LP/P-directed,deployment_in_sample_not_validation,deployment
NC_000010.11:87952121:T:A,PTEN,1,0.9993107559986556,1.0,0.993023925879387,1.0,0.9999999536242105,1.0,0.9959646142322218,1.0,4.0,1111,0.9970748124336187,0.9987137199132194,25,25,1,Unanimous LP/P-directed,deployment_in_sample_not_validation,deployment
NC_000010.11:87952132:A:C,PTEN,1,0.9995451453505485,1.0,0.9959017950023586,1.0,0.9999999536242105,1.0,0.9959937256888914,1.0,4.0,1111,0.9978601549165023,0.999098502191155,25,25,1,Unanimous LP/P-directed,deployment_in_sample_not_validation,deployment
NC_000010.11:87952133:G:A,PTEN,1,0.9991432942669346,1.0,0.9958089534149613,1.0,0.9999999536242105,1.0,0.9959636996509386,1.0,4.0,1111,0.9977289752392613,0.9990354175487639,25,25,1,Unanimous LP/P-directed,deployment_in_sample_not_validation,deployment
NC_000010.11:87952133:G:T,PTEN,1,0.9994351919388627,1.0,0.9959853977695473,1.0,0.9999999536242105,1.0,0.9960929551327904,1.0,4.0,1111,0.9978783746163526,0.9991072226966923,25,25,1,Unanimous LP/P-directed,deployment_in_sample_not_validation,deployment
NC_000010.11:87952134:T:G,PTEN,1,0.9993108685572971,1.0,0.9963739480964323,1.0,0.9999999536242105,1.0,0.9959863787726306,1.0,4.0,1111,0.9979177872626426,0.9991260513897819,25,25,1,Unanimous LP/P-directed,deployment_in_sample_not_validation,deployment
NC_000010.11:87952135:C:A,PTEN,1,0.9993060644190902,1.0,0.9956499031173947,1.0,0.9999999536242105,1.0,0.9960446454122027,1.0,4.0,1111,0.9977501416432245,0.9990456313594189,25,25,1,Unanimous LP/P-directed,deployment_in_sample_not_validation,deployment
NC_000010.11:87952135:C:G,PTEN,1,0.999196886598543,1.0,0.9924678800379516,1.0,0.9999999536242105,1.0,0.9956963124760488,1.0,4.0,1111,0.9968402581841884,0.9985957884111332,25,25,1,Unanimous LP/P-directed,deployment_in_sample_not_validation,deployment
NC_000010.11:87952136:A:G,PTEN,1,0.9992702012265058,1.0,0.9929480583950403,1.0,0.9999999536242105,1.0,0.9959479445398587,1.0,4.0,1111,0.9970415394464038,0.9986970680295615,25,25,1,Unanimous LP/P-directed,deployment_in_sample_not_validation,deployment
NC_000010.11:87952141:C:G,PTEN,1,0.9991654113492395,1.0,0.995084288340324,1.0,0.9999999536242105,1.0,0.9960586012811389,1.0,4.0,1111,0.9975770636487282,0.9989617331336516,25,25,1,Unanimous LP/P-directed,deployment_in_sample_not_validation,deployment
NC_000010.11:87952142:G:A,PTEN,1,0.9993769706833683,1.0,0.9973008937684691,1.0,0.9999999536242105,1.0,0.9960372990423746,1.0,4.0,1111,0.9981787792796056,0.9992494580584391,25,25,1,Unanimous LP/P-directed,deployment_in_sample_not_validation,deployment
NC_000010.11:87952142:G:T,PTEN,1,0.9996274006173359,1.0,0.9969671471087557,1.0,0.9999999536242105,1.0,0.9958253361089937,1.0,4.0,1111,0.9981049593648239,0.9992147858062402,25,25,1,Unanimous LP/P-directed,deployment_in_sample_not_validation,deployment
NC_000010.11:87952144:T:C,PTEN,1,0.9993948151412643,1.0,0.994500884813348,1.0,0.9999999536242105,1.0,0.9955639866054155,1.0,4.0,1111,0.9973649100460595,0.9988577620419571,25,25,1,Unanimous LP/P-directed,deployment_in_sample_not_validation,deployment
NC_000010.11:87952145:A:G,PTEN,1,0.9994828679763985,1.0,0.9956033912023643,1.0,0.9999999536242105,1.0,0.9956327012128625,1.0,4.0,1111,0.9976797285039589,0.9990116029160773,25,25,1,Unanimous LP/P-directed,deployment_in_sample_not_validation,deployment
NC_000010.11:87952147:G:A,PTEN,1,0.9985828713132116,1.0,0.9949573834381146,1.0,0.9999999536242105,1.0,0.9959319791700632,1.0,4.0,1111,0.9973680468863999,0.9988593080168765,25,25,1,Unanimous LP/P-directed,deployment_in_sample_not_validation,deployment
NC_000010.11:87952153:T:C,PTEN,1,0.9991494480784473,1.0,0.993130547750016,1.0,0.9999999536242105,1.0,0.9955639866054155,1.0,4.0,1111,0.9969609840145223,0.9986566458463031,25,25,1,Unanimous LP/P-directed,deployment_in_sample_not_validation,deployment
NC_000010.11:87952166:T:C,PTEN,1,0.9996308634142178,1.0,0.9946171646215386,1.0,0.9999999536242105,1.0,0.9956218591170921,1.0,4.0,1111,0.9974674601942647,0.9989081698551588,25,25,1,Unanimous LP/P-directed,deployment_in_sample_not_validation,deployment
NC_000010.11:87952217:T:A,PTEN,1,0.9974633670172385,1.0,0.966757317440405,1.0,0.9999999536242105,1.0,0.9929725043354999,1.0,4.0,1111,0.9892982856043385,0.9943655502182566,25,25,1,Unanimous LP/P-directed,deployment_in_sample_not_validation,deployment
NC_000010.11:87952222:T:G,PTEN,1,0.9723577474487135,1.0,0.8846530081448615,1.0,0.9999999536242105,1.0,0.9733979289906851,1.0,4.0,1111,0.9576021595521177,0.9726999150105419,25,25,1,Unanimous LP/P-directed,deployment_in_sample_not_validation,deployment
NC_000010.11:87952229:C:T,PTEN,1,0.991212088703148,1.0,0.9651173461158412,1.0,0.9999999536242105,1.0,0.992458032381036,1.0,4.0,1111,0.9871968552060589,0.9930857689326571,25,25,1,Unanimous LP/P-directed,deployment_in_sample_not_validation,deployment
NC_000010.11:87952234:C:G,PTEN,1,0.9954400464880173,1.0,0.9812593376049807,1.0,0.9999999536242105,1.0,0.9900113505393472,1.0,4.0,1111,0.9916776720641389,0.9957705025677159,25,25,1,Unanimous LP/P-directed,deployment_in_sample_not_validation,deployment
NC_000010.11:87952257:C:G,PTEN,1,0.9956259219989877,1.0,0.9823634949021952,1.0,0.9999999536242105,1.0,0.9931577250625272,1.0,4.0,1111,0.9927867738969802,0.9964067159970513,25,25,1,Unanimous LP/P-directed,deployment_in_sample_not_validation,deployment
NC_000010.11:87957878:A:G,PTEN,1,0.9913974819347136,1.0,0.8760410191364821,1.0,0.9999999536242105,1.0,0.9676845083002563,1.0,4.0,1111,0.9587807407489156,0.9735730951528717,25,25,1,Unanimous LP/P-directed,deployment_in_sample_not_validation,deployment
NC_000010.11:87957938:T:C,PTEN,1,0.9402021718497051,1.0,0.9338982867592797,1.0,0.9995987146172752,1.0,0.9227481467813734,1.0,4.0,1111,0.9491118300019084,0.9662953282510527,25,25,1,Unanimous LP/P-directed,deployment_in_sample_not_validation,deployment
NC_000010.11:87957957:T:C,PTEN,1,0.9980039522560749,1.0,0.9383731089389151,1.0,0.9999999536242105,1.0,0.992179530851159,1.0,4.0,1111,0.9821391364175898,0.9898834736144083,25,25,1,Unanimous LP/P-directed,deployment_in_sample_not_validation,deployment
NC_000010.11:87957963:T:G,PTEN,1,0.9996269100276145,1.0,0.9849547103403495,1.0,0.9999999536242105,1.0,0.9947746866347082,1.0,4.0,1111,0.9948390651567207,0.9975459336480625,25,25,1,Unanimous LP/P-directed,deployment_in_sample_not_validation,deployment
NC_000010.11:87957969:G:T,PTEN,1,0.9997715120567624,1.0,0.9965910539284131,1.0,0.9999999536242105,1.0,0.9958155307949564,1.0,4.0,1111,0.9980445126010856,0.9991862556451666,25,25,1,Unanimous LP/P-directed,deployment_in_sample_not_validation,deployment
NC_000010.11:87957969:GT:TG,PTEN,1,,,,,,,,,,,,,1,25,0,,deployment_in_sample_not_validation,deployment
NC_000010.11:87957972:A:T,PTEN,1,0.9998287178539413,1.0,0.9970314247913413,1.0,0.9999999536242105,1.0,0.9961800171124588,1.0,4.0,1111,0.998260028345488,0.9992873965148394,25,25,1,Unanimous LP/P-directed,deployment_in_sample_not_validation,deployment
NC_000010.11:87957978:A:C,PTEN,1,0.9996121119789952,1.0,0.9914867740209026,1.0,0.9999999536242105,1.0,0.9960441982736946,1.0,4.0,1111,0.9967857594744508,0.9985682090625232,25,25,1,Unanimous LP/P-directed,deployment_in_sample_not_validation,deployment
NC_000010.11:87957981:T:A,PTEN,1,0.9997258693270291,1.0,0.99059821295336,1.0,0.9999999536242105,1.0,0.9947454220522319,1.0,4.0,1111,0.9962673644892078,0.9983027414298731,25,25,1,Unanimous LP/P-directed,deployment_in_sample_not_validation,deployment
NC_000010.11:87957981:T:G,PTEN,1,0.9996595651504389,1.0,0.9867892911155298,1.0,0.9999999536242105,1.0,0.9947454220522319,1.0,4.0,1111,0.9952985579856027,0.9977930777790369,25,25,1,Unanimous LP/P-directed,deployment_in_sample_not_validation,deployment
NC_000010.11:87958018:G:C,PTEN,1,0.9977326360801331,1.0,0.9976011988831048,1.0,0.9999999536242105,1.0,0.9921557734968341,1.0,4.0,1111,0.9968723905210706,0.9986120182705134,25,25,1,Unanimous LP/P-directed,deployment_in_sample_not_validation,deployment
NC_000010.11:87960906:A:C,PTEN,1,0.9997706010649869,1.0,0.9917336754538496,1.0,0.9999999536242105,1.0,0.9943261531422213,1.0,4.0,1111,0.9964575958213171,0.998400795793435,25,25,1,Unanimous LP/P-directed,deployment_in_sample_not_validation,deployment
NC_000010.11:87960912:G:T,PTEN,1,0.9997113196914835,1.0,0.9972612312799309,1.0,0.9999999536242105,1.0,0.9959856004932437,1.0,4.0,1111,0.9982395262722171,0.9992778458015629,25,25,1,Unanimous LP/P-directed,deployment_in_sample_not_validation,deployment
NC_000010.11:87960920:A:G,PTEN,1,0.9996570822948255,1.0,0.9934915953789932,1.0,0.9999999536242105,1.0,0.9952611615820527,1.0,4.0,1111,0.9971024482200205,0.9987275306435766,25,25,1,Unanimous LP/P-directed,deployment_in_sample_not_validation,deployment
NC_000010.11:87960921:C:G,PTEN,1,0.9998358676464041,1.0,0.9973975342488745,1.0,0.9999999536242105,1.0,0.996089338300268,1.0,4.0,1111,0.9983306734549393,0.999320186546088,25,25,1,Unanimous LP/P-directed,deployment_in_sample_not_validation,deployment
NC_000010.11:87960921:C:T,PTEN,1,0.9998790396273198,1.0,0.9983970289613616,1.0,0.9999999536242105,1.0,0.9952268881899398,1.0,4.0,1111,0.9983757276007079,0.9993409996280707,25,25,1,Unanimous LP/P-directed,deployment_in_sample_not_validation,deployment
NC_000010.11:87961020:A:G,PTEN,1,0.9497502639846314,1.0,0.998668902623944,1.0,0.9999999536242105,1.0,0.989093577570242,1.0,4.0,1111,0.9843781744507569,0.9913205195490382,25,25,1,Unanimous LP/P-directed,deployment_in_sample_not_validation,deployment
NC_000010.11:87961038:T:C,PTEN,1,0.9942496168352075,1.0,0.9545890532311678,1.0,0.9999999536242105,1.0,0.9873892648373872,1.0,4.0,1111,0.9840569721319932,0.9911161622670626,25,25,1,Unanimous LP/P-directed,deployment_in_sample_not_validation,deployment
NC_000010.11:87961067:G:A,PTEN,1,0.9993625032130956,1.0,0.994584963553583,1.0,0.9999999536242105,1.0,0.9952706197577356,1.0,4.0,1111,0.9973045100371561,0.9988279448469795,25,25,1,Unanimous LP/P-directed,deployment_in_sample_not_validation,deployment
NC_000010.11:87961068:A:G,PTEN,1,0.9996451615549296,1.0,0.9940225768022967,1.0,0.9999999536242105,1.0,0.9961499350076921,1.0,4.0,1111,0.9974544067472823,0.9989017689632848,25,25,1,Unanimous LP/P-directed,deployment_in_sample_not_validation,deployment
NC_000010.11:87961117:G:T,PTEN,1,0.986772856956508,1.0,0.99410985571014,1.0,0.9999999536242105,1.0,0.9910293045985569,1.0,4.0,1111,0.9929779927223538,0.9965150539024512,25,25,1,Unanimous LP/P-directed,deployment_in_sample_not_validation,deployment
NC_000010.11:87965293:T:C,PTEN,1,0.9995496720984864,1.0,0.9905265265956199,1.0,0.9999999536242105,1.0,0.9947891691254509,1.0,4.0,1111,0.9962163303609419,0.9982763156999542,25,25,1,Unanimous LP/P-directed,deployment_in_sample_not_validation,deployment
NC_000011.10:108227682:C:G,ATM,1,0.9527928162727516,1.0,0.881376017455749,1.0,0.9999999536242105,1.0,0.9686567410193069,1.0,4.0,1111,0.9507063820930045,0.9675128540696607,25,25,1,Unanimous LP/P-directed,deployment_in_sample_not_validation,deployment
NC_000011.10:108227695:G:C,ATM,1,0.9925421697022261,1.0,0.9968950128893906,1.0,0.9999999536242105,1.0,0.9809710586350892,1.0,4.0,1111,0.9926020487127291,0.9963016672078011,25,25,1,Unanimous LP/P-directed,deployment_in_sample_not_validation,deployment
NC_000011.10:108229323:G:A,ATM,1,,,,,,,,,,,,,2,25,0,,deployment_in_sample_not_validation,deployment
NC_000011.10:108229323:G:C,ATM,1,,,,,,,,,,,,,2,25,0,,deployment_in_sample_not_validation,deployment
NC_000011.10:108229323:G:T,ATM,1,,,,,,,,,,,,,2,25,0,,deployment_in_sample_not_validation,deployment
NC_000011.10:108229324:T:G,ATM,1,,,,,,,,,,,,,2,25,0,,deployment_in_sample_not_validation,deployment
NC_000011.10:108235833:G:C,ATM,1,0.9935657404324794,1.0,0.8966845653853979,1.0,0.9999999536242105,1.0,0.9778944201848758,1.0,4.0,1111,0.9670361699067409,0.9795692567376674,24,25,1,Unanimous LP/P-directed,deployment_in_sample_not_validation,deployment
NC_000011.10:108249101:G:C,ATM,1,0.9947180394610085,1.0,0.99981642792116,1.0,0.9999999536242105,1.0,0.9913064079364564,1.0,4.0,1111,0.9964602072357088,0.9984021368296572,24,25,1,Unanimous LP/P-directed,deployment_in_sample_not_validation,deployment
NC_000011.10:108271257:T:C,ATM,1,0.9401817970063803,1.0,0.8884378983930199,1.0,0.9999999536242105,1.0,0.9729081165389589,1.0,4.0,1111,0.9503819413906424,0.9672656577409156,25,25,1,Unanimous LP/P-directed,deployment_in_sample_not_validation,deployment
NC_000011.10:108271393:T:G,ATM,1,0.972501019625342,1.0,0.9866715261051787,1.0,0.9999999536242105,1.0,0.9838029430524561,1.0,4.0,1111,0.9857438606017968,0.9921822882347736,25,25,1,Unanimous LP/P-directed,deployment_in_sample_not_validation,deployment
NC_000011.10:108272531:G:T,ATM,1,0.9532582884149777,1.0,0.9727149309553945,1.0,0.9999999536242105,1.0,0.9499345439108744,1.0,4.0,1111,0.9689769292263642,0.980946031745902,24,25,1,Unanimous LP/P-directed,deployment_in_sample_not_validation,deployment
NC_000011.10:108272815:A:G,ATM,1,0.6069626179597598,1.0,0.6963725414834945,1.0,0.9999999536242105,1.0,0.9260493586557563,1.0,4.0,1111,0.8073461179308052,0.840330667501512,25,25,1,Unanimous LP/P-directed,deployment_in_sample_not_validation,deployment
NC_000011.10:108272851:G:A,ATM,1,0.9876109748329228,1.0,0.9659101030396534,1.0,0.9999999536242105,1.0,0.9723900004661521,1.0,4.0,1111,0.9814777579907348,0.9894536157983772,24,25,1,Unanimous LP/P-directed,deployment_in_sample_not_validation,deployment
NC_000011.10:108281167:G:T,ATM,1,0.9820863144266881,1.0,0.9990141910407357,1.0,0.9999999536242105,1.0,0.9885085056601548,1.0,4.0,1111,0.9924022411879474,0.9961876191432524,25,25,1,Unanimous LP/P-directed,deployment_in_sample_not_validation,deployment
NC_000011.10:108284327:T:C,ATM,1,0.9401603058481897,1.0,0.9757164134982521,1.0,0.9999999536242105,1.0,0.9669121696966888,1.0,4.0,1111,0.9706972106668353,0.9821550159010338,25,25,1,Unanimous LP/P-directed,deployment_in_sample_not_validation,deployment
NC_000011.10:108297381:G:A,ATM,1,0.9968612287374883,1.0,0.9906843664007423,1.0,0.9999999536242105,1.0,0.9735016955210414,1.0,4.0,1111,0.9902618110708706,0.9949405784971673,24,25,1,Unanimous LP/P-directed,deployment_in_sample_not_validation,deployment
NC_000011.10:108301705:G:A,ATM,1,0.9600005784948399,1.0,0.8801035638386359,1.0,0.9999999536242105,1.0,0.9708845098273763,1.0,4.0,1111,0.9527471514462656,0.9690614139861217,25,25,1,Unanimous LP/P-directed,deployment_in_sample_not_validation,deployment
NC_000011.10:108301778:C:T,ATM,1,0.9401085980533149,1.0,0.547406864965448,0.0,0.9999999536242105,1.0,0.9264198301207351,1.0,3.0,1011,0.8534838116909271,0.8843826444713118,25,25,1,Mixed votes,deployment_in_sample_not_validation,deployment
NC_000011.10:108310221:C:T,ATM,1,0.9592914039131369,1.0,0.901654639321499,1.0,0.9999999536242105,1.0,0.9672175515725132,1.0,4.0,1111,0.95704088710784,0.9722826654017505,25,25,1,Unanimous LP/P-directed,deployment_in_sample_not_validation,deployment
NC_000011.10:108316029:G:A,ATM,1,0.982497374726546,1.0,0.9791041465231634,1.0,0.9999999536242105,1.0,0.986154638939286,1.0,4.0,1111,0.9869390284533014,0.9929265066400342,25,25,1,Unanimous LP/P-directed,deployment_in_sample_not_validation,deployment
NC_000011.10:108317376:T:C,ATM,1,0.983700874460037,1.0,0.9712808412870966,1.0,0.9999999536242105,1.0,0.9399989580628275,1.0,4.0,1111,0.9737451568585429,0.9842693052676873,25,25,1,Unanimous LP/P-directed,deployment_in_sample_not_validation,deployment
NC_000011.10:108317411:T:G,ATM,1,0.9898823539438206,1.0,0.9920506049203938,1.0,0.9999999536242105,1.0,0.9873301605921775,1.0,4.0,1111,0.9923157682701506,0.9961381275347113,25,25,1,Unanimous LP/P-directed,deployment_in_sample_not_validation,deployment
NC_000011.10:108320039:A:T,ATM,1,0.9814754046612068,1.0,0.9788077147372547,1.0,0.9999999536242105,1.0,0.9793962635687932,1.0,4.0,1111,0.9849198341478662,0.9916637141101948,24,25,1,Unanimous LP/P-directed,deployment_in_sample_not_validation,deployment
NC_000011.10:108325534:G:C,ATM,1,0.6105805294122012,1.0,0.03688039772953094,0.0,0.9999999536242105,1.0,0.9193934903892613,1.0,3.0,1011,0.6417135927888009,0.6672063523311643,25,25,1,Mixed votes,deployment_in_sample_not_validation,deployment
NC_000011.10:108327757:G:C,ATM,1,0.9401752712873677,1.0,0.947438452721069,1.0,0.9999999536242105,1.0,0.9698838571980395,1.0,4.0,1111,0.9643743837076717,0.9776598682740308,25,25,1,Unanimous LP/P-directed,deployment_in_sample_not_validation,deployment
NC_000011.10:108329111:C:T,ATM,1,0.44109284190827563,0.0,0.4809640219959912,0.0,0.9999999536242105,1.0,0.9214221471280053,1.0,2.0,0011,0.7108697411641207,0.7417842384875524,25,25,1,Mixed votes,deployment_in_sample_not_validation,deployment
NC_000011.10:108330260:T:C,ATM,1,0.9655291825207156,1.0,0.9073737353556494,1.0,0.9999999536242105,1.0,0.9903097358153078,1.0,4.0,1111,0.9658031518289708,0.9786877389901708,25,25,1,Unanimous LP/P-directed,deployment_in_sample_not_validation,deployment
NC_000011.10:108331497:G:C,ATM,1,0.9952301147494198,1.0,0.9867319636899535,1.0,0.9999999536242105,1.0,0.9955716491927754,1.0,4.0,1111,0.9943834203140899,0.9972977754333033,25,25,1,Unanimous LP/P-directed,deployment_in_sample_not_validation,deployment
NC_000011.10:108332761:G:T,ATM,1,0.9974686266333316,1.0,0.9850828849628571,1.0,0.9999999536242105,1.0,0.9868150707003783,1.0,4.0,1111,0.9923416339801944,0.9961529398171752,25,25,1,Unanimous LP/P-directed,deployment_in_sample_not_validation,deployment
NC_000011.10:108332837:C:T,ATM,1,0.9894700159351213,1.0,0.997981047256081,1.0,0.9999999536242105,1.0,0.980843572310165,1.0,4.0,1111,0.9920736472813945,0.995999130916682,25,25,1,Unanimous LP/P-directed,deployment_in_sample_not_validation,deployment
NC_000011.10:108332847:TG:GC,ATM,1,,,,,,,,,,,,,0,25,0,,deployment_in_sample_not_validation,deployment
NC_000011.10:108332847:T:G,ATM,1,0.8323284697353234,1.0,0.31846794992162647,0.0,0.9992888397439992,1.0,0.9212960020518155,1.0,3.0,1011,0.7678453153631911,0.8009082529204845,25,25,1,Mixed votes,deployment_in_sample_not_validation,deployment
NC_000011.10:108332848:G:C,ATM,1,0.9959279294670061,1.0,0.9785613171608263,1.0,0.9999999536242105,1.0,0.9933939354066839,1.0,4.0,1111,0.9919707839146817,0.9959398937912948,25,25,1,Unanimous LP/P-directed,deployment_in_sample_not_validation,deployment
NC_000011.10:108332898:A:T,ATM,1,0.999335566260972,1.0,0.997084388968269,1.0,0.9996449278883737,1.0,0.9797453352329174,1.0,4.0,1111,0.993952554587633,0.9970604760206947,24,25,1,Unanimous LP/P-directed,deployment_in_sample_not_validation,deployment
NC_000011.10:108333942:T:A,ATM,1,0.9926483265553402,1.0,0.9528435488343058,1.0,0.9999999536242105,1.0,0.9917222957044647,1.0,4.0,1111,0.9843035311795802,0.9912730850346593,25,25,1,Unanimous LP/P-directed,deployment_in_sample_not_validation,deployment
NC_000011.10:108333954:C:A,ATM,1,0.9729489354631232,1.0,0.9662482237064243,1.0,0.9999999536242105,1.0,0.9860946310610066,1.0,4.0,1111,0.9813229359636911,0.9893526517500236,25,25,1,Unanimous LP/P-directed,deployment_in_sample_not_validation,deployment
NC_000011.10:108333954:C:T,ATM,1,0.9624327059888135,1.0,0.9327731970608816,1.0,0.9999999536242105,1.0,0.975089202325663,1.0,4.0,1111,0.9675737647498921,0.979951957436846,25,25,1,Unanimous LP/P-directed,deployment_in_sample_not_validation,deployment
NC_000011.10:108334987:A:G,ATM,1,0.9589813901174838,1.0,0.9556099819877584,1.0,0.9999999536242105,1.0,0.9912644853497055,1.0,4.0,1111,0.9764639527697896,0.9861232452776393,25,25,1,Unanimous LP/P-directed,deployment_in_sample_not_validation,deployment
NC_000011.10:108335079:G:A,ATM,1,0.9401487280709506,1.0,0.8864579028089551,1.0,0.9999999536242105,1.0,0.953698209319847,1.0,4.0,1111,0.9450761984559908,0.9631852927420861,25,25,1,Unanimous LP/P-directed,deployment_in_sample_not_validation,deployment
NC_000011.10:108335079:G:C,ATM,1,0.9663215197569073,1.0,0.9448033713911621,1.0,0.9999999536242105,1.0,0.9906831316278971,1.0,4.0,1111,0.9754519941000442,0.9854368839516681,25,25,1,Unanimous LP/P-directed,deployment_in_sample_not_validation,deployment
NC_000011.10:108335081:T:A,ATM,1,0.9401091096074455,1.0,0.9231223092473048,1.0,0.9999999536242105,1.0,0.9646668762429742,1.0,4.0,1111,0.9569745621804837,0.9722332996731692,25,25,1,Unanimous LP/P-directed,deployment_in_sample_not_validation,deployment
NC_000011.10:108335103:G:T,ATM,1,0.9962496521666765,1.0,0.9613312753068027,1.0,0.9999999536242105,1.0,0.9893121442744011,1.0,4.0,1111,0.9867232563430226,0.9927928650384737,25,25,1,Unanimous LP/P-directed,deployment_in_sample_not_validation,deployment
NC_000011.10:108335104:T:C,ATM,1,0.9925732304799542,1.0,0.9356828473847497,1.0,0.9999999536242105,1.0,0.9837502974754382,1.0,4.0,1111,0.9780015822410881,0.9871573888898201,24,25,1,Unanimous LP/P-directed,deployment_in_sample_not_validation,deployment
NC_000011.10:108335881:A:C,ATM,1,0.9900722417340778,1.0,0.9704511843826786,1.0,0.9999999536242105,1.0,0.994987207439267,1.0,4.0,1111,0.9888776467950585,0.9941121020960612,25,25,1,Unanimous LP/P-directed,deployment_in_sample_not_validation,deployment
NC_000011.10:108343246:G:C,ATM,1,0.9821127981009093,1.0,0.9710618289723875,1.0,0.9999999536242105,1.0,0.9807034981107369,1.0,4.0,1111,0.983469519702061,0.9907408221273163,25,25,1,Unanimous LP/P-directed,deployment_in_sample_not_validation,deployment
NC_000011.10:108343246:G:T,ATM,1,0.9908831386406066,1.0,0.9848223091555545,1.0,0.9999999536242105,1.0,0.9946748753853025,1.0,4.0,1111,0.9925950692014185,0.9962976907205999,25,25,1,Unanimous LP/P-directed,deployment_in_sample_not_validation,deployment
NC_000011.10:108345808:C:T,ATM,1,0.9767772822191003,1.0,0.9221157569998666,1.0,0.9999999536242105,1.0,0.9786869018877054,1.0,4.0,1111,0.9693949736827208,0.9812408284639128,25,25,1,Unanimous LP/P-directed,deployment_in_sample_not_validation,deployment
NC_000011.10:108345818:G:T,ATM,1,0.9952473763209235,1.0,0.9754391758852612,1.0,0.9999999536242105,1.0,0.9824332397826786,1.0,4.0,1111,0.9882799364032684,0.9937495607451361,25,25,1,Unanimous LP/P-directed,deployment_in_sample_not_validation,deployment
NC_000011.10:108345869:G:C,ATM,1,0.9962742898418393,1.0,0.9841027795837048,1.0,0.9999999536242105,1.0,0.9949099114657728,1.0,4.0,1111,0.9938217336288819,0.9969879432473487,25,25,1,Unanimous LP/P-directed,deployment_in_sample_not_validation,deployment
NC_000011.10:108345887:G:T,ATM,1,0.9975941526447496,1.0,0.9855418272535565,1.0,0.9999999536242105,1.0,0.9953858772621472,1.0,4.0,1111,0.9946304526961659,0.9974326846547356,25,25,1,Unanimous LP/P-directed,deployment_in_sample_not_validation,deployment
NC_000011.10:108345888:T:A,ATM,1,0.9990288608362896,1.0,0.9900490201325353,1.0,0.9999999536242105,1.0,0.9928443368392733,1.0,4.0,1111,0.9954805428580772,0.9978900436084043,25,25,1,Unanimous LP/P-directed,deployment_in_sample_not_validation,deployment
NC_000011.10:108345888:TG:AA,ATM,1,,,,,,,,,,,,,0,25,0,,deployment_in_sample_not_validation,deployment
NC_000011.10:108353801:C:T,ATM,1,0.9934435404556976,1.0,0.9826084056282387,1.0,0.9999999536242105,1.0,0.9924088386396385,1.0,4.0,1111,0.9921151845869463,0.9960230203657678,25,25,1,Unanimous LP/P-directed,deployment_in_sample_not_validation,deployment
NC_000011.10:108353830:G:T,ATM,1,0.9977205188416948,1.0,0.9894780399519395,1.0,0.9999999536242105,1.0,0.9949005986793185,1.0,4.0,1111,0.9955247777742908,0.9979135311983467,25,25,1,Unanimous LP/P-directed,deployment_in_sample_not_validation,deployment
NC_000013.11:32326149:G:A,BRCA2,1,0.9844697054165614,1.0,0.9729612943811048,1.0,0.9999999536242105,1.0,0.9873823277673996,1.0,4.0,1111,0.986203320297319,0.9924695250581042,22,25,1,Unanimous LP/P-directed,deployment_in_sample_not_validation,deployment
NC_000013.11:32326281:G:T,BRCA2,1,0.9866506847815568,1.0,0.9842167920934662,1.0,0.9999999536242105,1.0,0.9818138655026222,1.0,4.0,1111,0.988170324000464,0.9936827773196607,22,25,1,Unanimous LP/P-directed,deployment_in_sample_not_validation,deployment
NC_000013.11:32326498:G:C,BRCA2,1,0.9401127778813109,1.0,0.7487462377473488,1.0,0.9995402590287135,1.0,0.9398238898807971,1.0,4.0,1111,0.9070557911345425,0.9321672630318784,22,25,1,Unanimous LP/P-directed,deployment_in_sample_not_validation,deployment
NC_000013.11:32326612:G:A,BRCA2,1,0.9865876308873585,1.0,0.8891753673372528,1.0,0.9999999536242105,1.0,0.9832848192540198,1.0,4.0,1111,0.9647619427757104,0.9779393513159973,22,25,1,Unanimous LP/P-directed,deployment_in_sample_not_validation,deployment
NC_000013.11:32326612:G:C,BRCA2,1,0.9913141158187084,1.0,0.9750936317822001,1.0,0.9999999536242105,1.0,0.9885726805354869,1.0,4.0,1111,0.9887450954401515,0.9940319431875986,22,25,1,Unanimous LP/P-directed,deployment_in_sample_not_validation,deployment
NC_000013.11:32330927:AG:GA,BRCA2,1,,,,,,,,,,,,,0,25,0,,deployment_in_sample_not_validation,deployment
NC_000013.11:32339441:G:T,BRCA2,1,0.5241470590065692,1.0,0.5134259762475819,0.0,0.9996449278883737,1.0,0.9257934161299891,1.0,3.0,1011,0.7407528448181285,0.7730962676063677,22,25,1,Mixed votes,deployment_in_sample_not_validation,deployment
NC_000013.11:32341017:C:G,BRCA2,1,0.050710800119865056,0.0,0.02851165108491676,0.0,0.9871778876247057,1.0,0.8991513537162028,1.0,2.0,0011,0.4913879231364226,0.4986901812787745,22,25,1,Mixed votes,deployment_in_sample_not_validation,deployment
NC_000013.11:32341195:G:T,BRCA2,1,,,,,,,,,,,,,11,25,0,,deployment_in_sample_not_validation,deployment
NC_000013.11:32346895:G:C,BRCA2,1,0.9402028226181933,1.0,0.6263941859841204,0.0,0.9999999536242105,1.0,0.9210974638122557,1.0,3.0,1011,0.871923606509695,0.9012854000628391,22,25,1,Mixed votes,deployment_in_sample_not_validation,deployment
NC_000013.11:32346895:G:T,BRCA2,1,0.9978871917908242,1.0,0.9562744423789483,1.0,0.9999999536242105,1.0,0.9865475325370805,1.0,4.0,1111,0.9851772800827658,0.9918261928697436,22,25,1,Unanimous LP/P-directed,deployment_in_sample_not_validation,deployment
NC_000013.11:32356520:T:C,BRCA2,1,0.987746104340669,1.0,0.9705256960278087,1.0,0.9999999536242105,1.0,0.9738331954324743,1.0,4.0,1111,0.9830262373562906,0.9904562662346839,22,25,1,Unanimous LP/P-directed,deployment_in_sample_not_validation,deployment
NC_000013.11:32357909:G:C,BRCA2,1,0.9958033619113388,1.0,0.9328456322450598,1.0,0.9999999536242105,1.0,0.990413593847929,1.0,4.0,1111,0.9797656354071345,0.9883301692872455,22,25,1,Unanimous LP/P-directed,deployment_in_sample_not_validation,deployment
NC_000013.11:32357910:G:A,BRCA2,1,0.9956705769811537,1.0,0.9365227626474351,1.0,0.9999999536242105,1.0,0.9747395191667372,1.0,4.0,1111,0.9767332031048841,0.9863051045712028,22,25,1,Unanimous LP/P-directed,deployment_in_sample_not_validation,deployment
NC_000013.11:32357919:A:G,BRCA2,1,0.8542147528631361,1.0,0.7364809721649325,1.0,0.9999999536242105,1.0,0.922638954385113,1.0,4.0,1111,0.878333658259348,0.907055412189965,22,25,1,Unanimous LP/P-directed,deployment_in_sample_not_validation,deployment
NC_000013.11:32357925:A:G,BRCA2,1,0.9720599023388089,1.0,0.9979660318848272,1.0,0.9999999536242105,1.0,0.9765691992399707,1.0,4.0,1111,0.9866487717719543,0.9927466572479287,22,25,1,Unanimous LP/P-directed,deployment_in_sample_not_validation,deployment
NC_000013.11:32357928:G:C,BRCA2,1,0.9889659148567314,1.0,0.9988510017816293,1.0,0.9999999536242105,1.0,0.9898957138595685,1.0,4.0,1111,0.994428146030535,0.9973222642640144,22,25,1,Unanimous LP/P-directed,deployment_in_sample_not_validation,deployment
NC_000013.11:32362523:G:C,BRCA2,1,0.9923455885896361,1.0,0.9530959342806609,1.0,0.9999999536242105,1.0,0.9914736429219201,1.0,4.0,1111,0.984228779854107,0.9912255480943847,22,25,1,Unanimous LP/P-directed,deployment_in_sample_not_validation,deployment
NC_000013.11:32362542:G:A,BRCA2,1,0.9850555509570986,1.0,0.8838369459249904,1.0,0.9999999536242105,1.0,0.9527736543738515,1.0,4.0,1111,0.9554165262200378,0.9710700575928666,22,25,1,Unanimous LP/P-directed,deployment_in_sample_not_validation,deployment
NC_000013.11:32362542:G:T,BRCA2,1,0.9829494322376858,1.0,0.8774831535739136,1.0,0.9999999536242105,1.0,0.9826045466751036,1.0,4.0,1111,0.9607592715277284,0.9750296758052932,22,25,1,Unanimous LP/P-directed,deployment_in_sample_not_validation,deployment
NC_000013.11:32362573:G:C,BRCA2,1,0.9990745258461166,1.0,0.9905558679677944,1.0,0.9999999536242105,1.0,0.9942275190282814,1.0,4.0,1111,0.9959644666166008,0.9981451806627707,22,25,1,Unanimous LP/P-directed,deployment_in_sample_not_validation,deployment
NC_000013.11:32362583:C:T,BRCA2,1,0.9401535509324664,1.0,0.8321537893986336,1.0,0.9999999536242105,1.0,0.9543554283569273,1.0,4.0,1111,0.9316656805780594,0.9525779509448767,22,25,1,Unanimous LP/P-directed,deployment_in_sample_not_validation,deployment
NC_000013.11:32362584:A:G,BRCA2,1,0.9951576918440473,1.0,0.9191182741464344,1.0,0.9999999536242105,1.0,0.990142690375698,1.0,4.0,1111,0.9761046524975976,0.9858800628674864,22,25,1,Unanimous LP/P-directed,deployment_in_sample_not_validation,deployment
NC_000013.11:32362592:T:A,BRCA2,1,0.9982648294189452,1.0,0.9588799341075166,1.0,0.9999999536242105,1.0,0.9956345382257112,1.0,4.0,1111,0.9881948138440959,0.9936977061079026,22,25,1,Unanimous LP/P-directed,deployment_in_sample_not_validation,deployment
NC_000013.11:32362592:T:C,BRCA2,1,0.9983377993986189,1.0,0.9601889271315814,1.0,0.9999999536242105,1.0,0.9955788008750683,1.0,4.0,1111,0.9885263702573699,0.9938993706926001,22,25,1,Unanimous LP/P-directed,deployment_in_sample_not_validation,deployment
NC_000013.11:32362594:G:T,BRCA2,1,0.997376662314541,1.0,0.9608798331858643,1.0,0.9999999536242105,1.0,0.992518550032127,1.0,4.0,1111,0.9876937497891857,0.9933913699407755,22,25,1,Unanimous LP/P-directed,deployment_in_sample_not_validation,deployment
NC_000013.11:32362595:A:T,BRCA2,1,0.9923941208040195,1.0,0.937790891847328,1.0,0.9999999536242105,1.0,0.9762494171500277,1.0,4.0,1111,0.9766085958563964,0.986220981495293,22,25,1,Unanimous LP/P-directed,deployment_in_sample_not_validation,deployment
NC_000013.11:32362596:T:A,BRCA2,1,0.9742365185845997,1.0,0.8429882915198132,1.0,0.9999999536242105,1.0,0.9897947675657416,1.0,4.0,1111,0.9517548828235912,0.9683098429302278,22,25,1,Unanimous LP/P-directed,deployment_in_sample_not_validation,deployment
NC_000013.11:32362604:A:C,BRCA2,1,0.9605651267878624,1.0,0.8464869211509786,1.0,0.9999999536242105,1.0,0.968499040023692,1.0,4.0,1111,0.9438877603966859,0.9622618409053408,22,25,1,Unanimous LP/P-directed,deployment_in_sample_not_validation,deployment
NC_000013.11:32362656:T:C,BRCA2,1,0.9854121542558739,1.0,0.9082859245150716,1.0,0.9999999536242105,1.0,0.9934406238515281,1.0,4.0,1111,0.971784664061671,0.9829135265225218,22,25,1,Unanimous LP/P-directed,deployment_in_sample_not_validation,deployment
NC_000013.11:32362671:T:G,BRCA2,1,0.9401801521314692,1.0,0.8033441984746981,1.0,0.9999999536242105,1.0,0.9868269432359924,1.0,4.0,1111,0.9325878118665925,0.9533199287730179,22,25,1,Unanimous LP/P-directed,deployment_in_sample_not_validation,deployment
NC_000013.11:32362674:T:C,BRCA2,1,0.996921727326743,1.0,0.9539204089912345,1.0,0.9999999536242105,1.0,0.9955728059475757,1.0,4.0,1111,0.986603723972441,0.9927186925883678,22,25,1,Unanimous LP/P-directed,deployment_in_sample_not_validation,deployment
NC_000013.11:32362680:A:G,BRCA2,1,0.9756909886341945,1.0,0.8680839034120563,1.0,0.9999999536242105,1.0,0.9908540149192302,1.0,4.0,1111,0.9586572151474229,0.9734817691437789,22,25,1,Unanimous LP/P-directed,deployment_in_sample_not_validation,deployment
NC_000013.11:32362691:A:G,BRCA2,1,0.997615095746739,1.0,0.997919271806593,1.0,0.9999999536242105,1.0,0.9931794867293288,1.0,4.0,1111,0.9971784519767178,0.998765418242352,22,25,1,Unanimous LP/P-directed,deployment_in_sample_not_validation,deployment
NC_000013.11:32362692:G:A,BRCA2,1,0.9928360360810335,1.0,0.9994432966282244,1.0,0.9999999536242105,1.0,0.9873013291074768,1.0,4.0,1111,0.9948951538602363,0.9975762736084113,22,25,1,Unanimous LP/P-directed,deployment_in_sample_not_validation,deployment
NC_000013.11:32362692:G:C,BRCA2,1,0.9927447849010957,1.0,0.9998150862018099,1.0,0.9999999536242105,1.0,0.995437501254209,1.0,4.0,1111,0.9969993314953314,0.9986759071486876,22,25,1,Unanimous LP/P-directed,deployment_in_sample_not_validation,deployment
NC_000013.11:32363179:T:G,BRCA2,1,0.9974401040233007,1.0,0.9511559719060702,1.0,0.9999999536242105,1.0,0.9954993606686455,1.0,4.0,1111,0.9860238475555567,0.9923574914610264,22,25,1,Unanimous LP/P-directed,deployment_in_sample_not_validation,deployment
NC_000013.11:32363188:G:A,BRCA2,1,0.9983819164865537,1.0,0.9680110761518018,1.0,0.9999999536242105,1.0,0.9912364044026197,1.0,4.0,1111,0.9894073376662964,0.9944310233242155,22,25,1,Unanimous LP/P-directed,deployment_in_sample_not_validation,deployment
NC_000013.11:32363189:A:T,BRCA2,1,0.9979055384326936,1.0,0.9627814577459128,1.0,0.9999999536242105,1.0,0.9926155514981954,1.0,4.0,1111,0.988325625325253,0.9937773706531747,22,25,1,Unanimous LP/P-directed,deployment_in_sample_not_validation,deployment
NC_000013.11:32363210:C:T,BRCA2,1,0.7067566225008796,1.0,0.7700158793951716,1.0,0.997421625682536,1.0,0.9113059508213742,1.0,4.0,1111,0.8463750195999903,0.8777523585537298,22,25,1,Unanimous LP/P-directed,deployment_in_sample_not_validation,deployment
NC_000013.11:32363224:A:G,BRCA2,1,0.9768499418504993,1.0,0.9985310465073258,1.0,0.9999999536242105,1.0,0.9817764595393499,1.0,4.0,1111,0.9892893503803464,0.994360181335691,22,25,1,Unanimous LP/P-directed,deployment_in_sample_not_validation,deployment
NC_000013.11:32363258:T:C,BRCA2,1,0.996763918883245,1.0,0.9666431748707554,1.0,0.9999999536242105,1.0,0.9950113419121923,1.0,4.0,1111,0.9896045973226008,0.9945492054264359,22,25,1,Unanimous LP/P-directed,deployment_in_sample_not_validation,deployment
NC_000013.11:32363365:A:G,BRCA2,1,0.8481714441077142,1.0,0.7565460908919368,1.0,0.9999999536242105,1.0,0.9443236201356681,1.0,4.0,1111,0.8872602771898823,0.9149940298836846,22,25,1,Unanimous LP/P-directed,deployment_in_sample_not_validation,deployment
NC_000013.11:32363366:C:A,BRCA2,1,0.9904494568417103,1.0,0.9385547644460078,1.0,0.9999999536242105,1.0,0.9937915743925673,1.0,4.0,1111,0.9806989373261239,0.9889444467102159,22,25,1,Unanimous LP/P-directed,deployment_in_sample_not_validation,deployment
NC_000013.11:32363366:C:G,BRCA2,1,0.9924346702504642,1.0,0.952842768099326,1.0,0.9999999536242105,1.0,0.9938683971606919,1.0,4.0,1111,0.9847864472836731,0.9915793683363207,22,25,1,Unanimous LP/P-directed,deployment_in_sample_not_validation,deployment
NC_000013.11:32363368:G:C,BRCA2,1,0.9978486439726867,1.0,0.967614779207637,1.0,0.9999999536242105,1.0,0.9950635250286568,1.0,4.0,1111,0.9901317254582978,0.9948634078076778,22,25,1,Unanimous LP/P-directed,deployment_in_sample_not_validation,deployment
NC_000013.11:32363369:A:C,BRCA2,1,0.9944976884038961,1.0,0.9479185961516549,1.0,0.9999999536242105,1.0,0.9958757214614439,1.0,4.0,1111,0.9845729899103013,0.9914441618227492,22,25,1,Unanimous LP/P-directed,deployment_in_sample_not_validation,deployment
NC_000013.11:32363369:A:G,BRCA2,1,0.9975652344417991,1.0,0.9887858322224353,1.0,0.9999999536242105,1.0,0.9959079922013632,1.0,4.0,1111,0.9955647531224521,0.9979347290955668,22,25,1,Unanimous LP/P-directed,deployment_in_sample_not_validation,deployment
NC_000013.11:32363369:A:T,BRCA2,1,0.9958440729486301,1.0,0.955751139982004,1.0,0.9999999536242105,1.0,0.995391933677899,1.0,4.0,1111,0.986746775058186,0.9928074473476318,22,25,1,Unanimous LP/P-directed,deployment_in_sample_not_validation,deployment
NC_000013.11:32363371:G:A,BRCA2,1,0.9827382144367712,1.0,0.9026682457498364,1.0,0.9999999536242105,1.0,0.9672109182501791,1.0,4.0,1111,0.9631543330152493,0.9767768510252987,22,25,1,Unanimous LP/P-directed,deployment_in_sample_not_validation,deployment
NC_000013.11:32363371:G:T,BRCA2,1,0.9805607860378545,1.0,0.9192172878960368,1.0,0.9999999536242105,1.0,0.9776922052012867,1.0,4.0,1111,0.9693675581898472,0.9812215151053303,22,25,1,Unanimous LP/P-directed,deployment_in_sample_not_validation,deployment
NC_000013.11:32363372:G:T,BRCA2,1,0.9483216542578016,1.0,0.8616619631810492,1.0,0.9999999536242105,1.0,0.979453419085743,1.0,4.0,1111,0.947359247537201,0.9649496752430755,22,25,1,Unanimous LP/P-directed,deployment_in_sample_not_validation,deployment
NC_000013.11:32363375:G:T,BRCA2,1,0.9861565423707868,1.0,0.9208376787887143,1.0,0.9999999536242105,1.0,0.993331770135726,1.0,4.0,1111,0.9750814862298594,0.9851844777473902,22,25,1,Unanimous LP/P-directed,deployment_in_sample_not_validation,deployment
NC_000013.11:32363377:T:A,BRCA2,1,0.9698264286284008,1.0,0.8992574758239941,1.0,0.9999999536242105,1.0,0.95342877325382,1.0,4.0,1111,0.9556281578326065,0.9712284650205495,22,25,1,Unanimous LP/P-directed,deployment_in_sample_not_validation,deployment
NC_000013.11:32363378:A:G,BRCA2,1,0.980057066097659,1.0,0.904360320715316,1.0,0.9999999536242105,1.0,0.9801994756868133,1.0,4.0,1111,0.9661542040309997,0.9789392437214364,22,25,1,Unanimous LP/P-directed,deployment_in_sample_not_validation,deployment
NC_000013.11:32363389:G:A,BRCA2,1,0.1340571191883342,0.0,0.38425072552077216,0.0,0.9976699183149605,1.0,0.8878448218329317,1.0,2.0,0011,0.6009556462142497,0.6221653189399379,22,25,1,Mixed votes,deployment_in_sample_not_validation,deployment
NC_000013.11:32363443:G:A,BRCA2,1,0.9398883677530542,1.0,0.8557858031552941,1.0,0.9999999536242105,1.0,0.9496128032012227,1.0,4.0,1111,0.9363217319334454,0.956305944034367,22,25,1,Unanimous LP/P-directed,deployment_in_sample_not_validation,deployment
NC_000013.11:32363444:G:A,BRCA2,1,0.9941989836977124,1.0,0.942956661639164,1.0,0.9999999536242105,1.0,0.9917964467883843,1.0,4.0,1111,0.9822380114373679,0.9899475326118918,22,25,1,Unanimous LP/P-directed,deployment_in_sample_not_validation,deployment
NC_000013.11:32370431:T:C,BRCA2,1,0.9942079355450941,1.0,0.9426438498837207,1.0,0.9999999536242105,1.0,0.9890302993439903,1.0,4.0,1111,0.981470509599254,0.9894488917469345,22,25,1,Unanimous LP/P-directed,deployment_in_sample_not_validation,deployment
NC_000013.11:32370446:G:A,BRCA2,1,0.9979378750300378,1.0,0.9756469788980058,1.0,0.9999999536242105,1.0,0.9935062060473095,1.0,4.0,1111,0.9917727533998909,0.9958255460051915,22,25,1,Unanimous LP/P-directed,deployment_in_sample_not_validation,deployment
NC_000013.11:32370447:G:A,BRCA2,1,0.9982697376730375,1.0,0.9727417198621243,1.0,0.9999999536242105,1.0,0.994251870500826,1.0,4.0,1111,0.9913158204150495,0.9955602039115107,22,25,1,Unanimous LP/P-directed,deployment_in_sample_not_validation,deployment
NC_000013.11:32370555:A:C,BRCA2,1,0.9401636599651743,1.0,0.9422375166333943,1.0,0.9999999536242105,1.0,0.9559854368840249,1.0,4.0,1111,0.959596641776701,0.9741751785580144,22,25,1,Unanimous LP/P-directed,deployment_in_sample_not_validation,deployment
NC_000013.11:32370555:A:G,BRCA2,1,0.9432998549882224,1.0,0.9342204281239328,1.0,0.9999999536242105,1.0,0.9617789800657788,1.0,4.0,1111,0.9598248042005362,0.9743431926916747,22,25,1,Unanimous LP/P-directed,deployment_in_sample_not_validation,deployment
NC_000013.11:32371099:G:A,BRCA2,1,0.9957862629430377,1.0,0.9787444451209125,1.0,0.9999999536242105,1.0,0.9859624723731243,1.0,4.0,1111,0.9901232835153213,0.9948583946798851,22,25,1,Unanimous LP/P-directed,deployment_in_sample_not_validation,deployment
NC_000013.11:32379799:G:A,BRCA2,1,0.9757804126809312,1.0,0.9317186189166652,1.0,0.9999999536242105,1.0,0.9730973539736096,1.0,4.0,1111,0.9701490847988541,0.9817709925852729,22,25,1,Unanimous LP/P-directed,deployment_in_sample_not_validation,deployment
NC_000013.11:32379877:G:C,BRCA2,1,0.17158242803688492,0.0,0.22330404823181454,0.0,0.9999999536242105,1.0,0.8989360025299672,1.0,2.0,0011,0.5734556081057193,0.5914355175122236,22,25,1,Mixed votes,deployment_in_sample_not_validation,deployment
NC_000013.11:32380042:C:T,BRCA2,1,0.9945022289678108,1.0,0.9851650048674345,1.0,0.9999999536242105,1.0,0.9911979466979016,1.0,4.0,1111,0.9927162835393394,0.9963666745913374,22,25,1,Unanimous LP/P-directed,deployment_in_sample_not_validation,deployment
NC_000013.11:32380043:G:T,BRCA2,1,0.9686767208367348,1.0,0.9110537470860719,1.0,0.9999999536242105,1.0,0.9625090975767582,1.0,4.0,1111,0.9605598797809438,0.9748834200793919,22,25,1,Unanimous LP/P-directed,deployment_in_sample_not_validation,deployment
NC_000013.11:32380114:G:A,BRCA2,1,0.996125230386748,1.0,0.9529912460400449,1.0,0.9999999536242105,1.0,0.9915718521527812,1.0,4.0,1111,0.9851720705509461,0.9918229091746781,22,25,1,Unanimous LP/P-directed,deployment_in_sample_not_validation,deployment
NC_000013.11:32380114:G:C,BRCA2,1,0.9958186601527785,1.0,0.9486462990488388,1.0,0.9999999536242105,1.0,0.9915718521527812,1.0,4.0,1111,0.9840091912446522,0.9910857099297539,22,25,1,Unanimous LP/P-directed,deployment_in_sample_not_validation,deployment
NC_000013.11:32380115:G:A,BRCA2,1,0.9984893363736356,1.0,0.9703678860899059,1.0,0.9999999536242105,1.0,0.9948757941685322,1.0,4.0,1111,0.990933242564071,0.9953364847638021,22,25,1,Unanimous LP/P-directed,deployment_in_sample_not_validation,deployment
NC_000013.11:32380115:G:T,BRCA2,1,0.9765080175949206,1.0,0.9182914083621754,1.0,0.9999999536242105,1.0,0.9840418106598627,1.0,4.0,1111,0.9697102975602923,0.981462766280901,22,25,1,Unanimous LP/P-directed,deployment_in_sample_not_validation,deployment
NC_000013.11:32380142:CA:TT,BRCA2,1,,,,,,,,,,,,,0,25,0,,deployment_in_sample_not_validation,deployment
NC_000013.11:32394716:C:A,BRCA2,1,0.9404009237808205,1.0,0.956699014039606,1.0,0.9999999536242105,1.0,0.9868162774686627,1.0,4.0,1111,0.970979042228325,0.9823520299251952,22,25,1,Unanimous LP/P-directed,deployment_in_sample_not_validation,deployment
NC_000013.11:32394716:C:G,BRCA2,1,0.9401778101620332,1.0,0.9564116028448544,1.0,0.9999999536242105,1.0,0.9868162774686627,1.0,4.0,1111,0.9708514110249402,0.9822628467553628,22,25,1,Unanimous LP/P-directed,deployment_in_sample_not_validation,deployment
NC_000013.11:32394733:T:C,BRCA2,1,0.9651019279594822,1.0,0.8997479275407331,1.0,0.9999999536242105,1.0,0.9715958979961251,1.0,4.0,1111,0.9591114267801377,0.9738173588877227,22,25,1,Unanimous LP/P-directed,deployment_in_sample_not_validation,deployment
NC_000013.11:32394733:T:G,BRCA2,1,0.9840356117418495,1.0,0.9439273648187745,1.0,0.9999999536242105,1.0,0.9779444554453491,1.0,4.0,1111,0.976476846407546,0.9861319613645828,22,25,1,Unanimous LP/P-directed,deployment_in_sample_not_validation,deployment
NC_000013.11:32394802:A:T,BRCA2,1,0.9803011544185879,1.0,0.9169741117630712,1.0,0.9999999536242105,1.0,0.9817042677863406,1.0,4.0,1111,0.9697448718980526,0.9814870788797749,22,25,1,Unanimous LP/P-directed,deployment_in_sample_not_validation,deployment
NC_000013.11:32394804:C:T,BRCA2,1,0.4206063805985317,0.0,0.6738669211156021,0.0,0.9994170522494795,1.0,0.8831636095508811,1.0,2.0,0011,0.7442634908786236,0.776732541665106,22,25,1,Mixed votes,deployment_in_sample_not_validation,deployment
NC_000015.10:90747392:A:C,BLM,1,0.9825225370394634,1.0,0.9019224836567519,1.0,0.9999999536242105,1.0,0.9824829519687007,1.0,4.0,1111,0.9667319815722817,0.9793522682287571,21,25,1,Unanimous LP/P-directed,deployment_in_sample_not_validation,deployment
NC_000015.10:90794309:T:C,BLM,1,0.994891992392404,1.0,0.9770150434682262,1.0,0.9999999536242105,1.0,0.9948411633648374,1.0,4.0,1111,0.9916870382124195,0.9957759287415058,25,25,1,Unanimous LP/P-directed,deployment_in_sample_not_validation,deployment
NC_000015.10:90794337:A:T,BLM,1,0.9971751735534138,1.0,0.9970888398827036,1.0,0.9999999536242105,1.0,0.9948656950382433,1.0,4.0,1111,0.9972824155246428,0.9988170143831,25,25,1,Unanimous LP/P-directed,deployment_in_sample_not_validation,deployment
NC_000016.10:23607863:C:T,PALB2,1,0.9401576995167649,1.0,0.14703908327442128,0.0,0.9950200638532802,1.0,0.9084853588007128,1.0,3.0,1011,0.7476755513612948,0.7802577262263836,23,25,1,Mixed votes,deployment_in_sample_not_validation,deployment
NC_000016.10:23641154:C:T,PALB2,1,0.9851605264570923,1.0,0.879087471606802,1.0,0.9999999536242105,1.0,0.9817046962115117,1.0,4.0,1111,0.9614881619749042,0.9755632865607156,21,25,1,Unanimous LP/P-directed,deployment_in_sample_not_validation,deployment
NC_000016.10:23641155:A:C,PALB2,1,0.9765855714068461,1.0,0.8215190896998072,1.0,0.9999999536242105,1.0,0.9853471084917896,1.0,4.0,1111,0.9458629308056634,0.9637947340689462,21,25,1,Unanimous LP/P-directed,deployment_in_sample_not_validation,deployment
NC_000016.10:23641155:A:G,PALB2,1,0.9791815935018887,1.0,0.8536321475155497,1.0,0.9999999536242105,1.0,0.9842887494384677,1.0,4.0,1111,0.9542756110200291,0.9702139322490687,21,25,1,Unanimous LP/P-directed,deployment_in_sample_not_validation,deployment
NC_000016.10:23641155:A:T,PALB2,1,0.9401141839251168,1.0,0.6829374643057823,0.0,0.9999999536242105,1.0,0.8940491312764326,1.0,3.0,1011,0.8792751832828856,0.907898113168845,20,25,1,Mixed votes,deployment_in_sample_not_validation,deployment
NC_000016.10:23641156:T:C,PALB2,1,0.9736823362462614,1.0,0.8711481170187547,1.0,0.9999999536242105,1.0,0.9843266144515405,1.0,4.0,1111,0.9572892553351918,0.9724674140690436,21,25,1,Unanimous LP/P-directed,deployment_in_sample_not_validation,deployment
NC_000016.10:68737415:A:G,CDH1,1,0.9722746516092454,1.0,0.9445589648630578,1.0,0.9995221255939969,1.0,0.9870671973147548,1.0,4.0,1111,0.9758557348452638,0.9857112572022086,21,25,1,Unanimous LP/P-directed,deployment_in_sample_not_validation,deployment
NC_000016.10:68737415:A:T,CDH1,1,0.9727604616971498,1.0,0.9421456894345677,1.0,0.9999999536242105,1.0,0.9804443662278454,1.0,4.0,1111,0.9738376177459434,0.9843328647957119,21,25,1,Unanimous LP/P-directed,deployment_in_sample_not_validation,deployment
NC_000016.10:68737416:T:A,CDH1,1,0.98609692967596,1.0,0.9562166545511822,1.0,0.9999999536242105,1.0,0.992153193306839,1.0,4.0,1111,0.983616682789548,0.9908350392009275,21,25,1,Unanimous LP/P-directed,deployment_in_sample_not_validation,deployment
NC_000016.10:68737416:T:C,CDH1,1,0.9822103472066085,1.0,0.9338538914281095,1.0,0.9999999536242105,1.0,0.9864292794057521,1.0,4.0,1111,0.9756233679161701,0.9855534319542358,21,25,1,Unanimous LP/P-directed,deployment_in_sample_not_validation,deployment
NC_000016.10:68737416:T:G,CDH1,1,0.9891050475391252,1.0,0.9519525691218895,1.0,0.9999999536242105,1.0,0.9923050897849952,1.0,4.0,1111,0.9833406650175551,0.9906582231741949,21,25,1,Unanimous LP/P-directed,deployment_in_sample_not_validation,deployment
NC_000016.10:68737417:G:A,CDH1,1,0.9749294646638407,1.0,0.9558062369119679,1.0,0.9999999536242105,1.0,0.992687411293367,1.0,4.0,1111,0.9808557666233465,0.9890472316061427,21,25,1,Unanimous LP/P-directed,deployment_in_sample_not_validation,deployment
NC_000016.10:68810223:G:A,CDH1,1,0.9947641391532389,1.0,0.9999133486280847,1.0,0.9999999536242105,1.0,0.9721063270698039,1.0,4.0,1111,0.9916959421188345,0.9957810863067431,25,25,1,Unanimous LP/P-directed,deployment_in_sample_not_validation,deployment
NC_000016.10:68810268:G:T,CDH1,1,0.9915556704777309,1.0,0.9972018225858026,1.0,0.9999999536242105,1.0,0.9925680836366275,1.0,4.0,1111,0.9953313825810928,0.9978106070641537,25,25,1,Unanimous LP/P-directed,deployment_in_sample_not_validation,deployment
NC_000016.10:68810276:T:A,CDH1,1,0.9639720634245279,1.0,0.9755486298164154,1.0,0.9999999536242105,1.0,0.9907134081620806,1.0,4.0,1111,0.9825585137568086,0.9901548086151011,25,25,1,Unanimous LP/P-directed,deployment_in_sample_not_validation,deployment
NC_000016.10:68810340:G:A,CDH1,1,0.9932485690038925,1.0,0.9997849876099882,1.0,0.9999999536242105,1.0,0.994885220961566,1.0,4.0,1111,0.9969796827999143,0.9986660421761774,24,25,1,Unanimous LP/P-directed,deployment_in_sample_not_validation,deployment
NC_000016.10:68812182:G:A,CDH1,1,0.9401622210692897,1.0,0.03601656596784526,0.0,0.9999999536242105,1.0,0.9162602766639035,1.0,3.0,1011,0.7231097543313123,0.7546849429923894,25,25,1,Mixed votes,deployment_in_sample_not_validation,deployment
NC_000016.10:68813494:G:T,CDH1,1,0.9869444033442667,1.0,0.9934354688506395,1.0,0.9999999536242105,1.0,0.9869168973406311,1.0,4.0,1111,0.991824180789937,0.9958552798226112,25,25,1,Unanimous LP/P-directed,deployment_in_sample_not_validation,deployment
NC_000016.10:68819392:C:G,CDH1,1,0.9920662979311988,1.0,0.9973138176404832,1.0,0.9999999536242105,1.0,0.9826515623882112,1.0,4.0,1111,0.993007907896026,0.9965319650733157,25,25,1,Unanimous LP/P-directed,deployment_in_sample_not_validation,deployment
NC_000016.10:68819416:C:G,CDH1,1,0.6129553682771702,1.0,0.6590366077497722,0.0,0.9999999536242105,1.0,0.9205630226733329,1.0,3.0,1011,0.7981387380811215,0.831271123728308,24,25,1,Mixed votes,deployment_in_sample_not_validation,deployment
NC_000016.10:68819424:G:A,CDH1,1,0.7754385982947589,1.0,0.7669807426621386,1.0,0.9995275472426494,1.0,0.9304731692229314,1.0,4.0,1111,0.8681050143556196,0.8978214871542906,23,25,1,Unanimous LP/P-directed,deployment_in_sample_not_validation,deployment
NC_000016.10:68822054:A:T,CDH1,1,0.9791471491909955,1.0,0.9625313666203227,1.0,0.9999999536242105,1.0,0.9873864531079555,1.0,4.0,1111,0.982266230635871,0.989965805377649,25,25,1,Unanimous LP/P-directed,deployment_in_sample_not_validation,deployment
NC_000016.10:68828203:G:A,CDH1,1,0.9872443556825059,1.0,0.9955826516562186,1.0,0.9999999536242105,1.0,0.993306696910155,1.0,4.0,1111,0.9940334144682725,0.9971051974987907,24,25,1,Unanimous LP/P-directed,deployment_in_sample_not_validation,deployment
NC_000016.10:68828280:G:A,CDH1,1,0.9713097822341972,1.0,0.9256093700854072,1.0,0.9999999536242105,1.0,0.9456635976955385,1.0,4.0,1111,0.9606456759098384,0.9749463672132851,24,25,1,Unanimous LP/P-directed,deployment_in_sample_not_validation,deployment
NC_000016.10:89738683:C:A,FANCA,1,0.42790355058535834,0.0,0.6199508241622304,0.0,0.9999999536242105,1.0,0.9141495698782582,1.0,2.0,0011,0.7405009745625144,0.7728350278030524,24,25,1,Mixed votes,deployment_in_sample_not_validation,deployment
NC_000016.10:89738883:C:A,FANCA,1,,,,,,,,,,,,,11,25,0,,deployment_in_sample_not_validation,deployment
NC_000016.10:89738928:G:A,FANCA,1,,,,,,,,,,,,,11,25,0,,deployment_in_sample_not_validation,deployment
NC_000016.10:89738942:C:G,FANCA,1,0.9448077313700373,1.0,0.9759927304807761,1.0,0.9999999536242105,1.0,0.9465977398621018,1.0,4.0,1111,0.9668495388342815,0.979436163923949,25,25,1,Unanimous LP/P-directed,deployment_in_sample_not_validation,deployment
NC_000016.10:89738943:G:A,FANCA,1,0.9913952746967276,1.0,0.9310604662513912,1.0,0.9999999536242105,1.0,0.965771788957293,1.0,4.0,1111,0.9720568708824056,0.9831026806695675,25,25,1,Unanimous LP/P-directed,deployment_in_sample_not_validation,deployment
NC_000016.10:89738946:C:G,FANCA,1,0.9968628718507109,1.0,0.9947281043708334,1.0,0.9999999536242105,1.0,0.9865001083520974,1.0,4.0,1111,0.994522759549463,0.9973739766938592,25,25,1,Unanimous LP/P-directed,deployment_in_sample_not_validation,deployment
NC_000016.10:89739219:C:G,FANCA,1,0.9072674263197312,1.0,0.8082350374760482,1.0,0.9999999536242105,1.0,0.9723278200655088,1.0,4.0,1111,0.9219575593713747,0.9446621055452328,25,25,1,Unanimous LP/P-directed,deployment_in_sample_not_validation,deployment
NC_000016.10:89739230:C:G,FANCA,1,0.9921178337443611,1.0,0.9809362420702654,1.0,0.9999999536242105,1.0,0.9896248893575909,1.0,4.0,1111,0.9906697296991069,0.9951815937987368,25,25,1,Unanimous LP/P-directed,deployment_in_sample_not_validation,deployment
NC_000016.10:89739514:C:G,FANCA,1,0.5368982376120932,1.0,0.20032793511977984,0.0,0.9993617417835335,1.0,0.9046378199834199,1.0,3.0,1011,0.6603064336247066,0.687510679647234,25,25,1,Mixed votes,deployment_in_sample_not_validation,deployment
NC_000016.10:89739516:G:A,FANCA,1,0.8281089288456583,1.0,0.6697260239371544,0.0,0.9999999536242105,1.0,0.9617096456171399,1.0,3.0,1011,0.8648861380060409,0.8948865303250424,25,25,1,Mixed votes,deployment_in_sample_not_validation,deployment
NC_000016.10:89740845:G:C,FANCA,1,0.9664622100759231,1.0,0.9270388576777056,1.0,0.9999999536242105,1.0,0.9611432066133048,1.0,4.0,1111,0.9636610569977859,0.9771441791401452,25,25,1,Unanimous LP/P-directed,deployment_in_sample_not_validation,deployment
NC_000016.10:89744973:C:G,FANCA,1,0.9096551070450849,1.0,0.6578813945658764,0.0,0.9999999536242105,1.0,0.9321735156736503,1.0,3.0,1011,0.8749274927272055,0.903996407369566,25,25,1,Mixed votes,deployment_in_sample_not_validation,deployment
NC_000016.10:89745003:G:A,FANCA,1,0.9844134590814387,1.0,0.9352347679902354,1.0,0.9999999536242105,1.0,0.9806317325256436,1.0,4.0,1111,0.975069978305382,0.9851766286597141,25,25,1,Unanimous LP/P-directed,deployment_in_sample_not_validation,deployment
NC_000016.10:89746605:G:A,FANCA,1,0.9937659394071098,1.0,0.9496109720610677,1.0,0.9999999536242105,1.0,0.9890604173061228,1.0,4.0,1111,0.9831093205996277,0.9905096856430495,25,25,1,Unanimous LP/P-directed,deployment_in_sample_not_validation,deployment
NC_000016.10:89746606:G:A,FANCA,1,0.9911378280561151,1.0,0.9115954122966317,1.0,0.9999999536242105,1.0,0.9875554860779658,1.0,4.0,1111,0.9725721700137308,0.9834599628603127,25,25,1,Unanimous LP/P-directed,deployment_in_sample_not_validation,deployment
NC_000016.10:89746852:T:A,FANCA,1,0.9924559329907644,1.0,0.9411671697528959,1.0,0.9999999536242105,1.0,0.9803570778801233,1.0,4.0,1111,0.9784950335619985,0.987486949419011,25,25,1,Unanimous LP/P-directed,deployment_in_sample_not_validation,deployment
NC_000016.10:89746888:C:G,FANCA,1,0.9675766319483557,1.0,0.7669147679703423,1.0,0.9999999536242105,1.0,0.9693150163169825,1.0,4.0,1111,0.9259515924649727,0.9479413774578002,25,25,1,Unanimous LP/P-directed,deployment_in_sample_not_validation,deployment
NC_000016.10:89748671:A:C,FANCA,1,0.9972114382541823,1.0,0.8445221678526758,1.0,0.9999999536242105,1.0,0.978205380060514,1.0,4.0,1111,0.9549847349478957,0.970746472013492,25,25,1,Unanimous LP/P-directed,deployment_in_sample_not_validation,deployment
NC_000016.10:89748677:T:G,FANCA,1,0.977053286371834,1.0,0.7559390016071017,1.0,0.9999999536242105,1.0,0.9635810366691584,1.0,4.0,1111,0.9241433195680762,0.9464605331105391,25,25,1,Unanimous LP/P-directed,deployment_in_sample_not_validation,deployment
NC_000016.10:89749729:C:A,FANCA,1,0.9992884732771882,1.0,0.9998059667101893,1.0,0.9999999536242105,1.0,0.9936235800397277,1.0,4.0,1111,0.998179493412829,0.9992497925464913,24,25,1,Unanimous LP/P-directed,deployment_in_sample_not_validation,deployment
NC_000016.10:89749729:C:T,FANCA,1,0.9992487605594943,1.0,0.9996115346808156,1.0,0.9999999536242105,1.0,0.9949724186123202,1.0,4.0,1111,0.9984581668692102,0.9993788767585975,24,25,1,Unanimous LP/P-directed,deployment_in_sample_not_validation,deployment
NC_000016.10:89749804:C:T,FANCA,1,0.9999361876946594,1.0,0.9910005881064927,1.0,0.9999999536242105,1.0,0.9894368071046602,1.0,4.0,1111,0.9950933841325058,0.9976831232506755,25,25,1,Unanimous LP/P-directed,deployment_in_sample_not_validation,deployment
NC_000016.10:89749805:G:A,FANCA,1,0.9999732428485418,1.0,0.9992051290542603,1.0,0.9999999536242105,1.0,0.9905418589278975,1.0,4.0,1111,0.9974300461137275,0.998889811345171,25,25,1,Unanimous LP/P-directed,deployment_in_sample_not_validation,deployment
NC_000016.10:89749805:G:C,FANCA,1,0.9998538264276643,1.0,0.9957739453179103,1.0,0.9999999536242105,1.0,0.98912757992827,1.0,4.0,1111,0.9961888263245138,0.9982620532890871,25,25,1,Unanimous LP/P-directed,deployment_in_sample_not_validation,deployment
NC_000016.10:89761948:C:A,FANCA,1,0.9777235930763971,1.0,0.9338423494290553,1.0,0.9999999536242105,1.0,0.960792808852381,1.0,4.0,1111,0.968089676245511,0.9803182698307543,23,25,1,Unanimous LP/P-directed,deployment_in_sample_not_validation,deployment
NC_000016.10:89761949:G:A,FANCA,1,0.99865243435241,1.0,0.9894898733733022,1.0,0.9999999536242105,1.0,0.9724076681911812,1.0,4.0,1111,0.990137482385276,0.9948668261206558,23,25,1,Unanimous LP/P-directed,deployment_in_sample_not_validation,deployment
NC_000016.10:89761993:T:C,FANCA,1,0.9995023827361494,1.0,0.9911296580642426,1.0,0.9999999536242105,1.0,0.990232718126792,1.0,4.0,1111,0.9952161781378487,0.9977490090492808,25,25,1,Unanimous LP/P-directed,deployment_in_sample_not_validation,deployment
NC_000016.10:89761994:C:T,FANCA,1,0.9999006147872675,1.0,0.9937505922062545,1.0,0.9999999536242105,1.0,0.9872442116024178,1.0,4.0,1111,0.9952238430550376,0.9977531138899289,25,25,1,Unanimous LP/P-directed,deployment_in_sample_not_validation,deployment
NC_000016.10:89762006:A:G,FANCA,1,0.9999506897003723,1.0,0.9953341013203112,1.0,0.9999999536242105,1.0,0.9950850116854011,1.0,4.0,1111,0.9975924390825738,0.9989692207067881,25,25,1,Unanimous LP/P-directed,deployment_in_sample_not_validation,deployment
NC_000016.10:89764905:T:A,FANCA,1,0.8655537981029874,1.0,0.17859720924154332,0.0,0.9999999536242105,1.0,0.9372248028330441,1.0,3.0,1011,0.7453439409504463,0.7778497768331517,25,25,1,Mixed votes,deployment_in_sample_not_validation,deployment
NC_000016.10:89764929:T:G,FANCA,1,0.9587932944091031,1.0,0.980717894173214,1.0,0.9999999536242105,1.0,0.9749486580667986,1.0,4.0,1111,0.9786149500683315,0.9875668638805105,25,25,1,Unanimous LP/P-directed,deployment_in_sample_not_validation,deployment
NC_000016.10:89764944:A:G,FANCA,1,0.9985673351394432,1.0,0.9796473706424015,1.0,0.9999999536242105,1.0,0.9927694704899852,1.0,4.0,1111,0.99274603247401,0.9963835799778902,25,25,1,Unanimous LP/P-directed,deployment_in_sample_not_validation,deployment
NC_000016.10:89765035:C:G,FANCA,1,0.978162334944465,1.0,0.9861321462346343,1.0,0.9999999536242105,1.0,0.9890348122161428,1.0,4.0,1111,0.9883323117548632,0.9937814392114906,25,25,1,Unanimous LP/P-directed,deployment_in_sample_not_validation,deployment
NC_000016.10:89767207:A:G,FANCA,1,0.9993427074006741,1.0,0.9944394381047293,1.0,0.9999999536242105,1.0,0.9905931059418981,1.0,4.0,1111,0.9960938012678779,0.9982126673057986,25,25,1,Unanimous LP/P-directed,deployment_in_sample_not_validation,deployment
NC_000016.10:89767214:A:C,FANCA,1,0.9993670541003805,1.0,0.9891030148659093,1.0,0.9999999536242105,1.0,0.989996262177617,1.0,4.0,1111,0.9946165711920294,0.9974251265286129,25,25,1,Unanimous LP/P-directed,deployment_in_sample_not_validation,deployment
NC_000016.10:89767228:G:C,FANCA,1,0.9994999080286914,1.0,0.9924631698182496,1.0,0.9999999536242105,1.0,0.9830006478114915,1.0,4.0,1111,0.9937409198206608,0.9969430273947056,25,25,1,Unanimous LP/P-directed,deployment_in_sample_not_validation,deployment
NC_000016.10:89769890:A:G,FANCA,1,0.9559397873412662,1.0,0.8058019846034237,1.0,0.9999999536242105,1.0,0.9728774457681901,1.0,4.0,1111,0.9336547928342727,0.9541762290651332,25,25,1,Unanimous LP/P-directed,deployment_in_sample_not_validation,deployment
NC_000016.10:89769978:C:G,FANCA,1,0.9819252690505157,1.0,0.9606510260237063,1.0,0.9999999536242105,1.0,0.976102083530415,1.0,4.0,1111,0.9796695830572119,0.9882667012837711,25,25,1,Unanimous LP/P-directed,deployment_in_sample_not_validation,deployment
NC_000016.10:89770191:G:A,FANCA,1,0.9998265032945176,1.0,0.997600743416797,1.0,0.9999999536242105,1.0,0.9940803875480686,1.0,4.0,1111,0.9978768969708984,0.9991065158338914,25,25,1,Unanimous LP/P-directed,deployment_in_sample_not_validation,deployment
NC_000016.10:89770199:A:T,FANCA,1,0.9996871509341281,1.0,0.9948203707656488,1.0,0.9999999536242105,1.0,0.9923476724951504,1.0,4.0,1111,0.9967137869547844,0.9985316874396676,25,25,1,Unanimous LP/P-directed,deployment_in_sample_not_validation,deployment
NC_000016.10:89770257:G:T,FANCA,1,0.9140777594657906,1.0,0.6861717666214167,0.0,0.9999999536242105,1.0,0.9447453749776494,1.0,3.0,1011,0.8862487136722669,0.9141002397316139,25,25,1,Mixed votes,deployment_in_sample_not_validation,deployment
NC_000016.10:89770615:T:G,FANCA,1,0.9183689493592601,1.0,0.4030598957800386,0.0,0.9999999536242105,1.0,0.9758682178228508,1.0,3.0,1011,0.82432425414659,0.8568122859075007,25,25,1,Mixed votes,deployment_in_sample_not_validation,deployment
NC_000016.10:89771774:C:G,FANCA,1,0.8208381444693932,1.0,0.011883388682002598,0.0,0.999171147432597,1.0,0.9141572522713357,1.0,3.0,1011,0.6865124832138321,0.7158254901439616,25,25,1,Mixed votes,deployment_in_sample_not_validation,deployment
NC_000016.10:89771777:A:G,FANCA,1,0.9997510578154611,1.0,0.9952729790551249,1.0,0.9999999536242105,1.0,0.9936422790983309,1.0,4.0,1111,0.9971665673982819,0.9987595030549122,25,25,1,Unanimous LP/P-directed,deployment_in_sample_not_validation,deployment
NC_000016.10:89773305:A:G,FANCA,1,0.9996272282343556,1.0,0.982459224844542,1.0,0.9999999536242105,1.0,0.9934025475424553,1.0,4.0,1111,0.9938722385613907,0.997015971406637,25,25,1,Unanimous LP/P-directed,deployment_in_sample_not_validation,deployment
NC_000016.10:89778834:C:T,FANCA,1,0.9749935873468815,1.0,0.721505472809807,1.0,0.9999999536242105,1.0,0.967770162448134,1.0,4.0,1111,0.9160672940572582,0.9397708953572621,25,25,1,Unanimous LP/P-directed,deployment_in_sample_not_validation,deployment
NC_000016.10:89783083:G:A,FANCA,1,0.940105832989097,1.0,0.9145748994786159,1.0,0.9999999536242105,1.0,0.9479713928533022,1.0,4.0,1111,0.9506630197363064,0.9674798314619072,25,25,1,Unanimous LP/P-directed,deployment_in_sample_not_validation,deployment
NC_000016.10:89783097:T:C,FANCA,1,0.9984610224264182,1.0,0.9825063712022056,1.0,0.9999999536242105,1.0,0.9836145743737154,1.0,4.0,1111,0.9911454804066374,0.9954607662762381,25,25,1,Unanimous LP/P-directed,deployment_in_sample_not_validation,deployment
NC_000016.10:89791418:T:C,FANCA,1,0.9984701799134559,1.0,0.985058012660749,1.0,0.9999999536242105,1.0,0.984911112227018,1.0,4.0,1111,0.9921098146063583,0.9960199329286418,25,25,1,Unanimous LP/P-directed,deployment_in_sample_not_validation,deployment
NC_000016.10:89791453:C:G,FANCA,1,0.9414594313820182,1.0,0.8542190268546112,1.0,0.9999999536242105,1.0,0.967938223660247,1.0,4.0,1111,0.9409041588802717,0.9599287893636614,25,25,1,Unanimous LP/P-directed,deployment_in_sample_not_validation,deployment
NC_000016.10:89791454:T:C,FANCA,1,0.9954148629846682,1.0,0.9678739211436984,1.0,0.9999999536242105,1.0,0.9905721729460297,1.0,4.0,1111,0.9884652276746517,0.9938622449039947,25,25,1,Unanimous LP/P-directed,deployment_in_sample_not_validation,deployment
NC_000016.10:89791457:C:A,FANCA,1,0.9997955595835359,1.0,0.9970649085541929,1.0,0.9999999536242105,1.0,0.9930613922167225,1.0,4.0,1111,0.9974804534946655,0.9989145367238491,25,25,1,Unanimous LP/P-directed,deployment_in_sample_not_validation,deployment
NC_000016.10:89791457:C:G,FANCA,1,0.9996328508871196,1.0,0.9933454453986152,1.0,0.9999999536242105,1.0,0.9945833638346413,1.0,4.0,1111,0.9968904034361468,0.9986211063796662,25,25,1,Unanimous LP/P-directed,deployment_in_sample_not_validation,deployment
NC_000016.10:89791457:C:T,FANCA,1,0.9994796367777381,1.0,0.9918310068075347,1.0,0.9999999536242105,1.0,0.9907146014905436,1.0,4.0,1111,0.9955062996750067,0.9979037237488348,25,25,1,Unanimous LP/P-directed,deployment_in_sample_not_validation,deployment
NC_000016.10:89791458:G:A,FANCA,1,0.9998660139446655,1.0,0.9955370691455381,1.0,0.9999999536242105,1.0,0.9926697420633034,1.0,4.0,1111,0.9970181946944294,0.9986853693193309,25,25,1,Unanimous LP/P-directed,deployment_in_sample_not_validation,deployment
NC_000016.10:89791503:C:T,FANCA,1,0.5099623154663172,1.0,0.1689691077866214,0.0,0.9999999536242105,1.0,0.9573575983204055,1.0,3.0,1011,0.6590722437993886,0.6861681489741749,25,25,1,Mixed votes,deployment_in_sample_not_validation,deployment
NC_000016.10:89791931:A:C,FANCA,1,0.9581213454701178,1.0,0.9788071470357331,1.0,0.9999999536242105,1.0,0.9796498929292943,1.0,4.0,1111,0.9791445847648389,0.9879189969776924,25,25,1,Unanimous LP/P-directed,deployment_in_sample_not_validation,deployment
NC_000016.10:89791986:C:A,FANCA,1,0.6576236672374943,1.0,0.28818483493105457,0.0,0.9995562684832363,1.0,0.9458941354715366,1.0,3.0,1011,0.7228147265308305,0.7543751879994982,25,25,1,Mixed votes,deployment_in_sample_not_validation,deployment
NC_000016.10:89792066:A:G,FANCA,1,0.991129948086239,1.0,0.9653248848218879,1.0,0.9996449278883739,1.0,0.982211782365266,1.0,4.0,1111,0.9845778857904416,0.9914472660732153,25,25,1,Unanimous LP/P-directed,deployment_in_sample_not_validation,deployment
NC_000016.10:89792480:A:C,FANCA,1,0.98950413231455,1.0,0.9574425907212079,1.0,0.9999999536242105,1.0,0.9830832874553365,1.0,4.0,1111,0.9825074910288263,0.9901218491868091,25,25,1,Unanimous LP/P-directed,deployment_in_sample_not_validation,deployment
NC_000016.10:89795940:A:C,FANCA,1,0.9891994397971752,1.0,0.9277211956470022,1.0,0.9999999536242105,1.0,0.9568801835044796,1.0,4.0,1111,0.9684501931432169,0.9805736878573426,25,25,1,Unanimous LP/P-directed,deployment_in_sample_not_validation,deployment
NC_000016.10:89805305:G:C,FANCA,1,0.3749967964793479,0.0,0.020294714668146818,0.0,0.9999999536242105,1.0,0.9093405539365759,1.0,2.0,0011,0.5761580046770702,0.5944655079346474,25,25,1,Mixed votes,deployment_in_sample_not_validation,deployment
NC_000016.10:89805359:A:C,FANCA,1,0.9980093126627362,1.0,0.9806858953777877,1.0,0.9999999536242105,1.0,0.9882887326408305,1.0,4.0,1111,0.9917459735763913,0.9958100521169327,25,25,1,Unanimous LP/P-directed,deployment_in_sample_not_validation,deployment
NC_000016.10:89816612:C:A,FANCA,1,0.9607928405984743,1.0,0.9808132841649753,1.0,0.9999999536242105,1.0,0.9863043147469857,1.0,4.0,1111,0.9819775982836614,0.9897787015288431,21,25,1,Unanimous LP/P-directed,deployment_in_sample_not_validation,deployment
NC_000016.10:89816613:A:C,FANCA,1,0.9934486039115371,1.0,0.9963792337229322,1.0,0.9999999536242105,1.0,0.979948321318039,1.0,4.0,1111,0.9924440281441798,0.9962115065482555,21,25,1,Unanimous LP/P-directed,deployment_in_sample_not_validation,deployment
NC_000016.10:89816613:A:T,FANCA,1,0.9776050960520635,1.0,0.9805097923855869,1.0,0.9999999536242105,1.0,0.9799325649468609,1.0,4.0,1111,0.9845118517521805,0.9914053845951363,21,25,1,Unanimous LP/P-directed,deployment_in_sample_not_validation,deployment
NC_000016.10:89816614:T:A,FANCA,1,0.9623047599620582,1.0,0.9861743145442097,1.0,0.9999999536242105,1.0,0.9839371939539823,1.0,4.0,1111,0.9831040555211151,0.9905063015638526,21,25,1,Unanimous LP/P-directed,deployment_in_sample_not_validation,deployment
NC_000016.10:89816614:T:C,FANCA,1,0.9647617337672362,1.0,0.9833567457241108,1.0,0.9999999536242105,1.0,0.9823973903436942,1.0,4.0,1111,0.9826289558648129,0.9902002886350681,21,25,1,Unanimous LP/P-directed,deployment_in_sample_not_validation,deployment
NC_000016.10:89816614:T:G,FANCA,1,0.9628297875192205,1.0,0.9862627996852112,1.0,0.9999999536242105,1.0,0.9839371939539823,1.0,4.0,1111,0.9832574336956561,0.9906048188970926,21,25,1,Unanimous LP/P-directed,deployment_in_sample_not_validation,deployment
NC_000017.11:7670668:G:T,TP53,1,0.9400909364939232,1.0,0.8722355861515394,1.0,0.9999999536242105,1.0,0.9841036743337099,1.0,4.0,1111,0.9491075376508458,0.9662920420115743,25,25,1,Unanimous LP/P-directed,deployment_in_sample_not_validation,deployment
NC_000017.11:7670708:C:A,TP53,1,0.9801775262730709,1.0,0.955643559358346,1.0,0.9999999536242105,1.0,0.9913772400816415,1.0,4.0,1111,0.9817995698343173,0.9896630697410344,25,25,1,Unanimous LP/P-directed,deployment_in_sample_not_validation,deployment
NC_000017.11:7670713:A:T,TP53,1,0.9797212354745197,1.0,0.932766677206939,1.0,0.9999999536242105,1.0,0.9780996241629404,1.0,4.0,1111,0.9726468726171523,0.9835116708700269,24,25,1,Unanimous LP/P-directed,deployment_in_sample_not_validation,deployment
NC_000017.11:7673550:T:A,TP53,1,0.6530405328858744,1.0,0.4031092179252505,0.0,0.9999999536242105,1.0,0.9508688695291084,1.0,3.0,1011,0.751754643491111,0.7844602600077518,24,25,1,Mixed votes,deployment_in_sample_not_validation,deployment
NC_000017.11:7673762:T:G,TP53,1,0.9982016839141712,1.0,0.9787397802597121,1.0,0.9999999536242105,1.0,0.9909052726521624,1.0,4.0,1111,0.9919616726125641,0.9959346414931786,25,25,1,Unanimous LP/P-directed,deployment_in_sample_not_validation,deployment
NC_000017.11:7673766:C:T,TP53,1,0.992881087893828,1.0,0.971697037890816,1.0,0.9999999536242105,1.0,0.9958347946503848,1.0,4.0,1111,0.9901032185148099,0.9948464768741229,25,25,1,Unanimous LP/P-directed,deployment_in_sample_not_validation,deployment
NC_000017.11:7673774:C:G,TP53,1,0.997307429975373,1.0,0.9906548741842514,1.0,0.9999999536242105,1.0,0.9958592059939531,1.0,4.0,1111,0.9959553659444469,0.9981404204372543,25,25,1,Unanimous LP/P-directed,deployment_in_sample_not_validation,deployment
NC_000017.11:7673776:G:T,TP53,1,0.9988465413656591,1.0,0.9815815212076225,1.0,0.9999999536242105,1.0,0.9917174153725686,1.0,4.0,1111,0.9930363578925152,0.9965480384137355,25,25,1,Unanimous LP/P-directed,deployment_in_sample_not_validation,deployment
NC_000017.11:7673777:T:G,TP53,1,0.9964262522738344,1.0,0.9854636169437695,1.0,0.9999999536242105,1.0,0.9942081234249817,1.0,4.0,1111,0.9940244865666991,0.9971002639031818,25,25,1,Unanimous LP/P-directed,deployment_in_sample_not_validation,deployment
NC_000017.11:7673778:C:A,TP53,1,0.9965882373746779,1.0,0.9888474583743938,1.0,0.9999999536242105,1.0,0.9946558930512723,1.0,4.0,1111,0.9950228856061386,0.9976451916164703,25,25,1,Unanimous LP/P-directed,deployment_in_sample_not_validation,deployment
NC_000017.11:7673778:C:G,TP53,1,0.9925500181717594,1.0,0.9485950205061836,1.0,0.9999999536242105,1.0,0.9919112985383752,1.0,4.0,1111,0.9832640727101322,0.9906090801973361,24,25,1,Unanimous LP/P-directed,deployment_in_sample_not_validation,deployment
NC_000017.11:7673778:C:T,TP53,1,0.9922474143203319,1.0,0.9808746173041173,1.0,0.9999999536242105,1.0,0.9951326323333352,1.0,4.0,1111,0.9920636543954988,0.9959933810041356,25,25,1,Unanimous LP/P-directed,deployment_in_sample_not_validation,deployment
NC_000017.11:7673779:T:G,TP53,1,0.9966585223431617,1.0,0.9838339229645026,1.0,0.9999999536242105,1.0,0.9914135679752774,1.0,4.0,1111,0.992976491726788,0.9965142051126238,24,25,1,Unanimous LP/P-directed,deployment_in_sample_not_validation,deployment
NC_000017.11:7673787:G:A,TP53,1,0.9955852173614613,1.0,0.9664699218916583,1.0,0.9999999536242105,1.0,0.9938438262910517,1.0,4.0,1111,0.9889747297920954,0.994170723670897,25,25,1,Unanimous LP/P-directed,deployment_in_sample_not_validation,deployment
NC_000017.11:7673787:G:T,TP53,1,0.9977549842561354,1.0,0.9780152382485144,1.0,0.9999999536242105,1.0,0.995556225293581,1.0,4.0,1111,0.9928316003556104,0.9964321502697001,25,25,1,Unanimous LP/P-directed,deployment_in_sample_not_validation,deployment
NC_000017.11:7673794:A:C,TP53,1,0.9863050908875536,1.0,0.9662053640030349,1.0,0.9999999536242105,1.0,0.9906014977664688,1.0,4.0,1111,0.985777976570317,0.9922036639591693,24,25,1,Unanimous LP/P-directed,deployment_in_sample_not_validation,deployment
NC_000017.11:7673795:C:A,TP53,1,0.9979533899908228,1.0,0.9916011961710534,1.0,0.9999999536242105,1.0,0.9944989962633638,1.0,4.0,1111,0.9960133840123626,0.9981707417682928,25,25,1,Unanimous LP/P-directed,deployment_in_sample_not_validation,deployment
NC_000017.11:7673801:C:A,TP53,1,0.9979898682063865,1.0,0.9887854028925875,1.0,0.9999999536242105,1.0,0.9958884833423906,1.0,4.0,1111,0.9956659270163938,0.997988258958946,25,25,1,Unanimous LP/P-directed,deployment_in_sample_not_validation,deployment
NC_000017.11:7673802:G:C,TP53,1,0.9997051174866829,1.0,0.9954628973777138,1.0,0.9999999536242105,1.0,0.9955194950222629,1.0,4.0,1111,0.9976718658777175,0.9990077942203779,25,25,1,Unanimous LP/P-directed,deployment_in_sample_not_validation,deployment
NC_000017.11:7673802:G:T,TP53,1,0.999691381126756,1.0,0.9936700993704772,1.0,0.9999999536242105,1.0,0.9960850354241428,1.0,4.0,1111,0.9973616173863966,0.9988561389982967,25,25,1,Unanimous LP/P-directed,deployment_in_sample_not_validation,deployment
NC_000017.11:7673805:C:G,TP53,1,0.8232503054053592,1.0,0.7976410661773606,1.0,0.9999999536242105,1.0,0.9613201380512632,1.0,4.0,1111,0.8955528658145483,0.9222631285816023,24,25,1,Unanimous LP/P-directed,deployment_in_sample_not_validation,deployment
NC_000017.11:7673807:T:A,TP53,1,0.9916175925701054,1.0,0.9763160358171687,1.0,0.9999999536242105,1.0,0.9939540316016601,1.0,4.0,1111,0.9904719034032862,0.9950648960466556,25,25,1,Unanimous LP/P-directed,deployment_in_sample_not_validation,deployment
NC_000017.11:7673810:A:C,TP53,1,0.9934975466250551,1.0,0.9656741543496207,1.0,0.9999999536242105,1.0,0.9948891925226163,1.0,4.0,1111,0.9885152117803756,0.9938925974154036,24,25,1,Unanimous LP/P-directed,deployment_in_sample_not_validation,deployment
NC_000017.11:7673810:A:G,TP53,1,0.9969173713731677,1.0,0.984334778071283,1.0,0.9999999536242105,1.0,0.9952870565712701,1.0,4.0,1111,0.9941347899099828,0.9971611443776226,25,25,1,Unanimous LP/P-directed,deployment_in_sample_not_validation,deployment
NC_000017.11:7673811:A:C,TP53,1,0.9883844102088216,1.0,0.9486392307543333,1.0,0.9999999536242105,1.0,0.9757050447321071,1.0,4.0,1111,0.9781821598298681,0.9872781239184197,24,25,1,Unanimous LP/P-directed,deployment_in_sample_not_validation,deployment
NC_000017.11:7673820:G:C,TP53,1,0.9926886367156604,1.0,0.9799438667932365,1.0,0.9999999536242105,1.0,0.994996893246927,1.0,4.0,1111,0.9919073375950086,0.9959033018516575,24,25,1,Unanimous LP/P-directed,deployment_in_sample_not_validation,deployment
NC_000017.11:7673822:C:T,TP53,1,0.996309962339683,1.0,0.9848200439475451,1.0,0.9999999536242105,1.0,0.9958176486540363,1.0,4.0,1111,0.9942369021413687,0.9972173597287366,25,25,1,Unanimous LP/P-directed,deployment_in_sample_not_validation,deployment
NC_000017.11:7673823:C:G,TP53,1,0.9861131318817254,1.0,0.9649131599317152,1.0,0.9999999536242105,1.0,0.9944503910574185,1.0,4.0,1111,0.9863691591237674,0.9925728564802577,24,25,1,Unanimous LP/P-directed,deployment_in_sample_not_validation,deployment
NC_000017.11:7673823:C:T,TP53,1,0.9863589122099926,1.0,0.965767663654815,1.0,0.9999999536242105,1.0,0.9944503910574185,1.0,4.0,1111,0.9866442301366092,0.9927438385333152,24,25,1,Unanimous LP/P-directed,deployment_in_sample_not_validation,deployment
NC_000017.11:7673825:A:T,TP53,1,0.9906501780279716,1.0,0.996515002068152,1.0,0.9999999536242105,1.0,0.9915716921766261,1.0,4.0,1111,0.99468420647424,0.9974619261759037,24,25,1,Unanimous LP/P-directed,deployment_in_sample_not_validation,deployment
NC_000017.11:7674186:T:G,TP53,1,0.06346414357304131,0.0,0.19802900772784005,0.0,0.9965845617813429,1.0,0.8530113222938789,1.0,2.0,0011,0.5277722588440258,0.5399477703396387,24,25,1,Mixed votes,deployment_in_sample_not_validation,deployment
NC_000017.11:7674201:A:T,TP53,1,0.998407001465936,1.0,0.9893610818031221,1.0,0.9999999536242105,1.0,0.9936322090543985,1.0,4.0,1111,0.9953500614869167,0.9978205744270903,25,25,1,Unanimous LP/P-directed,deployment_in_sample_not_validation,deployment
NC_000017.11:7674205:T:C,TP53,1,0.0992686631730269,0.0,0.15313459114143374,0.0,0.9999999536242105,1.0,0.9024665572411921,1.0,2.0,0011,0.5387174412949658,0.5523232928792527,24,25,1,Mixed votes,deployment_in_sample_not_validation,deployment
NC_000017.11:7674211:T:A,TP53,1,0.9930665773818906,1.0,0.942849815488191,1.0,0.9999999536242105,1.0,0.9938528161230561,1.0,4.0,1111,0.9824422906543371,0.9900797102819696,24,25,1,Unanimous LP/P-directed,deployment_in_sample_not_validation,deployment
NC_000017.11:7674213:G:A,TP53,1,0.9975993462131343,1.0,0.9558310480115833,1.0,0.9999999536242105,1.0,0.9926183819841985,1.0,4.0,1111,0.9865121824582817,0.9926618229451918,25,25,1,Unanimous LP/P-directed,deployment_in_sample_not_validation,deployment
NC_000017.11:7674216:C:G,TP53,1,0.9962167286952203,1.0,0.9886774030609973,1.0,0.9999999536242105,1.0,0.9952217079839955,1.0,4.0,1111,0.9950289483411059,0.9976484566486616,25,25,1,Unanimous LP/P-directed,deployment_in_sample_not_validation,deployment
NC_000017.11:7674220:G:C,TP53,1,0.9995471283693568,1.0,0.9893394345758663,1.0,0.9999999536242105,1.0,0.9960399987768865,1.0,4.0,1111,0.99623162883658,0.9982842425788653,25,25,1,Unanimous LP/P-directed,deployment_in_sample_not_validation,deployment
NC_000017.11:7674220:GG:AA,TP53,1,,,,,,,,,,,,,0,25,0,,deployment_in_sample_not_validation,deployment
NC_000017.11:7674224:C:G,TP53,1,0.9863444971186727,1.0,0.9819729270180629,1.0,0.9999999536242105,1.0,0.9856105182521545,1.0,4.0,1111,0.9884819740032751,0.9938724161449356,25,25,1,Unanimous LP/P-directed,deployment_in_sample_not_validation,deployment
NC_000017.11:7674224:C:T,TP53,1,0.9869477232911384,1.0,0.9828026235443578,1.0,0.9999999536242105,1.0,0.9856105182521545,1.0,4.0,1111,0.9888402046779653,0.994089473458023,25,25,1,Unanimous LP/P-directed,deployment_in_sample_not_validation,deployment
NC_000017.11:7674225:A:T,TP53,1,0.9932512527610251,1.0,0.9717380334867294,1.0,0.9999999536242105,1.0,0.9955099301496947,1.0,4.0,1111,0.990124792505415,0.994859290817773,24,25,1,Unanimous LP/P-directed,deployment_in_sample_not_validation,deployment
NC_000017.11:7674227:GC:AT,TP53,1,,,,,,,,,,,,,1,25,0,,deployment_in_sample_not_validation,deployment
NC_000017.11:7674228:C:A,TP53,1,0.9960562865798187,1.0,0.9863787986805902,1.0,0.9999999536242105,1.0,0.9941642572874384,1.0,4.0,1111,0.9941498240430144,0.9971694297970687,25,25,1,Unanimous LP/P-directed,deployment_in_sample_not_validation,deployment
NC_000017.11:7674231:C:A,TP53,1,0.9947954648213125,1.0,0.9876834876227649,1.0,0.9999999536242105,1.0,0.9955259429702408,1.0,4.0,1111,0.9945012122596322,0.9973622107098479,25,25,1,Unanimous LP/P-directed,deployment_in_sample_not_validation,deployment
NC_000017.11:7674231:C:G,TP53,1,0.9401140021676256,1.0,0.9409189429855834,1.0,0.9999999536242105,1.0,0.9883307868108274,1.0,4.0,1111,0.9673409213970617,0.9797863255715548,24,25,1,Unanimous LP/P-directed,deployment_in_sample_not_validation,deployment
NC_000017.11:7674231:C:T,TP53,1,0.9966284753567982,1.0,0.9778656659687563,1.0,0.9999999536242105,1.0,0.9957629275306031,1.0,4.0,1111,0.992564255620092,0.9962801286837837,25,25,1,Unanimous LP/P-directed,deployment_in_sample_not_validation,deployment
NC_000017.11:7674232:C:T,TP53,1,0.9966657999486151,1.0,0.9714280538069556,1.0,0.9999999536242105,1.0,0.9954421903516175,1.0,4.0,1111,0.9908839994328498,0.9953075887787176,25,25,1,Unanimous LP/P-directed,deployment_in_sample_not_validation,deployment
NC_000017.11:7674236:G:C,TP53,1,0.9987385299859916,1.0,0.9903588807531991,1.0,0.9999999536242105,1.0,0.9945355912209056,1.0,4.0,1111,0.9959082388960767,0.9981157461240007,25,25,1,Unanimous LP/P-directed,deployment_in_sample_not_validation,deployment
NC_000017.11:7674240:G:T,TP53,1,0.9997019805799913,1.0,0.9934727686215186,1.0,0.9999999536242105,1.0,0.9945447243789987,1.0,4.0,1111,0.9969298568011797,0.9986409863179452,25,25,1,Unanimous LP/P-directed,deployment_in_sample_not_validation,deployment
NC_000017.11:7674241:A:C,TP53,1,0.9964540542954937,1.0,0.9592360157840619,1.0,0.9999999536242105,1.0,0.985075612310752,1.0,4.0,1111,0.9851914090036296,0.9918350978097323,24,25,1,Unanimous LP/P-directed,deployment_in_sample_not_validation,deployment
NC_000017.11:7674241:A:T,TP53,1,0.9993989432036382,1.0,0.9774829379194673,1.0,0.9999999536242105,1.0,0.9942821033536526,1.0,4.0,1111,0.9927909845252421,0.9964091060448644,25,25,1,Unanimous LP/P-directed,deployment_in_sample_not_validation,deployment
NC_000017.11:7674243:C:T,TP53,1,0.9663147509822959,1.0,0.9356032118106153,1.0,0.9999999536242105,1.0,0.9725420533687351,1.0,4.0,1111,0.9686149924464642,0.9806902898684616,24,25,1,Unanimous LP/P-directed,deployment_in_sample_not_validation,deployment
NC_000017.11:7674244:T:C,TP53,1,0.9905380192044342,1.0,0.956424287375335,1.0,0.9999999536242105,1.0,0.9825557870196675,1.0,4.0,1111,0.9823795118059118,0.990039114129529,25,25,1,Unanimous LP/P-directed,deployment_in_sample_not_validation,deployment
NC_000017.11:7674246:T:C,TP53,1,0.7480054039612444,1.0,0.7163305817485068,1.0,0.9999999536242105,1.0,0.9302740463433327,1.0,4.0,1111,0.8486524964193236,0.8798831770545436,24,25,1,Unanimous LP/P-directed,deployment_in_sample_not_validation,deployment
NC_000017.11:7674248:A:C,TP53,1,0.9972251790367613,1.0,0.9950998721559626,1.0,0.9999999536242105,1.0,0.9946974257863213,1.0,4.0,1111,0.996755607650814,0.9985529225600301,25,25,1,Unanimous LP/P-directed,deployment_in_sample_not_validation,deployment
NC_000017.11:7674249:C:A,TP53,1,0.9986791451637689,1.0,0.9989151572067787,1.0,0.9999999536242105,1.0,0.9957538923976592,1.0,4.0,1111,0.9983370370981044,0.99932313100682,25,25,1,Unanimous LP/P-directed,deployment_in_sample_not_validation,deployment
NC_000017.11:7674249:C:G,TP53,1,0.9984063517866092,1.0,0.9965202243940351,1.0,0.9999999536242105,1.0,0.9960436230134272,1.0,4.0,1111,0.9977425382045705,0.9990419638533763,25,25,1,Unanimous LP/P-directed,deployment_in_sample_not_validation,deployment
NC_000017.11:7674250:A:G,TP53,1,0.9988561935214396,1.0,0.9942949887577894,1.0,0.9999999536242105,1.0,0.9952844406208968,1.0,4.0,1111,0.9971088941310842,0.9987307493083962,25,25,1,Unanimous LP/P-directed,deployment_in_sample_not_validation,deployment
NC_000017.11:7674251:C:A,TP53,1,0.99575236213928,1.0,0.9892600359732431,1.0,0.9999999536242105,1.0,0.9942827213970774,1.0,4.0,1111,0.9948237682834528,0.9975376510546617,25,25,1,Unanimous LP/P-directed,deployment_in_sample_not_validation,deployment
NC_000017.11:7674251:C:G,TP53,1,0.9949689453276832,1.0,0.982565982741996,1.0,0.9999999536242105,1.0,0.9939307440045628,1.0,4.0,1111,0.9928664064246131,0.9964518833996621,25,25,1,Unanimous LP/P-directed,deployment_in_sample_not_validation,deployment
NC_000017.11:7674252:A:T,TP53,1,0.9982643368697693,1.0,0.9619180466514093,1.0,0.9999999536242105,1.0,0.9944823719474889,1.0,4.0,1111,0.9886661772732195,0.9939841527494102,24,25,1,Unanimous LP/P-directed,deployment_in_sample_not_validation,deployment
NC_000017.11:7674262:A:G,TP53,1,0.9979838022622456,1.0,0.9775264428510801,1.0,0.9999999536242105,1.0,0.9943063443018898,1.0,4.0,1111,0.9924541357598564,0.9962172817083966,25,25,1,Unanimous LP/P-directed,deployment_in_sample_not_validation,deployment
NC_000017.11:7674262:A:T,TP53,1,0.9988362980378335,1.0,0.9781998523127149,1.0,0.9999999536242105,1.0,0.9939237343183971,1.0,4.0,1111,0.9927399595732891,0.9963801297412085,25,25,1,Unanimous LP/P-directed,deployment_in_sample_not_validation,deployment
NC_000017.11:7674267:A:C,TP53,1,0.993244571447987,1.0,0.9387872504980092,1.0,0.9999999536242105,1.0,0.9937270359573394,1.0,4.0,1111,0.9814397028818864,0.9894288107238022,24,25,1,Unanimous LP/P-directed,deployment_in_sample_not_validation,deployment
NC_000017.11:7674267:A:T,TP53,1,0.9972256890089171,1.0,0.9651201838588713,1.0,0.9999999536242105,1.0,0.9885712518708845,1.0,4.0,1111,0.9877292695907208,0.9934131469055275,24,25,1,Unanimous LP/P-directed,deployment_in_sample_not_validation,deployment
NC_000017.11:7674872:A:G,TP53,1,0.9959679550674813,1.0,0.9649810276473448,1.0,0.9999999536242105,1.0,0.9831327675259119,1.0,4.0,1111,0.9860204259662372,0.9923553534994258,25,25,1,Unanimous LP/P-directed,deployment_in_sample_not_validation,deployment
NC_000017.11:7674889:T:C,TP53,1,0.9729334829351605,1.0,0.9329329455741733,1.0,0.9999999536242105,1.0,0.9917126791110883,1.0,4.0,1111,0.9743947653111582,0.984715113772087,25,25,1,Unanimous LP/P-directed,deployment_in_sample_not_validation,deployment
NC_000017.11:7674916:T:C,TP53,1,0.9989334803365987,1.0,0.9905229045458899,1.0,0.9999999536242105,1.0,0.9960260564319835,1.0,4.0,1111,0.9963705987346707,0.9983560420873859,25,25,1,Unanimous LP/P-directed,deployment_in_sample_not_validation,deployment
NC_000017.11:7674917:A:C,TP53,1,0.9953075033172846,1.0,0.9828137619069964,1.0,0.9999999536242105,1.0,0.9959525795552681,1.0,4.0,1111,0.9935184496009399,0.996818957032254,25,25,1,Unanimous LP/P-directed,deployment_in_sample_not_validation,deployment
NC_000017.11:7674917:A:G,TP53,1,0.954912276001516,1.0,0.8885757732398365,1.0,0.9999999536242105,1.0,0.9910771892315946,1.0,4.0,1111,0.9586412980242894,0.9734699978892994,24,25,1,Unanimous LP/P-directed,deployment_in_sample_not_validation,deployment
NC_000017.11:7674934:C:A,TP53,1,0.9792825244283626,1.0,0.9693590987989196,1.0,0.9999999536242105,1.0,0.9890291582375154,1.0,4.0,1111,0.984417683772252,0.9913456133663935,25,25,1,Unanimous LP/P-directed,deployment_in_sample_not_validation,deployment
NC_000017.11:7674952:T:G,TP53,1,0.9992046651232136,1.0,0.9949768784007821,1.0,0.9999999536242105,1.0,0.9943936466179819,1.0,4.0,1111,0.9971437859415471,0.9987481546710675,25,25,1,Unanimous LP/P-directed,deployment_in_sample_not_validation,deployment
NC_000017.11:7674953:G:T,TP53,1,0.9914132290022982,1.0,0.9849873099582601,1.0,0.9999999536242105,1.0,0.9923437782680928,1.0,4.0,1111,0.9921860677132155,0.9960637458928348,24,25,1,Unanimous LP/P-directed,deployment_in_sample_not_validation,deployment
NC_000017.11:7674961:G:A,TP53,1,0.9438069140195741,1.0,0.8519138001136045,1.0,0.9999999536242105,1.0,0.9438862307423229,1.0,4.0,1111,0.934901724624928,0.9551738849814266,25,25,1,Unanimous LP/P-directed,deployment_in_sample_not_validation,deployment
NC_000017.11:7675069:C:G,TP53,1,0.9791349634319263,1.0,0.9824721660826903,1.0,0.9999999536242105,1.0,0.9938003503558802,1.0,4.0,1111,0.9888518583736768,0.9940965177118454,25,25,1,Unanimous LP/P-directed,deployment_in_sample_not_validation,deployment
NC_000017.11:7675074:A:C,TP53,1,0.9850055198238534,1.0,0.9638827508302118,1.0,0.9999999536242105,1.0,0.9931684160582351,1.0,4.0,1111,0.9855141600841277,0.9920381701843047,25,25,1,Unanimous LP/P-directed,deployment_in_sample_not_validation,deployment
NC_000017.11:7675074:A:T,TP53,1,0.9859203936850027,1.0,0.9628877521231664,1.0,0.9999999536242105,1.0,0.9927831491142127,1.0,4.0,1111,0.9853978121366481,0.9919650416649068,25,25,1,Unanimous LP/P-directed,deployment_in_sample_not_validation,deployment
NC_000017.11:7675076:G:C,TP53,1,0.9966773641227703,1.0,0.9253511823505024,1.0,0.9999999536242105,1.0,0.9942617725302674,1.0,4.0,1111,0.9790725681569377,0.9878711955443665,25,25,1,Unanimous LP/P-directed,deployment_in_sample_not_validation,deployment
NC_000017.11:7675077:G:C,TP53,1,0.950587925915436,1.0,0.9510604759372397,1.0,0.9999999536242105,1.0,0.9765466801719028,1.0,4.0,1111,0.9695487589121973,0.9813491143667494,25,25,1,Unanimous LP/P-directed,deployment_in_sample_not_validation,deployment
NC_000017.11:7675077:G:T,TP53,1,0.9513939944823063,1.0,0.9513586011584472,1.0,0.9999999536242105,1.0,0.9765466801719028,1.0,4.0,1111,0.9698248073592167,0.9815432724424512,25,25,1,Unanimous LP/P-directed,deployment_in_sample_not_validation,deployment
NC_000017.11:7675079:G:C,TP53,1,0.9776389793915199,1.0,0.9663049240537013,1.0,0.9999999536242105,1.0,0.9917115636395343,1.0,4.0,1111,0.9839138551772415,0.9910249084798672,25,25,1,Unanimous LP/P-directed,deployment_in_sample_not_validation,deployment
NC_000017.11:7675081:G:C,TP53,1,0.9666261326593688,1.0,0.9492720834864173,1.0,0.9999999536242105,1.0,0.9838821327672712,1.0,4.0,1111,0.974945075634317,0.9850914014340774,25,25,1,Unanimous LP/P-directed,deployment_in_sample_not_validation,deployment
NC_000017.11:7675083:GCA:CCG,TP53,1,,,,,,,,,,,,,1,25,0,,deployment_in_sample_not_validation,deployment
NC_000017.11:7675084:C:A,TP53,1,0.9974255741761237,1.0,0.9907447910856907,1.0,0.9999999536242105,1.0,0.9958582842253669,1.0,4.0,1111,0.996007150777848,0.9981674871034236,25,25,1,Unanimous LP/P-directed,deployment_in_sample_not_validation,deployment
NC_000017.11:7675088:G:C,TP53,1,0.9996837546483868,1.0,0.9947821389194702,1.0,0.9999999536242105,1.0,0.9958995048454131,1.0,4.0,1111,0.9975913380093702,0.9989686847220968,25,25,1,Unanimous LP/P-directed,deployment_in_sample_not_validation,deployment
NC_000017.11:7675093:A:G,TP53,1,0.9990592931502907,1.0,0.9940885746319991,1.0,0.9999999536242105,1.0,0.9936222867109384,1.0,4.0,1111,0.9966925270293596,0.9985208779300755,25,25,1,Unanimous LP/P-directed,deployment_in_sample_not_validation,deployment
NC_000017.11:7675094:C:A,TP53,1,0.9422745250925009,1.0,0.8970968528030404,1.0,0.9999999536242105,1.0,0.9928123125878249,1.0,4.0,1111,0.9580459110268942,0.9730291549104224,25,25,1,Unanimous LP/P-directed,deployment_in_sample_not_validation,deployment
NC_000017.11:7675098:C:A,TP53,1,0.18127551193788477,0.0,0.02822906756226121,0.0,0.9996449278883737,1.0,0.9024924310760318,1.0,2.0,0011,0.5279104846161379,0.5401041861812877,24,25,1,Mixed votes,deployment_in_sample_not_validation,deployment
NC_000017.11:7675108:T:A,TP53,1,0.988971070101424,1.0,0.9340276300319573,1.0,0.9999999536242105,1.0,0.9344698462829081,1.0,4.0,1111,0.964367125010125,0.9776546290564976,24,25,1,Unanimous LP/P-directed,deployment_in_sample_not_validation,deployment
NC_000017.11:7675108:T:G,TP53,1,0.9960306449444494,1.0,0.9832407272762258,1.0,0.9999999536242105,1.0,0.9764648382150839,1.0,4.0,1111,0.9889340410149924,0.9941461637125355,24,25,1,Unanimous LP/P-directed,deployment_in_sample_not_validation,deployment
NC_000017.11:7675117:T:A,TP53,1,0.06313236221013303,0.0,0.18930854272133774,0.0,0.9923874482038904,1.0,0.8800915180909092,1.0,2.0,0011,0.5312299678065675,0.5438595685399454,24,25,1,Mixed votes,deployment_in_sample_not_validation,deployment
NC_000017.11:7675130:C:T,TP53,1,0.9401355008011083,1.0,0.9389282143804433,1.0,0.9999999536242105,1.0,0.9791131261952779,1.0,4.0,1111,0.9645441987502601,0.9777823888978506,25,25,1,Unanimous LP/P-directed,deployment_in_sample_not_validation,deployment
NC_000017.11:7675135:G:A,TP53,1,0.940151085915065,1.0,0.8503561245802366,1.0,0.9999999536242105,1.0,0.9150090315808262,1.0,4.0,1111,0.9263790489250846,0.9482904961370955,25,25,1,Unanimous LP/P-directed,deployment_in_sample_not_validation,deployment
NC_000017.11:7675135:G:T,TP53,1,0.9995322010427226,1.0,0.992365026729967,1.0,0.9999999536242105,1.0,0.9948633615798108,1.0,4.0,1111,0.9966901357441778,0.9985196614864784,25,25,1,Unanimous LP/P-directed,deployment_in_sample_not_validation,deployment
NC_000017.11:7675137:GC:AA,TP53,1,,,,,,,,,,,,,1,25,0,,deployment_in_sample_not_validation,deployment
NC_000017.11:7675138:C:A,TP53,1,0.9961056065024181,1.0,0.9838898501587411,1.0,0.9999999536242105,1.0,0.9958210164474605,1.0,4.0,1111,0.9939541066832076,0.9970613352450444,25,25,1,Unanimous LP/P-directed,deployment_in_sample_not_validation,deployment
NC_000017.11:7675139:G:C,TP53,1,0.9992381647499237,1.0,0.9888591710737292,1.0,0.9999999536242105,1.0,0.9960570533741372,1.0,4.0,1111,0.9960385857055001,0.9981838934988695,25,25,1,Unanimous LP/P-directed,deployment_in_sample_not_validation,deployment
NC_000017.11:7675139:G:T,TP53,1,0.9994133701232736,1.0,0.9861361359859697,1.0,0.9999999536242105,1.0,0.9962181411937843,1.0,4.0,1111,0.9954419002318096,0.9978694989669206,25,25,1,Unanimous LP/P-directed,deployment_in_sample_not_validation,deployment
NC_000017.11:7675141:A:C,TP53,1,0.9722745364871703,1.0,0.9479955060349128,1.0,0.9999999536242105,1.0,0.9872569974014143,1.0,4.0,1111,0.976881748386927,0.9864052974804965,24,25,1,Unanimous LP/P-directed,deployment_in_sample_not_validation,deployment
NC_000017.11:7675144:C:G,TP53,1,0.9540608332724247,1.0,0.9845834043410737,1.0,0.9999999536242105,1.0,0.992026626191445,1.0,4.0,1111,0.9826677043572885,0.9902252942675798,25,25,1,Unanimous LP/P-directed,deployment_in_sample_not_validation,deployment
NC_000017.11:7675147:G:T,TP53,1,0.9401038048634847,1.0,0.9101284097639617,1.0,0.9999999536242105,1.0,0.9417791699746657,1.0,4.0,1111,0.9480028345565806,0.9654447256920797,25,25,1,Unanimous LP/P-directed,deployment_in_sample_not_validation,deployment
NC_000017.11:7675156:G:C,TP53,1,0.9349009189955214,1.0,0.9007707959687422,1.0,0.9999999536242105,1.0,0.988400498656622,1.0,4.0,1111,0.956018041811274,0.9715199664944671,25,25,1,Unanimous LP/P-directed,deployment_in_sample_not_validation,deployment
NC_000017.11:7675159:G:C,TP53,1,0.9918170067169918,1.0,0.9572822362597432,1.0,0.9999999536242105,1.0,0.9894976823848581,1.0,4.0,1111,0.9846492197464509,0.9914924789419086,25,25,1,Unanimous LP/P-directed,deployment_in_sample_not_validation,deployment
NC_000017.11:7675159:GG:AA,TP53,1,,,,,,,,,,,,,1,25,0,,deployment_in_sample_not_validation,deployment
NC_000017.11:7675160:G:C,TP53,1,0.8188907867662276,1.0,0.6528248190879449,0.0,0.9999999536242105,1.0,0.9811297808694066,1.0,3.0,1011,0.8632113350869474,0.8933540887303233,25,25,1,Mixed votes,deployment_in_sample_not_validation,deployment
NC_000017.11:7675183:A:G,TP53,1,0.9898414166513346,1.0,0.9694677464197605,1.0,0.9999999536242105,1.0,0.9794018097104114,1.0,4.0,1111,0.9846777316014292,0.9915105415685582,25,25,1,Unanimous LP/P-directed,deployment_in_sample_not_validation,deployment
NC_000017.11:7675188:G:C,TP53,1,0.990725940080849,1.0,0.9579761061099195,1.0,0.9999999536242105,1.0,0.993221849599029,1.0,4.0,1111,0.985480962353502,0.9920173131749748,25,25,1,Unanimous LP/P-directed,deployment_in_sample_not_validation,deployment
NC_000017.11:7675207:C:A,TP53,1,0.98275421404828,1.0,0.9709865823048257,1.0,0.9999999536242105,1.0,0.9941434865646956,1.0,4.0,1111,0.986971059135503,0.9929463177142054,25,25,1,Unanimous LP/P-directed,deployment_in_sample_not_validation,deployment
NC_000017.11:7675208:A:C,TP53,1,0.9908450897596626,1.0,0.9756909829189541,1.0,0.9999999536242105,1.0,0.9935511483060551,1.0,4.0,1111,0.9900217936522205,0.9947980778952022,25,25,1,Unanimous LP/P-directed,deployment_in_sample_not_validation,deployment
NC_000017.11:7675208:A:G,TP53,1,0.9963235991085286,1.0,0.9875281248954081,1.0,0.9999999536242105,1.0,0.9945101240181439,1.0,4.0,1111,0.9945904504115728,0.9974108969782772,25,25,1,Unanimous LP/P-directed,deployment_in_sample_not_validation,deployment
NC_000017.11:7675211:A:T,TP53,1,0.9401622783237628,1.0,0.9192079404243598,1.0,0.9999999536242105,1.0,0.9913938460657914,1.0,4.0,1111,0.9626910046095312,0.9764402620915229,25,25,1,Unanimous LP/P-directed,deployment_in_sample_not_validation,deployment
NC_000017.11:7675215:C:A,TP53,1,0.997788353640052,1.0,0.9801463333478737,1.0,0.9999999536242105,1.0,0.9939411004117948,1.0,4.0,1111,0.9929689352559827,0.9965099316524744,25,25,1,Unanimous LP/P-directed,deployment_in_sample_not_validation,deployment
NC_000017.11:7675215:C:G,TP53,1,0.9930932454822439,1.0,0.9544540184181604,1.0,0.9999999536242105,1.0,0.9907916041459013,1.0,4.0,1111,0.9845847054176291,0.9914515898375783,24,25,1,Unanimous LP/P-directed,deployment_in_sample_not_validation,deployment
NC_000017.11:7675216:T:C,TP53,1,0.9979816624630558,1.0,0.9846192812825542,1.0,0.9999999536242105,1.0,0.9873297811090859,1.0,4.0,1111,0.9924826696197265,0.996233579049801,25,25,1,Unanimous LP/P-directed,deployment_in_sample_not_validation,deployment
NC_000017.11:7675219:T:A,TP53,1,0.962316321364842,1.0,0.9314834915126483,1.0,0.9999999536242105,1.0,0.9857082545406926,1.0,4.0,1111,0.9698770052605983,0.9815799541350897,25,25,1,Unanimous LP/P-directed,deployment_in_sample_not_validation,deployment
NC_000017.11:7675222:A:G,TP53,1,0.9986375881780798,1.0,0.9924024700075448,1.0,0.9999999536242105,1.0,0.9943969079198107,1.0,4.0,1111,0.9963592299324115,0.9983501825301008,25,25,1,Unanimous LP/P-directed,deployment_in_sample_not_validation,deployment
NC_000017.11:7675222:A:T,TP53,1,0.9976587903843347,1.0,0.9876166800414529,1.0,0.9999999536242105,1.0,0.9917812508226812,1.0,4.0,1111,0.9942641687181698,0.9972323469557001,25,25,1,Unanimous LP/P-directed,deployment_in_sample_not_validation,deployment
NC_000017.11:7675231:G:T,TP53,1,0.9968188898574872,1.0,0.9836231426342876,1.0,0.9999999536242105,1.0,0.9958608242405854,1.0,4.0,1111,0.9940757025891427,0.9971285518715701,25,25,1,Unanimous LP/P-directed,deployment_in_sample_not_validation,deployment
NC_000017.11:7675232:A:G,TP53,1,0.9880254615715024,1.0,0.9735452318389861,1.0,0.9999999536242105,1.0,0.9958842539651475,1.0,4.0,1111,0.9893637252499616,0.99440485084023,25,25,1,Unanimous LP/P-directed,deployment_in_sample_not_validation,deployment
NC_000017.11:7675994:G:C,TP53,1,0.9973615798299191,1.0,0.9875896415465331,1.0,0.9999999536242105,1.0,0.9949394291783948,1.0,4.0,1111,0.9949726510447643,0.9976181167659544,25,25,1,Unanimous LP/P-directed,deployment_in_sample_not_validation,deployment
NC_000017.11:7676030:A:C,TP53,1,0.9933790341704477,1.0,0.9181907919470571,1.0,0.9999999536242105,1.0,0.991137331719232,1.0,4.0,1111,0.9756767778652369,0.9855897290941695,24,25,1,Unanimous LP/P-directed,deployment_in_sample_not_validation,deployment
NC_000017.11:7676036:A:T,TP53,1,0.9767091301179194,1.0,0.9674966233534925,1.0,0.9999999536242105,1.0,0.9877599230201495,1.0,4.0,1111,0.982991407528943,0.9904338602672194,24,25,1,Unanimous LP/P-directed,deployment_in_sample_not_validation,deployment
NC_000017.11:7676038:AC:GG,TP53,1,,,,,,,,,,,,,1,25,0,,deployment_in_sample_not_validation,deployment
NC_000017.11:7676039:C:A,TP53,1,0.7191200199451916,1.0,0.5127880371725795,0.0,0.9999999536242105,1.0,0.9222382622736974,1.0,3.0,1011,0.7885365682539198,0.8217367646998592,25,25,1,Mixed votes,deployment_in_sample_not_validation,deployment
NC_000017.11:7676042:A:C,TP53,1,0.9943874638970704,1.0,0.9624546563203658,1.0,0.9999999536242105,1.0,0.9920388291798028,1.0,4.0,1111,0.9872202257553624,0.9931001819828876,24,25,1,Unanimous LP/P-directed,deployment_in_sample_not_validation,deployment
NC_000017.11:7676043:A:T,TP53,1,0.9932508354148792,1.0,0.999596881770205,1.0,0.9999999536242105,1.0,0.9919616169152261,1.0,4.0,1111,0.9962023219311302,0.998269053331884,24,25,1,Unanimous LP/P-directed,deployment_in_sample_not_validation,deployment
NC_000017.11:7676055:C:G,TP53,1,0.9946505392506596,1.0,0.9690993161782658,1.0,0.9999999536242105,1.0,0.9924085614524417,1.0,4.0,1111,0.9890395926263944,0.9942098478861107,24,25,1,Unanimous LP/P-directed,deployment_in_sample_not_validation,deployment
NC_000017.11:7676055:C:T,TP53,1,0.9931868539205583,1.0,0.9316533197537393,1.0,0.9999999536242105,1.0,0.9813723790947678,1.0,4.0,1111,0.976553126598319,0.9861835115858003,25,25,1,Unanimous LP/P-directed,deployment_in_sample_not_validation,deployment
NC_000017.11:43045708:A:G,BRCA1,1,0.9966976066289115,1.0,0.9843519435869404,1.0,0.9999999536242105,1.0,0.98977693132749,1.0,4.0,1111,0.9927066087918881,0.9963611746100709,25,25,1,Unanimous LP/P-directed,deployment_in_sample_not_validation,deployment
NC_000017.11:43045711:T:C,BRCA1,1,0.9952696351738131,1.0,0.9670744748795095,1.0,0.9999999536242105,1.0,0.9864856577362788,1.0,4.0,1111,0.9872074303534529,0.9930922913017185,25,25,1,Unanimous LP/P-directed,deployment_in_sample_not_validation,deployment
NC_000017.11:43045711:T:G,BRCA1,1,0.9897660646025637,1.0,0.9414717083840951,1.0,0.999171147432597,1.0,0.9827141994094104,1.0,4.0,1111,0.9782807799571666,0.9873439971588827,24,25,1,Unanimous LP/P-directed,deployment_in_sample_not_validation,deployment
NC_000017.11:43045712:A:G,BRCA1,1,0.9401498325148633,1.0,0.8748242382494705,1.0,0.9999999536242105,1.0,0.958045558087659,1.0,4.0,1111,0.9432548956190508,0.9617687115665094,24,25,1,Unanimous LP/P-directed,deployment_in_sample_not_validation,deployment
NC_000017.11:43045712:A:T,BRCA1,1,0.9932889479076261,1.0,0.9610332271218048,1.0,0.9999999536242105,1.0,0.9771169442388478,1.0,4.0,1111,0.9828597682231223,0.9903491147607666,24,25,1,Unanimous LP/P-directed,deployment_in_sample_not_validation,deployment
NC_000017.11:43045742:C:G,BRCA1,1,0.9970175588704325,1.0,0.9806089963267547,1.0,0.9999999536242105,1.0,0.9943059742883977,1.0,4.0,1111,0.9929831207774489,0.9965179535433968,25,25,1,Unanimous LP/P-directed,deployment_in_sample_not_validation,deployment
NC_000017.11:43045746:A:C,BRCA1,1,0.967602458788729,1.0,0.9887358004426493,1.0,0.9999999536242105,1.0,0.9612584556341737,1.0,4.0,1111,0.9793991671224407,0.9880877748569236,25,25,1,Unanimous LP/P-directed,deployment_in_sample_not_validation,deployment
NC_000017.11:43045747:C:A,BRCA1,1,0.9782370289635033,1.0,0.9623192359901144,1.0,0.9999999536242105,1.0,0.9890959720638289,1.0,4.0,1111,0.9824130476604143,0.9900608029174114,24,25,1,Unanimous LP/P-directed,deployment_in_sample_not_validation,deployment
NC_000017.11:43045747:C:T,BRCA1,1,0.9795925058062712,1.0,0.9697996635622238,1.0,0.9999999536242105,1.0,0.9891724315823454,1.0,4.0,1111,0.9846411386437627,0.9914873585496402,25,25,1,Unanimous LP/P-directed,deployment_in_sample_not_validation,deployment
NC_000017.11:43045748:T:G,BRCA1,1,0.9988019341956482,1.0,0.9826815015749454,1.0,0.9999999536242105,1.0,0.9958093158255895,1.0,4.0,1111,0.9943231763050985,0.9972647462845267,25,25,1,Unanimous LP/P-directed,deployment_in_sample_not_validation,deployment
NC_000017.11:43045753:A:G,BRCA1,1,0.9875693403491486,1.0,0.9720676389777811,1.0,0.9999999536242105,1.0,0.9951491044015573,1.0,4.0,1111,0.9886965093381743,0.994002526690873,25,25,1,Unanimous LP/P-directed,deployment_in_sample_not_validation,deployment
NC_000017.11:43045756:A:C,BRCA1,1,0.9963897256272067,1.0,0.9853422397998723,1.0,0.9999999536242105,1.0,0.9912253837923227,1.0,4.0,1111,0.9932393257109031,0.9966624355498617,25,25,1,Unanimous LP/P-directed,deployment_in_sample_not_validation,deployment
NC_000017.11:43045756:A:T,BRCA1,1,0.9985337954004472,1.0,0.9925205777629444,1.0,0.9999999536242105,1.0,0.9961776430566777,1.0,4.0,1111,0.9968079924610699,0.9985794680892456,25,25,1,Unanimous LP/P-directed,deployment_in_sample_not_validation,deployment
NC_000017.11:43045758:C:A,BRCA1,1,0.9993762214420523,1.0,0.9905915646595294,1.0,0.9999999536242105,1.0,0.9948943734324437,1.0,4.0,1111,0.996215528289559,0.9982758999844862,25,25,1,Unanimous LP/P-directed,deployment_in_sample_not_validation,deployment
NC_000017.11:43045758:CC:AG,BRCA1,1,,,,,,,,,,,,,1,25,0,,deployment_in_sample_not_validation,deployment
NC_000017.11:43045758:C:G,BRCA1,1,0.9993556814995355,1.0,0.9905955929793989,1.0,0.9999999536242105,1.0,0.9948943734324437,1.0,4.0,1111,0.9962114003838971,0.9982737602869376,25,25,1,Unanimous LP/P-directed,deployment_in_sample_not_validation,deployment
NC_000017.11:43045760:A:C,BRCA1,1,0.9993812648245146,1.0,0.990755999145999,1.0,0.9999999536242105,1.0,0.9888289054696188,1.0,4.0,1111,0.9947415307660857,0.9974930641118177,25,25,1,Unanimous LP/P-directed,deployment_in_sample_not_validation,deployment
NC_000017.11:43045760:A:T,BRCA1,1,0.9997645686642694,1.0,0.9940179154754716,1.0,0.9999999536242105,1.0,0.9960485084200766,1.0,4.0,1111,0.9974577365460071,0.9989034021965725,25,25,1,Unanimous LP/P-directed,deployment_in_sample_not_validation,deployment
NC_000017.11:43045772:C:T,BRCA1,1,0.9829546212463018,1.0,0.9360200487264011,1.0,0.9999999536242105,1.0,0.9866646889206461,1.0,4.0,1111,0.9764098281293899,0.9860866490235111,25,25,1,Unanimous LP/P-directed,deployment_in_sample_not_validation,deployment
NC_000017.11:43045781:C:A,BRCA1,1,0.06259433222459151,0.0,0.1435738098293333,0.0,0.9970797705694374,1.0,0.8523209626466464,1.0,2.0,0011,0.5138922188175021,0.5242267865261111,24,25,1,Mixed votes,deployment_in_sample_not_validation,deployment
NC_000017.11:43045793:G:A,BRCA1,1,,,,,,,,,,,,,11,25,0,,deployment_in_sample_not_validation,deployment
NC_000017.11:43047642:C:A,BRCA1,1,0.9460193494842404,1.0,0.992447282329384,1.0,0.9999999536242105,1.0,0.9495303008911976,1.0,4.0,1111,0.971999221582258,0.9830626447738328,23,25,1,Unanimous LP/P-directed,deployment_in_sample_not_validation,deployment
NC_000017.11:43047642:C:G,BRCA1,1,0.9900322906999761,1.0,0.9982680153042702,1.0,0.9999999536242105,1.0,0.98038629003967,1.0,4.0,1111,0.9921716374170317,0.9960554593146597,23,25,1,Unanimous LP/P-directed,deployment_in_sample_not_validation,deployment
NC_000017.11:43047642:C:T,BRCA1,1,0.9638882579120045,1.0,0.9949401596808152,1.0,0.9999999536242105,1.0,0.9582835949849133,1.0,4.0,1111,0.9792779915504859,0.9880074798095767,24,25,1,Unanimous LP/P-directed,deployment_in_sample_not_validation,deployment
NC_000017.11:43047656:T:C,BRCA1,1,0.9401244725036357,1.0,0.8415750067319813,1.0,0.9995899364914832,1.0,0.9658732365900748,1.0,4.0,1111,0.9367906630792938,0.9566788224673781,24,25,1,Unanimous LP/P-directed,deployment_in_sample_not_validation,deployment
NC_000017.11:43047660:C:A,BRCA1,1,,,,,,,,,,,,,11,25,0,,deployment_in_sample_not_validation,deployment
NC_000017.11:43047664:C:T,BRCA1,1,,,,,,,,,,,,,11,25,0,,deployment_in_sample_not_validation,deployment
NC_000017.11:43047675:G:C,BRCA1,1,0.3255764293372143,0.0,0.5304140725757819,0.0,0.9995899364914832,1.0,0.9540952702557036,1.0,2.0,0011,0.7024189271650457,0.7328196409537737,24,25,1,Mixed votes,deployment_in_sample_not_validation,deployment
NC_000017.11:43047677:T:C,BRCA1,1,0.718463333113321,1.0,0.6893155573322245,0.0,0.9999999536242105,1.0,0.9237079172730766,1.0,3.0,1011,0.8328716903357081,0.8649940997760861,24,25,1,Mixed votes,deployment_in_sample_not_validation,deployment
NC_000017.11:43047677:T:G,BRCA1,1,0.9400916470650128,1.0,0.8953933607924078,1.0,0.9999999536242105,1.0,0.9351595904679536,1.0,4.0,1111,0.9426611379873963,0.9613051945820607,24,25,1,Unanimous LP/P-directed,deployment_in_sample_not_validation,deployment
NC_000017.11:43047678:G:A,BRCA1,1,,,,,,,,,,,,,11,25,0,,deployment_in_sample_not_validation,deployment
NC_000017.11:43047683:A:T,BRCA1,1,0.996085685592929,1.0,0.990709124221847,1.0,0.9999999536242105,1.0,0.9819518912282817,1.0,4.0,1111,0.9921866636668171,0.9960640880713066,23,25,1,Unanimous LP/P-directed,deployment_in_sample_not_validation,deployment
NC_000017.11:43047701:C:G,BRCA1,1,0.6113896354691214,1.0,0.06398717722755871,0.0,0.999171147432597,1.0,0.9179557594037606,1.0,3.0,1011,0.6481259298832595,0.6742277633105558,24,25,1,Mixed votes,deployment_in_sample_not_validation,deployment
NC_000017.11:43049160:G:A,BRCA1,1,0.9849976992688612,1.0,0.9510132149415861,1.0,0.9999999536242105,1.0,0.9638655595698103,1.0,4.0,1111,0.974969106851117,0.9851078042563065,24,25,1,Unanimous LP/P-directed,deployment_in_sample_not_validation,deployment
NC_000017.11:43049160:G:T,BRCA1,1,0.9970431203747255,1.0,0.9777611519969898,1.0,0.9999999536242105,1.0,0.9926191046582746,1.0,4.0,1111,0.99185583266355,0.9958735666872651,24,25,1,Unanimous LP/P-directed,deployment_in_sample_not_validation,deployment
NC_000017.11:43049163:CCACA:TCACT,BRCA1,1,,,,,,,,,,,,,0,25,0,,deployment_in_sample_not_validation,deployment
NC_000017.11:43049163:C:G,BRCA1,1,0.9891121397049079,1.0,0.9338865931289281,1.0,0.9999999536242105,1.0,0.9788212663447187,1.0,4.0,1111,0.9754549882006913,0.9854389212676918,24,25,1,Unanimous LP/P-directed,deployment_in_sample_not_validation,deployment
NC_000017.11:43049164:C:A,BRCA1,1,0.9967687813132997,1.0,0.9736206885532848,1.0,0.9999999536242105,1.0,0.9714583494185839,1.0,4.0,1111,0.9854619432273447,0.9920053609117342,24,25,1,Unanimous LP/P-directed,deployment_in_sample_not_validation,deployment
NC_000017.11:43049166:C:T,BRCA1,1,0.9967275644175446,1.0,0.9585879989956634,1.0,0.9999999536242105,1.0,0.9898563781205592,1.0,4.0,1111,0.9862929737894943,0.9925254096044465,24,25,1,Unanimous LP/P-directed,deployment_in_sample_not_validation,deployment
NC_000017.11:43049175:A:T,BRCA1,1,0.9802699838554207,1.0,0.9744101553391211,1.0,0.9999999536242105,1.0,0.9815274123260533,1.0,4.0,1111,0.9840518762862014,0.9911129151653699,24,25,1,Unanimous LP/P-directed,deployment_in_sample_not_validation,deployment
NC_000017.11:43049187:A:C,BRCA1,1,0.9818464736502295,1.0,0.9808133652432968,1.0,0.9999999536242105,1.0,0.9837182031735775,1.0,4.0,1111,0.9865944989228286,0.9927129641714515,24,25,1,Unanimous LP/P-directed,deployment_in_sample_not_validation,deployment
NC_000017.11:43049187:A:G,BRCA1,1,0.993326084539428,1.0,0.9926720248905266,1.0,0.9999999536242105,1.0,0.9950199936721332,1.0,4.0,1111,0.9952545141815745,0.9977695301164864,25,25,1,Unanimous LP/P-directed,deployment_in_sample_not_validation,deployment
NC_000017.11:43049187:A:T,BRCA1,1,0.9869222266681975,1.0,0.9961889611367444,1.0,0.9999999536242105,1.0,0.9855891841586801,1.0,4.0,1111,0.9921750813969581,0.9960574372143541,24,25,1,Unanimous LP/P-directed,deployment_in_sample_not_validation,deployment
NC_000017.11:43051062:C:T,BRCA1,1,0.9401353677221809,1.0,0.7161823638205749,1.0,0.9999999536242105,1.0,0.9530261017992313,1.0,4.0,1111,0.9023359467415494,0.9281294600033191,24,25,1,Unanimous LP/P-directed,deployment_in_sample_not_validation,deployment
NC_000017.11:43051071:T:C,BRCA1,1,0.10001601806005529,0.0,0.3221382410402408,0.0,0.9994170522494795,1.0,0.8803613030521051,1.0,2.0,0011,0.5754831536004702,0.5937090423533596,25,25,1,Mixed votes,deployment_in_sample_not_validation,deployment
NC_000017.11:43051085:C:A,BRCA1,1,0.9946544078604849,1.0,0.9863980974779857,1.0,0.9999999536242105,1.0,0.9930783641638417,1.0,4.0,1111,0.9935327057816308,0.9968269259879089,25,25,1,Unanimous LP/P-directed,deployment_in_sample_not_validation,deployment
NC_000017.11:43051097:A:G,BRCA1,1,0.992033385575249,1.0,0.9777410425573677,1.0,0.9999999536242105,1.0,0.9818581592701505,1.0,4.0,1111,0.9879081352567445,0.9935226673238894,24,25,1,Unanimous LP/P-directed,deployment_in_sample_not_validation,deployment
NC_000017.11:43051097:A:T,BRCA1,1,0.9997581856186836,1.0,0.9947487322883513,1.0,0.9999999536242105,1.0,0.9958144163682265,1.0,4.0,1111,0.997580321974868,0.9989633204324274,25,25,1,Unanimous LP/P-directed,deployment_in_sample_not_validation,deployment
NC_000017.11:43051112:A:C,BRCA1,1,0.998129708418213,1.0,0.9752921119996885,1.0,0.9999999536242105,1.0,0.9867174627765792,1.0,4.0,1111,0.9900348092046728,0.9948058182022985,24,25,1,Unanimous LP/P-directed,deployment_in_sample_not_validation,deployment
NC_000017.11:43051112:A:G,BRCA1,1,0.9996474472110888,1.0,0.9893932394600473,1.0,0.9999999536242105,1.0,0.9958543809637217,1.0,4.0,1111,0.996223755314767,0.9982801634867203,25,25,1,Unanimous LP/P-directed,deployment_in_sample_not_validation,deployment
NC_000017.11:43057069:T:A,BRCA1,1,0.9971642892955549,1.0,0.9901321591526477,1.0,0.9999999536242105,1.0,0.9868436326394213,1.0,4.0,1111,0.9935350086779586,0.9968282130327963,24,25,1,Unanimous LP/P-directed,deployment_in_sample_not_validation,deployment
NC_000017.11:43057069:T:G,BRCA1,1,0.9970440893301625,1.0,0.9899195021507416,1.0,0.9999999536242105,1.0,0.9884761033086167,1.0,4.0,1111,0.9938599121034328,0.9970091337394141,24,25,1,Unanimous LP/P-directed,deployment_in_sample_not_validation,deployment
NC_000017.11:43057070:C:A,BRCA1,1,0.995181476239837,1.0,0.9805397828095106,1.0,0.9999999536242105,1.0,0.9327371215384195,1.0,4.0,1111,0.9771145835529944,0.9865621434546984,24,25,1,Unanimous LP/P-directed,deployment_in_sample_not_validation,deployment
NC_000017.11:43057071:T:C,BRCA1,1,0.9925271316218462,1.0,0.9745241221366006,1.0,0.9999999536242105,1.0,0.9795383000709067,1.0,4.0,1111,0.986647376863391,0.9927457915287573,24,25,1,Unanimous LP/P-directed,deployment_in_sample_not_validation,deployment
NC_000017.11:43057073:G:T,BRCA1,1,0.9926024177870545,1.0,0.9757132522246021,1.0,0.9999999536242105,1.0,0.9527523663291468,1.0,4.0,1111,0.9802669974912535,0.9886607027063138,24,25,1,Unanimous LP/P-directed,deployment_in_sample_not_validation,deployment
NC_000017.11:43057074:C:G,BRCA1,1,0.9985874609694319,1.0,0.992088200298414,1.0,0.9999999536242105,1.0,0.9817871060042604,1.0,4.0,1111,0.9931156802240793,0.9965928035185737,25,25,1,Unanimous LP/P-directed,deployment_in_sample_not_validation,deployment
NC_000017.11:43057076:C:G,BRCA1,1,0.9969972518579661,1.0,0.9808399205792895,1.0,0.9999999536242105,1.0,0.9843462054759128,1.0,4.0,1111,0.9905458328843447,0.9951085484315288,25,25,1,Unanimous LP/P-directed,deployment_in_sample_not_validation,deployment
NC_000017.11:43057077:G:C,BRCA1,1,0.9977356097262754,1.0,0.9648527671763285,1.0,0.9999999536242105,1.0,0.9443468986929778,1.0,4.0,1111,0.9767338073049481,0.9863055123010085,24,25,1,Unanimous LP/P-directed,deployment_in_sample_not_validation,deployment
NC_000017.11:43057085:C:T,BRCA1,1,0.9996397929760504,1.0,0.9934403782256652,1.0,0.9999999536242105,1.0,0.9949588243769452,1.0,4.0,1111,0.9970097373007178,0.9986811279398665,25,25,1,Unanimous LP/P-directed,deployment_in_sample_not_validation,deployment
NC_000017.11:43057086:C:A,BRCA1,1,0.9939629596935098,1.0,0.9683098238048927,1.0,0.9999999536242105,1.0,0.9612288447249115,1.0,4.0,1111,0.9808753954618812,0.9890600872472471,24,25,1,Unanimous LP/P-directed,deployment_in_sample_not_validation,deployment
NC_000017.11:43057086:C:G,BRCA1,1,0.9993036088767798,1.0,0.9921892606373637,1.0,0.9999999536242105,1.0,0.9950138802898899,1.0,4.0,1111,0.996626675857061,0.9984873350880754,25,25,1,Unanimous LP/P-directed,deployment_in_sample_not_validation,deployment
NC_000017.11:43057092:G:C,BRCA1,1,0.9972218500011065,1.0,0.9786084706187108,1.0,0.9999999536242105,1.0,0.9810963888451205,1.0,4.0,1111,0.989231665772287,0.9943255048795268,24,25,1,Unanimous LP/P-directed,deployment_in_sample_not_validation,deployment
NC_000017.11:43057100:C:T,BRCA1,1,0.9986128201398038,1.0,0.9820475398238263,1.0,0.9999999536242105,1.0,0.9813282123015363,1.0,4.0,1111,0.9904971314723442,0.9950797977297171,24,25,1,Unanimous LP/P-directed,deployment_in_sample_not_validation,deployment
NC_000017.11:43057111:A:C,BRCA1,1,0.9401832233327853,1.0,0.8790644997194331,1.0,0.9999999536242105,1.0,0.9525214486875564,1.0,4.0,1111,0.9429422813409963,0.9615247725682957,25,25,1,Unanimous LP/P-directed,deployment_in_sample_not_validation,deployment
NC_000017.11:43057113:C:A,BRCA1,1,0.9995240425423695,1.0,0.9935189380452955,1.0,0.9999999536242105,1.0,0.9947790835688519,1.0,4.0,1111,0.9969555044451819,0.9986538907839593,25,25,1,Unanimous LP/P-directed,deployment_in_sample_not_validation,deployment
NC_000017.11:43057113:C:G,BRCA1,1,0.9974167352688227,1.0,0.9814715561514397,1.0,0.9999999536242105,1.0,0.9863235390418802,1.0,4.0,1111,0.9913029460215882,0.9955526980955138,24,25,1,Unanimous LP/P-directed,deployment_in_sample_not_validation,deployment
NC_000017.11:43057115:C:A,BRCA1,1,0.9996676273514388,1.0,0.9937728399615999,1.0,0.9999999536242105,1.0,0.995068034712813,1.0,4.0,1111,0.9971271139125155,0.9987398416843434,25,25,1,Unanimous LP/P-directed,deployment_in_sample_not_validation,deployment
NC_000017.11:43057115:C:T,BRCA1,1,0.9997678235465426,1.0,0.9946653119850747,1.0,0.9999999536242105,1.0,0.9956380548605773,1.0,4.0,1111,0.9975177860041013,0.9989328047640194,25,25,1,Unanimous LP/P-directed,deployment_in_sample_not_validation,deployment
NC_000017.11:43057116:C:G,BRCA1,1,0.9996167928520657,1.0,0.9930046381497145,1.0,0.9999999536242105,1.0,0.9944390676167176,1.0,4.0,1111,0.9967651130606772,0.9985577437943577,25,25,1,Unanimous LP/P-directed,deployment_in_sample_not_validation,deployment
NC_000017.11:43057121:A:C,BRCA1,1,0.9968593148605809,1.0,0.9835295997068279,1.0,0.9999999536242105,1.0,0.9924463878141968,1.0,4.0,1111,0.993208814001454,0.9966452693282305,25,25,1,Unanimous LP/P-directed,deployment_in_sample_not_validation,deployment
NC_000017.11:43057122:C:A,BRCA1,1,0.9922306918990835,1.0,0.9648369444971691,1.0,0.9999999536242105,1.0,0.9816830678498992,1.0,4.0,1111,0.9846876644675906,0.9915168329911253,24,25,1,Unanimous LP/P-directed,deployment_in_sample_not_validation,deployment
NC_000017.11:43057128:A:T,BRCA1,1,0.9875016501661626,1.0,0.939482685018977,1.0,0.9999999536242105,1.0,0.9751389673542353,1.0,4.0,1111,0.9755308140408964,0.9854905035937712,24,25,1,Unanimous LP/P-directed,deployment_in_sample_not_validation,deployment
NC_000017.11:43063361:A:G,BRCA1,1,0.9836611153535767,1.0,0.9295983879793522,1.0,0.9999999536242105,1.0,0.9859580056454205,1.0,4.0,1111,0.97480436565064,0.9849953089371842,24,25,1,Unanimous LP/P-directed,deployment_in_sample_not_validation,deployment
NC_000017.11:43063369:A:C,BRCA1,1,0.9655762659349992,1.0,0.9301667123898409,1.0,0.9999999536242105,1.0,0.9711515661807816,1.0,4.0,1111,0.9667236245324581,0.9793463023476489,24,25,1,Unanimous LP/P-directed,deployment_in_sample_not_validation,deployment
NC_000017.11:43063371:C:G,BRCA1,1,0.99869387029448,1.0,0.9787771885194161,1.0,0.9999999536242105,1.0,0.9954238761552605,1.0,4.0,1111,0.9932237221483418,0.9966536581888544,24,25,1,Unanimous LP/P-directed,deployment_in_sample_not_validation,deployment
NC_000017.11:43063372:C:T,BRCA1,1,,,,,,,,,,,,,11,25,0,,deployment_in_sample_not_validation,deployment
NC_000017.11:43063881:C:T,BRCA1,1,0.9334613402517364,1.0,0.9075433027658171,1.0,0.9999999536242105,1.0,0.9196085169523127,1.0,4.0,1111,0.9401532783985191,0.9593383841687675,25,25,1,Unanimous LP/P-directed,deployment_in_sample_not_validation,deployment
NC_000017.11:43063882:T:A,BRCA1,1,0.8651969769167396,1.0,0.6834788711179175,0.0,0.9995221255939969,1.0,0.9513744079906705,1.0,3.0,1011,0.8748930954048311,0.9039654337861723,25,25,1,Mixed votes,deployment_in_sample_not_validation,deployment
NC_000017.11:43063884:A:C,BRCA1,1,0.9745969570158135,1.0,0.9999053698562003,1.0,0.9999999536242105,1.0,0.9936149365844441,1.0,4.0,1111,0.9920293042701671,0.995973608015946,25,25,1,Unanimous LP/P-directed,deployment_in_sample_not_validation,deployment
NC_000017.11:43063885:C:A,BRCA1,1,0.9357910689407948,1.0,0.8204645454038964,1.0,0.9999999536242105,1.0,0.9837648153737765,1.0,4.0,1111,0.9350050958356695,0.9552564416926311,24,25,1,Unanimous LP/P-directed,deployment_in_sample_not_validation,deployment
NC_000017.11:43063887:A:C,BRCA1,1,0.961887773854117,1.0,0.9292391936843027,1.0,0.9996449278883739,1.0,0.9693631468734867,1.0,4.0,1111,0.9650337605750701,0.9781350735173537,25,25,1,Unanimous LP/P-directed,deployment_in_sample_not_validation,deployment
NC_000017.11:43063888:C:A,BRCA1,1,0.9401759316650588,1.0,0.9884686483302721,1.0,0.9999999536242105,1.0,0.9128407196847175,1.0,4.0,1111,0.9603713133260647,0.9747449934147674,24,25,1,Unanimous LP/P-directed,deployment_in_sample_not_validation,deployment
NC_000017.11:43063894:T:C,BRCA1,1,0.9401815693921809,1.0,0.6464011095049802,0.0,0.9999999536242105,1.0,0.9216449003759726,1.0,3.0,1011,0.8770568832243361,0.90591066097366,25,25,1,Mixed votes,deployment_in_sample_not_validation,deployment
NC_000017.11:43063908:C:A,BRCA1,1,0.9869477943657854,1.0,0.9478303918570932,1.0,0.9999999536242105,1.0,0.987978540094223,1.0,4.0,1111,0.9806891699853281,0.9889380410546305,24,25,1,Unanimous LP/P-directed,deployment_in_sample_not_validation,deployment
NC_000017.11:43063909:C:G,BRCA1,1,0.9912176954171771,1.0,0.9767746513729714,1.0,0.9999999536242105,1.0,0.9932754563280229,1.0,4.0,1111,0.9903169391855955,0.994973237263422,24,25,1,Unanimous LP/P-directed,deployment_in_sample_not_validation,deployment
NC_000017.11:43063909:C:T,BRCA1,1,0.9980779696031804,1.0,0.9817057764725753,1.0,0.9999999536242105,1.0,0.9957786605878193,1.0,4.0,1111,0.9938905900719464,0.9970261476474177,25,25,1,Unanimous LP/P-directed,deployment_in_sample_not_validation,deployment
NC_000017.11:43063911:A:G,BRCA1,1,0.9960189605174629,1.0,0.9831551497858979,1.0,0.9999999536242105,1.0,0.9958884829185063,1.0,4.0,1111,0.9937656367115194,0.9969567736809837,25,25,1,Unanimous LP/P-directed,deployment_in_sample_not_validation,deployment
NC_000017.11:43063918:A:C,BRCA1,1,0.9944402097662762,1.0,0.9680259577096549,1.0,0.9999999536242105,1.0,0.9917444159916705,1.0,4.0,1111,0.988552634272953,0.993915309341845,24,25,1,Unanimous LP/P-directed,deployment_in_sample_not_validation,deployment
NC_000017.11:43063921:T:G,BRCA1,1,0.9750334971317735,1.0,0.8687414424303919,1.0,0.9999999536242105,1.0,0.9664790245778823,1.0,4.0,1111,0.9525634794410645,0.9689224937716957,24,25,1,Unanimous LP/P-directed,deployment_in_sample_not_validation,deployment
NC_000017.11:43063927:T:C,BRCA1,1,0.9746628041470967,1.0,0.9412795847360295,1.0,0.9999999536242105,1.0,0.9782385769023224,1.0,4.0,1111,0.9735452298524148,0.9841317518145568,25,25,1,Unanimous LP/P-directed,deployment_in_sample_not_validation,deployment
NC_000017.11:43063929:C:A,BRCA1,1,0.9971015518373211,1.0,0.9901210682753125,1.0,0.9999999536242105,1.0,0.9956099105389729,1.0,4.0,1111,0.9957081210689542,0.9980105318697513,25,25,1,Unanimous LP/P-directed,deployment_in_sample_not_validation,deployment
NC_000017.11:43063935:C:A,BRCA1,1,0.9957777261101598,1.0,0.9611308323573999,1.0,0.9999999536242105,1.0,0.9944585261313506,1.0,4.0,1111,0.9878417595557802,0.9934820526616251,25,25,1,Unanimous LP/P-directed,deployment_in_sample_not_validation,deployment
NC_000017.11:43063935:C:T,BRCA1,1,0.9956526805813232,1.0,0.965291772531219,1.0,0.9999999536242105,1.0,0.995800180023186,1.0,4.0,1111,0.9891861466899847,0.9942981224901383,25,25,1,Unanimous LP/P-directed,deployment_in_sample_not_validation,deployment
NC_000017.11:43063942:A:C,BRCA1,1,0.031101517041348767,0.0,0.3267018777679117,0.0,0.9979433851693862,1.0,0.9143341296357702,1.0,2.0,0011,0.5675202274036042,0.5847735649143873,25,25,1,Mixed votes,deployment_in_sample_not_validation,deployment
NC_000017.11:43063950:T:A,BRCA1,1,0.9846140388367992,1.0,0.9838828902699382,1.0,0.9999999536242105,1.0,0.9921951276836121,1.0,4.0,1111,0.9901730026036399,0.9948879107007694,24,25,1,Unanimous LP/P-directed,deployment_in_sample_not_validation,deployment
NC_000017.11:43063950:T:G,BRCA1,1,0.9441617726452505,1.0,0.9340703942965786,1.0,0.9999999536242105,1.0,0.9866348697512305,1.0,4.0,1111,0.9662167475793175,0.978984008005763,24,25,1,Unanimous LP/P-directed,deployment_in_sample_not_validation,deployment
NC_000017.11:43067607:C:A,BRCA1,1,0.9885858200783968,1.0,0.999152382790352,1.0,0.9999999536242105,1.0,0.9950846297799107,1.0,4.0,1111,0.9957056965682175,0.998009252879582,24,25,1,Unanimous LP/P-directed,deployment_in_sample_not_validation,deployment
NC_000017.11:43067607:C:G,BRCA1,1,0.9897958612446067,1.0,0.999056264779121,1.0,0.9999999536242105,1.0,0.9950432226306162,1.0,4.0,1111,0.9959738255696385,0.9981500744205999,24,25,1,Unanimous LP/P-directed,deployment_in_sample_not_validation,deployment
NC_000017.11:43067607:C:T,BRCA1,1,0.9889654019438178,1.0,0.9960892411177383,1.0,0.9999999536242105,1.0,0.9915651158125307,1.0,4.0,1111,0.9941549281245743,0.9971722420088796,24,25,1,Unanimous LP/P-directed,deployment_in_sample_not_validation,deployment
NC_000017.11:43067609:G:C,BRCA1,1,0.9401039448469649,1.0,0.9659831574760668,1.0,0.9999999536242105,1.0,0.9689918750400085,1.0,4.0,1111,0.9687697327468127,0.9807996860039365,24,25,1,Unanimous LP/P-directed,deployment_in_sample_not_validation,deployment
NC_000017.11:43067609:G:T,BRCA1,1,0.9529397678805835,1.0,0.895299422442363,1.0,0.9999999536242105,1.0,0.9833344131699173,1.0,4.0,1111,0.9578933892792687,0.9729160564322605,25,25,1,Unanimous LP/P-directed,deployment_in_sample_not_validation,deployment
NC_000017.11:43067615:A:T,BRCA1,1,0.9899141676054384,1.0,0.9050637111634939,1.0,0.9999999536242105,1.0,0.9728682460831507,1.0,4.0,1111,0.9669615196190734,0.9795160355888765,24,25,1,Unanimous LP/P-directed,deployment_in_sample_not_validation,deployment
NC_000017.11:43067619:C:A,BRCA1,1,0.9854976713917276,1.0,0.9759809822250043,1.0,0.9999999536242105,1.0,0.9526576306625367,1.0,4.0,1111,0.9785340594758698,0.9875129644854735,25,25,1,Unanimous LP/P-directed,deployment_in_sample_not_validation,deployment
NC_000017.11:43067621:A:C,BRCA1,1,0.9944502178098252,1.0,0.9493657628448662,1.0,0.9999999536242105,1.0,0.9920133626790317,1.0,4.0,1111,0.9839573242394835,0.9910526379746984,24,25,1,Unanimous LP/P-directed,deployment_in_sample_not_validation,deployment
NC_000017.11:43067625:G:A,BRCA1,1,0.9466961415288165,1.0,0.9113088968765951,1.0,0.9999999536242105,1.0,0.9619892945472763,1.0,4.0,1111,0.9549985716442246,0.9707568493103385,24,25,1,Unanimous LP/P-directed,deployment_in_sample_not_validation,deployment
NC_000017.11:43067625:G:C,BRCA1,1,0.9934898228933214,1.0,0.9296238238127106,1.0,0.9999999536242105,1.0,0.9896472346163697,1.0,4.0,1111,0.9781902087366531,0.9872835018948801,24,25,1,Unanimous LP/P-directed,deployment_in_sample_not_validation,deployment
NC_000017.11:43067693:A:C,BRCA1,1,0.8962054924785483,1.0,0.580592787032945,0.0,0.9999999536242105,1.0,0.9124739667443723,1.0,3.0,1011,0.847318049970019,0.8786354145406203,24,25,1,Mixed votes,deployment_in_sample_not_validation,deployment
NC_000017.11:43070950:A:G,BRCA1,1,0.988845806550218,1.0,0.9811288526002523,1.0,0.9999999536242105,1.0,0.9954767482744781,1.0,4.0,1111,0.9913628402622897,0.9955876030292228,25,25,1,Unanimous LP/P-directed,deployment_in_sample_not_validation,deployment
NC_000017.11:43070955:A:T,BRCA1,1,0.9896093605779157,1.0,0.9444714142943751,1.0,0.9999999536242105,1.0,0.9936292691245702,1.0,4.0,1111,0.9819274994052678,0.9897461790178748,24,25,1,Unanimous LP/P-directed,deployment_in_sample_not_validation,deployment
NC_000017.11:43074330:C:G,BRCA1,1,0.9933063937532345,1.0,0.998843532771109,1.0,0.9999999536242105,1.0,0.98817046986212,1.0,4.0,1111,0.9950800875026685,0.9976759748477892,24,25,1,Unanimous LP/P-directed,deployment_in_sample_not_validation,deployment
NC_000017.11:43074330:C:T,BRCA1,1,0.9974201988851236,1.0,0.9983804821986497,1.0,0.9999999536242105,1.0,0.992779941636778,1.0,4.0,1111,0.9971451440861905,0.9987488315717391,24,25,1,Unanimous LP/P-directed,deployment_in_sample_not_validation,deployment
NC_000017.11:43076487:C:G,BRCA1,1,0.9568652123091391,1.0,0.8848262956201371,1.0,0.9999999536242105,1.0,0.9697879766065783,1.0,4.0,1111,0.9528698595400164,0.9691541738051264,24,25,1,Unanimous LP/P-directed,deployment_in_sample_not_validation,deployment
NC_000017.11:43076487:C:T,BRCA1,1,0.9459100910342347,1.0,0.8518365757566605,1.0,0.9999999536242105,1.0,0.9716905730643319,1.0,4.0,1111,0.9423592983698594,0.9610692461933527,24,25,1,Unanimous LP/P-directed,deployment_in_sample_not_validation,deployment
NC_000017.11:43082439:C:T,BRCA1,1,0.11127217156704056,0.0,0.0041094622036056735,0.0,0.9803988071216413,1.0,0.8944446360454255,1.0,2.0,0011,0.49755626923442825,0.5056941950975906,24,25,1,Mixed votes,deployment_in_sample_not_validation,deployment
NC_000017.11:43082536:C:G,BRCA1,1,0.8838830478668029,1.0,0.49550856303893337,0.0,0.9997646497903468,1.0,0.9299975652266245,1.0,3.0,1011,0.8272884564806768,0.8596587291811102,24,25,1,Mixed votes,deployment_in_sample_not_validation,deployment
NC_000017.11:43090943:C:G,BRCA1,1,0.9961253903828019,1.0,0.999444670047566,1.0,0.9999999536242105,1.0,0.9875429294412044,1.0,4.0,1111,0.9957782358739456,0.9980474753781218,24,25,1,Unanimous LP/P-directed,deployment_in_sample_not_validation,deployment
NC_000017.11:43094577:T:A,BRCA1,1,0.12314942910411025,0.0,0.0016704466149651167,0.0,0.9981220229540075,1.0,0.9043184965670663,1.0,2.0,0011,0.5068150988100373,0.5162014104610604,24,25,1,Mixed votes,deployment_in_sample_not_validation,deployment
NC_000017.11:43104259:A:C,BRCA1,1,,,,,,,,,,,,,11,25,0,,deployment_in_sample_not_validation,deployment
NC_000017.11:43104259:A:T,BRCA1,1,,,,,,,,,,,,,11,25,0,,deployment_in_sample_not_validation,deployment
NC_000017.11:43104259:AT:TC,BRCA1,1,,,,,,,,,,,,,0,25,0,,deployment_in_sample_not_validation,deployment
NC_000017.11:43104881:T:A,BRCA1,1,0.9860351192573724,1.0,0.9490871361566837,1.0,0.9999999536242105,1.0,0.9745950738494299,1.0,4.0,1111,0.9774293207219241,0.9867737704632839,24,25,1,Unanimous LP/P-directed,deployment_in_sample_not_validation,deployment
NC_000017.11:43104881:T:C,BRCA1,1,0.9698791091673136,1.0,0.9295575196812704,1.0,0.9999999536242105,1.0,0.9592995454235145,1.0,4.0,1111,0.9646840319740773,0.9778832066729877,24,25,1,Unanimous LP/P-directed,deployment_in_sample_not_validation,deployment
NC_000017.11:43104881:T:G,BRCA1,1,0.9715263617610331,1.0,0.9253980801454494,1.0,0.9999999536242105,1.0,0.9752354811345731,1.0,4.0,1111,0.9680399691663165,0.9802830172525735,24,25,1,Unanimous LP/P-directed,deployment_in_sample_not_validation,deployment
NC_000017.11:43104884:A:G,BRCA1,1,0.9401409415404955,1.0,0.881489442908139,1.0,0.9999999536242105,1.0,0.9658762801594363,1.0,4.0,1111,0.9468766545580704,0.9645777859922259,24,25,1,Unanimous LP/P-directed,deployment_in_sample_not_validation,deployment
NC_000017.11:43106455:C:A,BRCA1,1,0.9946893462887563,1.0,0.999450986548311,1.0,0.9999999536242105,1.0,0.9946347355796423,1.0,4.0,1111,0.9971937555102299,0.998773030024332,24,25,1,Unanimous LP/P-directed,deployment_in_sample_not_validation,deployment
NC_000017.11:43106455:C:G,BRCA1,1,0.9931751864264414,1.0,0.9992818725468465,1.0,0.9999999536242105,1.0,0.9949743122821666,1.0,4.0,1111,0.9968578312199163,0.998604667306546,24,25,1,Unanimous LP/P-directed,deployment_in_sample_not_validation,deployment
NC_000017.11:43106456:T:A,BRCA1,1,0.9878354376529629,1.0,0.998196629485744,1.0,0.9999999536242105,1.0,0.9800587818700888,1.0,4.0,1111,0.9915227006582515,0.995680594900906,23,25,1,Unanimous LP/P-directed,deployment_in_sample_not_validation,deployment
NC_000017.11:43106456:T:C,BRCA1,1,0.9948828620661697,1.0,0.9994327255124164,1.0,0.9999999536242105,1.0,0.9925704427381381,1.0,4.0,1111,0.9967214959852337,0.9985356046615249,24,25,1,Unanimous LP/P-directed,deployment_in_sample_not_validation,deployment
NC_000017.11:43106475:A:C,BRCA1,1,0.999004276215211,1.0,0.987596139353585,1.0,0.9999999536242105,1.0,0.9955988671096541,1.0,4.0,1111,0.9955498090756651,0.9979268077742699,25,25,1,Unanimous LP/P-directed,deployment_in_sample_not_validation,deployment
NC_000017.11:43106476:C:G,BRCA1,1,0.9985589241649492,1.0,0.9728631569191245,1.0,0.9999999536242105,1.0,0.996120258215304,1.0,4.0,1111,0.9918855732308971,0.9958907400079047,25,25,1,Unanimous LP/P-directed,deployment_in_sample_not_validation,deployment
NC_000017.11:43106477:A:G,BRCA1,1,0.998886927197226,1.0,0.9826887886238476,1.0,0.9999999536242105,1.0,0.996118027910149,1.0,4.0,1111,0.9944234243388582,0.9973196802860179,25,25,1,Unanimous LP/P-directed,deployment_in_sample_not_validation,deployment
NC_000017.11:43106477:A:T,BRCA1,1,0.9984437590395171,1.0,0.9675379871264312,1.0,0.9999999536242105,1.0,0.9960269751788009,1.0,4.0,1111,0.99050216874224,0.9950827724532787,25,25,1,Unanimous LP/P-directed,deployment_in_sample_not_validation,deployment
NC_000017.11:43106485:C:T,BRCA1,1,0.9988862191088984,1.0,0.997889325086571,1.0,0.9999999536242105,1.0,0.9957362504998067,1.0,4.0,1111,0.9981279370798717,0.999225598413439,25,25,1,Unanimous LP/P-directed,deployment_in_sample_not_validation,deployment
NC_000017.11:43106486:A:G,BRCA1,1,0.9989597607754841,1.0,0.9925254197768135,1.0,0.9999999536242105,1.0,0.9960894753349192,1.0,4.0,1111,0.9968936523778569,0.9986227448008422,25,25,1,Unanimous LP/P-directed,deployment_in_sample_not_validation,deployment
NC_000017.11:43106486:A:T,BRCA1,1,0.9975704051944502,1.0,0.9782052328524762,1.0,0.9999999536242105,1.0,0.9946090993436445,1.0,4.0,1111,0.9925961727536954,0.996298319491021,25,25,1,Unanimous LP/P-directed,deployment_in_sample_not_validation,deployment
NC_000017.11:43106527:C:A,BRCA1,1,0.9994249808821893,1.0,0.98816079862889,1.0,0.9999999536242105,1.0,0.9955447887177902,1.0,4.0,1111,0.99578263046327,0.9980497880439645,25,25,1,Unanimous LP/P-directed,deployment_in_sample_not_validation,deployment
NC_000017.11:43106527:C:T,BRCA1,1,0.9990288690533276,1.0,0.9911067679981079,1.0,0.9999999536242105,1.0,0.9956658077007171,1.0,4.0,1111,0.9964503495940908,0.9983970739267714,25,25,1,Unanimous LP/P-directed,deployment_in_sample_not_validation,deployment
NC_000017.11:43106528:A:C,BRCA1,1,0.9989677164648706,1.0,0.986360315405619,1.0,0.9999999536242105,1.0,0.9955783001382742,1.0,4.0,1111,0.9952265714082436,0.9977545747985959,25,25,1,Unanimous LP/P-directed,deployment_in_sample_not_validation,deployment
NC_000017.11:43106528:A:G,BRCA1,1,0.9996080588254909,1.0,0.9918819905046934,1.0,0.9999999536242105,1.0,0.9956616539695015,1.0,4.0,1111,0.996787914230974,0.9985693007296369,25,25,1,Unanimous LP/P-directed,deployment_in_sample_not_validation,deployment
NC_000017.11:43106528:A:T,BRCA1,1,0.99799953301594,1.0,0.9953837377855834,1.0,0.9999999536242105,1.0,0.9951510962758998,1.0,4.0,1111,0.9971335801754084,0.9987430666805703,25,25,1,Unanimous LP/P-directed,deployment_in_sample_not_validation,deployment
NC_000017.11:43115727:G:C,BRCA1,1,0.9693115990804332,1.0,0.9598998679836254,1.0,0.9999999536242105,1.0,0.9892704626829499,1.0,4.0,1111,0.9796204708428048,0.9882342319827535,24,25,1,Unanimous LP/P-directed,deployment_in_sample_not_validation,deployment
NC_000017.11:43115728:C:A,BRCA1,1,0.9919793950881693,1.0,0.9665399908294294,1.0,0.9999999536242105,1.0,0.9947301526053328,1.0,4.0,1111,0.9883123730367855,0.9937693058941688,25,25,1,Unanimous LP/P-directed,deployment_in_sample_not_validation,deployment
NC_000017.11:43115728:C:G,BRCA1,1,0.9906242880141521,1.0,0.9586446889918165,1.0,0.9999999536242105,1.0,0.994728619368943,1.0,4.0,1111,0.9859993874997806,0.9923422060253793,25,25,1,Unanimous LP/P-directed,deployment_in_sample_not_validation,deployment
NC_000017.11:43115728:C:T,BRCA1,1,0.9950075809133074,1.0,0.9805638816105772,1.0,0.9999999536242105,1.0,0.9951339514861784,1.0,4.0,1111,0.9926763419085683,0.9963439615192334,25,25,1,Unanimous LP/P-directed,deployment_in_sample_not_validation,deployment
NC_000017.11:43115729:A:G,BRCA1,1,0.9954292327047558,1.0,0.9728036117276267,1.0,0.9999999536242105,1.0,0.9953936745894032,1.0,4.0,1111,0.9909066181614992,0.9953208643048551,25,25,1,Unanimous LP/P-directed,deployment_in_sample_not_validation,deployment
NC_000017.11:43115729:A:T,BRCA1,1,0.9925563389826316,1.0,0.9565005755381808,1.0,0.9999999536242105,1.0,0.9947291972453969,1.0,4.0,1111,0.985946516347605,0.9923091525891687,25,25,1,Unanimous LP/P-directed,deployment_in_sample_not_validation,deployment
NC_000017.11:43115737:T:A,BRCA1,1,0.9959157674434674,1.0,0.9706521328570655,1.0,0.9999999536242105,1.0,0.9951778467371185,1.0,4.0,1111,0.9904364251654655,0.9950439301553219,25,25,1,Unanimous LP/P-directed,deployment_in_sample_not_validation,deployment
NC_000017.11:43115737:T:C,BRCA1,1,0.9957924205121654,1.0,0.9717335626640892,1.0,0.9999999536242105,1.0,0.9951492787154215,1.0,4.0,1111,0.9906688038789716,0.9951810484837019,25,25,1,Unanimous LP/P-directed,deployment_in_sample_not_validation,deployment
NC_000017.11:43115738:G:A,BRCA1,1,0.9959938045198709,1.0,0.9684763826939974,1.0,0.9999999536242105,1.0,0.9948173125264674,1.0,4.0,1111,0.9898218633411366,0.9946789969713811,25,25,1,Unanimous LP/P-directed,deployment_in_sample_not_validation,deployment
NC_000017.11:43115738:G:C,BRCA1,1,0.9926683713519882,1.0,0.9239214198372271,1.0,0.9999999536242105,1.0,0.9917577557500696,1.0,4.0,1111,0.9770868751408739,0.9865434909397591,24,25,1,Unanimous LP/P-directed,deployment_in_sample_not_validation,deployment
NC_000017.11:43115738:G:T,BRCA1,1,0.9892099560028247,1.0,0.9568490748501673,1.0,0.9999999536242105,1.0,0.9911129784889835,1.0,4.0,1111,0.9842929907415465,0.9912663840505217,25,25,1,Unanimous LP/P-directed,deployment_in_sample_not_validation,deployment
NC_000017.11:43115742:A:C,BRCA1,1,0.998721892336469,1.0,0.9869844446708343,1.0,0.9999999536242105,1.0,0.995696623576638,1.0,4.0,1111,0.995350728552038,0.9978209302799107,25,25,1,Unanimous LP/P-directed,deployment_in_sample_not_validation,deployment
NC_000017.11:43115743:C:A,BRCA1,1,0.9947758663229006,1.0,0.9771977924114021,1.0,0.9999999536242105,1.0,0.9952762512057455,1.0,4.0,1111,0.9918124658910648,0.9958485089638732,25,25,1,Unanimous LP/P-directed,deployment_in_sample_not_validation,deployment
NC_000017.11:43115743:C:T,BRCA1,1,0.9959338649177463,1.0,0.9827488234114674,1.0,0.9999999536242105,1.0,0.9953936745894032,1.0,4.0,1111,0.9935190791357069,0.9968193089837554,25,25,1,Unanimous LP/P-directed,deployment_in_sample_not_validation,deployment
NC_000017.11:43115744:A:C,BRCA1,1,0.9952764572302054,1.0,0.9697099242323546,1.0,0.9999999536242105,1.0,0.9946114816105541,1.0,4.0,1111,0.9898994541743311,0.9947252516733045,25,25,1,Unanimous LP/P-directed,deployment_in_sample_not_validation,deployment
NC_000017.11:43115744:A:G,BRCA1,1,0.9971803532458805,1.0,0.9793602823136452,1.0,0.9999999536242105,1.0,0.9953936745894032,1.0,4.0,1111,0.9929835659432849,0.9965182052466321,25,25,1,Unanimous LP/P-directed,deployment_in_sample_not_validation,deployment
NC_000017.11:43115744:A:T,BRCA1,1,0.9953513694588868,1.0,0.9618964899162109,1.0,0.9999999536242105,1.0,0.9955758826720126,1.0,4.0,1111,0.9882059239178301,0.9937044772146002,25,25,1,Unanimous LP/P-directed,deployment_in_sample_not_validation,deployment
NC_000017.11:43115749:G:C,BRCA1,1,0.9980582727580208,1.0,0.9572325581020042,1.0,0.9999999536242105,1.0,0.9936015303632233,1.0,4.0,1111,0.9872230787118648,0.9931019411884974,25,25,1,Unanimous LP/P-directed,deployment_in_sample_not_validation,deployment
NC_000017.11:43115749:G:T,BRCA1,1,0.9990082047031981,1.0,0.9746663991633906,1.0,0.9999999536242105,1.0,0.9941539960631675,1.0,4.0,1111,0.9919571383884916,0.995932027377786,25,25,1,Unanimous LP/P-directed,deployment_in_sample_not_validation,deployment
NC_000017.11:43115750:T:C,BRCA1,1,0.6396137301702246,1.0,0.6345085449057043,0.0,0.9994170522494795,1.0,0.8960494528315923,1.0,3.0,1011,0.7923971950392502,0.8255805013539812,24,25,1,Mixed votes,deployment_in_sample_not_validation,deployment
NC_000017.11:43115755:A:G,BRCA1,1,0.4347323795759999,0.0,0.41050383798048845,0.0,0.9999999536242105,1.0,0.8929028995692684,1.0,2.0,0011,0.6845347676874918,0.7137019753605244,24,25,1,Mixed votes,deployment_in_sample_not_validation,deployment
NC_000017.11:43115758:G:C,BRCA1,1,0.9947974837955068,1.0,0.9378660916017555,1.0,0.9999999536242105,1.0,0.9947419920791668,1.0,4.0,1111,0.9818513802751598,0.9896967389890974,25,25,1,Unanimous LP/P-directed,deployment_in_sample_not_validation,deployment
NC_000017.11:43124016:C:A,BRCA1,1,0.9933585692554414,1.0,0.9997184449350959,1.0,0.9999999536242105,1.0,0.9933242412312921,1.0,4.0,1111,0.99660030226151,0.9984738754054924,23,25,1,Unanimous LP/P-directed,deployment_in_sample_not_validation,deployment
NC_000017.11:43124016:C:T,BRCA1,1,0.9942633951246154,1.0,0.9997262403432172,1.0,0.9999999536242105,1.0,0.992876072603136,1.0,4.0,1111,0.9967164154237949,0.9985330231983308,23,25,1,Unanimous LP/P-directed,deployment_in_sample_not_validation,deployment
NC_000017.11:43124019:A:T,BRCA1,1,0.9994380175465294,1.0,0.9854127283030206,1.0,0.9999999536242105,1.0,0.996147913225901,1.0,4.0,1111,0.9952496531749153,0.997766929332239,25,25,1,Unanimous LP/P-directed,deployment_in_sample_not_validation,deployment
NC_000017.11:43124022:G:A,BRCA1,1,0.9794470880147681,1.0,0.8686484580665953,1.0,0.9999999536242105,1.0,0.9642270032757366,1.0,4.0,1111,0.9530806257453277,0.9693134057539187,24,25,1,Unanimous LP/P-directed,deployment_in_sample_not_validation,deployment
NC_000017.11:43124024:A:C,BRCA1,1,0.9994541068739689,1.0,0.9933360682484002,1.0,0.9999999536242105,1.0,0.9938692359731108,1.0,4.0,1111,0.9966648411799226,0.9985067867044861,25,25,1,Unanimous LP/P-directed,deployment_in_sample_not_validation,deployment
NC_000017.11:43124025:C:G,BRCA1,1,0.9978630761446007,1.0,0.9775935569109442,1.0,0.9999999536242105,1.0,0.9923843924260175,1.0,4.0,1111,0.9919602447764432,0.995933818325873,24,25,1,Unanimous LP/P-directed,deployment_in_sample_not_validation,deployment
NC_000017.11:43124025:C:T,BRCA1,1,0.9993687316900836,1.0,0.9939109605337598,1.0,0.9999999536242105,1.0,0.9952046860657459,1.0,4.0,1111,0.9971210829784499,0.998736832897606,25,25,1,Unanimous LP/P-directed,deployment_in_sample_not_validation,deployment
NC_000017.11:43124026:A:C,BRCA1,1,0.9991009504906104,1.0,0.9891038150124236,1.0,0.9999999536242105,1.0,0.9932154562152549,1.0,4.0,1111,0.9953550438356249,0.9978232321396064,25,25,1,Unanimous LP/P-directed,deployment_in_sample_not_validation,deployment
NC_000017.11:43124026:A:G,BRCA1,1,0.9993966902900553,1.0,0.9921255866434349,1.0,0.9999999536242105,1.0,0.9957942365357041,1.0,4.0,1111,0.9968291167733512,0.9985901555806928,25,25,1,Unanimous LP/P-directed,deployment_in_sample_not_validation,deployment
NC_000017.11:43124026:A:T,BRCA1,1,0.9987775582319899,1.0,0.9864973540107,1.0,0.9999999536242105,1.0,0.9942065722141661,1.0,4.0,1111,0.9948703595202666,0.9975628674094604,25,25,1,Unanimous LP/P-directed,deployment_in_sample_not_validation,deployment
NC_000017.11:43124043:A:C,BRCA1,1,0.9920841992654844,1.0,0.9908329854076651,1.0,0.9999999536242105,1.0,0.9853638997710987,1.0,4.0,1111,0.9920702595171147,0.9959971817113782,24,25,1,Unanimous LP/P-directed,deployment_in_sample_not_validation,deployment
NC_000017.11:43124043:A:T,BRCA1,1,0.9964784734223997,1.0,0.9923592919007607,1.0,0.9999999536242105,1.0,0.9908032986667876,1.0,4.0,1111,0.9949102544035395,0.9975844339229567,25,25,1,Unanimous LP/P-directed,deployment_in_sample_not_validation,deployment
NC_000017.11:43124093:C:A,BRCA1,1,0.9789131125637276,1.0,0.9580714003982469,1.0,0.9999999536242105,1.0,0.9879683565397116,1.0,4.0,1111,0.9812382057814741,0.9892973429554622,21,25,1,Unanimous LP/P-directed,deployment_in_sample_not_validation,deployment
NC_000017.11:43124093:C:G,BRCA1,1,0.97531821036061,1.0,0.9387492122254253,1.0,0.9999999536242105,1.0,0.9879798697920374,1.0,4.0,1111,0.9755118115005708,0.9854775789910336,21,25,1,Unanimous LP/P-directed,deployment_in_sample_not_validation,deployment
NC_000017.11:43124093:C:T,BRCA1,1,0.983071289566846,1.0,0.9806925752867854,1.0,0.9999999536242105,1.0,0.9916170540782557,1.0,4.0,1111,0.9888452181390245,0.9940925040524942,21,25,1,Unanimous LP/P-directed,deployment_in_sample_not_validation,deployment
NC_000017.11:43124094:A:C,BRCA1,1,0.9922187343750991,1.0,0.9802704839384161,1.0,0.9999999536242105,1.0,0.9941335786554066,1.0,4.0,1111,0.9916556876482832,0.995757762697275,21,25,1,Unanimous LP/P-directed,deployment_in_sample_not_validation,deployment
NC_000017.11:43124094:A:G,BRCA1,1,0.9719512925933105,1.0,0.9324220657310874,1.0,0.9999999536242105,1.0,0.9839812745753265,1.0,4.0,1111,0.9720886466309837,0.9831247425250013,21,25,1,Unanimous LP/P-directed,deployment_in_sample_not_validation,deployment
NC_000017.11:43124094:A:T,BRCA1,1,0.990128344623731,1.0,0.9616422480911145,1.0,0.9999999536242105,1.0,0.9910052289253962,1.0,4.0,1111,0.9856939438161131,0.9921509986769276,21,25,1,Unanimous LP/P-directed,deployment_in_sample_not_validation,deployment
NC_000017.11:43124095:T:C,BRCA1,1,0.9715759299658768,1.0,0.93359375689497,1.0,0.9999999536242105,1.0,0.9885235445933308,1.0,4.0,1111,0.973423296269597,0.9840477793582221,21,25,1,Unanimous LP/P-directed,deployment_in_sample_not_validation,deployment
NC_000017.11:58695178:A:C,RAD51C,1,0.9995727866414689,1.0,0.9876275002300091,1.0,0.9999999536242105,1.0,0.9926176382252794,1.0,4.0,1111,0.9949544696802419,0.9976083081757566,25,25,1,Unanimous LP/P-directed,deployment_in_sample_not_validation,deployment
NC_000017.11:58695188:G:C,RAD51C,1,0.9945532466912879,1.0,0.9999790346750926,1.0,0.9999999536242105,1.0,0.9853185636460374,1.0,4.0,1111,0.9949626996591571,0.9976127487507694,24,25,1,Unanimous LP/P-directed,deployment_in_sample_not_validation,deployment
NC_000017.11:58695188:G:T,RAD51C,1,0.992254508636707,1.0,0.9999789001311632,1.0,0.9999999536242105,1.0,0.9944489619557298,1.0,4.0,1111,0.9966705810869527,0.9985097094780275,24,25,1,Unanimous LP/P-directed,deployment_in_sample_not_validation,deployment
NC_000017.11:58695189:G:C,RAD51C,1,,,,,,,,,,,,,2,25,0,,deployment_in_sample_not_validation,deployment
NC_000017.11:58696858:G:A,RAD51C,1,0.6070725564694699,1.0,0.11598309393232104,0.0,0.9999999536242105,1.0,0.9074133723045453,1.0,3.0,1011,0.6576172440826367,0.6845844345630159,24,25,1,Mixed votes,deployment_in_sample_not_validation,deployment
NC_000017.11:58724098:A:G,RAD51C,1,0.9638446315804265,1.0,0.9944347618112699,1.0,0.9999999536242105,1.0,0.9797267851866776,1.0,4.0,1111,0.9845015330506461,0.9913988376453525,24,25,1,Unanimous LP/P-directed,deployment_in_sample_not_validation,deployment
NC_000017.11:61743012:C:A,BRIP1,1,0.980058270002557,1.0,0.9994909210997263,1.0,0.9999999536242105,1.0,0.9840508485688461,1.0,4.0,1111,0.990899998323835,0.9953169794406808,24,25,1,Unanimous LP/P-directed,deployment_in_sample_not_validation,deployment
NC_000017.11:61801347:C:G,BRIP1,1,0.9967877164832023,1.0,0.9695047874740489,1.0,0.9999999536242105,1.0,0.9613057246088039,1.0,4.0,1111,0.9818995455475664,0.9897280263928949,25,25,1,Unanimous LP/P-directed,deployment_in_sample_not_validation,deployment
NC_000017.11:61808619:C:A,BRIP1,1,0.9948292122830817,1.0,0.9603146480349627,1.0,0.9999999536242105,1.0,0.9902791220735351,1.0,4.0,1111,0.9863557340039475,0.9925644983919264,25,25,1,Unanimous LP/P-directed,deployment_in_sample_not_validation,deployment
NC_000017.11:61808619:C:G,BRIP1,1,0.9891729421567182,1.0,0.9369794137954011,1.0,0.9999999536242105,1.0,0.9802865532810504,1.0,4.0,1111,0.9766097157143451,0.9862217378266911,24,25,1,Unanimous LP/P-directed,deployment_in_sample_not_validation,deployment
NC_000017.11:61808633:G:A,BRIP1,1,0.9973644292919435,1.0,0.9850406673718192,1.0,0.9999999536242105,1.0,0.994955707289156,1.0,4.0,1111,0.9943401893942824,0.9972740788567594,25,25,1,Unanimous LP/P-directed,deployment_in_sample_not_validation,deployment
NC_000017.11:61808657:T:C,BRIP1,1,0.9401831775549937,1.0,0.9922765991194041,1.0,0.9999999536242105,1.0,0.9368685706062572,1.0,4.0,1111,0.9673320752262164,0.9797800291615821,24,25,1,Unanimous LP/P-directed,deployment_in_sample_not_validation,deployment
NC_000017.11:61849128:C:A,BRIP1,1,0.9959728685881926,1.0,0.9736464669110153,1.0,0.9999999536242105,1.0,0.9901236616408239,1.0,4.0,1111,0.9899357376910606,0.9947468639328142,25,25,1,Unanimous LP/P-directed,deployment_in_sample_not_validation,deployment
NC_000019.10:1219342:T:C,STK11,1,0.9995628156801847,1.0,0.9986884634325042,1.0,0.9999999536242105,1.0,0.9951545920730179,1.0,4.0,1111,0.9983514562024793,0.9993297969995213,25,25,1,Unanimous LP/P-directed,deployment_in_sample_not_validation,deployment
NC_000019.10:1219367:T:C,STK11,1,0.9995839512432843,1.0,0.99709825249505,1.0,0.9999999536242105,1.0,0.9955118758036728,1.0,4.0,1111,0.9980485082915543,0.9991881453558658,25,25,1,Unanimous LP/P-directed,deployment_in_sample_not_validation,deployment
NC_000019.10:1220394:G:C,STK11,1,0.9987156248340608,1.0,0.9959061382010101,1.0,0.9999999536242105,1.0,0.9952466240499342,1.0,4.0,1111,0.997467085177304,0.9989079860252812,25,25,1,Unanimous LP/P-directed,deployment_in_sample_not_validation,deployment
NC_000019.10:1220434:A:G,STK11,1,0.9990594793250643,1.0,0.9948498376428675,1.0,0.9999999536242105,1.0,0.9958641995224267,1.0,4.0,1111,0.9974433675286423,0.9988963522238163,25,25,1,Unanimous LP/P-directed,deployment_in_sample_not_validation,deployment
NC_000019.10:1220437:T:A,STK11,1,0.9980514821730645,1.0,0.992502434138251,1.0,0.9999999536242105,1.0,0.9901344077701348,1.0,4.0,1111,0.9951720694264152,0.9977253693145318,25,25,1,Unanimous LP/P-directed,deployment_in_sample_not_validation,deployment
NC_000019.10:1220448:AAC:GAA,STK11,1,,,,,,,,,,,,,1,25,0,,deployment_in_sample_not_validation,deployment
NC_000019.10:1220448:A:G,STK11,1,0.9982608979939686,1.0,0.9917978928293092,1.0,0.9999999536242105,1.0,0.9903493110548168,1.0,4.0,1111,0.9951020138755763,0.9976877612310696,25,25,1,Unanimous LP/P-directed,deployment_in_sample_not_validation,deployment
NC_000019.10:1220449:A:G,STK11,1,0.9974150548470956,1.0,0.9858237248778112,1.0,0.9999999536242105,1.0,0.9904339060898792,1.0,4.0,1111,0.9934181598597491,0.99676282670894,25,25,1,Unanimous LP/P-directed,deployment_in_sample_not_validation,deployment
NC_000019.10:1220450:C:A,STK11,1,0.9984998685339747,1.0,0.9962541515960452,1.0,0.9999999536242105,1.0,0.9959449193661273,1.0,4.0,1111,0.9976747232800894,0.9990091785662324,25,25,1,Unanimous LP/P-directed,deployment_in_sample_not_validation,deployment
NC_000019.10:1220450:C:G,STK11,1,0.9984987309879491,1.0,0.9962527786101878,1.0,0.9999999536242105,1.0,0.9959449193661273,1.0,4.0,1111,0.9976740956471187,0.9990088745125876,25,25,1,Unanimous LP/P-directed,deployment_in_sample_not_validation,deployment
NC_000019.10:1220489:C:A,STK11,1,0.998936315122929,1.0,0.9959011293493093,1.0,0.9999999536242105,1.0,0.9947961779534716,1.0,4.0,1111,0.99740839401248,0.9988791700578068,25,25,1,Unanimous LP/P-directed,deployment_in_sample_not_validation,deployment
NC_000019.10:1220489:C:G,STK11,1,0.9989256720227182,1.0,0.9958486340511491,1.0,0.9999999536242105,1.0,0.9947961779534716,1.0,4.0,1111,0.9973926094128873,0.9988714046903528,25,25,1,Unanimous LP/P-directed,deployment_in_sample_not_validation,deployment
NC_000019.10:1220493:G:C,STK11,1,0.9981768289201933,1.0,0.9947519337141438,1.0,0.9999999536242105,1.0,0.9952695790259282,1.0,4.0,1111,0.9970495738211189,0.9987010913237793,25,25,1,Unanimous LP/P-directed,deployment_in_sample_not_validation,deployment
NC_000019.10:1220691:G:C,STK11,1,0.9988508067721478,1.0,0.9995647797576533,1.0,0.9999999536242105,1.0,0.996070670789508,1.0,4.0,1111,0.9986215527358799,0.9994531136795353,25,25,1,Unanimous LP/P-directed,deployment_in_sample_not_validation,deployment
NC_000019.10:1220693:C:A,STK11,1,0.999059025485389,1.0,0.9970731454091661,1.0,0.9999999536242105,1.0,0.9950883271675376,1.0,4.0,1111,0.9978051129215758,0.9990720954835308,25,25,1,Unanimous LP/P-directed,deployment_in_sample_not_validation,deployment
NC_000019.10:1220699:G:T,STK11,1,0.9988110010646634,1.0,0.9976041984631722,1.0,0.9999999536242105,1.0,0.9960701120447566,1.0,4.0,1111,0.9981213162992006,0.9992224847404,25,25,1,Unanimous LP/P-directed,deployment_in_sample_not_validation,deployment
NC_000019.10:1220701:C:G,STK11,1,0.9984282431892467,1.0,0.9995480461829752,1.0,0.9999999536242105,1.0,0.996019135434298,1.0,4.0,1111,0.9984988446076826,0.9993974650573749,25,25,1,Unanimous LP/P-directed,deployment_in_sample_not_validation,deployment
NC_000019.10:1220706:G:A,STK11,1,0.997968256548781,1.0,0.9969681191193084,1.0,0.9999999536242105,1.0,0.9912452910047482,1.0,4.0,1111,0.9965454050742619,0.9984458122745952,25,25,1,Unanimous LP/P-directed,deployment_in_sample_not_validation,deployment
NC_000019.10:1221974:A:G,STK11,1,0.9978722909053805,1.0,0.9962284572118324,1.0,0.9999999536242105,1.0,0.9933749555267575,1.0,4.0,1111,0.9968689143170453,0.9986102635727101,25,25,1,Unanimous LP/P-directed,deployment_in_sample_not_validation,deployment
NC_000019.10:1221976:G:T,STK11,1,0.9973567051524419,1.0,0.9959059528155104,1.0,0.9999999536242105,1.0,0.9940354649752569,1.0,4.0,1111,0.9968245191418549,0.9985878303261281,25,25,1,Unanimous LP/P-directed,deployment_in_sample_not_validation,deployment
NC_000019.10:1221995:C:T,STK11,1,0.9401866248021525,1.0,0.9937530898279614,1.0,0.9999999536242105,1.0,0.9718057350337288,1.0,4.0,1111,0.9764363508220133,0.9861045839062388,25,25,1,Unanimous LP/P-directed,deployment_in_sample_not_validation,deployment
NC_000019.10:1221996:G:C,STK11,1,0.9993305830975308,1.0,0.9968583855179375,1.0,0.9999999536242105,1.0,0.9944664505554367,1.0,4.0,1111,0.9976638431987789,0.9990039061631396,25,25,1,Unanimous LP/P-directed,deployment_in_sample_not_validation,deployment
NC_000019.10:1222001:C:T,STK11,1,0.9915140910092509,1.0,0.9728660268842516,1.0,0.9999999536242105,1.0,0.9752576131240539,1.0,4.0,1111,0.9849094211604417,0.9916571335511448,25,25,1,Unanimous LP/P-directed,deployment_in_sample_not_validation,deployment
NC_000019.10:1222986:G:T,STK11,1,0.9987763201853218,1.0,0.9985143286119281,1.0,0.9999999536242105,1.0,0.9949117741185041,1.0,4.0,1111,0.9980505941349911,0.9991891316172815,25,25,1,Unanimous LP/P-directed,deployment_in_sample_not_validation,deployment
NC_000019.10:1222987:G:T,STK11,1,0.9996027056053032,1.0,0.9992104405773028,1.0,0.9999999536242105,1.0,0.9944830309093793,1.0,4.0,1111,0.9983240326790489,0.9993171122112274,25,25,1,Unanimous LP/P-directed,deployment_in_sample_not_validation,deployment
NC_000002.12:214730507:C:T,BARD1,1,,,,,,,,,,,,,11,25,0,,deployment_in_sample_not_validation,deployment
NC_000002.12:214780559:C:A,BARD1,1,0.9847957226665648,1.0,0.9999412711653037,1.0,0.9999999536242105,1.0,0.9915026925453271,1.0,4.0,1111,0.9940599100003515,0.9971198328828784,24,25,1,Unanimous LP/P-directed,deployment_in_sample_not_validation,deployment
NC_000002.12:214797063:C:T,BARD1,1,0.996827455822184,1.0,0.9271748865822143,1.0,0.9999999536242105,1.0,0.9914959720960308,1.0,4.0,1111,0.9788745670311599,0.9877396417144114,24,25,1,Unanimous LP/P-directed,deployment_in_sample_not_validation,deployment
NC_000022.11:28695866:C:G,CHEK2,1,0.9967003539268012,1.0,0.959170797205203,1.0,0.9999999536242105,1.0,0.994464482134873,1.0,4.0,1111,0.987583896722772,0.9933239614154771,24,25,1,Unanimous LP/P-directed,deployment_in_sample_not_validation,deployment
NC_000022.11:28725069:C:G,CHEK2,1,0.9908428418228745,1.0,0.9558993320930117,1.0,0.9999999536242105,1.0,0.9887189877641761,1.0,4.0,1111,0.9838652788260682,0.9909939077161284,24,25,1,Unanimous LP/P-directed,deployment_in_sample_not_validation,deployment
NC_000022.11:28725340:C:T,CHEK2,1,0.9797961600131213,1.0,0.9169172702263058,1.0,0.9999999536242105,1.0,0.9880802302420724,1.0,4.0,1111,0.9711984035264274,0.9825051653526596,24,25,1,Unanimous LP/P-directed,deployment_in_sample_not_validation,deployment
NC_000008.11:89953514:T:C,NBN,1,0.94017713697353,1.0,0.5708087350775971,0.0,0.9999999536242105,1.0,0.9177696894352222,1.0,3.0,1011,0.8571888787776399,0.8878137846582065,24,25,1,Mixed votes,deployment_in_sample_not_validation,deployment
NC_000008.11:89958853:C:T,NBN,1,0.6633714755437793,1.0,0.044091466746067634,0.0,0.99782473025884,1.0,0.9161677528028483,1.0,3.0,1011,0.6553638563378839,0.6821296073384518,24,25,1,Mixed votes,deployment_in_sample_not_validation,deployment
NC_000009.12:95135484:G:A,FANCC,1,0.940095022410312,1.0,0.7191381364150624,1.0,0.9995712920350487,1.0,0.9096441535914602,1.0,4.0,1111,0.8921121511129708,0.9192597794014461,25,25,1,Unanimous LP/P-directed,deployment_in_sample_not_validation,deployment
NC_000009.12:95249288:C:A,FANCC,1,0.9977820636097443,1.0,0.859420856661878,1.0,0.9995275472426494,1.0,0.9647597486222315,1.0,4.0,1111,0.9553725540341258,0.9710371284638734,21,25,1,Unanimous LP/P-directed,deployment_in_sample_not_validation,deployment
NC_000002.12:214728797:T:C,BARD1,0,0.009534286300365446,0.0,0.004146876378082169,0.0,4.803549571694948e-08,0.0,0.011737957636928392,0.0,0.0,0000,0.006354792087717931,0.003327579259987253,24,25,1,Unanimous B/LB-directed,deployment_in_sample_not_validation,deployment
NC_000002.12:214730439:G:A,BARD1,0,0.04161627285883447,0.0,0.0008855277755053826,0.0,4.803549571694948e-08,0.0,0.0073811739995494185,0.0,0.0,0000,0.012470755667346248,0.007176573877913065,24,25,1,Unanimous B/LB-directed,deployment_in_sample_not_validation,deployment
NC_000002.12:214730478:A:G,BARD1,0,0.010036202706259318,0.0,0.01055178421807131,0.0,4.803549571694948e-08,0.0,0.009514716179383717,0.0,0.0,0000,0.007525687784802516,0.004034486715080715,24,25,1,Unanimous B/LB-directed,deployment_in_sample_not_validation,deployment
NC_000002.12:214745793:C:T,BARD1,0,0.003409993708862306,0.0,0.02721841824805072,0.0,4.803549571694948e-08,0.0,0.004830818837863424,0.0,0.0,0000,0.008864819707568042,0.004862327576315294,24,25,1,Unanimous B/LB-directed,deployment_in_sample_not_validation,deployment
NC_000002.12:214752453:C:G,BARD1,0,0.029129923447901346,0.0,0.004390445095710568,0.0,4.803549571694948e-08,0.0,0.004129586435267703,0.0,0.0,0000,0.009412500753593834,0.005206261354454216,23,25,1,Unanimous B/LB-directed,deployment_in_sample_not_validation,deployment
NC_000002.12:214767530:C:T,BARD1,0,0.00922891440409749,0.0,0.00019035358502869577,0.0,4.803549571694948e-08,0.0,0.005997697238444074,0.0,0.0,0000,0.003854253315766494,0.00188348008219252,23,25,1,Unanimous B/LB-directed,deployment_in_sample_not_validation,deployment
NC_000002.12:214780739:C:G,BARD1,0,0.009738353815209077,0.0,7.516107561661888e-05,0.0,4.803549571694948e-08,0.0,0.005992690423567805,0.0,0.0,0000,0.003951563337472304,0.001937671401125539,23,25,1,Unanimous B/LB-directed,deployment_in_sample_not_validation,deployment
NC_000002.12:214781151:G:C,BARD1,0,0.0051377474524886,0.0,0.001382718644321267,0.0,4.803549571694948e-08,0.0,0.02081443366189816,0.0,0.0,0000,0.0068337369485509366,0.0036146778390753957,24,25,1,Unanimous B/LB-directed,deployment_in_sample_not_validation,deployment
NC_000002.12:214781253:T:C,BARD1,0,0.012127657727531296,0.0,0.0003951339689685228,0.0,4.803549571694948e-08,0.0,0.00587595863336894,0.0,0.0,0000,0.004599699591341119,0.002303197618954725,24,25,1,Unanimous B/LB-directed,deployment_in_sample_not_validation,deployment
NC_000002.12:214792407:C:A,BARD1,0,0.003048452607541155,0.0,0.014252731764372169,0.0,4.803549571694948e-08,0.0,0.007148069065100617,0.0,0.0,0000,0.006112325368127414,0.0031833844464308186,24,25,1,Unanimous B/LB-directed,deployment_in_sample_not_validation,deployment
NC_000002.12:214809499:G:A,BARD1,0,0.028614875595146645,0.0,0.012257149649106827,0.0,4.803549571694948e-08,0.0,0.005811112262431796,0.0,0.0,0000,0.011670796385545247,0.006653602995372648,23,25,1,Unanimous B/LB-directed,deployment_in_sample_not_validation,deployment
NC_000002.12:214809525:C:A,BARD1,0,0.012972777776243822,0.0,0.007982293719727335,0.0,4.803549571694948e-08,0.0,0.02945041645969595,0.0,0.0,0000,0.012601383997790707,0.007262445482787248,24,25,1,Unanimous B/LB-directed,deployment_in_sample_not_validation,deployment
NC_000008.11:89947855:C:T,NBN,0,0.06486849807568079,0.0,0.001093881295430955,0.0,4.803549571694948e-08,0.0,0.007110113719372936,0.0,0.0,0000,0.0182681352814951,0.011100575006803115,24,25,1,Unanimous B/LB-directed,deployment_in_sample_not_validation,deployment
NC_000008.11:89953398:C:T,NBN,0,0.017901338731313443,0.0,0.0011746641852806165,0.0,2.3013136611602433e-05,0.0,0.008485835237321555,0.0,0.0,0000,0.006896212822631804,0.0036523434358517134,24,25,1,Unanimous B/LB-directed,deployment_in_sample_not_validation,deployment
NC_000008.11:89953599:T:C,NBN,0,0.029518713962135793,0.0,0.0001990759020246058,0.0,4.803549571694948e-08,0.0,0.006955010762854208,0.0,0.0,0000,0.00916821216562758,0.0050524873382901256,24,25,1,Unanimous B/LB-directed,deployment_in_sample_not_validation,deployment
NC_000008.11:89955457:T:C,NBN,0,0.06477605909386963,0.0,0.0017178086498688577,0.0,4.803549571694948e-08,0.0,0.005954120709769098,0.0,0.0,0000,0.018112009122250826,0.010992146551165725,24,25,1,Unanimous B/LB-directed,deployment_in_sample_not_validation,deployment
NC_000008.11:89970462:G:A,NBN,0,0.00031075001766786906,0.0,7.716828608369511e-05,0.0,4.803549571694948e-08,0.0,0.015112458253619369,0.0,0.0,0000,0.0038751061482166626,0.0018950770037370634,24,25,1,Unanimous B/LB-directed,deployment_in_sample_not_validation,deployment
NC_000008.11:89978250:C:G,NBN,0,0.004134374988519223,0.0,0.0001547567087812199,0.0,4.803549571694948e-08,0.0,0.005502230082289356,0.0,0.0,0000,0.0024478524537713793,0.001123965580332943,23,25,1,Unanimous B/LB-directed,deployment_in_sample_not_validation,deployment
NC_000009.12:95107204:T:C,FANCC,0,0.011014188290136262,0.0,5.960851812760805e-05,0.0,4.803549571694948e-08,0.0,0.005874555819600444,0.0,0.0,0000,0.004237100165840007,0.002097747072612893,25,25,1,Unanimous B/LB-directed,deployment_in_sample_not_validation,deployment
NC_000009.12:95107253:C:T,FANCC,0,0.0018918104344723401,0.0,0.0012114263020429337,0.0,4.803549571694948e-08,0.0,0.00705993885871841,0.0,0.0,0000,0.00254080590768235,0.0011726140610366852,25,25,1,Unanimous B/LB-directed,deployment_in_sample_not_validation,deployment
NC_000009.12:95111287:G:A,FANCC,0,,,,,,,,,,,,,2,25,0,,deployment_in_sample_not_validation,deployment
NC_000009.12:95125108:C:T,FANCC,0,0.008170058208850663,0.0,0.00010644970359997141,0.0,4.803549571694948e-08,0.0,0.009629639242535739,0.0,0.0,0000,0.004476548797620522,0.002233156322449016,25,25,1,Unanimous B/LB-directed,deployment_in_sample_not_validation,deployment
NC_000009.12:95172076:C:T,FANCC,0,0.02319129008851934,0.0,0.00010988187166197002,0.0,4.803549571694948e-08,0.0,0.019085007136622936,0.0,0.0,0000,0.01059655678307499,0.005959533512667341,25,25,1,Unanimous B/LB-directed,deployment_in_sample_not_validation,deployment
NC_000010.11:87862042:A:T,PTEN,0,,,,,,,,,,,,,1,25,0,,deployment_in_sample_not_validation,deployment
NC_000010.11:87862095:T:C,PTEN,0,,,,,,,,,,,,,1,25,0,,deployment_in_sample_not_validation,deployment
NC_000010.11:87862105:G:C,PTEN,0,,,,,,,,,,,,,1,25,0,,deployment_in_sample_not_validation,deployment
NC_000010.11:87863565:G:A,PTEN,0,,,,,,,,,,,,,2,25,0,,deployment_in_sample_not_validation,deployment
NC_000010.11:87863956:G:C,PTEN,0,,,,,,,,,,,,,2,25,0,,deployment_in_sample_not_validation,deployment
NC_000010.11:87864031:T:C,PTEN,0,,,,,,,,,,,,,2,25,0,,deployment_in_sample_not_validation,deployment
NC_000010.11:87864317:A:G,PTEN,0,,,,,,,,,,,,,2,25,0,,deployment_in_sample_not_validation,deployment
NC_000010.11:87864460:C:G,PTEN,0,,,,,,,,,,,,,2,25,0,,deployment_in_sample_not_validation,deployment
NC_000010.11:87931070:G:A,PTEN,0,0.035950101716024134,0.0,0.611886884604388,0.0,4.803549571694948e-08,0.0,0.0419591544781876,0.0,0.0,0000,0.17244904720852383,0.14845207895370133,25,25,1,Unanimous B/LB-directed,deployment_in_sample_not_validation,deployment
NC_000010.11:87960973:T:G,PTEN,0,0.018567567014151246,0.0,0.26009962137765924,0.0,4.803549571694948e-08,0.0,0.027481514748001465,0.0,0.0,0000,0.07653718779382691,0.05767197674525344,25,25,1,Unanimous B/LB-directed,deployment_in_sample_not_validation,deployment
NC_000010.11:87965320:C:A,PTEN,0,0.06479954581151232,0.0,0.4659318429317966,0.0,0.00024506674999696747,0.0,0.04454470348765417,0.0,0.0,0000,0.14388028974524,0.12015484689920079,25,25,1,Unanimous B/LB-directed,deployment_in_sample_not_validation,deployment
NC_000010.11:87965337:A:G,PTEN,0,0.007660349246024797,0.0,0.17174367578149283,0.0,4.803549571694948e-08,0.0,0.024105270652878978,0.0,0.0,0000,0.05087733592897308,0.03597351270908552,25,25,1,Unanimous B/LB-directed,deployment_in_sample_not_validation,deployment
NC_000011.10:108227848:C:G,ATM,0,0.0018846822478464985,0.0,0.00015258165599752404,0.0,4.803549571694948e-08,0.0,0.008238799240397741,0.0,0.0,0000,0.0025690277949343703,0.0011874335110116,25,25,1,Unanimous B/LB-directed,deployment_in_sample_not_validation,deployment
NC_000011.10:108235707:A:G,ATM,0,0.011129336794986894,0.0,6.64364617175086e-05,0.0,4.803549571694948e-08,0.0,0.005334833660786704,0.0,0.0,0000,0.004132663738246706,0.0020390183970224024,25,25,1,Unanimous B/LB-directed,deployment_in_sample_not_validation,deployment
NC_000011.10:108235715:T:A,ATM,0,0.006610939779725889,0.0,3.779190920757268e-05,0.0,4.803549571694948e-08,0.0,0.0050056639600187846,0.0,0.0,0000,0.002913610921111991,0.0013701318147270795,24,25,1,Unanimous B/LB-directed,deployment_in_sample_not_validation,deployment
NC_000011.10:108243999:G:C,ATM,0,0.0072571798022292005,0.0,2.3971128902287164e-05,0.0,4.803549571694948e-08,0.0,0.0054190432899520625,0.0,0.0,0000,0.003175060564144817,0.0015107854401868706,25,25,1,Unanimous B/LB-directed,deployment_in_sample_not_validation,deployment
NC_000011.10:108244021:G:A,ATM,0,0.0011091729680065031,0.0,0.000760063347400588,0.0,4.803549571694948e-08,0.0,0.016219973031575248,0.0,0.0,0000,0.004522314345619514,0.002259154127428797,24,25,1,Unanimous B/LB-directed,deployment_in_sample_not_validation,deployment
NC_000011.10:108244024:T:A,ATM,0,0.016100223271364563,0.0,0.015391212584005333,0.0,4.803549571694948e-08,0.0,0.03578641949598515,0.0,0.0,0000,0.016819475846712693,0.010099939644427054,24,25,1,Unanimous B/LB-directed,deployment_in_sample_not_validation,deployment
NC_000011.10:108248939:A:G,ATM,0,0.012092111232806294,0.0,0.0004462593045572248,0.0,4.803549571694948e-08,0.0,0.005466649416924307,0.0,0.0,0000,0.004501266997445886,0.002247193272294945,25,25,1,Unanimous B/LB-directed,deployment_in_sample_not_validation,deployment
NC_000011.10:108251005:G:A,ATM,0,0.00028029076197252293,0.0,2.272815888478374e-05,0.0,4.803549571694948e-08,0.0,0.008872430922492548,0.0,0.0,0000,0.002293874469711393,0.0010439428767223702,25,25,1,Unanimous B/LB-directed,deployment_in_sample_not_validation,deployment
NC_000011.10:108251864:C:G,ATM,0,0.003038993479960348,0.0,0.000162035653032287,0.0,4.803549571694948e-08,0.0,0.005016221292160765,0.0,0.0,0000,0.0020543246151622794,0.0009209313239501991,25,25,1,Unanimous B/LB-directed,deployment_in_sample_not_validation,deployment
NC_000011.10:108254033:T:C,ATM,0,0.0064845645197990145,0.0,4.22032269253271e-06,0.0,4.803549571694948e-08,0.0,0.005631816191990116,0.0,0.0,0000,0.003030162267494345,0.0014326264881507386,24,25,1,Unanimous B/LB-directed,deployment_in_sample_not_validation,deployment
NC_000011.10:108257591:A:C,ATM,0,0.002114644669644571,0.0,0.0008497922926823412,0.0,4.803549571694948e-08,0.0,0.00914888272608535,0.0,0.0,0000,0.0030283419309769946,0.0014316478296897042,25,25,1,Unanimous B/LB-directed,deployment_in_sample_not_validation,deployment
NC_000011.10:108259050:C:A,ATM,0,0.0036130204807288246,0.0,6.0345783721771595e-05,0.0,4.803549571694948e-08,0.0,0.006678278092686041,0.0,0.0,0000,0.0025879230981580886,0.0011973681198850956,25,25,1,Unanimous B/LB-directed,deployment_in_sample_not_validation,deployment
NC_000011.10:108267275:T:C,ATM,0,0.0007980544874064018,0.0,0.00015586924403134477,0.0,4.803549571694948e-08,0.0,0.004149608612191914,0.0,0.0,0000,0.0012758950947813444,0.0005359883847174807,25,25,1,Unanimous B/LB-directed,deployment_in_sample_not_validation,deployment
NC_000011.10:108267317:C:T,ATM,0,0.001965008372658283,0.0,3.800849915540527e-05,0.0,4.803549571694948e-08,0.0,0.004923797128266093,0.0,0.0,0000,0.0017317155088938745,0.0007584081541663553,24,25,1,Unanimous B/LB-directed,deployment_in_sample_not_validation,deployment
NC_000011.10:108271260:T:C,ATM,0,0.0008333574257624845,0.0,0.0016281461667124557,0.0,4.803549571694948e-08,0.0,0.020259679029622148,0.0,0.0,0000,0.005680307664398201,0.002928478136141349,25,25,1,Unanimous B/LB-directed,deployment_in_sample_not_validation,deployment
NC_000011.10:108272571:A:G,ATM,0,0.004004425823724117,0.0,5.302516614230825e-06,0.0,4.803549571694948e-08,0.0,0.0041496078136315714,0.0,0.0,0000,0.002039846047366409,0.0009135573653469647,25,25,1,Unanimous B/LB-directed,deployment_in_sample_not_validation,deployment
NC_000011.10:108272728:C:G,ATM,0,0.0001738696639614066,0.0,0.00017781652223653667,0.0,4.803549571694948e-08,0.0,0.010857575426549342,0.0,0.0,0000,0.0028023274120607504,0.0013107838491194007,24,25,1,Unanimous B/LB-directed,deployment_in_sample_not_validation,deployment
NC_000011.10:108279588:A:G,ATM,0,0.016760986919214783,0.0,0.0007683091332919545,0.0,4.803549571694948e-08,0.0,0.006139610459863694,0.0,0.0,0000,0.005917238636966537,0.003067950159389167,25,25,1,Unanimous B/LB-directed,deployment_in_sample_not_validation,deployment
NC_000011.10:108284404:G:A,ATM,0,0.00635195424308639,0.0,0.0001661629878782339,0.0,4.803549571694948e-08,0.0,0.006265298138169514,0.0,0.0,0000,0.003195865851157464,0.0015220491400410915,25,25,1,Unanimous B/LB-directed,deployment_in_sample_not_validation,deployment
NC_000011.10:108289004:C:T,ATM,0,0.0020239691483706695,0.0,1.7911423011144466e-05,0.0,4.803549571694948e-08,0.0,0.009370586222751134,0.0,0.0,0000,0.002853128707407166,0.001337836688481955,24,25,1,Unanimous B/LB-directed,deployment_in_sample_not_validation,deployment
NC_000011.10:108289622:C:T,ATM,0,0.0012912310777995109,0.0,0.0001218299777265937,0.0,4.803549571694948e-08,0.0,0.0063500221585351905,0.0,0.0,0000,0.001940782812389253,0.0008632998013891358,24,25,1,Unanimous B/LB-directed,deployment_in_sample_not_validation,deployment
NC_000011.10:108297325:A:G,ATM,0,0.0083802014804831,0.0,0.00013260137259958366,0.0,4.803549571694948e-08,0.0,0.005170784353602976,0.0,0.0,0000,0.0034209088105453442,0.0016445235422342802,25,25,1,Unanimous B/LB-directed,deployment_in_sample_not_validation,deployment
NC_000011.10:108304734:G:A,ATM,0,0.004190837664663255,0.0,0.0004029940522834418,0.0,4.803549571694948e-08,0.0,0.008202424124018356,0.0,0.0,0000,0.0031990759691151926,0.0015237879620857808,24,25,1,Unanimous B/LB-directed,deployment_in_sample_not_validation,deployment
NC_000011.10:108307914:G:A,ATM,0,0.012543405927432928,0.0,0.0010825308905174258,0.0,4.803549571694948e-08,0.0,0.006777113005528107,0.0,0.0,0000,0.005100774464743545,0.002590834363724967,25,25,1,Unanimous B/LB-directed,deployment_in_sample_not_validation,deployment
NC_000011.10:108309008:T:C,ATM,0,,,,,,,,,,,,,2,25,0,,deployment_in_sample_not_validation,deployment
NC_000011.10:108310217:G:C,ATM,0,0.1433402581626347,0.0,0.42783463145592837,0.0,0.00048312711292888204,0.0,0.07265211981629814,0.0,0.0,0000,0.16107753413694753,0.13708221667750356,25,25,1,Unanimous B/LB-directed,deployment_in_sample_not_validation,deployment
NC_000011.10:108312439:G:A,ATM,0,,,,,,,,,,,,,12,25,0,,deployment_in_sample_not_validation,deployment
NC_000011.10:108315903:A:G,ATM,0,0.004082969886278214,0.0,9.119338757712294e-05,0.0,4.803549571694948e-08,0.0,0.005116952802203115,0.0,0.0,0000,0.0023227910278885424,0.001058915866330026,25,25,1,Unanimous B/LB-directed,deployment_in_sample_not_validation,deployment
NC_000011.10:108317408:G:A,ATM,0,0.0051597022816945795,0.0,1.0153332068721859e-05,0.0,4.803549571694948e-08,0.0,0.004477412155037308,0.0,0.0,0000,0.002411828951074082,0.0011051801302851294,25,25,1,Unanimous B/LB-directed,deployment_in_sample_not_validation,deployment
NC_000011.10:108327663:T:C,ATM,0,0.0034470248438145334,0.0,0.0017803818971298395,0.0,4.803549571694948e-08,0.0,0.005332631359728465,0.0,0.0,0000,0.002640021534042139,0.0012248117410713116,25,25,1,Unanimous B/LB-directed,deployment_in_sample_not_validation,deployment
NC_000013.11:32325080:A:C,BRCA2,0,0.0056341553413943625,0.0,0.0008343764602941339,0.0,4.803549571694948e-08,0.0,0.0033648553048607494,0.0,0.0,0000,0.002458358785511241,0.0011294516139965206,22,25,1,Unanimous B/LB-directed,deployment_in_sample_not_validation,deployment
NC_000013.11:32326114:A:G,BRCA2,0,0.009070646546157916,0.0,0.00012173270864539751,0.0,4.803549571694948e-08,0.0,0.003993063262126415,0.0,0.0,0000,0.003296372638106361,0.0015766045128639181,22,25,1,Unanimous B/LB-directed,deployment_in_sample_not_validation,deployment
NC_000013.11:32326267:C:A,BRCA2,0,0.06479637089740348,0.0,0.4519149608934087,0.0,0.00024506674999696747,0.0,0.05351855621562437,0.0,0.0,0000,0.14261873868910838,0.11892651286087694,22,25,1,Unanimous B/LB-directed,deployment_in_sample_not_validation,deployment
NC_000013.11:32332308:T:G,BRCA2,0,0.022155708881655245,0.0,0.001799914922248283,0.0,7.846071509495876e-06,0.0,0.007923705617776507,0.0,0.0,0000,0.007971793873297384,0.00430810168735914,22,25,1,Unanimous B/LB-directed,deployment_in_sample_not_validation,deployment
NC_000013.11:32332333:T:C,BRCA2,0,0.010390399877137245,0.0,0.001335416062025417,0.0,7.846071509495876e-06,0.0,0.00969025695841324,0.0,0.0,0000,0.005355979742271349,0.002738889911512882,22,25,1,Unanimous B/LB-directed,deployment_in_sample_not_validation,deployment
NC_000013.11:32332420:T:A,BRCA2,0,0.006832442528841569,0.0,9.54764819719958e-05,0.0,4.803549571694948e-08,0.0,0.0034077785831347083,0.0,0.0,0000,0.0025839364073609976,0.0011952711953528243,22,25,1,Unanimous B/LB-directed,deployment_in_sample_not_validation,deployment
NC_000013.11:32332441:A:C,BRCA2,0,0.0030894207251069327,0.0,0.0015412601592755346,0.0,7.846071509495876e-06,0.0,0.004818207847223615,0.0,0.0,0000,0.0023641837007788947,0.0010803936991638295,22,25,1,Unanimous B/LB-directed,deployment_in_sample_not_validation,deployment
NC_000013.11:32332455:C:A,BRCA2,0,0.010216540988338886,0.0,0.00010933751517865787,0.0,4.803549571694948e-08,0.0,0.004163678611284975,0.0,0.0,0000,0.0036224012875745587,0.0017551378003028207,22,25,1,Unanimous B/LB-directed,deployment_in_sample_not_validation,deployment
NC_000013.11:32332517:A:G,BRCA2,0,0.0046918034446239406,0.0,0.0001877110165873542,0.0,4.803549571694948e-08,0.0,0.004184712601791335,0.0,0.0,0000,0.0022660687746245867,0.0010295696151924414,22,25,1,Unanimous B/LB-directed,deployment_in_sample_not_validation,deployment
NC_000013.11:32332600:C:T,BRCA2,0,0.008484158372657312,0.0,5.152926552660657e-05,0.0,4.803549571694948e-08,0.0,0.004590187531306256,0.0,0.0,0000,0.0032814808012464726,0.001568506430902882,22,25,1,Unanimous B/LB-directed,deployment_in_sample_not_validation,deployment
NC_000013.11:32332618:G:A,BRCA2,0,0.009681656966068581,0.0,0.00069923430554451,0.0,4.803549571694948e-08,0.0,0.0030861193520291042,0.0,0.0,0000,0.003366764664784478,0.001614951677445605,22,25,1,Unanimous B/LB-directed,deployment_in_sample_not_validation,deployment
NC_000013.11:32332628:C:T,BRCA2,0,0.009867130629641088,0.0,0.001689478480401765,0.0,4.803549571694948e-08,0.0,0.010560526152700886,0.0,0.0,0000,0.005529295824559863,0.0028400080501403825,22,25,1,Unanimous B/LB-directed,deployment_in_sample_not_validation,deployment
NC_000013.11:32332643:C:A,BRCA2,0,0.009606525166308402,0.0,4.3946697492331174e-05,0.0,4.803549571694948e-08,0.0,0.0037000468629318083,0.0,0.0,0000,0.0033376416905570644,0.001599072840083759,22,25,1,Unanimous B/LB-directed,deployment_in_sample_not_validation,deployment
NC_000013.11:32332658:A:C,BRCA2,0,0.007960881785815173,0.0,0.002215775537427016,0.0,4.803549571694948e-08,0.0,0.005260854610612191,0.0,0.0,0000,0.003859389992337524,0.0018863359412865251,22,25,1,Unanimous B/LB-directed,deployment_in_sample_not_validation,deployment
NC_000013.11:32332758:C:G,BRCA2,0,0.00631248173176442,0.0,0.0016466651654920993,0.0,4.803549571694948e-08,0.0,0.012640878960391894,0.0,0.0,0000,0.005150018473286033,0.0026193235305836194,22,25,1,Unanimous B/LB-directed,deployment_in_sample_not_validation,deployment
NC_000013.11:32332862:A:G,BRCA2,0,0.019231103572327553,0.0,0.002173876670747344,0.0,7.846071509495876e-06,0.0,0.008180175926241639,0.0,0.0,0000,0.007398250560206508,0.0039567417199927925,22,25,1,Unanimous B/LB-directed,deployment_in_sample_not_validation,deployment
NC_000013.11:32332991:T:C,BRCA2,0,0.006162770861224616,0.0,8.155635605669365e-05,0.0,4.803549571694948e-08,0.0,0.005032147141996358,0.0,0.0,0000,0.002819130598693346,0.001319724474790442,22,25,1,Unanimous B/LB-directed,deployment_in_sample_not_validation,deployment
NC_000013.11:32333015:A:G,BRCA2,0,0.031355926717685306,0.0,0.0024769966716244323,0.0,4.803549571694948e-08,0.0,0.007194180388885956,0.0,0.0,0000,0.010256787953422854,0.005742073041606643,22,25,1,Unanimous B/LB-directed,deployment_in_sample_not_validation,deployment
NC_000013.11:32333139:T:G,BRCA2,0,0.03342761753516055,0.0,0.014715879636912434,0.0,0.00013059340616197246,0.0,0.016391395238176867,0.0,0.0,0000,0.016166371454102955,0.009652932325923888,22,25,1,Unanimous B/LB-directed,deployment_in_sample_not_validation,deployment
NC_000013.11:32333221:A:C,BRCA2,0,0.009955132354266049,0.0,0.0009748844977552112,0.0,4.803549571694948e-08,0.0,0.005224775361020556,0.0,0.0,0000,0.004038710062134384,0.0019863611643819537,22,25,1,Unanimous B/LB-directed,deployment_in_sample_not_validation,deployment
NC_000013.11:32333263:G:C,BRCA2,0,0.009695597402408437,0.0,0.005857598197271457,0.0,4.803549571694948e-08,0.0,0.0076685071445409805,0.0,0.0,0000,0.005805437694929148,0.0030020372300449123,22,25,1,Unanimous B/LB-directed,deployment_in_sample_not_validation,deployment
NC_000013.11:32333269:A:G,BRCA2,0,0.010390150124452005,0.0,8.007727287864602e-05,0.0,4.803549571694948e-08,0.0,0.004192878867861052,0.0,0.0,0000,0.003665788575171855,0.0017790701809931799,22,25,1,Unanimous B/LB-directed,deployment_in_sample_not_validation,deployment
NC_000013.11:32333275:T:C,BRCA2,0,0.010512714108893066,0.0,0.001452809293514526,0.0,4.803549571694948e-08,0.0,0.003089102252878694,0.0,0.0,0000,0.0037636684226955005,0.0018332049019171566,22,25,1,Unanimous B/LB-directed,deployment_in_sample_not_validation,deployment
NC_000013.11:32333287:A:G,BRCA2,0,0.008003138776889681,0.0,0.006568588203848089,0.0,4.803549571694948e-08,0.0,0.007813633865354342,0.0,0.0,0000,0.0055963522203969565,0.0028792515010081666,22,25,1,Unanimous B/LB-directed,deployment_in_sample_not_validation,deployment
NC_000013.11:32333366:C:T,BRCA2,0,0.007395196365181222,0.0,3.4068554136420486e-05,0.0,4.803549571694948e-08,0.0,0.0036836166291374537,0.0,0.0,0000,0.0027782323959877034,0.001297976342954204,22,25,1,Unanimous B/LB-directed,deployment_in_sample_not_validation,deployment
NC_000013.11:32336318:C:G,BRCA2,0,0.01516498164109948,0.0,0.00017610009785349874,0.0,4.803549571694948e-08,0.0,0.004209179052076231,0.0,0.0,0000,0.004887577206631232,0.002467942449689679,22,25,1,Unanimous B/LB-directed,deployment_in_sample_not_validation,deployment
NC_000013.11:32336492:A:T,BRCA2,0,0.064817310246846,0.0,0.04758332577092935,0.0,1.1550125256579917e-05,0.0,0.020032499975100045,0.0,0.0,0000,0.033111171529532996,0.021943773662074697,22,25,1,Unanimous B/LB-directed,deployment_in_sample_not_validation,deployment
NC_000013.11:32336704:A:G,BRCA2,0,0.015327369875199863,0.0,0.0001850957856770362,0.0,1.1550125256579917e-05,0.0,0.0038328185571297043,0.0,0.0,0000,0.004839208585815796,0.002440164980938057,22,25,1,Unanimous B/LB-directed,deployment_in_sample_not_validation,deployment
NC_000013.11:32336770:G:C,BRCA2,0,0.037712659198679895,0.0,0.03426108567201938,0.0,7.846071509495876e-06,0.0,0.012457774681936826,0.0,0.0,0000,0.0211098414060364,0.013097466940782985,22,25,1,Unanimous B/LB-directed,deployment_in_sample_not_validation,deployment
NC_000013.11:32336825:T:C,BRCA2,0,0.06292733052920137,0.0,0.11797431142714203,0.0,4.803549571694948e-08,0.0,0.025949026864050314,0.0,0.0,0000,0.05171267921397236,0.036655547229343895,22,25,1,Unanimous B/LB-directed,deployment_in_sample_not_validation,deployment
NC_000013.11:32337034:G:A,BRCA2,0,0.04276605896153965,0.0,0.0020448278334418628,0.0,4.803549571694948e-08,0.0,0.006012404322741491,0.0,0.0,0000,0.012705834788304681,0.007331202241654524,22,25,1,Unanimous B/LB-directed,deployment_in_sample_not_validation,deployment
NC_000013.11:32337109:G:A,BRCA2,0,0.021108807207780814,0.0,0.05333238330765671,0.0,7.846071509495876e-06,0.0,0.011763993377665144,0.0,0.0,0000,0.02155325749115304,0.01341287577629477,22,25,1,Unanimous B/LB-directed,deployment_in_sample_not_validation,deployment
NC_000013.11:32337140:T:C,BRCA2,0,0.012935623299931778,0.0,0.002582476171274633,0.0,1.1550125256579917e-05,0.0,0.005023233344366947,0.0,0.0,0000,0.005138220735207484,0.00261249467916746,22,25,1,Unanimous B/LB-directed,deployment_in_sample_not_validation,deployment
NC_000013.11:32337157:G:A,BRCA2,0,0.016788086457143626,0.0,0.018322280250271147,0.0,4.803549571694948e-08,0.0,0.006170794070461744,0.0,0.0,0000,0.010320302203343058,0.005782645735829261,22,25,1,Unanimous B/LB-directed,deployment_in_sample_not_validation,deployment
NC_000013.11:32337157:G:C,BRCA2,0,0.06079252962361574,0.0,0.12969600307966475,0.0,4.803549571694948e-08,0.0,0.012760121791676599,0.0,0.0,0000,0.0508121756326132,0.035920387859870666,22,25,1,Unanimous B/LB-directed,deployment_in_sample_not_validation,deployment
NC_000013.11:32337280:T:A,BRCA2,0,0.01245151141326221,0.0,0.0003662169838748657,0.0,1.1550125256579917e-05,0.0,0.004401211925399558,0.0,0.0,0000,0.004307622611948303,0.0021375194095741208,22,25,1,Unanimous B/LB-directed,deployment_in_sample_not_validation,deployment
NC_000013.11:32337281:C:T,BRCA2,0,0.02863129018797005,0.0,0.0015190487799999557,0.0,4.803549571694948e-08,0.0,0.005318944411440215,0.0,0.0,0000,0.008867332853726484,0.0048638989745619955,22,25,1,Unanimous B/LB-directed,deployment_in_sample_not_validation,deployment
NC_000013.11:32337314:A:T,BRCA2,0,0.005374958258519623,0.0,0.0025230097885923374,0.0,0.0006037978083333766,0.0,0.004951064822943156,0.0,0.0,0000,0.0033632076695971234,0.0016130112563462634,22,25,1,Unanimous B/LB-directed,deployment_in_sample_not_validation,deployment
NC_000013.11:32337341:T:G,BRCA2,0,0.019338750641041763,0.0,0.0013433389065457405,0.0,7.846071509495876e-06,0.0,0.004365102792873182,0.0,0.0,0000,0.0062637596029925455,0.0032733494838935086,22,25,1,Unanimous B/LB-directed,deployment_in_sample_not_validation,deployment
NC_000013.11:32337409:C:G,BRCA2,0,0.017352835917696888,0.0,0.0020856830835524155,0.0,4.803549571694948e-08,0.0,0.007942698851718834,0.0,0.0,0000,0.006845316472115963,0.003621655255615362,22,25,1,Unanimous B/LB-directed,deployment_in_sample_not_validation,deployment
NC_000013.11:32337658:A:T,BRCA2,0,0.017398593134352196,0.0,0.019610204972379516,0.0,4.803549571694948e-08,0.0,0.005660638545364025,0.0,0.0,0000,0.010667371171897866,0.006004984582993256,22,25,1,Unanimous B/LB-directed,deployment_in_sample_not_validation,deployment
NC_000013.11:32337799:A:G,BRCA2,0,0.012889016139371004,0.0,0.0009512113576329728,0.0,4.803549571694948e-08,0.0,0.005980376822606697,0.0,0.0,0000,0.0049551630887765975,0.002506820676655319,22,25,1,Unanimous B/LB-directed,deployment_in_sample_not_validation,deployment
NC_000013.11:32337869:C:T,BRCA2,0,0.003007855349875942,0.0,9.170794536185687e-05,0.0,4.803549571694948e-08,0.0,0.004040737863043798,0.0,0.0,0000,0.0017850872984443284,0.0007850280810230453,22,25,1,Unanimous B/LB-directed,deployment_in_sample_not_validation,deployment
NC_000013.11:32337922:C:T,BRCA2,0,0.04701477105440508,0.0,0.00484007661306292,0.0,4.803549571694948e-08,0.0,0.009738790429019343,0.0,0.0,0000,0.015398421532995766,0.009130740761276599,22,25,1,Unanimous B/LB-directed,deployment_in_sample_not_validation,deployment
NC_000013.11:32337929:T:G,BRCA2,0,0.008388648485734992,0.0,0.0010363311632631054,0.0,7.846071509495876e-06,0.0,0.004659386558496795,0.0,0.0,0000,0.003523053069751097,0.0017004881761940455,22,25,1,Unanimous B/LB-directed,deployment_in_sample_not_validation,deployment
NC_000013.11:32337935:G:A,BRCA2,0,0.01079365728806944,0.0,0.0007607270171092167,0.0,7.846071509495876e-06,0.0,0.005256974234373296,0.0,0.0,0000,0.004204801152765362,0.0020795622496651077,22,25,1,Unanimous B/LB-directed,deployment_in_sample_not_validation,deployment
NC_000013.11:32338036:A:G,BRCA2,0,0.013222161260219899,0.0,0.03146515561393916,0.0,7.846071509495876e-06,0.0,0.010183839220684592,0.0,0.0,0000,0.013719750541588287,0.008002843941550087,22,25,1,Unanimous B/LB-directed,deployment_in_sample_not_validation,deployment
NC_000013.11:32338193:A:T,BRCA2,0,0.01376681730649816,0.0,0.010720771349627586,0.0,4.803549571694948e-08,0.0,0.005647173862356969,0.0,0.0,0000,0.0075337026384946085,0.004039382594732839,22,25,1,Unanimous B/LB-directed,deployment_in_sample_not_validation,deployment
NC_000013.11:32338223:G:A,BRCA2,0,0.001963571805623215,0.0,6.483726005097948e-05,0.0,4.803549571694948e-08,0.0,0.004179961442445679,0.0,0.0,0000,0.0015521046359038976,0.0006696686877662176,22,25,1,Unanimous B/LB-directed,deployment_in_sample_not_validation,deployment
NC_000013.11:32338415:C:T,BRCA2,0,0.011229422414441791,0.0,0.0007836040052160998,0.0,7.846071509495876e-06,0.0,0.003540807274028081,0.0,0.0,0000,0.003890419941298867,0.0019035990322561875,22,25,1,Unanimous B/LB-directed,deployment_in_sample_not_validation,deployment
NC_000013.11:32338444:A:C,BRCA2,0,0.012980055591276017,0.0,1.3723820965221726e-05,0.0,4.803549571694948e-08,0.0,0.003689053409431342,0.0,0.0,0000,0.004170720214292074,0.0020603953170802098,22,25,1,Unanimous B/LB-directed,deployment_in_sample_not_validation,deployment
NC_000013.11:32338448:G:A,BRCA2,0,0.0183305069104899,0.0,0.0013305272766473053,0.0,4.803549571694948e-08,0.0,0.004623608539092109,0.0,0.0,0000,0.006071172690431257,0.0031589902284176034,22,25,1,Unanimous B/LB-directed,deployment_in_sample_not_validation,deployment
NC_000013.11:32338541:A:G,BRCA2,0,0.014784258731827156,0.0,0.0001249928656398497,0.0,4.803549571694948e-08,0.0,0.0043942555137688214,0.0,0.0,0000,0.004825888786682886,0.002432522410009706,22,25,1,Unanimous B/LB-directed,deployment_in_sample_not_validation,deployment
NC_000013.11:32338595:C:T,BRCA2,0,0.025240358780823452,0.0,0.0006174143676331191,0.0,4.803549571694948e-08,0.0,0.0036046428205994043,0.0,0.0,0000,0.007365616001137923,0.003936863006609037,22,25,1,Unanimous B/LB-directed,deployment_in_sample_not_validation,deployment
NC_000013.11:32338612:G:T,BRCA2,0,0.004928115307471092,0.0,9.362091884357856e-05,0.0,4.803549571694948e-08,0.0,0.0056551396217345545,0.0,0.0,0000,0.002669230970886236,0.0012402311213389674,22,25,1,Unanimous B/LB-directed,deployment_in_sample_not_validation,deployment
NC_000013.11:32338939:G:A,BRCA2,0,0.05307183899944924,0.0,0.15917971927538277,0.0,0.0002587477063123878,0.0,0.042583693303583706,0.0,0.0,0000,0.06377349982118202,0.046694824313319665,22,25,1,Unanimous B/LB-directed,deployment_in_sample_not_validation,deployment
NC_000013.11:32339133:A:C,BRCA2,0,0.005505434988749805,0.0,0.00012814407153437154,0.0,4.803549571694948e-08,0.0,0.008588953274978831,0.0,0.0,0000,0.003555645092689681,0.0017183931200228904,22,25,1,Unanimous B/LB-directed,deployment_in_sample_not_validation,deployment
NC_000013.11:32339424:A:C,BRCA2,0,0.013102583391860972,0.0,0.03287211662965618,0.0,4.803549571694948e-08,0.0,0.013719347487333795,0.0,0.0,0000,0.014923523886086667,0.00880972796968365,22,25,1,Unanimous B/LB-directed,deployment_in_sample_not_validation,deployment
NC_000013.11:32339449:G:A,BRCA2,0,0.010565033754308062,0.0,0.0012016256591941997,0.0,4.803549571694948e-08,0.0,0.004189229970786229,0.0,0.0,0000,0.003988984354946052,0.0019585607517642704,22,25,1,Unanimous B/LB-directed,deployment_in_sample_not_validation,deployment
NC_000013.11:32339524:A:G,BRCA2,0,0.020547205965704914,0.0,0.00037084984970024433,0.0,4.803549571694948e-08,0.0,0.004073357590674274,0.0,0.0,0000,0.006247865360393787,0.0032638923564057357,22,25,1,Unanimous B/LB-directed,deployment_in_sample_not_validation,deployment
NC_000013.11:32339552:C:T,BRCA2,0,0.01221026977072599,0.0,0.005751425155953661,0.0,4.803549571694948e-08,0.0,0.006456519994627402,0.0,0.0,0000,0.006104565739200692,0.003178782964625745,22,25,1,Unanimous B/LB-directed,deployment_in_sample_not_validation,deployment
NC_000013.11:32339666:G:A,BRCA2,0,0.013886121363953079,0.0,0.0016881554831889726,0.0,4.803549571694948e-08,0.0,0.004967088969418807,0.0,0.0,0000,0.005135353463014144,0.0026108353564831717,22,25,1,Unanimous B/LB-directed,deployment_in_sample_not_validation,deployment
NC_000013.11:32339809:C:T,BRCA2,0,0.01220800587703742,0.0,0.00017690327755668535,0.0,4.803549571694948e-08,0.0,0.004302038133054656,0.0,0.0,0000,0.004171748830786119,0.002060973486260041,22,25,1,Unanimous B/LB-directed,deployment_in_sample_not_validation,deployment
NC_000013.11:32339828:C:T,BRCA2,0,0.012038426786335796,0.0,0.001321677643174677,0.0,4.803549571694948e-08,0.0,0.009652009693996003,0.0,0.0,0000,0.005753040539750548,0.0029712074986625683,22,25,1,Unanimous B/LB-directed,deployment_in_sample_not_validation,deployment
NC_000013.11:32339906:T:G,BRCA2,0,0.025421431104091837,0.0,0.00788704931829047,0.0,7.846071509495876e-06,0.0,0.008596113173579827,0.0,0.0,0000,0.010478109916867909,0.00588360852011297,22,25,1,Unanimous B/LB-directed,deployment_in_sample_not_validation,deployment
NC_000013.11:32339988:C:G,BRCA2,0,0.011105140255600698,0.0,0.0033493093390983037,0.0,2.2533855864021865e-05,0.0,0.007897526096874843,0.0,0.0,0000,0.005593627386859467,0.00287765554908046,22,25,1,Unanimous B/LB-directed,deployment_in_sample_not_validation,deployment
NC_000013.11:32339994:T:G,BRCA2,0,0.018150291207708304,0.0,0.000796722450369303,0.0,4.803549571694948e-08,0.0,0.00617920522048887,0.0,0.0,0000,0.006281566728515549,0.0032839488122802054,22,25,1,Unanimous B/LB-directed,deployment_in_sample_not_validation,deployment
NC_000013.11:32340064:C:G,BRCA2,0,0.004591199672913946,0.0,0.001433498083730755,0.0,7.846071509495876e-06,0.0,0.005535160898344367,0.0,0.0,0000,0.002891926181624641,0.0013585422388017018,22,25,1,Unanimous B/LB-directed,deployment_in_sample_not_validation,deployment
NC_000013.11:32340106:C:T,BRCA2,0,0.019170233527597655,0.0,0.0032592072356947594,0.0,1.1550125256579917e-05,0.0,0.007860854851646556,0.0,0.0,0000,0.007575461435048887,0.004064902968072287,22,25,1,Unanimous B/LB-directed,deployment_in_sample_not_validation,deployment
NC_000013.11:32340107:A:G,BRCA2,0,0.01265272760262026,0.0,0.004633918726443457,0.0,2.2533855864021865e-05,0.0,0.006828109546333021,0.0,0.0,0000,0.00603432243281519,0.0031371661705826546,22,25,1,Unanimous B/LB-directed,deployment_in_sample_not_validation,deployment
NC_000013.11:32340122:A:C,BRCA2,0,0.0059695989776218225,0.0,0.0005087197901524094,0.0,1.1550125256579917e-05,0.0,0.004914504061721574,0.0,0.0,0000,0.0028510932386880965,0.0013367514647086996,22,25,1,Unanimous B/LB-directed,deployment_in_sample_not_validation,deployment
NC_000013.11:32340139:A:G,BRCA2,0,0.034584626349173225,0.0,0.0006123812718841338,0.0,1.1550125256579917e-05,0.0,0.004642291521296462,0.0,0.0,0000,0.009962712316902602,0.005554693768691587,22,25,1,Unanimous B/LB-directed,deployment_in_sample_not_validation,deployment
NC_000013.11:32340233:G:A,BRCA2,0,0.006492466264949936,0.0,0.0005575226439395776,0.0,4.803549571694948e-08,0.0,0.0036037961281798984,0.0,0.0,0000,0.0026634582681412822,0.0012371819092868123,22,25,1,Unanimous B/LB-directed,deployment_in_sample_not_validation,deployment
NC_000013.11:32340454:C:T,BRCA2,0,0.017278949170620044,0.0,0.000296494361421302,0.0,4.803549571694948e-08,0.0,0.0069884684697295455,0.0,0.0,0000,0.0061409900093166514,0.003200389805911607,22,25,1,Unanimous B/LB-directed,deployment_in_sample_not_validation,deployment
NC_000013.11:32340497:A:T,BRCA2,0,0.014898212881556929,0.0,0.00568027897355011,0.0,4.803549571694948e-08,0.0,0.00987247886959936,0.0,0.0,0000,0.007612754690050528,0.0040877112195859995,22,25,1,Unanimous B/LB-directed,deployment_in_sample_not_validation,deployment
NC_000013.11:32340574:C:A,BRCA2,0,0.01036039733138419,0.0,0.004269907376413455,0.0,4.803549571694948e-08,0.0,0.0050101201458479655,0.0,0.0,0000,0.004910118222285331,0.002480900657128067,22,25,1,Unanimous B/LB-directed,deployment_in_sample_not_validation,deployment
NC_000013.11:32340644:C:T,BRCA2,0,0.04791224435659183,0.0,0.036982323130393624,0.0,4.803549571694948e-08,0.0,0.012002768271122871,0.0,0.0,0000,0.024224345948401012,0.015333139799896802,22,25,1,Unanimous B/LB-directed,deployment_in_sample_not_validation,deployment
NC_000013.11:32340676:C:T,BRCA2,0,0.012658621905760557,0.0,0.000756149854371581,0.0,4.803549571694948e-08,0.0,0.006128698485829068,0.0,0.0,0000,0.004885879570364231,0.0024669668642923782,22,25,1,Unanimous B/LB-directed,deployment_in_sample_not_validation,deployment
NC_000013.11:32340677:G:A,BRCA2,0,0.015273729189752406,0.0,0.0001534475867779313,0.0,4.803549571694948e-08,0.0,0.004968850126874922,0.0,0.0,0000,0.0050990187347252445,0.0025898193307724335,22,25,1,Unanimous B/LB-directed,deployment_in_sample_not_validation,deployment
NC_000013.11:32340692:A:G,BRCA2,0,0.019055582945070048,0.0,0.00027216953436571975,0.0,4.803549571694948e-08,0.0,0.005600429932586336,0.0,0.0,0000,0.006232057611879455,0.0032544900650775307,22,25,1,Unanimous B/LB-directed,deployment_in_sample_not_validation,deployment
NC_000013.11:32340701:A:G,BRCA2,0,0.005834709953239315,0.0,0.00011008805580733512,0.0,4.803549571694948e-08,0.0,0.005579654981327599,0.0,0.0,0000,0.0028811252564674913,0.0013527740835302914,22,25,1,Unanimous B/LB-directed,deployment_in_sample_not_validation,deployment
NC_000013.11:32340809:C:A,BRCA2,0,0.018191862202194892,0.0,0.00434976098198293,0.0,4.803549571694948e-08,0.0,0.005600785619626799,0.0,0.0,0000,0.007035614209825084,0.0037365601283504348,22,25,1,Unanimous B/LB-directed,deployment_in_sample_not_validation,deployment
NC_000013.11:32341102:A:G,BRCA2,0,0.01468979551846475,0.0,0.005570914488971752,0.0,4.803549571694948e-08,0.0,0.007932796250648359,0.0,0.0,0000,0.007048388573395145,0.0037442894396470536,22,25,1,Unanimous B/LB-directed,deployment_in_sample_not_validation,deployment
NC_000013.11:32344568:A:G,BRCA2,0,0.0014103628925989274,0.0,5.784915168770264e-05,0.0,4.803549571694948e-08,0.0,0.005271440754302034,0.0,0.0,0000,0.0016849252085210952,0.0007351632483951395,22,25,1,Unanimous B/LB-directed,deployment_in_sample_not_validation,deployment
NC_000013.11:32344650:A:T,BRCA2,0,0.025514541218027195,0.0,0.03567408974509293,0.0,4.803549571694948e-08,0.0,0.0639088295188921,0.0,0.0,0000,0.03127437712937699,0.020551906113971324,22,25,1,Unanimous B/LB-directed,deployment_in_sample_not_validation,deployment
NC_000013.11:32346841:G:A,BRCA2,0,0.19034720697807178,0.0,0.5519375961729834,0.0,4.803549571694948e-08,0.0,0.055057872162089086,0.0,0.0,0000,0.19933568083716,0.17583964447728545,22,25,1,Unanimous B/LB-directed,deployment_in_sample_not_validation,deployment
NC_000013.11:32354904:C:G,BRCA2,0,0.014625467654260394,0.0,0.002931769961919062,0.0,1.1550125256579917e-05,0.0,0.009634620802100128,0.0,0.0,0000,0.00680085213588404,0.0035948717466566292,22,25,1,Unanimous B/LB-directed,deployment_in_sample_not_validation,deployment
NC_000013.11:32354909:G:C,BRCA2,0,0.021547853938715313,0.0,0.013800539064294627,0.0,4.803549571694948e-08,0.0,0.018021534497418907,0.0,0.0,0000,0.013342493883981142,0.007752061398345956,22,25,1,Unanimous B/LB-directed,deployment_in_sample_not_validation,deployment
NC_000013.11:32355002:C:A,BRCA2,0,0.018262176889105138,0.0,0.004509860245952848,0.0,4.803549571694948e-08,0.0,0.005880966814637769,0.0,0.0,0000,0.007163262996297868,0.0038138848599852957,22,25,1,Unanimous B/LB-directed,deployment_in_sample_not_validation,deployment
NC_000013.11:32355084:A:C,BRCA2,0,0.004179970862252283,0.0,0.068926997447054,0.0,4.803549571694948e-08,0.0,0.024089535940211605,0.0,0.0,0000,0.024299138071253404,0.015387391284974647,22,25,1,Unanimous B/LB-directed,deployment_in_sample_not_validation,deployment
NC_000013.11:32355159:A:T,BRCA2,0,0.05016843236362188,0.0,0.019472709915272453,0.0,0.0003677748323195352,0.0,0.03666977369069189,0.0,0.0,0000,0.02666967270047644,0.01711980358355208,22,25,1,Unanimous B/LB-directed,deployment_in_sample_not_validation,deployment
NC_000013.11:32356496:G:A,BRCA2,0,0.026481100836007965,0.0,0.020573345069477444,0.0,4.803549571694948e-08,0.0,0.008005982610183012,0.0,0.0,0000,0.013765119137791035,0.008033071555893575,22,25,1,Unanimous B/LB-directed,deployment_in_sample_not_validation,deployment
NC_000013.11:32356525:C:T,BRCA2,0,0.0012776171900966472,0.0,0.02229169621801601,0.0,4.803549571694948e-08,0.0,0.006986739010956614,0.0,0.0,0000,0.007639025113641247,0.00410378755518656,22,25,1,Unanimous B/LB-directed,deployment_in_sample_not_validation,deployment
NC_000013.11:32356535:C:T,BRCA2,0,0.002016069065375423,0.0,0.00251017947656343,0.0,4.803549571694948e-08,0.0,0.012953373946834225,0.0,0.0,0000,0.004369917631067199,0.0021727275574551673,22,25,1,Unanimous B/LB-directed,deployment_in_sample_not_validation,deployment
NC_000013.11:32356550:G:A,BRCA2,0,0.0648195663377506,0.0,0.20114037262975146,0.0,0.0006037978083333766,0.0,0.04642325850600921,0.0,0.0,0000,0.07824674882046115,0.05916723636318423,22,25,1,Unanimous B/LB-directed,deployment_in_sample_not_validation,deployment
NC_000013.11:32357882:C:T,BRCA2,0,0.629015595208043,1.0,0.7189735689928173,1.0,0.0005188060797411097,0.0,0.06954178542896614,0.0,2.0,1100,0.35451243892739187,0.3437775330629189,22,25,1,Mixed votes,deployment_in_sample_not_validation,deployment
NC_000013.11:32363195:A:G,BRCA2,0,0.004491580521156632,0.0,0.04950644246411601,0.0,5.147840602334674e-05,0.0,0.033944459614709606,0.0,0.0,0000,0.0219984902515014,0.013730566062328935,22,25,1,Unanimous B/LB-directed,deployment_in_sample_not_validation,deployment
NC_000013.11:32363228:T:C,BRCA2,0,0.03073242350577756,0.0,0.14164888271298975,0.0,7.846071509495876e-06,0.0,0.030596459880156992,0.0,0.0,0000,0.050746403042608454,0.035866775122580255,22,25,1,Unanimous B/LB-directed,deployment_in_sample_not_validation,deployment
NC_000013.11:32363350:G:T,BRCA2,0,0.0014556524356198698,0.0,0.00034641129550981196,0.0,4.803549571694948e-08,0.0,0.004982618111500366,0.0,0.0,0000,0.0016961824695314411,0.0007407477285439075,22,25,1,Unanimous B/LB-directed,deployment_in_sample_not_validation,deployment
NC_000013.11:32363383:G:A,BRCA2,0,0.014170805911395608,0.0,0.00018585301991019297,0.0,4.803549571694948e-08,0.0,0.004905099139108272,0.0,0.0,0000,0.004815451526477448,0.002426535833965783,22,25,1,Unanimous B/LB-directed,deployment_in_sample_not_validation,deployment
NC_000013.11:32363388:G:T,BRCA2,0,0.010988655213863443,0.0,0.018434543598487858,0.0,4.803549571694948e-08,0.0,0.021899218826212173,0.0,0.0,0000,0.012830616418514799,0.007413450358709538,22,25,1,Unanimous B/LB-directed,deployment_in_sample_not_validation,deployment
NC_000013.11:32370970:T:C,BRCA2,0,0.022158782660630504,0.0,0.008162807654191409,0.0,1.1550125256579917e-05,0.0,0.005226534197596718,0.0,0.0,0000,0.008889918659418803,0.004878024094248046,22,25,1,Unanimous B/LB-directed,deployment_in_sample_not_validation,deployment
NC_000013.11:32370992:G:A,BRCA2,0,0.7228974985474584,1.0,0.7293116036330223,1.0,4.803549571694948e-08,0.0,0.08421779665543555,0.0,2.0,1100,0.38410673671785306,0.37702619847489993,22,25,1,Mixed votes,deployment_in_sample_not_validation,deployment
NC_000013.11:32379466:G:A,BRCA2,0,0.01683946708341918,0.0,0.009182693119742204,0.0,4.803549571694948e-08,0.0,0.008689920897601178,0.0,0.0,0000,0.00867803228406457,0.004745714491111477,22,25,1,Unanimous B/LB-directed,deployment_in_sample_not_validation,deployment
NC_000013.11:32379478:C:T,BRCA2,0,0.03409366228338103,0.0,0.07382919160182265,0.0,4.803549571694948e-08,0.0,0.013916711671868098,0.0,0.0,0000,0.030459903398141874,0.019938756297062654,22,25,1,Unanimous B/LB-directed,deployment_in_sample_not_validation,deployment
NC_000013.11:32379767:G:A,BRCA2,0,0.017507463112878145,0.0,0.0748116358919005,0.0,4.803549571694948e-08,0.0,0.01732895345872249,0.0,0.0,0000,0.02741202512474921,0.0176673105255802,22,25,1,Unanimous B/LB-directed,deployment_in_sample_not_validation,deployment
NC_000013.11:32379833:C:T,BRCA2,0,0.015460818419664223,0.0,0.004750506184647224,0.0,0.00013059340616197246,0.0,0.011085114242064592,0.0,0.0,0000,0.007856758063134503,0.004237331560383804,22,25,1,Unanimous B/LB-directed,deployment_in_sample_not_validation,deployment
NC_000013.11:32380123:G:A,BRCA2,0,0.02555823592873481,0.0,0.001688357812311474,0.0,1.1550125256579917e-05,0.0,0.013857695507776283,0.0,0.0,0000,0.010278959843519786,0.005756232263732778,22,25,1,Unanimous B/LB-directed,deployment_in_sample_not_validation,deployment
NC_000013.11:32394723:T:C,BRCA2,0,0.007474985775738451,0.0,0.012146270626883362,0.0,4.803549571694948e-08,0.0,0.00866873275224656,0.0,0.0,0000,0.007072509297591022,0.0037588894495157654,22,25,1,Unanimous B/LB-directed,deployment_in_sample_not_validation,deployment
NC_000015.10:90749521:G:C,BLM,0,0.014940875969915111,0.0,0.00386321737192322,0.0,4.803549571694948e-08,0.0,0.007317132986350737,0.0,0.0,0000,0.006530318590921196,0.0034324530607632055,24,25,1,Unanimous B/LB-directed,deployment_in_sample_not_validation,deployment
NC_000015.10:90749677:A:G,BLM,0,0.004578453594799612,0.0,0.00012782895159220843,0.0,4.803549571694948e-08,0.0,0.006009160912883356,0.0,0.0,0000,0.0026788728736927237,0.001245326124717936,24,25,1,Unanimous B/LB-directed,deployment_in_sample_not_validation,deployment
NC_000015.10:90751879:C:T,BLM,0,0.011653254781131685,0.0,0.004836648000881965,0.0,4.803549571694948e-08,0.0,0.004348698590046649,0.0,0.0,0000,0.0052096623518890035,0.002653880577148464,25,25,1,Unanimous B/LB-directed,deployment_in_sample_not_validation,deployment
NC_000015.10:90782868:C:T,BLM,0,0.0027835559443082345,0.0,0.0003046834503802216,0.0,4.803549571694948e-08,0.0,0.009405041946203662,0.0,0.0,0000,0.0031233323440969588,0.0014828249618685555,24,25,1,Unanimous B/LB-directed,deployment_in_sample_not_validation,deployment
NC_000015.10:90794208:A:G,BLM,0,0.00037597014072986097,0.0,0.01267596590823675,0.0,4.803549571694948e-08,0.0,0.009474274872609557,0.0,0.0,0000,0.005631564739267972,0.0028998855197693717,25,25,1,Unanimous B/LB-directed,deployment_in_sample_not_validation,deployment
NC_000015.10:90794274:C:A,BLM,0,0.0015555810401862498,0.0,0.010516942684848608,0.0,4.803549571694948e-08,0.0,0.014743951884981534,0.0,0.0,0000,0.006704130911378028,0.0035366966874997743,25,25,1,Unanimous B/LB-directed,deployment_in_sample_not_validation,deployment
NC_000015.10:90804199:G:A,BLM,0,0.005531215530329767,0.0,0.004683582609749918,0.0,4.803549571694948e-08,0.0,0.0042204375184649165,0.0,0.0,0000,0.0036088209235100796,0.001747655055749265,25,25,1,Unanimous B/LB-directed,deployment_in_sample_not_validation,deployment
NC_000015.10:90804220:G:A,BLM,0,0.005169858806884242,0.0,0.0008030980516363561,0.0,4.803549571694948e-08,0.0,0.011370579713348605,0.0,0.0,0000,0.00433589615184123,0.002153490404460702,25,25,1,Unanimous B/LB-directed,deployment_in_sample_not_validation,deployment
NC_000015.10:90811290:G:A,BLM,0,0.026364138265684067,0.0,0.0009532974232259171,0.0,4.803549571694948e-08,0.0,0.004468443610717846,0.0,0.0,0000,0.007946481833780886,0.004292517124295873,24,25,1,Unanimous B/LB-directed,deployment_in_sample_not_validation,deployment
NC_000016.10:23607964:C:G,PALB2,0,0.003991934125203891,0.0,0.00013943683797411493,0.0,4.803549571694948e-08,0.0,0.005515442113931314,0.0,0.0,0000,0.002411715278151259,0.001105120913372426,24,25,1,Unanimous B/LB-directed,deployment_in_sample_not_validation,deployment
NC_000016.10:23621420:C:G,PALB2,0,0.0014167728132049586,0.0,0.002165150833528539,0.0,4.803549571694948e-08,0.0,0.004801281502579398,0.0,0.0,0000,0.0020958132962021533,0.0009421010758947901,25,25,1,Unanimous B/LB-directed,deployment_in_sample_not_validation,deployment
NC_000016.10:23622971:C:T,PALB2,0,0.002308786566842944,0.0,0.0001545068871533759,0.0,4.803549571694948e-08,0.0,0.009809976818427057,0.0,0.0,0000,0.0030683295769797733,0.0014531648912769364,24,25,1,Unanimous B/LB-directed,deployment_in_sample_not_validation,deployment
NC_000016.10:23624048:C:T,PALB2,0,0.0031864230563942884,0.0,0.00015971132033798974,0.0,4.803549571694948e-08,0.0,0.007940317169905382,0.0,0.0,0000,0.002821624895533344,0.0013210522679932802,25,25,1,Unanimous B/LB-directed,deployment_in_sample_not_validation,deployment
NC_000016.10:23626393:G:A,PALB2,0,0.0023991975613985497,0.0,0.00010642917510396026,0.0,4.803549571694948e-08,0.0,0.0063051421558504754,0.0,0.0,0000,0.002202704231962176,0.000996906523852175,25,25,1,Unanimous B/LB-directed,deployment_in_sample_not_validation,deployment
NC_000016.10:23630018:G:A,PALB2,0,0.007221203142026101,0.0,2.6040884085318457e-06,0.0,4.803549571694948e-08,0.0,0.0040910508984545275,0.0,0.0,0000,0.002828726541096219,0.001324833588154975,25,25,1,Unanimous B/LB-directed,deployment_in_sample_not_validation,deployment
NC_000016.10:23630126:A:G,PALB2,0,0.010703024361875365,0.0,3.926889608953468e-06,0.0,4.803549571694948e-08,0.0,0.004884188905261638,0.0,0.0,0000,0.003897797048060418,0.0019077060151811245,25,25,1,Unanimous B/LB-directed,deployment_in_sample_not_validation,deployment
NC_000016.10:23630139:C:G,PALB2,0,0.0009597942783734396,0.0,0.000174844444059825,0.0,4.803549571694948e-08,0.0,0.006343355793166568,0.0,0.0,0000,0.0018695106377738875,0.0008273581088350553,24,25,1,Unanimous B/LB-directed,deployment_in_sample_not_validation,deployment
NC_000016.10:23634869:T:C,PALB2,0,0.008063733625272086,0.0,4.8456897012927185e-05,0.0,4.803549571694948e-08,0.0,0.004289578340442326,0.0,0.0,0000,0.003100454224555764,0.0014704791359760082,24,25,1,Unanimous B/LB-directed,deployment_in_sample_not_validation,deployment
NC_000016.10:23635620:T:C,PALB2,0,0.018569640930655655,0.0,1.2987083214921198e-05,0.0,4.803549571694948e-08,0.0,0.004705348258427032,0.0,0.0,0000,0.005822006076948331,0.0030117940096428433,25,25,1,Unanimous B/LB-directed,deployment_in_sample_not_validation,deployment
NC_000016.10:23635824:T:C,PALB2,0,0.011562986918155044,0.0,2.336290871472501e-06,0.0,4.803549571694948e-08,0.0,0.004709978309104617,0.0,0.0,0000,0.004068837388406713,0.002003227886598872,25,25,1,Unanimous B/LB-directed,deployment_in_sample_not_validation,deployment
NC_000016.10:68737422:C:G,CDH1,0,0.0012000922037130276,0.0,0.0010885298157623385,0.0,4.803549571694948e-08,0.0,0.011035257584734795,0.0,0.0,0000,0.0033309819099264695,0.0015954443972718416,24,25,1,Unanimous B/LB-directed,deployment_in_sample_not_validation,deployment
NC_000016.10:68738335:C:A,CDH1,0,0.0011745304609592317,0.0,0.0018726186213926237,0.0,4.803549571694948e-08,0.0,0.005679820784213739,0.0,0.0,0000,0.002181754475515328,0.000986135639103585,24,25,1,Unanimous B/LB-directed,deployment_in_sample_not_validation,deployment
NC_000016.10:68738372:C:T,CDH1,0,0.007864896745459487,0.0,0.017302602195011566,0.0,4.803549571694948e-08,0.0,0.01947648318691867,0.0,0.0,0000,0.01116100754072136,0.006323017219158226,24,25,1,Unanimous B/LB-directed,deployment_in_sample_not_validation,deployment
NC_000016.10:68801669:T:G,CDH1,0,0.22433519265750326,0.0,0.358794092598484,0.0,0.00048312711292888204,0.0,0.04490578759443541,0.0,0.0,0000,0.1571295499908379,0.13316688589243145,24,25,1,Unanimous B/LB-directed,deployment_in_sample_not_validation,deployment
NC_000016.10:68801689:G:A,CDH1,0,0.011149191496940174,0.0,0.030946459089730094,0.0,4.803549571694948e-08,0.0,0.035718631422131296,0.0,0.0,0000,0.01945358251107432,0.011928315050997777,24,25,1,Unanimous B/LB-directed,deployment_in_sample_not_validation,deployment
NC_000016.10:68801693:G:A,CDH1,0,0.0015378145755338293,0.0,0.0003070006313069092,0.0,2.3013136611602433e-05,0.0,0.007334044494840357,0.0,0.0,0000,0.0023004682095731743,0.0010473548353098893,24,25,1,Unanimous B/LB-directed,deployment_in_sample_not_validation,deployment
NC_000016.10:68801719:G:A,CDH1,0,0.004969244231457486,0.0,0.017581416607507745,0.0,0.00033987593964934006,0.0,0.025069698248795118,0.0,0.0,0000,0.011990058756852422,0.006861713660037075,24,25,1,Unanimous B/LB-directed,deployment_in_sample_not_validation,deployment
NC_000016.10:68801774:G:A,CDH1,0,0.0019919451440876686,0.0,0.00032506225857646865,0.0,4.803549571694948e-08,0.0,0.005462852433943612,0.0,0.0,0000,0.0019449769680258665,0.0008654205904043183,24,25,1,Unanimous B/LB-directed,deployment_in_sample_not_validation,deployment
NC_000016.10:68801809:G:A,CDH1,0,0.0004944357058894906,0.0,0.00023599378462498907,0.0,0.00019699462472521324,0.0,0.01015118195043401,0.0,0.0,0000,0.0027696515164184255,0.0012934189505852004,24,25,1,Unanimous B/LB-directed,deployment_in_sample_not_validation,deployment
NC_000016.10:68801875:C:T,CDH1,0,0.007234957846952871,0.0,0.00884813108151273,0.0,2.3013136611602433e-05,0.0,0.010749363291717705,0.0,0.0,0000,0.006713866339198727,0.0035425469159204082,24,25,1,Unanimous B/LB-directed,deployment_in_sample_not_validation,deployment
NC_000016.10:68808534:G:A,CDH1,0,0.005165541564460009,0.0,0.07986524523231343,0.0,4.803549571694948e-08,0.0,0.012751281584105288,0.0,0.0,0000,0.024445529104093616,0.015493651790046472,25,25,1,Unanimous B/LB-directed,deployment_in_sample_not_validation,deployment
NC_000016.10:68808706:A:C,CDH1,0,0.004884286659416038,0.0,0.001070927588392332,0.0,4.803549571694948e-08,0.0,0.008194237563699887,0.0,0.0,0000,0.0035373749617509933,0.0017083533100905105,25,25,1,Unanimous B/LB-directed,deployment_in_sample_not_validation,deployment
NC_000016.10:68808764:G:A,CDH1,0,0.006606862052074777,0.0,0.00010681467867604464,0.0,2.3013136611602433e-05,0.0,0.00576548275542716,0.0,0.0,0000,0.0031255431556973957,0.0014840186584656279,24,25,1,Unanimous B/LB-directed,deployment_in_sample_not_validation,deployment
NC_000016.10:68808830:C:T,CDH1,0,0.017223652165156936,0.0,0.0003469990011592262,0.0,4.803549571694948e-08,0.0,0.006925607969391196,0.0,0.0,0000,0.006124076792800769,0.0031903546449304552,25,25,1,Unanimous B/LB-directed,deployment_in_sample_not_validation,deployment
NC_000016.10:68810316:T:G,CDH1,0,0.0030805535567522677,0.0,0.00360365873022916,0.0,4.803549571694948e-08,0.0,0.03200893353821415,0.0,0.0,0000,0.009673298465172824,0.0053710614696723,25,25,1,Unanimous B/LB-directed,deployment_in_sample_not_validation,deployment
NC_000016.10:68811742:G:A,CDH1,0,0.0003301539163841407,0.0,0.0041472606928262745,0.0,4.803549571694948e-08,0.0,0.011467159639319387,0.0,0.0,0000,0.00398615557100638,0.001956980695478054,25,25,1,Unanimous B/LB-directed,deployment_in_sample_not_validation,deployment
NC_000016.10:68811854:G:A,CDH1,0,0.1863469026323623,0.0,0.3623787792536089,0.0,0.0007163687615909804,0.0,0.05043118193571458,0.0,0.0,0000,0.14996830814581918,0.12610891120832882,25,25,1,Unanimous B/LB-directed,deployment_in_sample_not_validation,deployment
NC_000016.10:68812143:A:G,CDH1,0,0.00191813454907217,0.0,1.952014118102797e-05,0.0,4.803549571694948e-08,0.0,0.0048369802499238865,0.0,0.0,0000,0.0016936707439182005,0.0007395012743049353,25,25,1,Unanimous B/LB-directed,deployment_in_sample_not_validation,deployment
NC_000016.10:68812144:C:T,CDH1,0,0.005431290243610857,0.0,4.001124492939863e-05,0.0,4.803549571694948e-08,0.0,0.004580393185856492,0.0,0.0,0000,0.0025129356774731162,0.0011580015648160545,25,25,1,Unanimous B/LB-directed,deployment_in_sample_not_validation,deployment
NC_000016.10:68812261:C:T,CDH1,0,0.025925608934894644,0.0,0.00033614149031810055,0.0,4.803549571694948e-08,0.0,0.006433404076786641,0.0,0.0,0000,0.008173800634373776,0.0044327283082587115,25,25,1,Unanimous B/LB-directed,deployment_in_sample_not_validation,deployment
NC_000016.10:68813336:G:A,CDH1,0,0.02058348432905919,0.0,0.0001927241898243353,0.0,4.803549571694948e-08,0.0,0.007709577832312315,0.0,0.0,0000,0.007121458596672889,0.003788539638310477,25,25,1,Unanimous B/LB-directed,deployment_in_sample_not_validation,deployment
NC_000016.10:68813348:G:A,CDH1,0,0.0086435668171331,0.0,2.343365322278749e-06,0.0,4.803549571694948e-08,0.0,0.007358162643815357,0.0,0.0,0000,0.004001030215441613,0.00196529088163969,25,25,1,Unanimous B/LB-directed,deployment_in_sample_not_validation,deployment
NC_000016.10:68813352:T:A,CDH1,0,0.0805749291280682,0.0,0.8106049483936776,1.0,4.803549571694948e-08,0.0,0.05599744947566464,0.0,1.0,0100,0.23679434375822653,0.21502782357302205,24,25,1,Mixed votes,deployment_in_sample_not_validation,deployment
NC_000016.10:68813397:C:T,CDH1,0,0.010792925044312398,0.0,0.05784251127658321,0.0,4.803549571694948e-08,0.0,0.027140287972518707,0.0,0.0,0000,0.02394394308222751,0.015129973894281373,25,25,1,Unanimous B/LB-directed,deployment_in_sample_not_validation,deployment
NC_000016.10:68813471:G:A,CDH1,0,0.001723630047249437,0.0,0.0005651975246700637,0.0,4.803549571694948e-08,0.0,0.007897405551162416,0.0,0.0,0000,0.0025465702896444085,0.0011756391264927486,25,25,1,Unanimous B/LB-directed,deployment_in_sample_not_validation,deployment
NC_000016.10:68813472:A:G,CDH1,0,0.0004838804898810579,0.0,0.00348901984582991,0.0,4.803549571694948e-08,0.0,0.012625962291079689,0.0,0.0,0000,0.004149727665571593,0.0020486000897029398,25,25,1,Unanimous B/LB-directed,deployment_in_sample_not_validation,deployment
NC_000016.10:68815602:C:T,CDH1,0,0.003451612352836244,0.0,0.054822959813368224,0.0,0.0024002788558100114,0.0,0.019122085012170723,0.0,0.0,0000,0.019949234008546302,0.01227668093988903,25,25,1,Unanimous B/LB-directed,deployment_in_sample_not_validation,deployment
NC_000016.10:68815610:G:A,CDH1,0,0.0005094826950665462,0.0,0.00021050583131666125,0.0,4.803549571694948e-08,0.0,0.004357168033666469,0.0,0.0,0000,0.0012693011488863484,0.0005328421677171602,25,25,1,Unanimous B/LB-directed,deployment_in_sample_not_validation,deployment
NC_000016.10:68822062:G:A,CDH1,0,0.00017905084429249666,0.0,8.780868093994334e-05,0.0,4.803549571694948e-08,0.0,0.010875007062873018,0.0,0.0,0000,0.002785478655900294,0.0013018264225058646,25,25,1,Unanimous B/LB-directed,deployment_in_sample_not_validation,deployment
NC_000016.10:68822137:G:A,CDH1,0,0.0031736904191385024,0.0,0.0002628802498269237,0.0,4.803549571694948e-08,0.0,0.005996913149657368,0.0,0.0,0000,0.0023583829635296276,0.0010773806648901427,25,25,1,Unanimous B/LB-directed,deployment_in_sample_not_validation,deployment
NC_000016.10:68822176:C:G,CDH1,0,0.00013824072060900682,0.0,0.0008535982650252507,0.0,4.803549571694948e-08,0.0,0.009966134514873068,0.0,0.0,0000,0.0027395053840007606,0.0012774235504295396,25,25,1,Unanimous B/LB-directed,deployment_in_sample_not_validation,deployment
NC_000016.10:68823481:A:T,CDH1,0,0.0006083733962976178,0.0,0.004248172357101817,0.0,4.803549571694948e-08,0.0,0.0229712674019956,0.0,0.0,0000,0.0069569652977226875,0.0036890164755839674,25,25,1,Unanimous B/LB-directed,deployment_in_sample_not_validation,deployment
NC_000016.10:68823514:G:A,CDH1,0,0.003566673267250576,0.0,0.04924496567112512,0.0,4.803549571694948e-08,0.0,0.029513288404323226,0.0,0.0,0000,0.02058124384454866,0.012722773970465964,25,25,1,Unanimous B/LB-directed,deployment_in_sample_not_validation,deployment
NC_000016.10:68823538:G:A,CDH1,0,0.006894865329327908,0.0,0.00021131069590738508,0.0,4.803549571694948e-08,0.0,0.034869170132717724,0.0,0.0,0000,0.010493848548362184,0.0058936899428812745,25,25,1,Unanimous B/LB-directed,deployment_in_sample_not_validation,deployment
NC_000016.10:68823565:G:A,CDH1,0,0.013413941292833064,0.0,0.0010355791646187937,0.0,4.803549571694948e-08,0.0,0.006571174973089203,0.0,0.0,0000,0.005255185866509194,0.0026802938911760265,25,25,1,Unanimous B/LB-directed,deployment_in_sample_not_validation,deployment
NC_000016.10:68823592:C:G,CDH1,0,0.016187330896598563,0.0,0.02974186174704133,0.0,2.3013136611602433e-05,0.0,0.01633309539835427,0.0,0.0,0000,0.015571325294651439,0.009247983005427335,25,25,1,Unanimous B/LB-directed,deployment_in_sample_not_validation,deployment
NC_000016.10:68828212:C:T,CDH1,0,0.03605183026482433,0.0,0.004067448946413603,0.0,2.3013136611602433e-05,0.0,0.00841037609001614,0.0,0.0,0000,0.012138167109466417,0.006958533241854156,25,25,1,Unanimous B/LB-directed,deployment_in_sample_not_validation,deployment
NC_000016.10:68829686:G:A,CDH1,0,0.012243267103654731,0.0,0.10869115302109496,0.0,4.803549571694948e-08,0.0,0.036693747178479445,0.0,0.0,0000,0.03940705383468121,0.02680413541860009,25,25,1,Unanimous B/LB-directed,deployment_in_sample_not_validation,deployment
NC_000016.10:68829693:G:A,CDH1,0,0.0022705934493542418,0.0,0.03849920975256777,0.0,4.803549571694948e-08,0.0,0.02579319519422134,0.0,0.0,0000,0.016640761607909768,0.009977361005850465,25,25,1,Unanimous B/LB-directed,deployment_in_sample_not_validation,deployment
NC_000016.10:68829700:A:T,CDH1,0,0.05535744494295112,0.0,0.07037574543505938,0.0,0.00019699462472521324,0.0,0.04616124485811314,0.0,0.0,0000,0.043022857465212214,0.029653370016170705,25,25,1,Unanimous B/LB-directed,deployment_in_sample_not_validation,deployment
NC_000016.10:68829770:G:A,CDH1,0,0.0015108476814115685,0.0,0.02647136609800638,0.0,4.803549571694948e-08,0.0,0.030750329259736937,0.0,0.0,0000,0.014683147768662651,0.008647813172003522,25,25,1,Unanimous B/LB-directed,deployment_in_sample_not_validation,deployment
NC_000016.10:68833299:C:T,CDH1,0,0.003013293106446095,0.0,0.041888579156960204,0.0,0.0017981454717117208,0.0,0.029300692233621643,0.0,0.0,0000,0.019000177492184914,0.011610805900010353,25,25,1,Unanimous B/LB-directed,deployment_in_sample_not_validation,deployment
NC_000016.10:68833343:G:A,CDH1,0,0.06481286552780322,0.0,0.2515522507542872,0.0,4.803549571694948e-08,0.0,0.07108532249427506,0.0,0.0,0000,0.09686262170296529,0.0757939846561497,25,25,1,Unanimous B/LB-directed,deployment_in_sample_not_validation,deployment
NC_000016.10:68833361:A:G,CDH1,0,0.0035147206617211833,0.0,0.024337789795423264,0.0,4.803549571694948e-08,0.0,0.015619115397617202,0.0,0.0,0000,0.010867918472564343,0.006133938722153664,25,25,1,Unanimous B/LB-directed,deployment_in_sample_not_validation,deployment
NC_000016.10:68833487:G:A,CDH1,0,0.0004047681155011064,0.0,0.0015170716686993598,0.0,4.803549571694948e-08,0.0,0.016595377574436736,0.0,0.0,0000,0.00462931634853323,0.002320081430089403,24,25,1,Unanimous B/LB-directed,deployment_in_sample_not_validation,deployment
NC_000016.10:89738889:C:T,FANCA,0,0.008069568060264022,0.0,0.00020403031574176025,0.0,4.803549571694948e-08,0.0,0.008219714657227312,0.0,0.0,0000,0.004123340267182203,0.0020337854364524824,24,25,1,Unanimous B/LB-directed,deployment_in_sample_not_validation,deployment
NC_000016.10:89738890:G:A,FANCA,0,,,,,,,,,,,,,2,25,0,,deployment_in_sample_not_validation,deployment
NC_000016.10:89738908:C:T,FANCA,0,,,,,,,,,,,,,2,25,0,,deployment_in_sample_not_validation,deployment
NC_000016.10:89738915:C:T,FANCA,0,0.024755994167284814,0.0,0.0002697452058965113,0.0,4.803549571694948e-08,0.0,0.005942270631395755,0.0,0.0,0000,0.007742014510018199,0.004166888253064659,25,25,1,Unanimous B/LB-directed,deployment_in_sample_not_validation,deployment
NC_000016.10:89738931:G:A,FANCA,0,,,,,,,,,,,,,2,25,0,,deployment_in_sample_not_validation,deployment
NC_000016.10:89738932:C:T,FANCA,0,,,,,,,,,,,,,2,25,0,,deployment_in_sample_not_validation,deployment
NC_000016.10:89738958:G:A,FANCA,0,,,,,,,,,,,,,2,25,0,,deployment_in_sample_not_validation,deployment
NC_000016.10:89739263:C:T,FANCA,0,0.04262373550565422,0.0,6.409661609385138e-05,0.0,4.757659135428258e-05,0.0,0.0046543968199746905,0.0,0.0,0000,0.011847451383269262,0.0067686543947581565,25,25,1,Unanimous B/LB-directed,deployment_in_sample_not_validation,deployment
NC_000016.10:89739505:T:C,FANCA,0,0.0167860556402214,0.0,0.00015587741046614633,0.0,4.803549571694948e-08,0.0,0.004594017834460668,0.0,0.0,0000,0.0053839997301609824,0.002755206876777514,24,25,1,Unanimous B/LB-directed,deployment_in_sample_not_validation,deployment
NC_000016.10:89740068:C:T,FANCA,0,0.00958046068276175,0.0,2.5743414512308572e-05,0.0,4.803549571694948e-08,0.0,0.007629912426550147,0.0,0.0,0000,0.0043090411398299805,0.0021383203512827203,25,25,1,Unanimous B/LB-directed,deployment_in_sample_not_validation,deployment
NC_000016.10:89745046:C:T,FANCA,0,0.004906331537177225,0.0,6.724322903719625e-05,0.0,2.3013136611602433e-05,0.0,0.007089375490507711,0.0,0.0,0000,0.003021490848333434,0.0014279652473831801,25,25,1,Unanimous B/LB-directed,deployment_in_sample_not_validation,deployment
NC_000016.10:89746684:G:C,FANCA,0,0.0049805509427941885,0.0,0.0003731607264115156,0.0,4.803549571694948e-08,0.0,0.011706603836590024,0.0,0.0,0000,0.004265090885322861,0.0021135219345715934,25,25,1,Unanimous B/LB-directed,deployment_in_sample_not_validation,deployment
NC_000016.10:89748709:C:G,FANCA,0,0.06488106264889038,0.0,0.0038733124220833672,0.0,4.803549571694948e-08,0.0,0.020411744227612324,0.0,0.0,0000,0.02229154183352045,0.01394020279381163,24,25,1,Unanimous B/LB-directed,deployment_in_sample_not_validation,deployment
NC_000016.10:89748741:C:T,FANCA,0,0.051178277478631795,0.0,0.00019034332350128497,0.0,4.803549571694948e-08,0.0,0.007996904041978031,0.0,0.0,0000,0.014841393219901708,0.008754362090078963,25,25,1,Unanimous B/LB-directed,deployment_in_sample_not_validation,deployment
NC_000016.10:89748743:G:A,FANCA,0,0.06481335609386017,0.0,0.005176127709092543,0.0,0.00019699462472521324,0.0,0.017600317115548617,0.0,0.0,0000,0.021946698885806633,0.01369356053676525,24,25,1,Unanimous B/LB-directed,deployment_in_sample_not_validation,deployment
NC_000016.10:89752172:G:A,FANCA,0,0.016272950952255824,0.0,0.0001525769093121876,0.0,0.0003677748323195352,0.0,0.0036515667487571047,0.0,0.0,0000,0.005111217360661162,0.0025968726851726457,25,25,1,Unanimous B/LB-directed,deployment_in_sample_not_validation,deployment
NC_000016.10:89758698:G:T,FANCA,0,0.02896503288414404,0.0,0.00686337728433716,0.0,4.803549571694948e-08,0.0,0.024484650786603723,0.0,0.0,0000,0.01507827724764516,0.00891417216242594,25,25,1,Unanimous B/LB-directed,deployment_in_sample_not_validation,deployment
NC_000016.10:89767167:G:C,FANCA,0,0.024203119762330565,0.0,0.004928333084555769,0.0,4.803549571694948e-08,0.0,0.007837555407018604,0.0,0.0,0000,0.009242264072350164,0.005099039871488801,24,25,1,Unanimous B/LB-directed,deployment_in_sample_not_validation,deployment
NC_000016.10:89769914:C:T,FANCA,0,0.02477048507790484,0.0,0.001978093137814424,0.0,4.803549571694948e-08,0.0,0.013852977649622435,0.0,0.0,0000,0.010150400975209355,0.005674194677713603,24,25,1,Unanimous B/LB-directed,deployment_in_sample_not_validation,deployment
NC_000016.10:89770214:C:T,FANCA,0,0.0269443026537361,0.0,5.596685487198062e-05,0.0,4.803549571694948e-08,0.0,0.005015521603756239,0.0,0.0,0000,0.008003959786965009,0.004327916350156977,25,25,1,Unanimous B/LB-directed,deployment_in_sample_not_validation,deployment
NC_000016.10:89770245:C:A,FANCA,0,0.06476089800569368,0.0,0.00041990205372856125,0.0,4.803549571694948e-08,0.0,0.021932080421601146,0.0,0.0,0000,0.021778232129129778,0.013573280716060674,25,25,1,Unanimous B/LB-directed,deployment_in_sample_not_validation,deployment
NC_000016.10:89770569:G:A,FANCA,0,0.003983250499361739,0.0,0.0030446116514899362,0.0,4.803549571694948e-08,0.0,0.0190668786452851,0.0,0.0,0000,0.006523697207908123,0.003428489595956618,25,25,1,Unanimous B/LB-directed,deployment_in_sample_not_validation,deployment
NC_000016.10:89771677:C:A,FANCA,0,0.0648288637257164,0.0,0.11193313518866492,0.0,4.803549571694948e-08,0.0,0.015594412195075654,0.0,0.0,0000,0.048089114786238174,0.03371039416677132,24,25,1,Unanimous B/LB-directed,deployment_in_sample_not_validation,deployment
NC_000016.10:89771807:G:A,FANCA,0,0.018739393280234714,0.0,0.00013786761598288342,0.0,4.803549571694948e-08,0.0,0.008952601461929324,0.0,0.0,0000,0.00695747759841066,0.0036893259180596164,25,25,1,Unanimous B/LB-directed,deployment_in_sample_not_validation,deployment
NC_000016.10:89773356:G:C,FANCA,0,0.042698052482844855,0.0,0.0007365888528774267,0.0,4.803549571694948e-08,0.0,0.00595327436144176,0.0,0.0,0000,0.01234699093316494,0.00709533512437682,25,25,1,Unanimous B/LB-directed,deployment_in_sample_not_validation,deployment
NC_000016.10:89773357:G:C,FANCA,0,0.014208251695011342,0.0,0.0007051848336555593,0.0,4.803549571694948e-08,0.0,0.004155627683623365,0.0,0.0,0000,0.0047672780619464955,0.0023989282422742578,24,25,1,Unanimous B/LB-directed,deployment_in_sample_not_validation,deployment
NC_000016.10:89783071:C:T,FANCA,0,0.020096488698142186,0.0,1.2836477730429237e-05,0.0,4.803549571694948e-08,0.0,0.0058339131722135356,0.0,0.0,0000,0.006485821595895467,0.0034058287566627954,24,25,1,Unanimous B/LB-directed,deployment_in_sample_not_validation,deployment
NC_000016.10:89791526:G:A,FANCA,0,0.03983476819303692,0.0,0.0011231436127845497,0.0,4.803549571694948e-08,0.0,0.01822011746146673,0.0,0.0,0000,0.01479451932569598,0.008722783701810514,24,25,1,Unanimous B/LB-directed,deployment_in_sample_not_validation,deployment
NC_000016.10:89795954:G:C,FANCA,0,0.06477070102469377,0.0,0.5926501010632795,0.0,4.803549571694948e-08,0.0,0.07852082032630178,0.0,0.0,0000,0.1839854176124427,0.16012010958439174,25,25,1,Unanimous B/LB-directed,deployment_in_sample_not_validation,deployment
NC_000016.10:89795979:A:G,FANCA,0,0.007329153140100719,0.0,0.0010266489894075925,0.0,4.803549571694948e-08,0.0,0.006281056229433433,0.0,0.0,0000,0.003659226598609365,0.0017754480599604199,25,25,1,Unanimous B/LB-directed,deployment_in_sample_not_validation,deployment
NC_000016.10:89799207:C:G,FANCA,0,0.024382369651525296,0.0,0.0012393624964909444,0.0,4.803549571694948e-08,0.0,0.010727207956258603,0.0,0.0,0000,0.009087247034942639,0.005001650569360535,25,25,1,Unanimous B/LB-directed,deployment_in_sample_not_validation,deployment
NC_000016.10:89799634:T:C,FANCA,0,0.007106492737053039,0.0,0.0001882362390740426,0.0,4.803549571694948e-08,0.0,0.005996494342215461,0.0,0.0,0000,0.003322817838459565,0.0015909977473273493,24,25,1,Unanimous B/LB-directed,deployment_in_sample_not_validation,deployment
NC_000016.10:89803295:T:C,FANCA,0,0.06487011990569352,0.0,0.0015057639162254282,0.0,4.803549571694948e-08,0.0,0.02780568359695607,0.0,0.0,0000,0.023545403863592683,0.014841837068151249,25,25,1,Unanimous B/LB-directed,deployment_in_sample_not_validation,deployment
NC_000016.10:89803296:C:T,FANCA,0,0.033666687774819876,0.0,0.001841238651200214,0.0,4.803549571694948e-08,0.0,0.007312113184482441,0.0,0.0,0000,0.010705021911499562,0.006029167890555966,25,25,1,Unanimous B/LB-directed,deployment_in_sample_not_validation,deployment
NC_000016.10:89805365:G:A,FANCA,0,0.011203863884750311,0.0,0.000584653288753325,0.0,4.803549571694948e-08,0.0,0.005810589052538111,0.0,0.0,0000,0.004399788565384366,0.00218963509419358,25,25,1,Unanimous B/LB-directed,deployment_in_sample_not_validation,deployment
NC_000016.10:89805387:G:A,FANCA,0,0.011063563159850059,0.0,0.0005607819369952403,0.0,4.803549571694948e-08,0.0,0.004468803185785524,0.0,0.0,0000,0.004023299079531635,0.0019777401319891505,24,25,1,Unanimous B/LB-directed,deployment_in_sample_not_validation,deployment
NC_000016.10:89808347:G:A,FANCA,0,0.001972550800339253,0.0,0.00011314451383842279,0.0,4.803549571694948e-08,0.0,0.0038857636875210253,0.0,0.0,0000,0.0014928767592986046,0.0006407063687266442,24,25,1,Unanimous B/LB-directed,deployment_in_sample_not_validation,deployment
NC_000016.10:89810771:G:C,FANCA,0,0.0648305045090832,0.0,0.2667884482501523,0.0,2.3013136611602433e-05,0.0,0.07388945946480158,0.0,0.0,0000,0.10138285634016217,0.07991996426843526,25,25,1,Unanimous B/LB-directed,deployment_in_sample_not_validation,deployment
NC_000016.10:89816591:G:C,FANCA,0,0.007138094093818075,0.0,0.00017071481811677683,0.0,4.803549571694948e-08,0.0,0.004401900218527512,0.0,0.0,0000,0.0029276892914895207,0.0013776625111186543,24,25,1,Unanimous B/LB-directed,deployment_in_sample_not_validation,deployment
NC_000016.10:89816598:A:T,FANCA,0,0.004499303359639109,0.0,0.004198071704760095,0.0,4.803549571694948e-08,0.0,0.003410006170520771,0.0,0.0,0000,0.003026857317603923,0.001430849724747803,23,25,1,Unanimous B/LB-directed,deployment_in_sample_not_validation,deployment
NC_000017.11:7669627:T:G,TP53,0,0.05829890312561156,0.0,0.14872856480721847,0.0,4.803549571694948e-08,0.0,0.023355391509647033,0.0,0.0,0000,0.05759572686949319,0.04150897817286279,24,25,1,Unanimous B/LB-directed,deployment_in_sample_not_validation,deployment
NC_000017.11:7669654:C:T,TP53,0,0.033246275723505185,0.0,0.08682472034118847,0.0,0.00013059340616197246,0.0,0.02589302360141915,0.0,0.0,0000,0.036523653268068695,0.02456160804651687,24,25,1,Unanimous B/LB-directed,deployment_in_sample_not_validation,deployment
NC_000017.11:7669655:G:T,TP53,0,0.0126336109914618,0.0,0.015141778367728585,0.0,4.803549571694948e-08,0.0,0.007145474550459873,0.0,0.0,0000,0.008730227986286494,0.0047782648811705115,24,25,1,Unanimous B/LB-directed,deployment_in_sample_not_validation,deployment
NC_000017.11:7670612:A:C,TP53,0,0.025949502822059822,0.0,0.07878629732780683,0.0,0.00024506674999696747,0.0,0.01060647617362412,0.0,0.0,0000,0.028896835768371935,0.018769235810753748,25,25,1,Unanimous B/LB-directed,deployment_in_sample_not_validation,deployment
NC_000017.11:7670615:G:A,TP53,0,0.062015840049665906,0.0,0.07267893800493563,0.0,4.803549571694948e-08,0.0,0.03088416458757305,0.0,0.0,0000,0.04139474766941757,0.028365472466729564,25,25,1,Unanimous B/LB-directed,deployment_in_sample_not_validation,deployment
NC_000017.11:7670629:C:G,TP53,0,0.01975250759205301,0.0,2.1854717480586714e-05,0.0,0.00013059340616197246,0.0,0.005591944268738372,0.0,0.0,0000,0.006374224996108485,0.003339170099529187,25,25,1,Unanimous B/LB-directed,deployment_in_sample_not_validation,deployment
NC_000017.11:7670648:G:T,TP53,0,0.006842581171520961,0.0,0.003501470896193706,0.0,4.757659135428258e-05,0.0,0.017427726948515077,0.0,0.0,0000,0.006954838901896006,0.0036877321136893726,25,25,1,Unanimous B/LB-directed,deployment_in_sample_not_validation,deployment
NC_000017.11:7670683:C:T,TP53,0,0.03180887195991559,0.0,0.01652458337937245,0.0,4.757659135428258e-05,0.0,0.018402076098466818,0.0,0.0,0000,0.016695777007277285,0.010015074890500776,25,25,1,Unanimous B/LB-directed,deployment_in_sample_not_validation,deployment
NC_000017.11:7670693:C:G,TP53,0,0.0009868766156417952,0.0,0.011456411523589657,0.0,0.0003796402751008999,0.0,0.012701897286551788,0.0,0.0,0000,0.006381206425221035,0.0033433354233150673,25,25,1,Unanimous B/LB-directed,deployment_in_sample_not_validation,deployment
NC_000017.11:7670710:C:T,TP53,0,0.006459068783326381,0.0,0.03235424644622899,0.0,4.803549571694948e-08,0.0,0.06444446585524202,0.0,0.0,0000,0.025814457280073276,0.016491962128950252,25,25,1,Unanimous B/LB-directed,deployment_in_sample_not_validation,deployment
NC_000017.11:7673244:A:G,TP53,0,,,,,,,,,,,,,2,25,0,,deployment_in_sample_not_validation,deployment
NC_000017.11:7673247:A:G,TP53,0,,,,,,,,,,,,,2,25,0,,deployment_in_sample_not_validation,deployment
NC_000017.11:7673311:A:C,TP53,0,,,,,,,,,,,,,2,25,0,,deployment_in_sample_not_validation,deployment
NC_000017.11:7673335:G:C,TP53,0,,,,,,,,,,,,,2,25,0,,deployment_in_sample_not_validation,deployment
NC_000017.11:7673578:G:T,TP53,0,0.0032675701062515944,0.0,0.0003488612864863188,0.0,4.803549571694948e-08,0.0,0.010006874706327423,0.0,0.0,0000,0.003405838533640263,0.001636286045154428,25,25,1,Unanimous B/LB-directed,deployment_in_sample_not_validation,deployment
NC_000017.11:7673581:G:T,TP53,0,0.00010324577638739866,0.0,0.0013378940875740021,0.0,4.803549571694948e-08,0.0,0.006973335535067035,0.0,0.0,0000,0.0021036308586310382,0.0009460965157621459,25,25,1,Unanimous B/LB-directed,deployment_in_sample_not_validation,deployment
NC_000017.11:7673584:A:T,TP53,0,0.0039008612007811736,0.0,0.0017026868472740909,0.0,4.803549571694948e-08,0.0,0.008051691574334325,0.0,0.0,0000,0.003413821914471327,0.0016406491760856776,25,25,1,Unanimous B/LB-directed,deployment_in_sample_not_validation,deployment
NC_000017.11:7673592:G:C,TP53,0,0.002775361230119836,0.0,0.0004498102259304939,0.0,4.803549571694948e-08,0.0,0.008618091554919011,0.0,0.0,0000,0.0029608277616162645,0.0013954084607681984,25,25,1,Unanimous B/LB-directed,deployment_in_sample_not_validation,deployment
NC_000017.11:7673727:C:T,TP53,0,0.024316920864400154,0.0,5.878248606850966e-05,0.0,4.803549571694948e-08,0.0,0.009548434868466151,0.0,0.0,0000,0.008481046563607632,0.004623123435861214,25,25,1,Unanimous B/LB-directed,deployment_in_sample_not_validation,deployment
NC_000017.11:7673733:G:A,TP53,0,0.0647830066035127,0.0,0.0006263910931980922,0.0,4.803549571694948e-08,0.0,0.03581677949677144,0.0,0.0,0000,0.025306556307244488,0.016120597896074385,25,25,1,Unanimous B/LB-directed,deployment_in_sample_not_validation,deployment
NC_000017.11:7673742:C:A,TP53,0,0.06483334528043166,0.0,0.14674673703119434,0.0,4.803549571694948e-08,0.0,0.05687055202335046,0.0,0.0,0000,0.06711267059261805,0.04953359659830069,25,25,1,Unanimous B/LB-directed,deployment_in_sample_not_validation,deployment
NC_000017.11:7673750:C:T,TP53,0,0.02671582919569058,0.0,0.0003891375656182402,0.0,4.803549571694948e-08,0.0,0.008073218973485716,0.0,0.0,0000,0.008794558442572563,0.004818421119826455,25,25,1,Unanimous B/LB-directed,deployment_in_sample_not_validation,deployment
NC_000017.11:7673751:G:A,TP53,0,0.002197863932812498,0.0,0.011355169017975082,0.0,4.803549571694948e-08,0.0,0.021309764824770025,0.0,0.0,0000,0.008715711452763331,0.004769209245978219,25,25,1,Unanimous B/LB-directed,deployment_in_sample_not_validation,deployment
NC_000017.11:7673768:G:A,TP53,0,0.012337734931047917,0.0,0.07692594844529932,0.0,0.0015336891470492885,0.0,0.031793692712649084,0.0,0.0,0000,0.030647766309011407,0.020079958465521,25,25,1,Unanimous B/LB-directed,deployment_in_sample_not_validation,deployment
NC_000017.11:7673772:G:A,TP53,0,0.3079182593079075,0.0,0.6185071730738698,0.0,0.0013983367239338003,0.0,0.07344235679409093,0.0,0.0,0000,0.2503165314749505,0.2294299172098835,25,25,1,Unanimous B/LB-directed,deployment_in_sample_not_validation,deployment
NC_000017.11:7674183:G:T,TP53,0,0.039526050882832654,0.0,0.05592232410512879,0.0,0.0014632727553810882,0.0,0.05950705561396238,0.0,0.0,0000,0.039104675839326225,0.02656770275559467,24,25,1,Unanimous B/LB-directed,deployment_in_sample_not_validation,deployment
NC_000017.11:7674258:T:C,TP53,0,0.000802363573330855,0.0,0.04123636278337876,0.0,4.803549571694948e-08,0.0,0.042171516305678725,0.0,0.0,0000,0.021052572674471016,0.013056803298592642,25,25,1,Unanimous B/LB-directed,deployment_in_sample_not_validation,deployment
NC_000017.11:7674958:G:C,TP53,0,0.02145313064274927,0.0,0.1562167202063202,0.0,0.0011862950139615227,0.0,0.03699276278199333,0.0,0.0,0000,0.05396222716125608,0.038501180149256554,24,25,1,Unanimous B/LB-directed,deployment_in_sample_not_validation,deployment
NC_000017.11:7675053:A:T,TP53,0,0.064736557811904,0.0,0.013606167618932649,0.0,0.0008584902489535884,0.0,0.019282970315791025,0.0,0.0,0000,0.024621046498895315,0.015621182379956432,25,25,1,Unanimous B/LB-directed,deployment_in_sample_not_validation,deployment
NC_000017.11:7675057:C:T,TP53,0,0.012091315526607596,0.0,2.9226968430113335e-05,0.0,4.803549571694948e-08,0.0,0.005886605565200193,0.0,0.0,0000,0.004501799023933405,0.002247495517803514,25,25,1,Unanimous B/LB-directed,deployment_in_sample_not_validation,deployment
NC_000017.11:7675102:G:A,TP53,0,0.22060481934568488,0.0,0.46914598023975734,0.0,4.803549571694948e-08,0.0,0.09653163872942647,0.0,0.0,0000,0.1965706215875911,0.1729924131350686,25,25,1,Unanimous B/LB-directed,deployment_in_sample_not_validation,deployment
NC_000017.11:7675131:C:T,TP53,0,0.06478037968490899,0.0,0.3228603142540066,0.0,0.0010601646548446838,0.0,0.08578580312787346,0.0,0.0,0000,0.11862166543040842,0.09594190107381528,25,25,1,Unanimous B/LB-directed,deployment_in_sample_not_validation,deployment
NC_000017.11:7675142:C:T,TP53,0,0.0245460873768874,0.0,0.025548994968691358,0.0,4.803549571694948e-08,0.0,0.033629784179794175,0.0,0.0,0000,0.020931228640217164,0.012970698232896576,25,25,1,Unanimous B/LB-directed,deployment_in_sample_not_validation,deployment
NC_000017.11:7675998:A:T,TP53,0,0.06474388998523978,0.0,0.15506650142050393,0.0,0.001267743815193431,0.0,0.04754212538305649,0.0,0.0,0000,0.06715506515099841,0.04956979348708986,25,25,1,Unanimous B/LB-directed,deployment_in_sample_not_validation,deployment
NC_000017.11:7676024:T:C,TP53,0,0.00043415871285600364,0.0,0.0032398366459834554,0.0,4.803549571694948e-08,0.0,0.009940060408085377,0.0,0.0,0000,0.003403525950605138,0.0016350224219860252,25,25,1,Unanimous B/LB-directed,deployment_in_sample_not_validation,deployment
NC_000017.11:7676039:C:T,TP53,0,0.006733093532172419,0.0,0.005361131436932878,0.0,4.803549571694948e-08,0.0,0.018190418158025662,0.0,0.0,0000,0.007571172790656669,0.004062281091275426,25,25,1,Unanimous B/LB-directed,deployment_in_sample_not_validation,deployment
NC_000017.11:7676046:C:T,TP53,0,0.06480960231189202,0.0,0.14871846913583145,0.0,4.803549571694948e-08,0.0,0.019311090930415713,0.0,0.0,0000,0.058209802603408724,0.04202047441259921,25,25,1,Unanimous B/LB-directed,deployment_in_sample_not_validation,deployment
NC_000017.11:7676049:A:G,TP53,0,0.0007343261557190825,0.0,0.00046142272870328637,0.0,4.803549571694948e-08,0.0,0.00969310915022695,0.0,0.0,0000,0.002722226517536259,0.0012682664168679962,25,25,1,Unanimous B/LB-directed,deployment_in_sample_not_validation,deployment
NC_000017.11:7676123:G:A,TP53,0,0.01668866765239095,0.0,0.08608618756479405,0.0,4.803549571694948e-08,0.0,0.03314404843851483,0.0,0.0,0000,0.03397973792279889,0.022606218203602136,25,25,1,Unanimous B/LB-directed,deployment_in_sample_not_validation,deployment
NC_000017.11:7676151:C:T,TP53,0,0.020541095265141814,0.0,1.6126401357010636e-05,0.0,4.803549571694948e-08,0.0,0.004559670121076888,0.0,0.0,0000,0.006279234955767857,0.0032825606301584006,25,25,1,Unanimous B/LB-directed,deployment_in_sample_not_validation,deployment
NC_000017.11:7676153:G:T,TP53,0,0.004762859296211247,0.0,0.00012125443314689665,0.0,4.803549571694948e-08,0.0,0.01464995099977492,0.0,0.0,0000,0.004883528191157195,0.00246561566911661,25,25,1,Unanimous B/LB-directed,deployment_in_sample_not_validation,deployment
NC_000017.11:7676180:G:A,TP53,0,0.011776030971978487,0.0,0.0006396086273906035,0.0,4.803549571694948e-08,0.0,0.00567891550915094,0.0,0.0,0000,0.004523650786003936,0.002259913867472645,25,25,1,Unanimous B/LB-directed,deployment_in_sample_not_validation,deployment
NC_000017.11:7676181:C:T,TP53,0,0.01841194776928754,0.0,0.0011184800704261806,0.0,4.803549571694948e-08,0.0,0.008528085615923126,0.0,0.0,0000,0.007014640372783141,0.0037238739297050737,24,25,1,Unanimous B/LB-directed,deployment_in_sample_not_validation,deployment
NC_000017.11:7676219:A:G,TP53,0,0.004771524110749376,0.0,0.0010012823350180658,0.0,4.803549571694948e-08,0.0,0.007408238595041285,0.0,0.0,0000,0.003295273269076111,0.0015760065093571982,24,25,1,Unanimous B/LB-directed,deployment_in_sample_not_validation,deployment
NC_000017.11:7676223:C:T,TP53,0,0.005116858033020145,0.0,0.00041950148290580044,0.0,4.803549571694948e-08,0.0,0.007028328126387467,0.0,0.0,0000,0.003141183919452282,0.0014924670092897768,25,25,1,Unanimous B/LB-directed,deployment_in_sample_not_validation,deployment
NC_000017.11:7676223:C:G,TP53,0,0.0056203789248936795,0.0,0.0011184373295579743,0.0,4.803549571694948e-08,0.0,0.009961163923259724,0.0,0.0,0000,0.004175007053301774,0.0020628050133252255,25,25,1,Unanimous B/LB-directed,deployment_in_sample_not_validation,deployment
NC_000017.11:7676229:G:A,TP53,0,0.06309116471257761,0.0,5.194857515955766e-06,0.0,4.803549571694948e-08,0.0,0.00966207685784944,0.0,0.0,0000,0.018189621115859683,0.011046030126264149,25,25,1,Unanimous B/LB-directed,deployment_in_sample_not_validation,deployment
NC_000017.11:7676263:C:G,TP53,0,0.017491972003982514,0.0,0.007002128023765577,0.0,4.803549571694948e-08,0.0,0.04864294709050561,0.0,0.0,0000,0.018284273788437354,0.011111790996885133,23,25,1,Unanimous B/LB-directed,deployment_in_sample_not_validation,deployment
NC_000017.11:7676566:C:T,TP53,0,0.007673342662759161,0.0,1.532120775243193e-05,0.0,4.803549571694948e-08,0.0,0.0037646520524639493,0.0,0.0,0000,0.0028633409896178146,0.0013432830516093707,23,25,1,Unanimous B/LB-directed,deployment_in_sample_not_validation,deployment
NC_000017.11:7676573:A:T,TP53,0,0.02436990035271378,0.0,0.0007270285388759244,0.0,4.803549571694948e-08,0.0,0.00888737339223617,0.0,0.0,0000,0.008496087579830398,0.004632469740172307,22,25,1,Unanimous B/LB-directed,deployment_in_sample_not_validation,deployment
NC_000017.11:35100956:G:A,RAD51D,0,0.015462224569786649,0.0,0.0011777005194831584,0.0,4.803549571694948e-08,0.0,0.0054319338974368,0.0,0.0,0000,0.005517976755550581,0.0028333903694275878,23,25,1,Unanimous B/LB-directed,deployment_in_sample_not_validation,deployment
NC_000017.11:35103264:T:C,RAD51D,0,0.06481540015172364,0.0,0.004050962373503996,0.0,4.803549571694948e-08,0.0,0.00980399814533421,0.0,0.0,0000,0.019667602176514393,0.012078575967123337,23,25,1,Unanimous B/LB-directed,deployment_in_sample_not_validation,deployment
NC_000017.11:35103293:T:C,RAD51D,0,0.000700560035875919,0.0,0.001000400184095884,0.0,4.803549571694948e-08,0.0,0.01558742503168556,0.0,0.0,0000,0.00432210832178827,0.0021457001902549077,24,25,1,Unanimous B/LB-directed,deployment_in_sample_not_validation,deployment
NC_000017.11:35103296:C:T,RAD51D,0,0.0027851393303923036,0.0,0.00017512607471162703,0.0,4.803549571694948e-08,0.0,0.006565561588646455,0.0,0.0,0000,0.0023814687573115254,0.0010893779894549141,24,25,1,Unanimous B/LB-directed,deployment_in_sample_not_validation,deployment
NC_000017.11:35106467:C:T,RAD51D,0,0.02314956355942781,0.0,0.0005470361377998218,0.0,4.803549571694948e-08,0.0,0.005053551679883247,0.0,0.0,0000,0.007187549853151649,0.003828619184260474,23,25,1,Unanimous B/LB-directed,deployment_in_sample_not_validation,deployment
NC_000017.11:43045684:T:A,BRCA1,0,0.0036579567915437754,0.0,0.0012848031200683434,0.0,7.846071509495876e-06,0.0,0.005785688894646273,0.0,0.0,0000,0.0026840737194419716,0.001248075424762722,24,25,1,Unanimous B/LB-directed,deployment_in_sample_not_validation,deployment
NC_000017.11:43045690:T:G,BRCA1,0,0.026594029472126277,0.0,0.002386684339771972,0.0,4.803549571694948e-08,0.0,0.0267605068143608,0.0,0.0,0000,0.013935317165438691,0.008146598899310607,22,25,1,Unanimous B/LB-directed,deployment_in_sample_not_validation,deployment
NC_000017.11:43045693:G:C,BRCA1,0,0.0013090683114185954,0.0,0.0007714380810312705,0.0,4.803549571694948e-08,0.0,0.012221626074311997,0.0,0.0,0000,0.003575545125564395,0.0017293367590595523,24,25,1,Unanimous B/LB-directed,deployment_in_sample_not_validation,deployment
NC_000017.11:43045697:T:G,BRCA1,0,0.0018121468392884013,0.0,0.000134597983722173,0.0,4.803549571694948e-08,0.0,0.003923088129824679,0.0,0.0,0000,0.0014674702470827425,0.0006283304823260421,24,25,1,Unanimous B/LB-directed,deployment_in_sample_not_validation,deployment
NC_000017.11:43047653:T:C,BRCA1,0,0.006944538789532524,0.0,2.336290871472501e-06,0.0,4.803549571694948e-08,0.0,0.00711227043861111,0.0,0.0,0000,0.003514798388627706,0.0016959569822110748,24,25,1,Unanimous B/LB-directed,deployment_in_sample_not_validation,deployment
NC_000017.11:43047698:A:T,BRCA1,0,0.003096320298925119,0.0,9.028766915172821e-05,0.0,4.803549571694948e-08,0.0,0.005207064223747602,0.0,0.0,0000,0.0020984300568300416,0.000943438235200999,23,25,1,Unanimous B/LB-directed,deployment_in_sample_not_validation,deployment
NC_000017.11:43057076:C:T,BRCA1,0,0.06483922242672269,0.0,0.24304656982513603,0.0,4.803549571694948e-08,0.0,0.043523903649387345,0.0,0.0,0000,0.08785243598418545,0.06767034601271826,25,25,1,Unanimous B/LB-directed,deployment_in_sample_not_validation,deployment
NC_000017.11:43057130:T:C,BRCA1,0,0.02613441104772739,0.0,0.17012651506942988,0.0,0.00019699462472521324,0.0,0.011150058104636488,0.0,0.0,0000,0.05190199471162975,0.03681037036970573,25,25,1,Unanimous B/LB-directed,deployment_in_sample_not_validation,deployment
NC_000017.11:43063367:T:C,BRCA1,0,0.0006276583277216401,0.0,0.0018899696677518122,0.0,0.00033028021150275266,0.0,0.005204239818134714,0.0,0.0,0000,0.0020130370062777297,0.000899922520403101,25,25,1,Unanimous B/LB-directed,deployment_in_sample_not_validation,deployment
NC_000017.11:43063908:C:G,BRCA1,0,0.19240068150760645,0.0,0.44220040931964566,0.0,4.803549571694948e-08,0.0,0.09076630059396189,0.0,0.0,0000,0.18134185986417742,0.15743496048299743,25,25,1,Unanimous B/LB-directed,deployment_in_sample_not_validation,deployment
NC_000017.11:43070957:C:T,BRCA1,0,0.0008911699275847088,0.0,8.035079244643666e-05,0.0,4.803549571694948e-08,0.0,0.007041885741396789,0.0,0.0,0000,0.002003363624230913,0.0008950088376483386,24,25,1,Unanimous B/LB-directed,deployment_in_sample_not_validation,deployment
NC_000017.11:43070958:A:G,BRCA1,0,0.14400489033665098,0.0,0.44192833408288545,0.0,4.803549571694948e-08,0.0,0.05280788733633015,0.0,0.0,0000,0.15968528994784056,0.13569955445642298,25,25,1,Unanimous B/LB-directed,deployment_in_sample_not_validation,deployment
NC_000017.11:43071003:G:A,BRCA1,0,0.0164511039486061,0.0,0.00954368413418785,0.0,4.803549571694948e-08,0.0,0.009269657747030443,0.0,0.0,0000,0.008816123466330027,0.004831891834856755,25,25,1,Unanimous B/LB-directed,deployment_in_sample_not_validation,deployment
NC_000017.11:43071030:A:G,BRCA1,0,0.022551524737864304,0.0,1.4566277046005927e-05,0.0,4.803549571694948e-08,0.0,0.005125015255043192,0.0,0.0,0000,0.006922788576362304,0.00366838019014175,25,25,1,Unanimous B/LB-directed,deployment_in_sample_not_validation,deployment
NC_000017.11:43071073:G:A,BRCA1,0,0.01642620547373415,0.0,0.00016125232532890498,0.0,4.803549571694948e-08,0.0,0.004248457230600573,0.0,0.0,0000,0.0052089907662898356,0.0026534911567489628,25,25,1,Unanimous B/LB-directed,deployment_in_sample_not_validation,deployment
NC_000017.11:43071076:T:C,BRCA1,0,0.010774859037278492,0.0,5.176516043426534e-05,0.0,4.803549571694948e-08,0.0,0.005064895945917908,0.0,0.0,0000,0.0039728920447815955,0.0019495742567366048,24,25,1,Unanimous B/LB-directed,deployment_in_sample_not_validation,deployment
NC_000017.11:43071076:T:A,BRCA1,0,0.012135050411456362,0.0,0.0020465206024939345,0.0,1.1550125256579917e-05,0.0,0.011610996724785065,0.0,0.0,0000,0.0064510294659979855,0.003385029247417744,25,25,1,Unanimous B/LB-directed,deployment_in_sample_not_validation,deployment
NC_000017.11:43071097:T:C,BRCA1,0,0.023000964827535754,0.0,0.006260105478496684,0.0,0.0003677748323195352,0.0,0.02719385904422637,0.0,0.0,0000,0.014205676045644586,0.008327354642573115,25,25,1,Unanimous B/LB-directed,deployment_in_sample_not_validation,deployment
NC_000017.11:43071184:A:G,BRCA1,0,0.013174585847745576,0.0,0.027592203825815856,0.0,7.846071509495876e-06,0.0,0.01247309828655935,0.0,0.0,0000,0.01331193350790757,0.007731791343903775,25,25,1,Unanimous B/LB-directed,deployment_in_sample_not_validation,deployment
NC_000017.11:43071222:A:G,BRCA1,0,0.0021577815945481226,0.0,0.006334528127262636,0.0,4.803549571694948e-08,0.0,0.005778627973306556,0.0,0.0,0000,0.003567746432653258,0.001725047006391761,25,25,1,Unanimous B/LB-directed,deployment_in_sample_not_validation,deployment
NC_000017.11:43071231:G:A,BRCA1,0,0.0027785161594435807,0.0,0.00708548290089511,0.0,4.803549571694948e-08,0.0,0.0051165680528648585,0.0,0.0,0000,0.0037451537871748164,0.0018229497595204102,25,25,1,Unanimous B/LB-directed,deployment_in_sample_not_validation,deployment
NC_000017.11:43074369:C:T,BRCA1,0,0.016267908358231428,0.0,1.4590472038204232e-05,0.0,4.803549571694948e-08,0.0,0.005833337590441104,0.0,0.0,0000,0.005528971114051613,0.002839818181929545,25,25,1,Unanimous B/LB-directed,deployment_in_sample_not_validation,deployment
NC_000017.11:43074405:C:T,BRCA1,0,0.005036464045242998,0.0,3.2571130140221994e-05,0.0,4.803549571694948e-08,0.0,0.004765432994214214,0.0,0.0,0000,0.002458629051273288,0.0011295927799540636,25,25,1,Unanimous B/LB-directed,deployment_in_sample_not_validation,deployment
NC_000017.11:43074470:C:A,BRCA1,0,0.0016442922327120826,0.0,0.0010164737638919273,0.0,4.803549571694948e-08,0.0,0.006638071548900715,0.0,0.0,0000,0.0023247213952501105,0.0010599163294914503,25,25,1,Unanimous B/LB-directed,deployment_in_sample_not_validation,deployment
NC_000017.11:43074485:C:G,BRCA1,0,0.013026833177670862,0.0,0.0030776617409089112,0.0,7.846071509495876e-06,0.0,0.006437001231778796,0.0,0.0,0000,0.0056373355554670155,0.0029032688694959497,25,25,1,Unanimous B/LB-directed,deployment_in_sample_not_validation,deployment
NC_000017.11:43076569:T:G,BRCA1,0,0.06204122743170373,0.0,0.0135045038630248,0.0,0.00019699462472521324,0.0,0.0171712562139957,0.0,0.0,0000,0.023228495533362363,0.014613247094459651,25,25,1,Unanimous B/LB-directed,deployment_in_sample_not_validation,deployment
NC_000017.11:43082433:G:C,BRCA1,0,0.015245369465249282,0.0,0.00022709807570297388,0.0,0.0006249643852201921,0.0,0.029073292628372514,0.0,0.0,0000,0.01129268113863624,0.006408198551396484,25,25,1,Unanimous B/LB-directed,deployment_in_sample_not_validation,deployment
NC_000017.11:43082547:T:C,BRCA1,0,0.046656070786989655,0.0,0.002520984375063764,0.0,0.0008386231706675104,0.0,0.0164609075485428,0.0,0.0,0000,0.016619146470315933,0.009962548564718404,25,25,1,Unanimous B/LB-directed,deployment_in_sample_not_validation,deployment
NC_000017.11:43090996:C:T,BRCA1,0,0.008784793430469628,0.0,2.336290871472501e-06,0.0,4.803549571694948e-08,0.0,0.004530445136694906,0.0,0.0,0000,0.003329405723382931,0.001594585792194759,25,25,1,Unanimous B/LB-directed,deployment_in_sample_not_validation,deployment
NC_000017.11:43091484:G:A,BRCA1,0,0.0013604797054906665,0.0,0.00013948379438976095,0.0,4.803549571694948e-08,0.0,0.004852482801626701,0.0,0.0,0000,0.0015881235842507113,0.0006873565334032655,25,25,1,Unanimous B/LB-directed,deployment_in_sample_not_validation,deployment
NC_000017.11:43091491:T:C,BRCA1,0,0.0006243909430375265,0.0,8.336670364955872e-06,0.0,4.803549571694948e-08,0.0,0.004423259385166431,0.0,0.0,0000,0.0012640087585161577,0.0005303185885065234,25,25,1,Unanimous B/LB-directed,deployment_in_sample_not_validation,deployment
NC_000017.11:43091494:C:T,BRCA1,0,0.0009519375079988509,0.0,0.0006949098698366915,0.0,4.803549571694948e-08,0.0,0.008792359850629154,0.0,0.0,0000,0.002609813815990103,0.0012088901664694177,25,25,1,Unanimous B/LB-directed,deployment_in_sample_not_validation,deployment
NC_000017.11:43091707:T:C,BRCA1,0,0.02176780608780657,0.0,8.431103525433764e-05,0.0,4.803549571694948e-08,0.0,0.0035090162717823794,0.0,0.0,0000,0.006340295357584751,0.003318935887560199,25,25,1,Unanimous B/LB-directed,deployment_in_sample_not_validation,deployment
NC_000017.11:43091782:C:T,BRCA1,0,0.008283322996459633,0.0,0.002064789704489846,0.0,0.00010505649759456465,0.0,0.007038872784032604,0.0,0.0,0000,0.004373010495644162,0.002174477431851535,25,25,1,Unanimous B/LB-directed,deployment_in_sample_not_validation,deployment
NC_000017.11:43091791:C:T,BRCA1,0,0.01939961288111875,0.0,0.00012400588113399525,0.0,4.803549571694948e-08,0.0,0.004540052092600016,0.0,0.0,0000,0.00601592972258712,0.0031262803705949813,25,25,1,Unanimous B/LB-directed,deployment_in_sample_not_validation,deployment
NC_000017.11:43091817:G:A,BRCA1,0,0.000835718605120668,0.0,2.9759827965041638e-05,0.0,8.993128520827814e-05,0.0,0.004303994836546188,0.0,0.0,0000,0.0013148511387100438,0.0005546208692432216,25,25,1,Unanimous B/LB-directed,deployment_in_sample_not_validation,deployment
NC_000017.11:43091822:A:C,BRCA1,0,0.006339430448422602,0.0,4.2155190491519726e-05,0.0,4.803549571694948e-08,0.0,0.0036494088287336015,0.0,0.0,0000,0.00250776062578586,0.001155290715978158,25,25,1,Unanimous B/LB-directed,deployment_in_sample_not_validation,deployment
NC_000017.11:43091873:C:G,BRCA1,0,0.006882875706142072,0.0,0.011624181506423501,0.0,4.803549571694948e-08,0.0,0.01839681965846859,0.0,0.0,0000,0.009225981226632471,0.00508879909545193,25,25,1,Unanimous B/LB-directed,deployment_in_sample_not_validation,deployment
NC_000017.11:43091890:C:T,BRCA1,0,0.0002543546175610548,0.0,0.008596601021798324,0.0,4.803549571694948e-08,0.0,0.01890047134369455,0.0,0.0,0000,0.006937868754637411,0.0036774839923869314,25,25,1,Unanimous B/LB-directed,deployment_in_sample_not_validation,deployment
NC_000017.11:43091922:C:T,BRCA1,0,0.0041079925905038945,0.0,2.336290871472501e-06,0.0,4.803549571694948e-08,0.0,0.0038282444417855653,0.0,0.0,0000,0.0019846553396641623,0.0008855150659291129,25,25,1,Unanimous B/LB-directed,deployment_in_sample_not_validation,deployment
NC_000017.11:43091930:C:A,BRCA1,0,0.0045216818799216196,0.0,0.00302679034379671,0.0,4.803549571694948e-08,0.0,0.006207445130578603,0.0,0.0,0000,0.0034389913474481624,0.001654414212524391,25,25,1,Unanimous B/LB-directed,deployment_in_sample_not_validation,deployment
NC_000017.11:43091930:C:G,BRCA1,0,0.001456498883553888,0.0,0.00019190319568351908,0.0,4.803549571694948e-08,0.0,0.0051851711280257555,0.0,0.0,0000,0.00170840531068972,0.0007468169760794911,25,25,1,Unanimous B/LB-directed,deployment_in_sample_not_validation,deployment
NC_000017.11:43091982:T:C,BRCA1,0,0.006879002827864449,0.0,3.8824201193190995e-06,0.0,4.803549571694948e-08,0.0,0.003938144181061796,0.0,0.0,0000,0.0027052693661353206,0.0012592875918880607,24,25,1,Unanimous B/LB-directed,deployment_in_sample_not_validation,deployment
NC_000017.11:43091989:C:T,BRCA1,0,0.025250833237726745,0.0,1.3146419681261868e-05,0.0,4.803549571694948e-08,0.0,0.004154983417022435,0.0,0.0,0000,0.007354752777481539,0.003930248658421114,25,25,1,Unanimous B/LB-directed,deployment_in_sample_not_validation,deployment
NC_000017.11:43092067:C:G,BRCA1,0,0.0011355739748682,0.0,0.006666473567281455,0.0,4.803549571694948e-08,0.0,0.009223915740955676,0.0,0.0,0000,0.004256502829650262,0.002108680381233673,25,25,1,Unanimous B/LB-directed,deployment_in_sample_not_validation,deployment
NC_000017.11:43092082:G:A,BRCA1,0,0.006806338996580155,0.0,0.025738924620232244,0.0,0.0005331287985636099,0.0,0.040607075049299265,0.0,0.0,0000,0.01842136686616882,0.011207127934128862,25,25,1,Unanimous B/LB-directed,deployment_in_sample_not_validation,deployment
NC_000017.11:43092112:T:C,BRCA1,0,0.022710594785285976,0.0,1.6139716672975504e-05,0.0,4.803549571694948e-08,0.0,0.0035428910795558405,0.0,0.0,0000,0.006567418404252627,0.0034546709869666212,25,25,1,Unanimous B/LB-directed,deployment_in_sample_not_validation,deployment
NC_000017.11:43092114:C:A,BRCA1,0,0.0024815042427008193,0.0,0.0005648454440152585,0.0,4.803549571694948e-08,0.0,0.00430266622391157,0.0,0.0,0000,0.0018372659865308412,0.0008111588983620245,25,25,1,Unanimous B/LB-directed,deployment_in_sample_not_validation,deployment
NC_000017.11:43092203:T:G,BRCA1,0,0.004780755978284101,0.0,0.0161483726956341,0.0,4.803549571694948e-08,0.0,0.009487550274362256,0.0,0.0,0000,0.007604181745944043,0.004082466665578967,25,25,1,Unanimous B/LB-directed,deployment_in_sample_not_validation,deployment
NC_000017.11:43092228:C:T,BRCA1,0,0.010828444108570978,0.0,0.0005854296085276293,0.0,1.1550125256579917e-05,0.0,0.006911606167340401,0.0,0.0,0000,0.004584257502423897,0.0022944004778662503,25,25,1,Unanimous B/LB-directed,deployment_in_sample_not_validation,deployment
NC_000017.11:43092234:G:A,BRCA1,0,0.0013892559566114672,0.0,0.003734845181749041,0.0,4.803549571694948e-08,0.0,0.0068102255332931315,0.0,0.0,0000,0.0029835936767873394,0.001407615785701755,25,25,1,Unanimous B/LB-directed,deployment_in_sample_not_validation,deployment
NC_000017.11:43092390:A:G,BRCA1,0,0.005416244067687277,0.0,0.011036445281854483,0.0,4.803549571694948e-08,0.0,0.017384139357959478,0.0,0.0,0000,0.00845921918574924,0.004609564386428849,25,25,1,Unanimous B/LB-directed,deployment_in_sample_not_validation,deployment
NC_000017.11:43092411:C:T,BRCA1,0,0.007208560028893519,0.0,4.3733723591554076e-05,0.0,2.3013136611602433e-05,0.0,0.004448799351940976,0.0,0.0,0000,0.002931026560259413,0.0013794483942824354,24,25,1,Unanimous B/LB-directed,deployment_in_sample_not_validation,deployment
NC_000017.11:43092417:T:C,BRCA1,0,0.020572912923936305,0.0,9.544775737514369e-05,0.0,4.803549571694948e-08,0.0,0.007393110542354355,0.0,0.0,0000,0.00701537981479038,0.0037243210958521227,24,25,1,Unanimous B/LB-directed,deployment_in_sample_not_validation,deployment
NC_000017.11:43092447:C:T,BRCA1,0,0.0030204634414743225,0.0,1.0526760428486054e-05,0.0,4.803549571694948e-08,0.0,0.005070338252980187,0.0,0.0,0000,0.002025344122594678,0.0009061787295144358,25,25,1,Unanimous B/LB-directed,deployment_in_sample_not_validation,deployment
NC_000017.11:43092506:C:T,BRCA1,0,0.007442962919788712,0.0,3.5219389179329116e-06,0.0,4.803549571694948e-08,0.0,0.003774579155474542,0.0,0.0,0000,0.0028052780124192263,0.0013123532664442458,25,25,1,Unanimous B/LB-directed,deployment_in_sample_not_validation,deployment
NC_000017.11:43092508:T:C,BRCA1,0,0.007174037570216044,0.0,3.2296642684683416e-06,0.0,4.803549571694948e-08,0.0,0.00612600767408145,0.0,0.0,0000,0.0033258307360154197,0.0015926385781831634,25,25,1,Unanimous B/LB-directed,deployment_in_sample_not_validation,deployment
NC_000017.11:43092595:G:A,BRCA1,0,0.006082721926424293,0.0,0.0003044297656625694,0.0,4.803549571694948e-08,0.0,0.005759038022960228,0.0,0.0,0000,0.003036559437635702,0.0014360664129643584,25,25,1,Unanimous B/LB-directed,deployment_in_sample_not_validation,deployment
NC_000017.11:43092651:C:T,BRCA1,0,0.049306799082876426,0.0,0.007931372352440229,0.0,0.0003677748323195352,0.0,0.03310727405027187,0.0,0.0,0000,0.022678305079477015,0.01421751674375023,25,25,1,Unanimous B/LB-directed,deployment_in_sample_not_validation,deployment
NC_000017.11:43092757:T:G,BRCA1,0,0.008573502264663224,0.0,2.1930006977785186e-05,0.0,4.803549571694948e-08,0.0,0.00419673633380925,0.0,0.0,0000,0.003198054160236494,0.0015232344534053725,25,25,1,Unanimous B/LB-directed,deployment_in_sample_not_validation,deployment
NC_000017.11:43092855:A:G,BRCA1,0,0.037275326913818095,0.0,0.01559154042888248,0.0,4.803549571694948e-08,0.0,0.019841518672949213,0.0,0.0,0000,0.018177108512786377,0.011037340692189765,25,25,1,Unanimous B/LB-directed,deployment_in_sample_not_validation,deployment
NC_000017.11:43092861:C:A,BRCA1,0,0.008098673145231586,0.0,3.3517649440202806e-05,0.0,4.803549571694948e-08,0.0,0.005400240914635085,0.0,0.0,0000,0.003383119936200648,0.001623877508012966,25,25,1,Unanimous B/LB-directed,deployment_in_sample_not_validation,deployment
NC_000017.11:43092918:G:A,BRCA1,0,0.0033167464566516073,0.0,2.4935785847740064e-06,0.0,4.803549571694948e-08,0.0,0.004754135860224442,0.0,0.0,0000,0.002018355982739135,0.0009026257290255961,24,25,1,Unanimous B/LB-directed,deployment_in_sample_not_validation,deployment
NC_000017.11:43092933:C:T,BRCA1,0,0.06482725942244501,0.0,0.3964754557250976,0.0,4.803549571694948e-08,0.0,0.026535603077978708,0.0,0.0,0000,0.12195959156525425,0.09909366521482216,25,25,1,Unanimous B/LB-directed,deployment_in_sample_not_validation,deployment
NC_000017.11:43092934:G:A,BRCA1,0,0.06476467418491477,0.0,0.32801202606983104,0.0,4.803549571694948e-08,0.0,0.0705431875943295,0.0,0.0,0000,0.11582998397114275,0.09331783126488458,25,25,1,Unanimous B/LB-directed,deployment_in_sample_not_validation,deployment
NC_000017.11:43092946:T:C,BRCA1,0,0.0037568348969662106,0.0,0.010586719464711057,0.0,4.803549571694948e-08,0.0,0.008020155480288315,0.0,0.0,0000,0.005590939469365325,0.002876081326357099,25,25,1,Unanimous B/LB-directed,deployment_in_sample_not_validation,deployment
NC_000017.11:43092964:A:G,BRCA1,0,5.714670237041346e-05,0.0,1.0180634293953514e-05,0.0,0.0004761864413919117,0.0,0.004994919440350234,0.0,0.0,0000,0.0013846083046016283,0.0005881734044915612,25,25,1,Unanimous B/LB-directed,deployment_in_sample_not_validation,deployment
NC_000017.11:43093008:C:T,BRCA1,0,0.004862941084832026,0.0,3.7285682285418255e-06,0.0,4.803549571694948e-08,0.0,0.004408921500229288,0.0,0.0,0000,0.002318909797196393,0.001056904664580432,25,25,1,Unanimous B/LB-directed,deployment_in_sample_not_validation,deployment
NC_000017.11:43093009:G:A,BRCA1,0,0.00325793753837371,0.0,7.273593040407121e-06,0.0,4.803549571694948e-08,0.0,0.003854663057808915,0.0,0.0,0000,0.0017799805561796874,0.0007824762363632719,25,25,1,Unanimous B/LB-directed,deployment_in_sample_not_validation,deployment
NC_000017.11:43093053:G:T,BRCA1,0,0.0029577401730084872,0.0,0.002957593185584469,0.0,4.803549571694948e-08,0.0,0.006193300016212598,0.0,0.0,0000,0.003027170352575318,0.0014310180029424547,25,25,1,Unanimous B/LB-directed,deployment_in_sample_not_validation,deployment
NC_000017.11:43093072:T:C,BRCA1,0,0.004861248741276619,0.0,2.336290871472501e-06,0.0,4.803549571694948e-08,0.0,0.004329145640707198,0.0,0.0,0000,0.0022981946770877517,0.0010461782337727835,25,25,1,Unanimous B/LB-directed,deployment_in_sample_not_validation,deployment
NC_000017.11:43093102:T:A,BRCA1,0,0.005584577306256232,0.0,0.021301762518176073,0.0,4.803549571694948e-08,0.0,0.010539009259308705,0.0,0.0,0000,0.009356349279809183,0.005170863992533248,25,25,1,Unanimous B/LB-directed,deployment_in_sample_not_validation,deployment
NC_000017.11:43093118:C:G,BRCA1,0,0.0029821679928689875,0.0,0.00015903387594083107,0.0,7.846071509495876e-06,0.0,0.004948381580286799,0.0,0.0,0000,0.0020243573801515284,0.0009056769347111648,25,25,1,Unanimous B/LB-directed,deployment_in_sample_not_validation,deployment
NC_000017.11:43093179:G:A,BRCA1,0,0.0007710832410007875,0.0,0.002184744840191742,0.0,4.803549571694948e-08,0.0,0.008094510099546414,0.0,0.0,0000,0.0027625965540586652,0.0012896734510847124,25,25,1,Unanimous B/LB-directed,deployment_in_sample_not_validation,deployment
NC_000017.11:43093215:A:G,BRCA1,0,0.0021032182250958847,0.0,0.01290193699954409,0.0,4.803549571694948e-08,0.0,0.0060370582740297265,0.0,0.0,0000,0.005260565383541355,0.002683417284508614,25,25,1,Unanimous B/LB-directed,deployment_in_sample_not_validation,deployment
NC_000017.11:43093363:T:C,BRCA1,0,0.0028264113361120657,0.0,5.073434623559005e-05,0.0,0.00013059340616197246,0.0,0.0030906093131073138,0.0,0.0,0000,0.0015245871004042355,0.0006561934555193771,25,25,1,Unanimous B/LB-directed,deployment_in_sample_not_validation,deployment
NC_000017.11:43093453:C:T,BRCA1,0,0.0040642311727531275,0.0,4.185112263585359e-06,0.0,2.3013136611602433e-05,0.0,0.00397532411503477,0.0,0.0,0000,0.0020166883841657712,0.0009017781169490201,24,25,1,Unanimous B/LB-directed,deployment_in_sample_not_validation,deployment
NC_000017.11:43093528:G:A,BRCA1,0,0.00257954487192661,0.0,0.00042870926705964246,0.0,7.846071509495876e-06,0.0,0.0046793601098834335,0.0,0.0,0000,0.0019238650800947955,0.0008547517037130226,25,25,1,Unanimous B/LB-directed,deployment_in_sample_not_validation,deployment
NC_000017.11:43093665:G:A,BRCA1,0,0.0029971156864839143,0.0,0.011616730648225878,0.0,4.803549571694948e-08,0.0,0.0050995917286127315,0.0,0.0,0000,0.00492837152470456,0.002491400093180951,25,25,1,Unanimous B/LB-directed,deployment_in_sample_not_validation,deployment
NC_000017.11:43093741:C:T,BRCA1,0,0.0070770886744334835,0.0,0.029622675003318055,0.0,4.803549571694948e-08,0.0,0.006550137433824484,0.0,0.0,0000,0.010812487286767935,0.0060982611448917486,25,25,1,Unanimous B/LB-directed,deployment_in_sample_not_validation,deployment
NC_000017.11:43093827:G:A,BRCA1,0,0.004412262175903293,0.0,0.0007168040450588468,0.0,4.803549571694948e-08,0.0,0.009117964111348024,0.0,0.0,0000,0.0035617695919514703,0.001721760265069947,25,25,1,Unanimous B/LB-directed,deployment_in_sample_not_validation,deployment
NC_000017.11:43093875:C:A,BRCA1,0,0.06483838033155184,0.0,0.07767066698147233,0.0,1.1550125256579917e-05,0.0,0.017342917409201217,0.0,0.0,0000,0.03996587871187049,0.027241847992234336,25,25,1,Unanimous B/LB-directed,deployment_in_sample_not_validation,deployment
NC_000017.11:43093882:T:G,BRCA1,0,0.003354709705827711,0.0,0.0004995172956087081,0.0,4.803549571694948e-08,0.0,0.005628430309267631,0.0,0.0,0000,0.002370676336549942,0.0010837673309852973,25,25,1,Unanimous B/LB-directed,deployment_in_sample_not_validation,deployment
NC_000017.11:43093914:G:A,BRCA1,0,0.005557653477333307,0.0,1.878548715027219e-05,0.0,4.803549571694948e-08,0.0,0.003738850471815577,0.0,0.0,0000,0.002328834367948718,0.001062048366793734,25,25,1,Unanimous B/LB-directed,deployment_in_sample_not_validation,deployment
NC_000017.11:43093996:G:A,BRCA1,0,0.01825350280241034,0.0,0.08068022541952065,0.0,4.803549571694948e-08,0.0,0.01341078808012222,0.0,0.0,0000,0.028086141084387232,0.018166478689891925,25,25,1,Unanimous B/LB-directed,deployment_in_sample_not_validation,deployment
NC_000017.11:43094043:C:T,BRCA1,0,0.021058100888246844,0.0,6.205878063728431e-06,0.0,4.803549571694948e-08,0.0,0.006972121403361957,0.0,0.0,0000,0.007009119051292061,0.003720535207231234,25,25,1,Unanimous B/LB-directed,deployment_in_sample_not_validation,deployment
NC_000017.11:43094044:G:A,BRCA1,0,0.0064094369424487554,0.0,7.656985265549443e-05,0.0,7.846071509495876e-06,0.0,0.00518473250945022,0.0,0.0,0000,0.0029196463440159916,0.001373359622240159,25,25,1,Unanimous B/LB-directed,deployment_in_sample_not_validation,deployment
NC_000017.11:43094074:A:G,BRCA1,0,0.007278550634246877,0.0,3.918080202645518e-06,0.0,4.803549571694948e-08,0.0,0.004190852054673465,0.0,0.0,0000,0.002868342201154676,0.001345951254333636,25,25,1,Unanimous B/LB-directed,deployment_in_sample_not_validation,deployment
NC_000017.11:43094103:T:C,BRCA1,0,0.0018034418204320355,0.0,5.391628743430288e-05,0.0,4.803549571694948e-08,0.0,0.003319534155609243,0.0,0.0,0000,0.0012942350747428245,0.0005447507487261949,25,25,1,Unanimous B/LB-directed,deployment_in_sample_not_validation,deployment
NC_000017.11:43094137:A:C,BRCA1,0,0.6788348925594377,1.0,0.9382428142646085,1.0,4.803549571694948e-08,0.0,0.07197826767330918,0.0,2.0,1100,0.4222640056332128,0.42017742585577955,25,25,1,Mixed votes,deployment_in_sample_not_validation,deployment
NC_000017.11:43094147:A:T,BRCA1,0,0.2674974875884019,0.0,0.7263749123773229,1.0,4.803549571694948e-08,0.0,0.0591654862641426,0.0,1.0,0100,0.26325948356634077,0.243327529193613,25,25,1,Mixed votes,deployment_in_sample_not_validation,deployment
NC_000017.11:43094297:A:C,BRCA1,0,0.0018372869312311727,0.0,8.13848990866772e-06,0.0,4.803549571694948e-08,0.0,0.0033337377770386025,0.0,0.0,0000,0.0012948028084185399,0.0005450222696315803,25,25,1,Unanimous B/LB-directed,deployment_in_sample_not_validation,deployment
NC_000017.11:43094393:A:C,BRCA1,0,0.00018201478704995186,0.0,0.0003961496233657265,0.0,4.803549571694948e-08,0.0,0.010277186167874292,0.0,0.0,0000,0.002713849653446422,0.0012638298910063362,25,25,1,Unanimous B/LB-directed,deployment_in_sample_not_validation,deployment
NC_000017.11:43094463:T:C,BRCA1,0,0.003367564005001978,0.0,1.9627256824936335e-05,0.0,4.803549571694948e-08,0.0,0.005402018477447094,0.0,0.0,0000,0.0021973144436924314,0.0009941341212358048,24,25,1,Unanimous B/LB-directed,deployment_in_sample_not_validation,deployment
NC_000017.11:43094494:G:A,BRCA1,0,0.008730588561143091,0.0,0.00014053635909522643,0.0,4.803549571694948e-08,0.0,0.01193456354056257,0.0,0.0,0000,0.0052014341240741516,0.002649109907363835,25,25,1,Unanimous B/LB-directed,deployment_in_sample_not_validation,deployment
NC_000017.11:43094529:G:A,BRCA1,0,0.00777902527679181,0.0,0.001058317218043652,0.0,4.803549571694948e-08,0.0,0.006282649979637036,0.0,0.0,0000,0.0037800101274920537,0.0018422623110583571,25,25,1,Unanimous B/LB-directed,deployment_in_sample_not_validation,deployment
NC_000017.11:43094584:T:C,BRCA1,0,0.003697755137529492,0.0,0.007902568320410076,0.0,4.803549571694948e-08,0.0,0.011846192790520533,0.0,0.0,0000,0.005861641070988954,0.003035150112593499,25,25,1,Unanimous B/LB-directed,deployment_in_sample_not_validation,deployment
NC_000017.11:43094707:C:T,BRCA1,0,0.0013785677222282735,0.0,0.0019073112169892027,0.0,4.803549571694948e-08,0.0,0.005837729479613334,0.0,0.0,0000,0.0022809141135816317,0.0010372404296278696,25,25,1,Unanimous B/LB-directed,deployment_in_sample_not_validation,deployment
NC_000017.11:43094719:C:T,BRCA1,0,0.0030533575856496577,0.0,0.0030051177365315166,0.0,4.803549571694948e-08,0.0,0.018156266784784787,0.0,0.0,0000,0.0060536975356154194,0.0031486384701206326,25,25,1,Unanimous B/LB-directed,deployment_in_sample_not_validation,deployment
NC_000017.11:43094794:A:C,BRCA1,0,0.009463664269732075,0.0,0.0008661384380589657,0.0,4.803549571694948e-08,0.0,0.006058261161190994,0.0,0.0,0000,0.004097027976119438,0.0020190261203072092,25,25,1,Unanimous B/LB-directed,deployment_in_sample_not_validation,deployment
NC_000017.11:43094814:T:C,BRCA1,0,0.006040865446369491,0.0,4.0022562397594367e-05,0.0,7.846071509495876e-06,0.0,0.004817685109242862,0.0,0.0,0000,0.0027266047973798606,0.0012705859781420629,25,25,1,Unanimous B/LB-directed,deployment_in_sample_not_validation,deployment
NC_000017.11:43095874:T:C,BRCA1,0,0.01526161518844762,0.0,0.0026916009796673235,0.0,4.803549571694948e-08,0.0,0.009739295049884812,0.0,0.0,0000,0.006923139813373868,0.0036685921975893477,25,25,1,Unanimous B/LB-directed,deployment_in_sample_not_validation,deployment
NC_000017.11:43097265:C:T,BRCA1,0,0.0019540977061709964,0.0,0.0010797859675068312,0.0,4.803549571694948e-08,0.0,0.005061742120488678,0.0,0.0,0000,0.0020239184574155555,0.0009054537371824998,25,25,1,Unanimous B/LB-directed,deployment_in_sample_not_validation,deployment
NC_000017.11:43097279:G:T,BRCA1,0,0.0012781484047271374,0.0,0.003298485756657923,0.0,4.803549571694948e-08,0.0,0.01906836011417608,0.0,0.0,0000,0.005911260577764215,0.0030644212817594117,25,25,1,Unanimous B/LB-directed,deployment_in_sample_not_validation,deployment
NC_000017.11:43099785:T:C,BRCA1,0,0.009332373318060576,0.0,0.04170909326340244,0.0,4.803549571694948e-08,0.0,0.022806295895608456,0.0,0.0,0000,0.0184619526281418,0.011235372376703388,25,25,1,Unanimous B/LB-directed,deployment_in_sample_not_validation,deployment
NC_000017.11:43099813:G:A,BRCA1,0,0.0012429589902353314,0.0,0.00040900361800944,0.0,4.803549571694948e-08,0.0,0.007115683325627336,0.0,0.0,0000,0.002191923492341956,0.0009913620576244093,25,25,1,Unanimous B/LB-directed,deployment_in_sample_not_validation,deployment
NC_000017.11:43104135:C:T,BRCA1,0,0.0034270949912795384,0.0,0.009761440342876683,0.0,8.993128520827814e-05,0.0,0.0075790461299976575,0.0,0.0,0000,0.005214378187340539,0.0026566152633924226,25,25,1,Unanimous B/LB-directed,deployment_in_sample_not_validation,deployment
NC_000017.11:43104137:G:T,BRCA1,0,0.004141911893793787,0.0,0.011864301807567321,0.0,7.846071509495876e-06,0.0,0.005010014289474412,0.0,0.0,0000,0.005256018515586254,0.002680777304932231,25,25,1,Unanimous B/LB-directed,deployment_in_sample_not_validation,deployment
NC_000017.11:43104166:G:T,BRCA1,0,0.0647614432594587,0.0,0.06760834011593292,0.0,7.846071509495876e-06,0.0,0.024909599351294515,0.0,0.0,0000,0.03932180719954891,0.026737450743799077,25,25,1,Unanimous B/LB-directed,deployment_in_sample_not_validation,deployment
NC_000017.11:43104248:T:C,BRCA1,0,0.003971891498180986,0.0,0.015227166711018331,0.0,4.803549571694948e-08,0.0,0.021550973532257784,0.0,0.0,0000,0.010187519944238204,0.005697866187876672,25,25,1,Unanimous B/LB-directed,deployment_in_sample_not_validation,deployment
NC_000017.11:43106468:C:A,BRCA1,0,0.0321051018102952,0.0,0.07605947413556333,0.0,1.1550125256579917e-05,0.0,0.0226551760652749,0.0,0.0,0000,0.032707825534097505,0.021637069080670812,25,25,1,Unanimous B/LB-directed,deployment_in_sample_not_validation,deployment
NC_000017.11:43115726:T:G,BRCA1,0,0.032492084190531394,0.0,0.21441688163214254,0.0,4.803549571694948e-08,0.0,0.023802828581158078,0.0,0.0,0000,0.06767796060983193,0.050016562691081755,24,25,1,Unanimous B/LB-directed,deployment_in_sample_not_validation,deployment
NC_000017.11:58695160:G:A,RAD51C,0,0.020336522043190565,0.0,0.007170592651953653,0.0,4.803549571694948e-08,0.0,0.006127442685686272,0.0,0.0,0000,0.008408651354081552,0.004578171161189938,25,25,1,Unanimous B/LB-directed,deployment_in_sample_not_validation,deployment
NC_000017.11:58720766:A:G,RAD51C,0,0.007292105201845911,0.0,0.01061096717549723,0.0,4.803549571694948e-08,0.0,0.019876655810499556,0.0,0.0,0000,0.009444944055834605,0.005226727156252052,25,25,1,Unanimous B/LB-directed,deployment_in_sample_not_validation,deployment
NC_000017.11:61744452:T:C,BRIP1,0,0.005405001643946091,0.0,3.8127385788724035e-05,0.0,4.803549571694948e-08,0.0,0.00844547998395227,0.0,0.0,0000,0.0034721642622957006,0.0016725776952151794,25,25,1,Unanimous B/LB-directed,deployment_in_sample_not_validation,deployment
NC_000017.11:61793636:T:C,BRIP1,0,0.0006918952733352908,0.0,0.00031874975204549896,0.0,4.803549571694948e-08,0.0,0.006268857530006335,0.0,0.0,0000,0.0018198876477207105,0.0008024444413380074,25,25,1,Unanimous B/LB-directed,deployment_in_sample_not_validation,deployment
NC_000017.11:61847143:A:G,BRIP1,0,0.00461488461746928,0.0,0.0004732310806454504,0.0,4.803549571694948e-08,0.0,0.009389028205901298,0.0,0.0,0000,0.0036192979848779366,0.0017534275441886688,25,25,1,Unanimous B/LB-directed,deployment_in_sample_not_validation,deployment
NC_000017.11:61847150:C:T,BRIP1,0,0.009243717803706988,0.0,1.5524908492624028e-05,0.0,4.803549571694948e-08,0.0,0.004408682811602487,0.0,0.0,0000,0.003416993389824454,0.0016423828657783717,25,25,1,Unanimous B/LB-directed,deployment_in_sample_not_validation,deployment
NC_000017.11:61849205:C:T,BRIP1,0,0.01321499154404996,0.0,3.445053473689476e-05,0.0,4.803549571694948e-08,0.0,0.010084871644797658,0.0,0.0,0000,0.005833590439770058,0.0030186181292387137,25,25,1,Unanimous B/LB-directed,deployment_in_sample_not_validation,deployment
NC_000019.10:1223125:C:G,STK11,0,0.01806481340997995,0.0,0.00010658143633234775,0.0,4.803549571694948e-08,0.0,0.0035963395255757566,0.0,0.0,0000,0.005441945601845942,0.0027889885150550867,25,25,1,Unanimous B/LB-directed,deployment_in_sample_not_validation,deployment
NC_000022.11:28695158:A:C,CHEK2,0,0.06475119838817375,0.0,0.17151677950507105,0.0,4.803549571694948e-08,0.0,0.02283329880056962,0.0,0.0,0000,0.06477533118232753,0.04754396236470576,24,25,1,Unanimous B/LB-directed,deployment_in_sample_not_validation,deployment
NC_000022.11:28734467:G:A,CHEK2,0,0.0028496896182404995,0.0,0.0013124103373971267,0.0,4.803549571694948e-08,0.0,0.007531425435447546,0.0,0.0,0000,0.0029233933566452223,0.0013753640290194592,24,25,1,Unanimous B/LB-directed,deployment_in_sample_not_validation,deployment
NC_000010.11:87862429:A:G,PTEN,0,,,,,,,,,,,,,1,25,0,,deployment_in_sample_not_validation,deployment
NC_000010.11:87863956:G:T,PTEN,0,,,,,,,,,,,,,2,25,0,,deployment_in_sample_not_validation,deployment
NC_000010.11:87863958:G:A,PTEN,0,,,,,,,,,,,,,2,25,0,,deployment_in_sample_not_validation,deployment
NC_000010.11:87864003:G:A,PTEN,0,,,,,,,,,,,,,2,25,0,,deployment_in_sample_not_validation,deployment
NC_000010.11:87864140:C:T,PTEN,0,,,,,,,,,,,,,2,25,0,,deployment_in_sample_not_validation,deployment
NC_000010.11:87864179:A:T,PTEN,0,,,,,,,,,,,,,2,25,0,,deployment_in_sample_not_validation,deployment
NC_000010.11:87864185:C:T,PTEN,0,,,,,,,,,,,,,2,25,0,,deployment_in_sample_not_validation,deployment
NC_000010.11:87864217:T:C,PTEN,0,,,,,,,,,,,,,2,25,0,,deployment_in_sample_not_validation,deployment
NC_000010.11:87864457:A:T,PTEN,0,,,,,,,,,,,,,2,25,0,,deployment_in_sample_not_validation,deployment
NC_000010.11:87960983:C:G,PTEN,0,0.0013716734068929173,0.0,0.03599725451956912,0.0,9.607113959279163e-05,0.0,0.031093764247774765,0.0,0.0,0000,0.0171396908284574,0.010320055792482683,25,25,1,Unanimous B/LB-directed,deployment_in_sample_not_validation,deployment
NC_000011.10:108227778:G:C,ATM,0,0.06481479192092321,0.0,0.048469360269040015,0.0,4.803549571694948e-08,0.0,0.029825286068478323,0.0,0.0,0000,0.03577737157348432,0.02398567476131605,25,25,1,Unanimous B/LB-directed,deployment_in_sample_not_validation,deployment
NC_000011.10:108227826:C:T,ATM,0,0.014663737750185812,0.0,0.00022728339414313406,0.0,4.803549571694948e-08,0.0,0.014746943459137556,0.0,0.0,0000,0.007409503159740555,0.003963598919085496,25,25,1,Unanimous B/LB-directed,deployment_in_sample_not_validation,deployment
NC_000011.10:108243958:T:A,ATM,0,0.009992066278904442,0.0,0.004449319505708731,0.0,4.803549571694948e-08,0.0,0.008908627827717203,0.0,0.0,0000,0.005837515411956523,0.003020930686503557,25,25,1,Unanimous B/LB-directed,deployment_in_sample_not_validation,deployment
NC_000011.10:108244064:C:A,ATM,0,0.06374538524938042,0.0,0.004506301901398971,0.0,7.846071509495876e-06,0.0,0.02019578442176036,0.0,0.0,0000,0.022113829411012313,0.013813024622325082,25,25,1,Unanimous B/LB-directed,deployment_in_sample_not_validation,deployment
NC_000011.10:108244101:G:A,ATM,0,0.0071357854496552275,0.0,0.002167610584743994,0.0,4.803549571694948e-08,0.0,0.017049774127725015,0.0,0.0,0000,0.006588304549404988,0.003467186877325556,25,25,1,Unanimous B/LB-directed,deployment_in_sample_not_validation,deployment
NC_000011.10:108250926:T:A,ATM,0,0.7826312636135122,1.0,0.8978144469234217,1.0,4.803549571694948e-08,0.0,0.0869410660778314,0.0,2.0,1100,0.4418467061625653,0.44240052500846655,25,25,1,Mixed votes,deployment_in_sample_not_validation,deployment
NC_000011.10:108251896:A:C,ATM,0,0.006168781962111755,0.0,0.0014727090000918033,0.0,4.803549571694948e-08,0.0,0.014346605513480592,0.0,0.0,0000,0.005497036127794967,0.0028211524940056558,25,25,1,Unanimous B/LB-directed,deployment_in_sample_not_validation,deployment
NC_000011.10:108251974:C:G,ATM,0,0.0018234977870991418,0.0,0.000936153619874741,0.0,4.803549571694948e-08,0.0,0.01045201239873431,0.0,0.0,0000,0.0033029279603009774,0.0015801708651856108,25,25,1,Unanimous B/LB-directed,deployment_in_sample_not_validation,deployment
NC_000011.10:108251988:G:C,ATM,0,0.020478682942088978,0.0,0.0006456003221513451,0.0,4.803549571694948e-08,0.0,0.028812828017740304,0.0,0.0,0000,0.012484289829369086,0.007185464809718137,25,25,1,Unanimous B/LB-directed,deployment_in_sample_not_validation,deployment
NC_000011.10:108252005:A:G,ATM,0,0.019783186023753344,0.0,0.0006172371948318498,0.0,4.803549571694948e-08,0.0,0.006333181797350972,0.0,0.0,0000,0.006683413262857971,0.003524251013785001,25,25,1,Unanimous B/LB-directed,deployment_in_sample_not_validation,deployment
NC_000011.10:108253842:T:C,ATM,0,0.009927613330316295,0.0,6.819348793129021e-05,0.0,4.803549571694948e-08,0.0,0.007176711040552112,0.0,0.0,0000,0.004293141473573853,0.00212934505186069,25,25,1,Unanimous B/LB-directed,deployment_in_sample_not_validation,deployment
NC_000011.10:108253992:G:A,ATM,0,0.005798221690040138,0.0,2.00711809244454e-05,0.0,4.803549571694948e-08,0.0,0.012973999935501792,0.0,0.0,0000,0.004698085210490524,0.0023593431422480374,25,25,1,Unanimous B/LB-directed,deployment_in_sample_not_validation,deployment
NC_000011.10:108254033:T:A,ATM,0,0.013145741617216123,0.0,2.6434634462963908e-05,0.0,3.514088573314591e-05,0.0,0.011572429818370531,0.0,0.0,0000,0.006194936738945691,0.003232424199635376,24,25,1,Unanimous B/LB-directed,deployment_in_sample_not_validation,deployment
NC_000011.10:108267248:G:A,ATM,0,0.0064174381265110795,0.0,0.00010651054877556153,0.0,4.803549571694948e-08,0.0,0.005767332830432816,0.0,0.0,0000,0.0030728323853037934,0.001455590264982879,25,25,1,Unanimous B/LB-directed,deployment_in_sample_not_validation,deployment
NC_000011.10:108267277:T:G,ATM,0,0.0011660773731742725,0.0,0.001355318447622537,0.0,7.846071509495876e-06,0.0,0.005059534650394279,0.0,0.0,0000,0.001897194135675146,0.0008412965717215114,25,25,1,Unanimous B/LB-directed,deployment_in_sample_not_validation,deployment
NC_000011.10:108267287:C:A,ATM,0,0.021685612925985427,0.0,3.578558720149164e-05,0.0,4.803549571694948e-08,0.0,0.004266517508503138,0.0,0.0,0000,0.006496991014296443,0.003412509436349075,25,25,1,Unanimous B/LB-directed,deployment_in_sample_not_validation,deployment
NC_000011.10:108267300:T:G,ATM,0,0.015572370782846734,0.0,0.000696894704672776,0.0,7.846071509495876e-06,0.0,0.003786405774512385,0.0,0.0,0000,0.005015879333385347,0.0025418107164446122,25,25,1,Unanimous B/LB-directed,deployment_in_sample_not_validation,deployment
NC_000011.10:108272772:C:T,ATM,0,0.018467251707645266,0.0,0.0022876152167629355,0.0,6.117596971532332e-05,0.0,0.011259697199336336,0.0,0.0,0000,0.008018935023364964,0.004337145189566033,25,25,1,Unanimous B/LB-directed,deployment_in_sample_not_validation,deployment
NC_000011.10:108284442:G:T,ATM,0,0.06487359017736648,0.0,0.002017453765093933,0.0,7.846071509495876e-06,0.0,0.02234405360707683,0.0,0.0,0000,0.022310735905261683,0.013953948069088711,25,25,1,Unanimous B/LB-directed,deployment_in_sample_not_validation,deployment
NC_000011.10:108287702:G:A,ATM,0,0.007034564246505187,0.0,2.0340573657044737e-05,0.0,4.803549571694948e-08,0.0,0.014023594015106364,0.0,0.0,0000,0.005269636717691078,0.0026886851947469804,25,25,1,Unanimous B/LB-directed,deployment_in_sample_not_validation,deployment
NC_000011.10:108289798:A:T,ATM,0,0.06480950742456554,0.0,0.009952947102497884,0.0,4.803549571694948e-08,0.0,0.017160839050761455,0.0,0.0,0000,0.022980835403330152,0.01443493648997254,25,25,1,Unanimous B/LB-directed,deployment_in_sample_not_validation,deployment
NC_000011.10:108293403:A:T,ATM,0,0.007176029381553479,0.0,0.00017774815861406818,0.0,4.803549571694948e-08,0.0,0.00855598013457665,0.0,0.0,0000,0.003977451427559979,0.0019521198572275697,25,25,1,Unanimous B/LB-directed,deployment_in_sample_not_validation,deployment
NC_000011.10:108301775:C:A,ATM,0,0.06486094724215954,0.0,0.04080076357935151,0.0,4.803549571694948e-08,0.0,0.053079021243371535,0.0,0.0,0000,0.03968519502509457,0.02702187292343949,25,25,1,Unanimous B/LB-directed,deployment_in_sample_not_validation,deployment
NC_000011.10:108302886:C:A,ATM,0,0.009996953601827388,0.0,0.011786617312137423,0.0,4.803549571694948e-08,0.0,0.02361015702717204,0.0,0.0,0000,0.011348443994158141,0.006444315790683042,25,25,1,Unanimous B/LB-directed,deployment_in_sample_not_validation,deployment
NC_000011.10:108302999:A:G,ATM,0,0.007128379599288772,0.0,0.0002826457227219,0.0,4.803549571694948e-08,0.0,0.006887802903447009,0.0,0.0,0000,0.00357471906523835,0.0017288823142586006,25,25,1,Unanimous B/LB-directed,deployment_in_sample_not_validation,deployment
NC_000011.10:108304797:C:T,ATM,0,0.0022309018270208667,0.0,6.387134953505492e-05,0.0,4.803549571694948e-08,0.0,0.004528992499656509,0.0,0.0,0000,0.0017059534279270368,0.0007455990150492217,25,25,1,Unanimous B/LB-directed,deployment_in_sample_not_validation,deployment
NC_000011.10:108312473:A:T,ATM,0,0.06481308374408046,0.0,0.15218211909793436,0.0,4.803549571694948e-08,0.0,0.03708018130652132,0.0,0.0,0000,0.06351885804600796,0.04647934835184568,24,25,1,Unanimous B/LB-directed,deployment_in_sample_not_validation,deployment
NC_000011.10:108315882:G:C,ATM,0,0.09870730599268855,0.0,0.3571423830029139,0.0,4.803549571694948e-08,0.0,0.0799359844456641,0.0,0.0,0000,0.13394643036919057,0.1105349292331445,25,25,1,Unanimous B/LB-directed,deployment_in_sample_not_validation,deployment
NC_000011.10:108325389:G:A,ATM,0,0.06489282078994404,0.0,0.29342965091027695,0.0,4.803549571694948e-08,0.0,0.07229502481620571,0.0,0.0,0000,0.1076543861379806,0.08569759482823493,25,25,1,Unanimous B/LB-directed,deployment_in_sample_not_validation,deployment
NC_000011.10:108325453:G:T,ATM,0,0.0014940577979464075,0.0,0.0003005372088144869,0.0,4.803549571694948e-08,0.0,0.006168540273048969,0.0,0.0,0000,0.001990795828826395,0.0008886297882070613,24,25,1,Unanimous B/LB-directed,deployment_in_sample_not_validation,deployment
NC_000011.10:108327646:C:G,ATM,0,0.0648165380332936,0.0,0.41180530400706616,0.0,4.803549571694948e-08,0.0,0.09330173690449262,0.0,0.0,0000,0.142480906745087,0.11879242533688132,24,25,1,Unanimous B/LB-directed,deployment_in_sample_not_validation,deployment
NC_000011.10:108329039:A:G,ATM,0,0.00807735417657278,0.0,0.0003339704488910717,0.0,4.803549571694948e-08,0.0,0.006989737711715535,0.0,0.0,0000,0.003850277593168776,0.0018812700474366546,25,25,1,Unanimous B/LB-directed,deployment_in_sample_not_validation,deployment
NC_000011.10:108329057:G:A,ATM,0,0.0014489797771724106,0.0,0.00034398439260057426,0.0,4.803549571694948e-08,0.0,0.004719029064770925,0.0,0.0,0000,0.0016280103175099069,0.0007070080167054136,24,25,1,Unanimous B/LB-directed,deployment_in_sample_not_validation,deployment
NC_000011.10:108330409:G:A,ATM,0,0.059508504484235614,0.0,0.004785487867485307,0.0,4.757659135428258e-05,0.0,0.027719550838205893,0.0,0.0,0000,0.023015279945320273,0.014459718485417352,25,25,1,Unanimous B/LB-directed,deployment_in_sample_not_validation,deployment
NC_000011.10:108334990:G:A,ATM,0,0.009710841870929536,0.0,4.2555277980922604e-05,0.0,4.803549571694948e-08,0.0,0.010686662546189449,0.0,0.0,0000,0.005110026932648906,0.002596184264904044,25,25,1,Unanimous B/LB-directed,deployment_in_sample_not_validation,deployment
NC_000011.10:108365158:T:G,ATM,0,0.040645130949960605,0.0,0.0013358686877631629,0.0,3.514088573314591e-05,0.0,0.00561323613585454,0.0,0.0,0000,0.011907344164827863,0.006807718043358384,25,25,1,Unanimous B/LB-directed,deployment_in_sample_not_validation,deployment
NC_000011.10:108365448:C:A,ATM,0,0.23703993902423517,0.0,0.2973863500253505,0.0,0.0007163687615909804,0.0,0.061405369725622855,0.0,0.0,0000,0.14913700688419987,0.12529336095613264,25,25,1,Unanimous B/LB-directed,deployment_in_sample_not_validation,deployment
NC_000013.11:32326142:T:A,BRCA2,0,0.007667697710020633,0.0,0.000491787886789456,0.0,4.803549571694948e-08,0.0,0.005663001611423734,0.0,0.0,0000,0.0034556338109323847,0.00166352359030773,22,25,1,Unanimous B/LB-directed,deployment_in_sample_not_validation,deployment
NC_000013.11:32326517:A:G,BRCA2,0,0.005648950730788343,0.0,0.0006028826227449691,0.0,4.803549571694948e-08,0.0,0.0044486575016710805,0.0,0.0,0000,0.0026751347226750275,0.0012433504982271794,22,25,1,Unanimous B/LB-directed,deployment_in_sample_not_validation,deployment
NC_000013.11:32329473:T:G,BRCA2,0,0.03117313146631857,0.0,0.036737302688913495,0.0,4.803549571694948e-08,0.0,0.01657983309068248,0.0,0.0,0000,0.021122578820352567,0.01310651340386449,22,25,1,Unanimous B/LB-directed,deployment_in_sample_not_validation,deployment
NC_000013.11:32330998:A:T,BRCA2,0,0.010279794351592627,0.0,0.0010236165272098437,0.0,7.846071509495876e-06,0.0,0.004752753005958856,0.0,0.0,0000,0.004016002489067705,0.001973659963660586,22,25,1,Unanimous B/LB-directed,deployment_in_sample_not_validation,deployment
NC_000013.11:32332273:T:C,BRCA2,0,0.006783794833924638,0.0,0.000838114773820062,0.0,4.803549571694948e-08,0.0,0.00576166310180781,0.0,0.0,0000,0.0033459051862620567,0.0016035764314288757,22,25,1,Unanimous B/LB-directed,deployment_in_sample_not_validation,deployment
NC_000013.11:32332342:A:C,BRCA2,0,0.011093134328638407,0.0,0.0004461402488455709,0.0,4.803549571694948e-08,0.0,0.004533065008315727,0.0,0.0,0000,0.0040180969053238555,0.0019748310311000802,21,25,1,Unanimous B/LB-directed,deployment_in_sample_not_validation,deployment
NC_000013.11:32332345:G:C,BRCA2,0,0.0058799171373305715,0.0,0.0009413518483655114,0.0,7.846071509495876e-06,0.0,0.004528201778166785,0.0,0.0,0000,0.002839329208843091,0.001330481496470151,22,25,1,Unanimous B/LB-directed,deployment_in_sample_not_validation,deployment
NC_000013.11:32332385:C:T,BRCA2,0,0.014977237542041987,0.0,0.003042227397128423,0.0,4.803549571694948e-08,0.0,0.010885109715018295,0.0,0.0,0000,0.0072261556724211055,0.003852055074607953,22,25,1,Unanimous B/LB-directed,deployment_in_sample_not_validation,deployment
NC_000013.11:32332427:C:G,BRCA2,0,0.007459104328468281,0.0,0.00033482621263091795,0.0,7.846071509495876e-06,0.0,0.016918801833769797,0.0,0.0,0000,0.006180144611594622,0.003223636471594513,22,25,1,Unanimous B/LB-directed,deployment_in_sample_not_validation,deployment
NC_000013.11:32332440:A:C,BRCA2,0,0.007314612142694192,0.0,0.005739240755248208,0.0,7.846071509495876e-06,0.0,0.01108711503233477,0.0,0.0,0000,0.006037203500446666,0.003138871766807623,22,25,1,Unanimous B/LB-directed,deployment_in_sample_not_validation,deployment
NC_000013.11:32332549:G:A,BRCA2,0,0.005880626523828937,0.0,0.0002211615711242678,0.0,4.803549571694948e-08,0.0,0.004717009805553198,0.0,0.0,0000,0.00270471148400053,0.0012589923248193457,22,25,1,Unanimous B/LB-directed,deployment_in_sample_not_validation,deployment
NC_000013.11:32332558:A:G,BRCA2,0,0.004508414531162018,0.0,0.00022812419553255042,0.0,4.803549571694948e-08,0.0,0.009808415048843581,0.0,0.0,0000,0.0036362504527584667,0.0017627726740824662,22,25,1,Unanimous B/LB-directed,deployment_in_sample_not_validation,deployment
NC_000013.11:32332583:A:G,BRCA2,0,0.011330959380797784,0.0,0.0002496763554907083,0.0,4.803549571694948e-08,0.0,0.004229023604489177,0.0,0.0,0000,0.003952426844068347,0.0019381531223423467,22,25,1,Unanimous B/LB-directed,deployment_in_sample_not_validation,deployment
NC_000013.11:32332591:A:C,BRCA2,0,0.024581008342953632,0.0,0.0005188111061033249,0.0,4.803549571694948e-08,0.0,0.004743976990974593,0.0,0.0,0000,0.007460961118881816,0.003994975630627305,20,25,1,Unanimous B/LB-directed,deployment_in_sample_not_validation,deployment
NC_000013.11:32332594:C:A,BRCA2,0,0.022491857078931823,0.0,0.005408638019989542,0.0,0.00021432201278645974,0.0,0.011444165402116995,0.0,0.0,0000,0.009889745628456206,0.0055083232531572095,22,25,1,Unanimous B/LB-directed,deployment_in_sample_not_validation,deployment
NC_000013.11:32332601:C:T,BRCA2,0,0.009259701466784492,0.0,0.000559537183140881,0.0,4.803549571694948e-08,0.0,0.010792464979874239,0.0,0.0,0000,0.005152937916323833,0.002621013722866399,22,25,1,Unanimous B/LB-directed,deployment_in_sample_not_validation,deployment
NC_000013.11:32332606:G:C,BRCA2,0,0.022554097305895873,0.0,0.002285724066337863,0.0,7.846071509495876e-06,0.0,0.009848688242339849,0.0,0.0,0000,0.00867408892152077,0.004743256460084733,22,25,1,Unanimous B/LB-directed,deployment_in_sample_not_validation,deployment
NC_000013.11:32332776:C:A,BRCA2,0,0.006064655115641115,0.0,0.00013804459968582442,0.0,4.803549571694948e-08,0.0,0.0036056776831586905,0.0,0.0,0000,0.002452106358495337,0.0011261864276210227,22,25,1,Unanimous B/LB-directed,deployment_in_sample_not_validation,deployment
NC_000013.11:32332790:A:T,BRCA2,0,0.013403196202592598,0.0,0.0005367093473111911,0.0,4.803549571694948e-08,0.0,0.004644918872837855,0.0,0.0,0000,0.00464621811455934,0.002329723512095516,22,25,1,Unanimous B/LB-directed,deployment_in_sample_not_validation,deployment
NC_000013.11:32332794:T:A,BRCA2,0,0.009978084207369012,0.0,0.00041543553257364146,0.0,7.846071509495876e-06,0.0,0.004209456943838882,0.0,0.0,0000,0.003652705688822758,0.001771849502548295,22,25,1,Unanimous B/LB-directed,deployment_in_sample_not_validation,deployment
NC_000013.11:32332831:C:A,BRCA2,0,0.012099691924251007,0.0,0.00028611852554872344,0.0,4.803549571694948e-08,0.0,0.004308861665392295,0.0,0.0,0000,0.004173680037671935,0.002062059041084822,22,25,1,Unanimous B/LB-directed,deployment_in_sample_not_validation,deployment
NC_000013.11:32332850:C:G,BRCA2,0,0.015634280731869187,0.0,0.00026155477211701534,0.0,4.803549571694948e-08,0.0,0.00350610354725234,0.0,0.0,0000,0.004850496771683565,0.00244664417166034,22,25,1,Unanimous B/LB-directed,deployment_in_sample_not_validation,deployment
NC_000013.11:32332936:G:T,BRCA2,0,0.01534893976403402,0.0,0.00020616403402587148,0.0,4.803549571694948e-08,0.0,0.005411449437225298,0.0,0.0,0000,0.0052416503176952265,0.0026724370246503275,22,25,1,Unanimous B/LB-directed,deployment_in_sample_not_validation,deployment
NC_000013.11:32332973:A:G,BRCA2,0,0.010575757207588028,0.0,0.0019903052931211454,0.0,7.846071509495876e-06,0.0,0.0071517206852215135,0.0,0.0,0000,0.0049314073143600454,0.0024931468316610056,22,25,1,Unanimous B/LB-directed,deployment_in_sample_not_validation,deployment
NC_000013.11:32332990:A:G,BRCA2,0,0.015961053053829038,0.0,0.00017985979724923748,0.0,4.803549571694948e-08,0.0,0.004651007815614558,0.0,0.0,0000,0.005197992175547137,0.00264711460371388,22,25,1,Unanimous B/LB-directed,deployment_in_sample_not_validation,deployment
NC_000013.11:32333092:G:A,BRCA2,0,0.010259152940853795,0.0,0.00012040322882201211,0.0,4.803549571694948e-08,0.0,0.005947415612777489,0.0,0.0,0000,0.004081754954487253,0.002010465105884887,22,25,1,Unanimous B/LB-directed,deployment_in_sample_not_validation,deployment
NC_000013.11:32333103:A:G,BRCA2,0,0.009302171621389792,0.0,0.0005557209538133871,0.0,7.846071509495876e-06,0.0,0.009072755321487332,0.0,0.0,0000,0.004734623492050002,0.0023802365228105657,22,25,1,Unanimous B/LB-directed,deployment_in_sample_not_validation,deployment
NC_000013.11:32333152:G:A,BRCA2,0,0.020469977343717468,0.0,0.002363316392295233,0.0,4.803549571694948e-08,0.0,0.003979327156206813,0.0,0.0,0000,0.006703167231928807,0.00353611765719081,22,25,1,Unanimous B/LB-directed,deployment_in_sample_not_validation,deployment
NC_000013.11:32333155:A:G,BRCA2,0,0.007686668217945293,0.0,0.00039352730739008405,0.0,4.803549571694948e-08,0.0,0.003983220477763765,0.0,0.0,0000,0.0030158660096487144,0.0014249426584509533,22,25,1,Unanimous B/LB-directed,deployment_in_sample_not_validation,deployment
NC_000013.11:32333224:T:A,BRCA2,0,0.02475278163013568,0.0,0.02406436640779248,0.0,4.803549571694948e-08,0.0,0.013600876629489202,0.0,0.0,0000,0.015604518175728272,0.009270512455586489,22,25,1,Unanimous B/LB-directed,deployment_in_sample_not_validation,deployment
NC_000013.11:32333273:C:T,BRCA2,0,0.0263471505775121,0.0,0.0064065059931562056,0.0,4.803549571694948e-08,0.0,0.01012771479801923,0.0,0.0,0000,0.010720354851045813,0.006039019862197153,22,25,1,Unanimous B/LB-directed,deployment_in_sample_not_validation,deployment
NC_000013.11:32333281:G:A,BRCA2,0,0.01824148737823372,0.0,0.004656802834740322,0.0,0.0001467201218351483,0.0,0.008987893389872466,0.0,0.0,0000,0.008008225931170414,0.004330545210459582,22,25,1,Unanimous B/LB-directed,deployment_in_sample_not_validation,deployment
NC_000013.11:32333329:G:C,BRCA2,0,0.015796276392669856,0.0,0.003460770514930364,0.0,7.846071509495876e-06,0.0,0.004939939344366729,0.0,0.0,0000,0.006051208080869111,0.003147164134686437,22,25,1,Unanimous B/LB-directed,deployment_in_sample_not_validation,deployment
NC_000013.11:32333342:C:T,BRCA2,0,0.015429045441012614,0.0,0.003838300591050237,0.0,4.803549571694948e-08,0.0,0.012808982140015626,0.0,0.0,0000,0.008019094051893548,0.004337243207818868,22,25,1,Unanimous B/LB-directed,deployment_in_sample_not_validation,deployment
NC_000013.11:32336291:G:A,BRCA2,0,0.01691654383378778,0.0,0.0008294216346609645,0.0,4.803549571694948e-08,0.0,0.0035431653940939827,0.0,0.0,0000,0.005322294724509611,0.002719289899164187,22,25,1,Unanimous B/LB-directed,deployment_in_sample_not_validation,deployment
NC_000013.11:32336292:C:A,BRCA2,0,0.008041049484589958,0.0,0.0005367516643650646,0.0,4.803549571694948e-08,0.0,0.006760182249650905,0.0,0.0,0000,0.0038345078585254114,0.0018725070616258843,22,25,1,Unanimous B/LB-directed,deployment_in_sample_not_validation,deployment
NC_000013.11:32336473:G:T,BRCA2,0,0.06484584282812642,0.0,0.024989815309940495,0.0,7.846071509495876e-06,0.0,0.010228252079238232,0.0,0.0,0000,0.02501793907220366,0.01591007540912009,22,25,1,Unanimous B/LB-directed,deployment_in_sample_not_validation,deployment
NC_000013.11:32336492:A:C,BRCA2,0,0.06477556590373344,0.0,0.15989124728344103,0.0,1.1550125256579917e-05,0.0,0.013859087972761863,0.0,0.0,0000,0.05963436282129823,0.04321050749720037,22,25,1,Unanimous B/LB-directed,deployment_in_sample_not_validation,deployment
NC_000013.11:32336563:G:T,BRCA2,0,0.020403416062957525,0.0,0.004496166928603711,0.0,7.846071509495876e-06,0.0,0.00669070530376884,0.0,0.0,0000,0.007899533591709893,0.004263629959056161,22,25,1,Unanimous B/LB-directed,deployment_in_sample_not_validation,deployment
NC_000013.11:32336573:C:T,BRCA2,0,0.014006537064240385,0.0,0.0024934428384934255,0.0,4.803549571694948e-08,0.0,0.007116121885527438,0.0,0.0,0000,0.005904037455939241,0.0030601581091605594,22,25,1,Unanimous B/LB-directed,deployment_in_sample_not_validation,deployment
NC_000013.11:32336575:G:T,BRCA2,0,0.020068346767328073,0.0,0.007195677790200898,0.0,2.2533855864021865e-05,0.0,0.006831453517499298,0.0,0.0,0000,0.008529502982723073,0.004653242131178934,22,25,1,Unanimous B/LB-directed,deployment_in_sample_not_validation,deployment
NC_000013.11:32336597:A:G,BRCA2,0,0.019919598275421387,0.0,0.010179682927913561,0.0,1.1550125256579917e-05,0.0,0.0057129656877509555,0.0,0.0,0000,0.00895594925408562,0.004919348970975594,22,25,1,Unanimous B/LB-directed,deployment_in_sample_not_validation,deployment
NC_000013.11:32336603:A:G,BRCA2,0,0.02009372191596607,0.0,0.005274201766060966,0.0,1.1550125256579917e-05,0.0,0.007557297347249395,0.0,0.0,0000,0.008234192788633252,0.004470072782758363,22,25,1,Unanimous B/LB-directed,deployment_in_sample_not_validation,deployment
NC_000013.11:32336629:C:T,BRCA2,0,0.026755745053755692,0.0,0.001192093703269124,0.0,1.1550125256579917e-05,0.0,0.005047472361447107,0.0,0.0,0000,0.008251715310932125,0.004480915458181721,22,25,1,Unanimous B/LB-directed,deployment_in_sample_not_validation,deployment
NC_000013.11:32336757:C:A,BRCA2,0,0.01405727936912062,0.0,0.0019406418610548467,0.0,4.803549571694948e-08,0.0,0.005048923848402136,0.0,0.0,0000,0.00526172327851833,0.002684089626899517,22,25,1,Unanimous B/LB-directed,deployment_in_sample_not_validation,deployment
NC_000013.11:32336808:T:A,BRCA2,0,0.06475911532439935,0.0,0.3594235629082622,0.0,1.1550125256579917e-05,0.0,0.030280793259811926,0.0,0.0,0000,0.1136187554044325,0.09124721279425925,22,25,1,Unanimous B/LB-directed,deployment_in_sample_not_validation,deployment
NC_000013.11:32336836:T:C,BRCA2,0,0.048036009117896135,0.0,0.18440637172660584,0.0,7.846071509495876e-06,0.0,0.00861790239500073,0.0,0.0,0000,0.06026703232775305,0.04374054514971228,22,25,1,Unanimous B/LB-directed,deployment_in_sample_not_validation,deployment
NC_000013.11:32336837:A:G,BRCA2,0,0.010949298316887754,0.0,0.017412039271350464,0.0,1.1550125256579917e-05,0.0,0.013461530985049971,0.0,0.0,0000,0.01045860467463619,0.005871117420415557,22,25,1,Unanimous B/LB-directed,deployment_in_sample_not_validation,deployment
NC_000013.11:32336857:C:T,BRCA2,0,0.011672688588197054,0.0,0.001867896065080676,0.0,1.1550125256579917e-05,0.0,0.0055882191213910805,0.0,0.0,0000,0.0047850884749813475,0.002409130626566909,22,25,1,Unanimous B/LB-directed,deployment_in_sample_not_validation,deployment
NC_000013.11:32336877:A:T,BRCA2,0,0.020066679134377065,0.0,0.008423787211684726,0.0,7.846071509495876e-06,0.0,0.012798267612901657,0.0,0.0,0000,0.010324145007618236,0.005785101665350919,22,25,1,Unanimous B/LB-directed,deployment_in_sample_not_validation,deployment
NC_000013.11:32336922:T:A,BRCA2,0,0.01382521377931999,0.0,0.010042606446325701,0.0,1.1550125256579917e-05,0.0,0.00784234809847461,0.0,0.0,0000,0.00793042961234422,0.004282637476631349,22,25,1,Unanimous B/LB-directed,deployment_in_sample_not_validation,deployment
NC_000013.11:32336977:G:C,BRCA2,0,0.014212592141455413,0.0,0.003711012760555302,0.0,2.2533855864021865e-05,0.0,0.013758444006394512,0.0,0.0,0000,0.007926145691067312,0.004280001337000081,22,25,1,Unanimous B/LB-directed,deployment_in_sample_not_validation,deployment
NC_000013.11:32337052:A:G,BRCA2,0,0.007443658177391533,0.0,0.002257970090274255,0.0,4.803549571694948e-08,0.0,0.007972127373498516,0.0,0.0,0000,0.004418450919165005,0.002200206508654941,22,25,1,Unanimous B/LB-directed,deployment_in_sample_not_validation,deployment
NC_000013.11:32337116:T:A,BRCA2,0,0.015469687124726853,0.0,0.019969890123881246,0.0,4.803549571694948e-08,0.0,0.023536151142312917,0.0,0.0,0000,0.014743944106604184,0.008688728303853322,22,25,1,Unanimous B/LB-directed,deployment_in_sample_not_validation,deployment
NC_000013.11:32337226:A:G,BRCA2,0,0.013011607304322513,0.0,0.004787474750767255,0.0,2.2533855864021865e-05,0.0,0.006444742767309,0.0,0.0,0000,0.006066589669565697,0.003156274976658702,22,25,1,Unanimous B/LB-directed,deployment_in_sample_not_validation,deployment
NC_000013.11:32337238:C:T,BRCA2,0,0.01067536836037242,0.0,0.0019747275618502793,0.0,1.1550125256579917e-05,0.0,0.004006199847992276,0.0,0.0,0000,0.004166961473867889,0.002058282757418508,22,25,1,Unanimous B/LB-directed,deployment_in_sample_not_validation,deployment
NC_000013.11:32337316:G:A,BRCA2,0,0.013748519466109686,0.0,0.014170129569911618,0.0,4.803549571694948e-08,0.0,0.010143040504520216,0.0,0.0,0000,0.00951543439400931,0.005271228493460451,22,25,1,Unanimous B/LB-directed,deployment_in_sample_not_validation,deployment
NC_000013.11:32337319:T:G,BRCA2,0,0.014226358975571963,0.0,0.0058861542883169695,0.0,4.803549571694948e-08,0.0,0.008343831930528681,0.0,0.0,0000,0.007114098307478333,0.0037840794170922887,22,25,1,Unanimous B/LB-directed,deployment_in_sample_not_validation,deployment
NC_000013.11:32337325:A:G,BRCA2,0,0.014523396502488751,0.0,0.0009527506294893275,0.0,4.803549571694948e-08,0.0,0.00398246343003463,0.0,0.0,0000,0.004864664649377106,0.002454779238850142,21,25,1,Unanimous B/LB-directed,deployment_in_sample_not_validation,deployment
NC_000013.11:32337428:A:G,BRCA2,0,0.016697917827547457,0.0,0.0335703067218198,0.0,4.803549571694948e-08,0.0,0.009056933890256483,0.0,0.0,0000,0.014831301618779866,0.008747562254767914,22,25,1,Unanimous B/LB-directed,deployment_in_sample_not_validation,deployment
NC_000013.11:32337470:C:T,BRCA2,0,0.015564431972127325,0.0,0.004911874487910704,0.0,4.803549571694948e-08,0.0,0.009264200014045728,0.0,0.0,0000,0.007435138627394868,0.003979226394175934,22,25,1,Unanimous B/LB-directed,deployment_in_sample_not_validation,deployment
NC_000013.11:32337476:G:A,BRCA2,0,0.010328575993387693,0.0,0.0009310975427620071,0.0,4.803549571694948e-08,0.0,0.010278678849866517,0.0,0.0,0000,0.005384600105377984,0.0027555566260299247,22,25,1,Unanimous B/LB-directed,deployment_in_sample_not_validation,deployment
NC_000013.11:32337486:T:G,BRCA2,0,0.016254872698511683,0.0,0.005953773771685054,0.0,4.803549571694948e-08,0.0,0.026919082246721227,0.0,0.0,0000,0.012281944188103421,0.007052686146377716,22,25,1,Unanimous B/LB-directed,deployment_in_sample_not_validation,deployment
NC_000013.11:32337578:G:A,BRCA2,0,0.00540653761736929,0.0,0.0006814698330558658,0.0,4.803549571694948e-08,0.0,0.007531668544023947,0.0,0.0,0000,0.003404931007486205,0.0016357901477396266,22,25,1,Unanimous B/LB-directed,deployment_in_sample_not_validation,deployment
NC_000013.11:32337587:T:G,BRCA2,0,0.00822117364547816,0.0,0.003985157703079101,0.0,7.846071509495876e-06,0.0,0.007112677213868158,0.0,0.0,0000,0.004831713658483728,0.0024358642139073994,22,25,1,Unanimous B/LB-directed,deployment_in_sample_not_validation,deployment
NC_000013.11:32337646:A:T,BRCA2,0,0.006934875785763691,0.0,0.003823660246703694,0.0,7.846071509495876e-06,0.0,0.0050708083018379275,0.0,0.0,0000,0.003959297601453702,0.0019419866088819942,22,25,1,Unanimous B/LB-directed,deployment_in_sample_not_validation,deployment
NC_000013.11:32337750:A:C,BRCA2,0,0.006024784764417222,0.0,0.023214789337693383,0.0,0.0006037978083333766,0.0,0.006472789408142754,0.0,0.0,0000,0.009079040329646683,0.004996501321938747,22,25,1,Unanimous B/LB-directed,deployment_in_sample_not_validation,deployment
NC_000013.11:32337755:G:C,BRCA2,0,0.002933923635345602,0.0,0.0012274410301617083,0.0,7.846071509495876e-06,0.0,0.005611559929310032,0.0,0.0,0000,0.0024451926665817096,0.001122577248823278,22,25,1,Unanimous B/LB-directed,deployment_in_sample_not_validation,deployment
NC_000013.11:32337757:T:C,BRCA2,0,0.018349442109138657,0.0,0.009122124598960984,0.0,4.803549571694948e-08,0.0,0.00409205105602557,0.0,0.0,0000,0.007890916449905232,0.0042583305025436615,22,25,1,Unanimous B/LB-directed,deployment_in_sample_not_validation,deployment
NC_000013.11:32337801:G:C,BRCA2,0,0.00723881949040225,0.0,0.0011078810337248448,0.0,7.846071509495876e-06,0.0,0.007239701465634371,0.0,0.0,0000,0.00389856201531774,0.0019081319497874795,22,25,1,Unanimous B/LB-directed,deployment_in_sample_not_validation,deployment
NC_000013.11:32337873:T:G,BRCA2,0,0.01749035369998935,0.0,0.004554648589078689,0.0,7.846071509495876e-06,0.0,0.004039573347280464,0.0,0.0,0000,0.0065231054269645,0.0034281353920914285,22,25,1,Unanimous B/LB-directed,deployment_in_sample_not_validation,deployment
NC_000013.11:32337890:G:A,BRCA2,0,0.02268193871113459,0.0,0.05243795447820456,0.0,4.803549571694948e-08,0.0,0.016967862221813432,0.0,0.0,0000,0.023021950861662074,0.014464518696784981,22,25,1,Unanimous B/LB-directed,deployment_in_sample_not_validation,deployment
NC_000013.11:32337931:G:T,BRCA2,0,0.013085835908758496,0.0,0.0014232771317914596,0.0,4.803549571694948e-08,0.0,0.003375874153038929,0.0,0.0,0000,0.004471258807271151,0.00223015365343532,22,25,1,Unanimous B/LB-directed,deployment_in_sample_not_validation,deployment
NC_000013.11:32337950:A:G,BRCA2,0,0.008540338033961432,0.0,0.004172071747546765,0.0,4.803549571694948e-08,0.0,0.005376440046817623,0.0,0.0,0000,0.0045222244659553846,0.002259103033736716,22,25,1,Unanimous B/LB-directed,deployment_in_sample_not_validation,deployment
NC_000013.11:32337956:A:G,BRCA2,0,0.010449484621663023,0.0,0.004562497947063306,0.0,4.803549571694948e-08,0.0,0.004399989356958053,0.0,0.0,0000,0.004853004990295025,0.002448084125710085,22,25,1,Unanimous B/LB-directed,deployment_in_sample_not_validation,deployment
NC_000013.11:32338127:T:G,BRCA2,0,0.026739296220210852,0.0,0.0006933631475662806,0.0,4.803549571694948e-08,0.0,0.003277563353890644,0.0,0.0,0000,0.007677567689290873,0.004127388151046128,22,25,1,Unanimous B/LB-directed,deployment_in_sample_not_validation,deployment
NC_000013.11:32338147:T:A,BRCA2,0,0.009223724417017767,0.0,0.0015795511358997218,0.0,7.846071509495876e-06,0.0,0.00712004087913673,0.0,0.0,0000,0.004482790625890928,0.002236699905659494,22,25,1,Unanimous B/LB-directed,deployment_in_sample_not_validation,deployment
NC_000013.11:32338153:G:A,BRCA2,0,0.010184141667569273,0.0,0.0006661615538027789,0.0,4.803549571694948e-08,0.0,0.010472821478162324,0.0,0.0,0000,0.005330793183757523,0.002724233184205025,22,25,1,Unanimous B/LB-directed,deployment_in_sample_not_validation,deployment
NC_000013.11:32338177:A:G,BRCA2,0,0.016894838175440588,0.0,0.00010773053317464071,0.0,7.846071509495876e-06,0.0,0.004620338908234489,0.0,0.0,0000,0.005407688422089803,0.002769010906688428,22,25,1,Unanimous B/LB-directed,deployment_in_sample_not_validation,deployment
NC_000013.11:32338202:T:G,BRCA2,0,0.007783822810382689,0.0,0.008026823105050415,0.0,7.846071509495876e-06,0.0,0.00831469926519377,0.0,0.0,0000,0.006033297813034091,0.0031365596218899897,22,25,1,Unanimous B/LB-directed,deployment_in_sample_not_validation,deployment
NC_000013.11:32338212:A:T,BRCA2,0,0.01585712699472465,0.0,0.07753051062038341,0.0,7.846071509495876e-06,0.0,0.006835645501672685,0.0,0.0,0000,0.02505778229707256,0.015939115728300125,22,25,1,Unanimous B/LB-directed,deployment_in_sample_not_validation,deployment
NC_000013.11:32338259:C:A,BRCA2,0,0.00872149598664358,0.0,0.003130723793646049,0.0,0.00010505649759456465,0.0,0.005247717521592923,0.0,0.0,0000,0.0043012484498692796,0.002133920829035242,22,25,1,Unanimous B/LB-directed,deployment_in_sample_not_validation,deployment
NC_000013.11:32338270:G:A,BRCA2,0,0.019470842939874406,0.0,0.003783938459881452,0.0,7.846071509495876e-06,0.0,0.007123003569376469,0.0,0.0,0000,0.007596407760160456,0.004077711607261274,22,25,1,Unanimous B/LB-directed,deployment_in_sample_not_validation,deployment
NC_000013.11:32338296:G:C,BRCA2,0,0.009090723886997238,0.0,0.007967656984842668,0.0,4.803549571694948e-08,0.0,0.004848577604098916,0.0,0.0,0000,0.005476751627858634,0.002809304318647207,22,25,1,Unanimous B/LB-directed,deployment_in_sample_not_validation,deployment
NC_000013.11:32338298:G:A,BRCA2,0,0.007567595315272848,0.0,0.0012927873141751506,0.0,4.803549571694948e-08,0.0,0.0042566441542532165,0.0,0.0,0000,0.003279268704799233,0.0015673039421428025,22,25,1,Unanimous B/LB-directed,deployment_in_sample_not_validation,deployment
NC_000013.11:32338313:A:G,BRCA2,0,0.011795256185265664,0.0,0.0009819069458395638,0.0,7.846071509495876e-06,0.0,0.0049686022812784805,0.0,0.0,0000,0.0044384028709733014,0.0022115153312207278,22,25,1,Unanimous B/LB-directed,deployment_in_sample_not_validation,deployment
NC_000013.11:32338400:T:C,BRCA2,0,0.007158455521896579,0.0,0.0037851882599032618,0.0,4.803549571694948e-08,0.0,0.008152556067394248,0.0,0.0,0000,0.004774061971172451,0.0024028136576360838,22,25,1,Unanimous B/LB-directed,deployment_in_sample_not_validation,deployment
NC_000013.11:32338433:A:T,BRCA2,0,0.018494787261395033,0.0,0.028064541229012693,0.0,4.803549571694948e-08,0.0,0.006658706760865925,0.0,0.0,0000,0.013304520821692343,0.007726875690955242,22,25,1,Unanimous B/LB-directed,deployment_in_sample_not_validation,deployment
NC_000013.11:32338484:A:T,BRCA2,0,0.031826425852517014,0.0,0.1527390731576327,0.0,4.803549571694948e-08,0.0,0.008314617001307917,0.0,0.0,0000,0.04822004101173834,0.033816194250302176,22,25,1,Unanimous B/LB-directed,deployment_in_sample_not_validation,deployment
NC_000013.11:32338504:T:G,BRCA2,0,0.007249623690640784,0.0,0.0007622069484314704,0.0,7.846071509495876e-06,0.0,0.0034892214043684778,0.0,0.0,0000,0.0028772245287375566,0.0013506916635300488,22,25,1,Unanimous B/LB-directed,deployment_in_sample_not_validation,deployment
NC_000013.11:32338517:C:A,BRCA2,0,0.010779373838848366,0.0,0.00905986071482719,0.0,4.803549571694948e-08,0.0,0.008877366960005559,0.0,0.0,0000,0.007179162387294207,0.003823529884721428,22,25,1,Unanimous B/LB-directed,deployment_in_sample_not_validation,deployment
NC_000013.11:32338540:C:G,BRCA2,0,0.009828888607700127,0.0,0.00033430535832368964,0.0,4.803549571694948e-08,0.0,0.007057151394104465,0.0,0.0,0000,0.004305098348906,0.002136094229084249,22,25,1,Unanimous B/LB-directed,deployment_in_sample_not_validation,deployment
NC_000013.11:32338625:C:G,BRCA2,0,0.01156930455254178,0.0,0.00635606951817559,0.0,2.2533855864021865e-05,0.0,0.01842272573239556,0.0,0.0,0000,0.009092658414744237,0.005005046271865235,22,25,1,Unanimous B/LB-directed,deployment_in_sample_not_validation,deployment
NC_000013.11:32338789:A:C,BRCA2,0,0.014544865633065908,0.0,0.001703638584838711,0.0,7.846071509495876e-06,0.0,0.0066587137018357155,0.0,0.0,0000,0.005728765997812457,0.0029569380946507604,22,25,1,Unanimous B/LB-directed,deployment_in_sample_not_validation,deployment
NC_000013.11:32338790:G:C,BRCA2,0,0.006880814830830963,0.0,0.00033676445653032334,0.0,7.846071509495876e-06,0.0,0.004684423780317888,0.0,0.0,0000,0.0029774622847971674,0.0014043267944104918,22,25,1,Unanimous B/LB-directed,deployment_in_sample_not_validation,deployment
NC_000013.11:32338792:T:C,BRCA2,0,0.016464502014788895,0.0,0.0040726381681218445,0.0,4.803549571694948e-08,0.0,0.00545141609264694,0.0,0.0,0000,0.006497151077763348,0.0034126051857198652,22,25,1,Unanimous B/LB-directed,deployment_in_sample_not_validation,deployment
NC_000013.11:32338843:G:T,BRCA2,0,0.01259941450316183,0.0,0.0005148062275682434,0.0,7.846071509495876e-06,0.0,0.008736555914111554,0.0,0.0,0000,0.0054646556790877805,0.002802242012484692,22,25,1,Unanimous B/LB-directed,deployment_in_sample_not_validation,deployment
NC_000013.11:32338875:G:C,BRCA2,0,0.01239486607383095,0.0,0.015372763709485586,0.0,7.846071509495876e-06,0.0,0.013375337955374487,0.0,0.0,0000,0.01028770345255013,0.005761817244868874,22,25,1,Unanimous B/LB-directed,deployment_in_sample_not_validation,deployment
NC_000013.11:32338893:T:A,BRCA2,0,0.014908385142243751,0.0,0.00059814761988607,0.0,4.803549571694948e-08,0.0,0.00625204541634027,0.0,0.0,0000,0.005439656553491452,0.002787653067969567,22,25,1,Unanimous B/LB-directed,deployment_in_sample_not_validation,deployment
NC_000013.11:32338920:G:T,BRCA2,0,0.06487856510865064,0.0,0.19522597643215986,0.0,4.803549571694948e-08,0.0,0.05483152125629157,0.0,0.0,0000,0.07873402770814945,0.05959446081495548,22,25,1,Unanimous B/LB-directed,deployment_in_sample_not_validation,deployment
NC_000013.11:32338924:T:G,BRCA2,0,0.400287461404782,0.0,0.5416327163167781,0.0,4.803549571694948e-08,0.0,0.07896777547977347,0.0,0.0,0000,0.25522200030920733,0.23468472278435973,22,25,1,Unanimous B/LB-directed,deployment_in_sample_not_validation,deployment
NC_000013.11:32338947:A:T,BRCA2,0,0.12409680540044302,0.0,0.2578763681818684,0.0,4.1202302907512816e-05,0.0,0.02145071929410255,0.0,0.0,0000,0.10086627379483036,0.07944678759231336,22,25,1,Unanimous B/LB-directed,deployment_in_sample_not_validation,deployment
NC_000013.11:32338963:G:A,BRCA2,0,0.0051877054416453695,0.0,0.012852310060700806,0.0,4.803549571694948e-08,0.0,0.007622351970627986,0.0,0.0,0000,0.0064156038771174696,0.003363867344929811,22,25,1,Unanimous B/LB-directed,deployment_in_sample_not_validation,deployment
NC_000013.11:32338993:G:A,BRCA2,0,0.0036145477918850446,0.0,0.0021056243196333224,0.0,0.00019699462472521324,0.0,0.03980847211904013,0.0,0.0,0000,0.011431409713820928,0.006498099784471627,22,25,1,Unanimous B/LB-directed,deployment_in_sample_not_validation,deployment
NC_000013.11:32339024:C:G,BRCA2,0,0.011519836975493568,0.0,0.0004017663015663267,0.0,7.846071509495876e-06,0.0,0.005970733815212664,0.0,0.0,0000,0.0044750457909455135,0.0022323031453328895,22,25,1,Unanimous B/LB-directed,deployment_in_sample_not_validation,deployment
NC_000013.11:32339039:A:G,BRCA2,0,0.02134660902987874,0.0,0.008888563419928852,0.0,7.846071509495876e-06,0.0,0.007094009466864984,0.0,0.0,0000,0.009334256997045518,0.005156945579870457,22,25,1,Unanimous B/LB-directed,deployment_in_sample_not_validation,deployment
NC_000013.11:32339072:G:A,BRCA2,0,0.008686867386588663,0.0,0.006875924680715025,0.0,4.803549571694948e-08,0.0,0.006413767288186762,0.0,0.0,0000,0.005494151847746542,0.0028194674104180485,22,25,1,Unanimous B/LB-directed,deployment_in_sample_not_validation,deployment
NC_000013.11:32339163:C:A,BRCA2,0,0.018735217056684496,0.0,0.0034266165440450342,0.0,4.803549571694948e-08,0.0,0.005517286389694938,0.0,0.0,0000,0.006919792006480047,0.0036665715158918006,22,25,1,Unanimous B/LB-directed,deployment_in_sample_not_validation,deployment
NC_000013.11:32339180:C:G,BRCA2,0,0.008266795835471618,0.0,0.0004925972192491114,0.0,7.846071509495876e-06,0.0,0.008497489278783047,0.0,0.0,0000,0.004316182101253318,0.0021423529031883866,22,25,1,Unanimous B/LB-directed,deployment_in_sample_not_validation,deployment
NC_000013.11:32339180:C:T,BRCA2,0,0.006383529692921772,0.0,0.0012215124981929848,0.0,4.803549571694948e-08,0.0,0.01703218518614129,0.0,0.0,0000,0.006159318853187942,0.0032112693127947524,22,25,1,Unanimous B/LB-directed,deployment_in_sample_not_validation,deployment
NC_000013.11:32339290:G:A,BRCA2,0,0.012616943400031907,0.0,0.0071238885907203755,0.0,7.846071509495876e-06,0.0,0.0062114403359109305,0.0,0.0,0000,0.006490029599543177,0.003408345467026298,22,25,1,Unanimous B/LB-directed,deployment_in_sample_not_validation,deployment
NC_000013.11:32339353:T:A,BRCA2,0,0.05728440521742645,0.0,0.02338392537493501,0.0,7.846071509495876e-06,0.0,0.019556792262733252,0.0,0.0,0000,0.025058242231651054,0.015939450999670143,22,25,1,Unanimous B/LB-directed,deployment_in_sample_not_validation,deployment
NC_000013.11:32339357:C:G,BRCA2,0,0.06477284038241546,0.0,0.08056787284654364,0.0,7.846071509495876e-06,0.0,0.04251922004250992,0.0,0.0,0000,0.04696694483574462,0.0328055137614094,22,25,1,Unanimous B/LB-directed,deployment_in_sample_not_validation,deployment
NC_000013.11:32339404:A:T,BRCA2,0,0.026537726615135305,0.0,0.010005416375566404,0.0,7.846071509495876e-06,0.0,0.011652334888215286,0.0,0.0,0000,0.012050830987606623,0.0069014200025418375,22,25,1,Unanimous B/LB-directed,deployment_in_sample_not_validation,deployment
NC_000013.11:32339501:A:G,BRCA2,0,0.016964668751881438,0.0,0.012385587085837053,0.0,4.803549571694948e-08,0.0,0.005072825779036132,0.0,0.0,0000,0.008605782413062585,0.004700704147050878,22,25,1,Unanimous B/LB-directed,deployment_in_sample_not_validation,deployment
NC_000013.11:32339578:A:G,BRCA2,0,0.006273657413898783,0.0,0.0005014008507005579,0.0,4.803549571694948e-08,0.0,0.0055903846588862445,0.0,0.0,0000,0.0030913727397453255,0.0014655819482170197,22,25,1,Unanimous B/LB-directed,deployment_in_sample_not_validation,deployment
NC_000013.11:32339585:G:A,BRCA2,0,0.013213919063635114,0.0,0.001412573625632797,0.0,4.803549571694948e-08,0.0,0.004297701069857857,0.0,0.0,0000,0.004731060448655371,0.00237819810061084,22,25,1,Unanimous B/LB-directed,deployment_in_sample_not_validation,deployment
NC_000013.11:32339606:A:C,BRCA2,0,0.016872578520284617,0.0,0.0029120739228934277,0.0,7.846071509495876e-06,0.0,0.007538747125731421,0.0,0.0,0000,0.0068328114101047395,0.003614120214240052,22,25,1,Unanimous B/LB-directed,deployment_in_sample_not_validation,deployment
NC_000013.11:32339652:T:A,BRCA2,0,0.014909528791215217,0.0,0.0005529750629876173,0.0,7.846071509495876e-06,0.0,0.005000890641162557,0.0,0.0,0000,0.005117810141718721,0.002600685674384039,22,25,1,Unanimous B/LB-directed,deployment_in_sample_not_validation,deployment
NC_000013.11:32339677:G:C,BRCA2,0,0.010744480686706121,0.0,0.0013572555276597778,0.0,4.803549571694948e-08,0.0,0.006561156743303776,0.0,0.0,0000,0.004665735248291347,0.0023408637137603363,22,25,1,Unanimous B/LB-directed,deployment_in_sample_not_validation,deployment
NC_000013.11:32339688:T:A,BRCA2,0,0.011225793108174084,0.0,0.004686159709801003,0.0,7.846071509495876e-06,0.0,0.013085700148331231,0.0,0.0,0000,0.007251374759453953,0.003867374085833506,22,25,1,Unanimous B/LB-directed,deployment_in_sample_not_validation,deployment
NC_000013.11:32339767:A:G,BRCA2,0,0.009087288807989752,0.0,0.002350222710203647,0.0,4.803549571694948e-08,0.0,0.006441616530072735,0.0,0.0,0000,0.004469794020940462,0.0022293223090077124,22,25,1,Unanimous B/LB-directed,deployment_in_sample_not_validation,deployment
NC_000013.11:32339821:A:C,BRCA2,0,0.02157267840963692,0.0,0.013262728718538442,0.0,7.846071509495876e-06,0.0,0.0059083293608203705,0.0,0.0,0000,0.010187895640126307,0.0056981058403578954,22,25,1,Unanimous B/LB-directed,deployment_in_sample_not_validation,deployment
NC_000013.11:32339836:A:G,BRCA2,0,0.01664405063897928,0.0,0.012892583330239932,0.0,1.1550125256579917e-05,0.0,0.008677354134615872,0.0,0.0,0000,0.009556384557272916,0.005297102586752389,22,25,1,Unanimous B/LB-directed,deployment_in_sample_not_validation,deployment
NC_000013.11:32339897:G:C,BRCA2,0,0.0024745393774818327,0.0,0.010449631511568755,0.0,0.0004761864413919117,0.0,0.014352467520139203,0.0,0.0,0000,0.006938206212645426,0.003677687745655712,22,25,1,Unanimous B/LB-directed,deployment_in_sample_not_validation,deployment
NC_000013.11:32339989:GAGAAT:AAGAAG,BRCA2,0,,,,,,,,,,,,,0,25,0,,deployment_in_sample_not_validation,deployment
NC_000013.11:32340025:G:A,BRCA2,0,0.024605706245249315,0.0,0.018807685100033694,0.0,6.639387757905513e-05,0.0,0.00632221252084854,0.0,0.0,0000,0.01245049943592765,0.00716326967861107,22,25,1,Unanimous B/LB-directed,deployment_in_sample_not_validation,deployment
NC_000013.11:32340037:G:C,BRCA2,0,0.05470782447521429,0.0,0.4922397524550395,0.0,1.1550125256579917e-05,0.0,0.05610257076893541,0.0,0.0,0000,0.15076542445611144,0.12689166856780945,22,25,1,Unanimous B/LB-directed,deployment_in_sample_not_validation,deployment
NC_000013.11:32340085:G:C,BRCA2,0,0.02224320036003945,0.0,0.014302521062293258,0.0,7.846071509495876e-06,0.0,0.012513710915598351,0.0,0.0,0000,0.01226681960236014,0.00704277416961366,22,25,1,Unanimous B/LB-directed,deployment_in_sample_not_validation,deployment
NC_000013.11:32340086:A:G,BRCA2,0,0.010345113274137046,0.0,0.006321161415432718,0.0,2.2533855864021865e-05,0.0,0.01361546088791263,0.0,0.0,0000,0.007576067358336604,0.004065273418298495,22,25,1,Unanimous B/LB-directed,deployment_in_sample_not_validation,deployment
NC_000013.11:32340086:A:T,BRCA2,0,0.012653061771051443,0.0,0.006844925717860627,0.0,2.2533855864021865e-05,0.0,0.01710130695666008,0.0,0.0,0000,0.009155457075359044,0.005044474320917401,22,25,1,Unanimous B/LB-directed,deployment_in_sample_not_validation,deployment
NC_000013.11:32340098:C:A,BRCA2,0,0.013509589010688276,0.0,0.0029513470031869277,0.0,2.2533855864021865e-05,0.0,0.020482452753972334,0.0,0.0,0000,0.009241480655927888,0.005098547097751889,22,25,1,Unanimous B/LB-directed,deployment_in_sample_not_validation,deployment
NC_000013.11:32340098:C:T,BRCA2,0,0.014803062086382622,0.0,0.0028371770565424293,0.0,4.803549571694948e-08,0.0,0.0053050959167130814,0.0,0.0,0000,0.005736345773783463,0.0029613928324004825,21,25,1,Unanimous B/LB-directed,deployment_in_sample_not_validation,deployment
NC_000013.11:32340162:G:T,BRCA2,0,0.015168275051528197,0.0,0.0010383585036477976,0.0,7.846071509495876e-06,0.0,0.007327905027097427,0.0,0.0,0000,0.005885596163445729,0.0030492771768761092,22,25,1,Unanimous B/LB-directed,deployment_in_sample_not_validation,deployment
NC_000013.11:32340184:A:G,BRCA2,0,0.01797927076394631,0.0,0.00255304320785889,0.0,4.803549571694948e-08,0.0,0.003659845111646637,0.0,0.0,0000,0.006048051779736889,0.0031452949944090207,22,25,1,Unanimous B/LB-directed,deployment_in_sample_not_validation,deployment
NC_000013.11:32340202:G:A,BRCA2,0,0.012579926488071939,0.0,0.0010504168223908845,0.0,4.803549571694948e-08,0.0,0.0030703716437376254,0.0,0.0,0000,0.0041751907474240416,0.0020629082782563078,22,25,1,Unanimous B/LB-directed,deployment_in_sample_not_validation,deployment
NC_000013.11:32340372:T:A,BRCA2,0,0.010429934784729825,0.0,0.003972309092415851,0.0,7.846071509495876e-06,0.0,0.00751351769097278,0.0,0.0,0000,0.005480901909906988,0.0028117279964869476,22,25,1,Unanimous B/LB-directed,deployment_in_sample_not_validation,deployment
NC_000013.11:32340518:T:A,BRCA2,0,0.01985098607739066,0.0,0.034380805974660436,0.0,4.803549571694948e-08,0.0,0.019684388429053616,0.0,0.0,0000,0.018479057129150107,0.011247278523106596,22,25,1,Unanimous B/LB-directed,deployment_in_sample_not_validation,deployment
NC_000013.11:32340536:C:T,BRCA2,0,0.6510093509081395,1.0,0.7116357401361374,1.0,5.147840602334674e-05,0.0,0.06806868747439918,0.0,2.0,1100,0.35769131423117484,0.34733719051499945,22,25,1,Mixed votes,deployment_in_sample_not_validation,deployment
NC_000013.11:32340568:T:A,BRCA2,0,0.06477668884541096,0.0,0.14861162142431572,0.0,4.803549571694948e-08,0.0,0.02724823015884888,0.0,0.0,0000,0.06015914711601782,0.043650095290576604,22,25,1,Unanimous B/LB-directed,deployment_in_sample_not_validation,deployment
NC_000013.11:32340644:C:A,BRCA2,0,0.011547571067130427,0.0,0.005086743721553713,0.0,4.803549571694948e-08,0.0,0.00522624837992271,0.0,0.0,0000,0.005465152801025642,0.0028025322173769393,22,25,1,Unanimous B/LB-directed,deployment_in_sample_not_validation,deployment
NC_000013.11:32340738:A:C,BRCA2,0,0.06485384425353531,0.0,0.25559047452015105,0.0,7.846071509495876e-06,0.0,0.040536745891419576,0.0,0.0,0000,0.09024722768415386,0.06981602759148864,22,25,1,Unanimous B/LB-directed,deployment_in_sample_not_validation,deployment
NC_000013.11:32340857:G:C,BRCA2,0,0.024334688251734213,0.0,0.03455500960788132,0.0,4.803549571694948e-08,0.0,0.011276327072896657,0.0,0.0,0000,0.01754151824200198,0.010597138093423915,22,25,1,Unanimous B/LB-directed,deployment_in_sample_not_validation,deployment
NC_000013.11:32340886:C:T,BRCA2,0,0.04113561264744252,0.0,0.001577262564089762,0.0,1.1550125256579917e-05,0.0,0.0077132508352654675,0.0,0.0,0000,0.012609419043013582,0.007267731763410533,22,25,1,Unanimous B/LB-directed,deployment_in_sample_not_validation,deployment
NC_000013.11:32340890:T:C,BRCA2,0,0.03216893624559571,0.0,0.02288254869459276,0.0,1.1550125256579917e-05,0.0,0.006419946529953514,0.0,0.0,0000,0.015370745398849642,0.009111992176184257,22,25,1,Unanimous B/LB-directed,deployment_in_sample_not_validation,deployment
NC_000013.11:32340895:G:A,BRCA2,0,0.036403211603630234,0.0,0.009715860330920017,0.0,4.803549571694948e-08,0.0,0.018107307310355945,0.0,0.0,0000,0.01605660682010048,0.00957806520953413,22,25,1,Unanimous B/LB-directed,deployment_in_sample_not_validation,deployment
NC_000013.11:32340937:G:A,BRCA2,0,0.021897132853404826,0.0,0.010332698538404517,0.0,0.0003677748323195352,0.0,0.020130472270222154,0.0,0.0,0000,0.013182019623587758,0.007645698362932611,22,25,1,Unanimous B/LB-directed,deployment_in_sample_not_validation,deployment
NC_000013.11:32340985:G:A,BRCA2,0,0.012721440634328918,0.0,0.002640673787041718,0.0,1.1550125256579917e-05,0.0,0.009486280542262986,0.0,0.0,0000,0.0062149862722225505,0.0032443399870673586,22,25,1,Unanimous B/LB-directed,deployment_in_sample_not_validation,deployment
NC_000013.11:32341052:C:T,BRCA2,0,0.011977876272305161,0.0,0.19414114471855123,0.0,0.0007589154454268291,0.0,0.015590424622973836,0.0,0.0,0000,0.05561709026481426,0.03986704994179216,22,25,1,Unanimous B/LB-directed,deployment_in_sample_not_validation,deployment
NC_000013.11:32341180:C:G,BRCA2,0,0.018876901936802148,0.0,0.0035709556513970012,0.0,4.803549571694948e-08,0.0,0.011786781313109456,0.0,0.0,0000,0.00855867173420108,0.004671384150536367,22,25,1,Unanimous B/LB-directed,deployment_in_sample_not_validation,deployment
NC_000013.11:32346831:A:T,BRCA2,0,0.0217797656250612,0.0,0.012814656843029001,0.0,1.1550125256579917e-05,0.0,0.006418939920553841,0.0,0.0,0000,0.010256228128475157,0.005741715588137616,22,25,1,Unanimous B/LB-directed,deployment_in_sample_not_validation,deployment
NC_000013.11:32346894:C:G,BRCA2,0,0.022443952983385255,0.0,0.008182026859828207,0.0,1.1550125256579917e-05,0.0,0.01107569007533636,0.0,0.0,0000,0.0104283050109516,0.005851720280231531,22,25,1,Unanimous B/LB-directed,deployment_in_sample_not_validation,deployment
NC_000013.11:32354869:G:C,BRCA2,0,0.016751927935887062,0.0,0.0004407859544263346,0.0,1.1550125256579917e-05,0.0,0.008402846470503515,0.0,0.0,0000,0.006401777621518372,0.003355612543442622,22,25,1,Unanimous B/LB-directed,deployment_in_sample_not_validation,deployment
NC_000013.11:32355039:T:C,BRCA2,0,0.029225906263052857,0.0,0.012642535099377208,0.0,4.803549571694948e-08,0.0,0.015192836147318778,0.0,0.0,0000,0.01426533138631114,0.00836730727999455,22,25,1,Unanimous B/LB-directed,deployment_in_sample_not_validation,deployment
NC_000013.11:32355040:G:T,BRCA2,0,0.058925358935225554,0.0,0.0024281723531128325,0.0,7.846071509495876e-06,0.0,0.016921786262851655,0.0,0.0,0000,0.019570790905674883,0.012010575234241302,22,25,1,Unanimous B/LB-directed,deployment_in_sample_not_validation,deployment
NC_000013.11:32355171:A:G,BRCA2,0,0.021598990111992636,0.0,0.0001842918006727013,0.0,4.803549571694948e-08,0.0,0.004615106803327279,0.0,0.0,0000,0.0065996091878720835,0.0034739634553114258,22,25,1,Unanimous B/LB-directed,deployment_in_sample_not_validation,deployment
NC_000013.11:32355188:A:G,BRCA2,0,0.023610767376688876,0.0,0.004513227492891219,0.0,4.803549571694948e-08,0.0,0.0038998829361735717,0.0,0.0,0000,0.008005981460312346,0.004329162109852926,22,25,1,Unanimous B/LB-directed,deployment_in_sample_not_validation,deployment
NC_000013.11:32355196:G:T,BRCA2,0,0.022189561387416356,0.0,0.0043107989748701345,0.0,4.803549571694948e-08,0.0,0.006212350500480186,0.0,0.0,0000,0.008178189724565597,0.0044354410495323965,22,25,1,Unanimous B/LB-directed,deployment_in_sample_not_validation,deployment
NC_000013.11:32355204:A:G,BRCA2,0,0.01324500326846654,0.0,0.008071755596575865,0.0,4.803549571694948e-08,0.0,0.005083552843717296,0.0,0.0,0000,0.006600089936063854,0.003474251676803907,22,25,1,Unanimous B/LB-directed,deployment_in_sample_not_validation,deployment
NC_000013.11:32355223:T:A,BRCA2,0,0.016746933264972074,0.0,0.006533638756623873,0.0,4.803549571694948e-08,0.0,0.006614449814900106,0.0,0.0,0000,0.007473767467997943,0.0040027891508479805,22,25,1,Unanimous B/LB-directed,deployment_in_sample_not_validation,deployment
NC_000013.11:32355249:TA:CG,BRCA2,0,,,,,,,,,,,,,0,25,0,,deployment_in_sample_not_validation,deployment
NC_000013.11:32355249:T:C,BRCA2,0,,,,,,,,,,,,,19,25,0,,deployment_in_sample_not_validation,deployment
NC_000013.11:32355267:A:C,BRCA2,0,0.008492725927765465,0.0,0.004879289752302805,0.0,4.803549571694948e-08,0.0,0.011428428797104359,0.0,0.0,0000,0.006200123128167086,0.0032355060394997233,22,25,1,Unanimous B/LB-directed,deployment_in_sample_not_validation,deployment
NC_000013.11:32356460:T:C,BRCA2,0,0.008806545245276338,0.0,0.0003434274416859717,0.0,4.803549571694948e-08,0.0,0.006169002664905153,0.0,0.0,0000,0.0038297558468407948,0.0018698674291414146,21,25,1,Unanimous B/LB-directed,deployment_in_sample_not_validation,deployment
NC_000013.11:32357854:A:C,BRCA2,0,0.024072231572432615,0.0,0.09218636744236754,0.0,7.846071509495876e-06,0.0,0.021346167379728907,0.0,0.0,0000,0.03440315311650964,0.022930122703662542,22,25,1,Unanimous B/LB-directed,deployment_in_sample_not_validation,deployment
NC_000013.11:32357854:A:T,BRCA2,0,0.02282441046508085,0.0,0.10858453120401107,0.0,7.846071509495876e-06,0.0,0.018369077094359445,0.0,0.0,0000,0.03744646620874022,0.02527635630385514,22,25,1,Unanimous B/LB-directed,deployment_in_sample_not_validation,deployment
NC_000013.11:32362611:C:G,BRCA2,0,0.1559856924009193,0.0,0.4635450793236407,0.0,0.0008980495298444096,0.0,0.04414291873696356,0.0,0.0,0000,0.16614293499784197,0.14213022580205137,22,25,1,Unanimous B/LB-directed,deployment_in_sample_not_validation,deployment
NC_000013.11:32362618:G:A,BRCA2,0,0.663799660604345,1.0,0.7368667046167967,1.0,5.147840602334674e-05,0.0,0.07517914080090804,0.0,2.0,1100,0.36897424610701823,0.35999568436136076,22,25,1,Mixed votes,deployment_in_sample_not_validation,deployment
NC_000013.11:32362632:C:G,BRCA2,0,0.9766035097589831,1.0,0.9140496390280008,1.0,0.0003677748323195352,0.0,0.09804462268745139,0.0,2.0,1100,0.49726638657668876,0.5053651042046936,22,25,1,Mixed votes,deployment_in_sample_not_validation,deployment
NC_000013.11:32363215:A:G,BRCA2,0,0.013823801372784881,0.0,0.01003492148147191,0.0,4.803549571694948e-08,0.0,0.02039203333847309,0.0,0.0,0000,0.011062701057056399,0.006259516314786709,22,25,1,Unanimous B/LB-directed,deployment_in_sample_not_validation,deployment
NC_000013.11:32363223:G:T,BRCA2,0,0.06484342400465574,0.0,0.3178379189392519,0.0,4.803549571694948e-08,0.0,0.04817441274482577,0.0,0.0,0000,0.10771395093105728,0.08575275675589071,22,25,1,Unanimous B/LB-directed,deployment_in_sample_not_validation,deployment
NC_000013.11:32363428:G:T,BRCA2,0,0.06476515630786016,0.0,0.21195068916136287,0.0,5.147840602334674e-05,0.0,0.0370818872125672,0.0,0.0,0000,0.07846230277195339,0.05935616856012688,22,25,1,Unanimous B/LB-directed,deployment_in_sample_not_validation,deployment
NC_000013.11:32363509:G:A,BRCA2,0,0.03774024953586855,0.0,0.2805437808118586,0.0,5.147840602334674e-05,0.0,0.0427827495415767,0.0,0.0,0000,0.09027956457383178,0.06984506872349866,22,25,1,Unanimous B/LB-directed,deployment_in_sample_not_validation,deployment
NC_000013.11:32363527:T:A,BRCA2,0,0.07300600314440672,0.0,0.27806692808879124,0.0,0.0022413125494549976,0.0,0.023165564504885158,0.0,0.0,0000,0.09411995207188452,0.07330670681383122,22,25,1,Unanimous B/LB-directed,deployment_in_sample_not_validation,deployment
NC_000013.11:32370422:C:A,BRCA2,0,0.021824396164774926,0.0,0.10464298217146621,0.0,4.803549571694948e-08,0.0,0.02334476735549669,0.0,0.0,0000,0.03745304843180838,0.025281464575772076,22,25,1,Unanimous B/LB-directed,deployment_in_sample_not_validation,deployment
NC_000013.11:32370966:G:C,BRCA2,0,0.13517789157935947,0.0,0.49653309289094594,0.0,4.803549571694948e-08,0.0,0.0548990265167421,0.0,0.0,0000,0.17165251475563578,0.14765131482276633,22,25,1,Unanimous B/LB-directed,deployment_in_sample_not_validation,deployment
NC_000013.11:32371019:C:T,BRCA2,0,0.03684588970069587,0.0,0.19805147465221998,0.0,4.803549571694948e-08,0.0,0.023646123245208303,0.0,0.0,0000,0.06463588390840497,0.04742563604534457,22,25,1,Unanimous B/LB-directed,deployment_in_sample_not_validation,deployment
NC_000013.11:32371052:T:A,BRCA2,0,0.06478436655140414,0.0,0.36770510754933694,0.0,5.147840602334674e-05,0.0,0.02742676412567827,0.0,0.0,0000,0.11499192915811067,0.09253224440633805,22,25,1,Unanimous B/LB-directed,deployment_in_sample_not_validation,deployment
NC_000013.11:32376675:C:T,BRCA2,0,0.006987691255785305,0.0,0.003672263181227157,0.0,1.1550125256579917e-05,0.0,0.009123891871357427,0.0,0.0,0000,0.004948849108406617,0.0025031854448435576,22,25,1,Unanimous B/LB-directed,deployment_in_sample_not_validation,deployment
NC_000013.11:32376698:C:T,BRCA2,0,0.025876861344349498,0.0,0.020974256242091743,0.0,4.803549571694948e-08,0.0,0.014330802773317627,0.0,0.0,0000,0.015295492098813647,0.009061038717312456,22,25,1,Unanimous B/LB-directed,deployment_in_sample_not_validation,deployment
NC_000013.11:32376738:G:A,BRCA2,0,0.40012385208808254,0.0,0.48850692864924933,0.0,4.803549571694948e-08,0.0,0.03524857800662201,0.0,0.0,0000,0.2309698516948624,0.20886365536258403,22,25,1,Unanimous B/LB-directed,deployment_in_sample_not_validation,deployment
NC_000013.11:32376770:G:A,BRCA2,0,0.06432815400131205,0.0,0.045306894884719826,0.0,2.2533855864021865e-05,0.0,0.009100803793652199,0.0,0.0,0000,0.029689596633887025,0.019361200235479853,22,25,1,Unanimous B/LB-directed,deployment_in_sample_not_validation,deployment
NC_000013.11:32379325:A:G,BRCA2,0,0.0005986698628949117,0.0,0.02823001534779919,0.0,4.803549571694948e-08,0.0,0.006667469301392529,0.0,0.0,0000,0.008874050636895586,0.004868099725116832,22,25,1,Unanimous B/LB-directed,deployment_in_sample_not_validation,deployment
NC_000013.11:32379347:T:G,BRCA2,0,0.04506780971903392,0.0,0.33509029032158627,0.0,4.803549571694948e-08,0.0,0.025669726093242296,0.0,0.0,0000,0.10145696854233954,0.07998788371882017,22,25,1,Unanimous B/LB-directed,deployment_in_sample_not_validation,deployment
NC_000013.11:32379391:A:T,BRCA2,0,0.0032108879652112507,0.0,0.0008854965134574363,0.0,4.803549571694948e-08,0.0,0.007275297257374391,0.0,0.0,0000,0.002842932442884699,0.001332401559362511,22,25,1,Unanimous B/LB-directed,deployment_in_sample_not_validation,deployment
NC_000013.11:32379400:G:A,BRCA2,0,0.0016636239973195658,0.0,0.010665960962610944,0.0,4.803549571694948e-08,0.0,0.01651187468564861,0.0,0.0,0000,0.0072103769202687094,0.003842474334985761,22,25,1,Unanimous B/LB-directed,deployment_in_sample_not_validation,deployment
NC_000013.11:32379411:G:C,BRCA2,0,0.03177234992966346,0.0,0.19441443448810108,0.0,0.002611740871929647,0.0,0.016008967694870455,0.0,0.0,0000,0.06120187324614116,0.044525432331560214,22,25,1,Unanimous B/LB-directed,deployment_in_sample_not_validation,deployment
NC_000013.11:32379412:G:A,BRCA2,0,3.1709880581752824e-05,0.0,6.671761653010651e-05,0.0,4.803549571694948e-08,0.0,0.00582246318550606,0.0,0.0,0000,0.001480234679528409,0.0006345445854089637,22,25,1,Unanimous B/LB-directed,deployment_in_sample_not_validation,deployment
NC_000013.11:32379412:G:T,BRCA2,0,0.0018091389613935354,0.0,0.05136621523563379,0.0,4.803549571694948e-08,0.0,0.008464751547014815,0.0,0.0,0000,0.015410038444884465,0.009138611864988433,22,25,1,Unanimous B/LB-directed,deployment_in_sample_not_validation,deployment
NC_000013.11:32379439:C:G,BRCA2,0,0.030573721322278404,0.0,0.0071591082160692475,0.0,4.803549571694948e-08,0.0,0.008887187987720332,0.0,0.0,0000,0.011655016390390927,0.00664333809386384,22,25,1,Unanimous B/LB-directed,deployment_in_sample_not_validation,deployment
NC_000013.11:32379790:C:G,BRCA2,0,0.011920595179819523,0.0,0.04111554266197577,0.0,4.803549571694948e-08,0.0,0.01606059434448957,0.0,0.0,0000,0.017274195055445148,0.010412697379050009,22,25,1,Unanimous B/LB-directed,deployment_in_sample_not_validation,deployment
NC_000013.11:32379838:A:G,BRCA2,0,0.06485655039265101,0.0,0.05425421624579949,0.0,4.803549571694948e-08,0.0,0.01116476305019371,0.0,0.0,0000,0.03256889443103498,0.02153156266022973,22,25,1,Unanimous B/LB-directed,deployment_in_sample_not_validation,deployment
NC_000013.11:32379884:C:T,BRCA2,0,0.06858462088923091,0.0,0.5929381650321477,0.0,0.0003309864768082702,0.0,0.06922747252068434,0.0,0.0,0000,0.18277031122971782,0.15888505845205722,22,25,1,Unanimous B/LB-directed,deployment_in_sample_not_validation,deployment
NC_000013.11:32380063:A:G,BRCA2,0,0.036203418092560044,0.0,0.07596425058924684,0.0,4.803549571694948e-08,0.0,0.014269934800901695,0.0,0.0,0000,0.031609412879551074,0.020804854790412688,22,25,1,Unanimous B/LB-directed,deployment_in_sample_not_validation,deployment
NC_000013.11:32380075:C:T,BRCA2,0,0.04891146145685608,0.0,0.10654726525443589,0.0,4.803549571694948e-08,0.0,0.01758206672228334,0.0,0.0,0000,0.04326021036726776,0.029841788009326093,22,25,1,Unanimous B/LB-directed,deployment_in_sample_not_validation,deployment
NC_000013.11:32380087:C:T,BRCA2,0,0.06474839403887857,0.0,0.20161715089371268,0.0,4.803549571694948e-08,0.0,0.016668385339169742,0.0,0.0,0000,0.07075849457681417,0.05266032523985521,22,25,1,Unanimous B/LB-directed,deployment_in_sample_not_validation,deployment
NC_000013.11:32394801:A:C,BRCA2,0,0.05100204169769525,0.0,0.22886823232932677,0.0,0.0006037978083333766,0.0,0.06660913171189509,0.0,0.0,0000,0.08677080088681262,0.06670451346830579,22,25,1,Unanimous B/LB-directed,deployment_in_sample_not_validation,deployment
NC_000015.10:90749686:A:G,BLM,0,0.009036031707957625,0.0,0.0002488498804611625,0.0,4.803549571694948e-08,0.0,0.008946972044597544,0.0,0.0,0000,0.0045579754171280115,0.0022794374839485293,24,25,1,Unanimous B/LB-directed,deployment_in_sample_not_validation,deployment
NC_000015.10:90749722:A:G,BLM,0,0.002638730923771045,0.0,0.00444124233275499,0.0,4.803549571694948e-08,0.0,0.008208843215181783,0.0,0.0,0000,0.003822216126800884,0.0018656802256169895,24,25,1,Unanimous B/LB-directed,deployment_in_sample_not_validation,deployment
NC_000015.10:90749919:A:G,BLM,0,0.054588270300284646,0.0,0.07027260036380263,0.0,4.803549571694948e-08,0.0,0.011114835702185025,0.0,0.0,0000,0.033993938600442,0.022617071200640902,23,25,1,Unanimous B/LB-directed,deployment_in_sample_not_validation,deployment
NC_000015.10:90751818:G:A,BLM,0,0.018663710912558945,0.0,0.0019675913593141464,0.0,4.803549571694948e-08,0.0,0.004208389743854592,0.0,0.0,0000,0.00620993501280585,0.003241337422925596,25,25,1,Unanimous B/LB-directed,deployment_in_sample_not_validation,deployment
NC_000015.10:90760705:C:T,BLM,0,0.06479832918866991,0.0,0.2173774520479298,0.0,4.803549571694948e-08,0.0,0.013059587485610057,0.0,0.0,0000,0.07380885418942636,0.0552974679842499,24,25,1,Unanimous B/LB-directed,deployment_in_sample_not_validation,deployment
NC_000015.10:90761086:C:T,BLM,0,0.027797476660101447,0.0,0.23899904305669495,0.0,4.803549571694948e-08,0.0,0.01437045516216093,0.0,0.0,0000,0.07029175572861326,0.05225848982485368,24,25,1,Unanimous B/LB-directed,deployment_in_sample_not_validation,deployment
NC_000015.10:90794263:A:G,BLM,0,0.006888389203526862,0.0,0.025194186603639986,0.0,4.803549571694948e-08,0.0,0.006478042911044753,0.0,0.0,0000,0.009640166688426832,0.005350089422115458,25,25,1,Unanimous B/LB-directed,deployment_in_sample_not_validation,deployment
NC_000015.10:90803699:G:A,BLM,0,0.012244933010472104,0.0,0.01274418314520592,0.0,4.803549571694948e-08,0.0,0.010859653594998527,0.0,0.0,0000,0.008962204446543068,0.0049232660186927756,25,25,1,Unanimous B/LB-directed,deployment_in_sample_not_validation,deployment
NC_000015.10:90803711:A:C,BLM,0,0.011699005284847967,0.0,0.007854331053353798,0.0,4.803549571694948e-08,0.0,0.010669695091821153,0.0,0.0,0000,0.007555769866379658,0.004052866206984686,24,25,1,Unanimous B/LB-directed,deployment_in_sample_not_validation,deployment
NC_000015.10:90811221:G:C,BLM,0,0.007778120621511079,0.0,0.008057079652259947,0.0,4.803549571694948e-08,0.0,0.0040183415018768915,0.0,0.0,0000,0.004963397452785909,0.002511562532711732,25,25,1,Unanimous B/LB-directed,deployment_in_sample_not_validation,deployment
NC_000015.10:90815206:C:A,BLM,0,0.036351628527211965,0.0,0.01173598321955718,0.0,4.803549571694948e-08,0.0,0.01485727765236887,0.0,0.0,0000,0.015736234358658435,0.009359983680228955,23,25,1,Unanimous B/LB-directed,deployment_in_sample_not_validation,deployment
NC_000015.10:90815237:A:G,BLM,0,0.007285655959354741,0.0,0.0020211153136977834,0.0,4.803549571694948e-08,0.0,0.006804504294846993,0.0,0.0,0000,0.004027830900848808,0.00198027479339463,24,25,1,Unanimous B/LB-directed,deployment_in_sample_not_validation,deployment
NC_000016.10:23603613:T:C,PALB2,0,0.01619848121126775,0.0,0.009371755215054609,0.0,4.803549571694948e-08,0.0,0.019514054020888103,0.0,0.0,0000,0.011271084620676546,0.006394217567797813,23,25,1,Unanimous B/LB-directed,deployment_in_sample_not_validation,deployment
NC_000016.10:23603646:C:T,PALB2,0,0.06486439522982364,0.0,0.025552111938009735,0.0,4.803549571694948e-08,0.0,0.011540359062435286,0.0,0.0,0000,0.02548922856644109,0.016254032766077897,23,25,1,Unanimous B/LB-directed,deployment_in_sample_not_validation,deployment
NC_000016.10:23603665:G:A,PALB2,0,,,,,,,,,,,,,2,25,0,,deployment_in_sample_not_validation,deployment
NC_000016.10:23607926:T:G,PALB2,0,0.0647610382606494,0.0,0.15814518260081797,0.0,4.803549571694948e-08,0.0,0.07889106991153932,0.0,0.0,0000,0.07544933470212561,0.056723444959330675,24,25,1,Unanimous B/LB-directed,deployment_in_sample_not_validation,deployment
NC_000016.10:23621373:T:A,PALB2,0,0.06482964259950727,0.0,0.6870269636802332,0.0,4.803549571694948e-08,0.0,0.0936876163775113,0.0,0.0,0000,0.21138606767318688,0.1883245542433444,24,25,1,Unanimous B/LB-directed,deployment_in_sample_not_validation,deployment
NC_000016.10:23623039:C:G,PALB2,0,0.025554626347523327,0.0,0.3547113155607487,0.0,4.803549571694948e-08,0.0,0.007424541785214714,0.0,0.0,0000,0.09692263293224561,0.07584854593105862,24,25,1,Unanimous B/LB-directed,deployment_in_sample_not_validation,deployment
NC_000016.10:23623122:A:G,PALB2,0,0.03153206061489142,0.0,0.000676976774431021,0.0,0.00019699462472521324,0.0,0.007937241821598974,0.0,0.0,0000,0.010085818458911659,0.005633038888900267,24,25,1,Unanimous B/LB-directed,deployment_in_sample_not_validation,deployment
NC_000016.10:23626259:T:G,PALB2,0,0.000571860923538031,0.0,0.004815047296852643,0.0,4.803549571694948e-08,0.0,0.011850850786393469,0.0,0.0,0000,0.004309451760569965,0.002138552206458632,25,25,1,Unanimous B/LB-directed,deployment_in_sample_not_validation,deployment
NC_000016.10:23629228:T:A,PALB2,0,0.02198592442179314,0.0,0.02780802106931496,0.0,4.803549571694948e-08,0.0,0.006457998626976649,0.0,0.0,0000,0.014062998038395117,0.00823189982578592,24,25,1,Unanimous B/LB-directed,deployment_in_sample_not_validation,deployment
NC_000016.10:23629878:G:T,PALB2,0,0.04377523030360995,0.0,0.0005477815104702681,0.0,0.00019699462472521324,0.0,0.02178679205689921,0.0,0.0,0000,0.01657669962392616,0.00993346887555937,24,25,1,Unanimous B/LB-directed,deployment_in_sample_not_validation,deployment
NC_000016.10:23629898:C:A,PALB2,0,0.015526159932287906,0.0,0.02386674107840403,0.0,4.803549571694948e-08,0.0,0.016174485747854746,0.0,0.0,0000,0.0138918586985106,0.008117591313804729,24,25,1,Unanimous B/LB-directed,deployment_in_sample_not_validation,deployment
NC_000016.10:23629931:C:G,PALB2,0,0.046420536753842175,0.0,7.72823306088328e-05,0.0,4.803549571694948e-08,0.0,0.00546068318079465,0.0,0.0,0000,0.012989637575185344,0.007518436321254987,24,25,1,Unanimous B/LB-directed,deployment_in_sample_not_validation,deployment
NC_000016.10:23629994:G:A,PALB2,0,0.0223259696543647,0.0,0.0008853554391884332,0.0,4.803549571694948e-08,0.0,0.01608086937228173,0.0,0.0,0000,0.009823060625332645,0.005465987838953817,24,25,1,Unanimous B/LB-directed,deployment_in_sample_not_validation,deployment
NC_000016.10:23630171:G:A,PALB2,0,0.019090552948794134,0.0,0.0030222364068879155,0.0,0.00019699462472521324,0.0,0.024771547525619185,0.0,0.0,0000,0.011770332876506612,0.006718397967824474,24,25,1,Unanimous B/LB-directed,deployment_in_sample_not_validation,deployment
NC_000016.10:23630334:G:C,PALB2,0,0.029805372520637856,0.0,0.025506133354931713,0.0,4.803549571694948e-08,0.0,0.017846279376966097,0.0,0.0,0000,0.018289458322007845,0.011115394474285693,24,25,1,Unanimous B/LB-directed,deployment_in_sample_not_validation,deployment
NC_000016.10:23635032:C:T,PALB2,0,0.008525062107991395,0.0,1.3762013071041147e-05,0.0,4.803549571694948e-08,0.0,0.004401690789699136,0.0,0.0,0000,0.003235140736564322,0.0015433397274487643,25,25,1,Unanimous B/LB-directed,deployment_in_sample_not_validation,deployment
NC_000016.10:23635207:A:C,PALB2,0,0.06485930049662274,0.0,0.00025282804199458454,0.0,4.803549571694948e-08,0.0,0.00888596693229692,0.0,0.0,0000,0.01849953587660249,0.011261535591789081,24,25,1,Unanimous B/LB-directed,deployment_in_sample_not_validation,deployment
NC_000016.10:23635241:A:G,PALB2,0,0.002902721988892421,0.0,3.205373568125977e-05,0.0,4.803549571694948e-08,0.0,0.003612771668876863,0.0,0.0,0000,0.001636898857236565,0.0007113963094662714,25,25,1,Unanimous B/LB-directed,deployment_in_sample_not_validation,deployment
NC_000016.10:23635280:T:G,PALB2,0,0.03132142025015963,0.0,0.029090530995888098,0.0,0.0003677748323195352,0.0,0.02393833009612167,0.0,0.0,0000,0.021179514043622234,0.013146960438160953,24,25,1,Unanimous B/LB-directed,deployment_in_sample_not_validation,deployment
NC_000016.10:23635603:T:G,PALB2,0,0.024072739836527118,0.0,0.0011237493245601564,0.0,4.803549571694948e-08,0.0,0.0132436640220074,0.0,0.0,0000,0.009610050304647597,0.005331035079824252,24,25,1,Unanimous B/LB-directed,deployment_in_sample_not_validation,deployment
NC_000016.10:23635955:G:C,PALB2,0,0.018093403798835797,0.0,0.0009527057477018509,0.0,0.0002587477063123878,0.0,0.014063267835712661,0.0,0.0,0000,0.008342031272140674,0.004536853684838183,23,25,1,Unanimous B/LB-directed,deployment_in_sample_not_validation,deployment
NC_000016.10:23641111:T:C,PALB2,0,0.06484159572283102,0.0,0.053711375401705216,0.0,4.803549571694948e-08,0.0,0.04938279445413571,0.0,0.0,0000,0.04198395340354191,0.028830633899372553,25,25,1,Unanimous B/LB-directed,deployment_in_sample_not_validation,deployment
NC_000016.10:23641131:A:T,PALB2,0,0.021883458704193684,0.0,0.01605895988994958,0.0,4.803549571694948e-08,0.0,0.03427429701596325,0.0,0.0,0000,0.018054190911400557,0.010952027576913378,23,25,1,Unanimous B/LB-directed,deployment_in_sample_not_validation,deployment
NC_000016.10:68737418:G:A,CDH1,0,0.06478121348637315,0.0,0.3539714210161686,0.0,0.00030057333986496424,0.0,0.03530607572259043,0.0,0.0,0000,0.11358982089124928,0.0912201647184963,23,25,1,Unanimous B/LB-directed,deployment_in_sample_not_validation,deployment
NC_000016.10:68738339:G:T,CDH1,0,0.21480157532733282,0.0,0.5719912638375589,0.0,4.803549571694948e-08,0.0,0.06352977188273627,0.0,0.0,0000,0.2125806647707809,0.18956880439861945,23,25,1,Unanimous B/LB-directed,deployment_in_sample_not_validation,deployment
NC_000016.10:68738360:C:A,CDH1,0,0.013626907319157007,0.0,0.035038115311270844,0.0,4.803549571694948e-08,0.0,0.006784741088590703,0.0,0.0,0000,0.013862452938628568,0.008097971156262953,24,25,1,Unanimous B/LB-directed,deployment_in_sample_not_validation,deployment
NC_000016.10:68738360:C:T,CDH1,0,0.004520835932499851,0.0,0.009906737558761784,0.0,4.803549571694948e-08,0.0,0.01508365625906771,0.0,0.0,0000,0.007377819446456265,0.003944295037204802,24,25,1,Unanimous B/LB-directed,deployment_in_sample_not_validation,deployment
NC_000016.10:68738377:C:A,CDH1,0,0.007656900979218889,0.0,0.0632385690942166,0.0,0.00030056601323558434,0.0,0.02207589961381374,0.0,0.0,0000,0.023317983925121202,0.01467774837823308,23,25,1,Unanimous B/LB-directed,deployment_in_sample_not_validation,deployment
NC_000016.10:68738407:A:G,CDH1,0,0.004469024519770737,0.0,0.0195046832910901,0.0,0.0003533251696665949,0.0,0.020020770933173174,0.0,0.0,0000,0.011086950978425152,0.0062751729411583326,24,25,1,Unanimous B/LB-directed,deployment_in_sample_not_validation,deployment
NC_000016.10:68738408:G:A,CDH1,0,0.0029203296361683317,0.0,0.012967578779774476,0.0,0.0001271273263995232,0.0,0.006628434610092668,0.0,0.0,0000,0.005660867588108749,0.0029170704208883896,24,25,1,Unanimous B/LB-directed,deployment_in_sample_not_validation,deployment
NC_000016.10:68801678:A:T,CDH1,0,0.01824442220769308,0.0,0.08044906778162203,0.0,4.803549571694948e-08,0.0,0.02169634155502918,0.0,0.0,0000,0.030097469894960004,0.019666726418213067,23,25,1,Unanimous B/LB-directed,deployment_in_sample_not_validation,deployment
NC_000016.10:68801726:G:A,CDH1,0,0.007508600660830568,0.0,0.005109773361188457,0.0,0.00013059340616197246,0.0,0.0142674409809306,0.0,0.0,0000,0.006754102102277899,0.003566738188818534,24,25,1,Unanimous B/LB-directed,deployment_in_sample_not_validation,deployment
NC_000016.10:68801728:T:C,CDH1,0,0.09308208527818346,0.0,0.6586123901616585,0.0,4.803549571694948e-08,0.0,0.06173110152395524,0.0,0.0,0000,0.20335640624982323,0.17999170525472089,23,25,1,Unanimous B/LB-directed,deployment_in_sample_not_validation,deployment
NC_000016.10:68801740:A:C,CDH1,0,0.01227219507163894,0.0,0.007426448035593333,0.0,2.3013136611602433e-05,0.0,0.015503289378685208,0.0,0.0,0000,0.008806236405632271,0.004825715239251742,23,25,1,Unanimous B/LB-directed,deployment_in_sample_not_validation,deployment
NC_000016.10:68801791:A:G,CDH1,0,0.0030409418129999158,0.0,3.839125232331929e-05,0.0,8.136706705018273e-05,0.0,0.004957651864405662,0.0,0.0,0000,0.00202958799919477,0.0009083372801682219,24,25,1,Unanimous B/LB-directed,deployment_in_sample_not_validation,deployment
NC_000016.10:68801849:C:T,CDH1,0,0.005968180909368596,0.0,0.01103246160149062,0.0,4.803549571694948e-08,0.0,0.0072572944406830405,0.0,0.0,0000,0.006064496246759493,0.0031550348059079013,24,25,1,Unanimous B/LB-directed,deployment_in_sample_not_validation,deployment
NC_000016.10:68801876:G:A,CDH1,0,0.005600095915287543,0.0,0.0026024425415743335,0.0,4.803549571694948e-08,0.0,0.02093528579044022,0.0,0.0,0000,0.007284468070699454,0.003887487679764329,24,25,1,Unanimous B/LB-directed,deployment_in_sample_not_validation,deployment
NC_000016.10:68808429:G:A,CDH1,0,0.0047988873405864245,0.0,4.6725366822890637e-05,0.0,2.3013136611602433e-05,0.0,0.009160361499789792,0.0,0.0,0000,0.003507246835952677,0.0016918130480071884,24,25,1,Unanimous B/LB-directed,deployment_in_sample_not_validation,deployment
NC_000016.10:68808831:G:A,CDH1,0,0.005452961366946761,0.0,4.4159453065728524e-05,0.0,2.3013136611602433e-05,0.0,0.0052688594697795155,0.0,0.0,0000,0.0026972483566009018,0.001255043168826065,25,25,1,Unanimous B/LB-directed,deployment_in_sample_not_validation,deployment
NC_000016.10:68810232:G:A,CDH1,0,0.0019182125253158408,0.0,6.374563551413949e-05,0.0,2.3013136611602433e-05,0.0,0.0045345181891233285,0.0,0.0,0000,0.0016348723716412277,0.0007103955403403309,25,25,1,Unanimous B/LB-directed,deployment_in_sample_not_validation,deployment
NC_000016.10:68810239:A:G,CDH1,0,0.0924083251770516,0.0,0.493813147497588,0.0,0.0007315389294457169,0.0,0.06952311863358078,0.0,0.0,0000,0.16411903255941648,0.14011001209563087,25,25,1,Unanimous B/LB-directed,deployment_in_sample_not_validation,deployment
NC_000016.10:68810310:A:G,CDH1,0,0.0648271297428877,0.0,0.0009853831686502297,0.0,3.514088573314591e-05,0.0,0.011129934848148799,0.0,0.0,0000,0.019244397161354967,0.011781687842253252,24,25,1,Unanimous B/LB-directed,deployment_in_sample_not_validation,deployment
NC_000016.10:68810328:G:A,CDH1,0,0.0026521293482541283,0.0,0.00894888231095904,0.0,4.803549571694948e-08,0.0,0.010000221681781007,0.0,0.0,0000,0.005400320344122473,0.002764716418948136,25,25,1,Unanimous B/LB-directed,deployment_in_sample_not_validation,deployment
NC_000016.10:68811716:C:T,CDH1,0,0.057366277099682866,0.0,0.1233681891590891,0.0,4.803549571694948e-08,0.0,0.023867525808839857,0.0,0.0,0000,0.05115051002577689,0.036196351288251265,25,25,1,Unanimous B/LB-directed,deployment_in_sample_not_validation,deployment
NC_000016.10:68811789:C:A,CDH1,0,0.003381528947149115,0.0,0.00023149059842474018,0.0,2.3013136611602433e-05,0.0,0.007715600275031478,0.0,0.0,0000,0.002837908239304234,0.0013297243941470637,24,25,1,Unanimous B/LB-directed,deployment_in_sample_not_validation,deployment
NC_000016.10:68812155:G:A,CDH1,0,0.0034445003274064996,0.0,0.004621273768291298,0.0,7.846071509495876e-06,0.0,0.012947262373501663,0.0,0.0,0000,0.005255220635177239,0.0026803140767182763,25,25,1,Unanimous B/LB-directed,deployment_in_sample_not_validation,deployment
NC_000016.10:68812243:C:T,CDH1,0,0.8096352529377514,1.0,0.9100359325582074,1.0,4.803549571694948e-08,0.0,0.09487949019128858,0.0,2.0,1100,0.4536376809306858,0.45579495581061896,25,25,1,Mixed votes,deployment_in_sample_not_validation,deployment
NC_000016.10:68812257:A:C,CDH1,0,0.02135804985598545,0.0,0.0013467584872356316,0.0,4.803549571694948e-08,0.0,0.009888443969060278,0.0,0.0,0000,0.00814832508694427,0.004416986884943003,25,25,1,Unanimous B/LB-directed,deployment_in_sample_not_validation,deployment
NC_000016.10:68812258:C:T,CDH1,0,0.016438465130247576,0.0,0.0056646639665187855,0.0,4.803549571694948e-08,0.0,0.007357437729964058,0.0,0.0,0000,0.0073651537155565334,0.003936581504077524,24,25,1,Unanimous B/LB-directed,deployment_in_sample_not_validation,deployment
NC_000016.10:68813328:C:A,CDH1,0,0.04428621822419533,0.0,0.08776848376823501,0.0,4.803549571694948e-08,0.0,0.005392646663772774,0.0,0.0,0000,0.034361849172924716,0.022898498218307382,24,25,1,Unanimous B/LB-directed,deployment_in_sample_not_validation,deployment
NC_000016.10:68813338:G:T,CDH1,0,0.011835687119421063,0.0,0.020275034192626096,0.0,4.803549571694948e-08,0.0,0.005316604374920611,0.0,0.0,0000,0.009356843430615873,0.005171175367714803,24,25,1,Unanimous B/LB-directed,deployment_in_sample_not_validation,deployment
NC_000016.10:68813345:G:C,CDH1,0,0.01271336436823918,0.0,0.0004250066772310224,0.0,4.803549571694948e-08,0.0,0.004757884984093865,0.0,0.0,0000,0.0044740760162649456,0.0022317526769904095,24,25,1,Unanimous B/LB-directed,deployment_in_sample_not_validation,deployment
NC_000016.10:68813381:G:A,CDH1,0,0.04386554057833012,0.0,0.0045766320199520745,0.0,8.993128520827814e-05,0.0,0.008017117521162204,0.0,0.0,0000,0.014137305351163167,0.008281595437335972,24,25,1,Unanimous B/LB-directed,deployment_in_sample_not_validation,deployment
NC_000016.10:68813399:T:C,CDH1,0,0.6068847303221414,1.0,0.8938913498178195,1.0,4.803549571694948e-08,0.0,0.09602957892203583,0.0,2.0,1100,0.39920142677437315,0.3940657785808246,25,25,1,Mixed votes,deployment_in_sample_not_validation,deployment
NC_000016.10:68813447:G:A,CDH1,0,0.0023784750674546366,0.0,4.580697623465215e-06,0.0,4.803549571694948e-08,0.0,0.007886664456790139,0.0,0.0,0000,0.002567442064340989,0.0011866002373742911,25,25,1,Unanimous B/LB-directed,deployment_in_sample_not_validation,deployment
NC_000016.10:68813457:A:G,CDH1,0,0.006051804854294347,0.0,0.024942390633328388,0.0,4.803549571694948e-08,0.0,0.018347147827908004,0.0,0.0,0000,0.012335347837756614,0.007087698724538606,24,25,1,Unanimous B/LB-directed,deployment_in_sample_not_validation,deployment
NC_000016.10:68813470:C:G,CDH1,0,0.06480097635371586,0.0,0.18760293892693816,0.0,4.803549571694948e-08,0.0,0.05462435200503567,0.0,0.0,0000,0.07675707883029635,0.05786398680031921,25,25,1,Unanimous B/LB-directed,deployment_in_sample_not_validation,deployment
NC_000016.10:68815553:G:A,CDH1,0,0.0019144639108721812,0.0,0.0006472051511067023,0.0,4.803549571694948e-08,0.0,0.009221313374886216,0.0,0.0,0000,0.0029457576180902043,0.0013873348335428613,25,25,1,Unanimous B/LB-directed,deployment_in_sample_not_validation,deployment
NC_000016.10:68815593:C:G,CDH1,0,0.06489646292644506,0.0,0.004271827937149125,0.0,2.3013136611602433e-05,0.0,0.009106086193818367,0.0,0.0,0000,0.019574347548506038,0.012013072546094402,24,25,1,Unanimous B/LB-directed,deployment_in_sample_not_validation,deployment
NC_000016.10:68815686:A:C,CDH1,0,0.06474641777070822,0.0,0.18959583389237003,0.0,0.0007764566764290222,0.0,0.03753855172962121,0.0,0.0,0000,0.07316431501728211,0.054738672915074824,24,25,1,Unanimous B/LB-directed,deployment_in_sample_not_validation,deployment
NC_000016.10:68815758:C:T,CDH1,0,0.11188289373062445,0.0,0.1507312360610224,0.0,4.803549571694948e-08,0.0,0.03159047902685369,0.0,0.0,0000,0.07355116421349905,0.05507395904751562,24,25,1,Unanimous B/LB-directed,deployment_in_sample_not_validation,deployment
NC_000016.10:68819281:A:G,CDH1,0,0.7842215322776234,1.0,0.9383277606906247,1.0,4.803549571694948e-08,0.0,0.07074851117864506,0.0,2.0,1100,0.44832446304559725,0.4497583263419182,25,25,1,Mixed votes,deployment_in_sample_not_validation,deployment
NC_000016.10:68819343:A:T,CDH1,0,0.03212390493419223,0.0,0.015701275921456096,0.0,9.623736624947356e-05,0.0,0.03340005742010453,0.0,0.0,0000,0.020330368910500583,0.012545447797402891,24,25,1,Unanimous B/LB-directed,deployment_in_sample_not_validation,deployment
NC_000016.10:68819397:A:G,CDH1,0,0.0144362774004943,0.0,0.00906560498921576,0.0,2.3013136611602433e-05,0.0,0.036131519661225166,0.0,0.0,0000,0.014914103796886707,0.008803375419340337,25,25,1,Unanimous B/LB-directed,deployment_in_sample_not_validation,deployment
NC_000016.10:68822153:A:G,CDH1,0,0.0010181151791097015,0.0,0.006835025453542265,0.0,4.803549571694948e-08,0.0,0.015250744512648979,0.0,0.0,0000,0.005775983295199166,0.002984701835889012,25,25,1,Unanimous B/LB-directed,deployment_in_sample_not_validation,deployment
NC_000016.10:68829756:G:A,CDH1,0,0.03288321135586725,0.0,0.17174504971638782,0.0,4.803549571694948e-08,0.0,0.044125287034080606,0.0,0.0,0000,0.06218839903545785,0.04535588586289707,25,25,1,Unanimous B/LB-directed,deployment_in_sample_not_validation,deployment
NC_000016.10:68833484:G:A,CDH1,0,0.008551751927635848,0.0,0.019612515943156775,0.0,4.803549571694948e-08,0.0,0.020898087629087164,0.0,0.0,0000,0.012265600883843876,0.007041975553514668,24,25,1,Unanimous B/LB-directed,deployment_in_sample_not_validation,deployment
NC_000016.10:89738215:G:C,FANCA,0,,,,,,,,,,,,,2,25,0,,deployment_in_sample_not_validation,deployment
NC_000016.10:89738704:G:A,FANCA,0,,,,,,,,,,,,,2,25,0,,deployment_in_sample_not_validation,deployment
NC_000016.10:89738707:G:A,FANCA,0,,,,,,,,,,,,,2,25,0,,deployment_in_sample_not_validation,deployment
NC_000016.10:89738887:C:G,FANCA,0,,,,,,,,,,,,,2,25,0,,deployment_in_sample_not_validation,deployment
NC_000016.10:89738896:G:A,FANCA,0,,,,,,,,,,,,,2,25,0,,deployment_in_sample_not_validation,deployment
NC_000016.10:89738899:G:A,FANCA,0,,,,,,,,,,,,,2,25,0,,deployment_in_sample_not_validation,deployment
NC_000016.10:89738905:T:C,FANCA,0,,,,,,,,,,,,,2,25,0,,deployment_in_sample_not_validation,deployment
NC_000016.10:89738941:A:G,FANCA,0,,,,,,,,,,,,,2,25,0,,deployment_in_sample_not_validation,deployment
NC_000016.10:89738965:G:A,FANCA,0,,,,,,,,,,,,,2,25,0,,deployment_in_sample_not_validation,deployment
NC_000016.10:89738965:G:C,FANCA,0,,,,,,,,,,,,,2,25,0,,deployment_in_sample_not_validation,deployment
NC_000016.10:89738968:G:A,FANCA,0,,,,,,,,,,,,,2,25,0,,deployment_in_sample_not_validation,deployment
NC_000016.10:89740070:T:G,FANCA,0,0.06476951107495449,0.0,0.014923846436049845,0.0,4.803549571694948e-08,0.0,0.019003097638423307,0.0,0.0,0000,0.02467412579623084,0.015659777116829043,25,25,1,Unanimous B/LB-directed,deployment_in_sample_not_validation,deployment
NC_000016.10:89764941:G:C,FANCA,0,0.003781015875488938,0.0,0.0005389458109338783,0.0,4.803549571694948e-08,0.0,0.006105987768497051,0.0,0.0,0000,0.002606499372603896,0.001207144768416498,25,25,1,Unanimous B/LB-directed,deployment_in_sample_not_validation,deployment
NC_000016.10:89765019:A:T,FANCA,0,0.027603644522161377,0.0,0.00018711329198670034,0.0,4.803549571694948e-08,0.0,0.013861469694151675,0.0,0.0,0000,0.010413068885948867,0.005841969541304433,25,25,1,Unanimous B/LB-directed,deployment_in_sample_not_validation,deployment
NC_000016.10:89765039:G:T,FANCA,0,0.01943226823503212,0.0,0.03022407088377724,0.0,4.803549571694948e-08,0.0,0.03422901025288349,0.0,0.0,0000,0.02097134935179714,0.012999159354263141,25,25,1,Unanimous B/LB-directed,deployment_in_sample_not_validation,deployment
NC_000016.10:89771738:A:G,FANCA,0,0.03598822040076375,0.0,2.5404745719158098e-05,0.0,4.803549571694948e-08,0.0,0.00570456557972145,0.0,0.0,0000,0.01042955969042502,0.005852523335458143,25,25,1,Unanimous B/LB-directed,deployment_in_sample_not_validation,deployment
NC_000016.10:89775752:T:A,FANCA,0,0.06478340364189548,0.0,0.01666593101180875,0.0,4.803549571694948e-08,0.0,0.00991154299213664,0.0,0.0,0000,0.022840231420334152,0.014333834045651564,25,25,1,Unanimous B/LB-directed,deployment_in_sample_not_validation,deployment
NC_000016.10:89783071:CG:TA,FANCA,0,,,,,,,,,,,,,0,25,0,,deployment_in_sample_not_validation,deployment
NC_000016.10:89791491:G:C,FANCA,0,0.046290815658379995,0.0,0.010896570469403963,0.0,4.803549571694948e-08,0.0,0.01890974137022166,0.0,0.0,0000,0.019024293883375336,0.01162766570257103,25,25,1,Unanimous B/LB-directed,deployment_in_sample_not_validation,deployment
NC_000016.10:89808345:C:T,FANCA,0,0.018481870749424995,0.0,0.005152325079620139,0.0,7.846071509495876e-06,0.0,0.011617476872918052,0.0,0.0,0000,0.00881487969336817,0.004831114776571166,25,25,1,Unanimous B/LB-directed,deployment_in_sample_not_validation,deployment
NC_000016.10:89814599:A:G,FANCA,0,0.010530473700295008,0.0,7.42111607590816e-05,0.0,4.803549571694948e-08,0.0,0.004819605486792899,0.0,0.0,0000,0.003856084595835676,0.001884498165673329,25,25,1,Unanimous B/LB-directed,deployment_in_sample_not_validation,deployment
NC_000016.10:89815972:C:G,FANCA,0,0.01892508336581548,0.0,0.01622131604863461,0.0,4.803549571694948e-08,0.0,0.0061273580457968215,0.0,0.0,0000,0.01031845137393566,0.005781462921077855,25,25,1,Unanimous B/LB-directed,deployment_in_sample_not_validation,deployment
NC_000016.10:89816555:C:G,FANCA,0,0.06478468313032267,0.0,0.07857751031567616,0.0,4.803549571694948e-08,0.0,0.03077694299063877,0.0,0.0,0000,0.04353479611803333,0.03005997039176709,24,25,1,Unanimous B/LB-directed,deployment_in_sample_not_validation,deployment
NC_000017.11:7669613:C:A,TP53,0,0.09598754102514866,0.0,0.3837223552389815,0.0,0.0010601646548446838,0.0,0.037439769277737005,0.0,0.0,0000,0.12955245754917796,0.1063191361753611,23,25,1,Unanimous B/LB-directed,deployment_in_sample_not_validation,deployment
NC_000017.11:7669626:T:A,TP53,0,0.058508417112630336,0.0,0.08506753997813633,0.0,1.1550125256579917e-05,0.0,0.017005386402273472,0.0,0.0,0000,0.04014822340457418,0.02738488610988601,23,25,1,Unanimous B/LB-directed,deployment_in_sample_not_validation,deployment
NC_000017.11:7669628:C:G,TP53,0,0.03336266652672869,0.0,0.1436015704956938,0.0,4.803549571694948e-08,0.0,0.01805784898486546,0.0,0.0,0000,0.04875553351069591,0.03424940614411391,23,25,1,Unanimous B/LB-directed,deployment_in_sample_not_validation,deployment
NC_000017.11:7669631:T:G,TP53,0,0.03257912267681734,0.0,0.06324979756326475,0.0,4.803549571694948e-08,0.0,0.015321128372146242,0.0,0.0,0000,0.027787524161931015,0.017945128356095536,23,25,1,Unanimous B/LB-directed,deployment_in_sample_not_validation,deployment
NC_000017.11:7669635:G:T,TP53,0,0.012185100936205678,0.0,0.01196198917942873,0.0,4.803549571694948e-08,0.0,0.01114857564370975,0.0,0.0,0000,0.008823928448709968,0.004836768425929068,23,25,1,Unanimous B/LB-directed,deployment_in_sample_not_validation,deployment
NC_000017.11:7669637:A:G,TP53,0,0.03614789079934194,0.0,0.011851792305320706,0.0,4.803549571694948e-08,0.0,0.010502553804073162,0.0,0.0,0000,0.014625571236057882,0.00860908791825552,23,25,1,Unanimous B/LB-directed,deployment_in_sample_not_validation,deployment
NC_000017.11:7669639:A:G,TP53,0,0.019113167876416533,0.0,0.003606570271117988,0.0,4.803549571694948e-08,0.0,0.009432686104517501,0.0,0.0,0000,0.008038118071886934,0.004348970784502628,24,25,1,Unanimous B/LB-directed,deployment_in_sample_not_validation,deployment
NC_000017.11:7669640:T:C,TP53,0,0.046713079936811445,0.0,0.009091028628068092,0.0,4.803549571694948e-08,0.0,0.015482929939325768,0.0,0.0,0000,0.017821771634925255,0.010790950169667825,24,25,1,Unanimous B/LB-directed,deployment_in_sample_not_validation,deployment
NC_000017.11:7669654:C:A,TP53,0,0.06272905660915311,0.0,0.12928397841401415,0.0,4.803549571694948e-08,0.0,0.014838635331309068,0.0,0.0,0000,0.05171292959749301,0.03665575193288363,24,25,1,Unanimous B/LB-directed,deployment_in_sample_not_validation,deployment
NC_000017.11:7669667:G:T,TP53,0,0.06477033129162564,0.0,0.5480560291899634,0.0,4.803549571694948e-08,0.0,0.044344992110243085,0.0,0.0,0000,0.16429285015683198,0.14028334361210515,23,25,1,Unanimous B/LB-directed,deployment_in_sample_not_validation,deployment
NC_000017.11:7669670:C:G,TP53,0,0.001363815575442652,0.0,0.0181957214278431,0.0,4.803549571694948e-08,0.0,0.014052431564533691,0.0,0.0,0000,0.008403004150828789,0.004574666970062864,25,25,1,Unanimous B/LB-directed,deployment_in_sample_not_validation,deployment
NC_000017.11:7670641:C:T,TP53,0,0.012824252890028814,0.0,0.0005461906265783811,0.0,0.0001700770942117204,0.0,0.010661763226752819,0.0,0.0,0000,0.006050570959392934,0.0031467868245486454,25,25,1,Unanimous B/LB-directed,deployment_in_sample_not_validation,deployment
NC_000017.11:7670642:C:G,TP53,0,0.011751328641080836,0.0,0.006951630847631889,0.0,4.757659135428258e-05,0.0,0.023431206964065848,0.0,0.0,0000,0.010545435761033214,0.005926749574161722,25,25,1,Unanimous B/LB-directed,deployment_in_sample_not_validation,deployment
NC_000017.11:7670645:C:T,TP53,0,0.005333251464379041,0.0,0.0002495000660252691,0.0,4.803549571694948e-08,0.0,0.007823275515002963,0.0,0.0,0000,0.0033515187702257477,0.0016066367067555582,25,25,1,Unanimous B/LB-directed,deployment_in_sample_not_validation,deployment
NC_000017.11:7670668:G:C,TP53,0,0.0021866201136976926,0.0,0.029727313879369992,0.0,0.0005331287985636099,0.0,0.013065028457506055,0.0,0.0,0000,0.011378022812284337,0.006463484259680484,24,25,1,Unanimous B/LB-directed,deployment_in_sample_not_validation,deployment
NC_000017.11:7670685:G:C,TP53,0,0.012450772278864873,0.0,0.016431161410634207,0.0,4.803549571694948e-08,0.0,0.030800708385049974,0.0,0.0,0000,0.014920672527511194,0.008807805059370694,24,25,1,Unanimous B/LB-directed,deployment_in_sample_not_validation,deployment
NC_000017.11:7670688:C:A,TP53,0,0.0016650051624274222,0.0,0.03728284379878998,0.0,4.803549571694948e-08,0.0,0.009989690092573333,0.0,0.0,0000,0.012234396772321614,0.007021531698952319,24,25,1,Unanimous B/LB-directed,deployment_in_sample_not_validation,deployment
NC_000017.11:7670688:C:G,TP53,0,0.0016128423984054598,0.0,0.035500077821162414,0.0,4.803549571694948e-08,0.0,0.016648970016371965,0.0,0.0,0000,0.01344048456785889,0.007817102342125798,24,25,1,Unanimous B/LB-directed,deployment_in_sample_not_validation,deployment
NC_000017.11:7670702:C:G,TP53,0,0.04352787146552862,0.0,0.04893778232404849,0.0,4.803549571694948e-08,0.0,0.007166441187143225,0.0,0.0,0000,0.024908035753054013,0.015830007487985354,24,25,1,Unanimous B/LB-directed,deployment_in_sample_not_validation,deployment
NC_000017.11:7670704:C:A,TP53,0,0.11743270942328436,0.0,0.2806016152674521,0.0,4.803549571694948e-08,0.0,0.04491619590540678,0.0,0.0,0000,0.11073764215790974,0.08855990596589763,24,25,1,Unanimous B/LB-directed,deployment_in_sample_not_validation,deployment
NC_000017.11:7670711:G:A,TP53,0,0.7058836376423386,1.0,0.5938866394046413,0.0,5.147840602334674e-05,0.0,0.07764662661024593,0.0,1.0,1000,0.3443670955158123,0.3324384746335954,25,25,1,Mixed votes,deployment_in_sample_not_validation,deployment
NC_000017.11:7673222:G:A,TP53,0,,,,,,,,,,,,,2,25,0,,deployment_in_sample_not_validation,deployment
NC_000017.11:7673227:G:C,TP53,0,,,,,,,,,,,,,2,25,0,,deployment_in_sample_not_validation,deployment
NC_000017.11:7673249:C:T,TP53,0,,,,,,,,,,,,,2,25,0,,deployment_in_sample_not_validation,deployment
NC_000017.11:7673311:A:G,TP53,0,,,,,,,,,,,,,2,25,0,,deployment_in_sample_not_validation,deployment
NC_000017.11:7673318:T:G,TP53,0,,,,,,,,,,,,,2,25,0,,deployment_in_sample_not_validation,deployment
NC_000017.11:7673331:G:A,TP53,0,,,,,,,,,,,,,2,25,0,,deployment_in_sample_not_validation,deployment
NC_000017.11:7673555:A:T,TP53,0,0.015336724804864465,0.0,0.007714865440154271,0.0,0.00019699462472521324,0.0,0.028718199690085794,0.0,0.0,0000,0.012991696139957435,0.007519796625040617,24,25,1,Unanimous B/LB-directed,deployment_in_sample_not_validation,deployment
NC_000017.11:7673557:C:T,TP53,0,0.0357739401260434,0.0,0.0719732538453188,0.0,4.803549571694948e-08,0.0,0.04173743254359754,0.0,0.0,0000,0.03737116863761387,0.025217930198883545,24,25,1,Unanimous B/LB-directed,deployment_in_sample_not_validation,deployment
NC_000017.11:7673575:G:A,TP53,0,0.004514883639004672,0.0,0.00033913897581084793,0.0,4.803549571694948e-08,0.0,0.012551580906797108,0.0,0.0,0000,0.004351412889277087,0.0021622616034745606,25,25,1,Unanimous B/LB-directed,deployment_in_sample_not_validation,deployment
NC_000017.11:7673589:C:T,TP53,0,0.008265354764932686,0.0,0.00849542356264477,0.0,4.803549571694948e-08,0.0,0.020237915792069735,0.0,0.0,0000,0.009249685538785727,0.005103708316907668,25,25,1,Unanimous B/LB-directed,deployment_in_sample_not_validation,deployment
NC_000017.11:7673592:G:T,TP53,0,0.015996402385832158,0.0,0.03402188273702005,0.0,4.803549571694948e-08,0.0,0.015145165269965335,0.0,0.0,0000,0.016290874607078315,0.009737943331517817,24,25,1,Unanimous B/LB-directed,deployment_in_sample_not_validation,deployment
NC_000017.11:7673597:G:C,TP53,0,0.06482457136330506,0.0,0.008730623996564418,0.0,4.803549571694948e-08,0.0,0.011798023895257291,0.0,0.0,0000,0.021338316822655624,0.013259861345271594,24,25,1,Unanimous B/LB-directed,deployment_in_sample_not_validation,deployment
NC_000017.11:7673598:T:C,TP53,0,0.02887641361352837,0.0,0.001177414765889184,0.0,4.803549571694948e-08,0.0,0.010361874065395947,0.0,0.0,0000,0.010103937620077304,0.00564458166217552,24,25,1,Unanimous B/LB-directed,deployment_in_sample_not_validation,deployment
NC_000017.11:7673712:T:C,TP53,0,0.02010060969558921,0.0,0.017129191180147697,0.0,4.803549571694948e-08,0.0,0.023993387982976733,0.0,0.0,0000,0.01530580922355234,0.009068022181727158,24,25,1,Unanimous B/LB-directed,deployment_in_sample_not_validation,deployment
NC_000017.11:7673714:C:G,TP53,0,0.01955225104903961,0.0,0.09818562570245203,0.0,4.803549571694948e-08,0.0,0.020520558104765663,0.0,0.0,0000,0.034564620722938255,0.02305380819487133,24,25,1,Unanimous B/LB-directed,deployment_in_sample_not_validation,deployment
NC_000017.11:7673720:G:A,TP53,0,0.013758931265456095,0.0,0.07005199180774803,0.0,0.0009978670729016749,0.0,0.016426569122123223,0.0,0.0,0000,0.025308839817057255,0.016122265000927956,24,25,1,Unanimous B/LB-directed,deployment_in_sample_not_validation,deployment
NC_000017.11:7673736:G:A,TP53,0,0.02841520345678636,0.0,0.0003831485770598682,0.0,4.803549571694948e-08,0.0,0.006604605753397904,0.0,0.0,0000,0.008850751455684962,0.004853532281197528,24,25,1,Unanimous B/LB-directed,deployment_in_sample_not_validation,deployment
NC_000017.11:7673744:T:C,TP53,0,0.0013799674932351864,0.0,0.006070748183063133,0.0,0.0003677748323195352,0.0,0.009229327397129033,0.0,0.0,0000,0.004261954476436722,0.0021117536125683416,24,25,1,Unanimous B/LB-directed,deployment_in_sample_not_validation,deployment
NC_000017.11:7673753:A:G,TP53,0,0.06478479268847064,0.0,0.514835032497721,0.0,4.803549571694948e-08,0.0,0.0752995359069873,0.0,0.0,0000,0.16372985228216866,0.1397220360279091,24,25,1,Unanimous B/LB-directed,deployment_in_sample_not_validation,deployment
NC_000017.11:7673799:C:T,TP53,0,0.014742065084564666,0.0,0.0023293205737513157,0.0,4.803549571694948e-08,0.0,0.007571176977346411,0.0,0.0,0000,0.006160652667789528,0.0032120612078185844,24,25,1,Unanimous B/LB-directed,deployment_in_sample_not_validation,deployment
NC_000017.11:7673814:T:A,TP53,0,0.0188653359458341,0.0,0.28383966146966727,0.0,4.803549571694948e-08,0.0,0.02719309402284777,0.0,0.0,0000,0.08247453486846121,0.06288888261541016,24,25,1,Unanimous B/LB-directed,deployment_in_sample_not_validation,deployment
NC_000017.11:7673831:T:C,TP53,0,0.0022074383519600648,0.0,0.03177027219030628,0.0,4.803549571694948e-08,0.0,0.01792341700057631,0.0,0.0,0000,0.012975293894584593,0.007508958862881134,24,25,1,Unanimous B/LB-directed,deployment_in_sample_not_validation,deployment
NC_000017.11:7674202:T:C,TP53,0,0.06482841505663442,0.0,0.29368867768837126,0.0,0.0007223895956258525,0.0,0.0677579606321533,0.0,0.0,0000,0.1067493607431962,0.08486012446843748,25,25,1,Unanimous B/LB-directed,deployment_in_sample_not_validation,deployment
NC_000017.11:7674908:C:T,TP53,0,0.545366528443883,1.0,0.6091898416428193,0.0,4.803549571694948e-08,0.0,0.10257265321457207,0.0,1.0,1000,0.31428226783419255,0.29903315527091323,24,25,1,Mixed votes,deployment_in_sample_not_validation,deployment
NC_000017.11:7674954:C:G,TP53,0,0.034302408745192504,0.0,0.15043520461612908,0.0,6.130966010030632e-05,0.0,0.028696112554289575,0.0,0.0,0000,0.05337375889392787,0.038017129001221096,24,25,1,Unanimous B/LB-directed,deployment_in_sample_not_validation,deployment
NC_000017.11:7675055:C:T,TP53,0,0.0019311841834176058,0.0,0.03620571114751212,0.0,3.2247020380127664e-05,0.0,0.033888200965496905,0.0,0.0,0000,0.01801433582920169,0.010924384044298109,25,25,1,Unanimous B/LB-directed,deployment_in_sample_not_validation,deployment
NC_000017.11:7675056:G:C,TP53,0,0.06479046188466546,0.0,0.1878693714027374,0.0,4.803549571694948e-08,0.0,0.03249132312594678,0.0,0.0,0000,0.07128780111221134,0.05311657099201167,24,25,1,Unanimous B/LB-directed,deployment_in_sample_not_validation,deployment
NC_000017.11:7675064:A:G,TP53,0,0.060526996693659095,0.0,0.008248751616342464,0.0,4.803549571694948e-08,0.0,0.019359980690571415,0.0,0.0,0000,0.022033944259017176,0.01375590597184325,24,25,1,Unanimous B/LB-directed,deployment_in_sample_not_validation,deployment
NC_000017.11:7675090:C:T,TP53,0,0.025975865930215242,0.0,0.02563567576594844,0.0,4.803549571694948e-08,0.0,0.010362316213251838,0.0,0.0,0000,0.015493476486227809,0.009195171501921845,25,25,1,Unanimous B/LB-directed,deployment_in_sample_not_validation,deployment
NC_000017.11:7676004:C:T,TP53,0,0.6589499236989931,1.0,0.5846473417637422,0.0,4.803549571694948e-08,0.0,0.08009531006176539,0.0,1.0,1000,0.3309231558899991,0.3174674892374435,25,25,1,Mixed votes,deployment_in_sample_not_validation,deployment
NC_000017.11:7676015:G:A,TP53,0,0.6506064084443218,1.0,0.6186983042841202,0.0,4.803549571694948e-08,0.0,0.07791182625087191,0.0,1.0,1000,0.33680414675370246,0.324008399104192,25,25,1,Mixed votes,deployment_in_sample_not_validation,deployment
NC_000017.11:7676087:G:A,TP53,0,0.06481972076083,0.0,0.4179998614668325,0.0,0.003008927194664391,0.0,0.0440970350499197,0.0,0.0,0000,0.13248138611806165,0.10912655083723621,24,25,1,Unanimous B/LB-directed,deployment_in_sample_not_validation,deployment
NC_000017.11:7676118:C:T,TP53,0,0.004156065293570638,0.0,0.0005305774786754245,0.0,4.803549571694948e-08,0.0,0.004876485357291752,0.0,0.0,0000,0.002390794041258383,0.00109422875394208,25,25,1,Unanimous B/LB-directed,deployment_in_sample_not_validation,deployment
NC_000017.11:7676141:G:C,TP53,0,0.014531514555041359,0.0,0.004084367344219886,0.0,4.757659135428258e-05,0.0,0.005387433792135553,0.0,0.0,0000,0.00601272307068777,0.003124382981140868,24,25,1,Unanimous B/LB-directed,deployment_in_sample_not_validation,deployment
NC_000017.11:7676147:G:A,TP53,0,0.01513337196608715,0.0,4.404260316588357e-05,0.0,4.803549571694948e-08,0.0,0.00712049916553748,0.0,0.0,0000,0.005574490442571557,0.0028664500084544047,25,25,1,Unanimous B/LB-directed,deployment_in_sample_not_validation,deployment
NC_000017.11:7676150:A:T,TP53,0,0.06482836307828077,0.0,0.005596451127212643,0.0,4.803549571694948e-08,0.0,0.007322846915639875,0.0,0.0,0000,0.019436927289157253,0.011916631968871045,24,25,1,Unanimous B/LB-directed,deployment_in_sample_not_validation,deployment
NC_000017.11:7676152:GG:AC,TP53,0,,,,,,,,,,,,,1,25,0,,deployment_in_sample_not_validation,deployment
NC_000017.11:7676172:T:C,TP53,0,0.059876604810781414,0.0,0.00025644726852918666,0.0,4.803549571694948e-08,0.0,0.005483399138013009,0.0,0.0,0000,0.016404124813204832,0.009815354517414655,24,25,1,Unanimous B/LB-directed,deployment_in_sample_not_validation,deployment
NC_000017.11:7676180:G:C,TP53,0,0.013854036278965278,0.0,0.018734430579041277,0.0,4.803549571694948e-08,0.0,0.027962266751661056,0.0,0.0,0000,0.015137695411290831,0.008954316033635045,25,25,1,Unanimous B/LB-directed,deployment_in_sample_not_validation,deployment
NC_000017.11:7676192:C:T,TP53,0,0.02846233312917884,0.0,4.202844145358627e-05,0.0,4.803549571694948e-08,0.0,0.009006688698246935,0.0,0.0,0000,0.009377774576093768,0.005184366706511476,25,25,1,Unanimous B/LB-directed,deployment_in_sample_not_validation,deployment
NC_000017.11:7676196:G:C,TP53,0,0.014186332897329394,0.0,0.0005211252453974848,0.0,4.803549571694948e-08,0.0,0.023796623395997422,0.0,0.0,0000,0.009626032393555004,0.00534114572346151,24,25,1,Unanimous B/LB-directed,deployment_in_sample_not_validation,deployment
NC_000017.11:7676224:G:T,TP53,0,0.06482477581855944,0.0,0.00022191506518181542,0.0,4.803549571694948e-08,0.0,0.00719498762765394,0.0,0.0,0000,0.018060431636722732,0.010956356976987588,24,25,1,Unanimous B/LB-directed,deployment_in_sample_not_validation,deployment
NC_000017.11:7676261:G:T,TP53,0,0.008857740875517613,0.0,0.036388825720784744,0.0,4.803549571694948e-08,0.0,0.011681710241541805,0.0,0.0,0000,0.01423208121833497,0.008345035795519854,22,25,1,Unanimous B/LB-directed,deployment_in_sample_not_validation,deployment
NC_000017.11:7676383:G:C,TP53,0,0.019035914370911216,0.0,0.11810742559677738,0.0,4.803549571694948e-08,0.0,0.010455437913579101,0.0,0.0,0000,0.03689970647919086,0.024852531641307726,22,25,1,Unanimous B/LB-directed,deployment_in_sample_not_validation,deployment
NC_000017.11:7676392:T:C,TP53,0,0.014439532353128195,0.0,0.004638324454576729,0.0,0.0006037978083333766,0.0,0.015300857838625516,0.0,0.0,0000,0.008745628113665953,0.0047878740734365035,22,25,1,Unanimous B/LB-directed,deployment_in_sample_not_validation,deployment
NC_000017.11:7676566:C:G,TP53,0,0.035384511823988864,0.0,0.0011307771076711195,0.0,4.803549571694948e-08,0.0,0.01109351103168465,0.0,0.0,0000,0.011902211999710088,0.006804369588590801,22,25,1,Unanimous B/LB-directed,deployment_in_sample_not_validation,deployment
NC_000017.11:7676571:G:A,TP53,0,0.0036783272218293074,0.0,0.0024217806259357825,0.0,4.803549571694948e-08,0.0,0.0054110711043661944,0.0,0.0,0000,0.00287780674690675,0.001351002458359399,22,25,1,Unanimous B/LB-directed,deployment_in_sample_not_validation,deployment
NC_000017.11:7676573:A:C,TP53,0,0.02286683270869148,0.0,0.0007199175748383458,0.0,4.803549571694948e-08,0.0,0.00888737339223617,0.0,0.0,0000,0.008118542927815428,0.004398593301701246,22,25,1,Unanimous B/LB-directed,deployment_in_sample_not_validation,deployment
NC_000017.11:7676583:G:A,TP53,0,0.010620085875243193,0.0,0.02267748324745562,0.0,4.803549571694948e-08,0.0,0.003856179944926449,0.0,0.0,0000,0.009288449275780247,0.005128101233821969,22,25,1,Unanimous B/LB-directed,deployment_in_sample_not_validation,deployment
NC_000017.11:7676583:G:T,TP53,0,0.0045813889974038674,0.0,0.019758761660750995,0.0,4.803549571694948e-08,0.0,0.00569150510138617,0.0,0.0,0000,0.007507925948759187,0.00402363952893802,22,25,1,Unanimous B/LB-directed,deployment_in_sample_not_validation,deployment
NC_000017.11:35100980:C:T,RAD51D,0,0.005805622491749391,0.0,0.0017503617618530782,0.0,4.803549571694948e-08,0.0,0.008975037000284153,0.0,0.0,0000,0.004132767322345585,0.002039076544665054,23,25,1,Unanimous B/LB-directed,deployment_in_sample_not_validation,deployment
NC_000017.11:35101001:G:T,RAD51D,0,0.06488464788659504,0.0,0.029348040118386248,0.0,4.803549571694948e-08,0.0,0.024234942590930487,0.0,0.0,0000,0.029616919657851876,0.019306828190551375,22,25,1,Unanimous B/LB-directed,deployment_in_sample_not_validation,deployment
NC_000017.11:35101015:C:A,RAD51D,0,0.05634146060561593,0.0,0.033185592607579924,0.0,4.803549571694948e-08,0.0,0.01601759559461884,0.0,0.0,0000,0.0263861742108276,0.01691133008587892,23,25,1,Unanimous B/LB-directed,deployment_in_sample_not_validation,deployment
NC_000017.11:35101015:C:T,RAD51D,0,0.06485173842437249,0.0,0.05650048210562874,0.0,4.803549571694948e-08,0.0,0.018072702502075252,0.0,0.0,0000,0.034856242766893045,0.023277423639131104,23,25,1,Unanimous B/LB-directed,deployment_in_sample_not_validation,deployment
NC_000017.11:35101259:C:G,RAD51D,0,0.010148696849368411,0.0,0.0010117151399825764,0.0,4.803549571694948e-08,0.0,0.008345263524095502,0.0,0.0,0000,0.004876430887235552,0.002461537831881015,24,25,1,Unanimous B/LB-directed,deployment_in_sample_not_validation,deployment
NC_000017.11:43045703:G:A,BRCA1,0,0.002930385045547028,0.0,0.009984420196713585,0.0,7.846071509495876e-06,0.0,0.00624713579095181,0.0,0.0,0000,0.00479244677618048,0.002413347255771045,25,25,1,Unanimous B/LB-directed,deployment_in_sample_not_validation,deployment
NC_000017.11:43045724:C:T,BRCA1,0,0.008010751121383981,0.0,0.0725411135251527,0.0,0.0024604230654741532,0.0,0.014204433293112021,0.0,0.0,0000,0.024304180251280717,0.015391049617473982,24,25,1,Unanimous B/LB-directed,deployment_in_sample_not_validation,deployment
NC_000017.11:43045726:T:C,BRCA1,0,0.0025268628183723408,0.0,0.0749968538546275,0.0,4.803549571694948e-08,0.0,0.06970664195843365,0.0,0.0,0000,0.036807601666732304,0.02478123354640689,24,25,1,Unanimous B/LB-directed,deployment_in_sample_not_validation,deployment
NC_000017.11:43045729:C:G,BRCA1,0,0.008498506974619,0.0,0.0784376142610459,0.0,0.003701151131686073,0.0,0.03871408707106707,0.0,0.0,0000,0.03233783985960451,0.02135625250698224,24,25,1,Unanimous B/LB-directed,deployment_in_sample_not_validation,deployment
NC_000017.11:43045732:T:C,BRCA1,0,0.00032485361252156277,0.0,0.0016943873596717881,0.0,4.803549571694948e-08,0.0,0.004870451292318782,0.0,0.0,0000,0.0017224350750019623,0.0007537908023175254,25,25,1,Unanimous B/LB-directed,deployment_in_sample_not_validation,deployment
NC_000017.11:43045738:A:C,BRCA1,0,0.002750802448358366,0.0,0.055783289474120146,0.0,0.0003533251696665949,0.0,0.023340350058649477,0.0,0.0,0000,0.020556941787698645,0.0127055822089691,25,25,1,Unanimous B/LB-directed,deployment_in_sample_not_validation,deployment
NC_000017.11:43045777:G:A,BRCA1,0,0.004447210903659942,0.0,0.013266350087450281,0.0,4.803549571694948e-08,0.0,0.012480531873128083,0.0,0.0,0000,0.007548535224933506,0.004048445046909177,24,25,1,Unanimous B/LB-directed,deployment_in_sample_not_validation,deployment
NC_000017.11:43045791:C:G,BRCA1,0,0.012566300637611235,0.0,0.06509307114118296,0.0,0.00013059340616197246,0.0,0.014780983958338838,0.0,0.0,0000,0.02314273728582375,0.014551469888082553,23,25,1,Unanimous B/LB-directed,deployment_in_sample_not_validation,deployment
NC_000017.11:43045791:C:T,BRCA1,0,,,,,,,,,,,,,2,25,0,,deployment_in_sample_not_validation,deployment
NC_000017.11:43045793:G:C,BRCA1,0,0.06475296524674545,0.0,0.03957007443931369,0.0,0.00045960457335693096,0.0,0.043302357932893026,0.0,0.0,0000,0.03702125054807728,0.024946661782469008,23,25,1,Unanimous B/LB-directed,deployment_in_sample_not_validation,deployment
NC_000017.11:43045794:C:A,BRCA1,0,,,,,,,,,,,,,2,25,0,,deployment_in_sample_not_validation,deployment
NC_000017.11:43045794:C:T,BRCA1,0,,,,,,,,,,,,,2,25,0,,deployment_in_sample_not_validation,deployment
NC_000017.11:43045797:A:G,BRCA1,0,,,,,,,,,,,,,2,25,0,,deployment_in_sample_not_validation,deployment
NC_000017.11:43045797:A:T,BRCA1,0,,,,,,,,,,,,,2,25,0,,deployment_in_sample_not_validation,deployment
NC_000017.11:43045798:A:T,BRCA1,0,0.5156237201782049,1.0,0.8949578841909156,1.0,0.0032968842313854663,0.0,0.08755845239922995,0.0,2.0,1100,0.375359235249934,0.36717457365847495,23,25,1,Mixed votes,deployment_in_sample_not_validation,deployment
NC_000017.11:43045800:T:G,BRCA1,0,,,,,,,,,,,,,2,25,0,,deployment_in_sample_not_validation,deployment
NC_000017.11:43047643:A:G,BRCA1,0,,,,,,,,,,,,,2,25,0,,deployment_in_sample_not_validation,deployment
NC_000017.11:43047646:G:A,BRCA1,0,,,,,,,,,,,,,2,25,0,,deployment_in_sample_not_validation,deployment
NC_000017.11:43047649:G:A,BRCA1,0,,,,,,,,,,,,,2,25,0,,deployment_in_sample_not_validation,deployment
NC_000017.11:43047649:G:C,BRCA1,0,,,,,,,,,,,,,2,25,0,,deployment_in_sample_not_validation,deployment
NC_000017.11:43047652:A:G,BRCA1,0,,,,,,,,,,,,,2,25,0,,deployment_in_sample_not_validation,deployment
NC_000017.11:43047658:C:T,BRCA1,0,,,,,,,,,,,,,2,25,0,,deployment_in_sample_not_validation,deployment
NC_000017.11:43047661:T:C,BRCA1,0,,,,,,,,,,,,,2,25,0,,deployment_in_sample_not_validation,deployment
NC_000017.11:43047662:G:C,BRCA1,0,0.036679726734406434,0.0,0.08295006581049835,0.0,0.0004329896524096961,0.0,0.02250761831511707,0.0,0.0,0000,0.03564260012810789,0.023881867936282306,23,25,1,Unanimous B/LB-directed,deployment_in_sample_not_validation,deployment
NC_000017.11:43047663:T:C,BRCA1,0,0.03306591539347054,0.0,0.01428151020126323,0.0,7.846071509495876e-06,0.0,0.027120362510258823,0.0,0.0,0000,0.018618908544125526,0.01134468839070984,23,25,1,Unanimous B/LB-directed,deployment_in_sample_not_validation,deployment
NC_000017.11:43047670:A:G,BRCA1,0,,,,,,,,,,,,,2,25,0,,deployment_in_sample_not_validation,deployment
NC_000017.11:43047679:C:G,BRCA1,0,,,,,,,,,,,,,2,25,0,,deployment_in_sample_not_validation,deployment
NC_000017.11:43047679:C:T,BRCA1,0,,,,,,,,,,,,,2,25,0,,deployment_in_sample_not_validation,deployment
NC_000017.11:43047682:A:T,BRCA1,0,,,,,,,,,,,,,2,25,0,,deployment_in_sample_not_validation,deployment
NC_000017.11:43047685:C:G,BRCA1,0,,,,,,,,,,,,,2,25,0,,deployment_in_sample_not_validation,deployment
NC_000017.11:43047691:T:G,BRCA1,0,,,,,,,,,,,,,2,25,0,,deployment_in_sample_not_validation,deployment
NC_000017.11:43047694:G:A,BRCA1,0,,,,,,,,,,,,,2,25,0,,deployment_in_sample_not_validation,deployment
NC_000017.11:43047697:G:A,BRCA1,0,,,,,,,,,,,,,2,25,0,,deployment_in_sample_not_validation,deployment
NC_000017.11:43047700:A:G,BRCA1,0,,,,,,,,,,,,,2,25,0,,deployment_in_sample_not_validation,deployment
NC_000017.11:43049142:A:C,BRCA1,0,0.06483348478120182,0.0,0.4458323063799459,0.0,0.00019699462472521324,0.0,0.03126285310930845,0.0,0.0,0000,0.13553140972379535,0.11206165590561337,24,25,1,Unanimous B/LB-directed,deployment_in_sample_not_validation,deployment
NC_000017.11:43049179:T:A,BRCA1,0,0.06475449421060855,0.0,0.25190115018358133,0.0,0.0008274553775318385,0.0,0.03213044907724277,0.0,0.0,0000,0.08740338721224113,0.06726912304614581,25,25,1,Unanimous B/LB-directed,deployment_in_sample_not_validation,deployment
NC_000017.11:43049189:T:G,BRCA1,0,0.02701830129844935,0.0,0.007343152477014422,0.0,7.846071509495876e-06,0.0,0.014698873746612053,0.0,0.0,0000,0.01226704339839633,0.007042920822549588,24,25,1,Unanimous B/LB-directed,deployment_in_sample_not_validation,deployment
NC_000017.11:43051082:G:C,BRCA1,0,0.20835332807241164,0.0,0.4656332378904377,0.0,0.0005308013459187831,0.0,0.06601942900198712,0.0,0.0,0000,0.1851341990776888,0.16128903261401653,25,25,1,Unanimous B/LB-directed,deployment_in_sample_not_validation,deployment
NC_000017.11:43057059:C:A,BRCA1,0,0.39211611159654364,0.0,0.66256210622925,0.0,0.0016131514684485616,0.0,0.08158148449952805,0.0,0.0,0000,0.28446821344844253,0.26631716116290755,24,25,1,Unanimous B/LB-directed,deployment_in_sample_not_validation,deployment
NC_000017.11:43057083:G:T,BRCA1,0,0.9949721136749097,1.0,0.9827735468019706,1.0,0.001410300127495084,0.0,0.11042696166305649,0.0,2.0,1100,0.522395730566858,0.5338614083172135,24,25,1,Mixed votes,deployment_in_sample_not_validation,deployment
NC_000017.11:43057134:G:C,BRCA1,0,0.11504033629096261,0.0,0.1956816504025294,0.0,4.803549571694948e-08,0.0,0.04762550978845598,0.0,0.0,0000,0.08958688612936093,0.06922338192691999,25,25,1,Unanimous B/LB-directed,deployment_in_sample_not_validation,deployment
NC_000017.11:43063335:A:C,BRCA1,0,0.0070187481511533156,0.0,0.056820572387489346,0.0,4.803549571694948e-08,0.0,0.02327963731071279,0.0,0.0,0000,0.021779751471212794,0.013574364849366383,24,25,1,Unanimous B/LB-directed,deployment_in_sample_not_validation,deployment
NC_000017.11:43063357:A:G,BRCA1,0,0.027011126895403827,0.0,0.37807899461307937,0.0,0.00178206728183678,0.0,0.06185535897534896,0.0,0.0,0000,0.11718188694141722,0.09458719660328112,24,25,1,Unanimous B/LB-directed,deployment_in_sample_not_validation,deployment
NC_000017.11:43063892:T:G,BRCA1,0,0.6727285522979564,1.0,0.9272643665229637,1.0,4.803549571694948e-08,0.0,0.08492422847421445,0.0,2.0,1100,0.4212292988326576,0.41900430480256706,24,25,1,Mixed votes,deployment_in_sample_not_validation,deployment
NC_000017.11:43067622:C:T,BRCA1,0,0.0022038187103365216,0.0,0.03640035274925935,0.0,4.803549571694948e-08,0.0,0.026314249771889182,0.0,0.0,0000,0.016229617316745194,0.0096961046498841,24,25,1,Unanimous B/LB-directed,deployment_in_sample_not_validation,deployment
NC_000017.11:43067631:T:C,BRCA1,0,0.1601361319003683,0.0,0.37833956725383777,0.0,0.0011684692867981626,0.0,0.05871072249884883,0.0,0.0,0000,0.14958872273496326,0.12573641940925004,24,25,1,Unanimous B/LB-directed,deployment_in_sample_not_validation,deployment
NC_000017.11:43067637:C:T,BRCA1,0,0.06478415233498373,0.0,0.2775617663663062,0.0,4.803549571694948e-08,0.0,0.06968909908768657,0.0,0.0,0000,0.10300876645611805,0.08141199411308993,25,25,1,Unanimous B/LB-directed,deployment_in_sample_not_validation,deployment
NC_000017.11:43067651:G:T,BRCA1,0,0.003136679840149422,0.0,0.059036165040305066,0.0,0.00038713355166387144,0.0,0.01235285958614406,0.0,0.0,0000,0.018728209504565604,0.011420895426032574,24,25,1,Unanimous B/LB-directed,deployment_in_sample_not_validation,deployment
NC_000017.11:43067657:G:A,BRCA1,0,0.0017884957729580014,0.0,0.0018935396864228466,0.0,0.00010505649759456465,0.0,0.007100483633852347,0.0,0.0,0000,0.0027218938977069396,0.0012680902198633063,25,25,1,Unanimous B/LB-directed,deployment_in_sample_not_validation,deployment
NC_000017.11:43067661:T:C,BRCA1,0,0.004333952852097932,0.0,0.00016657722132894064,0.0,7.846071509495876e-06,0.0,0.013983224738668525,0.0,0.0,0000,0.004622900220901224,0.0023164224612808814,25,25,1,Unanimous B/LB-directed,deployment_in_sample_not_validation,deployment
NC_000017.11:43067664:G:A,BRCA1,0,0.009873180931746654,0.0,0.07414816085363346,0.0,7.846071509495876e-06,0.0,0.012870257192978168,0.0,0.0,0000,0.024224861262466948,0.015333513502560934,24,25,1,Unanimous B/LB-directed,deployment_in_sample_not_validation,deployment
NC_000017.11:43067664:G:C,BRCA1,0,0.04829495397153964,0.0,0.08480425905549666,0.0,4.803549571694948e-08,0.0,0.05798880352143837,0.0,0.0,0000,0.0477720161459926,0.03345434464390202,24,25,1,Unanimous B/LB-directed,deployment_in_sample_not_validation,deployment
NC_000017.11:43067679:A:C,BRCA1,0,0.47099284783203416,0.0,0.6512372880487971,0.0,4.803549571694948e-08,0.0,0.05328062618836788,0.0,0.0,0000,0.29387770252617373,0.2765955354825703,24,25,1,Unanimous B/LB-directed,deployment_in_sample_not_validation,deployment
NC_000017.11:43067681:T:G,BRCA1,0,0.05176393354757573,0.0,0.32199476702137486,0.0,0.00122146626952202,0.0,0.039746339570903025,0.0,0.0,0000,0.10368162660234391,0.08203065650324716,24,25,1,Unanimous B/LB-directed,deployment_in_sample_not_validation,deployment
NC_000017.11:43067685:A:T,BRCA1,0,0.06481678213918025,0.0,0.05308745746200816,0.0,4.803549571694948e-08,0.0,0.013738618567978334,0.0,0.0,0000,0.032910726551165614,0.021791281453336513,24,25,1,Unanimous B/LB-directed,deployment_in_sample_not_validation,deployment
NC_000017.11:43067687:A:C,BRCA1,0,0.6417083720702105,1.0,0.6791982581433622,0.0,4.803549571694948e-08,0.0,0.07452144899814292,0.0,1.0,1000,0.3488570318118029,0.33745254441187017,25,25,1,Mixed votes,deployment_in_sample_not_validation,deployment
NC_000017.11:43067690:A:G,BRCA1,0,0.0647781597343255,0.0,0.20554781469742076,0.0,4.803549571694948e-08,0.0,0.04776512537620825,0.0,0.0,0000,0.07952278696086255,0.060286967559275546,25,25,1,Unanimous B/LB-directed,deployment_in_sample_not_validation,deployment
NC_000017.11:43067691:G:A,BRCA1,0,0.06484615371852917,0.0,0.2630764724768621,0.0,7.846071509495876e-06,0.0,0.019721743562089285,0.0,0.0,0000,0.08691305395724751,0.06683141857429145,24,25,1,Unanimous B/LB-directed,deployment_in_sample_not_validation,deployment
NC_000017.11:43070928:A:G,BRCA1,0,0.005539819185777244,0.0,0.0021170520440143936,0.0,7.846071509495876e-06,0.0,0.008384665199479151,0.0,0.0,0000,0.0040123456251950716,0.001971615476810568,25,25,1,Unanimous B/LB-directed,deployment_in_sample_not_validation,deployment
NC_000017.11:43070955:A:G,BRCA1,0,0.10191891132681512,0.0,0.5853585445911733,0.0,0.0006037978083333766,0.0,0.0780844410591019,0.0,0.0,0000,0.1914914236963559,0.16777994973998206,24,25,1,Unanimous B/LB-directed,deployment_in_sample_not_validation,deployment
NC_000017.11:43070970:T:C,BRCA1,0,0.009781400436199952,0.0,0.00021991017400418094,0.0,4.803549571694948e-08,0.0,0.007050359660941991,0.0,0.0,0000,0.00426292957666046,0.0021123033591703747,24,25,1,Unanimous B/LB-directed,deployment_in_sample_not_validation,deployment
NC_000017.11:43070970:T:G,BRCA1,0,0.06477380921835119,0.0,0.010791379642584222,0.0,2.2533855864021865e-05,0.0,0.022976469442916217,0.0,0.0,0000,0.024641048039928913,0.01563572430192938,24,25,1,Unanimous B/LB-directed,deployment_in_sample_not_validation,deployment
NC_000017.11:43070976:A:T,BRCA1,0,0.013853606066939358,0.0,0.0028771407932918418,0.0,7.846071509495876e-06,0.0,0.013572363603746092,0.0,0.0,0000,0.007577739133871697,0.004066295532633291,24,25,1,Unanimous B/LB-directed,deployment_in_sample_not_validation,deployment
NC_000017.11:43070983:C:G,BRCA1,0,0.047966620764848984,0.0,0.009953255550341128,0.0,7.846071509495876e-06,0.0,0.003951642307756711,0.0,0.0,0000,0.01546984117361408,0.00917914539754491,24,25,1,Unanimous B/LB-directed,deployment_in_sample_not_validation,deployment
NC_000017.11:43070986:T:A,BRCA1,0,0.06477202304577338,0.0,0.0014279276762026074,0.0,0.0006249643852201921,0.0,0.007331660198731944,0.0,0.0,0000,0.01853914382648203,0.011289116887571251,24,25,1,Unanimous B/LB-directed,deployment_in_sample_not_validation,deployment
NC_000017.11:43070988:G:A,BRCA1,0,0.01661122616142884,0.0,0.08721342559981277,0.0,4.803549571694948e-08,0.0,0.005817436551030499,0.0,0.0,0000,0.027410534086941954,0.017666208527170133,24,25,1,Unanimous B/LB-directed,deployment_in_sample_not_validation,deployment
NC_000017.11:43070992:C:A,BRCA1,0,0.009689559979495556,0.0,0.00012650099547226255,0.0,4.803549571694948e-08,0.0,0.006785886239993822,0.0,0.0,0000,0.004150498812614339,0.002049033232283057,24,25,1,Unanimous B/LB-directed,deployment_in_sample_not_validation,deployment
NC_000017.11:43070992:C:T,BRCA1,0,0.010437065842746215,0.0,0.0013856536649695475,0.0,4.803549571694948e-08,0.0,0.004695776961771823,0.0,0.0,0000,0.004129636126245825,0.002037318916194678,24,25,1,Unanimous B/LB-directed,deployment_in_sample_not_validation,deployment
NC_000017.11:43070995:T:C,BRCA1,0,0.028536551707218943,0.0,0.0007022364407113353,0.0,4.803549571694948e-08,0.0,0.011704652177238501,0.0,0.0,0000,0.010235872090166125,0.0057287199808069966,24,25,1,Unanimous B/LB-directed,deployment_in_sample_not_validation,deployment
NC_000017.11:43071000:T:A,BRCA1,0,0.06140342830261497,0.0,0.08011418221318038,0.0,7.846071509495876e-06,0.0,0.018009154222516296,0.0,0.0,0000,0.039883652702455294,0.02717738086907001,24,25,1,Unanimous B/LB-directed,deployment_in_sample_not_validation,deployment
NC_000017.11:43071005:C:A,BRCA1,0,0.030287296805373662,0.0,0.009002839405959135,0.0,7.846071509495876e-06,0.0,0.017833806263153233,0.0,0.0,0000,0.014282947136498882,0.008379109679605506,24,25,1,Unanimous B/LB-directed,deployment_in_sample_not_validation,deployment
NC_000017.11:43071016:T:C,BRCA1,0,0.007260970203631053,0.0,0.0070039606855974235,0.0,4.803549571694948e-08,0.0,0.0047098629491091944,0.0,0.0,0000,0.004743710468458347,0.0023854361676177516,24,25,1,Unanimous B/LB-directed,deployment_in_sample_not_validation,deployment
NC_000017.11:43071109:C:G,BRCA1,0,0.019761598809822433,0.0,8.685793165454962e-05,0.0,4.803549571694948e-08,0.0,0.005482047497610803,0.0,0.0,0000,0.006332638068645876,0.0033143715164029434,24,25,1,Unanimous B/LB-directed,deployment_in_sample_not_validation,deployment
NC_000017.11:43071136:T:A,BRCA1,0,0.035775670875174415,0.0,0.0007269834694497109,0.0,4.803549571694948e-08,0.0,0.03245326973794215,0.0,0.0,0000,0.0172389930295155,0.010388441107275855,25,25,1,Unanimous B/LB-directed,deployment_in_sample_not_validation,deployment
NC_000017.11:43071147:C:T,BRCA1,0,0.006526982253669961,0.0,5.171805824705071e-06,0.0,4.803549571694948e-08,0.0,0.004708765021715075,0.0,0.0,0000,0.0028102417791763647,0.0013149939975151508,25,25,1,Unanimous B/LB-directed,deployment_in_sample_not_validation,deployment
NC_000017.11:43071163:C:A,BRCA1,0,0.012062970842096591,0.0,0.00045204706362768257,0.0,7.846071509495876e-06,0.0,0.013042542977474246,0.0,0.0,0000,0.006391351738677003,0.0033493895613919775,25,25,1,Unanimous B/LB-directed,deployment_in_sample_not_validation,deployment
NC_000017.11:43074369:C:A,BRCA1,0,0.006917395017830569,0.0,0.002612833031681333,0.0,7.846071509495876e-06,0.0,0.0038419295752767963,0.0,0.0,0000,0.0033450009240745485,0.0016030835347087306,25,25,1,Unanimous B/LB-directed,deployment_in_sample_not_validation,deployment
NC_000017.11:43074461:C:T,BRCA1,0,0.03379597096227663,0.0,0.006233365033876137,0.0,7.846071509495876e-06,0.0,0.011410370639843525,0.0,0.0,0000,0.012861888176876446,0.007434081071488988,25,25,1,Unanimous B/LB-directed,deployment_in_sample_not_validation,deployment
NC_000017.11:43074462:C:T,BRCA1,0,0.019968321609390022,0.0,0.00019062399510173315,0.0,4.803549571694948e-08,0.0,0.005985847704926293,0.0,0.0,0000,0.0065362103362284416,0.0034359802532595188,24,25,1,Unanimous B/LB-directed,deployment_in_sample_not_validation,deployment
NC_000017.11:43076514:C:T,BRCA1,0,0.029349877765375898,0.0,0.0007484298523528984,0.0,0.0006037978083333766,0.0,0.035589488435660004,0.0,0.0,0000,0.016572898465430544,0.009930865298396556,24,25,1,Unanimous B/LB-directed,deployment_in_sample_not_validation,deployment
NC_000017.11:43079333:C:T,BRCA1,0,,,,,,,,,,,,,2,25,0,,deployment_in_sample_not_validation,deployment
NC_000017.11:43079348:T:C,BRCA1,0,,,,,,,,,,,,,2,25,0,,deployment_in_sample_not_validation,deployment
NC_000017.11:43079351:G:A,BRCA1,0,,,,,,,,,,,,,2,25,0,,deployment_in_sample_not_validation,deployment
NC_000017.11:43082427:G:C,BRCA1,0,0.03756415010673655,0.0,0.0010982723621500564,0.0,0.00046527485220641845,0.0,0.043523349073475506,0.0,0.0,0000,0.02066276159864213,0.012780463594601981,24,25,1,Unanimous B/LB-directed,deployment_in_sample_not_validation,deployment
NC_000017.11:43082466:T:G,BRCA1,0,0.016122383264965654,0.0,2.8717927952444926e-05,0.0,4.803549571694948e-08,0.0,0.005861690591388927,0.0,0.0,0000,0.005503209954950686,0.0028247598485992426,24,25,1,Unanimous B/LB-directed,deployment_in_sample_not_validation,deployment
NC_000017.11:43082505:C:G,BRCA1,0,0.011689633942367661,0.0,0.0020260903873805416,0.0,8.993128520827814e-05,0.0,0.013729182167628822,0.0,0.0,0000,0.006883709445646325,0.0036448014835466715,25,25,1,Unanimous B/LB-directed,deployment_in_sample_not_validation,deployment
NC_000017.11:43082556:G:A,BRCA1,0,0.0021385624112766045,0.0,0.00010451208176574912,0.0,2.3013136611602433e-05,0.0,0.008224682559987373,0.0,0.0,0000,0.002622692547410332,0.0012156750587082733,25,25,1,Unanimous B/LB-directed,deployment_in_sample_not_validation,deployment
NC_000017.11:43090969:A:G,BRCA1,0,0.06602947873505023,0.0,0.26046692972870844,0.0,4.803549571694948e-08,0.0,0.04672469693779131,0.0,0.0,0000,0.09330528835926141,0.07257030654035898,24,25,1,Unanimous B/LB-directed,deployment_in_sample_not_validation,deployment
NC_000017.11:43091449:T:A,BRCA1,0,0.04149686582306357,0.0,0.0005757223604841011,0.0,4.803549571694948e-08,0.0,0.008405823135353133,0.0,0.0,0000,0.01261961483859913,0.007274440315837062,24,25,1,Unanimous B/LB-directed,deployment_in_sample_not_validation,deployment
NC_000017.11:43091449:T:G,BRCA1,0,0.014650996381394851,0.0,2.938270409757957e-05,0.0,4.803549571694948e-08,0.0,0.005180296053810317,0.0,0.0,0000,0.004965180793699616,0.0025125896361561624,25,25,1,Unanimous B/LB-directed,deployment_in_sample_not_validation,deployment
NC_000017.11:43091519:G:C,BRCA1,0,0.017644247775428803,0.0,0.014869286785670418,0.0,2.2533855864021865e-05,0.0,0.009015977847558816,0.0,0.0,0000,0.010388011566130515,0.005825937965013241,24,25,1,Unanimous B/LB-directed,deployment_in_sample_not_validation,deployment
NC_000017.11:43091535:C:T,BRCA1,0,0.013152180029170082,0.0,7.451491339247064e-05,0.0,4.803549571694948e-08,0.0,0.006550393858121285,0.0,0.0,0000,0.004944284209044888,0.0025005576398150616,24,25,1,Unanimous B/LB-directed,deployment_in_sample_not_validation,deployment
NC_000017.11:43091572:A:G,BRCA1,0,0.0027522213358031193,0.0,5.119798614812507e-05,0.0,4.803549571694948e-08,0.0,0.0035237162004008297,0.0,0.0,0000,0.0015817958894619477,0.0006842451667273086,25,25,1,Unanimous B/LB-directed,deployment_in_sample_not_validation,deployment
NC_000017.11:43091595:G:C,BRCA1,0,0.009837735517168218,0.0,0.00011308275380227368,0.0,4.803549571694948e-08,0.0,0.003779365630416166,0.0,0.0,0000,0.003432557984220594,0.0016508945025213132,25,25,1,Unanimous B/LB-directed,deployment_in_sample_not_validation,deployment
NC_000017.11:43091612:C:A,BRCA1,0,0.02976764473643368,0.0,0.009688714354128776,0.0,7.846071509495876e-06,0.0,0.011281701234607307,0.0,0.0,0000,0.012686476599169817,0.007318453089057923,24,25,1,Unanimous B/LB-directed,deployment_in_sample_not_validation,deployment
NC_000017.11:43091679:T:C,BRCA1,0,0.03297070021693528,0.0,0.0214881137628675,0.0,1.1550125256579917e-05,0.0,0.029711779515473557,0.0,0.0,0000,0.02104553590513323,0.013051807994380368,25,25,1,Unanimous B/LB-directed,deployment_in_sample_not_validation,deployment
NC_000017.11:43091701:C:G,BRCA1,0,0.06483979468756171,0.0,0.0003672222025252532,0.0,7.846071509495876e-06,0.0,0.004625293333983794,0.0,0.0,0000,0.01746003907389506,0.010540876558424122,24,25,1,Unanimous B/LB-directed,deployment_in_sample_not_validation,deployment
NC_000017.11:43091704:A:C,BRCA1,0,0.014576530488848266,0.0,0.00047628951930279095,0.0,7.846071509495876e-06,0.0,0.004964510545077435,0.0,0.0,0000,0.005006294156184497,0.0025362829247341364,24,25,1,Unanimous B/LB-directed,deployment_in_sample_not_validation,deployment
NC_000017.11:43091712:T:C,BRCA1,0,0.029699546405788268,0.0,0.003611016175833222,0.0,7.846071509495876e-06,0.0,0.007441650082398834,0.0,0.0,0000,0.010190014683882455,0.0056994575801029,24,25,1,Unanimous B/LB-directed,deployment_in_sample_not_validation,deployment
NC_000017.11:43091732:G:C,BRCA1,0,0.06477321763490997,0.0,0.10422797055621585,0.0,1.1550125256579917e-05,0.0,0.03087543351707284,0.0,0.0,0000,0.049972042958363806,0.03523643484837311,25,25,1,Unanimous B/LB-directed,deployment_in_sample_not_validation,deployment
NC_000017.11:43091733:C:G,BRCA1,0,0.04170936099414411,0.0,0.00044724423085597796,0.0,7.846071509495876e-06,0.0,0.009150976588500665,0.0,0.0,0000,0.012828856971252562,0.007412289828132571,25,25,1,Unanimous B/LB-directed,deployment_in_sample_not_validation,deployment
NC_000017.11:43091747:T:A,BRCA1,0,0.0551987796273149,0.0,0.0013618899537051158,0.0,7.846071509495876e-06,0.0,0.014999500959829389,0.0,0.0,0000,0.017892004153089724,0.010839591723335281,24,25,1,Unanimous B/LB-directed,deployment_in_sample_not_validation,deployment
NC_000017.11:43091772:G:T,BRCA1,0,0.06478247784779774,0.0,0.4303619208222474,0.0,4.803549571694948e-08,0.0,0.04880562788762088,0.0,0.0,0000,0.13598751864829042,0.11250158499405433,25,25,1,Unanimous B/LB-directed,deployment_in_sample_not_validation,deployment
NC_000017.11:43091802:C:G,BRCA1,0,0.03870790243059428,0.0,0.02256799236207448,0.0,0.00010505649759456465,0.0,0.01305813419580245,0.0,0.0,0000,0.018609771371516443,0.011338320779108138,25,25,1,Unanimous B/LB-directed,deployment_in_sample_not_validation,deployment
NC_000017.11:43091806:T:C,BRCA1,0,0.0066510678690257655,0.0,0.0026168982145863473,0.0,7.846071509495876e-06,0.0,0.004021808035356205,0.0,0.0,0000,0.0033244050476194534,0.0015918621193046125,25,25,1,Unanimous B/LB-directed,deployment_in_sample_not_validation,deployment
NC_000017.11:43091808:G:C,BRCA1,0,0.006530196243634416,0.0,0.0131188670935566,0.0,0.00010505649759456465,0.0,0.011174629246482534,0.0,0.0,0000,0.007732187270317029,0.004160862002231149,24,25,1,Unanimous B/LB-directed,deployment_in_sample_not_validation,deployment
NC_000017.11:43091832:T:C,BRCA1,0,0.06478701333123207,0.0,0.02099194668399272,0.0,7.846071509495876e-06,0.0,0.006731095583264016,0.0,0.0,0000,0.023129475417499577,0.014541919613310122,24,25,1,Unanimous B/LB-directed,deployment_in_sample_not_validation,deployment
NC_000017.11:43091863:G:A,BRCA1,0,0.012487635339576435,0.0,0.08884909772988747,0.0,0.0005331287985636099,0.0,0.01738561225104239,0.0,0.0,0000,0.029813868529767477,0.0194542200497141,24,25,1,Unanimous B/LB-directed,deployment_in_sample_not_validation,deployment
NC_000017.11:43091873:C:A,BRCA1,0,0.027182646229375676,0.0,0.12425803438640291,0.0,4.803549571694948e-08,0.0,0.029875910200473026,0.0,0.0,0000,0.045329159712936835,0.031491166954671634,24,25,1,Unanimous B/LB-directed,deployment_in_sample_not_validation,deployment
NC_000017.11:43091878:T:A,BRCA1,0,0.001020768969561335,0.0,0.005771504019531747,0.0,4.803549571694948e-08,0.0,0.01243938114415717,0.0,0.0,0000,0.004807925542186492,0.002422220227971739,24,25,1,Unanimous B/LB-directed,deployment_in_sample_not_validation,deployment
NC_000017.11:43091917:C:G,BRCA1,0,0.019730693307991022,0.0,0.0010567493460848932,0.0,4.803549571694948e-08,0.0,0.033964405223991904,0.0,0.0,0000,0.013687973978390885,0.00798168097932136,25,25,1,Unanimous B/LB-directed,deployment_in_sample_not_validation,deployment
NC_000017.11:43091929:C:T,BRCA1,0,0.017986192339600644,0.0,0.0012342358977967106,0.0,7.846071509495876e-06,0.0,0.006049629210351142,0.0,0.0,0000,0.006319475879814499,0.003306527598089811,25,25,1,Unanimous B/LB-directed,deployment_in_sample_not_validation,deployment
NC_000017.11:43091967:C:A,BRCA1,0,0.1305168378758697,0.0,0.4101526428965855,0.0,4.803549571694948e-08,0.0,0.04437049894841185,0.0,0.0,0000,0.1462600069390907,0.12247704487369726,24,25,1,Unanimous B/LB-directed,deployment_in_sample_not_validation,deployment
NC_000017.11:43091980:C:T,BRCA1,0,0.012329107563674542,0.0,0.0001497121412430186,0.0,4.803549571694948e-08,0.0,0.00689288180739057,0.0,0.0,0000,0.004842937386950962,0.002442305003392619,24,25,1,Unanimous B/LB-directed,deployment_in_sample_not_validation,deployment
NC_000017.11:43091988:A:G,BRCA1,0,0.005585896491899202,0.0,0.0008707906149223449,0.0,0.0001467201218351483,0.0,0.016317763580158733,0.0,0.0,0000,0.005730292702203857,0.002957835292888408,24,25,1,Unanimous B/LB-directed,deployment_in_sample_not_validation,deployment
NC_000017.11:43092003:A:T,BRCA1,0,0.08632027672037025,0.0,0.5620234613690991,0.0,4.803549571694948e-08,0.0,0.04324030023332899,0.0,0.0,0000,0.1728960215895735,0.14890170851625475,24,25,1,Unanimous B/LB-directed,deployment_in_sample_not_validation,deployment
NC_000017.11:43092046:C:T,BRCA1,0,0.015518405364994443,0.0,0.00017729134020932658,0.0,4.803549571694948e-08,0.0,0.006164024537142611,0.0,0.0,0000,0.005464942319460524,0.0028024093440924135,24,25,1,Unanimous B/LB-directed,deployment_in_sample_not_validation,deployment
NC_000017.11:43092063:T:G,BRCA1,0,0.00802371916223032,0.0,0.0335890591993811,0.0,4.803549571694948e-08,0.0,0.011399344745413658,0.0,0.0,0000,0.0132530427856302,0.007692749585032897,24,25,1,Unanimous B/LB-directed,deployment_in_sample_not_validation,deployment
NC_000017.11:43092098:C:A,BRCA1,0,0.016906456860470372,0.0,0.14767967417861652,0.0,0.0004329896524096961,0.0,0.010306864857358536,0.0,0.0,0000,0.043831496387213786,0.030295974129921178,24,25,1,Unanimous B/LB-directed,deployment_in_sample_not_validation,deployment
NC_000017.11:43092156:G:T,BRCA1,0,0.06483400467601239,0.0,0.20431926481709356,0.0,4.803549571694948e-08,0.0,0.020992700224300644,0.0,0.0,0000,0.07253650443822557,0.05419518407968155,25,25,1,Unanimous B/LB-directed,deployment_in_sample_not_validation,deployment
NC_000017.11:43092302:T:A,BRCA1,0,0.17840223635923363,0.0,0.49952637406633416,0.0,4.803549571694948e-08,0.0,0.04607623675561381,0.0,0.0,0000,0.1810012238041693,0.1570894512821186,25,25,1,Unanimous B/LB-directed,deployment_in_sample_not_validation,deployment
NC_000017.11:43092387:C:A,BRCA1,0,0.0012347227290507065,0.0,0.008294471226978123,0.0,4.803549571694948e-08,0.0,0.004457771400389225,0.0,0.0,0000,0.003496753347978443,0.0016860567787598513,25,25,1,Unanimous B/LB-directed,deployment_in_sample_not_validation,deployment
NC_000017.11:43092400:T:C,BRCA1,0,0.005142396292232915,0.0,1.9899260147760722e-05,0.0,4.803549571694948e-08,0.0,0.004096042912709816,0.0,0.0,0000,0.002314596625146552,0.001054670181223645,25,25,1,Unanimous B/LB-directed,deployment_in_sample_not_validation,deployment
NC_000017.11:43092402:T:C,BRCA1,0,0.005930188434969459,0.0,2.613045681291032e-06,0.0,4.803549571694948e-08,0.0,0.005678751620047627,0.0,0.0,0000,0.0029029002840485233,0.0013644059339460424,25,25,1,Unanimous B/LB-directed,deployment_in_sample_not_validation,deployment
NC_000017.11:43092420:T:A,BRCA1,0,0.019084266953648555,0.0,0.07381309092688508,0.0,4.803549571694948e-08,0.0,0.03120850651275916,0.0,0.0,0000,0.03102647810719713,0.020365016722065803,24,25,1,Unanimous B/LB-directed,deployment_in_sample_not_validation,deployment
NC_000017.11:43092448:G:A,BRCA1,0,0.009886860764859453,0.0,3.476585110881145e-05,0.0,4.803549571694948e-08,0.0,0.01320326164179984,0.0,0.0,0000,0.005781234073315955,0.0029877912718137994,25,25,1,Unanimous B/LB-directed,deployment_in_sample_not_validation,deployment
NC_000017.11:43092458:G:C,BRCA1,0,0.013658792012271359,0.0,0.17133232355490843,0.0,4.803549571694948e-08,0.0,0.033111146119258986,0.0,0.0,0000,0.05452557743048363,0.03896538583277561,25,25,1,Unanimous B/LB-directed,deployment_in_sample_not_validation,deployment
NC_000017.11:43092472:G:A,BRCA1,0,0.046489544846480775,0.0,0.0017628532287580368,0.0,4.803549571694948e-08,0.0,0.008441165076078718,0.0,0.0,0000,0.014173402796703313,0.008305750729093344,24,25,1,Unanimous B/LB-directed,deployment_in_sample_not_validation,deployment
NC_000017.11:43092493:C:T,BRCA1,0,0.013088488120193939,0.0,0.0030113606429171737,0.0,4.803549571694948e-08,0.0,0.004775485274320616,0.0,0.0,0000,0.005218845518231862,0.002659206163762902,24,25,1,Unanimous B/LB-directed,deployment_in_sample_not_validation,deployment
NC_000017.11:43092589:G:C,BRCA1,0,0.003506269844911097,0.0,0.013290007177197145,0.0,4.803549571694948e-08,0.0,0.006801135042061366,0.0,0.0,0000,0.005899365024916331,0.0030574007764719224,24,25,1,Unanimous B/LB-directed,deployment_in_sample_not_validation,deployment
NC_000017.11:43092609:A:G,BRCA1,0,0.017667020124885534,0.0,0.0004426352251884914,0.0,4.803549571694948e-08,0.0,0.007925338313058649,0.0,0.0,0000,0.006508760424657098,0.003419550743661203,24,25,1,Unanimous B/LB-directed,deployment_in_sample_not_validation,deployment
NC_000017.11:43092618:T:C,BRCA1,0,0.006729889049204548,0.0,8.978292386607684e-05,0.0,4.803549571694948e-08,0.0,0.010029572012354295,0.0,0.0,0000,0.004212323005230159,0.002083795427244795,24,25,1,Unanimous B/LB-directed,deployment_in_sample_not_validation,deployment
NC_000017.11:43092619:G:T,BRCA1,0,0.020883968186232036,0.0,0.001100787036256444,0.0,4.803549571694948e-08,0.0,0.020381410334309555,0.0,0.0,0000,0.010591553398073439,0.005956323828091911,24,25,1,Unanimous B/LB-directed,deployment_in_sample_not_validation,deployment
NC_000017.11:43092628:G:C,BRCA1,0,0.01365332243665513,0.0,2.738292943344865e-05,0.0,4.803549571694948e-08,0.0,0.006299344189926227,0.0,0.0,0000,0.00499502439787763,0.0025297855310412367,24,25,1,Unanimous B/LB-directed,deployment_in_sample_not_validation,deployment
NC_000017.11:43092631:T:A,BRCA1,0,0.030381320328267646,0.0,0.00020600676938348062,0.0,4.803549571694948e-08,0.0,0.012602029937673207,0.0,0.0,0000,0.010797351267705013,0.006088523632885498,24,25,1,Unanimous B/LB-directed,deployment_in_sample_not_validation,deployment
NC_000017.11:43092646:C:T,BRCA1,0,0.00902317608912731,0.0,0.0006046298427542897,0.0,4.803549571694948e-08,0.0,0.010574453713738292,0.0,0.0,0000,0.005050576920278902,0.0025618332669931,25,25,1,Unanimous B/LB-directed,deployment_in_sample_not_validation,deployment
NC_000017.11:43092669:A:T,BRCA1,0,0.017819438908193153,0.0,0.00033228630233308554,0.0,4.803549571694948e-08,0.0,0.00845165987223675,0.0,0.0,0000,0.006650858279564676,0.0035047053657836016,24,25,1,Unanimous B/LB-directed,deployment_in_sample_not_validation,deployment
NC_000017.11:43092732:C:G,BRCA1,0,0.012185466915169195,0.0,0.0011951789248906544,0.0,4.803549571694948e-08,0.0,0.02485741424808266,0.0,0.0,0000,0.009559527030909556,0.005299088797906814,24,25,1,Unanimous B/LB-directed,deployment_in_sample_not_validation,deployment
NC_000017.11:43092772:C:T,BRCA1,0,0.012105742868490919,0.0,0.000257443101502835,0.0,7.846071509495876e-06,0.0,0.0059901376045804105,0.0,0.0,0000,0.004590292411520915,0.0022978379878192652,25,25,1,Unanimous B/LB-directed,deployment_in_sample_not_validation,deployment
NC_000017.11:43092784:T:A,BRCA1,0,0.01864879205595551,0.0,0.06447227981516052,0.0,0.00038713355166387144,0.0,0.011531133620209156,0.0,0.0,0000,0.023759834760747264,0.01499677521615871,24,25,1,Unanimous B/LB-directed,deployment_in_sample_not_validation,deployment
NC_000017.11:43092795:T:C,BRCA1,0,0.006067363017838035,0.0,0.0007529569618365057,0.0,7.846071509495876e-06,0.0,0.003766189826624903,0.0,0.0,0000,0.002648588969452235,0.0012293319752945326,24,25,1,Unanimous B/LB-directed,deployment_in_sample_not_validation,deployment
NC_000017.11:43092895:C:T,BRCA1,0,0.006336480063365534,0.0,0.00929711677736361,0.0,4.803549571694948e-08,0.0,0.009860767016507779,0.0,0.0,0000,0.00637360297318316,0.0033387990138432884,25,25,1,Unanimous B/LB-directed,deployment_in_sample_not_validation,deployment
NC_000017.11:43093005:T:C,BRCA1,0,0.006993841727188848,0.0,0.011563454877951,0.0,4.803549571694948e-08,0.0,0.012062640083887697,0.0,0.0,0000,0.007654996181130816,0.004113564991727429,25,25,1,Unanimous B/LB-directed,deployment_in_sample_not_validation,deployment
NC_000017.11:43093015:G:A,BRCA1,0,0.0021551354356257424,0.0,0.0003487315660086835,0.0,4.803549571694948e-08,0.0,0.0063510379804938445,0.0,0.0,0000,0.002213738254405997,0.0010025851254964221,24,25,1,Unanimous B/LB-directed,deployment_in_sample_not_validation,deployment
NC_000017.11:43093056:T:A,BRCA1,0,0.015131742274334094,0.0,0.005639153784891266,0.0,4.803549571694948e-08,0.0,0.006701627569939829,0.0,0.0,0000,0.006868142916165226,0.003635414573632004,24,25,1,Unanimous B/LB-directed,deployment_in_sample_not_validation,deployment
NC_000017.11:43093117:A:G,BRCA1,0,0.060138957412348024,0.0,0.3896770862139017,0.0,4.803549571694948e-08,0.0,0.0643137106909636,0.0,0.0,0000,0.12853245058817725,0.10534405105489006,25,25,1,Unanimous B/LB-directed,deployment_in_sample_not_validation,deployment
NC_000017.11:43093138:G:C,BRCA1,0,0.02984812567672062,0.0,0.00013107379455699338,0.0,4.803549571694948e-08,0.0,0.0045711751120657285,0.0,0.0,0000,0.008637605654709765,0.004720522803338287,25,25,1,Unanimous B/LB-directed,deployment_in_sample_not_validation,deployment
NC_000017.11:43093183:T:C,BRCA1,0,0.0648727665804531,0.0,0.000491281956089429,0.0,4.803549571694948e-08,0.0,0.02933538466674943,0.0,0.0,0000,0.023674870309696918,0.01493535811565563,25,25,1,Unanimous B/LB-directed,deployment_in_sample_not_validation,deployment
NC_000017.11:43093195:T:A,BRCA1,0,0.009313629162780253,0.0,0.007315982903901679,0.0,4.803549571694948e-08,0.0,0.009993014024160328,0.0,0.0,0000,0.006655668531584494,0.003507592535647856,24,25,1,Unanimous B/LB-directed,deployment_in_sample_not_validation,deployment
NC_000017.11:43093244:T:A,BRCA1,0,0.008665038327654565,0.0,0.005586439671580735,0.0,1.1550125256579917e-05,0.0,0.021858658890635704,0.0,0.0,0000,0.009030421753781897,0.004966009604633987,25,25,1,Unanimous B/LB-directed,deployment_in_sample_not_validation,deployment
NC_000017.11:43093285:C:G,BRCA1,0,0.010229460346937417,0.0,0.038118887518169074,0.0,4.803549571694948e-08,0.0,0.014242728657811827,0.0,0.0,0000,0.01564778113960351,0.009299887542600738,24,25,1,Unanimous B/LB-directed,deployment_in_sample_not_validation,deployment
NC_000017.11:43093300:C:T,BRCA1,0,0.005512185611149534,0.0,3.445377383154526e-06,0.0,4.803549571694948e-08,0.0,0.003562389631128113,0.0,0.0,0000,0.00226951716378913,0.0010313508347005278,25,25,1,Unanimous B/LB-directed,deployment_in_sample_not_validation,deployment
NC_000017.11:43093323:T:C,BRCA1,0,0.00867234685802144,0.0,0.00027010848123863794,0.0,4.803549571694948e-08,0.0,0.0071757827629417535,0.0,0.0,0000,0.004029571534424387,0.0019812484407953986,24,25,1,Unanimous B/LB-directed,deployment_in_sample_not_validation,deployment
NC_000017.11:43093323:T:G,BRCA1,0,0.005673471082127837,0.0,0.0003457121791828997,0.0,4.803549571694948e-08,0.0,0.0032504055933204683,0.0,0.0,0000,0.0023174092225317308,0.0010561272112901132,25,25,1,Unanimous B/LB-directed,deployment_in_sample_not_validation,deployment
NC_000017.11:43093350:G:A,BRCA1,0,0.0035470183867993797,0.0,5.954198987663157e-06,0.0,4.803549571694948e-08,0.0,0.004940760156304676,0.0,0.0,0000,0.0021234451943968587,0.0009562324748976553,25,25,1,Unanimous B/LB-directed,deployment_in_sample_not_validation,deployment
NC_000017.11:43093375:T:C,BRCA1,0,0.0027449019979540914,0.0,5.394846119202821e-05,0.0,4.803549571694948e-08,0.0,0.0033362981859171247,0.0,0.0,0000,0.0015337991701397404,0.000660700886826895,25,25,1,Unanimous B/LB-directed,deployment_in_sample_not_validation,deployment
NC_000017.11:43093447:C:A,BRCA1,0,0.022846904259363518,0.0,0.030987687088568222,0.0,4.803549571694948e-08,0.0,0.01111985393130081,0.0,0.0,0000,0.01623862332868207,0.009702254283548666,25,25,1,Unanimous B/LB-directed,deployment_in_sample_not_validation,deployment
NC_000017.11:43093453:C:A,BRCA1,0,0.008815774247305914,0.0,0.005121649489048524,0.0,7.846071509495876e-06,0.0,0.011403342371095726,0.0,0.0,0000,0.006337153044739915,0.0033170627174667912,24,25,1,Unanimous B/LB-directed,deployment_in_sample_not_validation,deployment
NC_000017.11:43093556:C:T,BRCA1,0,0.007157913184643756,0.0,7.39608309318364e-05,0.0,7.846071509495876e-06,0.0,0.00626276220691811,0.0,0.0,0000,0.0033756205735007996,0.0016197840119421107,25,25,1,Unanimous B/LB-directed,deployment_in_sample_not_validation,deployment
NC_000017.11:43093567:A:C,BRCA1,0,0.014146994615434694,0.0,0.0017996210147146238,0.0,4.803549571694948e-08,0.0,0.011417351142924876,0.0,0.0,0000,0.006841003702142478,0.0036190563352896075,24,25,1,Unanimous B/LB-directed,deployment_in_sample_not_validation,deployment
NC_000017.11:43093570:T:C,BRCA1,0,0.011191446409776365,0.0,0.0008208452829724527,0.0,4.803549571694948e-08,0.0,0.02586537070408189,0.0,0.0,0000,0.009469427608081605,0.005242178502300103,25,25,1,Unanimous B/LB-directed,deployment_in_sample_not_validation,deployment
NC_000017.11:43093598:A:C,BRCA1,0,0.04767000247815802,0.0,0.057562860150528465,0.0,4.803549571694948e-08,0.0,0.0558429514165977,0.0,0.0,0000,0.040268965520194974,0.02747965802836711,25,25,1,Unanimous B/LB-directed,deployment_in_sample_not_validation,deployment
NC_000017.11:43093603:T:C,BRCA1,0,0.011406381769289885,0.0,0.11160359226489736,0.0,4.803549571694948e-08,0.0,0.017210358262176293,0.0,0.0,0000,0.03505509508296482,0.023430072787773606,24,25,1,Unanimous B/LB-directed,deployment_in_sample_not_validation,deployment
NC_000017.11:43093606:C:G,BRCA1,0,0.013022461295632167,0.0,0.13075646842285085,0.0,4.803549571694948e-08,0.0,0.03361845471929954,0.0,0.0,0000,0.04434935811831957,0.030708512891281393,25,25,1,Unanimous B/LB-directed,deployment_in_sample_not_validation,deployment
NC_000017.11:43093629:G:C,BRCA1,0,0.012707145308525654,0.0,0.12018122097091508,0.0,0.0004329896524096961,0.0,0.015180781106611817,0.0,0.0,0000,0.03712553425961556,0.025027463681769606,24,25,1,Unanimous B/LB-directed,deployment_in_sample_not_validation,deployment
NC_000017.11:43093633:G:T,BRCA1,0,0.012157282687798003,0.0,0.06031467656074796,0.0,0.0004329896524096961,0.0,0.01512400396052233,0.0,0.0,0000,0.022007238215369495,0.013736817886995116,24,25,1,Unanimous B/LB-directed,deployment_in_sample_not_validation,deployment
NC_000017.11:43093680:G:T,BRCA1,0,0.010833685203933532,0.0,0.03831674031109228,0.0,4.803549571694948e-08,0.0,0.0069084221695963595,0.0,0.0,0000,0.014014723930029473,0.008199635475901891,24,25,1,Unanimous B/LB-directed,deployment_in_sample_not_validation,deployment
NC_000017.11:43093696:T:C,BRCA1,0,0.016022811934949338,0.0,0.14248576285759595,0.0,4.803549571694948e-08,0.0,0.014010158119306658,0.0,0.0,0000,0.04312969523683692,0.029738160445145108,24,25,1,Unanimous B/LB-directed,deployment_in_sample_not_validation,deployment
NC_000017.11:43093730:G:C,BRCA1,0,0.009292511709001324,0.0,0.0003684506252362288,0.0,7.846071509495876e-06,0.0,0.005057992930975522,0.0,0.0,0000,0.003681700334180643,0.0017878569982360255,24,25,1,Unanimous B/LB-directed,deployment_in_sample_not_validation,deployment
NC_000017.11:43093786:T:C,BRCA1,0,0.008002833266522359,0.0,0.0009810017621298386,0.0,4.803549571694948e-08,0.0,0.021987113252594996,0.0,0.0,0000,0.007742749079185728,0.004167338748688551,25,25,1,Unanimous B/LB-directed,deployment_in_sample_not_validation,deployment
NC_000017.11:43093864:T:G,BRCA1,0,0.018901124031848012,0.0,0.0014617875416470755,0.0,4.803549571694948e-08,0.0,0.004333965147464297,0.0,0.0,0000,0.0061742311891137755,0.0032201242481051566,24,25,1,Unanimous B/LB-directed,deployment_in_sample_not_validation,deployment
NC_000017.11:43093887:A:C,BRCA1,0,0.027738236152262653,0.0,0.01660815475628477,0.0,4.803549571694948e-08,0.0,0.0066695238458185846,0.0,0.0,0000,0.012753990697465432,0.007362929643079916,24,25,1,Unanimous B/LB-directed,deployment_in_sample_not_validation,deployment
NC_000017.11:43093966:C:T,BRCA1,0,0.01032026450623218,0.0,0.06247640877653825,0.0,4.803549571694948e-08,0.0,0.022788417044420157,0.0,0.0,0000,0.023896284590671574,0.015095478898235074,24,25,1,Unanimous B/LB-directed,deployment_in_sample_not_validation,deployment
NC_000017.11:43093969:C:G,BRCA1,0,0.009418957023252617,0.0,0.029048561698455794,0.0,4.803549571694948e-08,0.0,0.008608219164833437,0.0,0.0,0000,0.011768946480509392,0.0067174949211970215,24,25,1,Unanimous B/LB-directed,deployment_in_sample_not_validation,deployment
NC_000017.11:43094019:C:T,BRCA1,0,0.0011828522878587755,0.0,0.002357032824283925,0.0,4.803549571694948e-08,0.0,0.003807357936248937,0.0,0.0,0000,0.0018368227709718386,0.0008109365043778848,25,25,1,Unanimous B/LB-directed,deployment_in_sample_not_validation,deployment
NC_000017.11:43094056:T:C,BRCA1,0,0.026942715789708988,0.0,0.0028740836261483774,0.0,4.803549571694948e-08,0.0,0.009881097326262413,0.0,0.0,0000,0.009924486194403875,0.005530394845380696,24,25,1,Unanimous B/LB-directed,deployment_in_sample_not_validation,deployment
NC_000017.11:43094062:G:A,BRCA1,0,0.004345980514980927,0.0,0.002124124946668146,0.0,4.803549571694948e-08,0.0,0.009275465349624286,0.0,0.0,0000,0.0039364047116922695,0.0019292173074319696,24,25,1,Unanimous B/LB-directed,deployment_in_sample_not_validation,deployment
NC_000017.11:43094072:A:C,BRCA1,0,0.021632977198405335,0.0,0.00021602906920743884,0.0,4.803549571694948e-08,0.0,0.00571868271320258,0.0,0.0,0000,0.006891934254077767,0.0036497624138134436,24,25,1,Unanimous B/LB-directed,deployment_in_sample_not_validation,deployment
NC_000017.11:43094072:A:T,BRCA1,0,0.021648964608498498,0.0,0.0002169881961643634,0.0,4.803549571694948e-08,0.0,0.00571868271320258,0.0,0.0,0000,0.006896170888340289,0.0036523181381275124,24,25,1,Unanimous B/LB-directed,deployment_in_sample_not_validation,deployment
NC_000017.11:43094109:A:G,BRCA1,0,0.0055657259158944155,0.0,0.02325734373964725,0.0,4.803549571694948e-08,0.0,0.008208531695344844,0.0,0.0,0000,0.009257912346595556,0.005108883987912439,24,25,1,Unanimous B/LB-directed,deployment_in_sample_not_validation,deployment
NC_000017.11:43094112:T:A,BRCA1,0,0.018831221868554855,0.0,0.044160762221108416,0.0,4.803549571694948e-08,0.0,0.00868514127416174,0.0,0.0,0000,0.017919293349830185,0.01085849933487765,24,25,1,Unanimous B/LB-directed,deployment_in_sample_not_validation,deployment
NC_000017.11:43094112:T:C,BRCA1,0,0.003869818797615846,0.0,0.0002519850065918208,0.0,4.803549571694948e-08,0.0,0.005215437203411725,0.0,0.0,0000,0.0023343222607787773,0.0010648939287676944,25,25,1,Unanimous B/LB-directed,deployment_in_sample_not_validation,deployment
NC_000017.11:43094156:G:C,BRCA1,0,0.019510497564875388,0.0,0.16481509535156794,0.0,4.803549571694948e-08,0.0,0.021083118339383495,0.0,0.0,0000,0.051352189822830636,0.03636099445223507,25,25,1,Unanimous B/LB-directed,deployment_in_sample_not_validation,deployment
NC_000017.11:43094269:C:T,BRCA1,0,0.00816908251589439,0.0,0.00031254471818278765,0.0,4.803549571694948e-08,0.0,0.00402261792120327,0.0,0.0,0000,0.0031260732976940413,0.0014843049185818452,24,25,1,Unanimous B/LB-directed,deployment_in_sample_not_validation,deployment
NC_000017.11:43094290:C:A,BRCA1,0,0.004222084730947377,0.0,0.009613406007720954,0.0,4.803549571694948e-08,0.0,0.025347308914759312,0.0,0.0,0000,0.009795711922230839,0.00544863728364776,24,25,1,Unanimous B/LB-directed,deployment_in_sample_not_validation,deployment
NC_000017.11:43094293:A:C,BRCA1,0,0.012150127101224128,0.0,3.8528312942785056e-05,0.0,4.803549571694948e-08,0.0,0.003851423735590342,0.0,0.0,0000,0.0040100317963132435,0.0019703219909003563,25,25,1,Unanimous B/LB-directed,deployment_in_sample_not_validation,deployment
NC_000017.11:43094322:G:A,BRCA1,0,0.0029789816732865076,0.0,0.0033747681804410365,0.0,0.0003677748323195352,0.0,0.004173145722886364,0.0,0.0,0000,0.0027236676022333608,0.0012690298297022616,24,25,1,Unanimous B/LB-directed,deployment_in_sample_not_validation,deployment
NC_000017.11:43094361:T:C,BRCA1,0,0.02363087958410268,0.0,0.01019873321031688,0.0,0.0006037978083333766,0.0,0.011520564607502155,0.0,0.0,0000,0.011488493802563773,0.006535138489972846,24,25,1,Unanimous B/LB-directed,deployment_in_sample_not_validation,deployment
NC_000017.11:43094371:A:T,BRCA1,0,0.0004425115057189861,0.0,0.007300449488019099,0.0,0.0002943056195522489,0.0,0.011621931803791369,0.0,0.0,0000,0.004914799604270426,0.002483592901962605,25,25,1,Unanimous B/LB-directed,deployment_in_sample_not_validation,deployment
NC_000017.11:43094400:C:T,BRCA1,0,0.002124502410361435,0.0,0.007550657725500587,0.0,4.803549571694948e-08,0.0,0.007465385256572154,0.0,0.0,0000,0.004285148356982473,0.0021248347216645774,24,25,1,Unanimous B/LB-directed,deployment_in_sample_not_validation,deployment
NC_000017.11:43094403:T:C,BRCA1,0,0.0015746574169910892,0.0,0.01294585454391056,0.0,4.803549571694948e-08,0.0,0.007594349809879313,0.0,0.0,0000,0.00552872745156917,0.0028396757060203345,24,25,1,Unanimous B/LB-directed,deployment_in_sample_not_validation,deployment
NC_000017.11:43094425:C:T,BRCA1,0,0.009680560914371554,0.0,0.01918361365339334,0.0,4.803549571694948e-08,0.0,0.009568703400673324,0.0,0.0,0000,0.009608231500983484,0.0053298846152695445,24,25,1,Unanimous B/LB-directed,deployment_in_sample_not_validation,deployment
NC_000017.11:43094430:G:C,BRCA1,0,0.008306101852369305,0.0,5.9349330496032536e-05,0.0,0.0006037978083333766,0.0,0.006062440593348283,0.0,0.0,0000,0.0037579223961367496,0.0018300214598443124,24,25,1,Unanimous B/LB-directed,deployment_in_sample_not_validation,deployment
NC_000017.11:43094442:T:C,BRCA1,0,0.023804158655087015,0.0,0.000292749179941103,0.0,4.803549571694948e-08,0.0,0.027732440339248748,0.0,0.0,0000,0.012957349052443145,0.007497104125546772,25,25,1,Unanimous B/LB-directed,deployment_in_sample_not_validation,deployment
NC_000017.11:43094449:A:C,BRCA1,0,0.004814630870623705,0.0,0.005133909643971121,0.0,4.803549571694948e-08,0.0,0.004457183917761575,0.0,0.0,0000,0.0036014431169630297,0.001743591544846833,24,25,1,Unanimous B/LB-directed,deployment_in_sample_not_validation,deployment
NC_000017.11:43094457:A:G,BRCA1,0,0.011454878320073901,0.0,3.705475067147843e-05,0.0,4.803549571694948e-08,0.0,0.005455973748802707,0.0,0.0,0000,0.00423698871376095,0.002097684290063946,24,25,1,Unanimous B/LB-directed,deployment_in_sample_not_validation,deployment
NC_000017.11:43094466:T:C,BRCA1,0,0.004158822049067322,0.0,0.008223803269688398,0.0,4.803549571694948e-08,0.0,0.013502177603494925,0.0,0.0,0000,0.006471212739436591,0.003397093329420086,24,25,1,Unanimous B/LB-directed,deployment_in_sample_not_validation,deployment
NC_000017.11:43094529:G:T,BRCA1,0,0.013076693411280859,0.0,0.03500576137486147,0.0,4.803549571694948e-08,0.0,0.007787222205738461,0.0,0.0,0000,0.013967431256844128,0.008168042895048322,24,25,1,Unanimous B/LB-directed,deployment_in_sample_not_validation,deployment
NC_000017.11:43094533:T:C,BRCA1,0,0.001703119196106226,0.0,0.001532256431607283,0.0,0.00013059340616197246,0.0,0.014030239196496727,0.0,0.0,0000,0.004349052057593052,0.0021609268057588295,25,25,1,Unanimous B/LB-directed,deployment_in_sample_not_validation,deployment
NC_000017.11:43094629:T:G,BRCA1,0,0.0024776285437163393,0.0,0.014271656358541792,0.0,0.0005331287985636099,0.0,0.032259096579607995,0.0,0.0,0000,0.012385377570107433,0.00712051933965694,24,25,1,Unanimous B/LB-directed,deployment_in_sample_not_validation,deployment
NC_000017.11:43094639:C:A,BRCA1,0,0.0016542838675609479,0.0,0.017845473509232698,0.0,0.0006288645178447144,0.0,0.015315945242304193,0.0,0.0,0000,0.008861141784235638,0.004860027991389124,24,25,1,Unanimous B/LB-directed,deployment_in_sample_not_validation,deployment
NC_000017.11:43094639:C:T,BRCA1,0,0.0009576012542885523,0.0,0.028815204049829755,0.0,0.0006288645178447144,0.0,0.01899106744619054,0.0,0.0,0000,0.01234818431703839,0.007096117892767188,24,25,1,Unanimous B/LB-directed,deployment_in_sample_not_validation,deployment
NC_000017.11:43094691:G:C,BRCA1,0,0.0008599688978167887,0.0,0.004500269363144836,0.0,4.803549571694948e-08,0.0,0.010851455569229894,0.0,0.0,0000,0.004052935466421809,0.001994323048676939,25,25,1,Unanimous B/LB-directed,deployment_in_sample_not_validation,deployment
NC_000017.11:43094703:G:C,BRCA1,0,0.01638570977195763,0.0,0.02853621954603948,0.0,6.130966010030632e-05,0.0,0.025207803564035777,0.0,0.0,0000,0.0175477606355333,0.01060145008733927,25,25,1,Unanimous B/LB-directed,deployment_in_sample_not_validation,deployment
NC_000017.11:43094706:C:T,BRCA1,0,0.017055707879041992,0.0,0.06553982927396815,0.0,0.0005331287985636099,0.0,0.043202429145234665,0.0,0.0,0000,0.03158277377420211,0.020784727139423535,25,25,1,Unanimous B/LB-directed,deployment_in_sample_not_validation,deployment
NC_000017.11:43094740:T:A,BRCA1,0,0.021084053295096893,0.0,0.07921040968214908,0.0,4.803549571694948e-08,0.0,0.025846382699568633,0.0,0.0,0000,0.03153522342807758,0.02074880622247878,24,25,1,Unanimous B/LB-directed,deployment_in_sample_not_validation,deployment
NC_000017.11:43094742:C:G,BRCA1,0,0.018237268424996046,0.0,0.034481110593853045,0.0,4.803549571694948e-08,0.0,0.010870290387930486,0.0,0.0,0000,0.015897179360568826,0.00946945963658648,24,25,1,Unanimous B/LB-directed,deployment_in_sample_not_validation,deployment
NC_000017.11:43094743:C:A,BRCA1,0,0.009271651478955388,0.0,0.009618368672186335,0.0,4.803549571694948e-08,0.0,0.011709087689346968,0.0,0.0,0000,0.007649788968996102,0.004110376833584935,24,25,1,Unanimous B/LB-directed,deployment_in_sample_not_validation,deployment
NC_000017.11:43094787:G:T,BRCA1,0,0.06479437949558484,0.0,0.3076413780030517,0.0,8.993128520827814e-05,0.0,0.01841393694978522,0.0,0.0,0000,0.09773490643340751,0.076587628904856,24,25,1,Unanimous B/LB-directed,deployment_in_sample_not_validation,deployment
NC_000017.11:43094791:T:C,BRCA1,0,0.0015372092091789896,0.0,0.0017223352582845346,0.0,0.00010505649759456465,0.0,0.01607369450945674,0.0,0.0,0000,0.004859573868628707,0.0024518557757585513,25,25,1,Unanimous B/LB-directed,deployment_in_sample_not_validation,deployment
NC_000017.11:43095863:A:C,BRCA1,0,0.05831923821737058,0.0,0.00107873735999006,0.0,4.803549571694948e-08,0.0,0.00397799522260403,0.0,0.0,0000,0.015844004708865097,0.009433271629109825,25,25,1,Unanimous B/LB-directed,deployment_in_sample_not_validation,deployment
NC_000017.11:43099810:T:C,BRCA1,0,0.048374896240306574,0.0,0.0003130349653617194,0.0,4.803549571694948e-08,0.0,0.025104249725404832,0.0,0.0,0000,0.01844805724164221,0.011225701253406974,25,25,1,Unanimous B/LB-directed,deployment_in_sample_not_validation,deployment
NC_000017.11:43099858:G:C,BRCA1,0,0.0025149369711898063,0.0,0.0012995018394439829,0.0,8.993128520827814e-05,0.0,0.007154138475737065,0.0,0.0,0000,0.002764627142894783,0.001290751360977273,25,25,1,Unanimous B/LB-directed,deployment_in_sample_not_validation,deployment
NC_000017.11:43104165:G:A,BRCA1,0,0.8134715688409586,1.0,0.8113766239242836,1.0,4.803549571694948e-08,0.0,0.06333223168258033,0.0,2.0,1100,0.42204511812082957,0.41992924663701203,25,25,1,Mixed votes,deployment_in_sample_not_validation,deployment
NC_000017.11:43104165:G:T,BRCA1,0,0.6792936531542054,1.0,0.8057660650688012,1.0,4.803549571694948e-08,0.0,0.08321789533940861,0.0,2.0,1100,0.39206941539947776,0.38600903295888656,24,25,1,Mixed votes,deployment_in_sample_not_validation,deployment
NC_000017.11:43104192:T:C,BRCA1,0,0.02384753413269518,0.0,0.0026352036214671165,0.0,4.803549571694948e-08,0.0,0.008898080133764249,0.0,0.0,0000,0.008845216480855567,0.004850072433155075,24,25,1,Unanimous B/LB-directed,deployment_in_sample_not_validation,deployment
NC_000017.11:43104240:C:A,BRCA1,0,0.02202569510037692,0.0,0.00022052475037248923,0.0,4.803549571694948e-08,0.0,0.005466608279732008,0.0,0.0,0000,0.006928219041494283,0.003671658201614748,24,25,1,Unanimous B/LB-directed,deployment_in_sample_not_validation,deployment
NC_000017.11:43104257:G:C,BRCA1,0,0.011748883806767332,0.0,0.01594079935631908,0.0,4.803549571694948e-08,0.0,0.016430221341205864,0.0,0.0,0000,0.011029988134946999,0.006238403547313178,25,25,1,Unanimous B/LB-directed,deployment_in_sample_not_validation,deployment
NC_000017.11:43104879:T:A,BRCA1,0,0.005850182177858525,0.0,0.09978290154390211,0.0,0.0013649788756802674,0.0,0.010273942123182672,0.0,0.0,0000,0.029318001180155893,0.019083415744307577,24,25,1,Unanimous B/LB-directed,deployment_in_sample_not_validation,deployment
NC_000017.11:43104885:G:T,BRCA1,0,0.0648423424764852,0.0,0.13848044837066387,0.0,4.803549571694948e-08,0.0,0.06552062743648626,0.0,0.0,0000,0.06721086657978276,0.04961744315980864,24,25,1,Unanimous B/LB-directed,deployment_in_sample_not_validation,deployment
NC_000017.11:43104886:C:A,BRCA1,0,0.06476950621803697,0.0,0.5763337781029435,0.0,4.803549571694948e-08,0.0,0.029413377816186144,0.0,0.0,0000,0.1676291775431656,0.14361648867702287,24,25,1,Unanimous B/LB-directed,deployment_in_sample_not_validation,deployment
NC_000017.11:43104886:C:G,BRCA1,0,0.029114754885967337,0.0,0.3102016185713855,0.0,4.803549571694948e-08,0.0,0.02771861423799526,0.0,0.0,0000,0.09175875893271095,0.07117542002569131,24,25,1,Unanimous B/LB-directed,deployment_in_sample_not_validation,deployment
NC_000017.11:43104900:T:C,BRCA1,0,0.0011883765155968065,0.0,0.013706887384993751,0.0,0.0006288645178447144,0.0,0.009551680928402478,0.0,0.0,0000,0.006268952336709438,0.0032764399133862823,24,25,1,Unanimous B/LB-directed,deployment_in_sample_not_validation,deployment
NC_000017.11:43104945:C:T,BRCA1,0,0.011414549985616853,0.0,0.2391547907540492,0.0,0.00038938971077867596,0.0,0.03537326844992788,0.0,0.0,0000,0.07158299972509315,0.05337127263587414,24,25,1,Unanimous B/LB-directed,deployment_in_sample_not_validation,deployment
NC_000017.11:43106470:T:C,BRCA1,0,0.06485493471700206,0.0,0.07272979576491839,0.0,0.00019699462472521324,0.0,0.01879222834091191,0.0,0.0,0000,0.03914348836188939,0.02659803442614108,24,25,1,Unanimous B/LB-directed,deployment_in_sample_not_validation,deployment
NC_000017.11:43106478:T:C,BRCA1,0,,,,,,,,,,,,,2,25,0,,deployment_in_sample_not_validation,deployment
NC_000017.11:43106492:A:C,BRCA1,0,0.009996357484949776,0.0,0.004596151734398745,0.0,4.803549571694948e-08,0.0,0.024575717903478303,0.0,0.0,0000,0.009792068789580635,0.005446326534644129,25,25,1,Unanimous B/LB-directed,deployment_in_sample_not_validation,deployment
NC_000017.11:43106523:C:A,BRCA1,0,0.02033726427153436,0.0,0.3453634382639896,0.0,0.00024506674999696747,0.0,0.0355592599640027,0.0,0.0,0000,0.10037625731238091,0.07899833487060735,24,25,1,Unanimous B/LB-directed,deployment_in_sample_not_validation,deployment
NC_000017.11:43115760:T:G,BRCA1,0,0.006180203229316952,0.0,0.1815848968651688,0.0,0.00024506674999696747,0.0,0.027536905522191374,0.0,0.0,0000,0.05388676809166852,0.03843906164845912,24,25,1,Unanimous B/LB-directed,deployment_in_sample_not_validation,deployment
NC_000017.11:43115762:C:T,BRCA1,0,0.06484674644667114,0.0,0.499396226687401,0.0,0.00024506674999696747,0.0,0.07154195519417579,0.0,0.0,0000,0.15900749876956122,0.13502718763566868,24,25,1,Unanimous B/LB-directed,deployment_in_sample_not_validation,deployment
NC_000017.11:43124035:T:G,BRCA1,0,0.02119946445419972,0.0,0.13448763606000827,0.0,4.803549571694948e-08,0.0,0.029686304380899323,0.0,0.0,0000,0.04634336323265076,0.032304189538961074,24,25,1,Unanimous B/LB-directed,deployment_in_sample_not_validation,deployment
NC_000017.11:43124044:T:G,BRCA1,0,0.004261122702297797,0.0,0.13918481239876618,0.0,4.803549571694948e-08,0.0,0.033047055165221564,0.0,0.0,0000,0.044123259575445314,0.030528302212181373,24,25,1,Unanimous B/LB-directed,deployment_in_sample_not_validation,deployment
NC_000017.11:43124057:A:T,BRCA1,0,0.010247415601076115,0.0,0.1570997667904044,0.0,4.803549571694948e-08,0.0,0.007665042083410691,0.0,0.0,0000,0.04375306812759673,0.030233564964711208,24,25,1,Unanimous B/LB-directed,deployment_in_sample_not_validation,deployment
NC_000017.11:43124076:C:A,BRCA1,0,0.01366579898742556,0.0,0.015458253135317016,0.0,2.2533855864021865e-05,0.0,0.007618947460068588,0.0,0.0,0000,0.009191383359668796,0.005067048065373297,25,25,1,Unanimous B/LB-directed,deployment_in_sample_not_validation,deployment
NC_000017.11:43124087:T:G,BRCA1,0,0.012516306026460828,0.0,0.005532593666168913,0.0,7.846071509495876e-06,0.0,0.01015969775662432,0.0,0.0,0000,0.0070541108801908895,0.0037477524483632936,24,25,1,Unanimous B/LB-directed,deployment_in_sample_not_validation,deployment
NC_000017.11:58692681:T:A,RAD51C,0,0.06488524930930474,0.0,0.04740569886042148,0.0,4.803549571694948e-08,0.0,0.01193124478375194,0.0,0.0,0000,0.03105556024724347,0.020386929522673864,24,25,1,Unanimous B/LB-directed,deployment_in_sample_not_validation,deployment
NC_000017.11:58692700:T:G,RAD51C,0,0.0648246678058001,0.0,0.16656531692957424,0.0,4.803549571694948e-08,0.0,0.005860602575602881,0.0,0.0,0000,0.05931265883661824,0.04294134861790488,25,25,1,Unanimous B/LB-directed,deployment_in_sample_not_validation,deployment
NC_000017.11:58692749:A:G,RAD51C,0,0.0648691550472857,0.0,0.17686497612674432,0.0,4.803549571694948e-08,0.0,0.04462170382398076,0.0,0.0,0000,0.07158897075837663,0.053376426369106056,25,25,1,Unanimous B/LB-directed,deployment_in_sample_not_validation,deployment
NC_000017.11:58694933:T:C,RAD51C,0,0.013017772651157151,0.0,0.026496247459389288,0.0,4.803549571694948e-08,0.0,0.010043971449442798,0.0,0.0,0000,0.012389509898871238,0.007123231104230428,25,25,1,Unanimous B/LB-directed,deployment_in_sample_not_validation,deployment
NC_000017.11:58695032:A:G,RAD51C,0,0.034827732652307854,0.0,0.04007791017838277,0.0,4.803549571694948e-08,0.0,0.01574664636944625,0.0,0.0,0000,0.02266308430890815,0.014206589608336144,25,25,1,Unanimous B/LB-directed,deployment_in_sample_not_validation,deployment
NC_000017.11:58695058:G:C,RAD51C,0,0.014685179120686457,0.0,0.05304979671626298,0.0,4.803549571694948e-08,0.0,0.02417805637558195,0.0,0.0,0000,0.022978270062006777,0.014433091016245377,25,25,1,Unanimous B/LB-directed,deployment_in_sample_not_validation,deployment
NC_000017.11:58696786:G:A,RAD51C,0,0.01634136135252048,0.0,0.005505611331727175,0.0,4.803549571694948e-08,0.0,0.036214638217300525,0.0,0.0,0000,0.014515414734260974,0.008535060624108531,25,25,1,Unanimous B/LB-directed,deployment_in_sample_not_validation,deployment
NC_000017.11:58696786:G:T,RAD51C,0,0.00010153406988166344,0.0,0.006767054629021012,0.0,0.0003533251696665949,0.0,0.011358545440641379,0.0,0.0,0000,0.004645114827302663,0.002329093961200081,25,25,1,Unanimous B/LB-directed,deployment_in_sample_not_validation,deployment
NC_000017.11:61683456:C:T,BRIP1,0,0.0027230276315804475,0.0,0.0011558631981333943,0.0,4.803549571694948e-08,0.0,0.004792175903832169,0.0,0.0,0000,0.0021677786922604317,0.0009789581908562655,24,25,1,Unanimous B/LB-directed,deployment_in_sample_not_validation,deployment
NC_000017.11:61683500:G:A,BRIP1,0,0.0031912585726953137,0.0,0.00014557942576493013,0.0,4.803549571694948e-08,0.0,0.007927290933887221,0.0,0.0,0000,0.0028160442419607953,0.0013180817344117632,24,25,1,Unanimous B/LB-directed,deployment_in_sample_not_validation,deployment
NC_000017.11:61683537:G:T,BRIP1,0,0.06487475945538905,0.0,0.05595192303522715,0.0,0.0003677748323195352,0.0,0.056204098587374914,0.0,0.0,0000,0.04434963897757766,0.030708736841127744,23,25,1,Unanimous B/LB-directed,deployment_in_sample_not_validation,deployment
NC_000017.11:61683543:T:C,BRIP1,0,0.061630020766296034,0.0,0.04031373980944695,0.0,4.803549571694948e-08,0.0,0.012436308827880415,0.0,0.0,0000,0.028595029359779776,0.018544530666938085,23,25,1,Unanimous B/LB-directed,deployment_in_sample_not_validation,deployment
NC_000017.11:61683596:G:T,BRIP1,0,0.021440596525775915,0.0,0.006547024685568986,0.0,4.803549571694948e-08,0.0,0.02293883590049685,0.0,0.0,0000,0.012731626286834366,0.0073481927273444355,23,25,1,Unanimous B/LB-directed,deployment_in_sample_not_validation,deployment
NC_000017.11:61683601:G:C,BRIP1,0,0.03649139086973553,0.0,0.003697872458133692,0.0,4.803549571694948e-08,0.0,0.01697295571485331,0.0,0.0,0000,0.014290566769554564,0.00838421543071501,23,25,1,Unanimous B/LB-directed,deployment_in_sample_not_validation,deployment
NC_000017.11:61683704:T:A,BRIP1,0,0.05549594625800547,0.0,0.005156278999757585,0.0,4.803549571694948e-08,0.0,0.014925301719803155,0.0,0.0,0000,0.01889439375326548,0.011536890261514544,23,25,1,Unanimous B/LB-directed,deployment_in_sample_not_validation,deployment
NC_000017.11:61683737:A:G,BRIP1,0,0.06483356957833254,0.0,0.00463422316183663,0.0,4.803549571694948e-08,0.0,0.0355902665083868,0.0,0.0,0000,0.026264526821012924,0.016821980810344625,23,25,1,Unanimous B/LB-directed,deployment_in_sample_not_validation,deployment
NC_000017.11:61683978:G:A,BRIP1,0,0.0009526903313252359,0.0,0.0002976387484658167,0.0,4.803549571694948e-08,0.0,0.0051059865723139496,0.0,0.0,0000,0.0015890909219001797,0.0006878323293746173,24,25,1,Unanimous B/LB-directed,deployment_in_sample_not_validation,deployment
NC_000017.11:61685985:A:C,BRIP1,0,0.057171182782351476,0.0,0.0019298091618014605,0.0,4.803549571694948e-08,0.0,0.010918953528875421,0.0,0.0,0000,0.017504998377131018,0.010571916225674808,22,25,1,Unanimous B/LB-directed,deployment_in_sample_not_validation,deployment
NC_000017.11:61685985:A:G,BRIP1,0,0.00867456863740271,0.0,3.964110909577385e-06,0.0,4.803549571694948e-08,0.0,0.004498979033183307,0.0,0.0,0000,0.0032943899542478275,0.001575526048939247,22,25,1,Unanimous B/LB-directed,deployment_in_sample_not_validation,deployment
NC_000017.11:61685985:A:T,BRIP1,0,0.06486200017857592,0.0,0.0018436686208705194,0.0,4.803549571694948e-08,0.0,0.009694407012911656,0.0,0.0,0000,0.019100030961963454,0.01168063441051627,22,25,1,Unanimous B/LB-directed,deployment_in_sample_not_validation,deployment
NC_000017.11:61686066:G:T,BRIP1,0,0.02644676943034581,0.0,0.0006050121701044647,0.0,4.803549571694948e-08,0.0,0.006766440687905797,0.0,0.0,0000,0.008454567580962948,0.0046066754809634064,24,25,1,Unanimous B/LB-directed,deployment_in_sample_not_validation,deployment
NC_000017.11:61716033:G:C,BRIP1,0,0.021112850908518357,0.0,0.000467914172646858,0.0,4.803549571694948e-08,0.0,0.00548979316453056,0.0,0.0,0000,0.006767651570297873,0.0035748892491140496,25,25,1,Unanimous B/LB-directed,deployment_in_sample_not_validation,deployment
NC_000017.11:61793712:C:A,BRIP1,0,0.01617241778622716,0.0,0.0024392673284197334,0.0,4.803549571694948e-08,0.0,0.008826660022995257,0.0,0.0,0000,0.006859598293284468,0.0036302632874877054,24,25,1,Unanimous B/LB-directed,deployment_in_sample_not_validation,deployment
NC_000017.11:61801314:G:T,BRIP1,0,0.01917636669339693,0.0,0.05322694600788314,0.0,4.803549571694948e-08,0.0,0.023735746795400203,0.0,0.0,0000,0.024034776883044,0.01519574797570232,24,25,1,Unanimous B/LB-directed,deployment_in_sample_not_validation,deployment
NC_000017.11:61801408:G:T,BRIP1,0,0.03939461869757177,0.0,0.09051027925781897,0.0,0.0003677748323195352,0.0,0.01130003820774211,0.0,0.0,0000,0.035393177748863094,0.02368991571229008,24,25,1,Unanimous B/LB-directed,deployment_in_sample_not_validation,deployment
NC_000017.11:61849169:C:T,BRIP1,0,0.005376947091735386,0.0,0.0012057627258518862,0.0,4.803549571694948e-08,0.0,0.009174183137312497,0.0,0.0,0000,0.003939235247598871,0.0019307955771528421,25,25,1,Unanimous B/LB-directed,deployment_in_sample_not_validation,deployment
NC_000017.11:61857138:T:C,BRIP1,0,0.06489685678610292,0.0,0.006860657628855987,0.0,4.803549571694948e-08,0.0,0.010401853698851963,0.0,0.0,0000,0.02053985403732665,0.012693495826191583,24,25,1,Unanimous B/LB-directed,deployment_in_sample_not_validation,deployment
NC_000017.11:61857170:G:A,BRIP1,0,0.06483806502973238,0.0,0.2212595248442081,0.0,0.0009916008133372578,0.0,0.015356093369767539,0.0,0.0,0000,0.07561132101426134,0.056864538876096514,24,25,1,Unanimous B/LB-directed,deployment_in_sample_not_validation,deployment
NC_000019.10:1223063:A:G,STK11,0,0.00880255099764889,0.0,0.016308272309058493,0.0,4.803549571694948e-08,0.0,0.01390330128032581,0.0,0.0,0000,0.009753543155632228,0.005421898260391966,25,25,1,Unanimous B/LB-directed,deployment_in_sample_not_validation,deployment
NC_000019.10:1223123:T:C,STK11,0,0.029807683672795703,0.0,0.03144338089657232,0.0,4.803549571694948e-08,0.0,0.012148870432873823,0.0,0.0,0000,0.01834999575943439,0.01115748192741665,25,25,1,Unanimous B/LB-directed,deployment_in_sample_not_validation,deployment
NC_000019.10:1226480:A:C,STK11,0,0.058500021142383576,0.0,0.003813304505184019,0.0,4.803549571694948e-08,0.0,0.016333783735176875,0.0,0.0,0000,0.019661789354560047,0.0120744915897685,24,25,1,Unanimous B/LB-directed,deployment_in_sample_not_validation,deployment
NC_000019.10:1226520:G:A,STK11,0,0.06475603020028475,0.0,0.0015433860319867395,0.0,4.803549571694948e-08,0.0,0.012436383506389143,0.0,0.0,0000,0.01968396194353909,0.01209007212511993,24,25,1,Unanimous B/LB-directed,deployment_in_sample_not_validation,deployment
NC_000019.10:1226549:C:A,STK11,0,0.031098810920677143,0.0,0.003609709863701897,0.0,4.803549571694948e-08,0.0,0.0051531172849517215,0.0,0.0,0000,0.00996542152620662,0.005556416422712267,24,25,1,Unanimous B/LB-directed,deployment_in_sample_not_validation,deployment
NC_000019.10:1226566:G:C,STK11,0,0.06484506767105899,0.0,0.0033253416011561517,0.0,4.803549571694948e-08,0.0,0.0073433960398844806,0.0,0.0,0000,0.018878463336898837,0.011525764357269897,24,25,1,Unanimous B/LB-directed,deployment_in_sample_not_validation,deployment
NC_000002.12:214728919:G:A,BARD1,0,0.06482012587262839,0.0,0.11622889812651059,0.0,4.803549571694948e-08,0.0,0.046998138800128535,0.0,0.0,0000,0.05701180270869081,0.0410234348879225,24,25,1,Unanimous B/LB-directed,deployment_in_sample_not_validation,deployment
NC_000002.12:214780613:C:A,BARD1,0,0.02146479082012746,0.0,0.006420988000319628,0.0,4.757659135428258e-05,0.0,0.00988667326034345,0.0,0.0,0000,0.009455007168036204,0.005233077198320206,24,25,1,Unanimous B/LB-directed,deployment_in_sample_not_validation,deployment
NC_000002.12:214780616:A:T,BARD1,0,0.056510088258377236,0.0,0.007304176967896423,0.0,4.757659135428258e-05,0.0,0.008971888822009645,0.0,0.0,0000,0.018208432659909395,0.011059095568737316,24,25,1,Unanimous B/LB-directed,deployment_in_sample_not_validation,deployment
NC_000002.12:214780734:T:G,BARD1,0,0.018037314249323796,0.0,0.0002642816255088301,0.0,4.803549571694948e-08,0.0,0.009502772188072762,0.0,0.0,0000,0.006951104024600276,0.003685476349636935,24,25,1,Unanimous B/LB-directed,deployment_in_sample_not_validation,deployment
NC_000002.12:214780802:T:C,BARD1,0,0.016571883312448243,0.0,8.383467146616529e-05,0.0,4.803549571694948e-08,0.0,0.007750072130648512,0.0,0.0,0000,0.00610145953751466,0.003176941209709832,24,25,1,Unanimous B/LB-directed,deployment_in_sample_not_validation,deployment
NC_000002.12:214780957:T:C,BARD1,0,0.0536406830358703,0.0,0.005060500277985513,0.0,4.757659135428258e-05,0.0,0.006856598247981611,0.0,0.0,0000,0.016401339538297928,0.009813449714159175,24,25,1,Unanimous B/LB-directed,deployment_in_sample_not_validation,deployment
NC_000002.12:214780968:T:C,BARD1,0,0.04829619556118803,0.0,0.006749643697085831,0.0,4.803549571694948e-08,0.0,0.014981479306849949,0.0,0.0,0000,0.017506841650154883,0.010573189065361574,24,25,1,Unanimous B/LB-directed,deployment_in_sample_not_validation,deployment
NC_000002.12:214780999:T:C,BARD1,0,0.031825192482953416,0.0,0.002121551295431443,0.0,4.803549571694948e-08,0.0,0.005817194579622987,0.0,0.0,0000,0.009940996598375891,0.005540888243187895,24,25,1,Unanimous B/LB-directed,deployment_in_sample_not_validation,deployment
NC_000002.12:214781197:C:T,BARD1,0,0.033712849528562815,0.0,0.0009639774852027561,0.0,4.803549571694948e-08,0.0,0.00840954835374714,0.0,0.0,0000,0.010771605850752108,0.0060719652748334775,24,25,1,Unanimous B/LB-directed,deployment_in_sample_not_validation,deployment
NC_000002.12:214781493:T:C,BARD1,0,0.0238107689234218,0.0,0.0015432458872607037,0.0,4.757659135428258e-05,0.0,0.013063281132431749,0.0,0.0,0000,0.009616218133617134,0.005334936706420978,24,25,1,Unanimous B/LB-directed,deployment_in_sample_not_validation,deployment
NC_000002.12:214792443:T:A,BARD1,0,0.01816241408805889,0.0,0.047797423577866156,0.0,4.757659135428258e-05,0.0,0.0159152694078049,0.0,0.0,0000,0.020480670916271055,0.012651646572619713,24,25,1,Unanimous B/LB-directed,deployment_in_sample_not_validation,deployment
NC_000002.12:214809499:GC:AT,BARD1,0,,,,,,,,,,,,,0,25,0,,deployment_in_sample_not_validation,deployment
NC_000022.11:28689141:A:G,CHEK2,0,0.0029376843347399617,0.0,0.004017134768958274,0.0,4.803549571694948e-08,0.0,0.006131485273353306,0.0,0.0,0000,0.003271588103136815,0.0015631296655305548,24,25,1,Unanimous B/LB-directed,deployment_in_sample_not_validation,deployment
NC_000022.11:28696912:G:C,CHEK2,0,0.0040416632252644955,0.0,0.018408515662234615,0.0,4.803549571694948e-08,0.0,0.008747516789668999,0.0,0.0,0000,0.007799435928165956,0.004202121918306954,24,25,1,Unanimous B/LB-directed,deployment_in_sample_not_validation,deployment
NC_000022.11:28711910:C:T,CHEK2,0,0.06484182052724391,0.0,0.004381196516275972,0.0,4.803549571694948e-08,0.0,0.016640912607306102,0.0,0.0,0000,0.021465994421580425,0.013350725984121882,24,25,1,Unanimous B/LB-directed,deployment_in_sample_not_validation,deployment
NC_000022.11:28711935:C:A,CHEK2,0,0.016821308790013655,0.0,0.5066464475101596,0.0,4.803549571694948e-08,0.0,0.02619303387648971,0.0,0.0,0000,0.13741520955303968,0.11388030429645377,24,25,1,Unanimous B/LB-directed,deployment_in_sample_not_validation,deployment
NC_000022.11:28719434:C:A,CHEK2,0,0.06488629874210013,0.0,0.0071311890584006285,0.0,4.803549571694948e-08,0.0,0.019101328666736833,0.0,0.0,0000,0.022779716125683327,0.014290349102331163,24,25,1,Unanimous B/LB-directed,deployment_in_sample_not_validation,deployment
NC_000022.11:28734660:G:A,CHEK2,0,0.06486145310547739,0.0,0.00019645478505091567,0.0,4.803549571694948e-08,0.0,0.009414135942404075,0.0,0.0,0000,0.018618022967107024,0.011344071219760018,23,25,1,Unanimous B/LB-directed,deployment_in_sample_not_validation,deployment
NC_000008.11:89935601:A:T,NBN,0,0.027648412692791613,0.0,0.0005977623921405971,0.0,4.803549571694948e-08,0.0,0.00951018788449759,0.0,0.0,0000,0.009439102751231379,0.005223041612358654,24,25,1,Unanimous B/LB-directed,deployment_in_sample_not_validation,deployment
NC_000008.11:89943290:T:C,NBN,0,0.013333308508810258,0.0,0.0010687391400672505,0.0,4.803549571694948e-08,0.0,0.010599080012867723,0.0,0.0,0000,0.0062502939243102365,0.003265337140195599,24,25,1,Unanimous B/LB-directed,deployment_in_sample_not_validation,deployment
NC_000008.11:89946189:C:T,NBN,0,0.0648970430608182,0.0,0.0005318688109354373,0.0,4.803549571694948e-08,0.0,0.014292733449860671,0.0,0.0,0000,0.019930423339277505,0.012263435998562647,24,25,1,Unanimous B/LB-directed,deployment_in_sample_not_validation,deployment
NC_000008.11:89946195:G:C,NBN,0,0.030841148098527737,0.0,0.0002291691135708157,0.0,4.803549571694948e-08,0.0,0.010061251875196922,0.0,0.0,0000,0.010282904280697797,0.005758751688511751,24,25,1,Unanimous B/LB-directed,deployment_in_sample_not_validation,deployment
NC_000008.11:89953323:C:T,NBN,0,0.04221313467205552,0.0,0.00020671858284637776,0.0,4.803549571694948e-08,0.0,0.006904082428905368,0.0,0.0,0000,0.012330995929825747,0.007084844692302774,24,25,1,Unanimous B/LB-directed,deployment_in_sample_not_validation,deployment
NC_000008.11:89953429:C:G,NBN,0,0.05776875680891143,0.0,0.0005961884718223056,0.0,4.803549571694948e-08,0.0,0.0065887084103521095,0.0,0.0,0000,0.01623842543164539,0.009702119146795899,24,25,1,Unanimous B/LB-directed,deployment_in_sample_not_validation,deployment
NC_000008.11:89955351:T:C,NBN,0,0.026980182169888296,0.0,0.0007754259843428176,0.0,4.803549571694948e-08,0.0,0.008150087880925834,0.0,0.0,0000,0.008976436017663167,0.004932179393962005,24,25,1,Unanimous B/LB-directed,deployment_in_sample_not_validation,deployment
NC_000008.11:89955478:G:A,NBN,0,0.06482140150726194,0.0,0.0004130791140988021,0.0,4.803549571694948e-08,0.0,0.01125527264256699,0.0,0.0,0000,0.019122450324855864,0.011696320024345046,24,25,1,Unanimous B/LB-directed,deployment_in_sample_not_validation,deployment
NC_000008.11:89970468:A:G,NBN,0,0.05741854666894061,0.0,0.005839242306233968,0.0,4.803549571694948e-08,0.0,0.011019603277606984,0.0,0.0,0000,0.01856936007206932,0.011310164127694245,24,25,1,Unanimous B/LB-directed,deployment_in_sample_not_validation,deployment
NC_000008.11:89971254:C:T,NBN,0,0.026543952968725026,0.0,0.009506862169055925,0.0,4.803549571694948e-08,0.0,0.01195945967053702,0.0,0.0,0000,0.012002580710953423,0.0068698926541934865,24,25,1,Unanimous B/LB-directed,deployment_in_sample_not_validation,deployment
NC_000008.11:89982788:ATC:GTT,NBN,0,,,,,,,,,,,,,0,25,0,,deployment_in_sample_not_validation,deployment
NC_000008.11:89984527:C:G,NBN,0,0.049955430325030456,0.0,0.04476395349043068,0.0,4.803549571694948e-08,0.0,0.0100636030063406,0.0,0.0,0000,0.026195758714324363,0.01677149917339699,24,25,1,Unanimous B/LB-directed,deployment_in_sample_not_validation,deployment
NC_000009.12:95107174:G:A,FANCC,0,0.010020072438968233,0.0,0.00045733262812577114,0.0,4.803549571694948e-08,0.0,0.008262794334550483,0.0,0.0,0000,0.004685061859285051,0.0023519015991182615,25,25,1,Unanimous B/LB-directed,deployment_in_sample_not_validation,deployment
NC_000009.12:95107174:G:T,FANCC,0,0.013837267159952694,0.0,0.000655578543025143,0.0,4.803549571694948e-08,0.0,0.0054679570090700215,0.0,0.0,0000,0.004990212686885894,0.002527012044502952,25,25,1,Unanimous B/LB-directed,deployment_in_sample_not_validation,deployment
NC_000009.12:95107207:G:A,FANCC,0,0.0024027374913569302,0.0,0.001263410148175688,0.0,4.803549571694948e-08,0.0,0.005606687899294747,0.0,0.0,0000,0.0023182208935807708,0.001056547732448152,25,25,1,Unanimous B/LB-directed,deployment_in_sample_not_validation,deployment
NC_000009.12:95107246:C:T,FANCC,0,0.0029201433028231915,0.0,0.00045085984240946837,0.0,4.803549571694948e-08,0.0,0.008818323542334512,0.0,0.0,0000,0.003047343680765722,0.0014418676542691964,25,25,1,Unanimous B/LB-directed,deployment_in_sample_not_validation,deployment
NC_000009.12:95111576:C:A,FANCC,0,0.024864564981592938,0.0,0.0001254121375323276,0.0,4.803549571694948e-08,0.0,0.00457389024855539,0.0,0.0,0000,0.007390978850794093,0.003952311216396537,25,25,1,Unanimous B/LB-directed,deployment_in_sample_not_validation,deployment
NC_000009.12:95111599:T:C,FANCC,0,0.02540522948522883,0.0,0.000328850163846153,0.0,4.803549571694948e-08,0.0,0.006353298786459476,0.0,0.0,0000,0.008021856617757544,0.004338945977252677,25,25,1,Unanimous B/LB-directed,deployment_in_sample_not_validation,deployment
NC_000009.12:95114707:T:C,FANCC,0,0.03976285189469106,0.0,0.00022696562176199557,0.0,4.803549571694948e-08,0.0,0.004984306473962239,0.0,0.0,0000,0.011243543006477754,0.006376393531010465,25,25,1,Unanimous B/LB-directed,deployment_in_sample_not_validation,deployment
NC_000009.12:95125150:T:C,FANCC,0,0.012882849696434422,0.0,0.00024320633895589478,0.0,4.803549571694948e-08,0.0,0.004769110632397306,0.0,0.0,0000,0.004473803675820835,0.0022315980927500403,25,25,1,Unanimous B/LB-directed,deployment_in_sample_not_validation,deployment
NC_000009.12:95249154:C:T,FANCC,0,0.008742740361251687,0.0,0.005280812316574644,0.0,4.803549571694948e-08,0.0,0.016972008962217847,0.0,0.0,0000,0.007748902418884974,0.004171112699988592,25,25,1,Unanimous B/LB-directed,deployment_in_sample_not_validation,deployment
NC_000009.12:95249274:A:G,FANCC,0,0.018411950330120958,0.0,0.000722199758463957,0.0,4.803549571694948e-08,0.0,0.0063544149055424475,0.0,0.0,0000,0.0063721532574057705,0.0033379341640354136,24,25,1,Unanimous B/LB-directed,deployment_in_sample_not_validation,deployment
