SPDI,Gene,y,p_SVM_RBF,vote_SVM_RBF,p_ENET_LR,vote_ENET_LR,p_EXTRA_TREES,vote_EXTRA_TREES,p_HIST_GB,vote_HIST_GB,V,vote_vector,Mean4,S_MAC,n_observed_panel,panel_size,complete_flag,directional_descriptor,partition
NC_000017.11:43045760:A:G,BRCA1,1,0.9983744182956659,1.0,0.9969792841945134,1.0,0.9967918540909031,1.0,0.993895299116703,1.0,4.0,1111,0.9965102139244464,0.9983617281037724,25,25,1,Unanimous LP/P-directed,logo_BRCA1
NC_000017.11:43049163:C:A,BRCA1,1,0.9898306904492269,1.0,0.9813774590674649,1.0,0.9822683148691005,1.0,0.9926021128922684,1.0,4.0,1111,0.9865196443195152,0.9924194477930242,25,25,1,Unanimous LP/P-directed,logo_BRCA1
NC_000017.11:43051070:A:T,BRCA1,1,0.9901088515303241,1.0,0.9864478914523562,1.0,0.9849774156633653,1.0,0.9888504495161972,1.0,4.0,1111,0.9875961520405607,0.9931033886629758,25,25,1,Unanimous LP/P-directed,logo_BRCA1
NC_000017.11:43051070:A:C,BRCA1,1,0.9928019152199102,1.0,0.9831367165393947,1.0,0.9849774156633653,1.0,0.9916617327637592,1.0,4.0,1111,0.9881444450466074,0.9934485830444881,25,25,1,Unanimous LP/P-directed,logo_BRCA1
NC_000017.11:43051097:A:C,BRCA1,1,0.9982991187837384,1.0,0.998022788885895,1.0,0.9900945950059153,1.0,0.9932740812429334,1.0,4.0,1111,0.9949226459796205,0.9974954282860045,25,25,1,Unanimous LP/P-directed,logo_BRCA1
NC_000017.11:43051103:A:G,BRCA1,1,0.9973514919321307,1.0,0.9945733457484714,1.0,0.9875895818272181,1.0,0.9915677041759021,1.0,4.0,1111,0.9927705309209307,0.9962621930393485,25,25,1,Unanimous LP/P-directed,logo_BRCA1
NC_000017.11:43057082:G:C,BRCA1,1,0.9939560656542574,1.0,0.9960979585663333,1.0,0.9440769521021781,1.0,0.9823984925912437,1.0,4.0,1111,0.9791323672285032,0.9875372900106751,25,25,1,Unanimous LP/P-directed,logo_BRCA1
NC_000017.11:43057112:T:A,BRCA1,1,0.9931664406925318,1.0,0.997720249259512,1.0,0.9705995047191406,1.0,0.9941893243550606,1.0,4.0,1111,0.9889188797565612,0.9939323304923123,25,25,1,Unanimous LP/P-directed,logo_BRCA1
NC_000017.11:43057112:T:C,BRCA1,1,0.9931887140158376,1.0,0.996452272874678,1.0,0.961100943027802,1.0,0.9878023657807761,1.0,4.0,1111,0.9846360739247735,0.991204338457626,25,25,1,Unanimous LP/P-directed,logo_BRCA1
NC_000017.11:43057116:C:T,BRCA1,1,0.9922766526588338,1.0,0.996338584797914,1.0,0.9822683148691005,1.0,0.9878023657807761,1.0,4.0,1111,0.9896714795266561,0.9943979382317392,25,25,1,Unanimous LP/P-directed,logo_BRCA1
NC_000017.11:43057121:A:G,BRCA1,1,0.9889505416843825,1.0,0.9961571750806476,1.0,0.9510528997449854,1.0,0.9673822442533456,1.0,4.0,1111,0.9758857151908403,0.9853040123226156,25,25,1,Unanimous LP/P-directed,logo_BRCA1
NC_000017.11:43063371:C:A,BRCA1,1,0.9929280601134124,1.0,0.9869261186252207,1.0,0.998627274285374,1.0,0.994043778963153,1.0,4.0,1111,0.9931313079967901,0.9964729077353213,25,25,1,Unanimous LP/P-directed,logo_BRCA1
NC_000017.11:43063880:G:C,BRCA1,1,0.9713523888155744,1.0,0.9866170990792209,1.0,0.957809558577727,1.0,0.9854687043820438,1.0,4.0,1111,0.9753119377136416,0.9849045057785726,25,25,1,Unanimous LP/P-directed,logo_BRCA1
NC_000017.11:43063880:G:T,BRCA1,1,0.9523074858494049,1.0,0.9685420391585623,1.0,0.9510528997449854,1.0,0.9847850077979731,1.0,4.0,1111,0.9641718581377314,0.9768986885415046,25,25,1,Unanimous LP/P-directed,logo_BRCA1
NC_000017.11:43063882:T:G,BRCA1,1,0.924304494763693,1.0,0.9317629959179604,1.0,0.967498580839106,1.0,0.9858470184524654,1.0,4.0,1111,0.9523532724933063,0.9679702230321843,25,25,1,Unanimous LP/P-directed,logo_BRCA1
NC_000017.11:43063902:G:T,BRCA1,1,0.9916756843280815,1.0,0.979464233041194,1.0,0.9822683148691005,1.0,0.9915069187368162,1.0,4.0,1111,0.9862287877437981,0.9922333033467513,25,25,1,Unanimous LP/P-directed,logo_BRCA1
NC_000017.11:43063908:C:T,BRCA1,1,0.9668410466038211,1.0,0.9230261238514896,1.0,0.994721702179851,1.0,0.9901472238641571,1.0,4.0,1111,0.9686840241248298,0.980195008425515,25,25,1,Unanimous LP/P-directed,logo_BRCA1
NC_000017.11:43063929:C:T,BRCA1,1,0.9509633379774314,1.0,0.8876350426696017,1.0,0.8933109466715965,1.0,0.9758132394376622,1.0,4.0,1111,0.926930641689073,0.9475967523090411,25,25,1,Unanimous LP/P-directed,logo_BRCA1
NC_000017.11:43063930:G:A,BRCA1,1,0.99688884014437,1.0,0.9949737280369865,1.0,0.9765893466374609,1.0,0.9856144744094684,1.0,4.0,1111,0.9885165973070713,0.9936816166485539,25,25,1,Unanimous LP/P-directed,logo_BRCA1
NC_000017.11:43063936:A:G,BRCA1,1,0.9783422862318246,1.0,0.9429021321872639,1.0,0.994721702179851,1.0,0.9918360954242365,1.0,4.0,1111,0.9769505540057939,0.9860416858252664,25,25,1,Unanimous LP/P-directed,logo_BRCA1
NC_000017.11:43067609:G:A,BRCA1,1,0.9984378739337916,1.0,0.9998389394865025,1.0,0.9765893466374609,1.0,0.9885628546743497,1.0,4.0,1111,0.9908572536830262,0.9951218927711135,25,25,1,Unanimous LP/P-directed,logo_BRCA1
NC_000017.11:43067615:A:C,BRCA1,1,0.9964204225727241,1.0,0.9934332099994019,1.0,0.9875895818272181,1.0,0.9840264125071534,1.0,4.0,1111,0.9903674067266244,0.9948243112947337,25,25,1,Unanimous LP/P-directed,logo_BRCA1
NC_000017.11:43067623:A:T,BRCA1,1,0.9777119013290158,1.0,0.9822837127126578,1.0,0.9643314517242394,1.0,0.9732804066205311,1.0,4.0,1111,0.974401868096611,0.9842680235216014,25,25,1,Unanimous LP/P-directed,logo_BRCA1
NC_000017.11:43067624:T:C,BRCA1,1,0.9852423746055609,1.0,0.936456137889345,1.0,0.9875895818272181,1.0,0.985672254920439,1.0,4.0,1111,0.9737400873106408,0.9838030595112055,25,25,1,Unanimous LP/P-directed,logo_BRCA1
NC_000017.11:43067627:G:A,BRCA1,1,0.9961394507394323,1.0,0.9886527783611729,1.0,0.9924786271580895,1.0,0.9840446582219368,1.0,4.0,1111,0.990328878620158,0.9948008151293063,25,25,1,Unanimous LP/P-directed,logo_BRCA1
NC_000017.11:43067628:T:C,BRCA1,1,0.9112469164132001,1.0,0.7457559993529008,1.0,0.9265134228880656,1.0,0.9565270283312473,1.0,4.0,1111,0.8850108417463534,0.911371037954236,25,25,1,Unanimous LP/P-directed,logo_BRCA1
NC_000017.11:43070949:G:A,BRCA1,1,0.9948254732996836,1.0,0.986513131822751,1.0,0.9822683148691005,1.0,0.9832468098473953,1.0,4.0,1111,0.9867134324597325,0.9925431556542946,25,25,1,Unanimous LP/P-directed,logo_BRCA1
NC_000017.11:43071045:G:C,BRCA1,1,0.6941087220030777,1.0,0.9996537636224375,1.0,0.5928908294876422,1.0,0.7670866315824417,1.0,4.0,1111,0.7634349866738999,0.7939158010105677,25,25,1,Unanimous LP/P-directed,logo_BRCA1
NC_000017.11:43076487:C:A,BRCA1,1,0.9681763568639344,1.0,0.9947237712363747,1.0,0.8144970358915891,1.0,0.9493554468377229,1.0,4.0,1111,0.9316881527074052,0.9515147059804396,25,25,1,Unanimous LP/P-directed,logo_BRCA1
NC_000017.11:43082528:A:G,BRCA1,1,0.3851053123587459,0.0,0.768484765523305,1.0,0.7036365463584501,1.0,0.7362139709741523,1.0,3.0,0111,0.6483601488036633,0.6718097101169924,25,25,1,Mixed votes,logo_BRCA1
NC_000017.11:43106455:C:T,BRCA1,1,0.9977475906753567,1.0,0.9997617348341207,1.0,0.9219536097388993,1.0,0.9259144471038951,1.0,4.0,1111,0.9613443455880679,0.9747996092464295,25,25,1,Unanimous LP/P-directed,logo_BRCA1
NC_000017.11:43106476:C:T,BRCA1,1,0.9975291282242307,1.0,0.9899320540629337,1.0,0.9999999525664638,1.0,0.9945068197852364,1.0,4.0,1111,0.9954919886597162,0.9978110105962582,25,25,1,Unanimous LP/P-directed,logo_BRCA1
NC_000017.11:43106477:A:C,BRCA1,1,0.9978977812991572,1.0,0.9998760908717952,1.0,0.9999999525664638,1.0,0.9939891748271998,1.0,4.0,1111,0.997940749891154,0.9990979659252288,25,25,1,Unanimous LP/P-directed,logo_BRCA1
NC_000017.11:43106486:A:C,BRCA1,1,0.997951591536017,1.0,0.9912041271001519,1.0,0.9999999525664638,1.0,0.9941729498431815,1.0,4.0,1111,0.9958321552614535,0.997997061207146,25,25,1,Unanimous LP/P-directed,logo_BRCA1
NC_000017.11:43124031:A:G,BRCA1,1,0.9991017263282466,1.0,0.9992379871252428,1.0,0.994721702179851,1.0,0.9945844200693478,1.0,4.0,1111,0.996911458925672,0.998573208770508,25,25,1,Unanimous LP/P-directed,logo_BRCA1
NC_000017.11:43124043:A:G,BRCA1,1,0.9955291523735866,1.0,0.9979494366472962,1.0,0.9900945950059153,1.0,0.991375584587646,1.0,4.0,1111,0.993737192153611,0.996823361269407,25,25,1,Unanimous LP/P-directed,logo_BRCA1
NC_000017.11:43045708:A:G,BRCA1,1,0.9930279658141761,1.0,0.9933356812419603,1.0,0.9643314517242394,1.0,0.9891972505331207,1.0,4.0,1111,0.9849730873283741,0.9914233874174985,25,25,1,Unanimous LP/P-directed,logo_BRCA1
NC_000017.11:43045711:T:C,BRCA1,1,0.9733431280318802,1.0,0.9710803636314247,1.0,0.9332295964002401,1.0,0.9906553445164795,1.0,4.0,1111,0.9670771081450061,0.9790289272221976,25,25,1,Unanimous LP/P-directed,logo_BRCA1
NC_000017.11:43045711:T:G,BRCA1,1,0.9566741599456638,1.0,0.9440996271817454,1.0,0.9332295964002401,1.0,0.9652960777713843,1.0,4.0,1111,0.9498248653247584,0.9660105885400052,24,25,1,Unanimous LP/P-directed,logo_BRCA1
NC_000017.11:43045712:A:G,BRCA1,1,0.840436393286699,1.0,0.8684080745117734,1.0,0.7809305674833454,1.0,0.7146087489990616,1.0,4.0,1111,0.8010959460702198,0.8318728225528627,24,25,1,Unanimous LP/P-directed,logo_BRCA1
NC_000017.11:43045712:A:T,BRCA1,1,0.9847966318276731,1.0,0.9741855691487824,1.0,0.9332295964002401,1.0,0.9755936997564315,1.0,4.0,1111,0.9669513742832817,0.9789373135311199,24,25,1,Unanimous LP/P-directed,logo_BRCA1
NC_000017.11:43045742:C:G,BRCA1,1,0.9709997976195973,1.0,0.9847176952029525,1.0,0.9765893466374609,1.0,0.9856798333389821,1.0,4.0,1111,0.9794966681997481,0.9877848490235595,25,25,1,Unanimous LP/P-directed,logo_BRCA1
NC_000017.11:43045746:A:C,BRCA1,1,0.9514198707523219,1.0,0.9949264669618688,1.0,0.8687824400967352,1.0,0.9317328840119306,1.0,4.0,1111,0.9367154154557141,0.9556051587256518,25,25,1,Unanimous LP/P-directed,logo_BRCA1
NC_000017.11:43045747:C:A,BRCA1,1,0.9762983632220184,1.0,0.981007664567081,1.0,0.9219536097388993,1.0,0.9482759791962063,1.0,4.0,1111,0.9568839041810513,0.9714397452096758,24,25,1,Unanimous LP/P-directed,logo_BRCA1
NC_000017.11:43045747:C:T,BRCA1,1,0.9631537374912594,1.0,0.9737549367225091,1.0,0.967498580839106,1.0,0.981418560286229,1.0,4.0,1111,0.971456453834776,0.9821853152182203,25,25,1,Unanimous LP/P-directed,logo_BRCA1
NC_000017.11:43045748:T:G,BRCA1,1,0.9913535198514036,1.0,0.9823643119500166,1.0,0.998627274285374,1.0,0.9940913296584803,1.0,4.0,1111,0.9916091089363186,0.9955743394417796,25,25,1,Unanimous LP/P-directed,logo_BRCA1
NC_000017.11:43045753:A:G,BRCA1,1,0.9928482592159853,1.0,0.9928061298774193,1.0,0.9794701835230945,1.0,0.991882697236978,1.0,4.0,1111,0.9892518174633692,0.9941388696521691,25,25,1,Unanimous LP/P-directed,logo_BRCA1
NC_000017.11:43045756:A:C,BRCA1,1,0.9944169261703796,1.0,0.9901663823567919,1.0,0.961100943027802,1.0,0.9824738582173216,1.0,4.0,1111,0.9820395274430738,0.9894944586502396,25,25,1,Unanimous LP/P-directed,logo_BRCA1
NC_000017.11:43045756:A:T,BRCA1,1,0.9975432790516251,1.0,0.9958179149385327,1.0,0.9849774156633653,1.0,0.9943855364417475,1.0,4.0,1111,0.9931810365238176,0.9965018356167952,25,25,1,Unanimous LP/P-directed,logo_BRCA1
NC_000017.11:43045758:C:A,BRCA1,1,0.9960572182120087,1.0,0.9956836580280877,1.0,0.9924786271580895,1.0,0.9932943686834357,1.0,4.0,1111,0.9943784680204053,0.9971892883195488,25,25,1,Unanimous LP/P-directed,logo_BRCA1
NC_000017.11:43045758:CC:AG,BRCA1,1,,,,,,,,,,,,,0,25,0,,logo_BRCA1
NC_000017.11:43045758:C:G,BRCA1,1,0.9960861075995138,1.0,0.9957459507812018,1.0,0.9924786271580895,1.0,0.9932943686834357,1.0,4.0,1111,0.9944012635555601,0.9972021958230838,25,25,1,Unanimous LP/P-directed,logo_BRCA1
NC_000017.11:43045760:A:C,BRCA1,1,0.997689436370495,1.0,0.995753380955428,1.0,0.9924786271580895,1.0,0.9926970389863167,1.0,4.0,1111,0.9946546208675823,0.9973451703151437,25,25,1,Unanimous LP/P-directed,logo_BRCA1
NC_000017.11:43045760:A:T,BRCA1,1,0.9983455179896245,1.0,0.9968982931772038,1.0,0.9967918540909031,1.0,0.993895299116703,1.0,4.0,1111,0.9964827410936086,0.9983471248934837,25,25,1,Unanimous LP/P-directed,logo_BRCA1
NC_000017.11:43045772:C:T,BRCA1,1,0.9522059680888049,1.0,0.957130819331542,1.0,0.9475914788548343,1.0,0.9750885424093353,1.0,4.0,1111,0.9580042021711291,0.9722890006189736,25,25,1,Unanimous LP/P-directed,logo_BRCA1
NC_000017.11:43045781:C:A,BRCA1,1,0.09583063038017421,0.0,0.3371963646583314,0.0,0.05244193320401883,0.0,0.03562331533838737,0.0,0.0,0000,0.13027306089522797,0.10723060034047033,24,25,1,Unanimous B/LB-directed,logo_BRCA1
NC_000017.11:43045793:G:A,BRCA1,1,,,,,,,,,,,,,10,25,0,,logo_BRCA1
NC_000017.11:43047642:C:A,BRCA1,1,0.8262361726185714,1.0,0.9973136388604886,1.0,0.6363229718755684,1.0,0.8896380941906877,1.0,4.0,1111,0.8373777193863291,0.8672070320220233,24,25,1,Unanimous LP/P-directed,logo_BRCA1
NC_000017.11:43047642:C:G,BRCA1,1,0.9817238013360067,1.0,0.9988122143471614,1.0,0.8129280454592633,1.0,0.9569153018982519,1.0,4.0,1111,0.9375948407601709,0.9563152668847588,24,25,1,Unanimous LP/P-directed,logo_BRCA1
NC_000017.11:43047642:C:T,BRCA1,1,0.8797691882658146,1.0,0.9983977193082213,1.0,0.7103843564712766,1.0,0.9066687318523333,1.0,4.0,1111,0.8738049989744114,0.9012379040599787,25,25,1,Unanimous LP/P-directed,logo_BRCA1
NC_000017.11:43047656:T:C,BRCA1,1,0.9242367982360065,1.0,0.9826947955487754,1.0,0.6987329070210356,1.0,0.9381554198804053,1.0,4.0,1111,0.8859549801715557,0.912216907741278,24,25,1,Unanimous LP/P-directed,logo_BRCA1
NC_000017.11:43047660:C:A,BRCA1,1,,,,,,,,,,,,,10,25,0,,logo_BRCA1
NC_000017.11:43047664:C:T,BRCA1,1,,,,,,,,,,,,,10,25,0,,logo_BRCA1
NC_000017.11:43047675:G:C,BRCA1,1,0.9144005881879513,1.0,0.8907735761419264,1.0,0.7686456566062455,1.0,0.957832551866805,1.0,4.0,1111,0.8829130932007321,0.9094871604796982,24,25,1,Unanimous LP/P-directed,logo_BRCA1
NC_000017.11:43047677:T:C,BRCA1,1,0.5746446747711279,0.0,0.779015082161529,1.0,0.6577711186412846,1.0,0.30357487635250047,0.0,2.0,0110,0.5787514379816106,0.5948534542695422,24,25,1,Mixed votes,logo_BRCA1
NC_000017.11:43047677:T:G,BRCA1,1,0.9675460365135051,1.0,0.9698553896007959,1.0,0.8556348012460363,1.0,0.6780730781487839,1.0,4.0,1111,0.8677773263772803,0.8957183070283486,24,25,1,Unanimous LP/P-directed,logo_BRCA1
NC_000017.11:43047678:G:A,BRCA1,1,,,,,,,,,,,,,10,25,0,,logo_BRCA1
NC_000017.11:43047683:A:T,BRCA1,1,0.9924550396940037,1.0,0.9924649275335625,1.0,0.9405108619763006,1.0,0.9644414960839157,1.0,4.0,1111,0.9724680813219456,0.9829044546058977,23,25,1,Unanimous LP/P-directed,logo_BRCA1
NC_000017.11:43047701:C:G,BRCA1,1,0.2052424409555884,0.0,0.39385372035814886,0.0,0.23554971275569137,0.0,0.4135912776526096,0.0,0.0,0000,0.3120592879305096,0.2957311675145531,24,25,1,Unanimous B/LB-directed,logo_BRCA1
NC_000017.11:43049160:G:A,BRCA1,1,0.9541960543568296,1.0,0.9412666509831433,1.0,0.8191854828911108,1.0,0.8330117219593068,1.0,4.0,1111,0.8869149775475976,0.9130756951579468,24,25,1,Unanimous LP/P-directed,logo_BRCA1
NC_000017.11:43049160:G:T,BRCA1,1,0.9857833168815857,1.0,0.9705283938160725,1.0,0.9822683148691005,1.0,0.9919428377926398,1.0,4.0,1111,0.9826307158398495,0.9898870973062218,24,25,1,Unanimous LP/P-directed,logo_BRCA1
NC_000017.11:43049163:CCACA:TCACT,BRCA1,1,,,,,,,,,,,,,0,25,0,,logo_BRCA1
NC_000017.11:43049163:C:G,BRCA1,1,0.923875988610765,1.0,0.8826399617854558,1.0,0.8741705173033895,1.0,0.9742307102533362,1.0,4.0,1111,0.9137292944882366,0.9365025320956254,24,25,1,Unanimous LP/P-directed,logo_BRCA1
NC_000017.11:43049164:C:A,BRCA1,1,0.9830420087786448,1.0,0.9753968156618886,1.0,0.92951698402998,1.0,0.972385449754946,1.0,4.0,1111,0.9650853145563649,0.9775714441277037,24,25,1,Unanimous LP/P-directed,logo_BRCA1
NC_000017.11:43049166:C:T,BRCA1,1,0.9644386419131095,1.0,0.9473527824409329,1.0,0.9510528997449854,1.0,0.9869846258832132,1.0,4.0,1111,0.9624572374955602,0.9756287428608938,24,25,1,Unanimous LP/P-directed,logo_BRCA1
NC_000017.11:43049175:A:T,BRCA1,1,0.9718189290656841,1.0,0.9732058896818023,1.0,0.9142130183708603,1.0,0.9559182235873015,1.0,4.0,1111,0.953789015176412,0.969075646600395,24,25,1,Unanimous LP/P-directed,logo_BRCA1
NC_000017.11:43049187:A:C,BRCA1,1,0.9808722450723555,1.0,0.9801633382376996,1.0,0.8990444462291878,1.0,0.9172096700300557,1.0,4.0,1111,0.9443224248923247,0.9616913991313687,24,25,1,Unanimous LP/P-directed,logo_BRCA1
NC_000017.11:43049187:A:G,BRCA1,1,0.993093481324344,1.0,0.9924738598772473,1.0,0.9822683148691005,1.0,0.9898811150141353,1.0,4.0,1111,0.9894291927712069,0.9942485432325873,25,25,1,Unanimous LP/P-directed,logo_BRCA1
NC_000017.11:43049187:A:T,BRCA1,1,0.9957738436223817,1.0,0.9974469012005196,1.0,0.9022863586262059,1.0,0.9455116748875674,1.0,4.0,1111,0.9602546945841687,0.9739841735185122,24,25,1,Unanimous LP/P-directed,logo_BRCA1
NC_000017.11:43051062:C:T,BRCA1,1,0.9071095135944847,1.0,0.9407938080677133,1.0,0.68427409343898,1.0,0.9477653713076997,1.0,4.0,1111,0.8699856966022194,0.8977459707404173,25,25,1,Unanimous LP/P-directed,logo_BRCA1
NC_000017.11:43051071:T:C,BRCA1,1,0.6699459093067636,0.0,0.7557320053916503,1.0,0.5140913268827428,0.0,0.26100932300019064,0.0,1.0,0100,0.5501946411453368,0.5628692271882506,25,25,1,Mixed votes,logo_BRCA1
NC_000017.11:43051085:C:A,BRCA1,1,0.9942469900208548,1.0,0.9966445978373409,1.0,0.9822683148691005,1.0,0.991489218366354,1.0,4.0,1111,0.9911622802734126,0.9953060932479219,25,25,1,Unanimous LP/P-directed,logo_BRCA1
NC_000017.11:43051097:A:G,BRCA1,1,0.986339916093044,1.0,0.9944786482585887,1.0,0.9181049708151703,1.0,0.9558331733191036,1.0,4.0,1111,0.9636891771214767,0.9765421204942104,24,25,1,Unanimous LP/P-directed,logo_BRCA1
NC_000017.11:43051097:A:T,BRCA1,1,0.9980936890727267,1.0,0.9974602389855561,1.0,0.994721702179851,1.0,0.99381644109819,1.0,4.0,1111,0.996023017834081,0.9981005736459666,25,25,1,Unanimous LP/P-directed,logo_BRCA1
NC_000017.11:43051112:A:C,BRCA1,1,0.9946325082715419,1.0,0.9897309436166201,1.0,0.957809558577727,1.0,0.9551978571181883,1.0,4.0,1111,0.9743427168960193,0.9842265364484412,24,25,1,Unanimous LP/P-directed,logo_BRCA1
NC_000017.11:43051112:A:G,BRCA1,1,0.9979561575637187,1.0,0.9934568202280223,1.0,0.9967918540909031,1.0,0.993666047848674,1.0,4.0,1111,0.9954677199328296,0.9977976631838169,25,25,1,Unanimous LP/P-directed,logo_BRCA1
NC_000017.11:43057069:T:A,BRCA1,1,0.9655760853014562,1.0,0.994856978238973,1.0,0.9022863586262059,1.0,0.9545264128373759,1.0,4.0,1111,0.9543114587510028,0.9694765423814521,24,25,1,Unanimous LP/P-directed,logo_BRCA1
NC_000017.11:43057069:T:G,BRCA1,1,0.9654728886230642,1.0,0.9948794528697833,1.0,0.8982300314911531,1.0,0.9545264128373759,1.0,4.0,1111,0.9532771964553441,0.968682201956736,24,25,1,Unanimous LP/P-directed,logo_BRCA1
NC_000017.11:43057070:C:A,BRCA1,1,0.9662399926864027,1.0,0.9855174727599592,1.0,0.87309724458164,1.0,0.8083542448428339,1.0,4.0,1111,0.908302238717709,0.9318530400591225,24,25,1,Unanimous LP/P-directed,logo_BRCA1
NC_000017.11:43057071:T:C,BRCA1,1,0.929876415916486,1.0,0.9739540989970337,1.0,0.9219536097388993,1.0,0.9413905868886929,1.0,4.0,1111,0.9417936778852779,0.9596825196549525,24,25,1,Unanimous LP/P-directed,logo_BRCA1
NC_000017.11:43057073:G:T,BRCA1,1,0.9171396956469832,1.0,0.9699828808845409,1.0,0.8144970358915891,1.0,0.7276547875998188,1.0,4.0,1111,0.857318600005733,0.8860325171792386,24,25,1,Unanimous LP/P-directed,logo_BRCA1
NC_000017.11:43057074:C:G,BRCA1,1,0.9744687197692348,1.0,0.9938248101936791,1.0,0.957809558577727,1.0,0.9838259468230707,1.0,4.0,1111,0.9774822588409279,0.9864081620559824,25,25,1,Unanimous LP/P-directed,logo_BRCA1
NC_000017.11:43057076:C:G,BRCA1,1,0.9682654691322731,1.0,0.9869216419025117,1.0,0.9181049708151703,1.0,0.9441196215023184,1.0,4.0,1111,0.9543529258380685,0.9695083308736075,25,25,1,Unanimous LP/P-directed,logo_BRCA1
NC_000017.11:43057077:G:C,BRCA1,1,0.9118730826263624,1.0,0.9844900295145195,1.0,0.7360465848281903,1.0,0.7136859926450574,1.0,4.0,1111,0.8365239224035323,0.8663910403974254,24,25,1,Unanimous LP/P-directed,logo_BRCA1
NC_000017.11:43057085:C:T,BRCA1,1,0.9859797856787329,1.0,0.9918767203748775,1.0,0.9875895818272181,1.0,0.993364223506336,1.0,4.0,1111,0.9897025778467912,0.9944170785467839,25,25,1,Unanimous LP/P-directed,logo_BRCA1
NC_000017.11:43057086:C:A,BRCA1,1,0.9296635754729028,1.0,0.9747879101414179,1.0,0.8773771487573117,1.0,0.9201052548795975,1.0,4.0,1111,0.9254834723128075,0.946396233590617,24,25,1,Unanimous LP/P-directed,logo_BRCA1
NC_000017.11:43057086:C:G,BRCA1,1,0.9818926916424806,1.0,0.9926770878358565,1.0,0.9705995047191406,1.0,0.9866864934132653,1.0,4.0,1111,0.9829639444026859,0.9901075687620849,25,25,1,Unanimous LP/P-directed,logo_BRCA1
NC_000017.11:43057092:G:C,BRCA1,1,0.9903023458839825,1.0,0.9884970102527447,1.0,0.869648162783576,1.0,0.9409944955387688,1.0,4.0,1111,0.9473605036147681,0.9640851968735503,24,25,1,Unanimous LP/P-directed,logo_BRCA1
NC_000017.11:43057100:C:T,BRCA1,1,0.9895438068138166,1.0,0.9912848560176252,1.0,0.869648162783576,1.0,0.8834384328331388,1.0,4.0,1111,0.9334788146120392,0.9529776662825645,24,25,1,Unanimous LP/P-directed,logo_BRCA1
NC_000017.11:43057111:A:C,BRCA1,1,0.7984304536487705,1.0,0.9651218683434146,1.0,0.6524282437828577,1.0,0.8020909684861437,1.0,4.0,1111,0.8045178835652966,0.8352602553297578,25,25,1,Unanimous LP/P-directed,logo_BRCA1
NC_000017.11:43057113:C:A,BRCA1,1,0.9897240523693397,1.0,0.995234068287485,1.0,0.9794701835230945,1.0,0.9909933341110588,1.0,4.0,1111,0.9888554095727445,0.9938928573513252,25,25,1,Unanimous LP/P-directed,logo_BRCA1
NC_000017.11:43057113:C:G,BRCA1,1,0.9768371598442896,1.0,0.9884879959596605,1.0,0.9440769521021781,1.0,0.9730112345932943,1.0,4.0,1111,0.9706033356248557,0.9815758571573748,24,25,1,Unanimous LP/P-directed,logo_BRCA1
NC_000017.11:43057115:C:A,BRCA1,1,0.990367047619117,1.0,0.9973885841261004,1.0,0.961100943027802,1.0,0.9869138139502237,1.0,4.0,1111,0.9839425971808108,0.9907514516870097,25,25,1,Unanimous LP/P-directed,logo_BRCA1
NC_000017.11:43057115:C:T,BRCA1,1,0.9916545433830696,1.0,0.9971283055203368,1.0,0.9794701835230945,1.0,0.9878023657807761,1.0,4.0,1111,0.9890138495518193,0.9939913347871322,25,25,1,Unanimous LP/P-directed,logo_BRCA1
NC_000017.11:43057116:C:G,BRCA1,1,0.9921412484405101,1.0,0.9962802665832339,1.0,0.9822683148691005,1.0,0.9878023657807761,1.0,4.0,1111,0.9896230489184051,0.9943681143321819,25,25,1,Unanimous LP/P-directed,logo_BRCA1
NC_000017.11:43057121:A:C,BRCA1,1,0.9940820330395458,1.0,0.9932617629332096,1.0,0.961100943027802,1.0,0.9822236735638668,1.0,4.0,1111,0.9826671031411061,0.98991120178467,25,25,1,Unanimous LP/P-directed,logo_BRCA1
NC_000017.11:43057122:C:A,BRCA1,1,0.9740161010384834,1.0,0.9842009667557553,1.0,0.8900009493706701,1.0,0.92166791070872,1.0,4.0,1111,0.9424714819684072,0.9602224106921418,24,25,1,Unanimous LP/P-directed,logo_BRCA1
NC_000017.11:43057128:A:T,BRCA1,1,0.98167717771412,1.0,0.9694896109079789,1.0,0.9134295128062998,1.0,0.9445639554746401,1.0,4.0,1111,0.9522900642257597,0.9679214332405559,24,25,1,Unanimous LP/P-directed,logo_BRCA1
NC_000017.11:43063361:A:G,BRCA1,1,0.9587352254346616,1.0,0.916130807958611,1.0,0.9544595377207349,1.0,0.9628919449411294,1.0,4.0,1111,0.9480543790137842,0.9646288243392364,24,25,1,Unanimous LP/P-directed,logo_BRCA1
NC_000017.11:43063369:A:C,BRCA1,1,0.9656734540639292,1.0,0.9370544091515243,1.0,0.8238457505095574,1.0,0.896645429737448,1.0,4.0,1111,0.9058047608656148,0.929696991600792,24,25,1,Unanimous LP/P-directed,logo_BRCA1
NC_000017.11:43063371:C:G,BRCA1,1,0.9929286364336722,1.0,0.986985708559419,1.0,0.998627274285374,1.0,0.994043778963153,1.0,4.0,1111,0.9931463495604046,0.9964816606747847,25,25,1,Unanimous LP/P-directed,logo_BRCA1
NC_000017.11:43063372:C:T,BRCA1,1,,,,,,,,,,,,,10,25,0,,logo_BRCA1
NC_000017.11:43063881:C:T,BRCA1,1,0.3740607916533413,0.0,0.8140348797859269,1.0,0.53235762736398,0.0,0.6081432010096058,1.0,2.0,0101,0.5821491249532136,0.598645952700766,25,25,1,Mixed votes,logo_BRCA1
NC_000017.11:43063882:T:A,BRCA1,1,0.6774183264173512,0.0,0.6029367393691699,0.0,0.8990444462291878,1.0,0.9486197802530268,1.0,2.0,0011,0.782004823067184,0.812781360360784,25,25,1,Mixed votes,logo_BRCA1
NC_000017.11:43063884:A:C,BRCA1,1,0.9897784735758474,1.0,0.9999175687240706,1.0,0.967498580839106,1.0,0.9852257303487214,1.0,4.0,1111,0.9856050883719363,0.9918322765484265,25,25,1,Unanimous LP/P-directed,logo_BRCA1
NC_000017.11:43063885:C:A,BRCA1,1,0.6433745480574693,0.0,0.5594759104510726,0.0,0.8002676325150454,1.0,0.8880670724097938,1.0,2.0,0011,0.7227962908583453,0.7517239833841936,24,25,1,Mixed votes,logo_BRCA1
NC_000017.11:43063887:A:C,BRCA1,1,0.8429202759681824,1.0,0.8077966444997645,1.0,0.864433360448535,1.0,0.7959460825862817,1.0,4.0,1111,0.8277740908756909,0.8579837634806756,25,25,1,Unanimous LP/P-directed,logo_BRCA1
NC_000017.11:43063888:C:A,BRCA1,1,0.717011742256495,1.0,0.9962422254199118,1.0,0.5257187443466044,0.0,0.8629787936716542,1.0,3.0,1101,0.7754878764236663,0.8061925657834722,24,25,1,Mixed votes,logo_BRCA1
NC_000017.11:43063894:T:C,BRCA1,1,0.1581002323522171,0.0,0.3483466530968271,0.0,0.3353813717590299,0.0,0.27794534287890826,0.0,0.0,0000,0.2799434000217456,0.2607776492302749,25,25,1,Unanimous B/LB-directed,logo_BRCA1
NC_000017.11:43063908:C:A,BRCA1,1,0.9349385561539832,1.0,0.9144681786606086,1.0,0.9219536097388993,1.0,0.9702065146016335,1.0,4.0,1111,0.9353917147887811,0.9545332177002703,24,25,1,Unanimous LP/P-directed,logo_BRCA1
NC_000017.11:43063909:C:G,BRCA1,1,0.9579638134464842,1.0,0.9483916724444404,1.0,0.9368946348808077,1.0,0.9847445642062096,1.0,4.0,1111,0.9569986712444856,0.9715269076280859,24,25,1,Unanimous LP/P-directed,logo_BRCA1
NC_000017.11:43063909:C:T,BRCA1,1,0.9768619573322086,1.0,0.9526249984262452,1.0,0.9900945950059153,1.0,0.9938471494005618,1.0,4.0,1111,0.9783571750412328,0.9870084162650807,25,25,1,Unanimous LP/P-directed,logo_BRCA1
NC_000017.11:43063911:A:G,BRCA1,1,0.9856771880326803,1.0,0.9744989137681846,1.0,0.9822683148691005,1.0,0.9908734266099154,1.0,4.0,1111,0.9833294608199702,0.9903486901619486,25,25,1,Unanimous LP/P-directed,logo_BRCA1
NC_000017.11:43063918:A:C,BRCA1,1,0.970274857322401,1.0,0.9539199097363368,1.0,0.9544595377207349,1.0,0.9886830520743262,1.0,4.0,1111,0.9668343392134497,0.9788519900641102,24,25,1,Unanimous LP/P-directed,logo_BRCA1
NC_000017.11:43063921:T:G,BRCA1,1,0.7979482279326182,1.0,0.6193905363651446,0.0,0.8615152340320534,1.0,0.931062872607055,1.0,3.0,1011,0.8024792177342178,0.8332434502776223,24,25,1,Mixed votes,logo_BRCA1
NC_000017.11:43063927:T:C,BRCA1,1,0.9205577750915946,1.0,0.8540134584145165,1.0,0.9022863586262059,1.0,0.9404865586610884,1.0,4.0,1111,0.9043360376983514,0.9284243435275796,25,25,1,Unanimous LP/P-directed,logo_BRCA1
NC_000017.11:43063929:C:A,BRCA1,1,0.9873311954626068,1.0,0.9881142367150707,1.0,0.9794701835230945,1.0,0.9855910689113495,1.0,4.0,1111,0.9851266711530303,0.9915229814836014,25,25,1,Unanimous LP/P-directed,logo_BRCA1
NC_000017.11:43063935:C:A,BRCA1,1,0.9725246560582541,1.0,0.9490266050099451,1.0,0.9736310004731069,1.0,0.9858008251121848,1.0,4.0,1111,0.9702457716633728,0.9813196169470594,25,25,1,Unanimous LP/P-directed,logo_BRCA1
NC_000017.11:43063935:C:T,BRCA1,1,0.9733526819941529,1.0,0.95949869013578,1.0,0.9924786271580895,1.0,0.9909143681895636,1.0,4.0,1111,0.9790610918693965,0.9874887808944267,25,25,1,Unanimous LP/P-directed,logo_BRCA1
NC_000017.11:43063942:A:C,BRCA1,1,0.3792717294845506,0.0,0.8169522366607708,1.0,0.3991740568163804,0.0,0.19489454569204198,0.0,1.0,0100,0.4475731421634359,0.44707154491407247,25,25,1,Mixed votes,logo_BRCA1
NC_000017.11:43063950:T:A,BRCA1,1,0.9930419661448018,1.0,0.9951760955538703,1.0,0.9705995047191406,1.0,0.9814264296153293,1.0,4.0,1111,0.9850609990082856,0.9914804130835899,25,25,1,Unanimous LP/P-directed,logo_BRCA1
NC_000017.11:43063950:T:G,BRCA1,1,0.9781329152039046,1.0,0.9738930600455241,1.0,0.9102786814586898,1.0,0.9756441095859439,1.0,4.0,1111,0.9594871915735156,0.9734077065644856,25,25,1,Unanimous LP/P-directed,logo_BRCA1
NC_000017.11:43067607:C:A,BRCA1,1,0.9961730447817507,1.0,0.9998684344938589,1.0,0.967498580839106,1.0,0.9865603031351189,1.0,4.0,1111,0.9875250908124587,0.9930584907790629,25,25,1,Unanimous LP/P-directed,logo_BRCA1
NC_000017.11:43067607:C:G,BRCA1,1,0.9971041404168111,1.0,0.999838057978633,1.0,0.9544595377207349,1.0,0.9865603031351189,1.0,4.0,1111,0.9844905098128245,0.9911095130062996,25,25,1,Unanimous LP/P-directed,logo_BRCA1
NC_000017.11:43067607:C:T,BRCA1,1,0.997252071008855,1.0,0.9992205289874913,1.0,0.9405108619763006,1.0,0.9878909182860269,1.0,4.0,1111,0.9812185950646685,0.9889461428041858,25,25,1,Unanimous LP/P-directed,logo_BRCA1
NC_000017.11:43067609:G:C,BRCA1,1,0.995286089300942,1.0,0.991666837960548,1.0,0.8556348012460363,1.0,0.9510101792128396,1.0,4.0,1111,0.9483994769300914,0.9648987598075885,24,25,1,Unanimous LP/P-directed,logo_BRCA1
NC_000017.11:43067609:G:T,BRCA1,1,0.9815234287586491,1.0,0.9696777547280546,1.0,0.9517386662455946,1.0,0.8979996484857423,1.0,4.0,1111,0.9502348745545102,0.9663294665023943,25,25,1,Unanimous LP/P-directed,logo_BRCA1
NC_000017.11:43067615:A:T,BRCA1,1,0.9672191719934152,1.0,0.9031532396962708,1.0,0.9440769521021781,1.0,0.9076976356415991,1.0,4.0,1111,0.9305367498583658,0.9505705947974262,24,25,1,Unanimous LP/P-directed,logo_BRCA1
NC_000017.11:43067619:C:A,BRCA1,1,0.8646280462229063,1.0,0.9842108037224231,1.0,0.7461735348432634,1.0,0.8220366344203586,1.0,4.0,1111,0.8542622548022378,0.8831769214795975,25,25,1,Unanimous LP/P-directed,logo_BRCA1
NC_000017.11:43067621:A:C,BRCA1,1,0.9861083350311641,1.0,0.9578655498210503,1.0,0.9405108619763006,1.0,0.9634471095217373,1.0,4.0,1111,0.9619829640875631,0.9752758581990492,24,25,1,Unanimous LP/P-directed,logo_BRCA1
NC_000017.11:43067625:G:A,BRCA1,1,0.9782169037505946,1.0,0.9248335116626206,1.0,0.8191854828911108,1.0,0.9336759335858367,1.0,4.0,1111,0.9139779579725407,0.9367143740107509,24,25,1,Unanimous LP/P-directed,logo_BRCA1
NC_000017.11:43067625:G:C,BRCA1,1,0.9870912793022396,1.0,0.954110454831967,1.0,0.9332295964002401,1.0,0.9442529216381372,1.0,4.0,1111,0.9546710630431461,0.9697520602805368,24,25,1,Unanimous LP/P-directed,logo_BRCA1
NC_000017.11:43067693:A:C,BRCA1,1,0.7983323909940522,1.0,0.9659623106505243,1.0,0.4658771758836031,0.0,0.46950181953229597,0.0,2.0,1100,0.6749184242651188,0.700659174611886,24,25,1,Mixed votes,logo_BRCA1
NC_000017.11:43070950:A:G,BRCA1,1,0.9954177745618197,1.0,0.990410890057655,1.0,0.9849774156633653,1.0,0.9888065892094673,1.0,4.0,1111,0.9899031673730768,0.9945403429872482,25,25,1,Unanimous LP/P-directed,logo_BRCA1
NC_000017.11:43070955:A:T,BRCA1,1,0.9906483732721305,1.0,0.9789917195093023,1.0,0.961100943027802,1.0,0.9670718647655369,1.0,4.0,1111,0.9744532251436929,0.9843040323961366,24,25,1,Unanimous LP/P-directed,logo_BRCA1
NC_000017.11:43074330:C:G,BRCA1,1,0.9804772319975189,1.0,0.9995003432261306,1.0,0.864433360448535,1.0,0.9623329371731952,1.0,4.0,1111,0.951685968211345,0.9674546168967454,25,25,1,Unanimous LP/P-directed,logo_BRCA1
NC_000017.11:43074330:C:T,BRCA1,1,0.9881827656066505,1.0,0.9989846387742519,1.0,0.8467062847597353,1.0,0.9634720543920593,1.0,4.0,1111,0.9493364358831742,0.965630171967886,25,25,1,Unanimous LP/P-directed,logo_BRCA1
NC_000017.11:43076487:C:G,BRCA1,1,0.925507231692294,1.0,0.9699081223776439,1.0,0.7661711041351961,1.0,0.9105290400326773,1.0,4.0,1111,0.8930288745594528,0.9185139643840327,25,25,1,Unanimous LP/P-directed,logo_BRCA1
NC_000017.11:43076487:C:T,BRCA1,1,0.7634154564327963,1.0,0.9300789760048053,1.0,0.7258390178799573,1.0,0.9291762179307762,1.0,4.0,1111,0.8371274170620837,0.8669678947484596,25,25,1,Unanimous LP/P-directed,logo_BRCA1
NC_000017.11:43082439:C:T,BRCA1,1,0.034316610163167074,0.0,0.005766848808887328,0.0,0.013768245497324779,0.0,0.02030366503177927,0.0,0.0,0000,0.01853884237528961,0.011449143780027685,24,25,1,Unanimous B/LB-directed,logo_BRCA1
NC_000017.11:43082536:C:G,BRCA1,1,0.05732108033125908,0.0,0.3355111631185311,0.0,0.280248590190183,0.0,0.2954259918428936,0.0,0.0,0000,0.2421267063707167,0.22034016336224702,24,25,1,Unanimous B/LB-directed,logo_BRCA1
NC_000017.11:43090943:C:G,BRCA1,1,0.9967286339013803,1.0,0.9997710161402146,1.0,0.9181049708151703,1.0,0.9680623306619912,1.0,4.0,1111,0.970666737879689,0.9816212439367548,24,25,1,Unanimous LP/P-directed,logo_BRCA1
NC_000017.11:43094577:T:A,BRCA1,1,0.0288119791587168,0.0,0.009254704430522304,0.0,0.03185396414253128,0.0,0.014196067445162958,0.0,0.0,0000,0.021029178794233334,0.013215289059049999,24,25,1,Unanimous B/LB-directed,logo_BRCA1
NC_000017.11:43104259:A:C,BRCA1,1,,,,,,,,,,,,,10,25,0,,logo_BRCA1
NC_000017.11:43104259:A:T,BRCA1,1,,,,,,,,,,,,,10,25,0,,logo_BRCA1
NC_000017.11:43104259:AT:TC,BRCA1,1,,,,,,,,,,,,,0,25,0,,logo_BRCA1
NC_000017.11:43104881:T:A,BRCA1,1,0.9563128285424763,1.0,0.9590395087840797,1.0,0.8421947139809023,1.0,0.933209836413284,1.0,4.0,1111,0.9226892219301857,0.9440670238780918,24,25,1,Unanimous LP/P-directed,logo_BRCA1
NC_000017.11:43104881:T:C,BRCA1,1,0.9561843563964363,1.0,0.9571546881373483,1.0,0.8002676325150454,1.0,0.893399463624979,1.0,4.0,1111,0.9017515351684522,0.9261765308270553,24,25,1,Unanimous LP/P-directed,logo_BRCA1
NC_000017.11:43104881:T:G,BRCA1,1,0.9348986681117274,1.0,0.9447833965214215,1.0,0.8284773283078496,1.0,0.9284829174377724,1.0,4.0,1111,0.9091605775946927,0.9325916769000036,24,25,1,Unanimous LP/P-directed,logo_BRCA1
NC_000017.11:43104884:A:G,BRCA1,1,0.9402703261051262,1.0,0.9379430972880751,1.0,0.9142130183708603,1.0,0.8803913601364267,1.0,4.0,1111,0.9182044504751221,0.9402985842469043,24,25,1,Unanimous LP/P-directed,logo_BRCA1
NC_000017.11:43106455:C:A,BRCA1,1,0.9974062235896491,1.0,0.999966931758549,1.0,0.961100943027802,1.0,0.990537660718775,1.0,4.0,1111,0.9872529397736938,0.9928862090448163,25,25,1,Unanimous LP/P-directed,logo_BRCA1
NC_000017.11:43106455:C:G,BRCA1,1,0.9976871791477402,1.0,0.9999432867564518,1.0,0.957809558577727,1.0,0.9897667832942646,1.0,4.0,1111,0.9863017019440459,0.9922800202037462,25,25,1,Unanimous LP/P-directed,logo_BRCA1
NC_000017.11:43106456:T:A,BRCA1,1,0.9969002406062164,1.0,0.9998501173573696,1.0,0.9332295964002401,1.0,0.9823489733256534,1.0,4.0,1111,0.9780822319223699,0.98682016329118,24,25,1,Unanimous LP/P-directed,logo_BRCA1
NC_000017.11:43106456:T:C,BRCA1,1,0.9989694959013741,1.0,0.9999736882119419,1.0,0.9849774156633653,1.0,0.9938189210076339,1.0,4.0,1111,0.9944348801960787,0.9972212175836114,25,25,1,Unanimous LP/P-directed,logo_BRCA1
NC_000017.11:43106475:A:C,BRCA1,1,0.9974955448228063,1.0,0.99262200301693,1.0,0.9999999525664638,1.0,0.9940217071177891,1.0,4.0,1111,0.9960348018809974,0.9981069431591826,25,25,1,Unanimous LP/P-directed,logo_BRCA1
NC_000017.11:43106476:C:G,BRCA1,1,0.9974915940313324,1.0,0.9880647283870346,1.0,0.9999999525664638,1.0,0.9945068197852364,1.0,4.0,1111,0.9950157736925168,0.9975473896881025,25,25,1,Unanimous LP/P-directed,logo_BRCA1
NC_000017.11:43106477:A:G,BRCA1,1,0.9983442755136321,1.0,0.989853376997289,1.0,0.9999999525664638,1.0,0.9939891748271998,1.0,4.0,1111,0.9955466949761462,0.9978410627548109,25,25,1,Unanimous LP/P-directed,logo_BRCA1
NC_000017.11:43106477:A:T,BRCA1,1,0.9983108092276894,1.0,0.9891106361459616,1.0,0.9967918540909031,1.0,0.9946748531081927,1.0,4.0,1111,0.9947220381431867,0.9973830630117394,25,25,1,Unanimous LP/P-directed,logo_BRCA1
NC_000017.11:43106485:C:T,BRCA1,1,0.9982593497911811,1.0,0.9976618155030298,1.0,0.9999999525664638,1.0,0.9945068197852364,1.0,4.0,1111,0.9976069844114778,0.9989309317721942,25,25,1,Unanimous LP/P-directed,logo_BRCA1
NC_000017.11:43106486:A:G,BRCA1,1,0.998132480047891,1.0,0.9927699408119465,1.0,0.998627274285374,1.0,0.9939891748271998,1.0,4.0,1111,0.9958797174931028,0.9980229166820945,25,25,1,Unanimous LP/P-directed,logo_BRCA1
NC_000017.11:43106486:A:T,BRCA1,1,0.9965644151130255,1.0,0.977138679346004,1.0,0.9999999525664638,1.0,0.9946748531081927,1.0,4.0,1111,0.9920944750334215,0.9958634992000972,25,25,1,Unanimous LP/P-directed,logo_BRCA1
NC_000017.11:43106527:C:A,BRCA1,1,0.9980133631471196,1.0,0.9921545407858846,1.0,0.9999999525664638,1.0,0.9889136484768076,1.0,4.0,1111,0.9947703762440689,0.9974101918935704,25,25,1,Unanimous LP/P-directed,logo_BRCA1
NC_000017.11:43106527:C:T,BRCA1,1,0.9987275314957809,1.0,0.9947108214812047,1.0,0.9999999525664638,1.0,0.9946748531081927,1.0,4.0,1111,0.9970282896629106,0.9986341212489518,25,25,1,Unanimous LP/P-directed,logo_BRCA1
NC_000017.11:43106528:A:C,BRCA1,1,0.9990495678331172,1.0,0.9945279735683894,1.0,0.9999999525664638,1.0,0.9939891748271998,1.0,4.0,1111,0.9968916671987925,0.9985628591861927,25,25,1,Unanimous LP/P-directed,logo_BRCA1
NC_000017.11:43106528:A:G,BRCA1,1,0.9991499753732386,1.0,0.9948594690673069,1.0,0.9999999525664638,1.0,0.9939891748271998,1.0,4.0,1111,0.9969996429585523,0.9986192145764561,25,25,1,Unanimous LP/P-directed,logo_BRCA1
NC_000017.11:43106528:A:T,BRCA1,1,0.9991618029581848,1.0,0.9987422584355207,1.0,0.9924786271580895,1.0,0.9889136484768076,1.0,4.0,1111,0.9948240842571506,0.9974402948778495,25,25,1,Unanimous LP/P-directed,logo_BRCA1
NC_000017.11:43115727:G:C,BRCA1,1,0.9895242454903236,1.0,0.9749536609085535,1.0,0.9967918540909031,1.0,0.9874595732919452,1.0,4.0,1111,0.9871823334454314,0.9928414275050501,24,25,1,Unanimous LP/P-directed,logo_BRCA1
NC_000017.11:43115728:C:A,BRCA1,1,0.9905896302806887,1.0,0.9724303113121335,1.0,0.9967918540909031,1.0,0.9885659119324106,1.0,4.0,1111,0.987094426904034,0.9927856248680473,25,25,1,Unanimous LP/P-directed,logo_BRCA1
NC_000017.11:43115728:C:G,BRCA1,1,0.9856645495714934,1.0,0.9543588549709662,1.0,0.9967918540909031,1.0,0.9935088928288747,1.0,4.0,1111,0.9825810378655594,0.989854176787734,25,25,1,Unanimous LP/P-directed,logo_BRCA1
NC_000017.11:43115728:C:T,BRCA1,1,0.9921758335015227,1.0,0.9827708648720412,1.0,0.998627274285374,1.0,0.9885659119324106,1.0,4.0,1111,0.9905349711478371,0.9949263476662403,25,25,1,Unanimous LP/P-directed,logo_BRCA1
NC_000017.11:43115729:A:G,BRCA1,1,0.9926407356428052,1.0,0.9706047209155951,1.0,0.998627274285374,1.0,0.9928978806740638,1.0,4.0,1111,0.9886926528794595,0.9937914931273881,25,25,1,Unanimous LP/P-directed,logo_BRCA1
NC_000017.11:43115729:A:T,BRCA1,1,0.9925528260940144,1.0,0.9609818826344568,1.0,0.9967918540909031,1.0,0.9935088928288747,1.0,4.0,1111,0.9859588639120623,0.9920600567662625,25,25,1,Unanimous LP/P-directed,logo_BRCA1
NC_000017.11:43115737:T:A,BRCA1,1,0.9873916198234073,1.0,0.964145203697924,1.0,0.9967918540909031,1.0,0.9935088928288747,1.0,4.0,1111,0.9854593926102773,0.9917382372134834,25,25,1,Unanimous LP/P-directed,logo_BRCA1
NC_000017.11:43115737:T:C,BRCA1,1,0.9883214260332882,1.0,0.9551588664370032,1.0,0.9967918540909031,1.0,0.9938471494005618,1.0,4.0,1111,0.9835298239904391,0.9904805437204316,25,25,1,Unanimous LP/P-directed,logo_BRCA1
NC_000017.11:43115738:G:A,BRCA1,1,0.992389809468016,1.0,0.9545371138722234,1.0,0.994721702179851,1.0,0.9941828886479412,1.0,4.0,1111,0.9839578785420079,0.9907614620512166,25,25,1,Unanimous LP/P-directed,logo_BRCA1
NC_000017.11:43115738:G:C,BRCA1,1,0.9899016274942286,1.0,0.9578666243597188,1.0,0.9875895818272181,1.0,0.9766412558511776,1.0,4.0,1111,0.9779997723830858,0.9867636355914877,24,25,1,Unanimous LP/P-directed,logo_BRCA1
NC_000017.11:43115738:G:T,BRCA1,1,0.9891113750998275,1.0,0.9519201316860463,1.0,0.9900945950059153,1.0,0.9879474823914265,1.0,4.0,1111,0.9797683960458039,0.9879690832594995,25,25,1,Unanimous LP/P-directed,logo_BRCA1
NC_000017.11:43115742:A:C,BRCA1,1,0.9962712864748801,1.0,0.9917944846530461,1.0,0.9999999525664638,1.0,0.9940217071177891,1.0,4.0,1111,0.9955218577030448,0.997827424848519,25,25,1,Unanimous LP/P-directed,logo_BRCA1
NC_000017.11:43115743:C:A,BRCA1,1,0.9861586615686788,1.0,0.9624202534625359,1.0,0.9999999525664638,1.0,0.9935088928288747,1.0,4.0,1111,0.9855219401066383,0.9917786249713012,25,25,1,Unanimous LP/P-directed,logo_BRCA1
NC_000017.11:43115743:C:T,BRCA1,1,0.9874602634404367,1.0,0.970835252259916,1.0,0.9999999525664638,1.0,0.9935088928288747,1.0,4.0,1111,0.9879510902739228,0.9933271011920266,25,25,1,Unanimous LP/P-directed,logo_BRCA1
NC_000017.11:43115744:A:C,BRCA1,1,0.9917682154949055,1.0,0.9643853304104476,1.0,0.998627274285374,1.0,0.9928978806740638,1.0,4.0,1111,0.9869196752161977,0.992674534476741,25,25,1,Unanimous LP/P-directed,logo_BRCA1
NC_000017.11:43115744:A:G,BRCA1,1,0.9919745449801298,1.0,0.9711448811298636,1.0,0.9999999525664638,1.0,0.9928978806740638,1.0,4.0,1111,0.9890043148376302,0.9939854141171064,25,25,1,Unanimous LP/P-directed,logo_BRCA1
NC_000017.11:43115744:A:T,BRCA1,1,0.9917047514803399,1.0,0.953972644489212,1.0,0.998627274285374,1.0,0.9937072590281358,1.0,4.0,1111,0.9845029823207655,0.99111764301845,25,25,1,Unanimous LP/P-directed,logo_BRCA1
NC_000017.11:43115749:G:C,BRCA1,1,0.9789908792519733,1.0,0.90694799876345,1.0,0.9822683148691005,1.0,0.9904465030608312,1.0,4.0,1111,0.9646634239863388,0.9772610574515849,25,25,1,Unanimous LP/P-directed,logo_BRCA1
NC_000017.11:43115749:G:T,BRCA1,1,0.9900030392697001,1.0,0.938080280800959,1.0,0.9924786271580895,1.0,0.9938209770158993,1.0,4.0,1111,0.9785957310611619,0.9871714711723,25,25,1,Unanimous LP/P-directed,logo_BRCA1
NC_000017.11:43115750:T:C,BRCA1,1,0.43636459569946073,0.0,0.6397925021338732,0.0,0.6038070558781119,1.0,0.42403741058942984,0.0,1.0,0010,0.5260003910752189,0.5356482309531599,24,25,1,Mixed votes,logo_BRCA1
NC_000017.11:43115755:A:G,BRCA1,1,0.7940227715860797,1.0,0.7251376562703634,1.0,0.8050376148818049,1.0,0.7730141326188016,1.0,4.0,1111,0.7743030438392624,0.8049909013321237,24,25,1,Unanimous LP/P-directed,logo_BRCA1
NC_000017.11:43115758:G:C,BRCA1,1,0.988676286512874,1.0,0.943730094235533,1.0,0.9920123381443784,1.0,0.9932614775250986,1.0,4.0,1111,0.979420049104471,0.9877328358489118,25,25,1,Unanimous LP/P-directed,logo_BRCA1
NC_000017.11:43124016:C:A,BRCA1,1,0.9953669409931453,1.0,0.999936399075731,1.0,0.9967918540909031,1.0,0.9904809361895408,1.0,4.0,1111,0.99564403258733,0.9978944110728039,24,25,1,Unanimous LP/P-directed,logo_BRCA1
NC_000017.11:43124016:C:T,BRCA1,1,0.9954625551191958,1.0,0.9999296083051221,1.0,0.9967918540909031,1.0,0.9901886182466552,1.0,4.0,1111,0.9955931589404691,0.9978665482263311,24,25,1,Unanimous LP/P-directed,logo_BRCA1
NC_000017.11:43124019:A:T,BRCA1,1,0.9987100940731558,1.0,0.9957205170933094,1.0,0.998627274285374,1.0,0.9946290316450856,1.0,4.0,1111,0.9969217292742312,0.9985785759194015,25,25,1,Unanimous LP/P-directed,logo_BRCA1
NC_000017.11:43124022:G:A,BRCA1,1,0.9963508096253181,1.0,0.9908780359653544,1.0,0.9849774156633653,1.0,0.984875673733249,1.0,4.0,1111,0.9892704837468217,0.9941504232173975,24,25,1,Unanimous LP/P-directed,logo_BRCA1
NC_000017.11:43124024:A:C,BRCA1,1,0.9982748810311026,1.0,0.9967955635151465,1.0,0.9999999525664638,1.0,0.9920036865305915,1.0,4.0,1111,0.9967685209108261,0.9984982677685832,25,25,1,Unanimous LP/P-directed,logo_BRCA1
NC_000017.11:43124025:C:G,BRCA1,1,0.996678062808802,1.0,0.99065320099936,1.0,0.998627274285374,1.0,0.991006676582541,1.0,4.0,1111,0.9942413036690193,0.997111473159805,24,25,1,Unanimous LP/P-directed,logo_BRCA1
NC_000017.11:43124025:C:T,BRCA1,1,0.9988114977798672,1.0,0.9968271070398435,1.0,0.9967918540909031,1.0,0.9945068197852364,1.0,4.0,1111,0.9967343196739626,0.9984802701499187,25,25,1,Unanimous LP/P-directed,logo_BRCA1
NC_000017.11:43124026:A:C,BRCA1,1,0.9988309251797566,1.0,0.9961786499182357,1.0,0.9999999525664638,1.0,0.9939268341398754,1.0,4.0,1111,0.9972340904510829,0.9987406416702356,25,25,1,Unanimous LP/P-directed,logo_BRCA1
NC_000017.11:43124026:A:G,BRCA1,1,0.9988880379836353,1.0,0.9969085832943606,1.0,0.9999999525664638,1.0,0.9939891748271998,1.0,4.0,1111,0.9974464371679149,0.9988494518698796,25,25,1,Unanimous LP/P-directed,logo_BRCA1
NC_000017.11:43124026:A:T,BRCA1,1,0.9987788545089352,1.0,0.9953373731833661,1.0,0.9999999525664638,1.0,0.9944498178246566,1.0,4.0,1111,0.9971414995208554,0.9986928432165346,25,25,1,Unanimous LP/P-directed,logo_BRCA1
NC_000017.11:43124043:A:C,BRCA1,1,0.9963732039639571,1.0,0.9990246898577549,1.0,0.92951698402998,1.0,0.9914655947292347,1.0,4.0,1111,0.9790951181452316,0.9875119417689816,24,25,1,Unanimous LP/P-directed,logo_BRCA1
NC_000017.11:43124043:A:T,BRCA1,1,0.9980429914631735,1.0,0.9990931165257354,1.0,0.9900945950059153,1.0,0.9927136861983497,1.0,4.0,1111,0.9949860972982936,0.9975308455735383,25,25,1,Unanimous LP/P-directed,logo_BRCA1
NC_000017.11:43124093:C:A,BRCA1,1,0.9899476996192711,1.0,0.9897297644745743,1.0,0.9765893466374609,1.0,0.991632598427229,1.0,4.0,1111,0.9869748522896338,0.9927096335190652,21,25,1,Unanimous LP/P-directed,logo_BRCA1
NC_000017.11:43124093:C:G,BRCA1,1,0.9868490652739016,1.0,0.9837630715275254,1.0,0.9736310004731069,1.0,0.9914267052455857,1.0,4.0,1111,0.9839174606300299,0.9907349825162605,21,25,1,Unanimous LP/P-directed,logo_BRCA1
NC_000017.11:43124093:C:T,BRCA1,1,0.9932491924076751,1.0,0.9957131619387615,1.0,0.9794701835230945,1.0,0.9909002374854644,1.0,4.0,1111,0.9898331938387489,0.9944973817842084,21,25,1,Unanimous LP/P-directed,logo_BRCA1
NC_000017.11:43124094:A:C,BRCA1,1,0.9969626340439883,1.0,0.9959259176328763,1.0,0.9822683148691005,1.0,0.9917794022011723,1.0,4.0,1111,0.9917340671867843,0.9956490093364314,21,25,1,Unanimous LP/P-directed,logo_BRCA1
NC_000017.11:43124094:A:G,BRCA1,1,0.9947169806130745,1.0,0.9889928750454218,1.0,0.9794701835230945,1.0,0.9924192491493103,1.0,4.0,1111,0.9888998220827253,0.9939204815224078,21,25,1,Unanimous LP/P-directed,logo_BRCA1
NC_000017.11:43124094:A:T,BRCA1,1,0.9944024989430781,1.0,0.9898021403604442,1.0,0.9822683148691005,1.0,0.9924192491493103,1.0,4.0,1111,0.9897230508304833,0.9944296748226152,21,25,1,Unanimous LP/P-directed,logo_BRCA1
NC_000017.11:43124095:T:C,BRCA1,1,0.988499159442751,1.0,0.9830873015610004,1.0,0.9849774156633653,1.0,0.9916079348441009,1.0,4.0,1111,0.9870429528778044,0.9927529245137393,21,25,1,Unanimous LP/P-directed,logo_BRCA1
NC_000017.11:43045684:T:A,BRCA1,0,0.04257676034019112,0.0,0.002435691913111721,0.0,0.027345851394958428,0.0,0.01792083703840202,0.0,0.0,0000,0.022569785171665822,0.014323389215100926,25,25,1,Unanimous B/LB-directed,logo_BRCA1
NC_000017.11:43045690:T:G,BRCA1,0,0.04671701934673676,0.0,0.006009997824049836,0.0,0.050716799147289215,0.0,0.01571963349341977,0.0,0.0,0000,0.029790862452873896,0.01965653087461576,23,25,1,Unanimous B/LB-directed,logo_BRCA1
NC_000017.11:43045693:G:C,BRCA1,0,0.006402476389189013,0.0,0.0017653644036647036,0.0,0.015585831641080851,0.0,0.01113233129951031,0.0,0.0,0000,0.00872150093336122,0.0048622866420779945,25,25,1,Unanimous B/LB-directed,logo_BRCA1
NC_000017.11:43045697:T:G,BRCA1,0,0.0254061114482643,0.0,0.0003082690649515366,0.0,0.021295084298300057,0.0,0.01279089802884726,0.0,0.0,0000,0.01495009071009079,0.008964464238207473,25,25,1,Unanimous B/LB-directed,logo_BRCA1
NC_000017.11:43047653:T:C,BRCA1,0,0.027908815273144556,0.0,7.606351727329573e-06,0.0,0.0033299276407628355,0.0,0.017256624859259197,0.0,0.0,0000,0.01212574353122348,0.007066916237938179,24,25,1,Unanimous B/LB-directed,logo_BRCA1
NC_000017.11:43047698:A:T,BRCA1,0,0.01792009103735845,0.0,0.0005666737759591555,0.0,0.0033299276407628355,0.0,0.006816456280762403,0.0,0.0,0000,0.007158287183710711,0.003886813275864921,23,25,1,Unanimous B/LB-directed,logo_BRCA1
NC_000017.11:43057076:C:T,BRCA1,0,0.1188940392355969,0.0,0.3761907706279072,0.0,0.18092943703300873,0.0,0.12097437737981766,0.0,0.0,0000,0.1992471560690826,0.17566043004103898,25,25,1,Unanimous B/LB-directed,logo_BRCA1
NC_000017.11:43057130:T:C,BRCA1,0,0.31642037943109663,0.0,0.5205545356005846,0.0,0.21539315393327724,0.0,0.1471548881484966,0.0,0.0,0000,0.29988073927836373,0.2824179956528311,25,25,1,Unanimous B/LB-directed,logo_BRCA1
NC_000017.11:43063367:T:C,BRCA1,0,0.004157005403603602,0.0,0.012906740994663808,0.0,0.02529377218667797,0.0,0.027137003474216288,0.0,0.0,0000,0.017373630514790416,0.010634158820555399,25,25,1,Unanimous B/LB-directed,logo_BRCA1
NC_000017.11:43063908:C:G,BRCA1,0,0.10683971417479532,0.0,0.3227955287862655,0.0,0.4287547561159136,0.0,0.5705001555302287,1.0,1.0,0001,0.35722253865180076,0.3456259772584073,25,25,1,Mixed votes,logo_BRCA1
NC_000017.11:43070957:C:T,BRCA1,0,0.0031237314936324494,0.0,0.0005621866809976151,0.0,0.021295084298300057,0.0,0.011386642270482068,0.0,0.0,0000,0.009091911185853048,0.005097138325563484,24,25,1,Unanimous B/LB-directed,logo_BRCA1
NC_000017.11:43070958:A:G,BRCA1,0,0.21721793709140055,0.0,0.5715208681094529,0.0,0.33915269342027293,0.0,0.3503431635428694,0.0,0.0,0000,0.3695586655409989,0.3593741605099428,25,25,1,Unanimous B/LB-directed,logo_BRCA1
NC_000017.11:43071003:G:A,BRCA1,0,0.17119714683526752,0.0,0.12778508053774237,0.0,0.09418296424378796,0.0,0.022499360955156474,0.0,0.0,0000,0.10391613814298858,0.08253328742322641,25,25,1,Unanimous B/LB-directed,logo_BRCA1
NC_000017.11:43071030:A:G,BRCA1,0,0.07049375714165117,0.0,0.00012452430587373844,0.0,0.027345851394958428,0.0,0.017119310855593126,0.0,0.0,0000,0.028770860924519116,0.018890332717334472,25,25,1,Unanimous B/LB-directed,logo_BRCA1
NC_000017.11:43071073:G:A,BRCA1,0,0.050984489226099425,0.0,0.0014002857630252624,0.0,0.04372708286172642,0.0,0.026140144293394726,0.0,0.0,0000,0.03056300053606146,0.020239156321657674,25,25,1,Unanimous B/LB-directed,logo_BRCA1
NC_000017.11:43071076:T:C,BRCA1,0,0.01424984318232002,0.0,0.00020871392834797902,0.0,0.02428064498364521,0.0,0.0070967369038882865,0.0,0.0,0000,0.011458984749550375,0.006627437641865005,24,25,1,Unanimous B/LB-directed,logo_BRCA1
NC_000017.11:43071076:T:A,BRCA1,0,0.03917268201091919,0.0,0.008086391586261687,0.0,0.033697586677094486,0.0,0.029622037301934846,0.0,0.0,0000,0.027644674394052552,0.01804905733605905,25,25,1,Unanimous B/LB-directed,logo_BRCA1
NC_000017.11:43071097:T:C,BRCA1,0,0.05394374698436108,0.0,0.029140715255568512,0.0,0.21560483045717196,0.0,0.20241810359428009,0.0,0.0,0000,0.12527684907284542,0.10247777283998477,25,25,1,Unanimous B/LB-directed,logo_BRCA1
NC_000017.11:43071184:A:G,BRCA1,0,0.0588625365168066,0.0,0.1328295958500252,0.0,0.05550143873409093,0.0,0.04824811310008365,0.0,0.0,0000,0.07386042105025159,0.05565423654413948,25,25,1,Unanimous B/LB-directed,logo_BRCA1
NC_000017.11:43071222:A:G,BRCA1,0,0.01548969114367326,0.0,0.02778852768027532,0.0,0.1108706041093188,0.0,0.026581628727418875,0.0,0.0,0000,0.04518261291517156,0.0316474259491913,25,25,1,Unanimous B/LB-directed,logo_BRCA1
NC_000017.11:43071231:G:A,BRCA1,0,0.009122699038633358,0.0,0.014117984264139505,0.0,0.06285521898965855,0.0,0.01667325469533472,0.0,0.0,0000,0.025692289246941533,0.016602697820323933,25,25,1,Unanimous B/LB-directed,logo_BRCA1
NC_000017.11:43074369:C:T,BRCA1,0,0.041945840649566475,0.0,0.00011660604160188149,0.0,0.01839460885452869,0.0,0.017192157990716616,0.0,0.0,0000,0.019412303384103415,0.012064932550316161,25,25,1,Unanimous B/LB-directed,logo_BRCA1
NC_000017.11:43074405:C:T,BRCA1,0,0.042082512054242315,0.0,0.00015606826089077078,0.0,0.04032086754629704,0.0,0.026844740043905493,0.0,0.0,0000,0.027351046976333906,0.017830540074365082,25,25,1,Unanimous B/LB-directed,logo_BRCA1
NC_000017.11:43074470:C:A,BRCA1,0,0.002014238913277881,0.0,0.0005176332160621082,0.0,0.006236133213711509,0.0,0.008621216317208852,0.0,0.0,0000,0.004347305415065087,0.002209422519787956,25,25,1,Unanimous B/LB-directed,logo_BRCA1
NC_000017.11:43074485:C:G,BRCA1,0,0.06010450694883459,0.0,0.010026061119481627,0.0,0.04372708286172642,0.0,0.02046036211784249,0.0,0.0,0000,0.03357950326197128,0.0225360598626418,25,25,1,Unanimous B/LB-directed,logo_BRCA1
NC_000017.11:43076569:T:G,BRCA1,0,0.011897827139454031,0.0,0.005913601980780152,0.0,0.07815618030221128,0.0,0.03170938327155705,0.0,0.0,0000,0.03191924817350063,0.02126784322926251,25,25,1,Unanimous B/LB-directed,logo_BRCA1
NC_000017.11:43082433:G:C,BRCA1,0,0.023190086798261463,0.0,0.0010798347429549324,0.0,0.007805603226797074,0.0,0.02292074690158928,0.0,0.0,0000,0.013749067917400687,0.008150773898803896,25,25,1,Unanimous B/LB-directed,logo_BRCA1
NC_000017.11:43082547:T:C,BRCA1,0,0.022464131892066027,0.0,0.007970769339501624,0.0,0.04372708286172642,0.0,0.018601016488153342,0.0,0.0,0000,0.02319075014536185,0.014773191524302358,25,25,1,Unanimous B/LB-directed,logo_BRCA1
NC_000017.11:43090996:C:T,BRCA1,0,0.07461676686455522,0.0,1.500978099033158e-05,0.0,0.021295084298300057,0.0,0.015018232143740828,0.0,0.0,0000,0.02773627327189661,0.01811729571898327,25,25,1,Unanimous B/LB-directed,logo_BRCA1
NC_000017.11:43091484:G:A,BRCA1,0,0.013605757290252072,0.0,0.0004105466645895793,0.0,0.01287700696109246,0.0,0.03137645247174726,0.0,0.0,0000,0.014567440846920342,0.008704181425329882,25,25,1,Unanimous B/LB-directed,logo_BRCA1
NC_000017.11:43091491:T:C,BRCA1,0,0.0028801289946903653,0.0,1.8392312112498457e-05,0.0,0.001424934200986401,0.0,0.006008376590623389,0.0,0.0,0000,0.0025829580246031635,0.0012258368543696001,25,25,1,Unanimous B/LB-directed,logo_BRCA1
NC_000017.11:43091494:C:T,BRCA1,0,0.005794891901673861,0.0,0.002944956416271853,0.0,0.011131783421539386,0.0,0.008110746790646377,0.0,0.0,0000,0.006995594632532869,0.003786852734304738,25,25,1,Unanimous B/LB-directed,logo_BRCA1
NC_000017.11:43091707:T:C,BRCA1,0,0.1003044040143505,0.0,0.0007003275713830706,0.0,0.06535178575440108,0.0,0.02793173210129056,0.0,0.0,0000,0.0485720623603563,0.03438278307455051,25,25,1,Unanimous B/LB-directed,logo_BRCA1
NC_000017.11:43091782:C:T,BRCA1,0,0.026448134015443724,0.0,0.010196222098659653,0.0,0.02428064498364521,0.0,0.011545671526220092,0.0,0.0,0000,0.01811766815599217,0.01115368991648752,25,25,1,Unanimous B/LB-directed,logo_BRCA1
NC_000017.11:43091791:C:T,BRCA1,0,0.1034459081616892,0.0,0.0007808637154771698,0.0,0.010278794173220265,0.0,0.016817110777079838,0.0,0.0,0000,0.03283066920686662,0.021962851415754284,25,25,1,Unanimous B/LB-directed,logo_BRCA1
NC_000017.11:43091817:G:A,BRCA1,0,0.0036134947526320427,0.0,7.69379876416205e-05,0.0,0.01839460885452869,0.0,0.011330576918000167,0.0,0.0,0000,0.00835390462820063,0.004630568849028703,25,25,1,Unanimous B/LB-directed,logo_BRCA1
NC_000017.11:43091822:A:C,BRCA1,0,0.03294412575375666,0.0,0.00035823766290921875,0.0,0.04372708286172642,0.0,0.014169308211749708,0.0,0.0,0000,0.0227996886225355,0.014489714391732146,25,25,1,Unanimous B/LB-directed,logo_BRCA1
NC_000017.11:43091873:C:G,BRCA1,0,0.04420123266211626,0.0,0.053745901968854704,0.0,0.1737521849838063,0.0,0.018737421281468464,0.0,0.0,0000,0.07260918522406143,0.05456981191275999,25,25,1,Unanimous B/LB-directed,logo_BRCA1
NC_000017.11:43091890:C:T,BRCA1,0,0.0016231006895325857,0.0,0.010493584900126748,0.0,0.058495830420307496,0.0,0.010912941992025475,0.0,0.0,0000,0.020381364500498076,0.012752797433993383,25,25,1,Unanimous B/LB-directed,logo_BRCA1
NC_000017.11:43091922:C:T,BRCA1,0,0.048237970329008104,0.0,1.6835466141718528e-05,0.0,0.007805603226797074,0.0,0.030213374281039457,0.0,0.0,0000,0.021568445825746588,0.01360186572225461,25,25,1,Unanimous B/LB-directed,logo_BRCA1
NC_000017.11:43091930:C:A,BRCA1,0,0.0324506560944701,0.0,0.010108781547539003,0.0,0.0729716104244147,0.0,0.015443677224904577,0.0,0.0,0000,0.0327436813228321,0.021896391760689218,25,25,1,Unanimous B/LB-directed,logo_BRCA1
NC_000017.11:43091930:C:G,BRCA1,0,0.010293685869309392,0.0,0.00043711507804376754,0.0,0.04032086754629704,0.0,0.009373203411324431,0.0,0.0,0000,0.015106217976243657,0.009070935897613852,25,25,1,Unanimous B/LB-directed,logo_BRCA1
NC_000017.11:43091982:T:C,BRCA1,0,0.024286698844306513,0.0,1.2531834486803198e-05,0.0,4.924013664731803e-08,0.0,0.010889676392347754,0.0,0.0,0000,0.00879723907781943,0.0049101974861186235,24,25,1,Unanimous B/LB-directed,logo_BRCA1
NC_000017.11:43091989:C:T,BRCA1,0,0.07868164086036397,0.0,0.00010595537109998342,0.0,0.015585831641080851,0.0,0.014292679811502118,0.0,0.0,0000,0.027166526921011732,0.017693397821359584,25,25,1,Unanimous B/LB-directed,logo_BRCA1
NC_000017.11:43092067:C:G,BRCA1,0,0.02063964350679704,0.0,0.04196019005224968,0.0,0.033697586677094486,0.0,0.00891423379261303,0.0,0.0,0000,0.02630291350718856,0.017053371039828652,25,25,1,Unanimous B/LB-directed,logo_BRCA1
NC_000017.11:43092082:G:A,BRCA1,0,0.18746847850782475,0.0,0.049797363204899595,0.0,0.32385656412722813,0.0,0.46776438490450956,0.0,0.0,0000,0.25722169768611547,0.23637735047855563,25,25,1,Unanimous B/LB-directed,logo_BRCA1
NC_000017.11:43092112:T:C,BRCA1,0,0.012017031997637886,0.0,4.088604698863589e-05,0.0,0.0033299276407628355,0.0,0.006374175148514333,0.0,0.0,0000,0.005440505208475922,0.0028482888041332826,25,25,1,Unanimous B/LB-directed,logo_BRCA1
NC_000017.11:43092114:C:A,BRCA1,0,0.017024605658918536,0.0,0.0036261570824833336,0.0,0.036976822511462816,0.0,0.01382529943013141,0.0,0.0,0000,0.017863221170749025,0.010975670043076521,25,25,1,Unanimous B/LB-directed,logo_BRCA1
NC_000017.11:43092203:T:G,BRCA1,0,0.06655773785459285,0.0,0.08830808325340465,0.0,0.12670144796314411,0.0,0.049699856741400705,0.0,0.0,0000,0.08281678145313558,0.06350233104200964,25,25,1,Unanimous B/LB-directed,logo_BRCA1
NC_000017.11:43092228:C:T,BRCA1,0,0.014884727832608458,0.0,0.002746998783572682,0.0,0.06285521898965855,0.0,0.02600056019670911,0.0,0.0,0000,0.0266218764506372,0.017289399336377614,25,25,1,Unanimous B/LB-directed,logo_BRCA1
NC_000017.11:43092234:G:A,BRCA1,0,0.016794473100907113,0.0,0.010906172877678776,0.0,0.01839460885452869,0.0,0.014801979813691676,0.0,0.0,0000,0.015224308661701564,0.009151571888340022,25,25,1,Unanimous B/LB-directed,logo_BRCA1
NC_000017.11:43092390:A:G,BRCA1,0,0.009581565046148412,0.0,0.03118129163786865,0.0,0.08876432358800958,0.0,0.11302605439912641,0.0,0.0,0000,0.060638308667788264,0.044355019738877496,25,25,1,Unanimous B/LB-directed,logo_BRCA1
NC_000017.11:43092411:C:T,BRCA1,0,0.007045304047631527,0.0,0.00018010355943082342,0.0,0.010278794173220265,0.0,0.006885444469745849,0.0,0.0,0000,0.006097411562507116,0.003240853343770466,24,25,1,Unanimous B/LB-directed,logo_BRCA1
NC_000017.11:43092417:T:C,BRCA1,0,0.009471971382108682,0.0,0.00016802692942911095,0.0,0.036976822511462816,0.0,0.015496353162773051,0.0,0.0,0000,0.015528293496443414,0.00935954832382598,24,25,1,Unanimous B/LB-directed,logo_BRCA1
NC_000017.11:43092447:C:T,BRCA1,0,0.022412513862104737,0.0,3.621431528478307e-05,0.0,0.001424934200986401,0.0,0.010196844428482172,0.0,0.0,0000,0.008517626701714524,0.004733603516082991,25,25,1,Unanimous B/LB-directed,logo_BRCA1
NC_000017.11:43092506:C:T,BRCA1,0,0.046162033438136615,0.0,3.2500489961927256e-05,0.0,0.0033299276407628355,0.0,0.008052081914540772,0.0,0.0,0000,0.014394135870850538,0.008586613085405112,25,25,1,Unanimous B/LB-directed,logo_BRCA1
NC_000017.11:43092508:T:C,BRCA1,0,0.05192819595731483,0.0,2.503725385914375e-05,0.0,0.005478230966360982,0.0,0.02937479944225671,0.0,0.0,0000,0.021701565904947914,0.013697510960587671,25,25,1,Unanimous B/LB-directed,logo_BRCA1
NC_000017.11:43092595:G:A,BRCA1,0,0.027257514571054974,0.0,0.0022744161019185773,0.0,0.007805603226797074,0.0,0.010946279279874304,0.0,0.0,0000,0.012070953294911233,0.007030672739345413,25,25,1,Unanimous B/LB-directed,logo_BRCA1
NC_000017.11:43092651:C:T,BRCA1,0,0.05202871875782705,0.0,0.04147411943267984,0.0,0.18164474593823446,0.0,0.14206621296959848,0.0,0.0,0000,0.10430344927458496,0.08288917119994364,25,25,1,Unanimous B/LB-directed,logo_BRCA1
NC_000017.11:43092757:T:G,BRCA1,0,0.05387260686893475,0.0,0.00021315933438476734,0.0,0.010278794173220265,0.0,0.006954077813622788,0.0,0.0,0000,0.017829659547540642,0.010952216145923985,25,25,1,Unanimous B/LB-directed,logo_BRCA1
NC_000017.11:43092855:A:G,BRCA1,0,0.04530225080686392,0.0,0.10050879756818597,0.0,0.08608320222373221,0.0,0.08577125065628324,0.0,0.0,0000,0.07941637531376633,0.06050535173212173,25,25,1,Unanimous B/LB-directed,logo_BRCA1
NC_000017.11:43092861:C:A,BRCA1,0,0.04645994180634185,0.0,0.000353254644536852,0.0,0.005478230966360982,0.0,0.030627469293929878,0.0,0.0,0000,0.02072972417779239,0.013001240433701211,25,25,1,Unanimous B/LB-directed,logo_BRCA1
NC_000017.11:43092918:G:A,BRCA1,0,0.008542147224074743,0.0,1.6667692133638285e-06,0.0,4.924013664731803e-08,0.0,0.00880819403656577,0.0,0.0,0000,0.004338014317497631,0.00220407787072928,24,25,1,Unanimous B/LB-directed,logo_BRCA1
NC_000017.11:43092933:C:T,BRCA1,0,0.5799171601492767,0.0,0.5490669366595923,0.0,0.4196220293332419,0.0,0.1476863024577018,0.0,0.0,0000,0.42407310714995317,0.420555698996145,25,25,1,Unanimous B/LB-directed,logo_BRCA1
NC_000017.11:43092934:G:A,BRCA1,0,0.8056543451241129,1.0,0.4688789774377906,0.0,0.5874201483549722,1.0,0.7260628833657868,1.0,3.0,1011,0.6470040885706657,0.6703279478309586,25,25,1,Mixed votes,logo_BRCA1
NC_000017.11:43092946:T:C,BRCA1,0,0.026671734132947086,0.0,0.022313468111601013,0.0,0.1311024358735728,0.0,0.07984079519273017,0.0,0.0,0000,0.06498210832771277,0.04802698916358485,25,25,1,Unanimous B/LB-directed,logo_BRCA1
NC_000017.11:43092964:A:G,BRCA1,0,0.00041222596908769936,0.0,4.300170714699415e-05,0.0,0.050716799147289215,0.0,0.013678656282410294,0.0,0.0,0000,0.01621267077648355,0.009829878066928411,25,25,1,Unanimous B/LB-directed,logo_BRCA1
NC_000017.11:43093008:C:T,BRCA1,0,0.0337404894969644,0.0,1.7401661451320902e-05,0.0,0.001424934200986401,0.0,0.009652590325503101,0.0,0.0,0000,0.011208853921226305,0.00646347516536165,25,25,1,Unanimous B/LB-directed,logo_BRCA1
NC_000017.11:43093009:G:A,BRCA1,0,0.0035703860986528195,0.0,3.631832683644735e-05,0.0,0.0033299276407628355,0.0,0.008425505094153709,0.0,0.0,0000,0.003840534290101453,0.0019202173606197711,25,25,1,Unanimous B/LB-directed,logo_BRCA1
NC_000017.11:43093053:G:T,BRCA1,0,0.057746641072271405,0.0,0.015672210652692045,0.0,0.036976822511462816,0.0,0.011550066017614883,0.0,0.0,0000,0.030486435063510287,0.020181283768088542,25,25,1,Unanimous B/LB-directed,logo_BRCA1
NC_000017.11:43093072:T:C,BRCA1,0,0.007808195624751042,0.0,3.3974183779609923e-06,0.0,4.924013664731803e-08,0.0,0.006477738174918919,0.0,0.0,0000,0.0035723451145461423,0.0017691776996004004,25,25,1,Unanimous B/LB-directed,logo_BRCA1
NC_000017.11:43093102:T:A,BRCA1,0,0.05403443664130662,0.0,0.04412819699516012,0.0,0.04372708286172642,0.0,0.048279376293597465,0.0,0.0,0000,0.047542273197947654,0.03354846741485917,25,25,1,Unanimous B/LB-directed,logo_BRCA1
NC_000017.11:43093118:C:G,BRCA1,0,0.013719335393659956,0.0,0.001788202525120465,0.0,0.036976822511462816,0.0,0.010951714142562335,0.0,0.0,0000,0.015859018643201394,0.00958647557318399,25,25,1,Unanimous B/LB-directed,logo_BRCA1
NC_000017.11:43093179:G:A,BRCA1,0,0.014390411726155725,0.0,0.004395087499474809,0.0,0.07692637888330707,0.0,0.01588518619204371,0.0,0.0,0000,0.02789926607524533,0.018238802993442285,25,25,1,Unanimous B/LB-directed,logo_BRCA1
NC_000017.11:43093215:A:G,BRCA1,0,0.05195855022803355,0.0,0.044646876924787825,0.0,0.047693006038810826,0.0,0.01919961829393478,0.0,0.0,0000,0.04087451287139175,0.028216754955295763,25,25,1,Unanimous B/LB-directed,logo_BRCA1
NC_000017.11:43093363:T:C,BRCA1,0,0.006136029053436659,0.0,0.00033877312695319714,0.0,0.010278794173220265,0.0,0.006893376923463475,0.0,0.0,0000,0.0059117433192684,0.0031292906701285645,25,25,1,Unanimous B/LB-directed,logo_BRCA1
NC_000017.11:43093453:C:T,BRCA1,0,0.01414239929755704,0.0,1.481854694137113e-05,0.0,4.924013664731803e-08,0.0,0.0060932776392947155,0.0,0.0,0000,0.005062636180982443,0.002625310525072834,24,25,1,Unanimous B/LB-directed,logo_BRCA1
NC_000017.11:43093528:G:A,BRCA1,0,0.004606730058796076,0.0,0.0026597761628587777,0.0,0.006236133213711509,0.0,0.011412574251567014,0.0,0.0,0000,0.006228803421733344,0.003320081916572641,25,25,1,Unanimous B/LB-directed,logo_BRCA1
NC_000017.11:43093665:G:A,BRCA1,0,0.022977071105649467,0.0,0.03576140334355249,0.0,0.010278794173220265,0.0,0.020079865401596755,0.0,0.0,0000,0.022274283506004744,0.014109969051919087,25,25,1,Unanimous B/LB-directed,logo_BRCA1
NC_000017.11:43093741:C:T,BRCA1,0,0.10223767435696426,0.0,0.06752516657799384,0.0,0.11985687471227585,0.0,0.05026799845685154,0.0,0.0,0000,0.08497192852602138,0.06541240916749916,25,25,1,Unanimous B/LB-directed,logo_BRCA1
NC_000017.11:43093827:G:A,BRCA1,0,0.015378437326687895,0.0,0.0020348040572802798,0.0,0.0033299276407628355,0.0,0.012569909592388016,0.0,0.0,0000,0.008328269654279756,0.004614460978244241,25,25,1,Unanimous B/LB-directed,logo_BRCA1
NC_000017.11:43093875:C:A,BRCA1,0,0.3953091078751305,0.0,0.49988968074499507,0.0,0.18641740023017755,0.0,0.24831932122581588,0.0,0.0,0000,0.33248387751902975,0.318201415950726,25,25,1,Unanimous B/LB-directed,logo_BRCA1
NC_000017.11:43093882:T:G,BRCA1,0,0.02265809402681197,0.0,0.001223886882437024,0.0,0.015585831641080851,0.0,0.009362403089480713,0.0,0.0,0000,0.012207553909952639,0.007121075975762972,25,25,1,Unanimous B/LB-directed,logo_BRCA1
NC_000017.11:43093914:G:A,BRCA1,0,0.0578019352628309,0.0,7.093520923881322e-05,0.0,0.007805603226797074,0.0,0.016019257946378453,0.0,0.0,0000,0.02042443291131131,0.012783479908869152,25,25,1,Unanimous B/LB-directed,logo_BRCA1
NC_000017.11:43093996:G:A,BRCA1,0,0.24548498474684688,0.0,0.15522207989025594,0.0,0.3585695991699879,0.0,0.1077126515426754,0.0,0.0,0000,0.21674732883744152,0.1937270121625138,25,25,1,Unanimous B/LB-directed,logo_BRCA1
NC_000017.11:43094043:C:T,BRCA1,0,0.13242800811961433,0.0,8.504517523612831e-05,0.0,0.0729716104244147,0.0,0.08310833231161101,0.0,0.0,0000,0.07214824900771905,0.054171092896989174,25,25,1,Unanimous B/LB-directed,logo_BRCA1
NC_000017.11:43094044:G:A,BRCA1,0,0.012115272736557228,0.0,0.0011286112815109804,0.0,0.03048613390710475,0.0,0.016708294685521166,0.0,0.0,0000,0.015109578152673532,0.009073229101316981,25,25,1,Unanimous B/LB-directed,logo_BRCA1
NC_000017.11:43094074:A:G,BRCA1,0,0.03226225833084687,0.0,9.139563889172392e-05,0.0,0.06535178575440108,0.0,0.05819691543823191,0.0,0.0,0000,0.038975588790592895,0.026721873783425748,25,25,1,Unanimous B/LB-directed,logo_BRCA1
NC_000017.11:43094103:T:C,BRCA1,0,0.00735856720735458,0.0,0.0006832700604157816,0.0,0.036976822511462816,0.0,0.009104349480240657,0.0,0.0,0000,0.01353075231486846,0.008003913191091543,25,25,1,Unanimous B/LB-directed,logo_BRCA1
NC_000017.11:43094137:A:C,BRCA1,0,0.9989683329510652,1.0,0.993820963155199,1.0,0.9967918540909031,1.0,0.9904276637471426,1.0,4.0,1111,0.9950022034860774,0.9975398261571374,25,25,1,Unanimous LP/P-directed,logo_BRCA1
NC_000017.11:43094147:A:T,BRCA1,0,0.9843302714368949,1.0,0.9527603993785587,1.0,0.8858296709719955,1.0,0.9672762675362934,1.0,4.0,1111,0.9475491523309356,0.9642331123252699,25,25,1,Unanimous LP/P-directed,logo_BRCA1
NC_000017.11:43094297:A:C,BRCA1,0,0.013254592528225457,0.0,9.600681461297662e-05,0.0,0.010278794173220265,0.0,0.014174321646376714,0.0,0.0,0000,0.009450928790608853,0.005326026654549781,25,25,1,Unanimous B/LB-directed,logo_BRCA1
NC_000017.11:43094393:A:C,BRCA1,0,0.0002555622566072128,0.0,0.00042672760367425084,0.0,0.08355390419667053,0.0,0.022316644090175426,0.0,0.0,0000,0.02663820953678185,0.017301496886474782,25,25,1,Unanimous B/LB-directed,logo_BRCA1
NC_000017.11:43094463:T:C,BRCA1,0,0.002516192119337347,0.0,2.055909045505034e-05,0.0,0.007805603226797074,0.0,0.023073100505698232,0.0,0.0,0000,0.008353863735571926,0.004630543148532465,24,25,1,Unanimous B/LB-directed,logo_BRCA1
NC_000017.11:43094494:G:A,BRCA1,0,0.04445947077402023,0.0,0.0008669372135507405,0.0,0.15361071350965283,0.0,0.12279966494185257,0.0,0.0,0000,0.0804341966097691,0.06140023741814589,25,25,1,Unanimous B/LB-directed,logo_BRCA1
NC_000017.11:43094529:G:A,BRCA1,0,0.03828251791599114,0.0,0.0052681533378884475,0.0,0.02428064498364521,0.0,0.00906454309040124,0.0,0.0,0000,0.019223964831981508,0.011931810790968595,25,25,1,Unanimous B/LB-directed,logo_BRCA1
NC_000017.11:43094584:T:C,BRCA1,0,0.10448149663964403,0.0,0.03577831795944935,0.0,0.12233559704307312,0.0,0.04698450158057934,0.0,0.0,0000,0.07739497830568645,0.05873372249611665,25,25,1,Unanimous B/LB-directed,logo_BRCA1
NC_000017.11:43094707:C:T,BRCA1,0,0.0026219578173930884,0.0,0.0015522406001834926,0.0,0.0729716104244147,0.0,0.01083607795328938,0.0,0.0,0000,0.021995471698820167,0.01390898012130776,25,25,1,Unanimous B/LB-directed,logo_BRCA1
NC_000017.11:43094719:C:T,BRCA1,0,0.007495828477616525,0.0,0.003471001949340552,0.0,0.05369586034887618,0.0,0.10459908761992291,0.0,0.0,0000,0.042315444598939045,0.02935827195414981,25,25,1,Unanimous B/LB-directed,logo_BRCA1
NC_000017.11:43094794:A:C,BRCA1,0,0.04632098013184959,0.0,0.0032171003272728604,0.0,0.04032086754629704,0.0,0.024943901804003566,0.0,0.0,0000,0.028700712452355764,0.01883778592500645,25,25,1,Unanimous B/LB-directed,logo_BRCA1
NC_000017.11:43094814:T:C,BRCA1,0,0.008567668640274223,0.0,0.00026381755726523565,0.0,0.007805603226797074,0.0,0.008855504789892376,0.0,0.0,0000,0.0063731485535572265,0.0034073823339836828,25,25,1,Unanimous B/LB-directed,logo_BRCA1
NC_000017.11:43095874:T:C,BRCA1,0,0.04281281625707434,0.0,0.0315980581445117,0.0,0.05429622404737885,0.0,0.03678769518316488,0.0,0.0,0000,0.04137369840803244,0.02861152240354688,25,25,1,Unanimous B/LB-directed,logo_BRCA1
NC_000017.11:43097265:C:T,BRCA1,0,0.012526926250203829,0.0,0.000564785258380734,0.0,0.005478230966360982,0.0,0.026728846428958362,0.0,0.0,0000,0.011324697225975976,0.0065393486778595735,25,25,1,Unanimous B/LB-directed,logo_BRCA1
NC_000017.11:43097279:G:T,BRCA1,0,0.0011256576546999004,0.0,0.0036969036289845377,0.0,0.10523816509982963,0.0,0.02556240804250251,0.0,0.0,0000,0.03390578360650415,0.02278642333777737,25,25,1,Unanimous B/LB-directed,logo_BRCA1
NC_000017.11:43099785:T:C,BRCA1,0,0.10961669196257344,0.0,0.10147740987199955,0.0,0.25818632111579093,0.0,0.10516680725270132,0.0,0.0,0000,0.1436118075507663,0.12006935984449868,25,25,1,Unanimous B/LB-directed,logo_BRCA1
NC_000017.11:43099813:G:A,BRCA1,0,0.01781804303922773,0.0,0.00310670796196641,0.0,0.027345851394958428,0.0,0.047829961791875396,0.0,0.0,0000,0.02402514104700699,0.015380358992552533,25,25,1,Unanimous B/LB-directed,logo_BRCA1
NC_000017.11:43104135:C:T,BRCA1,0,0.012253493494290774,0.0,0.018418135942646945,0.0,0.0193516002477108,0.0,0.020948236448327856,0.0,0.0,0000,0.017742866533244094,0.010891591817806138,25,25,1,Unanimous B/LB-directed,logo_BRCA1
NC_000017.11:43104137:G:T,BRCA1,0,0.014242126271521627,0.0,0.02595096944744681,0.0,0.005478230966360982,0.0,0.008853244542561138,0.0,0.0,0000,0.01363114280697264,0.008071404746683922,25,25,1,Unanimous B/LB-directed,logo_BRCA1
NC_000017.11:43104166:G:T,BRCA1,0,0.1758046344837358,0.0,0.25726323548418345,0.0,0.24059206000799283,0.0,0.059858052579372434,0.0,0.0,0000,0.1833794956388211,0.15950195981388304,25,25,1,Unanimous B/LB-directed,logo_BRCA1
NC_000017.11:43104248:T:C,BRCA1,0,0.030638786808632818,0.0,0.030360772722724826,0.0,0.04487588807758352,0.0,0.02916848203764462,0.0,0.0,0000,0.03376098241164645,0.02267526847264773,25,25,1,Unanimous B/LB-directed,logo_BRCA1
NC_000017.11:43106468:C:A,BRCA1,0,0.13221106897403503,0.0,0.7525739259490384,1.0,0.20089615452715953,0.0,0.08186034375627714,0.0,1.0,0100,0.2918853733016275,0.27371564133953036,25,25,1,Mixed votes,logo_BRCA1
NC_000017.11:43115726:T:G,BRCA1,0,0.03640113242182462,0.0,0.16966188104216065,0.0,0.15361071350965283,0.0,0.08744896128270192,0.0,0.0,0000,0.111780672064085,0.08980259861645885,25,25,1,Unanimous B/LB-directed,logo_BRCA1
NC_000017.11:43045703:G:A,BRCA1,0,0.020004918929638592,0.0,0.024577443051326076,0.0,0.005478230966360982,0.0,0.011745342658496855,0.0,0.0,0000,0.015451483901455627,0.009306942816244805,25,25,1,Unanimous B/LB-directed,logo_BRCA1
NC_000017.11:43045724:C:T,BRCA1,0,0.020295617868679724,0.0,0.1918877920014421,0.0,0.049512396471901435,0.0,0.030681545997363485,0.0,0.0,0000,0.0730943380848467,0.054989925751560025,24,25,1,Unanimous B/LB-directed,logo_BRCA1
NC_000017.11:43045726:T:C,BRCA1,0,0.00884518632883588,0.0,0.08423325855484506,0.0,0.06913766422863432,0.0,0.019587305044727523,0.0,0.0,0000,0.0454508535392607,0.031862768130368826,24,25,1,Unanimous B/LB-directed,logo_BRCA1
NC_000017.11:43045729:C:G,BRCA1,0,0.03042825771917496,0.0,0.15212223624421087,0.0,0.11563964342438252,0.0,0.03802207962280002,0.0,0.0,0000,0.08405305425264209,0.06459702952439805,24,25,1,Unanimous B/LB-directed,logo_BRCA1
NC_000017.11:43045732:T:C,BRCA1,0,0.0033427794576267127,0.0,0.00454425690420168,0.0,4.924013664731803e-08,0.0,0.008255600774062977,0.0,0.0,0000,0.004035671594007004,0.0020310095482044045,25,25,1,Unanimous B/LB-directed,logo_BRCA1
NC_000017.11:43045738:A:C,BRCA1,0,0.23759703715617775,0.0,0.602647688615874,0.0,0.3482387428066218,0.0,0.23594203181852383,0.0,0.0,0000,0.3561063750992994,0.34438427342562405,25,25,1,Unanimous B/LB-directed,logo_BRCA1
NC_000017.11:43045777:G:A,BRCA1,0,0.027406619906261837,0.0,0.10066573139286125,0.0,0.033697586677094486,0.0,0.014855584519719764,0.0,0.0,0000,0.04415638062398434,0.030825413878063763,24,25,1,Unanimous B/LB-directed,logo_BRCA1
NC_000017.11:43045791:C:G,BRCA1,0,0.08124156499229901,0.0,0.25384208491344395,0.0,0.05296636146645634,0.0,0.04016653656141604,0.0,0.0,0000,0.10705413698340384,0.08542303387233784,23,25,1,Unanimous B/LB-directed,logo_BRCA1
NC_000017.11:43045791:C:T,BRCA1,0,,,,,,,,,,,,,2,25,0,,logo_BRCA1
NC_000017.11:43045793:G:C,BRCA1,0,0.11977211031227347,0.0,0.22596733811942774,0.0,0.08066537340789502,0.0,0.020554518695359625,0.0,0.0,0000,0.11173983513373897,0.08976462329796032,23,25,1,Unanimous B/LB-directed,logo_BRCA1
NC_000017.11:43045794:C:A,BRCA1,0,,,,,,,,,,,,,2,25,0,,logo_BRCA1
NC_000017.11:43045794:C:T,BRCA1,0,,,,,,,,,,,,,2,25,0,,logo_BRCA1
NC_000017.11:43045797:A:G,BRCA1,0,,,,,,,,,,,,,2,25,0,,logo_BRCA1
NC_000017.11:43045797:A:T,BRCA1,0,,,,,,,,,,,,,2,25,0,,logo_BRCA1
NC_000017.11:43045798:A:T,BRCA1,0,0.9032381006134051,1.0,0.9660879371632903,1.0,0.6201150944179544,1.0,0.5872693607259899,1.0,4.0,1111,0.76917762323016,0.7997795589193729,23,25,1,Unanimous LP/P-directed,logo_BRCA1
NC_000017.11:43045800:T:G,BRCA1,0,,,,,,,,,,,,,2,25,0,,logo_BRCA1
NC_000017.11:43047643:A:G,BRCA1,0,,,,,,,,,,,,,2,25,0,,logo_BRCA1
NC_000017.11:43047646:G:A,BRCA1,0,,,,,,,,,,,,,2,25,0,,logo_BRCA1
NC_000017.11:43047649:G:A,BRCA1,0,,,,,,,,,,,,,2,25,0,,logo_BRCA1
NC_000017.11:43047649:G:C,BRCA1,0,,,,,,,,,,,,,2,25,0,,logo_BRCA1
NC_000017.11:43047652:A:G,BRCA1,0,,,,,,,,,,,,,2,25,0,,logo_BRCA1
NC_000017.11:43047658:C:T,BRCA1,0,,,,,,,,,,,,,2,25,0,,logo_BRCA1
NC_000017.11:43047661:T:C,BRCA1,0,,,,,,,,,,,,,2,25,0,,logo_BRCA1
NC_000017.11:43047662:G:C,BRCA1,0,0.2933280160684373,0.0,0.5429196291533889,0.0,0.1701113924134517,0.0,0.03730981696487328,0.0,0.0,0000,0.2609172136500378,0.24032533781909501,23,25,1,Unanimous B/LB-directed,logo_BRCA1
NC_000017.11:43047663:T:C,BRCA1,0,0.04379093381985034,0.0,0.19143349534891954,0.0,0.06535178575440108,0.0,0.032511728244193405,0.0,0.0,0000,0.08327198579184109,0.06390509416446169,23,25,1,Unanimous B/LB-directed,logo_BRCA1
NC_000017.11:43047670:A:G,BRCA1,0,,,,,,,,,,,,,2,25,0,,logo_BRCA1
NC_000017.11:43047679:C:G,BRCA1,0,,,,,,,,,,,,,2,25,0,,logo_BRCA1
NC_000017.11:43047679:C:T,BRCA1,0,,,,,,,,,,,,,2,25,0,,logo_BRCA1
NC_000017.11:43047682:A:T,BRCA1,0,,,,,,,,,,,,,2,25,0,,logo_BRCA1
NC_000017.11:43047685:C:G,BRCA1,0,,,,,,,,,,,,,2,25,0,,logo_BRCA1
NC_000017.11:43047691:T:G,BRCA1,0,,,,,,,,,,,,,2,25,0,,logo_BRCA1
NC_000017.11:43047694:G:A,BRCA1,0,,,,,,,,,,,,,2,25,0,,logo_BRCA1
NC_000017.11:43047697:G:A,BRCA1,0,,,,,,,,,,,,,2,25,0,,logo_BRCA1
NC_000017.11:43047700:A:G,BRCA1,0,,,,,,,,,,,,,2,25,0,,logo_BRCA1
NC_000017.11:43049142:A:C,BRCA1,0,0.2807618240496661,0.0,0.7650361524161935,1.0,0.10028450068084656,0.0,0.03996369856697459,0.0,1.0,0100,0.2965115439284202,0.2787470917928787,24,25,1,Mixed votes,logo_BRCA1
NC_000017.11:43049179:T:A,BRCA1,0,0.13428589579184128,0.0,0.493220582975025,0.0,0.1904434071875469,0.0,0.09718148259647898,0.0,0.0,0000,0.22878284213772304,0.20628994939106562,25,25,1,Unanimous B/LB-directed,logo_BRCA1
NC_000017.11:43049189:T:G,BRCA1,0,0.03888837545698222,0.0,0.07590060725243672,0.0,0.10523816509982963,0.0,0.034116749798492996,0.0,0.0,0000,0.0635359744019354,0.04679999285132205,24,25,1,Unanimous B/LB-directed,logo_BRCA1
NC_000017.11:43051082:G:C,BRCA1,0,0.9290553063853314,1.0,0.8837264899972367,1.0,0.7760344061979767,1.0,0.6493088807574641,1.0,4.0,1111,0.8095312708345022,0.8402033254852069,25,25,1,Unanimous LP/P-directed,logo_BRCA1
NC_000017.11:43057059:C:A,BRCA1,0,0.395665942410764,0.0,0.7210332462334699,1.0,0.10729166510120128,0.0,0.07590262260801196,0.0,1.0,0100,0.3249733690883618,0.3099190945002691,24,25,1,Mixed votes,logo_BRCA1
NC_000017.11:43057083:G:T,BRCA1,0,0.983158367197919,1.0,0.9882396865139029,1.0,0.7954714548996538,1.0,0.7978540568650745,1.0,4.0,1111,0.8911808913691375,0.9168759198879631,24,25,1,Unanimous LP/P-directed,logo_BRCA1
NC_000017.11:43057134:G:C,BRCA1,0,0.5060483818186577,0.0,0.8246097729491827,1.0,0.32919794199911007,0.0,0.2382704712821048,0.0,1.0,0100,0.47453164201226383,0.47753348635574544,25,25,1,Mixed votes,logo_BRCA1
NC_000017.11:43063335:A:C,BRCA1,0,0.027031345931668144,0.0,0.18150904492557032,0.0,0.07154204222870496,0.0,0.01837796819303521,0.0,0.0,0000,0.07461510031974466,0.05630976229059821,24,25,1,Unanimous B/LB-directed,logo_BRCA1
NC_000017.11:43063357:A:G,BRCA1,0,0.20193716240143872,0.0,0.6371085623589445,0.0,0.29712620942067536,0.0,0.25767615910199637,0.0,0.0,0000,0.3484620233207638,0.3358906883401601,24,25,1,Unanimous B/LB-directed,logo_BRCA1
NC_000017.11:43063892:T:G,BRCA1,0,0.43640106767286296,0.0,0.937032467141168,1.0,0.3111164738291906,0.0,0.09605336533633797,0.0,1.0,0100,0.44515084349488987,0.44433610752094277,24,25,1,Mixed votes,logo_BRCA1
NC_000017.11:43067622:C:T,BRCA1,0,0.03576251421614271,0.0,0.15617706653176514,0.0,0.14411822976826644,0.0,0.08125381087366285,0.0,0.0,0000,0.10432790534745928,0.08291165033233584,24,25,1,Unanimous B/LB-directed,logo_BRCA1
NC_000017.11:43067631:T:C,BRCA1,0,0.5930552329662335,0.0,0.5908631923505925,0.0,0.5555504666499342,1.0,0.3419565183223031,0.0,1.0,0010,0.5203563525722659,0.5292859612923991,24,25,1,Mixed votes,logo_BRCA1
NC_000017.11:43067637:C:T,BRCA1,0,0.7285677880371453,1.0,0.8111285627045156,1.0,0.6005358549087892,1.0,0.8469521564981027,1.0,4.0,1111,0.7467960905371382,0.7767835538090448,25,25,1,Unanimous LP/P-directed,logo_BRCA1
NC_000017.11:43067651:G:T,BRCA1,0,0.010215593579120184,0.0,0.13425333281531973,0.0,0.11371218214868001,0.0,0.0333081682898125,0.0,0.0,0000,0.0728723192082331,0.05479761371720521,24,25,1,Unanimous B/LB-directed,logo_BRCA1
NC_000017.11:43067657:G:A,BRCA1,0,0.004585944254030761,0.0,0.005203125920794562,0.0,0.05190383940893019,0.0,0.008489436596233118,0.0,0.0,0000,0.017545586544997157,0.010753951059322525,25,25,1,Unanimous B/LB-directed,logo_BRCA1
NC_000017.11:43067661:T:C,BRCA1,0,0.03616171691259371,0.0,0.00042412610343810605,0.0,0.005478230966360982,0.0,0.0113505505872852,0.0,0.0,0000,0.013353656142419502,0.007885024822693605,25,25,1,Unanimous B/LB-directed,logo_BRCA1
NC_000017.11:43067664:G:A,BRCA1,0,0.007121677035863515,0.0,0.06941491096029369,0.0,0.050716799147289215,0.0,0.017357085960191802,0.0,0.0,0000,0.03615261827590956,0.024520231281613774,24,25,1,Unanimous B/LB-directed,logo_BRCA1
NC_000017.11:43067664:G:C,BRCA1,0,0.11148086212872092,0.0,0.36505735332697775,0.0,0.2586247912102806,0.0,0.05858076779901066,0.0,0.0,0000,0.1984359436162475,0.17482904320889603,24,25,1,Unanimous B/LB-directed,logo_BRCA1
NC_000017.11:43067679:A:C,BRCA1,0,0.7935961164384907,1.0,0.7746142748852501,1.0,0.5928908294876422,1.0,0.47743429569212037,1.0,4.0,1111,0.6596338791258758,0.6840966644379568,24,25,1,Unanimous LP/P-directed,logo_BRCA1
NC_000017.11:43067681:T:G,BRCA1,0,0.30284063559188357,0.0,0.6205861612789049,0.0,0.42647626617392936,0.0,0.3526741884024626,0.0,0.0,0000,0.4256443128617951,0.42232671529397753,24,25,1,Unanimous B/LB-directed,logo_BRCA1
NC_000017.11:43067685:A:T,BRCA1,0,0.13964768471511965,0.0,0.19897676691683125,0.0,0.15126591971740322,0.0,0.031190014734976994,0.0,0.0,0000,0.13027009652108276,0.10722777105434408,24,25,1,Unanimous B/LB-directed,logo_BRCA1
NC_000017.11:43067687:A:C,BRCA1,0,0.5090672419698924,0.0,0.5815110950075173,0.0,0.5928908294876422,1.0,0.39741222287969835,0.0,1.0,0010,0.5202203473361876,0.5291326017496599,25,25,1,Mixed votes,logo_BRCA1
NC_000017.11:43067690:A:G,BRCA1,0,0.03128838945772516,0.0,0.1866022411512932,0.0,0.12538655142336325,0.0,0.0719541589340799,0.0,0.0,0000,0.10380783524161538,0.0824338124214902,25,25,1,Unanimous B/LB-directed,logo_BRCA1
NC_000017.11:43067691:G:A,BRCA1,0,0.08054722444050484,0.0,0.46310527348972885,0.0,0.09011198746621049,0.0,0.02553762288783253,0.0,0.0,0000,0.1648255270710692,0.14090292551898834,24,25,1,Unanimous B/LB-directed,logo_BRCA1
NC_000017.11:43070928:A:G,BRCA1,0,0.03209795784367962,0.0,0.02454228260904065,0.0,0.00861500007045001,0.0,0.012915330625175633,0.0,0.0,0000,0.01954264278708648,0.01215716828112618,25,25,1,Unanimous B/LB-directed,logo_BRCA1
NC_000017.11:43070955:A:G,BRCA1,0,0.8685610892184252,1.0,0.9358965234739988,1.0,0.8097809137302977,1.0,0.9435961634359031,1.0,4.0,1111,0.8894586724646563,0.9153448637823614,24,25,1,Unanimous LP/P-directed,logo_BRCA1
NC_000017.11:43070970:T:C,BRCA1,0,0.07234079348474982,0.0,0.001028780481496876,0.0,0.027345851394958428,0.0,0.008202207963175407,0.0,0.0,0000,0.027229408331095134,0.017740118213480364,24,25,1,Unanimous B/LB-directed,logo_BRCA1
NC_000017.11:43070970:T:G,BRCA1,0,0.05091689770070938,0.0,0.12790568942243705,0.0,0.10244778150043518,0.0,0.04999699653458253,0.0,0.0,0000,0.08281684128954103,0.06350238396101125,24,25,1,Unanimous B/LB-directed,logo_BRCA1
NC_000017.11:43070976:A:T,BRCA1,0,0.06535161193293516,0.0,0.024963634693882075,0.0,0.07041036816854027,0.0,0.010825222867791069,0.0,0.0,0000,0.042887709415787144,0.029813303063205968,24,25,1,Unanimous B/LB-directed,logo_BRCA1
NC_000017.11:43070983:C:G,BRCA1,0,0.0773865090181819,0.0,0.07923872417280906,0.0,0.05429622404737885,0.0,0.02275824090697144,0.0,0.0,0000,0.05841992453633532,0.04249579156567984,24,25,1,Unanimous B/LB-directed,logo_BRCA1
NC_000017.11:43070986:T:A,BRCA1,0,0.11782372863278712,0.0,0.021080192898628797,0.0,0.07815618030221128,0.0,0.019060087738520456,0.0,0.0,0000,0.05903004739303691,0.0430060275766457,24,25,1,Unanimous B/LB-directed,logo_BRCA1
NC_000017.11:43070988:G:A,BRCA1,0,0.08950955608978718,0.0,0.3087327022616748,0.0,0.08156949153396971,0.0,0.01431527804959785,0.0,0.0,0000,0.12353175698375739,0.10082520320191404,24,25,1,Unanimous B/LB-directed,logo_BRCA1
NC_000017.11:43070992:C:A,BRCA1,0,0.0763021115251378,0.0,0.0004938312515372143,0.0,0.01839460885452869,0.0,0.01375089105648765,0.0,0.0,0000,0.027235360671922837,0.017744541583746484,24,25,1,Unanimous B/LB-directed,logo_BRCA1
NC_000017.11:43070992:C:T,BRCA1,0,0.06152712019177985,0.0,0.010258457103218533,0.0,0.05429622404737885,0.0,0.014745467428017309,0.0,0.0,0000,0.03520681719259863,0.023788336387223084,24,25,1,Unanimous B/LB-directed,logo_BRCA1
NC_000017.11:43070995:T:C,BRCA1,0,0.0940858408469971,0.0,0.0034492368882943214,0.0,0.12233559704307312,0.0,0.06322745062418833,0.0,0.0,0000,0.07077453135063821,0.05298527330971864,24,25,1,Unanimous B/LB-directed,logo_BRCA1
NC_000017.11:43071000:T:A,BRCA1,0,0.087520375413877,0.0,0.2095789088075187,0.0,0.06535178575440108,0.0,0.020573033323015032,0.0,0.0,0000,0.09575602582470295,0.07508826907767666,24,25,1,Unanimous B/LB-directed,logo_BRCA1
NC_000017.11:43071005:C:A,BRCA1,0,0.07121636682843642,0.0,0.0306698595408138,0.0,0.1108706041093188,0.0,0.020301094049243327,0.0,0.0,0000,0.05826448113195309,0.04236593243783473,24,25,1,Unanimous B/LB-directed,logo_BRCA1
NC_000017.11:43071016:T:C,BRCA1,0,0.016980742360477488,0.0,0.019819678214173422,0.0,0.031548887148561376,0.0,0.012095622433683272,0.0,0.0,0000,0.02011123253922389,0.012560566291556758,24,25,1,Unanimous B/LB-directed,logo_BRCA1
NC_000017.11:43071109:C:G,BRCA1,0,0.09480400184157517,0.0,0.000503833222058117,0.0,0.08077882285873281,0.0,0.03192645956756246,0.0,0.0,0000,0.05200327937248214,0.03718248895160316,24,25,1,Unanimous B/LB-directed,logo_BRCA1
NC_000017.11:43071136:T:A,BRCA1,0,0.16399340749411054,0.0,0.007610379209262196,0.0,0.4492714355502303,0.0,0.38918078162391534,0.0,0.0,0000,0.2525140009693796,0.23136021098973028,25,25,1,Unanimous B/LB-directed,logo_BRCA1
NC_000017.11:43071147:C:T,BRCA1,0,0.050668848241443055,0.0,3.220521185279309e-05,0.0,0.015585831641080851,0.0,0.04341576669458904,0.0,0.0,0000,0.027425662947241435,0.01788603643245827,25,25,1,Unanimous B/LB-directed,logo_BRCA1
NC_000017.11:43071163:C:A,BRCA1,0,0.037133373512481686,0.0,0.002390774817463008,0.0,0.015585831641080851,0.0,0.015953613088993727,0.0,0.0,0000,0.01776589826500482,0.010907675199322902,25,25,1,Unanimous B/LB-directed,logo_BRCA1
NC_000017.11:43074369:C:A,BRCA1,0,0.07028325798859615,0.0,0.028758575601997273,0.0,0.061615294444786625,0.0,0.029174698892373715,0.0,0.0,0000,0.04745795673193845,0.03348028011794062,25,25,1,Unanimous B/LB-directed,logo_BRCA1
NC_000017.11:43074461:C:T,BRCA1,0,0.0990050057294654,0.0,0.04186954267361599,0.0,0.08474981796591648,0.0,0.021567270327469135,0.0,0.0,0000,0.06179790917411675,0.04533125498025239,25,25,1,Unanimous B/LB-directed,logo_BRCA1
NC_000017.11:43074462:C:T,BRCA1,0,0.07596449883259791,0.0,0.0008518847595951463,0.0,0.04032086754629704,0.0,0.016797197433545234,0.0,0.0,0000,0.03348361214300884,0.022462549720641562,24,25,1,Unanimous B/LB-directed,logo_BRCA1
NC_000017.11:43076514:C:T,BRCA1,0,0.05376240362856267,0.0,0.002249147547548787,0.0,0.033697586677094486,0.0,0.024049524872132216,0.0,0.0,0000,0.02843966568133454,0.018642409140193335,24,25,1,Unanimous B/LB-directed,logo_BRCA1
NC_000017.11:43079333:C:T,BRCA1,0,,,,,,,,,,,,,2,25,0,,logo_BRCA1
NC_000017.11:43079348:T:C,BRCA1,0,,,,,,,,,,,,,2,25,0,,logo_BRCA1
NC_000017.11:43079351:G:A,BRCA1,0,,,,,,,,,,,,,2,25,0,,logo_BRCA1
NC_000017.11:43082427:G:C,BRCA1,0,0.021725738678763002,0.0,0.0011460457842149758,0.0,0.033697586677094486,0.0,0.017842269498964277,0.0,0.0,0000,0.018602910159759185,0.011494172308789883,24,25,1,Unanimous B/LB-directed,logo_BRCA1
NC_000017.11:43082466:T:G,BRCA1,0,0.04186389553364854,0.0,8.429884356789471e-05,0.0,0.001424934200986401,0.0,0.020393487650613072,0.0,0.0,0000,0.015941654057203977,0.009643281366524209,24,25,1,Unanimous B/LB-directed,logo_BRCA1
NC_000017.11:43082505:C:G,BRCA1,0,0.007015008716010678,0.0,0.0033346804017266966,0.0,0.031548887148561376,0.0,0.029783742350919615,0.0,0.0,0000,0.017920579654304592,0.01101576851288792,25,25,1,Unanimous B/LB-directed,logo_BRCA1
NC_000017.11:43082556:G:A,BRCA1,0,0.00764525604997367,0.0,0.000874613429200016,0.0,0.015585831641080851,0.0,0.012352108518023588,0.0,0.0,0000,0.009114452409569531,0.005111473210411107,25,25,1,Unanimous B/LB-directed,logo_BRCA1
NC_000017.11:43090969:A:G,BRCA1,0,0.04904403288202998,0.0,0.31055268744153797,0.0,0.11614530216932159,0.0,0.045479654567142126,0.0,0.0,0000,0.1303054192650079,0.1072614848350014,24,25,1,Unanimous B/LB-directed,logo_BRCA1
NC_000017.11:43091449:T:A,BRCA1,0,0.08984957768869742,0.0,0.004188393610391362,0.0,0.07685238571418544,0.0,0.02199894947686115,0.0,0.0,0000,0.04822232662253384,0.03409912031440304,24,25,1,Unanimous B/LB-directed,logo_BRCA1
NC_000017.11:43091449:T:G,BRCA1,0,0.05712991477007049,0.0,0.00026049153513168236,0.0,0.036976822511462816,0.0,0.020858855320067936,0.0,0.0,0000,0.02880652103418323,0.018917052289111634,25,25,1,Unanimous B/LB-directed,logo_BRCA1
NC_000017.11:43091519:G:C,BRCA1,0,0.07593902715472481,0.0,0.10295017421501507,0.0,0.07815618030221128,0.0,0.039343906816790696,0.0,0.0,0000,0.07409732212218545,0.055859894805323225,24,25,1,Unanimous B/LB-directed,logo_BRCA1
NC_000017.11:43091535:C:T,BRCA1,0,0.04525565831876876,0.0,0.0001885905514005787,0.0,0.010278794173220265,0.0,0.00868410480593333,0.0,0.0,0000,0.016101786962330732,0.009753479886794546,24,25,1,Unanimous B/LB-directed,logo_BRCA1
NC_000017.11:43091572:A:G,BRCA1,0,0.030284205564257136,0.0,0.000255676477118884,0.0,0.0033299276407628355,0.0,0.011702093937057198,0.0,0.0,0000,0.011392975904799013,0.006584119585811726,25,25,1,Unanimous B/LB-directed,logo_BRCA1
NC_000017.11:43091595:G:C,BRCA1,0,0.045674127946143867,0.0,0.0009427999341486509,0.0,0.02529377218667797,0.0,0.017775784100373275,0.0,0.0,0000,0.02242162104183594,0.014216329450948393,25,25,1,Unanimous B/LB-directed,logo_BRCA1
NC_000017.11:43091612:C:A,BRCA1,0,0.05435539011455791,0.0,0.025658099607020205,0.0,0.033697586677094486,0.0,0.01664967001177034,0.0,0.0,0000,0.03259018660261073,0.02177918503838978,24,25,1,Unanimous B/LB-directed,logo_BRCA1
NC_000017.11:43091679:T:C,BRCA1,0,0.05878432024174781,0.0,0.06923140611509083,0.0,0.10105915595219647,0.0,0.16175317017761856,0.0,0.0,0000,0.09770701312166341,0.07685893245136119,25,25,1,Unanimous B/LB-directed,logo_BRCA1
NC_000017.11:43091701:C:G,BRCA1,0,0.028127086302358797,0.0,0.00390836093801323,0.0,0.021295084298300057,0.0,0.008532069508456181,0.0,0.0,0000,0.015465650261782067,0.00931664232029321,24,25,1,Unanimous B/LB-directed,logo_BRCA1
NC_000017.11:43091704:A:C,BRCA1,0,0.02251659607009002,0.0,0.0028918294212251336,0.0,0.01839460885452869,0.0,0.013277922590840865,0.0,0.0,0000,0.014270239234171178,0.008502685011959298,24,25,1,Unanimous B/LB-directed,logo_BRCA1
NC_000017.11:43091712:T:C,BRCA1,0,0.018446486237504098,0.0,0.010201055384726683,0.0,0.010278794173220265,0.0,0.012648056253563753,0.0,0.0,0000,0.012893598012253699,0.007577217401085604,24,25,1,Unanimous B/LB-directed,logo_BRCA1
NC_000017.11:43091732:G:C,BRCA1,0,0.18069565907809362,0.0,0.37030720569003744,0.0,0.21067727127937427,0.0,0.56571521610199,1.0,1.0,0001,0.33184883803737386,0.31750027767972255,25,25,1,Mixed votes,logo_BRCA1
NC_000017.11:43091733:C:G,BRCA1,0,0.050390520536889034,0.0,0.004520682503129961,0.0,0.10523816509982963,0.0,0.09523053203957632,0.0,0.0,0000,0.06384497504485623,0.047061794632178584,25,25,1,Unanimous B/LB-directed,logo_BRCA1
NC_000017.11:43091747:T:A,BRCA1,0,0.047405791822649396,0.0,0.011021289534830265,0.0,0.021295084298300057,0.0,0.013193601835191852,0.0,0.0,0000,0.023228941872742895,0.014800913978328441,24,25,1,Unanimous B/LB-directed,logo_BRCA1
NC_000017.11:43091772:G:T,BRCA1,0,0.1502912852565968,0.0,0.46630328391613673,0.0,0.23554971275569137,0.0,0.35471637517279453,0.0,0.0,0000,0.30171516427530487,0.284418963010741,25,25,1,Unanimous B/LB-directed,logo_BRCA1
NC_000017.11:43091802:C:G,BRCA1,0,0.08575153508973786,0.0,0.04508984255849377,0.0,0.04719310487251354,0.0,0.023107756804084334,0.0,0.0,0000,0.050285559831207374,0.03577715799980277,25,25,1,Unanimous B/LB-directed,logo_BRCA1
NC_000017.11:43091806:T:C,BRCA1,0,0.03777057898943672,0.0,0.005450381850350845,0.0,0.021295084298300057,0.0,0.016601611550858614,0.0,0.0,0000,0.020279414172236557,0.012680204103202256,25,25,1,Unanimous B/LB-directed,logo_BRCA1
NC_000017.11:43091808:G:C,BRCA1,0,0.018276827145777108,0.0,0.011423662972672978,0.0,0.04372708286172642,0.0,0.012346321103076272,0.0,0.0,0000,0.021443473520813196,0.01351215249516314,24,25,1,Unanimous B/LB-directed,logo_BRCA1
NC_000017.11:43091832:T:C,BRCA1,0,0.02814642688719986,0.0,0.016006490048558693,0.0,0.01839460885452869,0.0,0.013914421612106629,0.0,0.0,0000,0.019115486850598468,0.011855221209794311,24,25,1,Unanimous B/LB-directed,logo_BRCA1
NC_000017.11:43091863:G:A,BRCA1,0,0.019815140278208358,0.0,0.11148070305334279,0.0,0.0953386868257037,0.0,0.07033304567067135,0.0,0.0,0000,0.07424189395698155,0.05598545324999239,24,25,1,Unanimous B/LB-directed,logo_BRCA1
NC_000017.11:43091873:C:A,BRCA1,0,0.17470057205969355,0.0,0.3493223057179121,0.0,0.33149121565632333,0.0,0.10409841451334434,0.0,0.0,0000,0.23990312698681834,0.21799037028521218,24,25,1,Unanimous B/LB-directed,logo_BRCA1
NC_000017.11:43091878:T:A,BRCA1,0,0.007687230334354901,0.0,0.02232724565324973,0.0,0.08474981796591648,0.0,0.017094370796056104,0.0,0.0,0000,0.032964666187394305,0.02206527838859238,24,25,1,Unanimous B/LB-directed,logo_BRCA1
NC_000017.11:43091917:C:G,BRCA1,0,0.08327004744232146,0.0,0.009114965243114186,0.0,0.30263378455721796,0.0,0.34339448299402414,0.0,0.0,0000,0.18460332005916943,0.16074023097083817,25,25,1,Unanimous B/LB-directed,logo_BRCA1
NC_000017.11:43091929:C:T,BRCA1,0,0.023452955196361924,0.0,0.008899690392213729,0.0,0.005478230966360982,0.0,0.011836398647876622,0.0,0.0,0000,0.012416818800703316,0.007259842661034541,25,25,1,Unanimous B/LB-directed,logo_BRCA1
NC_000017.11:43091967:C:A,BRCA1,0,0.452577613918206,0.0,0.5058660719279048,0.0,0.2740162723221676,0.0,0.40183702244036085,0.0,0.0,0000,0.4085742451521598,0.40310430092705374,24,25,1,Unanimous B/LB-directed,logo_BRCA1
NC_000017.11:43091980:C:T,BRCA1,0,0.0290507694900432,0.0,0.0005919605811939569,0.0,0.01839460885452869,0.0,0.006169070487592919,0.0,0.0,0000,0.013551602353339692,0.008017924699036677,24,25,1,Unanimous B/LB-directed,logo_BRCA1
NC_000017.11:43091988:A:G,BRCA1,0,0.010753104532596017,0.0,0.006131123490734501,0.0,0.034783288351419084,0.0,0.011252216005019071,0.0,0.0,0000,0.015729933094942167,0.009497822806727993,24,25,1,Unanimous B/LB-directed,logo_BRCA1
NC_000017.11:43092003:A:T,BRCA1,0,0.9256633265245264,1.0,0.7523090020786739,1.0,0.8191854828911108,1.0,0.6285658784172831,1.0,4.0,1111,0.7814309224778985,0.8122025563435797,24,25,1,Unanimous LP/P-directed,logo_BRCA1
NC_000017.11:43092046:C:T,BRCA1,0,0.03261903506362812,0.0,0.0002858793173097829,0.0,0.0033299276407628355,0.0,0.015604543864537824,0.0,0.0,0000,0.01295984647155964,0.0076214481611580525,24,25,1,Unanimous B/LB-directed,logo_BRCA1
NC_000017.11:43092063:T:G,BRCA1,0,0.09981770589232482,0.0,0.07418140624423189,0.0,0.08474981796591648,0.0,0.02034335982453791,0.0,0.0,0000,0.06977307248175277,0.05212315214176679,24,25,1,Unanimous B/LB-directed,logo_BRCA1
NC_000017.11:43092098:C:A,BRCA1,0,0.29098126236260224,0.0,0.33316947077096404,0.0,0.24452440750038232,0.0,0.07511546167780983,0.0,0.0,0000,0.2359476505779396,0.21381867627314005,24,25,1,Unanimous B/LB-directed,logo_BRCA1
NC_000017.11:43092156:G:T,BRCA1,0,0.3534000217650151,0.0,0.3429871695133712,0.0,0.2161538264230545,0.0,0.11294944108645533,0.0,0.0,0000,0.25637261469697403,0.23547143884470045,25,25,1,Unanimous B/LB-directed,logo_BRCA1
NC_000017.11:43092302:T:A,BRCA1,0,0.923626331704072,1.0,0.8265510735143824,1.0,0.7385860208547238,1.0,0.7549312598718795,1.0,4.0,1111,0.8109236714862644,0.8415719657553171,25,25,1,Unanimous LP/P-directed,logo_BRCA1
NC_000017.11:43092387:C:A,BRCA1,0,0.00519746090653952,0.0,0.007865340058448949,0.0,0.031548887148561376,0.0,0.009984366148718995,0.0,0.0,0000,0.013649013565567211,0.008083426424895457,25,25,1,Unanimous B/LB-directed,logo_BRCA1
NC_000017.11:43092400:T:C,BRCA1,0,0.05643266499115858,0.0,0.0001385491743549039,0.0,0.007805603226797074,0.0,0.01604116079286371,0.0,0.0,0000,0.020104494546293566,0.01255577614867586,25,25,1,Unanimous B/LB-directed,logo_BRCA1
NC_000017.11:43092402:T:C,BRCA1,0,0.02612146550909212,0.0,5.429583271228546e-06,0.0,4.924013664731803e-08,0.0,0.009134549965228462,0.0,0.0,0000,0.008815373574432114,0.004921677527812495,25,25,1,Unanimous B/LB-directed,logo_BRCA1
NC_000017.11:43092420:T:A,BRCA1,0,0.16218441694123797,0.0,0.07371759039251756,0.0,0.15396329005819412,0.0,0.03680539818800689,0.0,0.0,0000,0.10666767389498913,0.08506636399698665,24,25,1,Unanimous B/LB-directed,logo_BRCA1
NC_000017.11:43092448:G:A,BRCA1,0,0.00519281795751389,0.0,8.597772244898884e-05,0.0,0.005478230966360982,0.0,0.011724085366293388,0.0,0.0,0000,0.005620278003154313,0.0029551157249636533,25,25,1,Unanimous B/LB-directed,logo_BRCA1
NC_000017.11:43092458:G:C,BRCA1,0,0.07929063516142358,0.0,0.42576459448364,0.0,0.22553136229530518,0.0,0.3875256934880628,0.0,0.0,0000,0.2795280713571079,0.2603290280639827,25,25,1,Unanimous B/LB-directed,logo_BRCA1
NC_000017.11:43092472:G:A,BRCA1,0,0.05335267611310744,0.0,0.008841162576342609,0.0,0.01839460885452869,0.0,0.01539082333542627,0.0,0.0,0000,0.023994817719851253,0.015358238678047715,24,25,1,Unanimous B/LB-directed,logo_BRCA1
NC_000017.11:43092493:C:T,BRCA1,0,0.05675300528837622,0.0,0.008118073550763272,0.0,0.021295084298300057,0.0,0.010374676423520645,0.0,0.0,0000,0.02413520989024005,0.015460686531464363,24,25,1,Unanimous B/LB-directed,logo_BRCA1
NC_000017.11:43092589:G:C,BRCA1,0,0.016129649191043833,0.0,0.015649491227159692,0.0,0.04719310487251354,0.0,0.00882876515932408,0.0,0.0,0000,0.021950252612510286,0.013876417512306395,24,25,1,Unanimous B/LB-directed,logo_BRCA1
NC_000017.11:43092609:A:G,BRCA1,0,0.07600289433924244,0.0,0.0022529643767581703,0.0,0.036976822511462816,0.0,0.011031299068501999,0.0,0.0,0000,0.03156599507399136,0.020999264774206952,24,25,1,Unanimous B/LB-directed,logo_BRCA1
NC_000017.11:43092618:T:C,BRCA1,0,0.018124339799773643,0.0,0.0007585145548753633,0.0,0.027345851394958428,0.0,0.016027805956266006,0.0,0.0,0000,0.015564127926468361,0.009384103307105022,24,25,1,Unanimous B/LB-directed,logo_BRCA1
NC_000017.11:43092619:G:T,BRCA1,0,0.018782511822586993,0.0,0.007861545154145434,0.0,0.021295084298300057,0.0,0.006774176607680459,0.0,0.0,0000,0.013678329470678237,0.008103152055956202,24,25,1,Unanimous B/LB-directed,logo_BRCA1
NC_000017.11:43092628:G:C,BRCA1,0,0.059004697453142706,0.0,0.00011356143140206794,0.0,0.007805603226797074,0.0,0.024738832900393744,0.0,0.0,0000,0.022915673752933897,0.014573717584497653,24,25,1,Unanimous B/LB-directed,logo_BRCA1
NC_000017.11:43092631:T:A,BRCA1,0,0.04685555558776305,0.0,0.0027041271912161134,0.0,0.08876432358800958,0.0,0.020273891557421476,0.0,0.0,0000,0.03964947448110256,0.027251121951994427,24,25,1,Unanimous B/LB-directed,logo_BRCA1
NC_000017.11:43092646:C:T,BRCA1,0,0.0157471931670297,0.0,0.004808126904763498,0.0,0.015585831641080851,0.0,0.01180416321695391,0.0,0.0,0000,0.011986328732456988,0.0069747390910446785,25,25,1,Unanimous B/LB-directed,logo_BRCA1
NC_000017.11:43092669:A:T,BRCA1,0,0.06375896431234553,0.0,0.0017284030322118726,0.0,0.021295084298300057,0.0,0.014281529161705872,0.0,0.0,0000,0.025265995201140833,0.01628900177703146,24,25,1,Unanimous B/LB-directed,logo_BRCA1
NC_000017.11:43092732:C:G,BRCA1,0,0.04041754114826653,0.0,0.005398483041822923,0.0,0.015585831641080851,0.0,0.010474002800217165,0.0,0.0,0000,0.017968964657846868,0.011049608042912488,24,25,1,Unanimous B/LB-directed,logo_BRCA1
NC_000017.11:43092772:C:T,BRCA1,0,0.07039301807032565,0.0,0.002630788770672033,0.0,0.033697586677094486,0.0,0.01784394423556235,0.0,0.0,0000,0.03114133443841363,0.020676991855977028,25,25,1,Unanimous B/LB-directed,logo_BRCA1
NC_000017.11:43092784:T:A,BRCA1,0,0.06976804225136157,0.0,0.30047628699634316,0.0,0.050716799147289215,0.0,0.023241945278612137,0.0,0.0,0000,0.11105076841840152,0.08912419693181278,24,25,1,Unanimous B/LB-directed,logo_BRCA1
NC_000017.11:43092795:T:C,BRCA1,0,0.017298535909768677,0.0,0.0020231245666258555,0.0,0.036976822511462816,0.0,0.011925093574414217,0.0,0.0,0000,0.017055894140567893,0.010413255640384568,24,25,1,Unanimous B/LB-directed,logo_BRCA1
NC_000017.11:43092895:C:T,BRCA1,0,0.04235998748926073,0.0,0.025384024903883445,0.0,0.01839460885452869,0.0,0.008548027620935884,0.0,0.0,0000,0.023671662217152188,0.015122757617429022,25,25,1,Unanimous B/LB-directed,logo_BRCA1
NC_000017.11:43093005:T:C,BRCA1,0,0.04650429861169732,0.0,0.04784011100587088,0.0,0.0729716104244147,0.0,0.039011823650690246,0.0,0.0,0000,0.05158196092316829,0.03683710569935732,25,25,1,Unanimous B/LB-directed,logo_BRCA1
NC_000017.11:43093015:G:A,BRCA1,0,0.005998456893925157,0.0,0.0014686554465136413,0.0,0.04032086754629704,0.0,0.007104538237935925,0.0,0.0,0000,0.01372312953116794,0.008133307903636484,24,25,1,Unanimous B/LB-directed,logo_BRCA1
NC_000017.11:43093056:T:A,BRCA1,0,0.07788148921476719,0.0,0.03149993196691068,0.0,0.05429622404737885,0.0,0.008767053488762082,0.0,0.0,0000,0.0431111746794547,0.029991245121267815,24,25,1,Unanimous B/LB-directed,logo_BRCA1
NC_000017.11:43093117:A:G,BRCA1,0,0.31925956467162064,0.0,0.8862686449570342,1.0,0.6309304631964384,1.0,0.6810767872239893,1.0,3.0,0111,0.6293838650122707,0.6510041210623679,25,25,1,Mixed votes,logo_BRCA1
NC_000017.11:43093138:G:C,BRCA1,0,0.02439173117104245,0.0,0.0012813972938157364,0.0,0.04032086754629704,0.0,0.009024042617184118,0.0,0.0,0000,0.018754509657084837,0.011600808979735047,25,25,1,Unanimous B/LB-directed,logo_BRCA1
NC_000017.11:43093183:T:C,BRCA1,0,0.10559811857190174,0.0,0.00242707384896815,0.0,0.2816618445061844,0.0,0.21825208221301953,0.0,0.0,0000,0.15198477978501845,0.12823397051411142,25,25,1,Unanimous B/LB-directed,logo_BRCA1
NC_000017.11:43093195:T:A,BRCA1,0,0.018183045402945647,0.0,0.03669778255183206,0.0,0.027345851394958428,0.0,0.008569528227005699,0.0,0.0,0000,0.02269905189418546,0.014416877858288935,24,25,1,Unanimous B/LB-directed,logo_BRCA1
NC_000017.11:43093244:T:A,BRCA1,0,0.09380556954432168,0.0,0.019200267806229354,0.0,0.21067727127937427,0.0,0.222637395926337,0.0,0.0,0000,0.1365801261390656,0.1132747178521102,25,25,1,Unanimous B/LB-directed,logo_BRCA1
NC_000017.11:43093285:C:G,BRCA1,0,0.0541904327679933,0.0,0.028333193766626213,0.0,0.08077882285873281,0.0,0.015819097529417646,0.0,0.0,0000,0.04478038673069249,0.03132489348599015,24,25,1,Unanimous B/LB-directed,logo_BRCA1
NC_000017.11:43093300:C:T,BRCA1,0,0.05255678162695371,0.0,2.1150389673034047e-05,0.0,0.005478230966360982,0.0,0.01731937103849916,0.0,0.0,0000,0.018843883505371722,0.011663733557154818,25,25,1,Unanimous B/LB-directed,logo_BRCA1
NC_000017.11:43093323:T:C,BRCA1,0,0.031458655282007,0.0,0.0010119292986877264,0.0,0.01287700696109246,0.0,0.009062843403394177,0.0,0.0,0000,0.013602608736295343,0.00805221443958975,24,25,1,Unanimous B/LB-directed,logo_BRCA1
NC_000017.11:43093323:T:G,BRCA1,0,0.025992915975500245,0.0,0.001649840138234861,0.0,0.05429622404737885,0.0,0.026665594754638592,0.0,0.0,0000,0.027151143728938135,0.01768197066569199,25,25,1,Unanimous B/LB-directed,logo_BRCA1
NC_000017.11:43093350:G:A,BRCA1,0,0.0231919482320514,0.0,6.734479628454095e-05,0.0,0.010278794173220265,0.0,0.0071988665008621035,0.0,0.0,0000,0.010184238425604578,0.005797235379534674,25,25,1,Unanimous B/LB-directed,logo_BRCA1
NC_000017.11:43093375:T:C,BRCA1,0,0.025567462435830666,0.0,0.0003396254391862488,0.0,0.0033299276407628355,0.0,0.006645956577639068,0.0,0.0,0000,0.008970743023354705,0.0050201665220605835,25,25,1,Unanimous B/LB-directed,logo_BRCA1
NC_000017.11:43093447:C:A,BRCA1,0,0.18799833491497756,0.0,0.06469516836887404,0.0,0.10523816509982963,0.0,0.024627077452217157,0.0,0.0,0000,0.0956396864589746,0.07498287230171881,25,25,1,Unanimous B/LB-directed,logo_BRCA1
NC_000017.11:43093453:C:A,BRCA1,0,0.05198876068380665,0.0,0.02371245134071977,0.0,0.03048613390710475,0.0,0.00939075625298365,0.0,0.0,0000,0.028894525546153706,0.018983013764134703,24,25,1,Unanimous B/LB-directed,logo_BRCA1
NC_000017.11:43093556:C:T,BRCA1,0,0.03174149671533849,0.0,0.0006387739897633791,0.0,0.015585831641080851,0.0,0.010016731320668801,0.0,0.0,0000,0.014495708416712879,0.008655494801660196,25,25,1,Unanimous B/LB-directed,logo_BRCA1
NC_000017.11:43093567:A:C,BRCA1,0,0.06369868488935058,0.0,0.014878497597634594,0.0,0.031548887148561376,0.0,0.013550529146209338,0.0,0.0,0000,0.030919149695438974,0.020508638613957787,24,25,1,Unanimous B/LB-directed,logo_BRCA1
NC_000017.11:43093570:T:C,BRCA1,0,0.09124651423808312,0.0,0.006611727085465385,0.0,0.23554971275569137,0.0,0.13797619222087043,0.0,0.0,0000,0.11784603657502757,0.09546864581846495,25,25,1,Unanimous B/LB-directed,logo_BRCA1
NC_000017.11:43093598:A:C,BRCA1,0,0.594688785752087,0.0,0.48125122015612587,0.0,0.4606650432674747,0.0,0.531723497709358,1.0,1.0,0001,0.5170821367212614,0.5255933783386306,25,25,1,Mixed votes,logo_BRCA1
NC_000017.11:43093603:T:C,BRCA1,0,0.10402508688621058,0.0,0.09740062602496104,0.0,0.1740663767983423,0.0,0.04366469389024812,0.0,0.0,0000,0.10478919589994051,0.08333581799304585,24,25,1,Unanimous B/LB-directed,logo_BRCA1
NC_000017.11:43093606:C:G,BRCA1,0,0.15201509605753782,0.0,0.12388409392247744,0.0,0.2161418885857644,0.0,0.25899177294531023,0.0,0.0,0000,0.1877582128777725,0.1639386463047357,25,25,1,Unanimous B/LB-directed,logo_BRCA1
NC_000017.11:43093629:G:C,BRCA1,0,0.3910555898297723,0.0,0.17404711045471785,0.0,0.1171439631726522,0.0,0.015692879251872068,0.0,0.0,0000,0.1744848856772536,0.15054426384906283,24,25,1,Unanimous B/LB-directed,logo_BRCA1
NC_000017.11:43093633:G:T,BRCA1,0,0.20267196596190562,0.0,0.063244255570095,0.0,0.10860944591935352,0.0,0.01497902137769713,0.0,0.0,0000,0.09737617220726281,0.07655824933933032,24,25,1,Unanimous B/LB-directed,logo_BRCA1
NC_000017.11:43093680:G:T,BRCA1,0,0.07639397288529533,0.0,0.11051806030403813,0.0,0.04032086754629704,0.0,0.019447051775649316,0.0,0.0,0000,0.06166998812781996,0.045223416393233136,24,25,1,Unanimous B/LB-directed,logo_BRCA1
NC_000017.11:43093696:T:C,BRCA1,0,0.22369567494274434,0.0,0.28376633482777763,0.0,0.10101938103167706,0.0,0.028452714257596746,0.0,0.0,0000,0.15923352626494897,0.1353644017815618,24,25,1,Unanimous B/LB-directed,logo_BRCA1
NC_000017.11:43093730:G:C,BRCA1,0,0.016747600544268177,0.0,0.004696533049260564,0.0,0.04032086754629704,0.0,0.014800124250859945,0.0,0.0,0000,0.01914128134767143,0.011873427454814317,24,25,1,Unanimous B/LB-directed,logo_BRCA1
NC_000017.11:43093786:T:C,BRCA1,0,0.014083474270515884,0.0,0.0034704873159150085,0.0,0.13553786629233308,0.0,0.12100481840281842,0.0,0.0,0000,0.06852416157039559,0.05105082902440027,25,25,1,Unanimous B/LB-directed,logo_BRCA1
NC_000017.11:43093864:T:G,BRCA1,0,0.05225515253242107,0.0,0.023610122997010218,0.0,0.01287700696109246,0.0,0.013429992563811211,0.0,0.0,0000,0.02554306876358374,0.016492803476643014,24,25,1,Unanimous B/LB-directed,logo_BRCA1
NC_000017.11:43093887:A:C,BRCA1,0,0.41586353468850706,0.0,0.22191923599710145,0.0,0.10766689600168808,0.0,0.03158855121369831,0.0,0.0,0000,0.19425955447524873,0.1705576645929718,24,25,1,Unanimous B/LB-directed,logo_BRCA1
NC_000017.11:43093966:C:T,BRCA1,0,0.5368487434200235,0.0,0.23052180449872667,0.0,0.22055636513868795,0.0,0.12579606511857533,0.0,0.0,0000,0.2784307445440034,0.2591441882001135,24,25,1,Unanimous B/LB-directed,logo_BRCA1
NC_000017.11:43093969:C:G,BRCA1,0,0.2593970620982598,0.0,0.19953799188639906,0.0,0.11352900767662627,0.0,0.02971003099052967,0.0,0.0,0000,0.1505435231629537,0.126823011639078,24,25,1,Unanimous B/LB-directed,logo_BRCA1
NC_000017.11:43094019:C:T,BRCA1,0,0.022588064696058615,0.0,0.02124312742529784,0.0,0.015585831641080851,0.0,0.009096289895813178,0.0,0.0,0000,0.017128328414562622,0.010463563605503256,25,25,1,Unanimous B/LB-directed,logo_BRCA1
NC_000017.11:43094056:T:C,BRCA1,0,0.09769930306075607,0.0,0.03563157327887427,0.0,0.04032086754629704,0.0,0.023051246689179225,0.0,0.0,0000,0.04917574764377665,0.03487317095151195,24,25,1,Unanimous B/LB-directed,logo_BRCA1
NC_000017.11:43094062:G:A,BRCA1,0,0.042564056814921175,0.0,0.012117032761265098,0.0,0.04032086754629704,0.0,0.009019777166708605,0.0,0.0,0000,0.02600543357229798,0.016833620101393155,24,25,1,Unanimous B/LB-directed,logo_BRCA1
NC_000017.11:43094072:A:C,BRCA1,0,0.02575800190353155,0.0,0.0023014532011773115,0.0,0.09691992383490113,0.0,0.02785418998371863,0.0,0.0,0000,0.03820839223083215,0.026121047016115697,24,25,1,Unanimous B/LB-directed,logo_BRCA1
NC_000017.11:43094072:A:T,BRCA1,0,0.025694294899550937,0.0,0.002257230076213776,0.0,0.09691992383490113,0.0,0.02785418998371863,0.0,0.0,0000,0.03818140969859612,0.026099949113876968,24,25,1,Unanimous B/LB-directed,logo_BRCA1
NC_000017.11:43094109:A:G,BRCA1,0,0.3568167077961785,0.0,0.19392444315007165,0.0,0.16769852632848212,0.0,0.035226296151216654,0.0,0.0,0000,0.18841649335648725,0.16460713878733105,24,25,1,Unanimous B/LB-directed,logo_BRCA1
NC_000017.11:43094112:T:A,BRCA1,0,0.20651333191361018,0.0,0.10295567584322796,0.0,0.07546109355471986,0.0,0.011638983215546081,0.0,0.0,0000,0.09914227113177602,0.07816533225706937,24,25,1,Unanimous B/LB-directed,logo_BRCA1
NC_000017.11:43094112:T:C,BRCA1,0,0.015231158446373976,0.0,0.002764602958158584,0.0,0.010278794173220265,0.0,0.008716087732756086,0.0,0.0,0000,0.009247660827627228,0.005196285120666868,25,25,1,Unanimous B/LB-directed,logo_BRCA1
NC_000017.11:43094156:G:C,BRCA1,0,0.8608719544587062,1.0,0.772530603404944,1.0,0.7103843564712766,1.0,0.3263958488346757,0.0,3.0,1110,0.6675456907924006,0.6926842524278813,25,25,1,Mixed votes,logo_BRCA1
NC_000017.11:43094269:C:T,BRCA1,0,0.010823521682873516,0.0,0.0014004231187562082,0.0,0.0033299276407628355,0.0,0.00757095242732934,0.0,0.0,0000,0.005781206217430474,0.003051136910724325,24,25,1,Unanimous B/LB-directed,logo_BRCA1
NC_000017.11:43094290:C:A,BRCA1,0,0.010879618771045372,0.0,0.04140722134938761,0.0,0.0034504449474274533,0.0,0.008589294937618092,0.0,0.0,0000,0.016081645001369632,0.009739610220315175,24,25,1,Unanimous B/LB-directed,logo_BRCA1
NC_000017.11:43094293:A:C,BRCA1,0,0.014037762256039102,0.0,0.0004187806530294958,0.0,0.021295084298300057,0.0,0.01697711066537584,0.0,0.0,0000,0.013182184468186125,0.007770122967074335,25,25,1,Unanimous B/LB-directed,logo_BRCA1
NC_000017.11:43094322:G:A,BRCA1,0,0.023665010688623502,0.0,0.01870564589498558,0.0,0.01839460885452869,0.0,0.009257021578098077,0.0,0.0,0000,0.017505571754058962,0.010726059935400515,24,25,1,Unanimous B/LB-directed,logo_BRCA1
NC_000017.11:43094361:T:C,BRCA1,0,0.019729612215704993,0.0,0.028583696844127426,0.0,0.027345851394958428,0.0,0.008822422723523191,0.0,0.0,0000,0.02112039579457851,0.013280578546920753,24,25,1,Unanimous B/LB-directed,logo_BRCA1
NC_000017.11:43094371:A:T,BRCA1,0,0.03303385320964743,0.0,0.03714171840874766,0.0,0.20267972502446957,0.0,0.07956861695175012,0.0,0.0,0000,0.0881059783986537,0.06820440490217705,25,25,1,Unanimous B/LB-directed,logo_BRCA1
NC_000017.11:43094400:C:T,BRCA1,0,0.018414230187501088,0.0,0.02832080015651116,0.0,0.04177320498012763,0.0,0.013461900821950791,0.0,0.0,0000,0.025492534036522664,0.016455608254163655,24,25,1,Unanimous B/LB-directed,logo_BRCA1
NC_000017.11:43094403:T:C,BRCA1,0,0.04110538702521003,0.0,0.04288152681640204,0.0,0.0501087276344356,0.0,0.011836803464278265,0.0,0.0,0000,0.03648311123508148,0.024776669151049258,24,25,1,Unanimous B/LB-directed,logo_BRCA1
NC_000017.11:43094425:C:T,BRCA1,0,0.08393956607375967,0.0,0.053631714986429845,0.0,0.021295084298300057,0.0,0.019759497305600907,0.0,0.0,0000,0.04465646566602262,0.031225615585824745,24,25,1,Unanimous B/LB-directed,logo_BRCA1
NC_000017.11:43094430:G:C,BRCA1,0,0.08307484926000396,0.0,0.0005414717819695102,0.0,0.08876432358800958,0.0,0.052047412387580594,0.0,0.0,0000,0.05610701425439091,0.04056932242546677,24,25,1,Unanimous B/LB-directed,logo_BRCA1
NC_000017.11:43094442:T:C,BRCA1,0,0.1266539604279813,0.0,0.0034973107255905113,0.0,0.43821682267981166,0.0,0.35421135483727717,0.0,0.0,0000,0.23064486216766517,0.2082430512261895,25,25,1,Unanimous B/LB-directed,logo_BRCA1
NC_000017.11:43094449:A:C,BRCA1,0,0.023785493897223134,0.0,0.012212129592883614,0.0,0.010278794173220265,0.0,0.007783729649116873,0.0,0.0,0000,0.013515036828110972,0.00799335417558536,24,25,1,Unanimous B/LB-directed,logo_BRCA1
NC_000017.11:43094457:A:G,BRCA1,0,0.102990317578911,0.0,0.00022204527694260422,0.0,0.04719310487251354,0.0,0.010704052220039593,0.0,0.0,0000,0.04027737998710168,0.027745502748256164,24,25,1,Unanimous B/LB-directed,logo_BRCA1
NC_000017.11:43094466:T:C,BRCA1,0,0.009405820292600684,0.0,0.0056702937690602,0.0,0.01839460885452869,0.0,0.009491101153739783,0.0,0.0,0000,0.010740456017482341,0.006157810040395456,24,25,1,Unanimous B/LB-directed,logo_BRCA1
NC_000017.11:43094529:G:T,BRCA1,0,0.19323060188183866,0.0,0.05947739765488561,0.0,0.05792960168678439,0.0,0.01286103116355798,0.0,0.0,0000,0.08087465809676667,0.061788079575607814,24,25,1,Unanimous B/LB-directed,logo_BRCA1
NC_000017.11:43094533:T:C,BRCA1,0,0.016195885955716628,0.0,0.0038817544910598367,0.0,0.021295084298300057,0.0,0.009950429441307179,0.0,0.0,0000,0.012830788546595924,0.007535312068828492,25,25,1,Unanimous B/LB-directed,logo_BRCA1
NC_000017.11:43094629:T:G,BRCA1,0,0.04125266254856178,0.0,0.03096992663847089,0.0,0.25692144699884556,0.0,0.1333217928482147,0.0,0.0,0000,0.11561645725852324,0.09337996858665754,24,25,1,Unanimous B/LB-directed,logo_BRCA1
NC_000017.11:43094639:C:A,BRCA1,0,0.012606127496187877,0.0,0.04038472361462957,0.0,0.06355713303261676,0.0,0.04224171049645881,0.0,0.0,0000,0.03969742365997325,0.027288832562111447,24,25,1,Unanimous B/LB-directed,logo_BRCA1
NC_000017.11:43094639:C:T,BRCA1,0,0.011878113932192555,0.0,0.07072702213969634,0.0,0.12962336128334542,0.0,0.043026609363442464,0.0,0.0,0000,0.0638137766796692,0.04703535242815148,24,25,1,Unanimous B/LB-directed,logo_BRCA1
NC_000017.11:43094691:G:C,BRCA1,0,0.001139183332070836,0.0,0.002964400710385951,0.0,0.08656926041577968,0.0,0.010801368635722817,0.0,0.0,0000,0.02536855327348982,0.0163644003241072,25,25,1,Unanimous B/LB-directed,logo_BRCA1
NC_000017.11:43094703:G:C,BRCA1,0,0.14195707488468973,0.0,0.06057876313251252,0.0,0.158779903532694,0.0,0.07583597496514884,0.0,0.0,0000,0.10928792912876127,0.08748885953601167,25,25,1,Unanimous B/LB-directed,logo_BRCA1
NC_000017.11:43094706:C:T,BRCA1,0,0.18027628395322454,0.0,0.11624088198949778,0.0,0.29224756504309557,0.0,0.30429853563458614,0.0,0.0,0000,0.22326581665510103,0.20051779947273085,25,25,1,Unanimous B/LB-directed,logo_BRCA1
NC_000017.11:43094740:T:A,BRCA1,0,0.0682528861908702,0.0,0.36077306528724623,0.0,0.03619006839578289,0.0,0.025342373606476107,0.0,0.0,0000,0.12263959837009385,0.09998187288042934,24,25,1,Unanimous B/LB-directed,logo_BRCA1
NC_000017.11:43094742:C:G,BRCA1,0,0.03208028081115087,0.0,0.05570870898244924,0.0,0.027345851394958428,0.0,0.009918090985779938,0.0,0.0,0000,0.03126323304358462,0.020769433107741302,24,25,1,Unanimous B/LB-directed,logo_BRCA1
NC_000017.11:43094743:C:A,BRCA1,0,0.02912175223489792,0.0,0.045582968759492574,0.0,0.05190383940893019,0.0,0.013111459369201243,0.0,0.0,0000,0.034930004943130484,0.023574689216174265,24,25,1,Unanimous B/LB-directed,logo_BRCA1
NC_000017.11:43094787:G:T,BRCA1,0,0.1295865952032871,0.0,0.38224751624004155,0.0,0.03048613390710475,0.0,0.03468523666947064,0.0,0.0,0000,0.14425137050497602,0.12069021665318512,24,25,1,Unanimous B/LB-directed,logo_BRCA1
NC_000017.11:43094791:T:C,BRCA1,0,0.005524135997681136,0.0,0.0032301815382109545,0.0,0.006236133213711509,0.0,0.015593174630846564,0.0,0.0,0000,0.007645906345112541,0.004188246063645825,25,25,1,Unanimous B/LB-directed,logo_BRCA1
NC_000017.11:43095863:A:C,BRCA1,0,0.10077737204380618,0.0,0.016982502433958074,0.0,0.04719310487251354,0.0,0.018097796411189675,0.0,0.0,0000,0.04576269394036687,0.032113360601640585,25,25,1,Unanimous B/LB-directed,logo_BRCA1
NC_000017.11:43099810:T:C,BRCA1,0,0.10487639805677723,0.0,0.0029234882700878086,0.0,0.09691992383490113,0.0,0.10400222213377326,0.0,0.0,0000,0.07718050807388485,0.05854619557145642,25,25,1,Unanimous B/LB-directed,logo_BRCA1
NC_000017.11:43099858:G:C,BRCA1,0,0.0071005887144172655,0.0,0.0010636442378534421,0.0,0.005478230966360982,0.0,0.012383153067473514,0.0,0.0,0000,0.006506404246526301,0.003488214172658046,25,25,1,Unanimous B/LB-directed,logo_BRCA1
NC_000017.11:43104165:G:A,BRCA1,0,0.863921049012762,1.0,0.9133461375568663,1.0,0.6604375184461975,1.0,0.7517097811850838,1.0,4.0,1111,0.7973536215502274,0.8281559289365208,25,25,1,Unanimous LP/P-directed,logo_BRCA1
NC_000017.11:43104165:G:T,BRCA1,0,0.9161334212300083,1.0,0.9367819016792637,1.0,0.7155544231101666,1.0,0.7888026684921575,1.0,4.0,1111,0.839318103627899,0.8690585481377697,24,25,1,Unanimous LP/P-directed,logo_BRCA1
NC_000017.11:43104192:T:C,BRCA1,0,0.03929533233342325,0.0,0.013337848118742546,0.0,0.036976822511462816,0.0,0.017924903881906876,0.0,0.0,0000,0.026883726711383872,0.017483477692738333,24,25,1,Unanimous B/LB-directed,logo_BRCA1
NC_000017.11:43104240:C:A,BRCA1,0,0.027994267764999792,0.0,0.0003844235529016405,0.0,0.02428064498364521,0.0,0.020229886332195104,0.0,0.0,0000,0.018222305658435436,0.011227002158855264,24,25,1,Unanimous B/LB-directed,logo_BRCA1
NC_000017.11:43104257:G:C,BRCA1,0,0.01567024617138601,0.0,0.036581221919213314,0.0,0.03048613390710475,0.0,0.011210536138874082,0.0,0.0,0000,0.02348703453414454,0.014988431266180697,25,25,1,Unanimous B/LB-directed,logo_BRCA1
NC_000017.11:43104879:T:A,BRCA1,0,0.019593437035147578,0.0,0.2704270349162628,0.0,0.12977849179349715,0.0,0.03945491914022898,0.0,0.0,0000,0.11481347072128413,0.09262939189326495,24,25,1,Unanimous B/LB-directed,logo_BRCA1
NC_000017.11:43104885:G:T,BRCA1,0,0.03888780124120243,0.0,0.10641570292161998,0.0,0.26611569697742177,0.0,0.13870249757669234,0.0,0.0,0000,0.13753042467923413,0.114189574791569,24,25,1,Unanimous B/LB-directed,logo_BRCA1
NC_000017.11:43104886:C:A,BRCA1,0,0.20423641873492857,0.0,0.9360162201376205,1.0,0.22553136229530518,0.0,0.08802774087768296,0.0,1.0,0100,0.36345293551138436,0.3525640379049571,24,25,1,Mixed votes,logo_BRCA1
NC_000017.11:43104886:C:G,BRCA1,0,0.10740746424200943,0.0,0.8122546297849895,1.0,0.17218313937421856,0.0,0.09458704176111793,0.0,1.0,0100,0.2966080687905838,0.2788521843746113,24,25,1,Mixed votes,logo_BRCA1
NC_000017.11:43104900:T:C,BRCA1,0,0.01303885687448871,0.0,0.06308836990179942,0.0,0.07587786663763461,0.0,0.05273013478203625,0.0,0.0,0000,0.05118380704898975,0.03651112050876921,24,25,1,Unanimous B/LB-directed,logo_BRCA1
NC_000017.11:43104945:C:T,BRCA1,0,0.16283800561140555,0.0,0.6229641313393796,0.0,0.35609573568617814,0.0,0.3173403371908864,0.0,0.0,0000,0.36480955245696245,0.3540762531763828,24,25,1,Unanimous B/LB-directed,logo_BRCA1
NC_000017.11:43106470:T:C,BRCA1,0,0.21340017130734532,0.0,0.7305045008960392,1.0,0.08077882285873281,0.0,0.03483579785694123,0.0,1.0,0100,0.2648798232297646,0.24456779075865237,24,25,1,Mixed votes,logo_BRCA1
NC_000017.11:43106478:T:C,BRCA1,0,,,,,,,,,,,,,2,25,0,,logo_BRCA1
NC_000017.11:43106492:A:C,BRCA1,0,0.022792581076147518,0.0,0.04861990384484801,0.0,0.08608320222373221,0.0,0.04132205707408425,0.0,0.0,0000,0.049704436054703,0.03530341386053757,25,25,1,Unanimous B/LB-directed,logo_BRCA1
NC_000017.11:43106523:C:A,BRCA1,0,0.14063488797159152,0.0,0.6069620175488151,0.0,0.22416553973215897,0.0,0.22328448416905325,0.0,0.0,0000,0.2987617323554047,0.28119817967797617,24,25,1,Unanimous B/LB-directed,logo_BRCA1
NC_000017.11:43115760:T:G,BRCA1,0,0.1138901928387638,0.0,0.7759708576917926,1.0,0.2218439468831637,0.0,0.16575816322052084,0.0,1.0,0100,0.31936579015856026,0.30374984517652875,24,25,1,Mixed votes,logo_BRCA1
NC_000017.11:43115762:C:T,BRCA1,0,0.59317686074259,0.0,0.8505401128910219,1.0,0.5223977223002542,0.0,0.3306872421356186,0.0,1.0,0100,0.5742004845173712,0.5897689924884183,24,25,1,Mixed votes,logo_BRCA1
NC_000017.11:43124035:T:G,BRCA1,0,0.04701668789274027,0.0,0.49198832378209084,0.0,0.16620018943931789,0.0,0.07956525616921963,0.0,0.0,0000,0.19619261432084215,0.17253283302999045,24,25,1,Unanimous B/LB-directed,logo_BRCA1
NC_000017.11:43124044:T:G,BRCA1,0,0.12672186146282627,0.0,0.6034644224514902,0.0,0.2153605338719385,0.0,0.2584645405818299,0.0,0.0,0000,0.30100283959202123,0.2836417800238451,24,25,1,Unanimous B/LB-directed,logo_BRCA1
NC_000017.11:43124057:A:T,BRCA1,0,0.01059862765579882,0.0,0.3229271208368194,0.0,0.14716019014572165,0.0,0.0471711621059502,0.0,0.0,0000,0.1319642751860725,0.10884652360323631,24,25,1,Unanimous B/LB-directed,logo_BRCA1
NC_000017.11:43124076:C:A,BRCA1,0,0.056480641674433764,0.0,0.06436498586386928,0.0,0.12233559704307312,0.0,0.05588740424259763,0.0,0.0,0000,0.07476715720599345,0.05644197304184383,25,25,1,Unanimous B/LB-directed,logo_BRCA1
NC_000017.11:43124087:T:G,BRCA1,0,0.020512861580548568,0.0,0.02466957197060295,0.0,0.03808443973672139,0.0,0.009928244671079832,0.0,0.0,0000,0.023298779489738186,0.014851624628059841,24,25,1,Unanimous B/LB-directed,logo_BRCA1
