SPDI,Gene,y,p_SVM_RBF,vote_SVM_RBF,p_ENET_LR,vote_ENET_LR,p_EXTRA_TREES,vote_EXTRA_TREES,p_HIST_GB,vote_HIST_GB,V,vote_vector,Mean4,S_MAC,n_observed_panel,panel_size,complete_flag,directional_descriptor,partition
NC_000011.10:108244999:C:T,ATM,1,0.7242470789231956,1.0,0.7927646801548474,1.0,0.7604785374950955,1.0,0.5214595889241564,0.0,3.0,1110,0.6997374713743238,0.7329438723549754,25,25,1,Mixed votes,logo_ATM
NC_000011.10:108247028:A:G,ATM,1,0.9413292443907506,1.0,0.9694367368129454,1.0,0.9774904161689612,1.0,0.939962037413941,1.0,4.0,1111,0.9570546086966496,0.97208159030352,25,25,1,Unanimous LP/P-directed,logo_ATM
NC_000011.10:108271073:T:G,ATM,1,0.9788574652065968,1.0,0.9579084483191816,1.0,0.9874313304932616,1.0,0.9764695797038778,1.0,4.0,1111,0.9751667059307294,0.9850438497340408,25,25,1,Unanimous LP/P-directed,logo_ATM
NC_000011.10:108272590:T:C,ATM,1,0.9723060592133376,1.0,0.9075613383212556,1.0,0.9871519577532282,1.0,0.9504629779661954,1.0,4.0,1111,0.9543705833135042,0.9700779527667528,25,25,1,Unanimous LP/P-directed,logo_ATM
NC_000011.10:108289758:T:C,ATM,1,0.9598641216223168,1.0,0.958243308238026,1.0,0.9772184577012568,1.0,0.9419666063363455,1.0,4.0,1111,0.9593231234744864,0.9737600220521424,25,25,1,Unanimous LP/P-directed,logo_ATM
NC_000011.10:108301697:C:T,ATM,1,0.8418255468560578,1.0,0.7520424578655205,1.0,0.9276328288729286,1.0,0.7583545973955892,1.0,4.0,1111,0.819963857747524,0.853653432713829,25,25,1,Unanimous LP/P-directed,logo_ATM
NC_000011.10:108315862:A:G,ATM,1,0.9939419161941396,1.0,0.9914698968226332,1.0,0.9763524167323736,1.0,0.985518552822524,1.0,4.0,1111,0.9868206956429176,0.9927088747758664,25,25,1,Unanimous LP/P-directed,logo_ATM
NC_000011.10:108315910:G:A,ATM,1,0.8086956047641315,1.0,0.9924074692008494,1.0,0.8854241166467754,1.0,0.9635207059917502,1.0,4.0,1111,0.9125119741508768,0.9367827858674458,24,25,1,Unanimous LP/P-directed,logo_ATM
NC_000011.10:108317373:C:A,ATM,1,0.573874937585753,1.0,0.9599834378494458,1.0,0.7353594514513643,1.0,0.8340762283833911,1.0,4.0,1111,0.7758235138174885,0.810698997261785,25,25,1,Unanimous LP/P-directed,logo_ATM
NC_000011.10:108325415:C:T,ATM,1,0.9913225277103634,1.0,0.9569598002038644,1.0,0.9846632785801764,1.0,0.9575841335006404,1.0,4.0,1111,0.9726324349987612,0.9832965811082564,25,25,1,Unanimous LP/P-directed,logo_ATM
NC_000011.10:108329201:T:G,ATM,1,0.0933247295398916,0.0,0.3893709195798769,0.0,0.6113729836798552,1.0,0.8333708261280122,1.0,2.0,0011,0.481859864731909,0.4939920371908656,25,25,1,Mixed votes,logo_ATM
NC_000011.10:108330313:T:G,ATM,1,0.9963873468016526,1.0,0.9915311902597758,1.0,0.9930700201544674,1.0,0.9720504506374916,1.0,4.0,1111,0.9882597519633468,0.9936030651570384,25,25,1,Unanimous LP/P-directed,logo_ATM
NC_000011.10:108333924:T:C,ATM,1,0.9864458017271616,1.0,0.9587272499860932,1.0,0.9868310674599076,1.0,0.9633951653953072,1.0,4.0,1111,0.9738498211421176,0.9841389973196394,25,25,1,Unanimous LP/P-directed,logo_ATM
NC_000011.10:108335062:T:G,ATM,1,0.9874936509824708,1.0,0.9804449332395416,1.0,0.9970432528366278,1.0,0.988635271367596,1.0,4.0,1111,0.988404277106559,0.9936920754971668,25,25,1,Unanimous LP/P-directed,logo_ATM
NC_000011.10:108343245:G:A,ATM,1,0.9831114255250528,1.0,0.9910496060572016,1.0,0.9987964988396486,1.0,0.9877183943919596,1.0,4.0,1111,0.9901689812034656,0.99476629982663,25,25,1,Unanimous LP/P-directed,logo_ATM
NC_000011.10:108345803:T:G,ATM,1,0.9748069092391072,1.0,0.9361725491119144,1.0,0.9918549810567726,1.0,0.9877566901700864,1.0,4.0,1111,0.97264778239447,0.9833072359496744,25,25,1,Unanimous LP/P-directed,logo_ATM
NC_000011.10:108345817:C:T,ATM,1,0.9426675646821986,1.0,0.8891828476963625,1.0,0.8289513986562468,1.0,0.778807822466141,1.0,4.0,1111,0.8599024083752372,0.89083298283446,25,25,1,Unanimous LP/P-directed,logo_ATM
NC_000011.10:108345888:T:G,ATM,1,0.6560683245007438,1.0,0.9999863152127526,1.0,0.9999999627449462,1.0,0.986537069647862,1.0,4.0,1111,0.9106479180265764,0.9352240687596352,25,25,1,Unanimous LP/P-directed,logo_ATM
NC_000011.10:108353804:A:G,ATM,1,0.9906794876205668,1.0,0.9920115604688072,1.0,0.9996900891674736,1.0,0.9933420198149788,1.0,4.0,1111,0.9939307892679564,0.9969645331317436,25,25,1,Unanimous LP/P-directed,logo_ATM
NC_000011.10:108365358:C:T,ATM,1,0.6929240480083211,1.0,0.990051333245783,1.0,0.8283507973137572,1.0,0.955848745799825,1.0,4.0,1111,0.8667937310919216,0.8970635010809708,25,25,1,Unanimous LP/P-directed,logo_ATM
NC_000011.10:108365359:G:A,ATM,1,0.3894097288786959,0.0,0.8680820144750391,1.0,0.6515684093496558,1.0,0.852720933098495,1.0,3.0,0111,0.6904452714504714,0.7231768646915154,25,25,1,Mixed votes,logo_ATM
NC_000011.10:108227682:C:G,ATM,1,0.9407194200036292,1.0,0.7660755357581492,1.0,0.8073324146667885,1.0,0.7802787739882359,1.0,4.0,1111,0.8236015361042007,0.8571105946879781,25,25,1,Unanimous LP/P-directed,logo_ATM
NC_000011.10:108227695:G:C,ATM,1,0.8984337091892685,1.0,0.9857780871787374,1.0,0.7252573291988268,1.0,0.896941716926517,1.0,4.0,1111,0.8766027106233374,0.9058292506721966,25,25,1,Unanimous LP/P-directed,logo_ATM
NC_000011.10:108229323:G:A,ATM,1,,,,,,,,,,,,,2,25,0,,logo_ATM
NC_000011.10:108229323:G:C,ATM,1,,,,,,,,,,,,,2,25,0,,logo_ATM
NC_000011.10:108229323:G:T,ATM,1,,,,,,,,,,,,,2,25,0,,logo_ATM
NC_000011.10:108229324:T:G,ATM,1,,,,,,,,,,,,,2,25,0,,logo_ATM
NC_000011.10:108235833:G:C,ATM,1,0.8922093861771567,1.0,0.8482290052158564,1.0,0.9356457775208152,1.0,0.9276629239765128,1.0,4.0,1111,0.9009367732225854,0.9270138441365176,24,25,1,Unanimous LP/P-directed,logo_ATM
NC_000011.10:108249101:G:C,ATM,1,0.8196214642030971,1.0,0.9998484827382844,1.0,0.9189202291142448,1.0,0.9889331852165348,1.0,4.0,1111,0.9318308403180404,0.952582840904478,24,25,1,Unanimous LP/P-directed,logo_ATM
NC_000011.10:108271257:T:C,ATM,1,0.9401999579916052,1.0,0.8734954993816942,1.0,0.981694909542676,1.0,0.9459775247158554,1.0,4.0,1111,0.9353419729079576,0.9553798979666012,25,25,1,Unanimous LP/P-directed,logo_ATM
NC_000011.10:108271393:T:G,ATM,1,0.9449161310474148,1.0,0.9861496148372486,1.0,0.8582534446406144,1.0,0.9025160717528142,1.0,4.0,1111,0.9229588155695232,0.9454098052673928,25,25,1,Unanimous LP/P-directed,logo_ATM
NC_000011.10:108272531:G:T,ATM,1,0.9126720264285786,1.0,0.9099151429132568,1.0,0.6067390610276332,1.0,0.7206696880694846,1.0,4.0,1111,0.7874989796097384,0.8222327182469983,24,25,1,Unanimous LP/P-directed,logo_ATM
NC_000011.10:108272815:A:G,ATM,1,0.2772769552663808,0.0,0.5787257616158545,1.0,0.5962841383286275,1.0,0.2586822187569761,0.0,2.0,0110,0.4277422684919598,0.4329414996596608,25,25,1,Mixed votes,logo_ATM
NC_000011.10:108272851:G:A,ATM,1,0.8684855512006565,1.0,0.9143461448623496,1.0,0.9639163995062228,1.0,0.9696771686984728,1.0,4.0,1111,0.9291063160669256,0.9503958047747864,24,25,1,Unanimous LP/P-directed,logo_ATM
NC_000011.10:108281167:G:T,ATM,1,0.9258022351276146,1.0,0.9976705727197374,1.0,0.8946390186615725,1.0,0.976598064540046,1.0,4.0,1111,0.9486774727622428,0.96576765202662,25,25,1,Unanimous LP/P-directed,logo_ATM
NC_000011.10:108284327:T:C,ATM,1,0.8850104920665082,1.0,0.9688397800491336,1.0,0.9494845962523232,1.0,0.9298128441311424,1.0,4.0,1111,0.9332869281247768,0.9537457637766856,25,25,1,Unanimous LP/P-directed,logo_ATM
NC_000011.10:108297381:G:A,ATM,1,0.9724936842371584,1.0,0.9904055302301392,1.0,0.8780101959018712,1.0,0.9648388938138336,1.0,4.0,1111,0.9514370760457506,0.967866934543676,24,25,1,Unanimous LP/P-directed,logo_ATM
NC_000011.10:108301705:G:A,ATM,1,0.9779333783244548,1.0,0.8876156115847451,1.0,0.9740857132003548,1.0,0.9544589000042096,1.0,4.0,1111,0.9485234007784412,0.9656499090368814,25,25,1,Unanimous LP/P-directed,logo_ATM
NC_000011.10:108301778:C:T,ATM,1,0.8882503926829366,1.0,0.3582791914648014,0.0,0.6779748461472379,1.0,0.8851576285600997,1.0,3.0,1011,0.702415514713769,0.7357488735391798,25,25,1,Mixed votes,logo_ATM
NC_000011.10:108310221:C:T,ATM,1,0.923734628986629,1.0,0.8953608007347803,1.0,0.9557895837060528,1.0,0.8856871690554825,1.0,4.0,1111,0.915143045620736,0.9389730964946278,25,25,1,Unanimous LP/P-directed,logo_ATM
NC_000011.10:108316029:G:A,ATM,1,0.5430594141570972,1.0,0.969726500579572,1.0,0.7971683338876152,1.0,0.8438934264302155,1.0,4.0,1111,0.7884619187636249,0.8231786758008969,25,25,1,Unanimous LP/P-directed,logo_ATM
NC_000011.10:108317376:T:C,ATM,1,0.5732953443576562,1.0,0.972919951943196,1.0,0.7616815114663567,1.0,0.8397808968469471,1.0,4.0,1111,0.786919426153539,0.8216629909759127,25,25,1,Unanimous LP/P-directed,logo_ATM
NC_000011.10:108317411:T:G,ATM,1,0.6739291433538912,1.0,0.9938142548855808,1.0,0.8755958381094374,1.0,0.9470283989414726,1.0,4.0,1111,0.8725919088225955,0.9022599113543468,25,25,1,Unanimous LP/P-directed,logo_ATM
NC_000011.10:108320039:A:T,ATM,1,0.9721957584810932,1.0,0.9754543807772488,1.0,0.9623433229232062,1.0,0.9572588056112435,1.0,4.0,1111,0.966813066948198,0.9791965058452846,24,25,1,Unanimous LP/P-directed,logo_ATM
NC_000011.10:108325534:G:C,ATM,1,0.0760716303903263,0.0,0.0020235230850346,0.0,0.0420967547870998,0.0,0.0346550227423317,0.0,0.0,0000,0.0387117327511981,0.0277438492948585,25,25,1,Unanimous B/LB-directed,logo_ATM
NC_000011.10:108327757:G:C,ATM,1,0.8750640383348256,1.0,0.8233749567741685,1.0,0.7915342270887639,1.0,0.6941645153614091,1.0,4.0,1111,0.7960344343897918,0.8305887913482469,25,25,1,Unanimous LP/P-directed,logo_ATM
NC_000011.10:108329111:C:T,ATM,1,0.3013724938034802,0.0,0.4616114687360292,0.0,0.718005958820298,1.0,0.8591806096985651,1.0,2.0,0011,0.5850426327645931,0.6092496522737824,25,25,1,Mixed votes,logo_ATM
NC_000011.10:108330260:T:C,ATM,1,0.9432755609768148,1.0,0.8587737159854623,1.0,0.9881828936255526,1.0,0.9595871231899964,1.0,4.0,1111,0.9374548234444564,0.9570510977386592,25,25,1,Unanimous LP/P-directed,logo_ATM
NC_000011.10:108331497:G:C,ATM,1,0.987867511725234,1.0,0.9870996454186874,1.0,0.996068414561242,1.0,0.9931883084453836,1.0,4.0,1111,0.9910559700376368,0.9952967652441632,25,25,1,Unanimous LP/P-directed,logo_ATM
NC_000011.10:108332761:G:T,ATM,1,0.9807844398911616,1.0,0.9669078272756096,1.0,0.8660505987634516,1.0,0.923236989869878,1.0,4.0,1111,0.9342449639500252,0.9545086268589592,25,25,1,Unanimous LP/P-directed,logo_ATM
NC_000011.10:108332837:C:T,ATM,1,0.9489763604460624,1.0,0.996498852453634,1.0,0.9521500598451116,1.0,0.9704463822538058,1.0,4.0,1111,0.9670179137496536,0.9793427740083618,25,25,1,Unanimous LP/P-directed,logo_ATM
NC_000011.10:108332847:TG:GC,ATM,1,,,,,,,,,,,,,0,25,0,,logo_ATM
NC_000011.10:108332847:T:G,ATM,1,0.0947714558948757,0.0,0.0756207143932594,0.0,0.1102991735228344,0.0,0.1825008857947803,0.0,0.0,0000,0.1157980574014375,0.0971169016857058,25,25,1,Unanimous B/LB-directed,logo_ATM
NC_000011.10:108332848:G:C,ATM,1,0.9956480351051734,1.0,0.9691996391928728,1.0,0.990149442160018,1.0,0.9844564508835754,1.0,4.0,1111,0.98486339183541,0.9914712111659512,25,25,1,Unanimous LP/P-directed,logo_ATM
NC_000011.10:108332898:A:T,ATM,1,0.97809838794911,1.0,0.9911972043178292,1.0,0.8704631750297188,1.0,0.949338601446948,1.0,4.0,1111,0.9472743421859016,0.9646933096138192,24,25,1,Unanimous LP/P-directed,logo_ATM
NC_000011.10:108333942:T:A,ATM,1,0.993265133657668,1.0,0.9581050107847306,1.0,0.9949105695097707,1.0,0.9740328725705896,1.0,4.0,1111,0.9800783966306896,0.98835524323181,25,25,1,Unanimous LP/P-directed,logo_ATM
NC_000011.10:108333954:C:A,ATM,1,0.8966516836340707,1.0,0.9034627590678808,1.0,0.8405512375484656,1.0,0.7314009620716396,1.0,4.0,1111,0.8430166605805142,0.8753284132879956,25,25,1,Unanimous LP/P-directed,logo_ATM
NC_000011.10:108333954:C:T,ATM,1,0.9712578936990728,1.0,0.926052036873604,1.0,0.9801685857507654,1.0,0.9510412851872784,1.0,4.0,1111,0.9571299503776802,0.9721375585247666,25,25,1,Unanimous LP/P-directed,logo_ATM
NC_000011.10:108334987:A:G,ATM,1,0.9657390260374552,1.0,0.9585063361303608,1.0,0.984120813958395,1.0,0.972873516801904,1.0,4.0,1111,0.9703099232320288,0.981674314146502,25,25,1,Unanimous LP/P-directed,logo_ATM
NC_000011.10:108335079:G:A,ATM,1,0.1653762153996792,0.0,0.5210739289612552,0.0,0.7225485051505388,1.0,0.6972208909163325,1.0,2.0,0011,0.5265548851069514,0.5442034511945673,25,25,1,Mixed votes,logo_ATM
NC_000011.10:108335079:G:C,ATM,1,0.9708055234035292,1.0,0.9506598480652174,1.0,0.9932801332222422,1.0,0.957839665666358,1.0,4.0,1111,0.9681462925893368,0.9801460262737016,25,25,1,Unanimous LP/P-directed,logo_ATM
NC_000011.10:108335081:T:A,ATM,1,0.9494389466288844,1.0,0.922968531097044,1.0,0.9908993078944376,1.0,0.9380894139344144,1.0,4.0,1111,0.9503490498886952,0.967041448408874,25,25,1,Unanimous LP/P-directed,logo_ATM
NC_000011.10:108335103:G:T,ATM,1,0.9827905938386462,1.0,0.9507920434127052,1.0,0.9769912629906236,1.0,0.9607756185133576,1.0,4.0,1111,0.9678373796888332,0.9799265380269736,25,25,1,Unanimous LP/P-directed,logo_ATM
NC_000011.10:108335104:T:C,ATM,1,0.9590521647142656,1.0,0.911147313165737,1.0,0.9565829172630554,1.0,0.9495259573490183,1.0,4.0,1111,0.9440770881230192,0.9622282984030668,24,25,1,Unanimous LP/P-directed,logo_ATM
NC_000011.10:108335881:A:C,ATM,1,0.987923941182104,1.0,0.9768839323781155,1.0,0.9993597882978312,1.0,0.9901731023731672,1.0,4.0,1111,0.9885851910578044,0.9938032847566453,25,25,1,Unanimous LP/P-directed,logo_ATM
NC_000011.10:108343246:G:C,ATM,1,0.9775473874247858,1.0,0.9736060787067956,1.0,0.9912326185778364,1.0,0.9672168803750252,1.0,4.0,1111,0.9774007412711108,0.9865629024068866,25,25,1,Unanimous LP/P-directed,logo_ATM
NC_000011.10:108343246:G:T,ATM,1,0.9826878531413038,1.0,0.9872381121953444,1.0,0.9987964988396486,1.0,0.9867209116101526,1.0,4.0,1111,0.9888608439466124,0.9939722706685375,25,25,1,Unanimous LP/P-directed,logo_ATM
NC_000011.10:108345808:C:T,ATM,1,0.9801616993587936,1.0,0.9221115654281112,1.0,0.9849950417244464,1.0,0.9568196134023534,1.0,4.0,1111,0.9610219799784264,0.9750076182882734,25,25,1,Unanimous LP/P-directed,logo_ATM
NC_000011.10:108345818:G:T,ATM,1,0.9843472907366032,1.0,0.9722943799966632,1.0,0.9869114496906136,1.0,0.9662914585964892,1.0,4.0,1111,0.9774611447550924,0.9866036842851598,25,25,1,Unanimous LP/P-directed,logo_ATM
NC_000011.10:108345869:G:C,ATM,1,0.9886222726161784,1.0,0.9873326548163472,1.0,0.9993597882978312,1.0,0.9919085074392936,1.0,4.0,1111,0.9918058057924126,0.9957397722696671,25,25,1,Unanimous LP/P-directed,logo_ATM
NC_000011.10:108345887:G:T,ATM,1,0.990558467500979,1.0,0.9861389693156318,1.0,0.9999999627449462,1.0,0.9931694535704392,1.0,4.0,1111,0.992466713282999,0.9961258022486316,25,25,1,Unanimous LP/P-directed,logo_ATM
NC_000011.10:108345888:T:A,ATM,1,0.987820496246832,1.0,0.9872888661158444,1.0,0.9997826758038127,1.0,0.9839786027550792,1.0,4.0,1111,0.989717660230392,0.9944938702788956,25,25,1,Unanimous LP/P-directed,logo_ATM
NC_000011.10:108345888:TG:AA,ATM,1,,,,,,,,,,,,,0,25,0,,logo_ATM
NC_000011.10:108353801:C:T,ATM,1,0.9808144889338132,1.0,0.9806113250581286,1.0,0.9971610817952932,1.0,0.985414763388824,1.0,4.0,1111,0.9860004147940148,0.9921930634370612,25,25,1,Unanimous LP/P-directed,logo_ATM
NC_000011.10:108353830:G:T,ATM,1,0.9863867134890753,1.0,0.9903674437255048,1.0,0.9996900891674736,1.0,0.9930669406274276,1.0,4.0,1111,0.9923777967523704,0.9960741199726376,25,25,1,Unanimous LP/P-directed,logo_ATM
NC_000011.10:108227848:C:G,ATM,0,0.0358531412828606,0.0,3.602132743981658e-05,0.0,0.0049822887010985,0.0,0.0081466018175964,0.0,0.0,0000,0.0122545132822488,0.0075292609552408,25,25,1,Unanimous B/LB-directed,logo_ATM
NC_000011.10:108235707:A:G,ATM,0,0.0346710052767188,0.0,1.6731883856815885e-05,0.0,0.0061245405920533,0.0,0.0064308635105335,0.0,0.0,0000,0.0118107853157906,0.007221791307678,25,25,1,Unanimous B/LB-directed,logo_ATM
NC_000011.10:108235715:T:A,ATM,0,0.0374199001547159,0.0,1.7462026489395387e-05,0.0,0.0024940672523335,0.0,0.0086153004457295,0.0,0.0,0000,0.0121366824698171,0.0074474650629734,24,25,1,Unanimous B/LB-directed,logo_ATM
NC_000011.10:108243999:G:C,ATM,0,0.0565260206594219,0.0,1.1143434824442875e-05,0.0,0.0066337064376462,0.0,0.0150000438483484,0.0,0.0,0000,0.0195427285950602,0.0127683895918728,25,25,1,Unanimous B/LB-directed,logo_ATM
NC_000011.10:108244021:G:A,ATM,0,0.0194318155983969,0.0,0.0009245320156268,0.0,0.0624686418665673,0.0,0.0330639005797965,0.0,0.0,0000,0.0289722225150969,0.0199566726903598,24,25,1,Unanimous B/LB-directed,logo_ATM
NC_000011.10:108244024:T:A,ATM,0,0.1127045181028281,0.0,0.0408322547652867,0.0,0.4282786677749685,0.0,0.1545132160969215,0.0,0.0,0000,0.1840821641850012,0.1655249584177865,24,25,1,Unanimous B/LB-directed,logo_ATM
NC_000011.10:108248939:A:G,ATM,0,0.0480924636794001,0.0,4.1259458279513926e-05,0.0,0.0128868588593848,0.0,0.0174888856147751,0.0,0.0,0000,0.0196273669029599,0.0128310601044082,25,25,1,Unanimous B/LB-directed,logo_ATM
NC_000011.10:108251005:G:A,ATM,0,0.0294799111211009,0.0,1.4643582120432876e-05,0.0,0.0107105655400331,0.0,0.0054856215483655,0.0,0.0,0000,0.011422685447905,0.0069541334476825,25,25,1,Unanimous B/LB-directed,logo_ATM
NC_000011.10:108251864:C:G,ATM,0,0.0231214631538964,0.0,9.24245646905758e-05,0.0,0.0008559282503897,0.0,0.0108805107872368,0.0,0.0,0000,0.0087375816890533,0.0051376587258607,25,25,1,Unanimous B/LB-directed,logo_ATM
NC_000011.10:108254033:T:C,ATM,0,0.0332815696422114,0.0,1.0711990857012274e-06,0.0,0.007473038619761,0.0,0.0053997051255091,0.0,0.0,0000,0.0115388461466418,0.0070341191960886,24,25,1,Unanimous B/LB-directed,logo_ATM
NC_000011.10:108257591:A:C,ATM,0,0.0172223873084479,0.0,9.881339793645509e-05,0.0,0.008622514129861,0.0,0.0060984973816334,0.0,0.0,0000,0.0080105530544697,0.0046576252694331,25,25,1,Unanimous B/LB-directed,logo_ATM
NC_000011.10:108259050:C:A,ATM,0,0.026257755489748,0.0,1.755848026464935e-05,0.0,0.0111478420448848,0.0,0.0050525045498208,0.0,0.0,0000,0.0106189151411795,0.0064037075345892,25,25,1,Unanimous B/LB-directed,logo_ATM
NC_000011.10:108267275:T:C,ATM,0,0.0345131325758043,0.0,8.463933731793318e-05,0.0,0.007594575679539,0.0,0.0068510127055685,0.0,0.0,0000,0.0122608400745574,0.0075336558928118,25,25,1,Unanimous B/LB-directed,logo_ATM
NC_000011.10:108267317:C:T,ATM,0,0.0335046957513961,0.0,2.520390690575207e-05,0.0,0.0008559282503897,0.0,0.0067906459337344,0.0,0.0,0000,0.0102941184606065,0.0061828359962546,24,25,1,Unanimous B/LB-directed,logo_ATM
NC_000011.10:108271260:T:C,ATM,0,0.012358343142567,0.0,0.0011809649364419,0.0,0.0802916511295363,0.0,0.0157338852738649,0.0,0.0,0000,0.0273912111206025,0.0187248010560321,25,25,1,Unanimous B/LB-directed,logo_ATM
NC_000011.10:108272571:A:G,ATM,0,0.0336480318076878,0.0,1.908539724834744e-06,0.0,0.0038549395992899,0.0,0.0066293214760618,0.0,0.0,0000,0.0110335503556911,0.0066869817803365,25,25,1,Unanimous B/LB-directed,logo_ATM
NC_000011.10:108272728:C:G,ATM,0,0.0038183273350055,0.0,8.358131490458258e-05,0.0,0.019228354453566,0.0,0.005129938541288,0.0,0.0,0000,0.007065050411191,0.0040419566565916,24,25,1,Unanimous B/LB-directed,logo_ATM
NC_000011.10:108279588:A:G,ATM,0,0.0340451392361328,0.0,6.790316024679824e-05,0.0,0.0065154807654037,0.0,0.0038114262837415,0.0,0.0,0000,0.0111099873613812,0.0067393597786521,25,25,1,Unanimous B/LB-directed,logo_ATM
NC_000011.10:108284404:G:A,ATM,0,0.0565831500081979,0.0,1.4375787024438256e-05,0.0,0.0110600971932374,0.0,0.0049652345609435,0.0,0.0,0000,0.0181557143873508,0.0117468152169958,25,25,1,Unanimous B/LB-directed,logo_ATM
NC_000011.10:108289004:C:T,ATM,0,0.0231666805389592,0.0,1.162093936153418e-05,0.0,0.0003638059678012,0.0,0.0057775462884391,0.0,0.0,0000,0.0073299134336402,0.0042133912795343,24,25,1,Unanimous B/LB-directed,logo_ATM
NC_000011.10:108289622:C:T,ATM,0,0.0223855167976683,0.0,4.869857592271328e-05,0.0,0.0013257930541018,0.0,0.0038468946154147,0.0,0.0,0000,0.0069017257607769,0.0039366610195095,24,25,1,Unanimous B/LB-directed,logo_ATM
NC_000011.10:108297325:A:G,ATM,0,0.0424519387162751,0.0,2.4625672884970977e-05,0.0,0.004575730570209,0.0,0.0125721303508546,0.0,0.0,0000,0.0149061063275559,0.0093964918576379,25,25,1,Unanimous B/LB-directed,logo_ATM
NC_000011.10:108304734:G:A,ATM,0,0.0572101296460892,0.0,0.0002462985863351,0.0,0.0323126394545206,0.0,0.0230587534261528,0.0,0.0,0000,0.0282069552782744,0.0193591762816486,24,25,1,Unanimous B/LB-directed,logo_ATM
NC_000011.10:108307914:G:A,ATM,0,0.0285456654325965,0.0,8.210021333220172e-05,0.0,0.0173282609775487,0.0,0.0260258480181525,0.0,0.0,0000,0.0179954686604075,0.0116294661516011,25,25,1,Unanimous B/LB-directed,logo_ATM
NC_000011.10:108309008:T:C,ATM,0,,,,,,,,,,,,,2,25,0,,logo_ATM
NC_000011.10:108310217:G:C,ATM,0,0.0922130089132402,0.0,0.2323279761558825,0.0,0.3701922143601035,0.0,0.3025482564419267,0.0,0.0,0000,0.2493203639677882,0.2345885206288611,25,25,1,Unanimous B/LB-directed,logo_ATM
NC_000011.10:108312439:G:A,ATM,0,,,,,,,,,,,,,12,25,0,,logo_ATM
NC_000011.10:108315903:A:G,ATM,0,0.0250104153376148,0.0,7.04761791772293e-05,0.0,0.0045025613753475,0.0,0.0033353669951443,0.0,0.0,0000,0.0082297049718209,0.0048017419463463,25,25,1,Unanimous B/LB-directed,logo_ATM
NC_000011.10:108317408:G:A,ATM,0,0.0218319377022665,0.0,2.1679893310904605e-05,0.0,4.373626267978095e-08,0.0,0.0052944319249345,0.0,0.0,0000,0.0067870233141936,0.0038629066921794,25,25,1,Unanimous B/LB-directed,logo_ATM
NC_000011.10:108327663:T:C,ATM,0,0.0361906232235867,0.0,0.0001389966762355,0.0,0.0090830672324859,0.0,0.0037329911009226,0.0,0.0,0000,0.0122864195583077,0.0075514279139238,25,25,1,Unanimous B/LB-directed,logo_ATM
NC_000011.10:108227778:G:C,ATM,0,0.1611112536752682,0.0,0.0131030835649761,0.0,0.0691742102073995,0.0,0.0210982608935087,0.0,0.0,0000,0.0661217020852881,0.0510921323220987,25,25,1,Unanimous B/LB-directed,logo_ATM
NC_000011.10:108227826:C:T,ATM,0,0.0576580456185267,0.0,8.45501231524087e-05,0.0,0.0264279642872259,0.0,0.0189791278337099,0.0,0.0,0000,0.0257874219656537,0.0174854419188142,25,25,1,Unanimous B/LB-directed,logo_ATM
NC_000011.10:108243958:T:A,ATM,0,0.0560288748766867,0.0,0.0018095151156338,0.0,0.0192776251813897,0.0,0.0277307795708983,0.0,0.0,0000,0.0262116986861521,0.0178122778360215,25,25,1,Unanimous B/LB-directed,logo_ATM
NC_000011.10:108244064:C:A,ATM,0,0.0717984552777268,0.0,0.0006969432345774,0.0,0.0248552974701108,0.0,0.0410585659463233,0.0,0.0,0000,0.0346023154821846,0.0244188981011285,25,25,1,Unanimous B/LB-directed,logo_ATM
NC_000011.10:108244101:G:A,ATM,0,0.0902340289625058,0.0,0.0009897283994255,0.0,0.0174729109890462,0.0,0.0324607333837161,0.0,0.0,0000,0.0352893504336734,0.0249709769903745,25,25,1,Unanimous B/LB-directed,logo_ATM
NC_000011.10:108250926:T:A,ATM,0,0.7101222907013578,1.0,0.8917782545173145,1.0,0.8692064326127658,1.0,0.6641449579600471,0.0,3.0,1110,0.7838129839478712,0.8186041975332242,25,25,1,Mixed votes,logo_ATM
NC_000011.10:108251896:A:C,ATM,0,0.0349870517327692,0.0,0.0004282275973094,0.0,0.0089989659360798,0.0,0.0285115513155651,0.0,0.0,0000,0.0182314491454309,0.0118023259829475,25,25,1,Unanimous B/LB-directed,logo_ATM
NC_000011.10:108251974:C:G,ATM,0,0.0138737617910103,0.0,0.0011452273860873,0.0,0.0124359832318347,0.0,0.0397032265917024,0.0,0.0,0000,0.0167895497501587,0.0107510425404056,25,25,1,Unanimous B/LB-directed,logo_ATM
NC_000011.10:108251988:G:C,ATM,0,0.0470343224249277,0.0,0.0002322866347136,0.0,0.0134779594221081,0.0,0.0651501243006366,0.0,0.0,0000,0.0314736731955965,0.0219251956720365,25,25,1,Unanimous B/LB-directed,logo_ATM
NC_000011.10:108252005:A:G,ATM,0,0.0230972719240809,0.0,0.0001915673694488,0.0,0.0018922107625373,0.0,0.0109344146024974,0.0,0.0,0000,0.0090288661646411,0.0053314965622316,25,25,1,Unanimous B/LB-directed,logo_ATM
NC_000011.10:108253842:T:C,ATM,0,0.0409300285379122,0.0,0.0001846481245024,0.0,0.0105366770723912,0.0,0.0097088576066151,0.0,0.0,0000,0.0153400528353553,0.0097066167370508,25,25,1,Unanimous B/LB-directed,logo_ATM
NC_000011.10:108253992:G:A,ATM,0,0.020733784825788,0.0,3.3295913495681515e-05,0.0,0.004649133760269,0.0,0.0082649268025454,0.0,0.0,0000,0.0084202853255245,0.0049274824044533,25,25,1,Unanimous B/LB-directed,logo_ATM
NC_000011.10:108254033:T:A,ATM,0,0.0357670167922731,0.0,7.81676483313701e-06,0.0,0.0187861397898856,0.0,0.0222680894312393,0.0,0.0,0000,0.0192072656945578,0.0125203660113299,24,25,1,Unanimous B/LB-directed,logo_ATM
NC_000011.10:108267248:G:A,ATM,0,0.0336566672913682,0.0,0.0001128007671982,0.0,0.008208150890035,0.0,0.012996253310441,0.0,0.0,0000,0.0137434680647606,0.0085717164045627,25,25,1,Unanimous B/LB-directed,logo_ATM
NC_000011.10:108267277:T:G,ATM,0,0.0230907280808326,0.0,0.0008042141720777,0.0,0.0135236576864874,0.0,0.0087642138269212,0.0,0.0,0000,0.0115457034415797,0.0070388443646246,25,25,1,Unanimous B/LB-directed,logo_ATM
NC_000011.10:108267287:C:A,ATM,0,0.0607388852093818,0.0,3.9609004515933695e-05,0.0,0.0036086278849219,0.0,0.0071867230464451,0.0,0.0,0000,0.0178934612863162,0.0115548401635273,25,25,1,Unanimous B/LB-directed,logo_ATM
NC_000011.10:108267300:T:G,ATM,0,0.0326126826022867,0.0,0.0009393936122255,0.0,0.0206180378962947,0.0,0.0085373085236192,0.0,0.0,0000,0.0156768556586065,0.0099481428874888,25,25,1,Unanimous B/LB-directed,logo_ATM
NC_000011.10:108272772:C:T,ATM,0,0.0160383262372829,0.0,0.0010613033047716,0.0,0.0076351764650067,0.0,0.0138792556215615,0.0,0.0,0000,0.0096535154071557,0.0057499463116589,25,25,1,Unanimous B/LB-directed,logo_ATM
NC_000011.10:108284442:G:T,ATM,0,0.0682510575917986,0.0,0.0003871774885637,0.0,0.0387906826802608,0.0,0.0110166094829082,0.0,0.0,0000,0.0296113818108828,0.0204574350821491,25,25,1,Unanimous B/LB-directed,logo_ATM
NC_000011.10:108287702:G:A,ATM,0,0.0452748124533129,0.0,4.2160232500618126e-05,0.0,0.0071108460901145,0.0,0.016583911223373,0.0,0.0,0000,0.0172529324998253,0.011087592235524,25,25,1,Unanimous B/LB-directed,logo_ATM
NC_000011.10:108289798:A:T,ATM,0,0.0539605618891017,0.0,0.0028712180445506,0.0,0.0220282066909122,0.0,0.0223812267367484,0.0,0.0,0000,0.0253103033403282,0.0171188054861064,25,25,1,Unanimous B/LB-directed,logo_ATM
NC_000011.10:108293403:A:T,ATM,0,0.0196921585472567,0.0,0.0002051652179994,0.0,0.0118994103470857,0.0,0.0082154842330783,0.0,0.0,0000,0.010003054586355,0.0059856903800541,25,25,1,Unanimous B/LB-directed,logo_ATM
NC_000011.10:108301775:C:A,ATM,0,0.1459815699784479,0.0,0.0160888311160179,0.0,0.1875094935096632,0.0,0.1781861453989347,0.0,0.0,0000,0.1319415100007659,0.1128359246955597,25,25,1,Unanimous B/LB-directed,logo_ATM
NC_000011.10:108302886:C:A,ATM,0,0.0205465136237802,0.0,0.0036380063073021,0.0,0.0085393084918798,0.0,0.0499951001382451,0.0,0.0,0000,0.0206797321403018,0.0136133671492802,25,25,1,Unanimous B/LB-directed,logo_ATM
NC_000011.10:108302999:A:G,ATM,0,0.0296257975863739,0.0,5.4563506640203646e-05,0.0,0.0055475046942693,0.0,0.0066779305618534,0.0,0.0,0000,0.0104764490872842,0.0063067137544948,25,25,1,Unanimous B/LB-directed,logo_ATM
NC_000011.10:108304797:C:T,ATM,0,0.0322361053037528,0.0,5.25899647511926e-05,0.0,0.0055856135346933,0.0,0.0096161493420883,0.0,0.0,0000,0.0118726145363214,0.0072645426178309,25,25,1,Unanimous B/LB-directed,logo_ATM
NC_000011.10:108312473:A:T,ATM,0,0.1404760517257761,0.0,0.0805016242024301,0.0,0.0439791379872851,0.0,0.0541501050833852,0.0,0.0,0000,0.0797767297497191,0.0633360208554953,24,25,1,Unanimous B/LB-directed,logo_ATM
NC_000011.10:108315882:G:C,ATM,0,0.2418349999625969,0.0,0.4423872425354366,0.0,0.6003644569264631,1.0,0.7444290699804353,1.0,2.0,0011,0.507253942351233,0.5225590708025027,25,25,1,Mixed votes,logo_ATM
NC_000011.10:108325389:G:A,ATM,0,0.6404932146306884,1.0,0.0969948200481505,0.0,0.5805970235966614,1.0,0.7141931054587244,1.0,3.0,1011,0.5080695409335562,0.5234750428996702,25,25,1,Mixed votes,logo_ATM
NC_000011.10:108325453:G:T,ATM,0,0.0456949581620318,0.0,0.0004690798462245,0.0,0.0089989659360798,0.0,0.0266710754836571,0.0,0.0,0000,0.0204585198569983,0.0134484544704321,24,25,1,Unanimous B/LB-directed,logo_ATM
NC_000011.10:108327646:C:G,ATM,0,0.6897008025259146,1.0,0.1773786515569614,0.0,0.7984224163357856,1.0,0.7436209983794703,1.0,3.0,1011,0.6022807171995329,0.6282168162805478,24,25,1,Mixed votes,logo_ATM
NC_000011.10:108329039:A:G,ATM,0,0.0222292219896364,0.0,8.36143120052246e-05,0.0,0.0157543053858744,0.0,0.010124284323043,0.0,0.0,0000,0.0120478565026397,0.0073858742077303,25,25,1,Unanimous B/LB-directed,logo_ATM
NC_000011.10:108329057:G:A,ATM,0,0.0145535191188763,0.0,0.0001286175506992,0.0,0.0035737054546865,0.0,0.0084117958972804,0.0,0.0,0000,0.0066669095053856,0.0037858476490226,24,25,1,Unanimous B/LB-directed,logo_ATM
NC_000011.10:108330409:G:A,ATM,0,0.0434814493107759,0.0,0.0005302111964704,0.0,0.0251159391470549,0.0,0.0412964122945986,0.0,0.0,0000,0.027606002987225,0.0188915804233524,25,25,1,Unanimous B/LB-directed,logo_ATM
NC_000011.10:108334990:G:A,ATM,0,0.0240604540110069,0.0,2.374520815154011e-05,0.0,0.0021416644165056,0.0,0.0046837260864343,0.0,0.0,0000,0.0077273974305246,0.0044721888484473,25,25,1,Unanimous B/LB-directed,logo_ATM
NC_000011.10:108365158:T:G,ATM,0,0.0289191411582684,0.0,0.0010696986755061,0.0,0.0178598913844937,0.0,0.0144464681389715,0.0,0.0,0000,0.0155737998393099,0.009874164304409,25,25,1,Unanimous B/LB-directed,logo_ATM
NC_000011.10:108365448:C:A,ATM,0,0.0836134588720991,0.0,0.1803406282030465,0.0,0.2201728401947902,0.0,0.1691215722378357,0.0,0.0,0000,0.1633121248769429,0.1442202336330893,25,25,1,Unanimous B/LB-directed,logo_ATM
NC_000002.12:214730507:C:T,BARD1,1,,,,,,,,,,,,,12,25,0,,logo_BARD1
NC_000002.12:214780559:C:A,BARD1,1,0.9751048433633792,1.0,0.999779680983712,1.0,0.8175655211696947,1.0,0.9722754364615626,1.0,4.0,1111,0.941181370494587,0.9572851319334768,24,25,1,Unanimous LP/P-directed,logo_BARD1
NC_000002.12:214797063:C:T,BARD1,1,0.9938975070785038,1.0,0.9329206164331438,1.0,0.9880899822302608,1.0,0.991520241519556,1.0,4.0,1111,0.976607086815366,0.9848924260764066,24,25,1,Unanimous LP/P-directed,logo_BARD1
NC_000002.12:214728797:T:C,BARD1,0,0.0315493574101936,0.0,0.0055286835230763,0.0,0.0103207002978692,0.0,0.0193320427159611,0.0,0.0,0000,0.016682695986775,0.0108057019970854,24,25,1,Unanimous B/LB-directed,logo_BARD1
NC_000002.12:214730439:G:A,BARD1,0,0.0549635474830469,0.0,0.0005982307502913,0.0,0.0113561880675794,0.0,0.0069689922935771,0.0,0.0,0000,0.0184717396486237,0.0121121425783042,24,25,1,Unanimous B/LB-directed,logo_BARD1
NC_000002.12:214730478:A:G,BARD1,0,0.0261818010865883,0.0,0.0135117097491718,0.0,0.0120859443984757,0.0,0.0073792775427856,0.0,0.0,0000,0.0147896831942554,0.0094423219060981,24,25,1,Unanimous B/LB-directed,logo_BARD1
NC_000002.12:214745793:C:T,BARD1,0,0.0197959259073137,0.0,0.0116352956338518,0.0,0.0046393201613997,0.0,0.007091467312528,0.0,0.0,0000,0.0107905022537733,0.0066358466940759,24,25,1,Unanimous B/LB-directed,logo_BARD1
NC_000002.12:214752453:C:G,BARD1,0,0.0429191456404076,0.0,0.0019903203848142,0.0,0.0009576397776747,0.0,0.0051979996773506,0.0,0.0,0000,0.0127662763700618,0.0080088544849518,23,25,1,Unanimous B/LB-directed,logo_BARD1
NC_000002.12:214767530:C:T,BARD1,0,0.0438133429157392,0.0,0.0001804261349893,0.0,0.0010291110612768,0.0,0.0058287965637323,0.0,0.0,0000,0.0127129191689344,0.0079714131589312,23,25,1,Unanimous B/LB-directed,logo_BARD1
NC_000002.12:214780739:C:G,BARD1,0,0.0448145183835082,0.0,0.0001630964377845,0.0,0.0021815261600904,0.0,0.0059846411094946,0.0,0.0,0000,0.0132859455227194,0.0083745067932635,23,25,1,Unanimous B/LB-directed,logo_BARD1
NC_000002.12:214781151:G:C,BARD1,0,0.005264216199733,0.0,0.0002192080504656,0.0,0.0425787605581138,0.0,0.0141955214627198,0.0,0.0,0000,0.015564426567758,0.0099978312945221,24,25,1,Unanimous B/LB-directed,logo_BARD1
NC_000002.12:214781253:T:C,BARD1,0,0.0163930985967924,0.0,0.0001143930309845,0.0,0.0043442533253588,0.0,0.00548856212175,0.0,0.0,0000,0.0065850767687214,0.0038217041719787,24,25,1,Unanimous B/LB-directed,logo_BARD1
NC_000002.12:214792407:C:A,BARD1,0,0.0048711158594399,0.0,0.003517810254923,0.0,0.0096559794799494,0.0,0.0121071780232607,0.0,0.0,0000,0.0075380209043933,0.0044443269707542,24,25,1,Unanimous B/LB-directed,logo_BARD1
NC_000002.12:214809499:G:A,BARD1,0,0.0451700471477045,0.0,0.0143636588095726,0.0,0.0070659275951655,0.0,0.0061812720279719,0.0,0.0,0000,0.0181952263951036,0.0119091411577743,23,25,1,Unanimous B/LB-directed,logo_BARD1
NC_000002.12:214809525:C:A,BARD1,0,0.0277533260928966,0.0,0.0020230817436792,0.0,0.0155350961076217,0.0,0.0691429130697163,0.0,0.0,0000,0.0286136042534785,0.0197917562939839,24,25,1,Unanimous B/LB-directed,logo_BARD1
NC_000002.12:214728919:G:A,BARD1,0,0.1724774606345728,0.0,0.0652184749997578,0.0,0.0374239415966055,0.0,0.0642849555406868,0.0,0.0,0000,0.0848512081929057,0.0674999576467832,24,25,1,Unanimous B/LB-directed,logo_BARD1
NC_000002.12:214780613:C:A,BARD1,0,0.0312671506356166,0.0,0.0040801591669416,0.0,0.0037986887571105,0.0,0.0266216083937533,0.0,0.0,0000,0.0164419017383555,0.0106311585673986,24,25,1,Unanimous B/LB-directed,logo_BARD1
NC_000002.12:214780616:A:T,BARD1,0,0.0527373852117514,0.0,0.0054071650188801,0.0,0.0054459797469632,0.0,0.0307854986986426,0.0,0.0,0000,0.0235940071690593,0.0159375119837198,24,25,1,Unanimous B/LB-directed,logo_BARD1
NC_000002.12:214780734:T:G,BARD1,0,0.0316097628502953,0.0,0.0001816050372913,0.0,0.0034853396399706,0.0,0.0179873285979846,0.0,0.0,0000,0.0133160090313855,0.0083957147556335,24,25,1,Unanimous B/LB-directed,logo_BARD1
NC_000002.12:214780802:T:C,BARD1,0,0.0361082519346882,0.0,7.547155278647094e-05,0.0,0.0020975841056603,0.0,0.0100097985180018,0.0,0.0,0000,0.0120727765277842,0.0075237404130006,24,25,1,Unanimous B/LB-directed,logo_BARD1
NC_000002.12:214780957:T:C,BARD1,0,0.0550348388357327,0.0,0.0020527534560964,0.0,0.0071384082218766,0.0,0.0113085394347873,0.0,0.0,0000,0.0188836349871233,0.0124152423009038,24,25,1,Unanimous B/LB-directed,logo_BARD1
NC_000002.12:214780968:T:C,BARD1,0,0.0431783169968831,0.0,0.0025321468758913,0.0,0.0148895015280069,0.0,0.037986548099308,0.0,0.0,0000,0.0246466283750223,0.0167376864976815,24,25,1,Unanimous B/LB-directed,logo_BARD1
NC_000002.12:214780999:T:C,BARD1,0,0.0350465943436863,0.0,0.0022067843150825,0.0,0.001662187633128,0.0,0.0088096517997273,0.0,0.0,0000,0.011931304522906,0.0074251906329858,24,25,1,Unanimous B/LB-directed,logo_BARD1
NC_000002.12:214781197:C:T,BARD1,0,0.040261213290494,0.0,0.0004881818571142,0.0,0.0129916614191349,0.0,0.0153788603459212,0.0,0.0,0000,0.0172799792281661,0.0112400032750595,24,25,1,Unanimous B/LB-directed,logo_BARD1
NC_000002.12:214781493:T:C,BARD1,0,0.0418465598774774,0.0,0.0010400653126779,0.0,0.0076871520966181,0.0,0.0170941341329129,0.0,0.0,0000,0.0169169778549216,0.010975827026085,24,25,1,Unanimous B/LB-directed,logo_BARD1
NC_000002.12:214792443:T:A,BARD1,0,0.0386641851459211,0.0,0.0368578826101824,0.0,0.009039605146179,0.0,0.0275723749040908,0.0,0.0,0000,0.0280335119515933,0.0193415270649014,24,25,1,Unanimous B/LB-directed,logo_BARD1
NC_000002.12:214809499:GC:AT,BARD1,0,,,,,,,,,,,,,0,25,0,,logo_BARD1
NC_000015.10:90763097:A:G,BLM,1,0.999825435446304,1.0,0.9988411328444669,1.0,0.9999999769244726,1.0,0.996042183611426,1.0,4.0,1111,0.9986771822066672,0.9993827749691894,25,25,1,Unanimous LP/P-directed,logo_BLM
NC_000015.10:90794253:G:T,BLM,1,0.9941818655263376,1.0,0.9846921203161176,1.0,0.9993116215724837,1.0,0.991878534450122,1.0,4.0,1111,0.9925160354662652,0.9957591443301052,25,25,1,Unanimous LP/P-directed,logo_BLM
NC_000015.10:90794310:G:C,BLM,1,0.989379448347846,1.0,0.9778506647558874,1.0,0.9998680977147092,1.0,0.993634465907171,1.0,4.0,1111,0.9901831691814034,0.9942619388775348,25,25,1,Unanimous LP/P-directed,logo_BLM
NC_000015.10:90747392:A:C,BLM,1,0.967130141218874,1.0,0.8048084368590019,1.0,0.9785883123520056,1.0,0.9581044734672496,1.0,4.0,1111,0.9271578409742828,0.9456649559035354,21,25,1,Unanimous LP/P-directed,logo_BLM
NC_000015.10:90794309:T:C,BLM,1,0.9936770490963736,1.0,0.98388652883441,1.0,0.9999999769244726,1.0,0.9957494849966728,1.0,4.0,1111,0.9933282599629822,0.9962684586423236,25,25,1,Unanimous LP/P-directed,logo_BLM
NC_000015.10:90794337:A:T,BLM,1,0.9993132946425418,1.0,0.9977770146528048,1.0,0.9993902723104212,1.0,0.9968939599383078,1.0,4.0,1111,0.9983436353860188,0.9992075895355874,25,25,1,Unanimous LP/P-directed,logo_BLM
NC_000015.10:90749521:G:C,BLM,0,0.0611098935730689,0.0,0.0033216760172091,0.0,0.0034001165956116,0.0,0.0067157456360321,0.0,0.0,0000,0.0186368579554804,0.0125138273543669,24,25,1,Unanimous B/LB-directed,logo_BLM
NC_000015.10:90749677:A:G,BLM,0,0.0016913243100653,0.0,0.0001004169208354,0.0,0.0003465203873894,0.0,0.0052648309434621,0.0,0.0,0000,0.001850773140438,0.0009564691980016,24,25,1,Unanimous B/LB-directed,logo_BLM
NC_000015.10:90751879:C:T,BLM,0,0.0203827631090275,0.0,0.0056013606451221,0.0,0.0002748230132575,0.0,0.0057731195439733,0.0,0.0,0000,0.0080080165778451,0.0048781069877653,25,25,1,Unanimous B/LB-directed,logo_BLM
NC_000015.10:90782868:C:T,BLM,0,0.0021088559402551,0.0,0.0010790285723396,0.0,0.0448420774421599,0.0,0.0220491033670261,0.0,0.0,0000,0.0175197663304452,0.0116789781431332,24,25,1,Unanimous B/LB-directed,logo_BLM
NC_000015.10:90794208:A:G,BLM,0,0.0017333977835359,0.0,0.0038975386789983,0.0,0.0065095534424828,0.0,0.0161142517433034,0.0,0.0,0000,0.0070636854120801,0.0042419831753032,25,25,1,Unanimous B/LB-directed,logo_BLM
NC_000015.10:90794274:C:A,BLM,0,0.000747823303741,0.0,0.0049383184757315,0.0,0.0352807255578017,0.0,0.0231683901889937,0.0,0.0,0000,0.016033814381567,0.010578512188645,25,25,1,Unanimous B/LB-directed,logo_BLM
NC_000015.10:90804199:G:A,BLM,0,0.0139967347038233,0.0,0.002613588733136,0.0,0.0045567989331228,0.0,0.0078004633662216,0.0,0.0,0000,0.0072418964340759,0.0043613137431633,25,25,1,Unanimous B/LB-directed,logo_BLM
NC_000015.10:90804220:G:A,BLM,0,0.0033077528664145,0.0,0.0004854871123282,0.0,0.0046538201565532,0.0,0.0075174097297693,0.0,0.0,0000,0.0039911174662663,0.0022473890618815,25,25,1,Unanimous B/LB-directed,logo_BLM
NC_000015.10:90811290:G:A,BLM,0,0.0287500943695288,0.0,0.0014941478877893,0.0,0.0029539021272243,0.0,0.0063366011614298,0.0,0.0,0000,0.0098836863864931,0.0061669513587814,24,25,1,Unanimous B/LB-directed,logo_BLM
NC_000015.10:90749686:A:G,BLM,0,0.0074366388581351,0.0,0.0002246909361125,0.0,0.0048165411201564,0.0,0.00627034523203,0.0,0.0,0000,0.0046870540366085,0.002687352970009,24,25,1,Unanimous B/LB-directed,logo_BLM
NC_000015.10:90749722:A:G,BLM,0,0.0349856472652446,0.0,0.0030871980731518,0.0,2.5118287753546486e-08,0.0,0.0232628646198152,0.0,0.0,0000,0.0153339337691248,0.0100643848434605,24,25,1,Unanimous B/LB-directed,logo_BLM
NC_000015.10:90749919:A:G,BLM,0,0.0524653978429532,0.0,0.055337438277634,0.0,0.0027794252354337,0.0,0.0154524356417168,0.0,0.0,0000,0.0315086742494344,0.0225181656432528,23,25,1,Unanimous B/LB-directed,logo_BLM
NC_000015.10:90751818:G:A,BLM,0,0.0315747393228731,0.0,0.0021219022153961,0.0,2.5118287753546486e-08,0.0,0.0127619502858266,0.0,0.0,0000,0.0116146542355959,0.0073823849287485,25,25,1,Unanimous B/LB-directed,logo_BLM
NC_000015.10:90760705:C:T,BLM,0,0.0537432947917316,0.0,0.206852213244998,0.0,0.0022431575498483,0.0,0.0256540033189465,0.0,0.0,0000,0.0721231672263811,0.0571251848525008,24,25,1,Unanimous B/LB-directed,logo_BLM
NC_000015.10:90761086:C:T,BLM,0,0.0498271241673745,0.0,0.1740952807453395,0.0,0.0197331833115557,0.0,0.0187080371896076,0.0,0.0,0000,0.0655909063534693,0.0513253247517897,24,25,1,Unanimous B/LB-directed,logo_BLM
NC_000015.10:90794263:A:G,BLM,0,0.0075710228739404,0.0,0.0077662591622352,0.0,0.0079792629710633,0.0,0.00766297282623,0.0,0.0,0000,0.0077448794583672,0.004699928372609,25,25,1,Unanimous B/LB-directed,logo_BLM
NC_000015.10:90803699:G:A,BLM,0,0.0134727730355588,0.0,0.0105116834212124,0.0,0.0155743275377519,0.0,0.0167285224209959,0.0,0.0,0000,0.0140718266038798,0.0091444482309703,25,25,1,Unanimous B/LB-directed,logo_BLM
NC_000015.10:90803711:A:C,BLM,0,0.0247122973195083,0.0,0.0056297841523177,0.0,0.0040473254962191,0.0,0.0171287921968752,0.0,0.0,0000,0.0128795497912301,0.008284436261957,24,25,1,Unanimous B/LB-directed,logo_BLM
NC_000015.10:90811221:G:C,BLM,0,0.0527781141767038,0.0,0.0064614411627387,0.0,0.0002748230132575,0.0,0.011433929971038,0.0,0.0,0000,0.0177370770809345,0.0118408889206883,25,25,1,Unanimous B/LB-directed,logo_BLM
NC_000015.10:90815206:C:A,BLM,0,0.0409448556482758,0.0,0.0121473648394273,0.0,0.0038598467044743,0.0,0.0076726270439967,0.0,0.0,0000,0.0161561735590435,0.0106686782130446,23,25,1,Unanimous B/LB-directed,logo_BLM
NC_000015.10:90815237:A:G,BLM,0,0.047519854575887,0.0,0.0019337134831186,0.0,0.0002748230132575,0.0,0.010080791157464,0.0,0.0,0000,0.0149522955574318,0.0097852168626445,24,25,1,Unanimous B/LB-directed,logo_BLM
NC_000017.11:43045760:A:G,BRCA1,1,0.998374418295666,1.0,0.9969792841945134,1.0,0.9967918540909032,1.0,0.993895299116703,1.0,4.0,1111,0.9965102139244464,0.9983617281037724,25,25,1,Unanimous LP/P-directed,logo_BRCA1
NC_000017.11:43049163:C:A,BRCA1,1,0.9898306904492268,1.0,0.9813774590674648,1.0,0.9822683148691004,1.0,0.9926021128922684,1.0,4.0,1111,0.9865196443195152,0.9924194477930242,25,25,1,Unanimous LP/P-directed,logo_BRCA1
NC_000017.11:43051070:A:T,BRCA1,1,0.990108851530324,1.0,0.9864478914523562,1.0,0.9849774156633652,1.0,0.9888504495161972,1.0,4.0,1111,0.9875961520405608,0.9931033886629758,25,25,1,Unanimous LP/P-directed,logo_BRCA1
NC_000017.11:43051070:A:C,BRCA1,1,0.9928019152199102,1.0,0.9831367165393948,1.0,0.9849774156633652,1.0,0.9916617327637592,1.0,4.0,1111,0.9881444450466074,0.993448583044488,25,25,1,Unanimous LP/P-directed,logo_BRCA1
NC_000017.11:43051097:A:C,BRCA1,1,0.9982991187837384,1.0,0.998022788885895,1.0,0.9900945950059152,1.0,0.9932740812429334,1.0,4.0,1111,0.9949226459796204,0.9974954282860043,25,25,1,Unanimous LP/P-directed,logo_BRCA1
NC_000017.11:43051103:A:G,BRCA1,1,0.9973514919321308,1.0,0.9945733457484714,1.0,0.987589581827218,1.0,0.991567704175902,1.0,4.0,1111,0.9927705309209308,0.9962621930393484,25,25,1,Unanimous LP/P-directed,logo_BRCA1
NC_000017.11:43057082:G:C,BRCA1,1,0.9939560656542574,1.0,0.9960979585663332,1.0,0.944076952102178,1.0,0.9823984925912436,1.0,4.0,1111,0.9791323672285032,0.9875372900106753,25,25,1,Unanimous LP/P-directed,logo_BRCA1
NC_000017.11:43057112:T:A,BRCA1,1,0.9931664406925318,1.0,0.997720249259512,1.0,0.9705995047191406,1.0,0.9941893243550606,1.0,4.0,1111,0.9889188797565612,0.9939323304923124,25,25,1,Unanimous LP/P-directed,logo_BRCA1
NC_000017.11:43057112:T:C,BRCA1,1,0.9931887140158376,1.0,0.996452272874678,1.0,0.961100943027802,1.0,0.987802365780776,1.0,4.0,1111,0.9846360739247736,0.991204338457626,25,25,1,Unanimous LP/P-directed,logo_BRCA1
NC_000017.11:43057116:C:T,BRCA1,1,0.9922766526588338,1.0,0.996338584797914,1.0,0.9822683148691004,1.0,0.987802365780776,1.0,4.0,1111,0.989671479526656,0.9943979382317392,25,25,1,Unanimous LP/P-directed,logo_BRCA1
NC_000017.11:43057121:A:G,BRCA1,1,0.9889505416843823,1.0,0.9961571750806476,1.0,0.9510528997449854,1.0,0.9673822442533456,1.0,4.0,1111,0.9758857151908404,0.9853040123226156,25,25,1,Unanimous LP/P-directed,logo_BRCA1
NC_000017.11:43063371:C:A,BRCA1,1,0.9929280601134124,1.0,0.9869261186252208,1.0,0.998627274285374,1.0,0.994043778963153,1.0,4.0,1111,0.99313130799679,0.9964729077353212,25,25,1,Unanimous LP/P-directed,logo_BRCA1
NC_000017.11:43063880:G:C,BRCA1,1,0.9713523888155744,1.0,0.9866170990792208,1.0,0.957809558577727,1.0,0.9854687043820438,1.0,4.0,1111,0.9753119377136416,0.9849045057785726,25,25,1,Unanimous LP/P-directed,logo_BRCA1
NC_000017.11:43063880:G:T,BRCA1,1,0.9523074858494048,1.0,0.9685420391585624,1.0,0.9510528997449854,1.0,0.9847850077979732,1.0,4.0,1111,0.9641718581377314,0.9768986885415046,25,25,1,Unanimous LP/P-directed,logo_BRCA1
NC_000017.11:43063882:T:G,BRCA1,1,0.924304494763693,1.0,0.9317629959179604,1.0,0.967498580839106,1.0,0.9858470184524654,1.0,4.0,1111,0.9523532724933064,0.9679702230321844,25,25,1,Unanimous LP/P-directed,logo_BRCA1
NC_000017.11:43063902:G:T,BRCA1,1,0.9916756843280816,1.0,0.979464233041194,1.0,0.9822683148691004,1.0,0.9915069187368162,1.0,4.0,1111,0.986228787743798,0.9922333033467512,25,25,1,Unanimous LP/P-directed,logo_BRCA1
NC_000017.11:43063908:C:T,BRCA1,1,0.9668410466038212,1.0,0.9230261238514896,1.0,0.994721702179851,1.0,0.9901472238641572,1.0,4.0,1111,0.9686840241248298,0.980195008425515,25,25,1,Unanimous LP/P-directed,logo_BRCA1
NC_000017.11:43063929:C:T,BRCA1,1,0.9509633379774314,1.0,0.8876350426696017,1.0,0.8933109466715965,1.0,0.9758132394376622,1.0,4.0,1111,0.926930641689073,0.9475967523090412,25,25,1,Unanimous LP/P-directed,logo_BRCA1
NC_000017.11:43063930:G:A,BRCA1,1,0.99688884014437,1.0,0.9949737280369864,1.0,0.9765893466374608,1.0,0.9856144744094684,1.0,4.0,1111,0.9885165973070712,0.993681616648554,25,25,1,Unanimous LP/P-directed,logo_BRCA1
NC_000017.11:43063936:A:G,BRCA1,1,0.9783422862318246,1.0,0.942902132187264,1.0,0.994721702179851,1.0,0.9918360954242365,1.0,4.0,1111,0.976950554005794,0.9860416858252664,25,25,1,Unanimous LP/P-directed,logo_BRCA1
NC_000017.11:43067609:G:A,BRCA1,1,0.9984378739337916,1.0,0.9998389394865024,1.0,0.9765893466374608,1.0,0.9885628546743496,1.0,4.0,1111,0.9908572536830262,0.9951218927711136,25,25,1,Unanimous LP/P-directed,logo_BRCA1
NC_000017.11:43067615:A:C,BRCA1,1,0.996420422572724,1.0,0.993433209999402,1.0,0.987589581827218,1.0,0.9840264125071534,1.0,4.0,1111,0.9903674067266244,0.9948243112947336,25,25,1,Unanimous LP/P-directed,logo_BRCA1
NC_000017.11:43067623:A:T,BRCA1,1,0.9777119013290158,1.0,0.9822837127126578,1.0,0.9643314517242394,1.0,0.9732804066205312,1.0,4.0,1111,0.974401868096611,0.9842680235216014,25,25,1,Unanimous LP/P-directed,logo_BRCA1
NC_000017.11:43067624:T:C,BRCA1,1,0.9852423746055607,1.0,0.936456137889345,1.0,0.987589581827218,1.0,0.985672254920439,1.0,4.0,1111,0.9737400873106408,0.9838030595112056,25,25,1,Unanimous LP/P-directed,logo_BRCA1
NC_000017.11:43067627:G:A,BRCA1,1,0.9961394507394324,1.0,0.9886527783611728,1.0,0.9924786271580897,1.0,0.9840446582219368,1.0,4.0,1111,0.990328878620158,0.9948008151293064,25,25,1,Unanimous LP/P-directed,logo_BRCA1
NC_000017.11:43067628:T:C,BRCA1,1,0.9112469164132,1.0,0.7457559993529008,1.0,0.9265134228880656,1.0,0.9565270283312473,1.0,4.0,1111,0.8850108417463534,0.911371037954236,25,25,1,Unanimous LP/P-directed,logo_BRCA1
NC_000017.11:43070949:G:A,BRCA1,1,0.9948254732996836,1.0,0.986513131822751,1.0,0.9822683148691004,1.0,0.9832468098473952,1.0,4.0,1111,0.9867134324597324,0.9925431556542946,25,25,1,Unanimous LP/P-directed,logo_BRCA1
NC_000017.11:43071045:G:C,BRCA1,1,0.6941087220030777,1.0,0.9996537636224376,1.0,0.5928908294876422,1.0,0.7670866315824417,1.0,4.0,1111,0.7634349866738999,0.7939158010105677,25,25,1,Unanimous LP/P-directed,logo_BRCA1
NC_000017.11:43076487:C:A,BRCA1,1,0.9681763568639344,1.0,0.9947237712363748,1.0,0.8144970358915891,1.0,0.9493554468377228,1.0,4.0,1111,0.9316881527074052,0.9515147059804396,25,25,1,Unanimous LP/P-directed,logo_BRCA1
NC_000017.11:43082528:A:G,BRCA1,1,0.3851053123587459,0.0,0.768484765523305,1.0,0.7036365463584501,1.0,0.7362139709741523,1.0,3.0,0111,0.6483601488036633,0.6718097101169924,25,25,1,Mixed votes,logo_BRCA1
NC_000017.11:43106455:C:T,BRCA1,1,0.9977475906753568,1.0,0.9997617348341208,1.0,0.9219536097388992,1.0,0.9259144471038953,1.0,4.0,1111,0.961344345588068,0.9747996092464296,25,25,1,Unanimous LP/P-directed,logo_BRCA1
NC_000017.11:43106476:C:T,BRCA1,1,0.9975291282242308,1.0,0.9899320540629336,1.0,0.9999999525664638,1.0,0.9945068197852364,1.0,4.0,1111,0.9954919886597162,0.9978110105962582,25,25,1,Unanimous LP/P-directed,logo_BRCA1
NC_000017.11:43106477:A:C,BRCA1,1,0.9978977812991572,1.0,0.9998760908717952,1.0,0.9999999525664638,1.0,0.9939891748271998,1.0,4.0,1111,0.997940749891154,0.9990979659252288,25,25,1,Unanimous LP/P-directed,logo_BRCA1
NC_000017.11:43106486:A:C,BRCA1,1,0.997951591536017,1.0,0.991204127100152,1.0,0.9999999525664638,1.0,0.9941729498431816,1.0,4.0,1111,0.9958321552614536,0.997997061207146,25,25,1,Unanimous LP/P-directed,logo_BRCA1
NC_000017.11:43124031:A:G,BRCA1,1,0.9991017263282466,1.0,0.9992379871252428,1.0,0.994721702179851,1.0,0.9945844200693478,1.0,4.0,1111,0.996911458925672,0.998573208770508,25,25,1,Unanimous LP/P-directed,logo_BRCA1
NC_000017.11:43124043:A:G,BRCA1,1,0.9955291523735866,1.0,0.9979494366472962,1.0,0.9900945950059152,1.0,0.991375584587646,1.0,4.0,1111,0.993737192153611,0.996823361269407,25,25,1,Unanimous LP/P-directed,logo_BRCA1
NC_000017.11:43045708:A:G,BRCA1,1,0.993027965814176,1.0,0.9933356812419604,1.0,0.9643314517242394,1.0,0.9891972505331208,1.0,4.0,1111,0.984973087328374,0.9914233874174984,25,25,1,Unanimous LP/P-directed,logo_BRCA1
NC_000017.11:43045711:T:C,BRCA1,1,0.9733431280318802,1.0,0.9710803636314248,1.0,0.93322959640024,1.0,0.9906553445164796,1.0,4.0,1111,0.967077108145006,0.9790289272221976,25,25,1,Unanimous LP/P-directed,logo_BRCA1
NC_000017.11:43045711:T:G,BRCA1,1,0.9566741599456638,1.0,0.9440996271817454,1.0,0.93322959640024,1.0,0.9652960777713844,1.0,4.0,1111,0.9498248653247584,0.9660105885400052,24,25,1,Unanimous LP/P-directed,logo_BRCA1
NC_000017.11:43045712:A:G,BRCA1,1,0.840436393286699,1.0,0.8684080745117734,1.0,0.7809305674833454,1.0,0.7146087489990616,1.0,4.0,1111,0.8010959460702198,0.8318728225528627,24,25,1,Unanimous LP/P-directed,logo_BRCA1
NC_000017.11:43045712:A:T,BRCA1,1,0.9847966318276732,1.0,0.9741855691487824,1.0,0.93322959640024,1.0,0.9755936997564316,1.0,4.0,1111,0.9669513742832816,0.97893731353112,24,25,1,Unanimous LP/P-directed,logo_BRCA1
NC_000017.11:43045742:C:G,BRCA1,1,0.9709997976195972,1.0,0.9847176952029524,1.0,0.9765893466374608,1.0,0.985679833338982,1.0,4.0,1111,0.979496668199748,0.9877848490235596,25,25,1,Unanimous LP/P-directed,logo_BRCA1
NC_000017.11:43045746:A:C,BRCA1,1,0.951419870752322,1.0,0.9949264669618688,1.0,0.8687824400967352,1.0,0.9317328840119306,1.0,4.0,1111,0.936715415455714,0.9556051587256518,25,25,1,Unanimous LP/P-directed,logo_BRCA1
NC_000017.11:43045747:C:A,BRCA1,1,0.9762983632220184,1.0,0.981007664567081,1.0,0.9219536097388992,1.0,0.9482759791962064,1.0,4.0,1111,0.9568839041810512,0.9714397452096758,24,25,1,Unanimous LP/P-directed,logo_BRCA1
NC_000017.11:43045747:C:T,BRCA1,1,0.9631537374912594,1.0,0.9737549367225092,1.0,0.967498580839106,1.0,0.981418560286229,1.0,4.0,1111,0.971456453834776,0.9821853152182204,25,25,1,Unanimous LP/P-directed,logo_BRCA1
NC_000017.11:43045748:T:G,BRCA1,1,0.9913535198514036,1.0,0.9823643119500166,1.0,0.998627274285374,1.0,0.9940913296584803,1.0,4.0,1111,0.9916091089363186,0.9955743394417796,25,25,1,Unanimous LP/P-directed,logo_BRCA1
NC_000017.11:43045753:A:G,BRCA1,1,0.9928482592159852,1.0,0.9928061298774192,1.0,0.9794701835230945,1.0,0.991882697236978,1.0,4.0,1111,0.9892518174633692,0.9941388696521692,25,25,1,Unanimous LP/P-directed,logo_BRCA1
NC_000017.11:43045756:A:C,BRCA1,1,0.9944169261703796,1.0,0.990166382356792,1.0,0.961100943027802,1.0,0.9824738582173216,1.0,4.0,1111,0.9820395274430738,0.9894944586502396,25,25,1,Unanimous LP/P-directed,logo_BRCA1
NC_000017.11:43045756:A:T,BRCA1,1,0.9975432790516252,1.0,0.9958179149385328,1.0,0.9849774156633652,1.0,0.9943855364417477,1.0,4.0,1111,0.9931810365238176,0.9965018356167952,25,25,1,Unanimous LP/P-directed,logo_BRCA1
NC_000017.11:43045758:C:A,BRCA1,1,0.9960572182120088,1.0,0.9956836580280876,1.0,0.9924786271580897,1.0,0.9932943686834356,1.0,4.0,1111,0.9943784680204052,0.9971892883195488,25,25,1,Unanimous LP/P-directed,logo_BRCA1
NC_000017.11:43045758:CC:AG,BRCA1,1,,,,,,,,,,,,,0,25,0,,logo_BRCA1
NC_000017.11:43045758:C:G,BRCA1,1,0.9960861075995138,1.0,0.9957459507812018,1.0,0.9924786271580897,1.0,0.9932943686834356,1.0,4.0,1111,0.99440126355556,0.9972021958230838,25,25,1,Unanimous LP/P-directed,logo_BRCA1
NC_000017.11:43045760:A:C,BRCA1,1,0.997689436370495,1.0,0.995753380955428,1.0,0.9924786271580897,1.0,0.9926970389863168,1.0,4.0,1111,0.9946546208675824,0.9973451703151436,25,25,1,Unanimous LP/P-directed,logo_BRCA1
NC_000017.11:43045760:A:T,BRCA1,1,0.9983455179896245,1.0,0.9968982931772038,1.0,0.9967918540909032,1.0,0.993895299116703,1.0,4.0,1111,0.9964827410936086,0.9983471248934837,25,25,1,Unanimous LP/P-directed,logo_BRCA1
NC_000017.11:43045772:C:T,BRCA1,1,0.9522059680888048,1.0,0.957130819331542,1.0,0.9475914788548344,1.0,0.9750885424093352,1.0,4.0,1111,0.9580042021711292,0.9722890006189736,25,25,1,Unanimous LP/P-directed,logo_BRCA1
NC_000017.11:43045781:C:A,BRCA1,1,0.0958306303801742,0.0,0.3371963646583314,0.0,0.0524419332040188,0.0,0.0356233153383873,0.0,0.0,0000,0.1302730608952279,0.1072306003404703,24,25,1,Unanimous B/LB-directed,logo_BRCA1
NC_000017.11:43045793:G:A,BRCA1,1,,,,,,,,,,,,,10,25,0,,logo_BRCA1
NC_000017.11:43047642:C:A,BRCA1,1,0.8262361726185714,1.0,0.9973136388604886,1.0,0.6363229718755684,1.0,0.8896380941906877,1.0,4.0,1111,0.8373777193863291,0.8672070320220233,24,25,1,Unanimous LP/P-directed,logo_BRCA1
NC_000017.11:43047642:C:G,BRCA1,1,0.9817238013360068,1.0,0.9988122143471614,1.0,0.8129280454592633,1.0,0.956915301898252,1.0,4.0,1111,0.9375948407601707,0.9563152668847588,24,25,1,Unanimous LP/P-directed,logo_BRCA1
NC_000017.11:43047642:C:T,BRCA1,1,0.8797691882658146,1.0,0.9983977193082212,1.0,0.7103843564712766,1.0,0.9066687318523332,1.0,4.0,1111,0.8738049989744114,0.9012379040599788,25,25,1,Unanimous LP/P-directed,logo_BRCA1
NC_000017.11:43047656:T:C,BRCA1,1,0.9242367982360064,1.0,0.9826947955487754,1.0,0.6987329070210356,1.0,0.9381554198804052,1.0,4.0,1111,0.8859549801715557,0.912216907741278,24,25,1,Unanimous LP/P-directed,logo_BRCA1
NC_000017.11:43047660:C:A,BRCA1,1,,,,,,,,,,,,,10,25,0,,logo_BRCA1
NC_000017.11:43047664:C:T,BRCA1,1,,,,,,,,,,,,,10,25,0,,logo_BRCA1
NC_000017.11:43047675:G:C,BRCA1,1,0.9144005881879512,1.0,0.8907735761419264,1.0,0.7686456566062455,1.0,0.957832551866805,1.0,4.0,1111,0.8829130932007321,0.9094871604796982,24,25,1,Unanimous LP/P-directed,logo_BRCA1
NC_000017.11:43047677:T:C,BRCA1,1,0.5746446747711279,0.0,0.779015082161529,1.0,0.6577711186412846,1.0,0.3035748763525004,0.0,2.0,0110,0.5787514379816106,0.5948534542695422,24,25,1,Mixed votes,logo_BRCA1
NC_000017.11:43047677:T:G,BRCA1,1,0.9675460365135052,1.0,0.969855389600796,1.0,0.8556348012460363,1.0,0.6780730781487839,1.0,4.0,1111,0.8677773263772803,0.8957183070283486,24,25,1,Unanimous LP/P-directed,logo_BRCA1
NC_000017.11:43047678:G:A,BRCA1,1,,,,,,,,,,,,,10,25,0,,logo_BRCA1
NC_000017.11:43047683:A:T,BRCA1,1,0.9924550396940036,1.0,0.9924649275335624,1.0,0.9405108619763006,1.0,0.9644414960839156,1.0,4.0,1111,0.9724680813219456,0.9829044546058976,23,25,1,Unanimous LP/P-directed,logo_BRCA1
NC_000017.11:43047701:C:G,BRCA1,1,0.2052424409555884,0.0,0.3938537203581488,0.0,0.2355497127556913,0.0,0.4135912776526096,0.0,0.0,0000,0.3120592879305096,0.2957311675145531,24,25,1,Unanimous B/LB-directed,logo_BRCA1
NC_000017.11:43049160:G:A,BRCA1,1,0.9541960543568296,1.0,0.9412666509831432,1.0,0.8191854828911108,1.0,0.8330117219593068,1.0,4.0,1111,0.8869149775475976,0.9130756951579468,24,25,1,Unanimous LP/P-directed,logo_BRCA1
NC_000017.11:43049160:G:T,BRCA1,1,0.9857833168815856,1.0,0.9705283938160724,1.0,0.9822683148691004,1.0,0.9919428377926398,1.0,4.0,1111,0.9826307158398496,0.9898870973062218,24,25,1,Unanimous LP/P-directed,logo_BRCA1
NC_000017.11:43049163:CCACA:TCACT,BRCA1,1,,,,,,,,,,,,,0,25,0,,logo_BRCA1
NC_000017.11:43049163:C:G,BRCA1,1,0.923875988610765,1.0,0.8826399617854558,1.0,0.8741705173033895,1.0,0.9742307102533362,1.0,4.0,1111,0.9137292944882366,0.9365025320956254,24,25,1,Unanimous LP/P-directed,logo_BRCA1
NC_000017.11:43049164:C:A,BRCA1,1,0.9830420087786448,1.0,0.9753968156618886,1.0,0.92951698402998,1.0,0.972385449754946,1.0,4.0,1111,0.9650853145563648,0.9775714441277036,24,25,1,Unanimous LP/P-directed,logo_BRCA1
NC_000017.11:43049166:C:T,BRCA1,1,0.9644386419131096,1.0,0.9473527824409328,1.0,0.9510528997449854,1.0,0.9869846258832132,1.0,4.0,1111,0.9624572374955602,0.9756287428608938,24,25,1,Unanimous LP/P-directed,logo_BRCA1
NC_000017.11:43049175:A:T,BRCA1,1,0.971818929065684,1.0,0.9732058896818024,1.0,0.9142130183708604,1.0,0.9559182235873016,1.0,4.0,1111,0.953789015176412,0.969075646600395,24,25,1,Unanimous LP/P-directed,logo_BRCA1
NC_000017.11:43049187:A:C,BRCA1,1,0.9808722450723556,1.0,0.9801633382376996,1.0,0.8990444462291878,1.0,0.9172096700300556,1.0,4.0,1111,0.9443224248923248,0.9616913991313688,24,25,1,Unanimous LP/P-directed,logo_BRCA1
NC_000017.11:43049187:A:G,BRCA1,1,0.993093481324344,1.0,0.9924738598772472,1.0,0.9822683148691004,1.0,0.9898811150141352,1.0,4.0,1111,0.9894291927712068,0.9942485432325872,25,25,1,Unanimous LP/P-directed,logo_BRCA1
NC_000017.11:43049187:A:T,BRCA1,1,0.9957738436223816,1.0,0.9974469012005196,1.0,0.902286358626206,1.0,0.9455116748875674,1.0,4.0,1111,0.9602546945841688,0.9739841735185122,24,25,1,Unanimous LP/P-directed,logo_BRCA1
NC_000017.11:43051062:C:T,BRCA1,1,0.9071095135944848,1.0,0.9407938080677132,1.0,0.68427409343898,1.0,0.9477653713076996,1.0,4.0,1111,0.8699856966022194,0.8977459707404173,25,25,1,Unanimous LP/P-directed,logo_BRCA1
NC_000017.11:43051071:T:C,BRCA1,1,0.6699459093067636,0.0,0.7557320053916503,1.0,0.5140913268827428,0.0,0.2610093230001906,0.0,1.0,0100,0.5501946411453368,0.5628692271882506,25,25,1,Mixed votes,logo_BRCA1
NC_000017.11:43051085:C:A,BRCA1,1,0.9942469900208548,1.0,0.9966445978373408,1.0,0.9822683148691004,1.0,0.991489218366354,1.0,4.0,1111,0.9911622802734126,0.995306093247922,25,25,1,Unanimous LP/P-directed,logo_BRCA1
NC_000017.11:43051097:A:G,BRCA1,1,0.986339916093044,1.0,0.9944786482585888,1.0,0.9181049708151704,1.0,0.9558331733191036,1.0,4.0,1111,0.9636891771214768,0.9765421204942104,24,25,1,Unanimous LP/P-directed,logo_BRCA1
NC_000017.11:43051097:A:T,BRCA1,1,0.9980936890727268,1.0,0.997460238985556,1.0,0.994721702179851,1.0,0.99381644109819,1.0,4.0,1111,0.996023017834081,0.9981005736459666,25,25,1,Unanimous LP/P-directed,logo_BRCA1
NC_000017.11:43051112:A:C,BRCA1,1,0.994632508271542,1.0,0.98973094361662,1.0,0.957809558577727,1.0,0.9551978571181884,1.0,4.0,1111,0.9743427168960191,0.9842265364484412,24,25,1,Unanimous LP/P-directed,logo_BRCA1
NC_000017.11:43051112:A:G,BRCA1,1,0.9979561575637188,1.0,0.9934568202280224,1.0,0.9967918540909032,1.0,0.993666047848674,1.0,4.0,1111,0.9954677199328296,0.9977976631838168,25,25,1,Unanimous LP/P-directed,logo_BRCA1
NC_000017.11:43057069:T:A,BRCA1,1,0.9655760853014562,1.0,0.994856978238973,1.0,0.902286358626206,1.0,0.954526412837376,1.0,4.0,1111,0.9543114587510028,0.969476542381452,24,25,1,Unanimous LP/P-directed,logo_BRCA1
NC_000017.11:43057069:T:G,BRCA1,1,0.9654728886230642,1.0,0.9948794528697832,1.0,0.8982300314911531,1.0,0.954526412837376,1.0,4.0,1111,0.953277196455344,0.968682201956736,24,25,1,Unanimous LP/P-directed,logo_BRCA1
NC_000017.11:43057070:C:A,BRCA1,1,0.9662399926864028,1.0,0.9855174727599592,1.0,0.87309724458164,1.0,0.8083542448428339,1.0,4.0,1111,0.908302238717709,0.9318530400591224,24,25,1,Unanimous LP/P-directed,logo_BRCA1
NC_000017.11:43057071:T:C,BRCA1,1,0.929876415916486,1.0,0.9739540989970336,1.0,0.9219536097388992,1.0,0.9413905868886928,1.0,4.0,1111,0.941793677885278,0.9596825196549524,24,25,1,Unanimous LP/P-directed,logo_BRCA1
NC_000017.11:43057073:G:T,BRCA1,1,0.9171396956469832,1.0,0.9699828808845408,1.0,0.8144970358915891,1.0,0.7276547875998188,1.0,4.0,1111,0.857318600005733,0.8860325171792386,24,25,1,Unanimous LP/P-directed,logo_BRCA1
NC_000017.11:43057074:C:G,BRCA1,1,0.9744687197692348,1.0,0.9938248101936792,1.0,0.957809558577727,1.0,0.9838259468230708,1.0,4.0,1111,0.977482258840928,0.9864081620559824,25,25,1,Unanimous LP/P-directed,logo_BRCA1
NC_000017.11:43057076:C:G,BRCA1,1,0.9682654691322732,1.0,0.9869216419025116,1.0,0.9181049708151704,1.0,0.9441196215023184,1.0,4.0,1111,0.9543529258380684,0.9695083308736075,25,25,1,Unanimous LP/P-directed,logo_BRCA1
NC_000017.11:43057077:G:C,BRCA1,1,0.9118730826263624,1.0,0.9844900295145196,1.0,0.7360465848281903,1.0,0.7136859926450574,1.0,4.0,1111,0.8365239224035323,0.8663910403974254,24,25,1,Unanimous LP/P-directed,logo_BRCA1
NC_000017.11:43057085:C:T,BRCA1,1,0.9859797856787328,1.0,0.9918767203748776,1.0,0.987589581827218,1.0,0.993364223506336,1.0,4.0,1111,0.9897025778467912,0.994417078546784,25,25,1,Unanimous LP/P-directed,logo_BRCA1
NC_000017.11:43057086:C:A,BRCA1,1,0.9296635754729028,1.0,0.974787910141418,1.0,0.8773771487573117,1.0,0.9201052548795976,1.0,4.0,1111,0.9254834723128076,0.946396233590617,24,25,1,Unanimous LP/P-directed,logo_BRCA1
NC_000017.11:43057086:C:G,BRCA1,1,0.9818926916424806,1.0,0.9926770878358564,1.0,0.9705995047191406,1.0,0.9866864934132652,1.0,4.0,1111,0.982963944402686,0.9901075687620848,25,25,1,Unanimous LP/P-directed,logo_BRCA1
NC_000017.11:43057092:G:C,BRCA1,1,0.9903023458839824,1.0,0.9884970102527448,1.0,0.869648162783576,1.0,0.9409944955387688,1.0,4.0,1111,0.947360503614768,0.9640851968735504,24,25,1,Unanimous LP/P-directed,logo_BRCA1
NC_000017.11:43057100:C:T,BRCA1,1,0.9895438068138166,1.0,0.9912848560176252,1.0,0.869648162783576,1.0,0.8834384328331388,1.0,4.0,1111,0.9334788146120392,0.9529776662825644,24,25,1,Unanimous LP/P-directed,logo_BRCA1
NC_000017.11:43057111:A:C,BRCA1,1,0.7984304536487705,1.0,0.9651218683434146,1.0,0.6524282437828577,1.0,0.8020909684861437,1.0,4.0,1111,0.8045178835652966,0.8352602553297578,25,25,1,Unanimous LP/P-directed,logo_BRCA1
NC_000017.11:43057113:C:A,BRCA1,1,0.9897240523693396,1.0,0.995234068287485,1.0,0.9794701835230945,1.0,0.9909933341110588,1.0,4.0,1111,0.9888554095727444,0.9938928573513252,25,25,1,Unanimous LP/P-directed,logo_BRCA1
NC_000017.11:43057113:C:G,BRCA1,1,0.9768371598442896,1.0,0.9884879959596604,1.0,0.944076952102178,1.0,0.9730112345932944,1.0,4.0,1111,0.9706033356248556,0.9815758571573748,24,25,1,Unanimous LP/P-directed,logo_BRCA1
NC_000017.11:43057115:C:A,BRCA1,1,0.990367047619117,1.0,0.9973885841261004,1.0,0.961100943027802,1.0,0.9869138139502236,1.0,4.0,1111,0.9839425971808108,0.9907514516870096,25,25,1,Unanimous LP/P-directed,logo_BRCA1
NC_000017.11:43057115:C:T,BRCA1,1,0.9916545433830696,1.0,0.9971283055203368,1.0,0.9794701835230945,1.0,0.987802365780776,1.0,4.0,1111,0.9890138495518191,0.9939913347871322,25,25,1,Unanimous LP/P-directed,logo_BRCA1
NC_000017.11:43057116:C:G,BRCA1,1,0.99214124844051,1.0,0.996280266583234,1.0,0.9822683148691004,1.0,0.987802365780776,1.0,4.0,1111,0.9896230489184052,0.994368114332182,25,25,1,Unanimous LP/P-directed,logo_BRCA1
NC_000017.11:43057121:A:C,BRCA1,1,0.9940820330395458,1.0,0.9932617629332096,1.0,0.961100943027802,1.0,0.9822236735638668,1.0,4.0,1111,0.982667103141106,0.98991120178467,25,25,1,Unanimous LP/P-directed,logo_BRCA1
NC_000017.11:43057122:C:A,BRCA1,1,0.9740161010384834,1.0,0.9842009667557552,1.0,0.8900009493706701,1.0,0.92166791070872,1.0,4.0,1111,0.9424714819684072,0.9602224106921418,24,25,1,Unanimous LP/P-directed,logo_BRCA1
NC_000017.11:43057128:A:T,BRCA1,1,0.98167717771412,1.0,0.9694896109079788,1.0,0.9134295128062998,1.0,0.94456395547464,1.0,4.0,1111,0.9522900642257596,0.967921433240556,24,25,1,Unanimous LP/P-directed,logo_BRCA1
NC_000017.11:43063361:A:G,BRCA1,1,0.9587352254346616,1.0,0.916130807958611,1.0,0.9544595377207348,1.0,0.9628919449411294,1.0,4.0,1111,0.9480543790137842,0.9646288243392364,24,25,1,Unanimous LP/P-directed,logo_BRCA1
NC_000017.11:43063369:A:C,BRCA1,1,0.9656734540639292,1.0,0.9370544091515244,1.0,0.8238457505095574,1.0,0.896645429737448,1.0,4.0,1111,0.9058047608656148,0.929696991600792,24,25,1,Unanimous LP/P-directed,logo_BRCA1
NC_000017.11:43063371:C:G,BRCA1,1,0.9929286364336722,1.0,0.986985708559419,1.0,0.998627274285374,1.0,0.994043778963153,1.0,4.0,1111,0.9931463495604046,0.9964816606747848,25,25,1,Unanimous LP/P-directed,logo_BRCA1
NC_000017.11:43063372:C:T,BRCA1,1,,,,,,,,,,,,,10,25,0,,logo_BRCA1
NC_000017.11:43063881:C:T,BRCA1,1,0.3740607916533413,0.0,0.8140348797859269,1.0,0.53235762736398,0.0,0.6081432010096058,1.0,2.0,0101,0.5821491249532136,0.598645952700766,25,25,1,Mixed votes,logo_BRCA1
NC_000017.11:43063882:T:A,BRCA1,1,0.6774183264173512,0.0,0.6029367393691699,0.0,0.8990444462291878,1.0,0.9486197802530268,1.0,2.0,0011,0.782004823067184,0.812781360360784,25,25,1,Mixed votes,logo_BRCA1
NC_000017.11:43063884:A:C,BRCA1,1,0.9897784735758474,1.0,0.9999175687240706,1.0,0.967498580839106,1.0,0.9852257303487214,1.0,4.0,1111,0.9856050883719364,0.9918322765484264,25,25,1,Unanimous LP/P-directed,logo_BRCA1
NC_000017.11:43063885:C:A,BRCA1,1,0.6433745480574693,0.0,0.5594759104510726,0.0,0.8002676325150454,1.0,0.8880670724097938,1.0,2.0,0011,0.7227962908583453,0.7517239833841936,24,25,1,Mixed votes,logo_BRCA1
NC_000017.11:43063887:A:C,BRCA1,1,0.8429202759681824,1.0,0.8077966444997645,1.0,0.864433360448535,1.0,0.7959460825862817,1.0,4.0,1111,0.8277740908756909,0.8579837634806756,25,25,1,Unanimous LP/P-directed,logo_BRCA1
NC_000017.11:43063888:C:A,BRCA1,1,0.717011742256495,1.0,0.9962422254199118,1.0,0.5257187443466044,0.0,0.8629787936716542,1.0,3.0,1101,0.7754878764236663,0.8061925657834722,24,25,1,Mixed votes,logo_BRCA1
NC_000017.11:43063894:T:C,BRCA1,1,0.1581002323522171,0.0,0.3483466530968271,0.0,0.3353813717590299,0.0,0.2779453428789082,0.0,0.0,0000,0.2799434000217456,0.2607776492302749,25,25,1,Unanimous B/LB-directed,logo_BRCA1
NC_000017.11:43063908:C:A,BRCA1,1,0.9349385561539832,1.0,0.9144681786606086,1.0,0.9219536097388992,1.0,0.9702065146016337,1.0,4.0,1111,0.9353917147887812,0.9545332177002704,24,25,1,Unanimous LP/P-directed,logo_BRCA1
NC_000017.11:43063909:C:G,BRCA1,1,0.9579638134464842,1.0,0.9483916724444404,1.0,0.9368946348808076,1.0,0.9847445642062096,1.0,4.0,1111,0.9569986712444856,0.971526907628086,24,25,1,Unanimous LP/P-directed,logo_BRCA1
NC_000017.11:43063909:C:T,BRCA1,1,0.9768619573322086,1.0,0.9526249984262452,1.0,0.9900945950059152,1.0,0.9938471494005618,1.0,4.0,1111,0.9783571750412328,0.9870084162650808,25,25,1,Unanimous LP/P-directed,logo_BRCA1
NC_000017.11:43063911:A:G,BRCA1,1,0.9856771880326805,1.0,0.9744989137681846,1.0,0.9822683148691004,1.0,0.9908734266099154,1.0,4.0,1111,0.9833294608199702,0.9903486901619486,25,25,1,Unanimous LP/P-directed,logo_BRCA1
NC_000017.11:43063918:A:C,BRCA1,1,0.970274857322401,1.0,0.9539199097363368,1.0,0.9544595377207348,1.0,0.9886830520743262,1.0,4.0,1111,0.9668343392134496,0.9788519900641102,24,25,1,Unanimous LP/P-directed,logo_BRCA1
NC_000017.11:43063921:T:G,BRCA1,1,0.7979482279326182,1.0,0.6193905363651446,0.0,0.8615152340320534,1.0,0.931062872607055,1.0,3.0,1011,0.8024792177342178,0.8332434502776223,24,25,1,Mixed votes,logo_BRCA1
NC_000017.11:43063927:T:C,BRCA1,1,0.9205577750915946,1.0,0.8540134584145165,1.0,0.902286358626206,1.0,0.9404865586610884,1.0,4.0,1111,0.9043360376983514,0.9284243435275796,25,25,1,Unanimous LP/P-directed,logo_BRCA1
NC_000017.11:43063929:C:A,BRCA1,1,0.9873311954626068,1.0,0.9881142367150708,1.0,0.9794701835230945,1.0,0.9855910689113496,1.0,4.0,1111,0.9851266711530304,0.9915229814836014,25,25,1,Unanimous LP/P-directed,logo_BRCA1
NC_000017.11:43063935:C:A,BRCA1,1,0.972524656058254,1.0,0.9490266050099452,1.0,0.9736310004731068,1.0,0.9858008251121848,1.0,4.0,1111,0.9702457716633728,0.9813196169470594,25,25,1,Unanimous LP/P-directed,logo_BRCA1
NC_000017.11:43063935:C:T,BRCA1,1,0.9733526819941528,1.0,0.95949869013578,1.0,0.9924786271580897,1.0,0.9909143681895636,1.0,4.0,1111,0.9790610918693964,0.9874887808944268,25,25,1,Unanimous LP/P-directed,logo_BRCA1
NC_000017.11:43063942:A:C,BRCA1,1,0.3792717294845506,0.0,0.8169522366607708,1.0,0.3991740568163804,0.0,0.1948945456920419,0.0,1.0,0100,0.4475731421634359,0.4470715449140724,25,25,1,Mixed votes,logo_BRCA1
NC_000017.11:43063950:T:A,BRCA1,1,0.9930419661448018,1.0,0.9951760955538704,1.0,0.9705995047191406,1.0,0.9814264296153292,1.0,4.0,1111,0.9850609990082856,0.99148041308359,25,25,1,Unanimous LP/P-directed,logo_BRCA1
NC_000017.11:43063950:T:G,BRCA1,1,0.9781329152039046,1.0,0.973893060045524,1.0,0.9102786814586898,1.0,0.975644109585944,1.0,4.0,1111,0.9594871915735156,0.9734077065644856,25,25,1,Unanimous LP/P-directed,logo_BRCA1
NC_000017.11:43067607:C:A,BRCA1,1,0.9961730447817508,1.0,0.9998684344938588,1.0,0.967498580839106,1.0,0.9865603031351188,1.0,4.0,1111,0.9875250908124588,0.9930584907790628,25,25,1,Unanimous LP/P-directed,logo_BRCA1
NC_000017.11:43067607:C:G,BRCA1,1,0.9971041404168112,1.0,0.999838057978633,1.0,0.9544595377207348,1.0,0.9865603031351188,1.0,4.0,1111,0.9844905098128244,0.9911095130062996,25,25,1,Unanimous LP/P-directed,logo_BRCA1
NC_000017.11:43067607:C:T,BRCA1,1,0.997252071008855,1.0,0.9992205289874913,1.0,0.9405108619763006,1.0,0.9878909182860268,1.0,4.0,1111,0.9812185950646684,0.9889461428041858,25,25,1,Unanimous LP/P-directed,logo_BRCA1
NC_000017.11:43067609:G:C,BRCA1,1,0.995286089300942,1.0,0.991666837960548,1.0,0.8556348012460363,1.0,0.9510101792128396,1.0,4.0,1111,0.9483994769300914,0.9648987598075884,24,25,1,Unanimous LP/P-directed,logo_BRCA1
NC_000017.11:43067609:G:T,BRCA1,1,0.9815234287586492,1.0,0.9696777547280546,1.0,0.9517386662455946,1.0,0.8979996484857423,1.0,4.0,1111,0.9502348745545102,0.9663294665023944,25,25,1,Unanimous LP/P-directed,logo_BRCA1
NC_000017.11:43067615:A:T,BRCA1,1,0.9672191719934152,1.0,0.9031532396962708,1.0,0.944076952102178,1.0,0.9076976356415992,1.0,4.0,1111,0.9305367498583658,0.9505705947974262,24,25,1,Unanimous LP/P-directed,logo_BRCA1
NC_000017.11:43067619:C:A,BRCA1,1,0.8646280462229063,1.0,0.9842108037224232,1.0,0.7461735348432634,1.0,0.8220366344203586,1.0,4.0,1111,0.8542622548022378,0.8831769214795975,25,25,1,Unanimous LP/P-directed,logo_BRCA1
NC_000017.11:43067621:A:C,BRCA1,1,0.986108335031164,1.0,0.9578655498210504,1.0,0.9405108619763006,1.0,0.9634471095217372,1.0,4.0,1111,0.9619829640875632,0.9752758581990492,24,25,1,Unanimous LP/P-directed,logo_BRCA1
NC_000017.11:43067625:G:A,BRCA1,1,0.9782169037505946,1.0,0.9248335116626206,1.0,0.8191854828911108,1.0,0.9336759335858368,1.0,4.0,1111,0.9139779579725408,0.9367143740107507,24,25,1,Unanimous LP/P-directed,logo_BRCA1
NC_000017.11:43067625:G:C,BRCA1,1,0.9870912793022396,1.0,0.954110454831967,1.0,0.93322959640024,1.0,0.9442529216381372,1.0,4.0,1111,0.954671063043146,0.9697520602805368,24,25,1,Unanimous LP/P-directed,logo_BRCA1
NC_000017.11:43067693:A:C,BRCA1,1,0.7983323909940522,1.0,0.9659623106505244,1.0,0.4658771758836031,0.0,0.4695018195322959,0.0,2.0,1100,0.6749184242651188,0.700659174611886,24,25,1,Mixed votes,logo_BRCA1
NC_000017.11:43070950:A:G,BRCA1,1,0.9954177745618196,1.0,0.990410890057655,1.0,0.9849774156633652,1.0,0.9888065892094672,1.0,4.0,1111,0.9899031673730768,0.9945403429872482,25,25,1,Unanimous LP/P-directed,logo_BRCA1
NC_000017.11:43070955:A:T,BRCA1,1,0.9906483732721304,1.0,0.9789917195093024,1.0,0.961100943027802,1.0,0.9670718647655367,1.0,4.0,1111,0.9744532251436928,0.9843040323961366,24,25,1,Unanimous LP/P-directed,logo_BRCA1
NC_000017.11:43074330:C:G,BRCA1,1,0.9804772319975188,1.0,0.9995003432261306,1.0,0.864433360448535,1.0,0.9623329371731952,1.0,4.0,1111,0.951685968211345,0.9674546168967454,25,25,1,Unanimous LP/P-directed,logo_BRCA1
NC_000017.11:43074330:C:T,BRCA1,1,0.9881827656066504,1.0,0.998984638774252,1.0,0.8467062847597353,1.0,0.9634720543920592,1.0,4.0,1111,0.9493364358831742,0.965630171967886,25,25,1,Unanimous LP/P-directed,logo_BRCA1
NC_000017.11:43076487:C:G,BRCA1,1,0.925507231692294,1.0,0.969908122377644,1.0,0.7661711041351961,1.0,0.9105290400326772,1.0,4.0,1111,0.8930288745594528,0.9185139643840328,25,25,1,Unanimous LP/P-directed,logo_BRCA1
NC_000017.11:43076487:C:T,BRCA1,1,0.7634154564327963,1.0,0.9300789760048052,1.0,0.7258390178799573,1.0,0.9291762179307762,1.0,4.0,1111,0.8371274170620837,0.8669678947484596,25,25,1,Unanimous LP/P-directed,logo_BRCA1
NC_000017.11:43082439:C:T,BRCA1,1,0.034316610163167,0.0,0.0057668488088873,0.0,0.0137682454973247,0.0,0.0203036650317792,0.0,0.0,0000,0.0185388423752896,0.0114491437800276,24,25,1,Unanimous B/LB-directed,logo_BRCA1
NC_000017.11:43082536:C:G,BRCA1,1,0.057321080331259,0.0,0.3355111631185311,0.0,0.280248590190183,0.0,0.2954259918428936,0.0,0.0,0000,0.2421267063707167,0.220340163362247,24,25,1,Unanimous B/LB-directed,logo_BRCA1
NC_000017.11:43090943:C:G,BRCA1,1,0.9967286339013804,1.0,0.9997710161402146,1.0,0.9181049708151704,1.0,0.9680623306619912,1.0,4.0,1111,0.970666737879689,0.9816212439367548,24,25,1,Unanimous LP/P-directed,logo_BRCA1
NC_000017.11:43094577:T:A,BRCA1,1,0.0288119791587168,0.0,0.0092547044305223,0.0,0.0318539641425312,0.0,0.0141960674451629,0.0,0.0,0000,0.0210291787942333,0.0132152890590499,24,25,1,Unanimous B/LB-directed,logo_BRCA1
NC_000017.11:43104259:A:C,BRCA1,1,,,,,,,,,,,,,10,25,0,,logo_BRCA1
NC_000017.11:43104259:A:T,BRCA1,1,,,,,,,,,,,,,10,25,0,,logo_BRCA1
NC_000017.11:43104259:AT:TC,BRCA1,1,,,,,,,,,,,,,0,25,0,,logo_BRCA1
NC_000017.11:43104881:T:A,BRCA1,1,0.9563128285424763,1.0,0.9590395087840796,1.0,0.8421947139809023,1.0,0.933209836413284,1.0,4.0,1111,0.9226892219301857,0.9440670238780918,24,25,1,Unanimous LP/P-directed,logo_BRCA1
NC_000017.11:43104881:T:C,BRCA1,1,0.9561843563964364,1.0,0.9571546881373484,1.0,0.8002676325150454,1.0,0.893399463624979,1.0,4.0,1111,0.9017515351684522,0.9261765308270552,24,25,1,Unanimous LP/P-directed,logo_BRCA1
NC_000017.11:43104881:T:G,BRCA1,1,0.9348986681117274,1.0,0.9447833965214216,1.0,0.8284773283078496,1.0,0.9284829174377724,1.0,4.0,1111,0.9091605775946928,0.9325916769000036,24,25,1,Unanimous LP/P-directed,logo_BRCA1
NC_000017.11:43104884:A:G,BRCA1,1,0.9402703261051262,1.0,0.9379430972880752,1.0,0.9142130183708604,1.0,0.8803913601364267,1.0,4.0,1111,0.918204450475122,0.9402985842469044,24,25,1,Unanimous LP/P-directed,logo_BRCA1
NC_000017.11:43106455:C:A,BRCA1,1,0.9974062235896493,1.0,0.999966931758549,1.0,0.961100943027802,1.0,0.990537660718775,1.0,4.0,1111,0.9872529397736938,0.9928862090448164,25,25,1,Unanimous LP/P-directed,logo_BRCA1
NC_000017.11:43106455:C:G,BRCA1,1,0.9976871791477402,1.0,0.9999432867564518,1.0,0.957809558577727,1.0,0.9897667832942646,1.0,4.0,1111,0.986301701944046,0.9922800202037462,25,25,1,Unanimous LP/P-directed,logo_BRCA1
NC_000017.11:43106456:T:A,BRCA1,1,0.9969002406062164,1.0,0.9998501173573696,1.0,0.93322959640024,1.0,0.9823489733256534,1.0,4.0,1111,0.97808223192237,0.98682016329118,24,25,1,Unanimous LP/P-directed,logo_BRCA1
NC_000017.11:43106456:T:C,BRCA1,1,0.998969495901374,1.0,0.999973688211942,1.0,0.9849774156633652,1.0,0.993818921007634,1.0,4.0,1111,0.9944348801960788,0.9972212175836114,25,25,1,Unanimous LP/P-directed,logo_BRCA1
NC_000017.11:43106475:A:C,BRCA1,1,0.9974955448228064,1.0,0.99262200301693,1.0,0.9999999525664638,1.0,0.9940217071177893,1.0,4.0,1111,0.9960348018809974,0.9981069431591826,25,25,1,Unanimous LP/P-directed,logo_BRCA1
NC_000017.11:43106476:C:G,BRCA1,1,0.9974915940313324,1.0,0.9880647283870346,1.0,0.9999999525664638,1.0,0.9945068197852364,1.0,4.0,1111,0.9950157736925168,0.9975473896881024,25,25,1,Unanimous LP/P-directed,logo_BRCA1
NC_000017.11:43106477:A:G,BRCA1,1,0.998344275513632,1.0,0.989853376997289,1.0,0.9999999525664638,1.0,0.9939891748271998,1.0,4.0,1111,0.9955466949761462,0.9978410627548108,25,25,1,Unanimous LP/P-directed,logo_BRCA1
NC_000017.11:43106477:A:T,BRCA1,1,0.9983108092276894,1.0,0.9891106361459616,1.0,0.9967918540909032,1.0,0.9946748531081928,1.0,4.0,1111,0.9947220381431868,0.9973830630117394,25,25,1,Unanimous LP/P-directed,logo_BRCA1
NC_000017.11:43106485:C:T,BRCA1,1,0.9982593497911812,1.0,0.9976618155030298,1.0,0.9999999525664638,1.0,0.9945068197852364,1.0,4.0,1111,0.9976069844114778,0.9989309317721942,25,25,1,Unanimous LP/P-directed,logo_BRCA1
NC_000017.11:43106486:A:G,BRCA1,1,0.998132480047891,1.0,0.9927699408119464,1.0,0.998627274285374,1.0,0.9939891748271998,1.0,4.0,1111,0.9958797174931028,0.9980229166820944,25,25,1,Unanimous LP/P-directed,logo_BRCA1
NC_000017.11:43106486:A:T,BRCA1,1,0.9965644151130256,1.0,0.977138679346004,1.0,0.9999999525664638,1.0,0.9946748531081928,1.0,4.0,1111,0.9920944750334216,0.9958634992000972,25,25,1,Unanimous LP/P-directed,logo_BRCA1
NC_000017.11:43106527:C:A,BRCA1,1,0.9980133631471196,1.0,0.9921545407858846,1.0,0.9999999525664638,1.0,0.9889136484768076,1.0,4.0,1111,0.9947703762440688,0.9974101918935704,25,25,1,Unanimous LP/P-directed,logo_BRCA1
NC_000017.11:43106527:C:T,BRCA1,1,0.9987275314957808,1.0,0.9947108214812048,1.0,0.9999999525664638,1.0,0.9946748531081928,1.0,4.0,1111,0.9970282896629106,0.9986341212489518,25,25,1,Unanimous LP/P-directed,logo_BRCA1
NC_000017.11:43106528:A:C,BRCA1,1,0.9990495678331172,1.0,0.9945279735683894,1.0,0.9999999525664638,1.0,0.9939891748271998,1.0,4.0,1111,0.9968916671987924,0.9985628591861928,25,25,1,Unanimous LP/P-directed,logo_BRCA1
NC_000017.11:43106528:A:G,BRCA1,1,0.9991499753732386,1.0,0.9948594690673068,1.0,0.9999999525664638,1.0,0.9939891748271998,1.0,4.0,1111,0.9969996429585524,0.998619214576456,25,25,1,Unanimous LP/P-directed,logo_BRCA1
NC_000017.11:43106528:A:T,BRCA1,1,0.9991618029581848,1.0,0.9987422584355208,1.0,0.9924786271580897,1.0,0.9889136484768076,1.0,4.0,1111,0.9948240842571506,0.9974402948778496,25,25,1,Unanimous LP/P-directed,logo_BRCA1
NC_000017.11:43115727:G:C,BRCA1,1,0.9895242454903236,1.0,0.9749536609085536,1.0,0.9967918540909032,1.0,0.9874595732919452,1.0,4.0,1111,0.9871823334454314,0.99284142750505,24,25,1,Unanimous LP/P-directed,logo_BRCA1
NC_000017.11:43115728:C:A,BRCA1,1,0.9905896302806888,1.0,0.9724303113121336,1.0,0.9967918540909032,1.0,0.9885659119324106,1.0,4.0,1111,0.987094426904034,0.9927856248680472,25,25,1,Unanimous LP/P-directed,logo_BRCA1
NC_000017.11:43115728:C:G,BRCA1,1,0.9856645495714934,1.0,0.9543588549709662,1.0,0.9967918540909032,1.0,0.9935088928288748,1.0,4.0,1111,0.9825810378655594,0.989854176787734,25,25,1,Unanimous LP/P-directed,logo_BRCA1
NC_000017.11:43115728:C:T,BRCA1,1,0.9921758335015228,1.0,0.9827708648720412,1.0,0.998627274285374,1.0,0.9885659119324106,1.0,4.0,1111,0.9905349711478372,0.9949263476662404,25,25,1,Unanimous LP/P-directed,logo_BRCA1
NC_000017.11:43115729:A:G,BRCA1,1,0.9926407356428052,1.0,0.9706047209155952,1.0,0.998627274285374,1.0,0.9928978806740638,1.0,4.0,1111,0.9886926528794596,0.993791493127388,25,25,1,Unanimous LP/P-directed,logo_BRCA1
NC_000017.11:43115729:A:T,BRCA1,1,0.9925528260940144,1.0,0.9609818826344568,1.0,0.9967918540909032,1.0,0.9935088928288748,1.0,4.0,1111,0.9859588639120624,0.9920600567662624,25,25,1,Unanimous LP/P-directed,logo_BRCA1
NC_000017.11:43115737:T:A,BRCA1,1,0.9873916198234072,1.0,0.964145203697924,1.0,0.9967918540909032,1.0,0.9935088928288748,1.0,4.0,1111,0.9854593926102772,0.9917382372134834,25,25,1,Unanimous LP/P-directed,logo_BRCA1
NC_000017.11:43115737:T:C,BRCA1,1,0.9883214260332882,1.0,0.9551588664370032,1.0,0.9967918540909032,1.0,0.9938471494005618,1.0,4.0,1111,0.9835298239904392,0.9904805437204316,25,25,1,Unanimous LP/P-directed,logo_BRCA1
NC_000017.11:43115738:G:A,BRCA1,1,0.992389809468016,1.0,0.9545371138722234,1.0,0.994721702179851,1.0,0.9941828886479412,1.0,4.0,1111,0.983957878542008,0.9907614620512166,25,25,1,Unanimous LP/P-directed,logo_BRCA1
NC_000017.11:43115738:G:C,BRCA1,1,0.9899016274942286,1.0,0.9578666243597188,1.0,0.987589581827218,1.0,0.9766412558511776,1.0,4.0,1111,0.9779997723830858,0.9867636355914876,24,25,1,Unanimous LP/P-directed,logo_BRCA1
NC_000017.11:43115738:G:T,BRCA1,1,0.9891113750998276,1.0,0.9519201316860464,1.0,0.9900945950059152,1.0,0.9879474823914264,1.0,4.0,1111,0.979768396045804,0.9879690832594996,25,25,1,Unanimous LP/P-directed,logo_BRCA1
NC_000017.11:43115742:A:C,BRCA1,1,0.99627128647488,1.0,0.991794484653046,1.0,0.9999999525664638,1.0,0.9940217071177893,1.0,4.0,1111,0.9955218577030448,0.997827424848519,25,25,1,Unanimous LP/P-directed,logo_BRCA1
NC_000017.11:43115743:C:A,BRCA1,1,0.9861586615686788,1.0,0.962420253462536,1.0,0.9999999525664638,1.0,0.9935088928288748,1.0,4.0,1111,0.9855219401066384,0.9917786249713012,25,25,1,Unanimous LP/P-directed,logo_BRCA1
NC_000017.11:43115743:C:T,BRCA1,1,0.9874602634404368,1.0,0.970835252259916,1.0,0.9999999525664638,1.0,0.9935088928288748,1.0,4.0,1111,0.9879510902739228,0.9933271011920266,25,25,1,Unanimous LP/P-directed,logo_BRCA1
NC_000017.11:43115744:A:C,BRCA1,1,0.9917682154949056,1.0,0.9643853304104476,1.0,0.998627274285374,1.0,0.9928978806740638,1.0,4.0,1111,0.9869196752161976,0.992674534476741,25,25,1,Unanimous LP/P-directed,logo_BRCA1
NC_000017.11:43115744:A:G,BRCA1,1,0.9919745449801298,1.0,0.9711448811298636,1.0,0.9999999525664638,1.0,0.9928978806740638,1.0,4.0,1111,0.9890043148376302,0.9939854141171064,25,25,1,Unanimous LP/P-directed,logo_BRCA1
NC_000017.11:43115744:A:T,BRCA1,1,0.99170475148034,1.0,0.953972644489212,1.0,0.998627274285374,1.0,0.9937072590281358,1.0,4.0,1111,0.9845029823207656,0.99111764301845,25,25,1,Unanimous LP/P-directed,logo_BRCA1
NC_000017.11:43115749:G:C,BRCA1,1,0.9789908792519731,1.0,0.90694799876345,1.0,0.9822683148691004,1.0,0.9904465030608312,1.0,4.0,1111,0.9646634239863388,0.9772610574515848,25,25,1,Unanimous LP/P-directed,logo_BRCA1
NC_000017.11:43115749:G:T,BRCA1,1,0.9900030392697,1.0,0.938080280800959,1.0,0.9924786271580897,1.0,0.9938209770158992,1.0,4.0,1111,0.978595731061162,0.9871714711723,25,25,1,Unanimous LP/P-directed,logo_BRCA1
NC_000017.11:43115750:T:C,BRCA1,1,0.4363645956994607,0.0,0.6397925021338732,0.0,0.6038070558781119,1.0,0.4240374105894298,0.0,1.0,0010,0.5260003910752189,0.5356482309531599,24,25,1,Mixed votes,logo_BRCA1
NC_000017.11:43115755:A:G,BRCA1,1,0.7940227715860797,1.0,0.7251376562703634,1.0,0.8050376148818049,1.0,0.7730141326188016,1.0,4.0,1111,0.7743030438392624,0.8049909013321237,24,25,1,Unanimous LP/P-directed,logo_BRCA1
NC_000017.11:43115758:G:C,BRCA1,1,0.988676286512874,1.0,0.943730094235533,1.0,0.9920123381443784,1.0,0.9932614775250986,1.0,4.0,1111,0.979420049104471,0.9877328358489118,25,25,1,Unanimous LP/P-directed,logo_BRCA1
NC_000017.11:43124016:C:A,BRCA1,1,0.9953669409931452,1.0,0.999936399075731,1.0,0.9967918540909032,1.0,0.9904809361895408,1.0,4.0,1111,0.99564403258733,0.997894411072804,24,25,1,Unanimous LP/P-directed,logo_BRCA1
NC_000017.11:43124016:C:T,BRCA1,1,0.9954625551191958,1.0,0.999929608305122,1.0,0.9967918540909032,1.0,0.9901886182466552,1.0,4.0,1111,0.9955931589404692,0.9978665482263313,24,25,1,Unanimous LP/P-directed,logo_BRCA1
NC_000017.11:43124019:A:T,BRCA1,1,0.9987100940731558,1.0,0.9957205170933094,1.0,0.998627274285374,1.0,0.9946290316450856,1.0,4.0,1111,0.9969217292742312,0.9985785759194016,25,25,1,Unanimous LP/P-directed,logo_BRCA1
NC_000017.11:43124022:G:A,BRCA1,1,0.996350809625318,1.0,0.9908780359653544,1.0,0.9849774156633652,1.0,0.984875673733249,1.0,4.0,1111,0.9892704837468216,0.9941504232173975,24,25,1,Unanimous LP/P-directed,logo_BRCA1
NC_000017.11:43124024:A:C,BRCA1,1,0.9982748810311026,1.0,0.9967955635151464,1.0,0.9999999525664638,1.0,0.9920036865305916,1.0,4.0,1111,0.996768520910826,0.9984982677685832,25,25,1,Unanimous LP/P-directed,logo_BRCA1
NC_000017.11:43124025:C:G,BRCA1,1,0.996678062808802,1.0,0.99065320099936,1.0,0.998627274285374,1.0,0.991006676582541,1.0,4.0,1111,0.9942413036690192,0.997111473159805,24,25,1,Unanimous LP/P-directed,logo_BRCA1
NC_000017.11:43124025:C:T,BRCA1,1,0.9988114977798672,1.0,0.9968271070398436,1.0,0.9967918540909032,1.0,0.9945068197852364,1.0,4.0,1111,0.9967343196739626,0.9984802701499188,25,25,1,Unanimous LP/P-directed,logo_BRCA1
NC_000017.11:43124026:A:C,BRCA1,1,0.9988309251797566,1.0,0.9961786499182356,1.0,0.9999999525664638,1.0,0.9939268341398754,1.0,4.0,1111,0.9972340904510828,0.9987406416702356,25,25,1,Unanimous LP/P-directed,logo_BRCA1
NC_000017.11:43124026:A:G,BRCA1,1,0.9988880379836352,1.0,0.9969085832943606,1.0,0.9999999525664638,1.0,0.9939891748271998,1.0,4.0,1111,0.9974464371679148,0.9988494518698796,25,25,1,Unanimous LP/P-directed,logo_BRCA1
NC_000017.11:43124026:A:T,BRCA1,1,0.9987788545089352,1.0,0.995337373183366,1.0,0.9999999525664638,1.0,0.9944498178246566,1.0,4.0,1111,0.9971414995208554,0.9986928432165346,25,25,1,Unanimous LP/P-directed,logo_BRCA1
NC_000017.11:43124043:A:C,BRCA1,1,0.9963732039639572,1.0,0.9990246898577548,1.0,0.92951698402998,1.0,0.9914655947292348,1.0,4.0,1111,0.9790951181452316,0.9875119417689816,24,25,1,Unanimous LP/P-directed,logo_BRCA1
NC_000017.11:43124043:A:T,BRCA1,1,0.9980429914631735,1.0,0.9990931165257354,1.0,0.9900945950059152,1.0,0.9927136861983497,1.0,4.0,1111,0.9949860972982936,0.9975308455735384,25,25,1,Unanimous LP/P-directed,logo_BRCA1
NC_000017.11:43124093:C:A,BRCA1,1,0.9899476996192712,1.0,0.9897297644745744,1.0,0.9765893466374608,1.0,0.991632598427229,1.0,4.0,1111,0.9869748522896338,0.9927096335190652,21,25,1,Unanimous LP/P-directed,logo_BRCA1
NC_000017.11:43124093:C:G,BRCA1,1,0.9868490652739016,1.0,0.9837630715275254,1.0,0.9736310004731068,1.0,0.9914267052455856,1.0,4.0,1111,0.98391746063003,0.9907349825162604,21,25,1,Unanimous LP/P-directed,logo_BRCA1
NC_000017.11:43124093:C:T,BRCA1,1,0.9932491924076752,1.0,0.9957131619387616,1.0,0.9794701835230945,1.0,0.9909002374854644,1.0,4.0,1111,0.9898331938387488,0.9944973817842084,21,25,1,Unanimous LP/P-directed,logo_BRCA1
NC_000017.11:43124094:A:C,BRCA1,1,0.9969626340439884,1.0,0.9959259176328764,1.0,0.9822683148691004,1.0,0.9917794022011724,1.0,4.0,1111,0.9917340671867844,0.9956490093364314,21,25,1,Unanimous LP/P-directed,logo_BRCA1
NC_000017.11:43124094:A:G,BRCA1,1,0.9947169806130745,1.0,0.9889928750454218,1.0,0.9794701835230945,1.0,0.9924192491493103,1.0,4.0,1111,0.9888998220827252,0.9939204815224078,21,25,1,Unanimous LP/P-directed,logo_BRCA1
NC_000017.11:43124094:A:T,BRCA1,1,0.994402498943078,1.0,0.9898021403604442,1.0,0.9822683148691004,1.0,0.9924192491493103,1.0,4.0,1111,0.9897230508304832,0.9944296748226152,21,25,1,Unanimous LP/P-directed,logo_BRCA1
NC_000017.11:43124095:T:C,BRCA1,1,0.988499159442751,1.0,0.9830873015610004,1.0,0.9849774156633652,1.0,0.9916079348441008,1.0,4.0,1111,0.9870429528778044,0.9927529245137392,21,25,1,Unanimous LP/P-directed,logo_BRCA1
NC_000017.11:43045684:T:A,BRCA1,0,0.0425767603401911,0.0,0.0024356919131117,0.0,0.0273458513949584,0.0,0.017920837038402,0.0,0.0,0000,0.0225697851716658,0.0143233892151009,25,25,1,Unanimous B/LB-directed,logo_BRCA1
NC_000017.11:43045690:T:G,BRCA1,0,0.0467170193467367,0.0,0.0060099978240498,0.0,0.0507167991472892,0.0,0.0157196334934197,0.0,0.0,0000,0.0297908624528738,0.0196565308746157,23,25,1,Unanimous B/LB-directed,logo_BRCA1
NC_000017.11:43045693:G:C,BRCA1,0,0.006402476389189,0.0,0.0017653644036647,0.0,0.0155858316410808,0.0,0.0111323312995103,0.0,0.0,0000,0.0087215009333612,0.0048622866420779,25,25,1,Unanimous B/LB-directed,logo_BRCA1
NC_000017.11:43045697:T:G,BRCA1,0,0.0254061114482643,0.0,0.0003082690649515,0.0,0.0212950842983,0.0,0.0127908980288472,0.0,0.0,0000,0.0149500907100907,0.0089644642382074,25,25,1,Unanimous B/LB-directed,logo_BRCA1
NC_000017.11:43047653:T:C,BRCA1,0,0.0279088152731445,0.0,7.606351727329573e-06,0.0,0.0033299276407628,0.0,0.0172566248592591,0.0,0.0,0000,0.0121257435312234,0.0070669162379381,24,25,1,Unanimous B/LB-directed,logo_BRCA1
NC_000017.11:43047698:A:T,BRCA1,0,0.0179200910373584,0.0,0.0005666737759591,0.0,0.0033299276407628,0.0,0.0068164562807624,0.0,0.0,0000,0.0071582871837107,0.0038868132758649,23,25,1,Unanimous B/LB-directed,logo_BRCA1
NC_000017.11:43057076:C:T,BRCA1,0,0.1188940392355969,0.0,0.3761907706279072,0.0,0.1809294370330087,0.0,0.1209743773798176,0.0,0.0,0000,0.1992471560690826,0.1756604300410389,25,25,1,Unanimous B/LB-directed,logo_BRCA1
NC_000017.11:43057130:T:C,BRCA1,0,0.3164203794310966,0.0,0.5205545356005846,0.0,0.2153931539332772,0.0,0.1471548881484966,0.0,0.0,0000,0.2998807392783637,0.2824179956528311,25,25,1,Unanimous B/LB-directed,logo_BRCA1
NC_000017.11:43063367:T:C,BRCA1,0,0.0041570054036036,0.0,0.0129067409946638,0.0,0.0252937721866779,0.0,0.0271370034742162,0.0,0.0,0000,0.0173736305147904,0.0106341588205553,25,25,1,Unanimous B/LB-directed,logo_BRCA1
NC_000017.11:43063908:C:G,BRCA1,0,0.1068397141747953,0.0,0.3227955287862655,0.0,0.4287547561159136,0.0,0.5705001555302287,1.0,1.0,0001,0.3572225386518007,0.3456259772584073,25,25,1,Mixed votes,logo_BRCA1
NC_000017.11:43070957:C:T,BRCA1,0,0.0031237314936324,0.0,0.0005621866809976,0.0,0.0212950842983,0.0,0.011386642270482,0.0,0.0,0000,0.009091911185853,0.0050971383255634,24,25,1,Unanimous B/LB-directed,logo_BRCA1
NC_000017.11:43070958:A:G,BRCA1,0,0.2172179370914005,0.0,0.5715208681094529,0.0,0.3391526934202729,0.0,0.3503431635428694,0.0,0.0,0000,0.3695586655409989,0.3593741605099428,25,25,1,Unanimous B/LB-directed,logo_BRCA1
NC_000017.11:43071003:G:A,BRCA1,0,0.1711971468352675,0.0,0.1277850805377423,0.0,0.0941829642437879,0.0,0.0224993609551564,0.0,0.0,0000,0.1039161381429885,0.0825332874232264,25,25,1,Unanimous B/LB-directed,logo_BRCA1
NC_000017.11:43071030:A:G,BRCA1,0,0.0704937571416511,0.0,0.0001245243058737,0.0,0.0273458513949584,0.0,0.0171193108555931,0.0,0.0,0000,0.0287708609245191,0.0188903327173344,25,25,1,Unanimous B/LB-directed,logo_BRCA1
NC_000017.11:43071073:G:A,BRCA1,0,0.0509844892260994,0.0,0.0014002857630252,0.0,0.0437270828617264,0.0,0.0261401442933947,0.0,0.0,0000,0.0305630005360614,0.0202391563216576,25,25,1,Unanimous B/LB-directed,logo_BRCA1
NC_000017.11:43071076:T:C,BRCA1,0,0.01424984318232,0.0,0.0002087139283479,0.0,0.0242806449836452,0.0,0.0070967369038882,0.0,0.0,0000,0.0114589847495503,0.006627437641865,24,25,1,Unanimous B/LB-directed,logo_BRCA1
NC_000017.11:43071076:T:A,BRCA1,0,0.0391726820109191,0.0,0.0080863915862616,0.0,0.0336975866770944,0.0,0.0296220373019348,0.0,0.0,0000,0.0276446743940525,0.018049057336059,25,25,1,Unanimous B/LB-directed,logo_BRCA1
NC_000017.11:43071097:T:C,BRCA1,0,0.053943746984361,0.0,0.0291407152555685,0.0,0.2156048304571719,0.0,0.20241810359428,0.0,0.0,0000,0.1252768490728454,0.1024777728399847,25,25,1,Unanimous B/LB-directed,logo_BRCA1
NC_000017.11:43071184:A:G,BRCA1,0,0.0588625365168066,0.0,0.1328295958500252,0.0,0.0555014387340909,0.0,0.0482481131000836,0.0,0.0,0000,0.0738604210502515,0.0556542365441394,25,25,1,Unanimous B/LB-directed,logo_BRCA1
NC_000017.11:43071222:A:G,BRCA1,0,0.0154896911436732,0.0,0.0277885276802753,0.0,0.1108706041093188,0.0,0.0265816287274188,0.0,0.0,0000,0.0451826129151715,0.0316474259491913,25,25,1,Unanimous B/LB-directed,logo_BRCA1
NC_000017.11:43071231:G:A,BRCA1,0,0.0091226990386333,0.0,0.0141179842641395,0.0,0.0628552189896585,0.0,0.0166732546953347,0.0,0.0,0000,0.0256922892469415,0.0166026978203239,25,25,1,Unanimous B/LB-directed,logo_BRCA1
NC_000017.11:43074369:C:T,BRCA1,0,0.0419458406495664,0.0,0.0001166060416018,0.0,0.0183946088545286,0.0,0.0171921579907166,0.0,0.0,0000,0.0194123033841034,0.0120649325503161,25,25,1,Unanimous B/LB-directed,logo_BRCA1
NC_000017.11:43074405:C:T,BRCA1,0,0.0420825120542423,0.0,0.0001560682608907,0.0,0.040320867546297,0.0,0.0268447400439054,0.0,0.0,0000,0.0273510469763339,0.017830540074365,25,25,1,Unanimous B/LB-directed,logo_BRCA1
NC_000017.11:43074470:C:A,BRCA1,0,0.0020142389132778,0.0,0.0005176332160621,0.0,0.0062361332137115,0.0,0.0086212163172088,0.0,0.0,0000,0.004347305415065,0.0022094225197879,25,25,1,Unanimous B/LB-directed,logo_BRCA1
NC_000017.11:43074485:C:G,BRCA1,0,0.0601045069488345,0.0,0.0100260611194816,0.0,0.0437270828617264,0.0,0.0204603621178424,0.0,0.0,0000,0.0335795032619712,0.0225360598626418,25,25,1,Unanimous B/LB-directed,logo_BRCA1
NC_000017.11:43076569:T:G,BRCA1,0,0.011897827139454,0.0,0.0059136019807801,0.0,0.0781561803022112,0.0,0.031709383271557,0.0,0.0,0000,0.0319192481735006,0.0212678432292625,25,25,1,Unanimous B/LB-directed,logo_BRCA1
NC_000017.11:43082433:G:C,BRCA1,0,0.0231900867982614,0.0,0.0010798347429549,0.0,0.007805603226797,0.0,0.0229207469015892,0.0,0.0,0000,0.0137490679174006,0.0081507738988038,25,25,1,Unanimous B/LB-directed,logo_BRCA1
NC_000017.11:43082547:T:C,BRCA1,0,0.022464131892066,0.0,0.0079707693395016,0.0,0.0437270828617264,0.0,0.0186010164881533,0.0,0.0,0000,0.0231907501453618,0.0147731915243023,25,25,1,Unanimous B/LB-directed,logo_BRCA1
NC_000017.11:43090996:C:T,BRCA1,0,0.0746167668645552,0.0,1.500978099033158e-05,0.0,0.0212950842983,0.0,0.0150182321437408,0.0,0.0,0000,0.0277362732718966,0.0181172957189832,25,25,1,Unanimous B/LB-directed,logo_BRCA1
NC_000017.11:43091484:G:A,BRCA1,0,0.013605757290252,0.0,0.0004105466645895,0.0,0.0128770069610924,0.0,0.0313764524717472,0.0,0.0,0000,0.0145674408469203,0.0087041814253298,25,25,1,Unanimous B/LB-directed,logo_BRCA1
NC_000017.11:43091491:T:C,BRCA1,0,0.0028801289946903,0.0,1.8392312112498457e-05,0.0,0.0014249342009864,0.0,0.0060083765906233,0.0,0.0,0000,0.0025829580246031,0.0012258368543696,25,25,1,Unanimous B/LB-directed,logo_BRCA1
NC_000017.11:43091494:C:T,BRCA1,0,0.0057948919016738,0.0,0.0029449564162718,0.0,0.0111317834215393,0.0,0.0081107467906463,0.0,0.0,0000,0.0069955946325328,0.0037868527343047,25,25,1,Unanimous B/LB-directed,logo_BRCA1
NC_000017.11:43091707:T:C,BRCA1,0,0.1003044040143505,0.0,0.000700327571383,0.0,0.065351785754401,0.0,0.0279317321012905,0.0,0.0,0000,0.0485720623603563,0.0343827830745505,25,25,1,Unanimous B/LB-directed,logo_BRCA1
NC_000017.11:43091782:C:T,BRCA1,0,0.0264481340154437,0.0,0.0101962220986596,0.0,0.0242806449836452,0.0,0.01154567152622,0.0,0.0,0000,0.0181176681559921,0.0111536899164875,25,25,1,Unanimous B/LB-directed,logo_BRCA1
NC_000017.11:43091791:C:T,BRCA1,0,0.1034459081616892,0.0,0.0007808637154771,0.0,0.0102787941732202,0.0,0.0168171107770798,0.0,0.0,0000,0.0328306692068666,0.0219628514157542,25,25,1,Unanimous B/LB-directed,logo_BRCA1
NC_000017.11:43091817:G:A,BRCA1,0,0.003613494752632,0.0,7.69379876416205e-05,0.0,0.0183946088545286,0.0,0.0113305769180001,0.0,0.0,0000,0.0083539046282006,0.0046305688490287,25,25,1,Unanimous B/LB-directed,logo_BRCA1
NC_000017.11:43091822:A:C,BRCA1,0,0.0329441257537566,0.0,0.0003582376629092,0.0,0.0437270828617264,0.0,0.0141693082117497,0.0,0.0,0000,0.0227996886225355,0.0144897143917321,25,25,1,Unanimous B/LB-directed,logo_BRCA1
NC_000017.11:43091873:C:G,BRCA1,0,0.0442012326621162,0.0,0.0537459019688547,0.0,0.1737521849838063,0.0,0.0187374212814684,0.0,0.0,0000,0.0726091852240614,0.0545698119127599,25,25,1,Unanimous B/LB-directed,logo_BRCA1
NC_000017.11:43091890:C:T,BRCA1,0,0.0016231006895325,0.0,0.0104935849001267,0.0,0.0584958304203074,0.0,0.0109129419920254,0.0,0.0,0000,0.020381364500498,0.0127527974339933,25,25,1,Unanimous B/LB-directed,logo_BRCA1
NC_000017.11:43091922:C:T,BRCA1,0,0.0482379703290081,0.0,1.6835466141718528e-05,0.0,0.007805603226797,0.0,0.0302133742810394,0.0,0.0,0000,0.0215684458257465,0.0136018657222546,25,25,1,Unanimous B/LB-directed,logo_BRCA1
NC_000017.11:43091930:C:A,BRCA1,0,0.0324506560944701,0.0,0.010108781547539,0.0,0.0729716104244147,0.0,0.0154436772249045,0.0,0.0,0000,0.0327436813228321,0.0218963917606892,25,25,1,Unanimous B/LB-directed,logo_BRCA1
NC_000017.11:43091930:C:G,BRCA1,0,0.0102936858693093,0.0,0.0004371150780437,0.0,0.040320867546297,0.0,0.0093732034113244,0.0,0.0,0000,0.0151062179762436,0.0090709358976138,25,25,1,Unanimous B/LB-directed,logo_BRCA1
NC_000017.11:43091982:T:C,BRCA1,0,0.0242866988443065,0.0,1.2531834486803198e-05,0.0,4.9240136647318037e-08,0.0,0.0108896763923477,0.0,0.0,0000,0.0087972390778194,0.0049101974861186,24,25,1,Unanimous B/LB-directed,logo_BRCA1
NC_000017.11:43091989:C:T,BRCA1,0,0.0786816408603639,0.0,0.0001059553710999,0.0,0.0155858316410808,0.0,0.0142926798115021,0.0,0.0,0000,0.0271665269210117,0.0176933978213595,25,25,1,Unanimous B/LB-directed,logo_BRCA1
NC_000017.11:43092067:C:G,BRCA1,0,0.020639643506797,0.0,0.0419601900522496,0.0,0.0336975866770944,0.0,0.008914233792613,0.0,0.0,0000,0.0263029135071885,0.0170533710398286,25,25,1,Unanimous B/LB-directed,logo_BRCA1
NC_000017.11:43092082:G:A,BRCA1,0,0.1874684785078247,0.0,0.0497973632048995,0.0,0.3238565641272281,0.0,0.4677643849045095,0.0,0.0,0000,0.2572216976861154,0.2363773504785556,25,25,1,Unanimous B/LB-directed,logo_BRCA1
NC_000017.11:43092112:T:C,BRCA1,0,0.0120170319976378,0.0,4.088604698863589e-05,0.0,0.0033299276407628,0.0,0.0063741751485143,0.0,0.0,0000,0.0054405052084759,0.0028482888041332,25,25,1,Unanimous B/LB-directed,logo_BRCA1
NC_000017.11:43092114:C:A,BRCA1,0,0.0170246056589185,0.0,0.0036261570824833,0.0,0.0369768225114628,0.0,0.0138252994301314,0.0,0.0,0000,0.017863221170749,0.0109756700430765,25,25,1,Unanimous B/LB-directed,logo_BRCA1
NC_000017.11:43092203:T:G,BRCA1,0,0.0665577378545928,0.0,0.0883080832534046,0.0,0.1267014479631441,0.0,0.0496998567414007,0.0,0.0,0000,0.0828167814531355,0.0635023310420096,25,25,1,Unanimous B/LB-directed,logo_BRCA1
NC_000017.11:43092228:C:T,BRCA1,0,0.0148847278326084,0.0,0.0027469987835726,0.0,0.0628552189896585,0.0,0.0260005601967091,0.0,0.0,0000,0.0266218764506372,0.0172893993363776,25,25,1,Unanimous B/LB-directed,logo_BRCA1
NC_000017.11:43092234:G:A,BRCA1,0,0.0167944731009071,0.0,0.0109061728776787,0.0,0.0183946088545286,0.0,0.0148019798136916,0.0,0.0,0000,0.0152243086617015,0.00915157188834,25,25,1,Unanimous B/LB-directed,logo_BRCA1
NC_000017.11:43092390:A:G,BRCA1,0,0.0095815650461484,0.0,0.0311812916378686,0.0,0.0887643235880095,0.0,0.1130260543991264,0.0,0.0,0000,0.0606383086677882,0.0443550197388774,25,25,1,Unanimous B/LB-directed,logo_BRCA1
NC_000017.11:43092411:C:T,BRCA1,0,0.0070453040476315,0.0,0.0001801035594308,0.0,0.0102787941732202,0.0,0.0068854444697458,0.0,0.0,0000,0.0060974115625071,0.0032408533437704,24,25,1,Unanimous B/LB-directed,logo_BRCA1
NC_000017.11:43092417:T:C,BRCA1,0,0.0094719713821086,0.0,0.0001680269294291,0.0,0.0369768225114628,0.0,0.015496353162773,0.0,0.0,0000,0.0155282934964434,0.0093595483238259,24,25,1,Unanimous B/LB-directed,logo_BRCA1
NC_000017.11:43092447:C:T,BRCA1,0,0.0224125138621047,0.0,3.621431528478307e-05,0.0,0.0014249342009864,0.0,0.0101968444284821,0.0,0.0,0000,0.0085176267017145,0.0047336035160829,25,25,1,Unanimous B/LB-directed,logo_BRCA1
NC_000017.11:43092506:C:T,BRCA1,0,0.0461620334381366,0.0,3.2500489961927256e-05,0.0,0.0033299276407628,0.0,0.0080520819145407,0.0,0.0,0000,0.0143941358708505,0.0085866130854051,25,25,1,Unanimous B/LB-directed,logo_BRCA1
NC_000017.11:43092508:T:C,BRCA1,0,0.0519281959573148,0.0,2.503725385914375e-05,0.0,0.0054782309663609,0.0,0.0293747994422567,0.0,0.0,0000,0.0217015659049479,0.0136975109605876,25,25,1,Unanimous B/LB-directed,logo_BRCA1
NC_000017.11:43092595:G:A,BRCA1,0,0.0272575145710549,0.0,0.0022744161019185,0.0,0.007805603226797,0.0,0.0109462792798743,0.0,0.0,0000,0.0120709532949112,0.0070306727393454,25,25,1,Unanimous B/LB-directed,logo_BRCA1
NC_000017.11:43092651:C:T,BRCA1,0,0.052028718757827,0.0,0.0414741194326798,0.0,0.1816447459382344,0.0,0.1420662129695984,0.0,0.0,0000,0.1043034492745849,0.0828891711999436,25,25,1,Unanimous B/LB-directed,logo_BRCA1
NC_000017.11:43092757:T:G,BRCA1,0,0.0538726068689347,0.0,0.0002131593343847,0.0,0.0102787941732202,0.0,0.0069540778136227,0.0,0.0,0000,0.0178296595475406,0.0109522161459239,25,25,1,Unanimous B/LB-directed,logo_BRCA1
NC_000017.11:43092855:A:G,BRCA1,0,0.0453022508068639,0.0,0.1005087975681859,0.0,0.0860832022237322,0.0,0.0857712506562832,0.0,0.0,0000,0.0794163753137663,0.0605053517321217,25,25,1,Unanimous B/LB-directed,logo_BRCA1
NC_000017.11:43092861:C:A,BRCA1,0,0.0464599418063418,0.0,0.0003532546445368,0.0,0.0054782309663609,0.0,0.0306274692939298,0.0,0.0,0000,0.0207297241777923,0.0130012404337012,25,25,1,Unanimous B/LB-directed,logo_BRCA1
NC_000017.11:43092918:G:A,BRCA1,0,0.0085421472240747,0.0,1.6667692133638285e-06,0.0,4.9240136647318037e-08,0.0,0.0088081940365657,0.0,0.0,0000,0.0043380143174976,0.0022040778707292,24,25,1,Unanimous B/LB-directed,logo_BRCA1
NC_000017.11:43092933:C:T,BRCA1,0,0.5799171601492767,0.0,0.5490669366595923,0.0,0.4196220293332419,0.0,0.1476863024577018,0.0,0.0,0000,0.4240731071499531,0.420555698996145,25,25,1,Unanimous B/LB-directed,logo_BRCA1
NC_000017.11:43092934:G:A,BRCA1,0,0.8056543451241129,1.0,0.4688789774377906,0.0,0.5874201483549722,1.0,0.7260628833657868,1.0,3.0,1011,0.6470040885706657,0.6703279478309586,25,25,1,Mixed votes,logo_BRCA1
NC_000017.11:43092946:T:C,BRCA1,0,0.026671734132947,0.0,0.022313468111601,0.0,0.1311024358735728,0.0,0.0798407951927301,0.0,0.0,0000,0.0649821083277127,0.0480269891635848,25,25,1,Unanimous B/LB-directed,logo_BRCA1
NC_000017.11:43092964:A:G,BRCA1,0,0.0004122259690876,0.0,4.300170714699415e-05,0.0,0.0507167991472892,0.0,0.0136786562824102,0.0,0.0,0000,0.0162126707764835,0.0098298780669284,25,25,1,Unanimous B/LB-directed,logo_BRCA1
NC_000017.11:43093008:C:T,BRCA1,0,0.0337404894969644,0.0,1.7401661451320902e-05,0.0,0.0014249342009864,0.0,0.0096525903255031,0.0,0.0,0000,0.0112088539212263,0.0064634751653616,25,25,1,Unanimous B/LB-directed,logo_BRCA1
NC_000017.11:43093009:G:A,BRCA1,0,0.0035703860986528,0.0,3.631832683644735e-05,0.0,0.0033299276407628,0.0,0.0084255050941537,0.0,0.0,0000,0.0038405342901014,0.0019202173606197,25,25,1,Unanimous B/LB-directed,logo_BRCA1
NC_000017.11:43093053:G:T,BRCA1,0,0.0577466410722714,0.0,0.015672210652692,0.0,0.0369768225114628,0.0,0.0115500660176148,0.0,0.0,0000,0.0304864350635102,0.0201812837680885,25,25,1,Unanimous B/LB-directed,logo_BRCA1
NC_000017.11:43093072:T:C,BRCA1,0,0.007808195624751,0.0,3.3974183779609923e-06,0.0,4.9240136647318037e-08,0.0,0.0064777381749189,0.0,0.0,0000,0.0035723451145461,0.0017691776996004,25,25,1,Unanimous B/LB-directed,logo_BRCA1
NC_000017.11:43093102:T:A,BRCA1,0,0.0540344366413066,0.0,0.0441281969951601,0.0,0.0437270828617264,0.0,0.0482793762935974,0.0,0.0,0000,0.0475422731979476,0.0335484674148591,25,25,1,Unanimous B/LB-directed,logo_BRCA1
NC_000017.11:43093118:C:G,BRCA1,0,0.0137193353936599,0.0,0.0017882025251204,0.0,0.0369768225114628,0.0,0.0109517141425623,0.0,0.0,0000,0.0158590186432013,0.0095864755731839,25,25,1,Unanimous B/LB-directed,logo_BRCA1
NC_000017.11:43093179:G:A,BRCA1,0,0.0143904117261557,0.0,0.0043950874994748,0.0,0.076926378883307,0.0,0.0158851861920437,0.0,0.0,0000,0.0278992660752453,0.0182388029934422,25,25,1,Unanimous B/LB-directed,logo_BRCA1
NC_000017.11:43093215:A:G,BRCA1,0,0.0519585502280335,0.0,0.0446468769247878,0.0,0.0476930060388108,0.0,0.0191996182939347,0.0,0.0,0000,0.0408745128713917,0.0282167549552957,25,25,1,Unanimous B/LB-directed,logo_BRCA1
NC_000017.11:43093363:T:C,BRCA1,0,0.0061360290534366,0.0,0.0003387731269531,0.0,0.0102787941732202,0.0,0.0068933769234634,0.0,0.0,0000,0.0059117433192684,0.0031292906701285,25,25,1,Unanimous B/LB-directed,logo_BRCA1
NC_000017.11:43093453:C:T,BRCA1,0,0.014142399297557,0.0,1.481854694137113e-05,0.0,4.9240136647318037e-08,0.0,0.0060932776392947,0.0,0.0,0000,0.0050626361809824,0.0026253105250728,24,25,1,Unanimous B/LB-directed,logo_BRCA1
NC_000017.11:43093528:G:A,BRCA1,0,0.004606730058796,0.0,0.0026597761628587,0.0,0.0062361332137115,0.0,0.011412574251567,0.0,0.0,0000,0.0062288034217333,0.0033200819165726,25,25,1,Unanimous B/LB-directed,logo_BRCA1
NC_000017.11:43093665:G:A,BRCA1,0,0.0229770711056494,0.0,0.0357614033435524,0.0,0.0102787941732202,0.0,0.0200798654015967,0.0,0.0,0000,0.0222742835060047,0.014109969051919,25,25,1,Unanimous B/LB-directed,logo_BRCA1
NC_000017.11:43093741:C:T,BRCA1,0,0.1022376743569642,0.0,0.0675251665779938,0.0,0.1198568747122758,0.0,0.0502679984568515,0.0,0.0,0000,0.0849719285260213,0.0654124091674991,25,25,1,Unanimous B/LB-directed,logo_BRCA1
NC_000017.11:43093827:G:A,BRCA1,0,0.0153784373266878,0.0,0.0020348040572802,0.0,0.0033299276407628,0.0,0.012569909592388,0.0,0.0,0000,0.0083282696542797,0.0046144609782442,25,25,1,Unanimous B/LB-directed,logo_BRCA1
NC_000017.11:43093875:C:A,BRCA1,0,0.3953091078751305,0.0,0.499889680744995,0.0,0.1864174002301775,0.0,0.2483193212258158,0.0,0.0,0000,0.3324838775190297,0.318201415950726,25,25,1,Unanimous B/LB-directed,logo_BRCA1
NC_000017.11:43093882:T:G,BRCA1,0,0.0226580940268119,0.0,0.001223886882437,0.0,0.0155858316410808,0.0,0.0093624030894807,0.0,0.0,0000,0.0122075539099526,0.0071210759757629,25,25,1,Unanimous B/LB-directed,logo_BRCA1
NC_000017.11:43093914:G:A,BRCA1,0,0.0578019352628309,0.0,7.093520923881322e-05,0.0,0.007805603226797,0.0,0.0160192579463784,0.0,0.0,0000,0.0204244329113113,0.0127834799088691,25,25,1,Unanimous B/LB-directed,logo_BRCA1
NC_000017.11:43093996:G:A,BRCA1,0,0.2454849847468468,0.0,0.1552220798902559,0.0,0.3585695991699879,0.0,0.1077126515426754,0.0,0.0,0000,0.2167473288374415,0.1937270121625138,25,25,1,Unanimous B/LB-directed,logo_BRCA1
NC_000017.11:43094043:C:T,BRCA1,0,0.1324280081196143,0.0,8.504517523612831e-05,0.0,0.0729716104244147,0.0,0.083108332311611,0.0,0.0,0000,0.072148249007719,0.0541710928969891,25,25,1,Unanimous B/LB-directed,logo_BRCA1
NC_000017.11:43094044:G:A,BRCA1,0,0.0121152727365572,0.0,0.0011286112815109,0.0,0.0304861339071047,0.0,0.0167082946855211,0.0,0.0,0000,0.0151095781526735,0.0090732291013169,25,25,1,Unanimous B/LB-directed,logo_BRCA1
NC_000017.11:43094074:A:G,BRCA1,0,0.0322622583308468,0.0,9.139563889172392e-05,0.0,0.065351785754401,0.0,0.0581969154382319,0.0,0.0,0000,0.0389755887905928,0.0267218737834257,25,25,1,Unanimous B/LB-directed,logo_BRCA1
NC_000017.11:43094103:T:C,BRCA1,0,0.0073585672073545,0.0,0.0006832700604157,0.0,0.0369768225114628,0.0,0.0091043494802406,0.0,0.0,0000,0.0135307523148684,0.0080039131910915,25,25,1,Unanimous B/LB-directed,logo_BRCA1
NC_000017.11:43094137:A:C,BRCA1,0,0.9989683329510652,1.0,0.993820963155199,1.0,0.9967918540909032,1.0,0.9904276637471426,1.0,4.0,1111,0.9950022034860774,0.9975398261571374,25,25,1,Unanimous LP/P-directed,logo_BRCA1
NC_000017.11:43094147:A:T,BRCA1,0,0.9843302714368948,1.0,0.9527603993785588,1.0,0.8858296709719955,1.0,0.9672762675362934,1.0,4.0,1111,0.9475491523309356,0.96423311232527,25,25,1,Unanimous LP/P-directed,logo_BRCA1
NC_000017.11:43094297:A:C,BRCA1,0,0.0132545925282254,0.0,9.600681461297662e-05,0.0,0.0102787941732202,0.0,0.0141743216463767,0.0,0.0,0000,0.0094509287906088,0.0053260266545497,25,25,1,Unanimous B/LB-directed,logo_BRCA1
NC_000017.11:43094393:A:C,BRCA1,0,0.0002555622566072,0.0,0.0004267276036742,0.0,0.0835539041966705,0.0,0.0223166440901754,0.0,0.0,0000,0.0266382095367818,0.0173014968864747,25,25,1,Unanimous B/LB-directed,logo_BRCA1
NC_000017.11:43094463:T:C,BRCA1,0,0.0025161921193373,0.0,2.055909045505034e-05,0.0,0.007805603226797,0.0,0.0230731005056982,0.0,0.0,0000,0.0083538637355719,0.0046305431485324,24,25,1,Unanimous B/LB-directed,logo_BRCA1
NC_000017.11:43094494:G:A,BRCA1,0,0.0444594707740202,0.0,0.0008669372135507,0.0,0.1536107135096528,0.0,0.1227996649418525,0.0,0.0,0000,0.0804341966097691,0.0614002374181458,25,25,1,Unanimous B/LB-directed,logo_BRCA1
NC_000017.11:43094529:G:A,BRCA1,0,0.0382825179159911,0.0,0.0052681533378884,0.0,0.0242806449836452,0.0,0.0090645430904012,0.0,0.0,0000,0.0192239648319815,0.0119318107909685,25,25,1,Unanimous B/LB-directed,logo_BRCA1
NC_000017.11:43094584:T:C,BRCA1,0,0.104481496639644,0.0,0.0357783179594493,0.0,0.1223355970430731,0.0,0.0469845015805793,0.0,0.0,0000,0.0773949783056864,0.0587337224961166,25,25,1,Unanimous B/LB-directed,logo_BRCA1
NC_000017.11:43094707:C:T,BRCA1,0,0.002621957817393,0.0,0.0015522406001834,0.0,0.0729716104244147,0.0,0.0108360779532893,0.0,0.0,0000,0.0219954716988201,0.0139089801213077,25,25,1,Unanimous B/LB-directed,logo_BRCA1
NC_000017.11:43094719:C:T,BRCA1,0,0.0074958284776165,0.0,0.0034710019493405,0.0,0.0536958603488761,0.0,0.1045990876199229,0.0,0.0,0000,0.042315444598939,0.0293582719541498,25,25,1,Unanimous B/LB-directed,logo_BRCA1
NC_000017.11:43094794:A:C,BRCA1,0,0.0463209801318495,0.0,0.0032171003272728,0.0,0.040320867546297,0.0,0.0249439018040035,0.0,0.0,0000,0.0287007124523557,0.0188377859250064,25,25,1,Unanimous B/LB-directed,logo_BRCA1
NC_000017.11:43094814:T:C,BRCA1,0,0.0085676686402742,0.0,0.0002638175572652,0.0,0.007805603226797,0.0,0.0088555047898923,0.0,0.0,0000,0.0063731485535572,0.0034073823339836,25,25,1,Unanimous B/LB-directed,logo_BRCA1
NC_000017.11:43095874:T:C,BRCA1,0,0.0428128162570743,0.0,0.0315980581445117,0.0,0.0542962240473788,0.0,0.0367876951831648,0.0,0.0,0000,0.0413736984080324,0.0286115224035468,25,25,1,Unanimous B/LB-directed,logo_BRCA1
NC_000017.11:43097265:C:T,BRCA1,0,0.0125269262502038,0.0,0.0005647852583807,0.0,0.0054782309663609,0.0,0.0267288464289583,0.0,0.0,0000,0.0113246972259759,0.0065393486778595,25,25,1,Unanimous B/LB-directed,logo_BRCA1
NC_000017.11:43097279:G:T,BRCA1,0,0.0011256576546999,0.0,0.0036969036289845,0.0,0.1052381650998296,0.0,0.0255624080425025,0.0,0.0,0000,0.0339057836065041,0.0227864233377773,25,25,1,Unanimous B/LB-directed,logo_BRCA1
NC_000017.11:43099785:T:C,BRCA1,0,0.1096166919625734,0.0,0.1014774098719995,0.0,0.2581863211157909,0.0,0.1051668072527013,0.0,0.0,0000,0.1436118075507663,0.1200693598444986,25,25,1,Unanimous B/LB-directed,logo_BRCA1
NC_000017.11:43099813:G:A,BRCA1,0,0.0178180430392277,0.0,0.0031067079619664,0.0,0.0273458513949584,0.0,0.0478299617918753,0.0,0.0,0000,0.0240251410470069,0.0153803589925525,25,25,1,Unanimous B/LB-directed,logo_BRCA1
NC_000017.11:43104135:C:T,BRCA1,0,0.0122534934942907,0.0,0.0184181359426469,0.0,0.0193516002477108,0.0,0.0209482364483278,0.0,0.0,0000,0.017742866533244,0.0108915918178061,25,25,1,Unanimous B/LB-directed,logo_BRCA1
NC_000017.11:43104137:G:T,BRCA1,0,0.0142421262715216,0.0,0.0259509694474468,0.0,0.0054782309663609,0.0,0.0088532445425611,0.0,0.0,0000,0.0136311428069726,0.0080714047466839,25,25,1,Unanimous B/LB-directed,logo_BRCA1
NC_000017.11:43104166:G:T,BRCA1,0,0.1758046344837358,0.0,0.2572632354841834,0.0,0.2405920600079928,0.0,0.0598580525793724,0.0,0.0,0000,0.1833794956388211,0.159501959813883,25,25,1,Unanimous B/LB-directed,logo_BRCA1
NC_000017.11:43104248:T:C,BRCA1,0,0.0306387868086328,0.0,0.0303607727227248,0.0,0.0448758880775835,0.0,0.0291684820376446,0.0,0.0,0000,0.0337609824116464,0.0226752684726477,25,25,1,Unanimous B/LB-directed,logo_BRCA1
NC_000017.11:43106468:C:A,BRCA1,0,0.132211068974035,0.0,0.7525739259490384,1.0,0.2008961545271595,0.0,0.0818603437562771,0.0,1.0,0100,0.2918853733016275,0.2737156413395303,25,25,1,Mixed votes,logo_BRCA1
NC_000017.11:43115726:T:G,BRCA1,0,0.0364011324218246,0.0,0.1696618810421606,0.0,0.1536107135096528,0.0,0.0874489612827019,0.0,0.0,0000,0.111780672064085,0.0898025986164588,25,25,1,Unanimous B/LB-directed,logo_BRCA1
NC_000017.11:43045703:G:A,BRCA1,0,0.0200049189296385,0.0,0.024577443051326,0.0,0.0054782309663609,0.0,0.0117453426584968,0.0,0.0,0000,0.0154514839014556,0.0093069428162448,25,25,1,Unanimous B/LB-directed,logo_BRCA1
NC_000017.11:43045724:C:T,BRCA1,0,0.0202956178686797,0.0,0.1918877920014421,0.0,0.0495123964719014,0.0,0.0306815459973634,0.0,0.0,0000,0.0730943380848467,0.05498992575156,24,25,1,Unanimous B/LB-directed,logo_BRCA1
NC_000017.11:43045726:T:C,BRCA1,0,0.0088451863288358,0.0,0.084233258554845,0.0,0.0691376642286343,0.0,0.0195873050447275,0.0,0.0,0000,0.0454508535392607,0.0318627681303688,24,25,1,Unanimous B/LB-directed,logo_BRCA1
NC_000017.11:43045729:C:G,BRCA1,0,0.0304282577191749,0.0,0.1521222362442108,0.0,0.1156396434243825,0.0,0.0380220796228,0.0,0.0,0000,0.084053054252642,0.064597029524398,24,25,1,Unanimous B/LB-directed,logo_BRCA1
NC_000017.11:43045732:T:C,BRCA1,0,0.0033427794576267,0.0,0.0045442569042016,0.0,4.9240136647318037e-08,0.0,0.0082556007740629,0.0,0.0,0000,0.004035671594007,0.0020310095482044,25,25,1,Unanimous B/LB-directed,logo_BRCA1
NC_000017.11:43045738:A:C,BRCA1,0,0.2375970371561777,0.0,0.602647688615874,0.0,0.3482387428066218,0.0,0.2359420318185238,0.0,0.0,0000,0.3561063750992994,0.344384273425624,25,25,1,Unanimous B/LB-directed,logo_BRCA1
NC_000017.11:43045777:G:A,BRCA1,0,0.0274066199062618,0.0,0.1006657313928612,0.0,0.0336975866770944,0.0,0.0148555845197197,0.0,0.0,0000,0.0441563806239843,0.0308254138780637,24,25,1,Unanimous B/LB-directed,logo_BRCA1
NC_000017.11:43045791:C:G,BRCA1,0,0.081241564992299,0.0,0.2538420849134439,0.0,0.0529663614664563,0.0,0.040166536561416,0.0,0.0,0000,0.1070541369834038,0.0854230338723378,23,25,1,Unanimous B/LB-directed,logo_BRCA1
NC_000017.11:43045791:C:T,BRCA1,0,,,,,,,,,,,,,2,25,0,,logo_BRCA1
NC_000017.11:43045793:G:C,BRCA1,0,0.1197721103122734,0.0,0.2259673381194277,0.0,0.080665373407895,0.0,0.0205545186953596,0.0,0.0,0000,0.1117398351337389,0.0897646232979603,23,25,1,Unanimous B/LB-directed,logo_BRCA1
NC_000017.11:43045794:C:A,BRCA1,0,,,,,,,,,,,,,2,25,0,,logo_BRCA1
NC_000017.11:43045794:C:T,BRCA1,0,,,,,,,,,,,,,2,25,0,,logo_BRCA1
NC_000017.11:43045797:A:G,BRCA1,0,,,,,,,,,,,,,2,25,0,,logo_BRCA1
NC_000017.11:43045797:A:T,BRCA1,0,,,,,,,,,,,,,2,25,0,,logo_BRCA1
NC_000017.11:43045798:A:T,BRCA1,0,0.9032381006134051,1.0,0.9660879371632904,1.0,0.6201150944179544,1.0,0.5872693607259899,1.0,4.0,1111,0.76917762323016,0.7997795589193729,23,25,1,Unanimous LP/P-directed,logo_BRCA1
NC_000017.11:43045800:T:G,BRCA1,0,,,,,,,,,,,,,2,25,0,,logo_BRCA1
NC_000017.11:43047643:A:G,BRCA1,0,,,,,,,,,,,,,2,25,0,,logo_BRCA1
NC_000017.11:43047646:G:A,BRCA1,0,,,,,,,,,,,,,2,25,0,,logo_BRCA1
NC_000017.11:43047649:G:A,BRCA1,0,,,,,,,,,,,,,2,25,0,,logo_BRCA1
NC_000017.11:43047649:G:C,BRCA1,0,,,,,,,,,,,,,2,25,0,,logo_BRCA1
NC_000017.11:43047652:A:G,BRCA1,0,,,,,,,,,,,,,2,25,0,,logo_BRCA1
NC_000017.11:43047658:C:T,BRCA1,0,,,,,,,,,,,,,2,25,0,,logo_BRCA1
NC_000017.11:43047661:T:C,BRCA1,0,,,,,,,,,,,,,2,25,0,,logo_BRCA1
NC_000017.11:43047662:G:C,BRCA1,0,0.2933280160684373,0.0,0.5429196291533889,0.0,0.1701113924134517,0.0,0.0373098169648732,0.0,0.0,0000,0.2609172136500378,0.240325337819095,23,25,1,Unanimous B/LB-directed,logo_BRCA1
NC_000017.11:43047663:T:C,BRCA1,0,0.0437909338198503,0.0,0.1914334953489195,0.0,0.065351785754401,0.0,0.0325117282441934,0.0,0.0,0000,0.083271985791841,0.0639050941644616,23,25,1,Unanimous B/LB-directed,logo_BRCA1
NC_000017.11:43047670:A:G,BRCA1,0,,,,,,,,,,,,,2,25,0,,logo_BRCA1
NC_000017.11:43047679:C:G,BRCA1,0,,,,,,,,,,,,,2,25,0,,logo_BRCA1
NC_000017.11:43047679:C:T,BRCA1,0,,,,,,,,,,,,,2,25,0,,logo_BRCA1
NC_000017.11:43047682:A:T,BRCA1,0,,,,,,,,,,,,,2,25,0,,logo_BRCA1
NC_000017.11:43047685:C:G,BRCA1,0,,,,,,,,,,,,,2,25,0,,logo_BRCA1
NC_000017.11:43047691:T:G,BRCA1,0,,,,,,,,,,,,,2,25,0,,logo_BRCA1
NC_000017.11:43047694:G:A,BRCA1,0,,,,,,,,,,,,,2,25,0,,logo_BRCA1
NC_000017.11:43047697:G:A,BRCA1,0,,,,,,,,,,,,,2,25,0,,logo_BRCA1
NC_000017.11:43047700:A:G,BRCA1,0,,,,,,,,,,,,,2,25,0,,logo_BRCA1
NC_000017.11:43049142:A:C,BRCA1,0,0.2807618240496661,0.0,0.7650361524161935,1.0,0.1002845006808465,0.0,0.0399636985669745,0.0,1.0,0100,0.2965115439284202,0.2787470917928787,24,25,1,Mixed votes,logo_BRCA1
NC_000017.11:43049179:T:A,BRCA1,0,0.1342858957918412,0.0,0.493220582975025,0.0,0.1904434071875469,0.0,0.0971814825964789,0.0,0.0,0000,0.228782842137723,0.2062899493910656,25,25,1,Unanimous B/LB-directed,logo_BRCA1
NC_000017.11:43049189:T:G,BRCA1,0,0.0388883754569822,0.0,0.0759006072524367,0.0,0.1052381650998296,0.0,0.0341167497984929,0.0,0.0,0000,0.0635359744019354,0.046799992851322,24,25,1,Unanimous B/LB-directed,logo_BRCA1
NC_000017.11:43051082:G:C,BRCA1,0,0.9290553063853314,1.0,0.8837264899972367,1.0,0.7760344061979767,1.0,0.6493088807574641,1.0,4.0,1111,0.8095312708345022,0.8402033254852069,25,25,1,Unanimous LP/P-directed,logo_BRCA1
NC_000017.11:43057059:C:A,BRCA1,0,0.395665942410764,0.0,0.7210332462334699,1.0,0.1072916651012012,0.0,0.0759026226080119,0.0,1.0,0100,0.3249733690883618,0.3099190945002691,24,25,1,Mixed votes,logo_BRCA1
NC_000017.11:43057083:G:T,BRCA1,0,0.983158367197919,1.0,0.9882396865139028,1.0,0.7954714548996538,1.0,0.7978540568650745,1.0,4.0,1111,0.8911808913691375,0.9168759198879632,24,25,1,Unanimous LP/P-directed,logo_BRCA1
NC_000017.11:43057134:G:C,BRCA1,0,0.5060483818186577,0.0,0.8246097729491827,1.0,0.32919794199911,0.0,0.2382704712821048,0.0,1.0,0100,0.4745316420122638,0.4775334863557454,25,25,1,Mixed votes,logo_BRCA1
NC_000017.11:43063335:A:C,BRCA1,0,0.0270313459316681,0.0,0.1815090449255703,0.0,0.0715420422287049,0.0,0.0183779681930352,0.0,0.0,0000,0.0746151003197446,0.0563097622905982,24,25,1,Unanimous B/LB-directed,logo_BRCA1
NC_000017.11:43063357:A:G,BRCA1,0,0.2019371624014387,0.0,0.6371085623589445,0.0,0.2971262094206753,0.0,0.2576761591019963,0.0,0.0,0000,0.3484620233207638,0.3358906883401601,24,25,1,Unanimous B/LB-directed,logo_BRCA1
NC_000017.11:43063892:T:G,BRCA1,0,0.4364010676728629,0.0,0.937032467141168,1.0,0.3111164738291906,0.0,0.0960533653363379,0.0,1.0,0100,0.4451508434948898,0.4443361075209427,24,25,1,Mixed votes,logo_BRCA1
NC_000017.11:43067622:C:T,BRCA1,0,0.0357625142161427,0.0,0.1561770665317651,0.0,0.1441182297682664,0.0,0.0812538108736628,0.0,0.0,0000,0.1043279053474592,0.0829116503323358,24,25,1,Unanimous B/LB-directed,logo_BRCA1
NC_000017.11:43067631:T:C,BRCA1,0,0.5930552329662335,0.0,0.5908631923505925,0.0,0.5555504666499342,1.0,0.3419565183223031,0.0,1.0,0010,0.5203563525722659,0.5292859612923991,24,25,1,Mixed votes,logo_BRCA1
NC_000017.11:43067637:C:T,BRCA1,0,0.7285677880371453,1.0,0.8111285627045156,1.0,0.6005358549087892,1.0,0.8469521564981027,1.0,4.0,1111,0.7467960905371382,0.7767835538090448,25,25,1,Unanimous LP/P-directed,logo_BRCA1
NC_000017.11:43067651:G:T,BRCA1,0,0.0102155935791201,0.0,0.1342533328153197,0.0,0.11371218214868,0.0,0.0333081682898125,0.0,0.0,0000,0.0728723192082331,0.0547976137172052,24,25,1,Unanimous B/LB-directed,logo_BRCA1
NC_000017.11:43067657:G:A,BRCA1,0,0.0045859442540307,0.0,0.0052031259207945,0.0,0.0519038394089301,0.0,0.0084894365962331,0.0,0.0,0000,0.0175455865449971,0.0107539510593225,25,25,1,Unanimous B/LB-directed,logo_BRCA1
NC_000017.11:43067661:T:C,BRCA1,0,0.0361617169125937,0.0,0.0004241261034381,0.0,0.0054782309663609,0.0,0.0113505505872852,0.0,0.0,0000,0.0133536561424195,0.0078850248226936,25,25,1,Unanimous B/LB-directed,logo_BRCA1
NC_000017.11:43067664:G:A,BRCA1,0,0.0071216770358635,0.0,0.0694149109602936,0.0,0.0507167991472892,0.0,0.0173570859601918,0.0,0.0,0000,0.0361526182759095,0.0245202312816137,24,25,1,Unanimous B/LB-directed,logo_BRCA1
NC_000017.11:43067664:G:C,BRCA1,0,0.1114808621287209,0.0,0.3650573533269777,0.0,0.2586247912102806,0.0,0.0585807677990106,0.0,0.0,0000,0.1984359436162475,0.174829043208896,24,25,1,Unanimous B/LB-directed,logo_BRCA1
NC_000017.11:43067679:A:C,BRCA1,0,0.7935961164384907,1.0,0.7746142748852501,1.0,0.5928908294876422,1.0,0.4774342956921203,1.0,4.0,1111,0.6596338791258758,0.6840966644379568,24,25,1,Unanimous LP/P-directed,logo_BRCA1
NC_000017.11:43067681:T:G,BRCA1,0,0.3028406355918835,0.0,0.6205861612789049,0.0,0.4264762661739293,0.0,0.3526741884024626,0.0,0.0,0000,0.4256443128617951,0.4223267152939775,24,25,1,Unanimous B/LB-directed,logo_BRCA1
NC_000017.11:43067685:A:T,BRCA1,0,0.1396476847151196,0.0,0.1989767669168312,0.0,0.1512659197174032,0.0,0.0311900147349769,0.0,0.0,0000,0.1302700965210827,0.107227771054344,24,25,1,Unanimous B/LB-directed,logo_BRCA1
NC_000017.11:43067687:A:C,BRCA1,0,0.5090672419698924,0.0,0.5815110950075173,0.0,0.5928908294876422,1.0,0.3974122228796983,0.0,1.0,0010,0.5202203473361876,0.5291326017496599,25,25,1,Mixed votes,logo_BRCA1
NC_000017.11:43067690:A:G,BRCA1,0,0.0312883894577251,0.0,0.1866022411512932,0.0,0.1253865514233632,0.0,0.0719541589340799,0.0,0.0,0000,0.1038078352416153,0.0824338124214902,25,25,1,Unanimous B/LB-directed,logo_BRCA1
NC_000017.11:43067691:G:A,BRCA1,0,0.0805472244405048,0.0,0.4631052734897288,0.0,0.0901119874662104,0.0,0.0255376228878325,0.0,0.0,0000,0.1648255270710692,0.1409029255189883,24,25,1,Unanimous B/LB-directed,logo_BRCA1
NC_000017.11:43070928:A:G,BRCA1,0,0.0320979578436796,0.0,0.0245422826090406,0.0,0.00861500007045,0.0,0.0129153306251756,0.0,0.0,0000,0.0195426427870864,0.0121571682811261,25,25,1,Unanimous B/LB-directed,logo_BRCA1
NC_000017.11:43070955:A:G,BRCA1,0,0.8685610892184252,1.0,0.9358965234739988,1.0,0.8097809137302977,1.0,0.9435961634359032,1.0,4.0,1111,0.8894586724646563,0.9153448637823614,24,25,1,Unanimous LP/P-directed,logo_BRCA1
NC_000017.11:43070970:T:C,BRCA1,0,0.0723407934847498,0.0,0.0010287804814968,0.0,0.0273458513949584,0.0,0.0082022079631754,0.0,0.0,0000,0.0272294083310951,0.0177401182134803,24,25,1,Unanimous B/LB-directed,logo_BRCA1
NC_000017.11:43070970:T:G,BRCA1,0,0.0509168977007093,0.0,0.127905689422437,0.0,0.1024477815004351,0.0,0.0499969965345825,0.0,0.0,0000,0.082816841289541,0.0635023839610112,24,25,1,Unanimous B/LB-directed,logo_BRCA1
NC_000017.11:43070976:A:T,BRCA1,0,0.0653516119329351,0.0,0.024963634693882,0.0,0.0704103681685402,0.0,0.010825222867791,0.0,0.0,0000,0.0428877094157871,0.0298133030632059,24,25,1,Unanimous B/LB-directed,logo_BRCA1
NC_000017.11:43070983:C:G,BRCA1,0,0.0773865090181819,0.0,0.079238724172809,0.0,0.0542962240473788,0.0,0.0227582409069714,0.0,0.0,0000,0.0584199245363353,0.0424957915656798,24,25,1,Unanimous B/LB-directed,logo_BRCA1
NC_000017.11:43070986:T:A,BRCA1,0,0.1178237286327871,0.0,0.0210801928986287,0.0,0.0781561803022112,0.0,0.0190600877385204,0.0,0.0,0000,0.0590300473930369,0.0430060275766457,24,25,1,Unanimous B/LB-directed,logo_BRCA1
NC_000017.11:43070988:G:A,BRCA1,0,0.0895095560897871,0.0,0.3087327022616748,0.0,0.0815694915339697,0.0,0.0143152780495978,0.0,0.0,0000,0.1235317569837573,0.100825203201914,24,25,1,Unanimous B/LB-directed,logo_BRCA1
NC_000017.11:43070992:C:A,BRCA1,0,0.0763021115251378,0.0,0.0004938312515372,0.0,0.0183946088545286,0.0,0.0137508910564876,0.0,0.0,0000,0.0272353606719228,0.0177445415837464,24,25,1,Unanimous B/LB-directed,logo_BRCA1
NC_000017.11:43070992:C:T,BRCA1,0,0.0615271201917798,0.0,0.0102584571032185,0.0,0.0542962240473788,0.0,0.0147454674280173,0.0,0.0,0000,0.0352068171925986,0.023788336387223,24,25,1,Unanimous B/LB-directed,logo_BRCA1
NC_000017.11:43070995:T:C,BRCA1,0,0.0940858408469971,0.0,0.0034492368882943,0.0,0.1223355970430731,0.0,0.0632274506241883,0.0,0.0,0000,0.0707745313506382,0.0529852733097186,24,25,1,Unanimous B/LB-directed,logo_BRCA1
NC_000017.11:43071000:T:A,BRCA1,0,0.087520375413877,0.0,0.2095789088075187,0.0,0.065351785754401,0.0,0.020573033323015,0.0,0.0,0000,0.0957560258247029,0.0750882690776766,24,25,1,Unanimous B/LB-directed,logo_BRCA1
NC_000017.11:43071005:C:A,BRCA1,0,0.0712163668284364,0.0,0.0306698595408138,0.0,0.1108706041093188,0.0,0.0203010940492433,0.0,0.0,0000,0.058264481131953,0.0423659324378347,24,25,1,Unanimous B/LB-directed,logo_BRCA1
NC_000017.11:43071016:T:C,BRCA1,0,0.0169807423604774,0.0,0.0198196782141734,0.0,0.0315488871485613,0.0,0.0120956224336832,0.0,0.0,0000,0.0201112325392238,0.0125605662915567,24,25,1,Unanimous B/LB-directed,logo_BRCA1
NC_000017.11:43071109:C:G,BRCA1,0,0.0948040018415751,0.0,0.0005038332220581,0.0,0.0807788228587328,0.0,0.0319264595675624,0.0,0.0,0000,0.0520032793724821,0.0371824889516031,24,25,1,Unanimous B/LB-directed,logo_BRCA1
NC_000017.11:43071136:T:A,BRCA1,0,0.1639934074941105,0.0,0.0076103792092621,0.0,0.4492714355502303,0.0,0.3891807816239153,0.0,0.0,0000,0.2525140009693796,0.2313602109897302,25,25,1,Unanimous B/LB-directed,logo_BRCA1
NC_000017.11:43071147:C:T,BRCA1,0,0.050668848241443,0.0,3.220521185279309e-05,0.0,0.0155858316410808,0.0,0.043415766694589,0.0,0.0,0000,0.0274256629472414,0.0178860364324582,25,25,1,Unanimous B/LB-directed,logo_BRCA1
NC_000017.11:43071163:C:A,BRCA1,0,0.0371333735124816,0.0,0.002390774817463,0.0,0.0155858316410808,0.0,0.0159536130889937,0.0,0.0,0000,0.0177658982650048,0.0109076751993229,25,25,1,Unanimous B/LB-directed,logo_BRCA1
NC_000017.11:43074369:C:A,BRCA1,0,0.0702832579885961,0.0,0.0287585756019972,0.0,0.0616152944447866,0.0,0.0291746988923737,0.0,0.0,0000,0.0474579567319384,0.0334802801179406,25,25,1,Unanimous B/LB-directed,logo_BRCA1
NC_000017.11:43074461:C:T,BRCA1,0,0.0990050057294654,0.0,0.0418695426736159,0.0,0.0847498179659164,0.0,0.0215672703274691,0.0,0.0,0000,0.0617979091741167,0.0453312549802523,25,25,1,Unanimous B/LB-directed,logo_BRCA1
NC_000017.11:43074462:C:T,BRCA1,0,0.0759644988325979,0.0,0.0008518847595951,0.0,0.040320867546297,0.0,0.0167971974335452,0.0,0.0,0000,0.0334836121430088,0.0224625497206415,24,25,1,Unanimous B/LB-directed,logo_BRCA1
NC_000017.11:43076514:C:T,BRCA1,0,0.0537624036285626,0.0,0.0022491475475487,0.0,0.0336975866770944,0.0,0.0240495248721322,0.0,0.0,0000,0.0284396656813345,0.0186424091401933,24,25,1,Unanimous B/LB-directed,logo_BRCA1
NC_000017.11:43079333:C:T,BRCA1,0,,,,,,,,,,,,,2,25,0,,logo_BRCA1
NC_000017.11:43079348:T:C,BRCA1,0,,,,,,,,,,,,,2,25,0,,logo_BRCA1
NC_000017.11:43079351:G:A,BRCA1,0,,,,,,,,,,,,,2,25,0,,logo_BRCA1
NC_000017.11:43082427:G:C,BRCA1,0,0.021725738678763,0.0,0.0011460457842149,0.0,0.0336975866770944,0.0,0.0178422694989642,0.0,0.0,0000,0.0186029101597591,0.0114941723087898,24,25,1,Unanimous B/LB-directed,logo_BRCA1
NC_000017.11:43082466:T:G,BRCA1,0,0.0418638955336485,0.0,8.429884356789471e-05,0.0,0.0014249342009864,0.0,0.020393487650613,0.0,0.0,0000,0.0159416540572039,0.0096432813665242,24,25,1,Unanimous B/LB-directed,logo_BRCA1
NC_000017.11:43082505:C:G,BRCA1,0,0.0070150087160106,0.0,0.0033346804017266,0.0,0.0315488871485613,0.0,0.0297837423509196,0.0,0.0,0000,0.0179205796543045,0.0110157685128879,25,25,1,Unanimous B/LB-directed,logo_BRCA1
NC_000017.11:43082556:G:A,BRCA1,0,0.0076452560499736,0.0,0.0008746134292,0.0,0.0155858316410808,0.0,0.0123521085180235,0.0,0.0,0000,0.0091144524095695,0.0051114732104111,25,25,1,Unanimous B/LB-directed,logo_BRCA1
NC_000017.11:43090969:A:G,BRCA1,0,0.0490440328820299,0.0,0.3105526874415379,0.0,0.1161453021693215,0.0,0.0454796545671421,0.0,0.0,0000,0.1303054192650079,0.1072614848350014,24,25,1,Unanimous B/LB-directed,logo_BRCA1
NC_000017.11:43091449:T:A,BRCA1,0,0.0898495776886974,0.0,0.0041883936103913,0.0,0.0768523857141854,0.0,0.0219989494768611,0.0,0.0,0000,0.0482223266225338,0.034099120314403,24,25,1,Unanimous B/LB-directed,logo_BRCA1
NC_000017.11:43091449:T:G,BRCA1,0,0.0571299147700704,0.0,0.0002604915351316,0.0,0.0369768225114628,0.0,0.0208588553200679,0.0,0.0,0000,0.0288065210341832,0.0189170522891116,25,25,1,Unanimous B/LB-directed,logo_BRCA1
NC_000017.11:43091519:G:C,BRCA1,0,0.0759390271547248,0.0,0.102950174215015,0.0,0.0781561803022112,0.0,0.0393439068167906,0.0,0.0,0000,0.0740973221221854,0.0558598948053232,24,25,1,Unanimous B/LB-directed,logo_BRCA1
NC_000017.11:43091535:C:T,BRCA1,0,0.0452556583187687,0.0,0.0001885905514005,0.0,0.0102787941732202,0.0,0.0086841048059333,0.0,0.0,0000,0.0161017869623307,0.0097534798867945,24,25,1,Unanimous B/LB-directed,logo_BRCA1
NC_000017.11:43091572:A:G,BRCA1,0,0.0302842055642571,0.0,0.0002556764771188,0.0,0.0033299276407628,0.0,0.0117020939370571,0.0,0.0,0000,0.011392975904799,0.0065841195858117,25,25,1,Unanimous B/LB-directed,logo_BRCA1
NC_000017.11:43091595:G:C,BRCA1,0,0.0456741279461438,0.0,0.0009427999341486,0.0,0.0252937721866779,0.0,0.0177757841003732,0.0,0.0,0000,0.0224216210418359,0.0142163294509483,25,25,1,Unanimous B/LB-directed,logo_BRCA1
NC_000017.11:43091612:C:A,BRCA1,0,0.0543553901145579,0.0,0.0256580996070202,0.0,0.0336975866770944,0.0,0.0166496700117703,0.0,0.0,0000,0.0325901866026107,0.0217791850383897,24,25,1,Unanimous B/LB-directed,logo_BRCA1
NC_000017.11:43091679:T:C,BRCA1,0,0.0587843202417478,0.0,0.0692314061150908,0.0,0.1010591559521964,0.0,0.1617531701776185,0.0,0.0,0000,0.0977070131216634,0.0768589324513611,25,25,1,Unanimous B/LB-directed,logo_BRCA1
NC_000017.11:43091701:C:G,BRCA1,0,0.0281270863023587,0.0,0.0039083609380132,0.0,0.0212950842983,0.0,0.0085320695084561,0.0,0.0,0000,0.015465650261782,0.0093166423202932,24,25,1,Unanimous B/LB-directed,logo_BRCA1
NC_000017.11:43091704:A:C,BRCA1,0,0.02251659607009,0.0,0.0028918294212251,0.0,0.0183946088545286,0.0,0.0132779225908408,0.0,0.0,0000,0.0142702392341711,0.0085026850119592,24,25,1,Unanimous B/LB-directed,logo_BRCA1
NC_000017.11:43091712:T:C,BRCA1,0,0.018446486237504,0.0,0.0102010553847266,0.0,0.0102787941732202,0.0,0.0126480562535637,0.0,0.0,0000,0.0128935980122536,0.0075772174010856,24,25,1,Unanimous B/LB-directed,logo_BRCA1
NC_000017.11:43091732:G:C,BRCA1,0,0.1806956590780936,0.0,0.3703072056900374,0.0,0.2106772712793742,0.0,0.56571521610199,1.0,1.0,0001,0.3318488380373738,0.3175002776797225,25,25,1,Mixed votes,logo_BRCA1
NC_000017.11:43091733:C:G,BRCA1,0,0.050390520536889,0.0,0.0045206825031299,0.0,0.1052381650998296,0.0,0.0952305320395763,0.0,0.0,0000,0.0638449750448562,0.0470617946321785,25,25,1,Unanimous B/LB-directed,logo_BRCA1
NC_000017.11:43091747:T:A,BRCA1,0,0.0474057918226493,0.0,0.0110212895348302,0.0,0.0212950842983,0.0,0.0131936018351918,0.0,0.0,0000,0.0232289418727428,0.0148009139783284,24,25,1,Unanimous B/LB-directed,logo_BRCA1
NC_000017.11:43091772:G:T,BRCA1,0,0.1502912852565968,0.0,0.4663032839161367,0.0,0.2355497127556913,0.0,0.3547163751727945,0.0,0.0,0000,0.3017151642753048,0.284418963010741,25,25,1,Unanimous B/LB-directed,logo_BRCA1
NC_000017.11:43091802:C:G,BRCA1,0,0.0857515350897378,0.0,0.0450898425584937,0.0,0.0471931048725135,0.0,0.0231077568040843,0.0,0.0,0000,0.0502855598312073,0.0357771579998027,25,25,1,Unanimous B/LB-directed,logo_BRCA1
NC_000017.11:43091806:T:C,BRCA1,0,0.0377705789894367,0.0,0.0054503818503508,0.0,0.0212950842983,0.0,0.0166016115508586,0.0,0.0,0000,0.0202794141722365,0.0126802041032022,25,25,1,Unanimous B/LB-directed,logo_BRCA1
NC_000017.11:43091808:G:C,BRCA1,0,0.0182768271457771,0.0,0.0114236629726729,0.0,0.0437270828617264,0.0,0.0123463211030762,0.0,0.0,0000,0.0214434735208131,0.0135121524951631,24,25,1,Unanimous B/LB-directed,logo_BRCA1
NC_000017.11:43091832:T:C,BRCA1,0,0.0281464268871998,0.0,0.0160064900485586,0.0,0.0183946088545286,0.0,0.0139144216121066,0.0,0.0,0000,0.0191154868505984,0.0118552212097943,24,25,1,Unanimous B/LB-directed,logo_BRCA1
NC_000017.11:43091863:G:A,BRCA1,0,0.0198151402782083,0.0,0.1114807030533427,0.0,0.0953386868257037,0.0,0.0703330456706713,0.0,0.0,0000,0.0742418939569815,0.0559854532499923,24,25,1,Unanimous B/LB-directed,logo_BRCA1
NC_000017.11:43091873:C:A,BRCA1,0,0.1747005720596935,0.0,0.3493223057179121,0.0,0.3314912156563233,0.0,0.1040984145133443,0.0,0.0,0000,0.2399031269868183,0.2179903702852121,24,25,1,Unanimous B/LB-directed,logo_BRCA1
NC_000017.11:43091878:T:A,BRCA1,0,0.0076872303343549,0.0,0.0223272456532497,0.0,0.0847498179659164,0.0,0.0170943707960561,0.0,0.0,0000,0.0329646661873943,0.0220652783885923,24,25,1,Unanimous B/LB-directed,logo_BRCA1
NC_000017.11:43091917:C:G,BRCA1,0,0.0832700474423214,0.0,0.0091149652431141,0.0,0.3026337845572179,0.0,0.3433944829940241,0.0,0.0,0000,0.1846033200591694,0.1607402309708381,25,25,1,Unanimous B/LB-directed,logo_BRCA1
NC_000017.11:43091929:C:T,BRCA1,0,0.0234529551963619,0.0,0.0088996903922137,0.0,0.0054782309663609,0.0,0.0118363986478766,0.0,0.0,0000,0.0124168188007033,0.0072598426610345,25,25,1,Unanimous B/LB-directed,logo_BRCA1
NC_000017.11:43091967:C:A,BRCA1,0,0.452577613918206,0.0,0.5058660719279048,0.0,0.2740162723221676,0.0,0.4018370224403608,0.0,0.0,0000,0.4085742451521598,0.4031043009270537,24,25,1,Unanimous B/LB-directed,logo_BRCA1
NC_000017.11:43091980:C:T,BRCA1,0,0.0290507694900432,0.0,0.0005919605811939,0.0,0.0183946088545286,0.0,0.0061690704875929,0.0,0.0,0000,0.0135516023533396,0.0080179246990366,24,25,1,Unanimous B/LB-directed,logo_BRCA1
NC_000017.11:43091988:A:G,BRCA1,0,0.010753104532596,0.0,0.0061311234907345,0.0,0.034783288351419,0.0,0.011252216005019,0.0,0.0,0000,0.0157299330949421,0.0094978228067279,24,25,1,Unanimous B/LB-directed,logo_BRCA1
NC_000017.11:43092003:A:T,BRCA1,0,0.9256633265245264,1.0,0.7523090020786739,1.0,0.8191854828911108,1.0,0.6285658784172831,1.0,4.0,1111,0.7814309224778985,0.8122025563435797,24,25,1,Unanimous LP/P-directed,logo_BRCA1
NC_000017.11:43092046:C:T,BRCA1,0,0.0326190350636281,0.0,0.0002858793173097,0.0,0.0033299276407628,0.0,0.0156045438645378,0.0,0.0,0000,0.0129598464715596,0.007621448161158,24,25,1,Unanimous B/LB-directed,logo_BRCA1
NC_000017.11:43092063:T:G,BRCA1,0,0.0998177058923248,0.0,0.0741814062442318,0.0,0.0847498179659164,0.0,0.0203433598245379,0.0,0.0,0000,0.0697730724817527,0.0521231521417667,24,25,1,Unanimous B/LB-directed,logo_BRCA1
NC_000017.11:43092098:C:A,BRCA1,0,0.2909812623626022,0.0,0.333169470770964,0.0,0.2445244075003823,0.0,0.0751154616778098,0.0,0.0,0000,0.2359476505779396,0.21381867627314,24,25,1,Unanimous B/LB-directed,logo_BRCA1
NC_000017.11:43092156:G:T,BRCA1,0,0.3534000217650151,0.0,0.3429871695133712,0.0,0.2161538264230545,0.0,0.1129494410864553,0.0,0.0,0000,0.256372614696974,0.2354714388447004,25,25,1,Unanimous B/LB-directed,logo_BRCA1
NC_000017.11:43092302:T:A,BRCA1,0,0.923626331704072,1.0,0.8265510735143824,1.0,0.7385860208547238,1.0,0.7549312598718795,1.0,4.0,1111,0.8109236714862644,0.8415719657553171,25,25,1,Unanimous LP/P-directed,logo_BRCA1
NC_000017.11:43092387:C:A,BRCA1,0,0.0051974609065395,0.0,0.0078653400584489,0.0,0.0315488871485613,0.0,0.0099843661487189,0.0,0.0,0000,0.0136490135655672,0.0080834264248954,25,25,1,Unanimous B/LB-directed,logo_BRCA1
NC_000017.11:43092400:T:C,BRCA1,0,0.0564326649911585,0.0,0.0001385491743549,0.0,0.007805603226797,0.0,0.0160411607928637,0.0,0.0,0000,0.0201044945462935,0.0125557761486758,25,25,1,Unanimous B/LB-directed,logo_BRCA1
NC_000017.11:43092402:T:C,BRCA1,0,0.0261214655090921,0.0,5.429583271228546e-06,0.0,4.9240136647318037e-08,0.0,0.0091345499652284,0.0,0.0,0000,0.0088153735744321,0.0049216775278124,25,25,1,Unanimous B/LB-directed,logo_BRCA1
NC_000017.11:43092420:T:A,BRCA1,0,0.1621844169412379,0.0,0.0737175903925175,0.0,0.1539632900581941,0.0,0.0368053981880068,0.0,0.0,0000,0.1066676738949891,0.0850663639969866,24,25,1,Unanimous B/LB-directed,logo_BRCA1
NC_000017.11:43092448:G:A,BRCA1,0,0.0051928179575138,0.0,8.597772244898884e-05,0.0,0.0054782309663609,0.0,0.0117240853662933,0.0,0.0,0000,0.0056202780031543,0.0029551157249636,25,25,1,Unanimous B/LB-directed,logo_BRCA1
NC_000017.11:43092458:G:C,BRCA1,0,0.0792906351614235,0.0,0.42576459448364,0.0,0.2255313622953051,0.0,0.3875256934880628,0.0,0.0,0000,0.2795280713571079,0.2603290280639827,25,25,1,Unanimous B/LB-directed,logo_BRCA1
NC_000017.11:43092472:G:A,BRCA1,0,0.0533526761131074,0.0,0.0088411625763426,0.0,0.0183946088545286,0.0,0.0153908233354262,0.0,0.0,0000,0.0239948177198512,0.0153582386780477,24,25,1,Unanimous B/LB-directed,logo_BRCA1
NC_000017.11:43092493:C:T,BRCA1,0,0.0567530052883762,0.0,0.0081180735507632,0.0,0.0212950842983,0.0,0.0103746764235206,0.0,0.0,0000,0.02413520989024,0.0154606865314643,24,25,1,Unanimous B/LB-directed,logo_BRCA1
NC_000017.11:43092589:G:C,BRCA1,0,0.0161296491910438,0.0,0.0156494912271596,0.0,0.0471931048725135,0.0,0.008828765159324,0.0,0.0,0000,0.0219502526125102,0.0138764175123063,24,25,1,Unanimous B/LB-directed,logo_BRCA1
NC_000017.11:43092609:A:G,BRCA1,0,0.0760028943392424,0.0,0.0022529643767581,0.0,0.0369768225114628,0.0,0.0110312990685019,0.0,0.0,0000,0.0315659950739913,0.0209992647742069,24,25,1,Unanimous B/LB-directed,logo_BRCA1
NC_000017.11:43092618:T:C,BRCA1,0,0.0181243397997736,0.0,0.0007585145548753,0.0,0.0273458513949584,0.0,0.016027805956266,0.0,0.0,0000,0.0155641279264683,0.009384103307105,24,25,1,Unanimous B/LB-directed,logo_BRCA1
NC_000017.11:43092619:G:T,BRCA1,0,0.0187825118225869,0.0,0.0078615451541454,0.0,0.0212950842983,0.0,0.0067741766076804,0.0,0.0,0000,0.0136783294706782,0.0081031520559562,24,25,1,Unanimous B/LB-directed,logo_BRCA1
NC_000017.11:43092628:G:C,BRCA1,0,0.0590046974531427,0.0,0.000113561431402,0.0,0.007805603226797,0.0,0.0247388329003937,0.0,0.0,0000,0.0229156737529338,0.0145737175844976,24,25,1,Unanimous B/LB-directed,logo_BRCA1
NC_000017.11:43092631:T:A,BRCA1,0,0.046855555587763,0.0,0.0027041271912161,0.0,0.0887643235880095,0.0,0.0202738915574214,0.0,0.0,0000,0.0396494744811025,0.0272511219519944,24,25,1,Unanimous B/LB-directed,logo_BRCA1
NC_000017.11:43092646:C:T,BRCA1,0,0.0157471931670297,0.0,0.0048081269047634,0.0,0.0155858316410808,0.0,0.0118041632169539,0.0,0.0,0000,0.0119863287324569,0.0069747390910446,25,25,1,Unanimous B/LB-directed,logo_BRCA1
NC_000017.11:43092669:A:T,BRCA1,0,0.0637589643123455,0.0,0.0017284030322118,0.0,0.0212950842983,0.0,0.0142815291617058,0.0,0.0,0000,0.0252659952011408,0.0162890017770314,24,25,1,Unanimous B/LB-directed,logo_BRCA1
NC_000017.11:43092732:C:G,BRCA1,0,0.0404175411482665,0.0,0.0053984830418229,0.0,0.0155858316410808,0.0,0.0104740028002171,0.0,0.0,0000,0.0179689646578468,0.0110496080429124,24,25,1,Unanimous B/LB-directed,logo_BRCA1
NC_000017.11:43092772:C:T,BRCA1,0,0.0703930180703256,0.0,0.002630788770672,0.0,0.0336975866770944,0.0,0.0178439442355623,0.0,0.0,0000,0.0311413344384136,0.020676991855977,25,25,1,Unanimous B/LB-directed,logo_BRCA1
NC_000017.11:43092784:T:A,BRCA1,0,0.0697680422513615,0.0,0.3004762869963431,0.0,0.0507167991472892,0.0,0.0232419452786121,0.0,0.0,0000,0.1110507684184015,0.0891241969318127,24,25,1,Unanimous B/LB-directed,logo_BRCA1
NC_000017.11:43092795:T:C,BRCA1,0,0.0172985359097686,0.0,0.0020231245666258,0.0,0.0369768225114628,0.0,0.0119250935744142,0.0,0.0,0000,0.0170558941405678,0.0104132556403845,24,25,1,Unanimous B/LB-directed,logo_BRCA1
NC_000017.11:43092895:C:T,BRCA1,0,0.0423599874892607,0.0,0.0253840249038834,0.0,0.0183946088545286,0.0,0.0085480276209358,0.0,0.0,0000,0.0236716622171521,0.015122757617429,25,25,1,Unanimous B/LB-directed,logo_BRCA1
NC_000017.11:43093005:T:C,BRCA1,0,0.0465042986116973,0.0,0.0478401110058708,0.0,0.0729716104244147,0.0,0.0390118236506902,0.0,0.0,0000,0.0515819609231682,0.0368371056993573,25,25,1,Unanimous B/LB-directed,logo_BRCA1
NC_000017.11:43093015:G:A,BRCA1,0,0.0059984568939251,0.0,0.0014686554465136,0.0,0.040320867546297,0.0,0.0071045382379359,0.0,0.0,0000,0.0137231295311679,0.0081333079036364,24,25,1,Unanimous B/LB-directed,logo_BRCA1
NC_000017.11:43093056:T:A,BRCA1,0,0.0778814892147671,0.0,0.0314999319669106,0.0,0.0542962240473788,0.0,0.008767053488762,0.0,0.0,0000,0.0431111746794547,0.0299912451212678,24,25,1,Unanimous B/LB-directed,logo_BRCA1
NC_000017.11:43093117:A:G,BRCA1,0,0.3192595646716206,0.0,0.8862686449570342,1.0,0.6309304631964384,1.0,0.6810767872239893,1.0,3.0,0111,0.6293838650122707,0.6510041210623679,25,25,1,Mixed votes,logo_BRCA1
NC_000017.11:43093138:G:C,BRCA1,0,0.0243917311710424,0.0,0.0012813972938157,0.0,0.040320867546297,0.0,0.0090240426171841,0.0,0.0,0000,0.0187545096570848,0.011600808979735,25,25,1,Unanimous B/LB-directed,logo_BRCA1
NC_000017.11:43093183:T:C,BRCA1,0,0.1055981185719017,0.0,0.0024270738489681,0.0,0.2816618445061844,0.0,0.2182520822130195,0.0,0.0,0000,0.1519847797850184,0.1282339705141114,25,25,1,Unanimous B/LB-directed,logo_BRCA1
NC_000017.11:43093195:T:A,BRCA1,0,0.0181830454029456,0.0,0.036697782551832,0.0,0.0273458513949584,0.0,0.0085695282270056,0.0,0.0,0000,0.0226990518941854,0.0144168778582889,24,25,1,Unanimous B/LB-directed,logo_BRCA1
NC_000017.11:43093244:T:A,BRCA1,0,0.0938055695443216,0.0,0.0192002678062293,0.0,0.2106772712793742,0.0,0.222637395926337,0.0,0.0,0000,0.1365801261390656,0.1132747178521102,25,25,1,Unanimous B/LB-directed,logo_BRCA1
NC_000017.11:43093285:C:G,BRCA1,0,0.0541904327679933,0.0,0.0283331937666262,0.0,0.0807788228587328,0.0,0.0158190975294176,0.0,0.0,0000,0.0447803867306924,0.0313248934859901,24,25,1,Unanimous B/LB-directed,logo_BRCA1
NC_000017.11:43093300:C:T,BRCA1,0,0.0525567816269537,0.0,2.1150389673034047e-05,0.0,0.0054782309663609,0.0,0.0173193710384991,0.0,0.0,0000,0.0188438835053717,0.0116637335571548,25,25,1,Unanimous B/LB-directed,logo_BRCA1
NC_000017.11:43093323:T:C,BRCA1,0,0.031458655282007,0.0,0.0010119292986877,0.0,0.0128770069610924,0.0,0.0090628434033941,0.0,0.0,0000,0.0136026087362953,0.0080522144395897,24,25,1,Unanimous B/LB-directed,logo_BRCA1
NC_000017.11:43093323:T:G,BRCA1,0,0.0259929159755002,0.0,0.0016498401382348,0.0,0.0542962240473788,0.0,0.0266655947546385,0.0,0.0,0000,0.0271511437289381,0.0176819706656919,25,25,1,Unanimous B/LB-directed,logo_BRCA1
NC_000017.11:43093350:G:A,BRCA1,0,0.0231919482320514,0.0,6.734479628454095e-05,0.0,0.0102787941732202,0.0,0.0071988665008621,0.0,0.0,0000,0.0101842384256045,0.0057972353795346,25,25,1,Unanimous B/LB-directed,logo_BRCA1
NC_000017.11:43093375:T:C,BRCA1,0,0.0255674624358306,0.0,0.0003396254391862,0.0,0.0033299276407628,0.0,0.006645956577639,0.0,0.0,0000,0.0089707430233547,0.0050201665220605,25,25,1,Unanimous B/LB-directed,logo_BRCA1
NC_000017.11:43093447:C:A,BRCA1,0,0.1879983349149775,0.0,0.064695168368874,0.0,0.1052381650998296,0.0,0.0246270774522171,0.0,0.0,0000,0.0956396864589746,0.0749828723017188,25,25,1,Unanimous B/LB-directed,logo_BRCA1
NC_000017.11:43093453:C:A,BRCA1,0,0.0519887606838066,0.0,0.0237124513407197,0.0,0.0304861339071047,0.0,0.0093907562529836,0.0,0.0,0000,0.0288945255461537,0.0189830137641347,24,25,1,Unanimous B/LB-directed,logo_BRCA1
NC_000017.11:43093556:C:T,BRCA1,0,0.0317414967153384,0.0,0.0006387739897633,0.0,0.0155858316410808,0.0,0.0100167313206688,0.0,0.0,0000,0.0144957084167128,0.0086554948016601,25,25,1,Unanimous B/LB-directed,logo_BRCA1
NC_000017.11:43093567:A:C,BRCA1,0,0.0636986848893505,0.0,0.0148784975976345,0.0,0.0315488871485613,0.0,0.0135505291462093,0.0,0.0,0000,0.0309191496954389,0.0205086386139577,24,25,1,Unanimous B/LB-directed,logo_BRCA1
NC_000017.11:43093570:T:C,BRCA1,0,0.0912465142380831,0.0,0.0066117270854653,0.0,0.2355497127556913,0.0,0.1379761922208704,0.0,0.0,0000,0.1178460365750275,0.0954686458184649,25,25,1,Unanimous B/LB-directed,logo_BRCA1
NC_000017.11:43093598:A:C,BRCA1,0,0.594688785752087,0.0,0.4812512201561258,0.0,0.4606650432674747,0.0,0.531723497709358,1.0,1.0,0001,0.5170821367212614,0.5255933783386306,25,25,1,Mixed votes,logo_BRCA1
NC_000017.11:43093603:T:C,BRCA1,0,0.1040250868862105,0.0,0.097400626024961,0.0,0.1740663767983423,0.0,0.0436646938902481,0.0,0.0,0000,0.1047891958999405,0.0833358179930458,24,25,1,Unanimous B/LB-directed,logo_BRCA1
NC_000017.11:43093606:C:G,BRCA1,0,0.1520150960575378,0.0,0.1238840939224774,0.0,0.2161418885857644,0.0,0.2589917729453102,0.0,0.0,0000,0.1877582128777725,0.1639386463047357,25,25,1,Unanimous B/LB-directed,logo_BRCA1
NC_000017.11:43093629:G:C,BRCA1,0,0.3910555898297723,0.0,0.1740471104547178,0.0,0.1171439631726522,0.0,0.015692879251872,0.0,0.0,0000,0.1744848856772536,0.1505442638490628,24,25,1,Unanimous B/LB-directed,logo_BRCA1
NC_000017.11:43093633:G:T,BRCA1,0,0.2026719659619056,0.0,0.063244255570095,0.0,0.1086094459193535,0.0,0.0149790213776971,0.0,0.0,0000,0.0973761722072628,0.0765582493393303,24,25,1,Unanimous B/LB-directed,logo_BRCA1
NC_000017.11:43093680:G:T,BRCA1,0,0.0763939728852953,0.0,0.1105180603040381,0.0,0.040320867546297,0.0,0.0194470517756493,0.0,0.0,0000,0.0616699881278199,0.0452234163932331,24,25,1,Unanimous B/LB-directed,logo_BRCA1
NC_000017.11:43093696:T:C,BRCA1,0,0.2236956749427443,0.0,0.2837663348277776,0.0,0.101019381031677,0.0,0.0284527142575967,0.0,0.0,0000,0.1592335262649489,0.1353644017815618,24,25,1,Unanimous B/LB-directed,logo_BRCA1
NC_000017.11:43093730:G:C,BRCA1,0,0.0167476005442681,0.0,0.0046965330492605,0.0,0.040320867546297,0.0,0.0148001242508599,0.0,0.0,0000,0.0191412813476714,0.0118734274548143,24,25,1,Unanimous B/LB-directed,logo_BRCA1
NC_000017.11:43093786:T:C,BRCA1,0,0.0140834742705158,0.0,0.003470487315915,0.0,0.135537866292333,0.0,0.1210048184028184,0.0,0.0,0000,0.0685241615703955,0.0510508290244002,25,25,1,Unanimous B/LB-directed,logo_BRCA1
NC_000017.11:43093864:T:G,BRCA1,0,0.052255152532421,0.0,0.0236101229970102,0.0,0.0128770069610924,0.0,0.0134299925638112,0.0,0.0,0000,0.0255430687635837,0.016492803476643,24,25,1,Unanimous B/LB-directed,logo_BRCA1
NC_000017.11:43093887:A:C,BRCA1,0,0.415863534688507,0.0,0.2219192359971014,0.0,0.107666896001688,0.0,0.0315885512136983,0.0,0.0,0000,0.1942595544752487,0.1705576645929718,24,25,1,Unanimous B/LB-directed,logo_BRCA1
NC_000017.11:43093966:C:T,BRCA1,0,0.5368487434200235,0.0,0.2305218044987266,0.0,0.2205563651386879,0.0,0.1257960651185753,0.0,0.0,0000,0.2784307445440034,0.2591441882001135,24,25,1,Unanimous B/LB-directed,logo_BRCA1
NC_000017.11:43093969:C:G,BRCA1,0,0.2593970620982598,0.0,0.199537991886399,0.0,0.1135290076766262,0.0,0.0297100309905296,0.0,0.0,0000,0.1505435231629537,0.126823011639078,24,25,1,Unanimous B/LB-directed,logo_BRCA1
NC_000017.11:43094019:C:T,BRCA1,0,0.0225880646960586,0.0,0.0212431274252978,0.0,0.0155858316410808,0.0,0.0090962898958131,0.0,0.0,0000,0.0171283284145626,0.0104635636055032,25,25,1,Unanimous B/LB-directed,logo_BRCA1
NC_000017.11:43094056:T:C,BRCA1,0,0.097699303060756,0.0,0.0356315732788742,0.0,0.040320867546297,0.0,0.0230512466891792,0.0,0.0,0000,0.0491757476437766,0.0348731709515119,24,25,1,Unanimous B/LB-directed,logo_BRCA1
NC_000017.11:43094062:G:A,BRCA1,0,0.0425640568149211,0.0,0.012117032761265,0.0,0.040320867546297,0.0,0.0090197771667086,0.0,0.0,0000,0.0260054335722979,0.0168336201013931,24,25,1,Unanimous B/LB-directed,logo_BRCA1
NC_000017.11:43094072:A:C,BRCA1,0,0.0257580019035315,0.0,0.0023014532011773,0.0,0.0969199238349011,0.0,0.0278541899837186,0.0,0.0,0000,0.0382083922308321,0.0261210470161156,24,25,1,Unanimous B/LB-directed,logo_BRCA1
NC_000017.11:43094072:A:T,BRCA1,0,0.0256942948995509,0.0,0.0022572300762137,0.0,0.0969199238349011,0.0,0.0278541899837186,0.0,0.0,0000,0.0381814096985961,0.0260999491138769,24,25,1,Unanimous B/LB-directed,logo_BRCA1
NC_000017.11:43094109:A:G,BRCA1,0,0.3568167077961785,0.0,0.1939244431500716,0.0,0.1676985263284821,0.0,0.0352262961512166,0.0,0.0,0000,0.1884164933564872,0.164607138787331,24,25,1,Unanimous B/LB-directed,logo_BRCA1
NC_000017.11:43094112:T:A,BRCA1,0,0.2065133319136101,0.0,0.1029556758432279,0.0,0.0754610935547198,0.0,0.011638983215546,0.0,0.0,0000,0.099142271131776,0.0781653322570693,24,25,1,Unanimous B/LB-directed,logo_BRCA1
NC_000017.11:43094112:T:C,BRCA1,0,0.0152311584463739,0.0,0.0027646029581585,0.0,0.0102787941732202,0.0,0.008716087732756,0.0,0.0,0000,0.0092476608276272,0.0051962851206668,25,25,1,Unanimous B/LB-directed,logo_BRCA1
NC_000017.11:43094156:G:C,BRCA1,0,0.8608719544587062,1.0,0.772530603404944,1.0,0.7103843564712766,1.0,0.3263958488346757,0.0,3.0,1110,0.6675456907924006,0.6926842524278813,25,25,1,Mixed votes,logo_BRCA1
NC_000017.11:43094269:C:T,BRCA1,0,0.0108235216828735,0.0,0.0014004231187562,0.0,0.0033299276407628,0.0,0.0075709524273293,0.0,0.0,0000,0.0057812062174304,0.0030511369107243,24,25,1,Unanimous B/LB-directed,logo_BRCA1
NC_000017.11:43094290:C:A,BRCA1,0,0.0108796187710453,0.0,0.0414072213493876,0.0,0.0034504449474274,0.0,0.008589294937618,0.0,0.0,0000,0.0160816450013696,0.0097396102203151,24,25,1,Unanimous B/LB-directed,logo_BRCA1
NC_000017.11:43094293:A:C,BRCA1,0,0.0140377622560391,0.0,0.0004187806530294,0.0,0.0212950842983,0.0,0.0169771106653758,0.0,0.0,0000,0.0131821844681861,0.0077701229670743,25,25,1,Unanimous B/LB-directed,logo_BRCA1
NC_000017.11:43094322:G:A,BRCA1,0,0.0236650106886235,0.0,0.0187056458949855,0.0,0.0183946088545286,0.0,0.009257021578098,0.0,0.0,0000,0.0175055717540589,0.0107260599354005,24,25,1,Unanimous B/LB-directed,logo_BRCA1
NC_000017.11:43094361:T:C,BRCA1,0,0.0197296122157049,0.0,0.0285836968441274,0.0,0.0273458513949584,0.0,0.0088224227235231,0.0,0.0,0000,0.0211203957945785,0.0132805785469207,24,25,1,Unanimous B/LB-directed,logo_BRCA1
NC_000017.11:43094371:A:T,BRCA1,0,0.0330338532096474,0.0,0.0371417184087476,0.0,0.2026797250244695,0.0,0.0795686169517501,0.0,0.0,0000,0.0881059783986537,0.068204404902177,25,25,1,Unanimous B/LB-directed,logo_BRCA1
NC_000017.11:43094400:C:T,BRCA1,0,0.018414230187501,0.0,0.0283208001565111,0.0,0.0417732049801276,0.0,0.0134619008219507,0.0,0.0,0000,0.0254925340365226,0.0164556082541636,24,25,1,Unanimous B/LB-directed,logo_BRCA1
NC_000017.11:43094403:T:C,BRCA1,0,0.04110538702521,0.0,0.042881526816402,0.0,0.0501087276344356,0.0,0.0118368034642782,0.0,0.0,0000,0.0364831112350814,0.0247766691510492,24,25,1,Unanimous B/LB-directed,logo_BRCA1
NC_000017.11:43094425:C:T,BRCA1,0,0.0839395660737596,0.0,0.0536317149864298,0.0,0.0212950842983,0.0,0.0197594973056009,0.0,0.0,0000,0.0446564656660226,0.0312256155858247,24,25,1,Unanimous B/LB-directed,logo_BRCA1
NC_000017.11:43094430:G:C,BRCA1,0,0.0830748492600039,0.0,0.0005414717819695,0.0,0.0887643235880095,0.0,0.0520474123875805,0.0,0.0,0000,0.0561070142543909,0.0405693224254667,24,25,1,Unanimous B/LB-directed,logo_BRCA1
NC_000017.11:43094442:T:C,BRCA1,0,0.1266539604279813,0.0,0.0034973107255905,0.0,0.4382168226798116,0.0,0.3542113548372771,0.0,0.0,0000,0.2306448621676651,0.2082430512261895,25,25,1,Unanimous B/LB-directed,logo_BRCA1
NC_000017.11:43094449:A:C,BRCA1,0,0.0237854938972231,0.0,0.0122121295928836,0.0,0.0102787941732202,0.0,0.0077837296491168,0.0,0.0,0000,0.0135150368281109,0.0079933541755853,24,25,1,Unanimous B/LB-directed,logo_BRCA1
NC_000017.11:43094457:A:G,BRCA1,0,0.102990317578911,0.0,0.0002220452769426,0.0,0.0471931048725135,0.0,0.0107040522200395,0.0,0.0,0000,0.0402773799871016,0.0277455027482561,24,25,1,Unanimous B/LB-directed,logo_BRCA1
NC_000017.11:43094466:T:C,BRCA1,0,0.0094058202926006,0.0,0.0056702937690602,0.0,0.0183946088545286,0.0,0.0094911011537397,0.0,0.0,0000,0.0107404560174823,0.0061578100403954,24,25,1,Unanimous B/LB-directed,logo_BRCA1
NC_000017.11:43094529:G:T,BRCA1,0,0.1932306018818386,0.0,0.0594773976548856,0.0,0.0579296016867843,0.0,0.0128610311635579,0.0,0.0,0000,0.0808746580967666,0.0617880795756078,24,25,1,Unanimous B/LB-directed,logo_BRCA1
NC_000017.11:43094533:T:C,BRCA1,0,0.0161958859557166,0.0,0.0038817544910598,0.0,0.0212950842983,0.0,0.0099504294413071,0.0,0.0,0000,0.0128307885465959,0.0075353120688284,25,25,1,Unanimous B/LB-directed,logo_BRCA1
NC_000017.11:43094629:T:G,BRCA1,0,0.0412526625485617,0.0,0.0309699266384708,0.0,0.2569214469988455,0.0,0.1333217928482147,0.0,0.0,0000,0.1156164572585232,0.0933799685866575,24,25,1,Unanimous B/LB-directed,logo_BRCA1
NC_000017.11:43094639:C:A,BRCA1,0,0.0126061274961878,0.0,0.0403847236146295,0.0,0.0635571330326167,0.0,0.0422417104964588,0.0,0.0,0000,0.0396974236599732,0.0272888325621114,24,25,1,Unanimous B/LB-directed,logo_BRCA1
NC_000017.11:43094639:C:T,BRCA1,0,0.0118781139321925,0.0,0.0707270221396963,0.0,0.1296233612833454,0.0,0.0430266093634424,0.0,0.0,0000,0.0638137766796692,0.0470353524281514,24,25,1,Unanimous B/LB-directed,logo_BRCA1
NC_000017.11:43094691:G:C,BRCA1,0,0.0011391833320708,0.0,0.0029644007103859,0.0,0.0865692604157796,0.0,0.0108013686357228,0.0,0.0,0000,0.0253685532734898,0.0163644003241072,25,25,1,Unanimous B/LB-directed,logo_BRCA1
NC_000017.11:43094703:G:C,BRCA1,0,0.1419570748846897,0.0,0.0605787631325125,0.0,0.158779903532694,0.0,0.0758359749651488,0.0,0.0,0000,0.1092879291287612,0.0874888595360116,25,25,1,Unanimous B/LB-directed,logo_BRCA1
NC_000017.11:43094706:C:T,BRCA1,0,0.1802762839532245,0.0,0.1162408819894977,0.0,0.2922475650430955,0.0,0.3042985356345861,0.0,0.0,0000,0.223265816655101,0.2005177994727308,25,25,1,Unanimous B/LB-directed,logo_BRCA1
NC_000017.11:43094740:T:A,BRCA1,0,0.0682528861908702,0.0,0.3607730652872462,0.0,0.0361900683957828,0.0,0.0253423736064761,0.0,0.0,0000,0.1226395983700938,0.0999818728804293,24,25,1,Unanimous B/LB-directed,logo_BRCA1
NC_000017.11:43094742:C:G,BRCA1,0,0.0320802808111508,0.0,0.0557087089824492,0.0,0.0273458513949584,0.0,0.0099180909857799,0.0,0.0,0000,0.0312632330435846,0.0207694331077413,24,25,1,Unanimous B/LB-directed,logo_BRCA1
NC_000017.11:43094743:C:A,BRCA1,0,0.0291217522348979,0.0,0.0455829687594925,0.0,0.0519038394089301,0.0,0.0131114593692012,0.0,0.0,0000,0.0349300049431304,0.0235746892161742,24,25,1,Unanimous B/LB-directed,logo_BRCA1
NC_000017.11:43094787:G:T,BRCA1,0,0.1295865952032871,0.0,0.3822475162400415,0.0,0.0304861339071047,0.0,0.0346852366694706,0.0,0.0,0000,0.144251370504976,0.1206902166531851,24,25,1,Unanimous B/LB-directed,logo_BRCA1
NC_000017.11:43094791:T:C,BRCA1,0,0.0055241359976811,0.0,0.0032301815382109,0.0,0.0062361332137115,0.0,0.0155931746308465,0.0,0.0,0000,0.0076459063451125,0.0041882460636458,25,25,1,Unanimous B/LB-directed,logo_BRCA1
NC_000017.11:43095863:A:C,BRCA1,0,0.1007773720438061,0.0,0.016982502433958,0.0,0.0471931048725135,0.0,0.0180977964111896,0.0,0.0,0000,0.0457626939403668,0.0321133606016405,25,25,1,Unanimous B/LB-directed,logo_BRCA1
NC_000017.11:43099810:T:C,BRCA1,0,0.1048763980567772,0.0,0.0029234882700878,0.0,0.0969199238349011,0.0,0.1040022221337732,0.0,0.0,0000,0.0771805080738848,0.0585461955714564,25,25,1,Unanimous B/LB-directed,logo_BRCA1
NC_000017.11:43099858:G:C,BRCA1,0,0.0071005887144172,0.0,0.0010636442378534,0.0,0.0054782309663609,0.0,0.0123831530674735,0.0,0.0,0000,0.0065064042465263,0.003488214172658,25,25,1,Unanimous B/LB-directed,logo_BRCA1
NC_000017.11:43104165:G:A,BRCA1,0,0.863921049012762,1.0,0.9133461375568664,1.0,0.6604375184461975,1.0,0.7517097811850838,1.0,4.0,1111,0.7973536215502274,0.8281559289365208,25,25,1,Unanimous LP/P-directed,logo_BRCA1
NC_000017.11:43104165:G:T,BRCA1,0,0.9161334212300084,1.0,0.9367819016792636,1.0,0.7155544231101666,1.0,0.7888026684921575,1.0,4.0,1111,0.839318103627899,0.8690585481377697,24,25,1,Unanimous LP/P-directed,logo_BRCA1
NC_000017.11:43104192:T:C,BRCA1,0,0.0392953323334232,0.0,0.0133378481187425,0.0,0.0369768225114628,0.0,0.0179249038819068,0.0,0.0,0000,0.0268837267113838,0.0174834776927383,24,25,1,Unanimous B/LB-directed,logo_BRCA1
NC_000017.11:43104240:C:A,BRCA1,0,0.0279942677649997,0.0,0.0003844235529016,0.0,0.0242806449836452,0.0,0.0202298863321951,0.0,0.0,0000,0.0182223056584354,0.0112270021588552,24,25,1,Unanimous B/LB-directed,logo_BRCA1
NC_000017.11:43104257:G:C,BRCA1,0,0.015670246171386,0.0,0.0365812219192133,0.0,0.0304861339071047,0.0,0.011210536138874,0.0,0.0,0000,0.0234870345341445,0.0149884312661806,25,25,1,Unanimous B/LB-directed,logo_BRCA1
NC_000017.11:43104879:T:A,BRCA1,0,0.0195934370351475,0.0,0.2704270349162628,0.0,0.1297784917934971,0.0,0.0394549191402289,0.0,0.0,0000,0.1148134707212841,0.0926293918932649,24,25,1,Unanimous B/LB-directed,logo_BRCA1
NC_000017.11:43104885:G:T,BRCA1,0,0.0388878012412024,0.0,0.1064157029216199,0.0,0.2661156969774217,0.0,0.1387024975766923,0.0,0.0,0000,0.1375304246792341,0.114189574791569,24,25,1,Unanimous B/LB-directed,logo_BRCA1
NC_000017.11:43104886:C:A,BRCA1,0,0.2042364187349285,0.0,0.9360162201376204,1.0,0.2255313622953051,0.0,0.0880277408776829,0.0,1.0,0100,0.3634529355113843,0.3525640379049571,24,25,1,Mixed votes,logo_BRCA1
NC_000017.11:43104886:C:G,BRCA1,0,0.1074074642420094,0.0,0.8122546297849895,1.0,0.1721831393742185,0.0,0.0945870417611179,0.0,1.0,0100,0.2966080687905838,0.2788521843746113,24,25,1,Mixed votes,logo_BRCA1
NC_000017.11:43104900:T:C,BRCA1,0,0.0130388568744887,0.0,0.0630883699017994,0.0,0.0758778666376346,0.0,0.0527301347820362,0.0,0.0,0000,0.0511838070489897,0.0365111205087692,24,25,1,Unanimous B/LB-directed,logo_BRCA1
NC_000017.11:43104945:C:T,BRCA1,0,0.1628380056114055,0.0,0.6229641313393796,0.0,0.3560957356861781,0.0,0.3173403371908864,0.0,0.0,0000,0.3648095524569624,0.3540762531763828,24,25,1,Unanimous B/LB-directed,logo_BRCA1
NC_000017.11:43106470:T:C,BRCA1,0,0.2134001713073453,0.0,0.7305045008960392,1.0,0.0807788228587328,0.0,0.0348357978569412,0.0,1.0,0100,0.2648798232297646,0.2445677907586523,24,25,1,Mixed votes,logo_BRCA1
NC_000017.11:43106478:T:C,BRCA1,0,,,,,,,,,,,,,2,25,0,,logo_BRCA1
NC_000017.11:43106492:A:C,BRCA1,0,0.0227925810761475,0.0,0.048619903844848,0.0,0.0860832022237322,0.0,0.0413220570740842,0.0,0.0,0000,0.049704436054703,0.0353034138605375,25,25,1,Unanimous B/LB-directed,logo_BRCA1
NC_000017.11:43106523:C:A,BRCA1,0,0.1406348879715915,0.0,0.6069620175488151,0.0,0.2241655397321589,0.0,0.2232844841690532,0.0,0.0,0000,0.2987617323554047,0.2811981796779761,24,25,1,Unanimous B/LB-directed,logo_BRCA1
NC_000017.11:43115760:T:G,BRCA1,0,0.1138901928387638,0.0,0.7759708576917926,1.0,0.2218439468831637,0.0,0.1657581632205208,0.0,1.0,0100,0.3193657901585602,0.3037498451765287,24,25,1,Mixed votes,logo_BRCA1
NC_000017.11:43115762:C:T,BRCA1,0,0.59317686074259,0.0,0.8505401128910219,1.0,0.5223977223002542,0.0,0.3306872421356186,0.0,1.0,0100,0.5742004845173712,0.5897689924884183,24,25,1,Mixed votes,logo_BRCA1
NC_000017.11:43124035:T:G,BRCA1,0,0.0470166878927402,0.0,0.4919883237820908,0.0,0.1662001894393178,0.0,0.0795652561692196,0.0,0.0,0000,0.1961926143208421,0.1725328330299904,24,25,1,Unanimous B/LB-directed,logo_BRCA1
NC_000017.11:43124044:T:G,BRCA1,0,0.1267218614628262,0.0,0.6034644224514902,0.0,0.2153605338719385,0.0,0.2584645405818299,0.0,0.0,0000,0.3010028395920212,0.2836417800238451,24,25,1,Unanimous B/LB-directed,logo_BRCA1
NC_000017.11:43124057:A:T,BRCA1,0,0.0105986276557988,0.0,0.3229271208368194,0.0,0.1471601901457216,0.0,0.0471711621059502,0.0,0.0,0000,0.1319642751860725,0.1088465236032363,24,25,1,Unanimous B/LB-directed,logo_BRCA1
NC_000017.11:43124076:C:A,BRCA1,0,0.0564806416744337,0.0,0.0643649858638692,0.0,0.1223355970430731,0.0,0.0558874042425976,0.0,0.0,0000,0.0747671572059934,0.0564419730418438,25,25,1,Unanimous B/LB-directed,logo_BRCA1
NC_000017.11:43124087:T:G,BRCA1,0,0.0205128615805485,0.0,0.0246695719706029,0.0,0.0380844397367213,0.0,0.0099282446710798,0.0,0.0,0000,0.0232987794897381,0.0148516246280598,24,25,1,Unanimous B/LB-directed,logo_BRCA1
NC_000013.11:32346895:G:A,BRCA2,1,0.990983667659662,1.0,0.966563373951746,1.0,0.7349133062551055,1.0,0.955687720422172,1.0,4.0,1111,0.9120370170721712,0.9361495741833212,21,25,1,Unanimous LP/P-directed,logo_BRCA2
NC_000013.11:32362594:G:C,BRCA2,1,0.9991410107593972,1.0,0.9898822031562928,1.0,0.9835527726498504,1.0,0.9937787765717988,1.0,4.0,1111,0.9915886907843348,0.995720274627568,21,25,1,Unanimous LP/P-directed,logo_BRCA2
NC_000013.11:32363264:T:C,BRCA2,1,0.9920332364599476,1.0,0.977746528407218,1.0,0.9873861532809955,1.0,0.9914531373089256,1.0,4.0,1111,0.9871547638642716,0.9930567764177716,21,25,1,Unanimous LP/P-directed,logo_BRCA2
NC_000013.11:32363389:G:C,BRCA2,1,0.9901625256044054,1.0,0.976109720034465,1.0,0.9757441998184648,1.0,0.9884699031080958,1.0,4.0,1111,0.9826215871413576,0.9901859827107982,21,25,1,Unanimous LP/P-directed,logo_BRCA2
NC_000013.11:32370419:C:T,BRCA2,1,0.954765435340384,1.0,0.8912542256915971,1.0,0.7827352013606913,1.0,0.978327562466449,1.0,4.0,1111,0.9017706062147804,0.9273603366985388,21,25,1,Unanimous LP/P-directed,logo_BRCA2
NC_000013.11:32326149:G:A,BRCA2,1,0.9914723901927768,1.0,0.9962227229416372,1.0,0.9473422636792048,1.0,0.9892573675906632,1.0,4.0,1111,0.9810736861010704,0.9891776734191784,21,25,1,Unanimous LP/P-directed,logo_BRCA2
NC_000013.11:32326281:G:T,BRCA2,1,0.9897335458133634,1.0,0.9988728623416236,1.0,0.941034256506202,1.0,0.9817455592057804,1.0,4.0,1111,0.9778465559667424,0.9870354246145016,21,25,1,Unanimous LP/P-directed,logo_BRCA2
NC_000013.11:32326498:G:C,BRCA2,1,0.9966466151418668,1.0,0.9549022639215186,1.0,0.528861708538518,1.0,0.9277186867981972,1.0,4.0,1111,0.8520323186000252,0.8825126421169504,21,25,1,Unanimous LP/P-directed,logo_BRCA2
NC_000013.11:32326612:G:A,BRCA2,1,0.9644140362540422,1.0,0.9929874119925368,1.0,0.9370662383231424,1.0,0.983331844262922,1.0,4.0,1111,0.9694498827081608,0.9812425769895532,21,25,1,Unanimous LP/P-directed,logo_BRCA2
NC_000013.11:32326612:G:C,BRCA2,1,0.9834865207866516,1.0,0.997966855953674,1.0,0.9242335570670768,1.0,0.9875578773523552,1.0,4.0,1111,0.9733112027899394,0.9839427263876502,21,25,1,Unanimous LP/P-directed,logo_BRCA2
NC_000013.11:32330927:AG:GA,BRCA2,1,,,,,,,,,,,,,0,25,0,,logo_BRCA2
NC_000013.11:32339441:G:T,BRCA2,1,0.1982621699132466,0.0,0.1968565919792244,0.0,0.2777393948346877,0.0,0.7217465554217144,1.0,1.0,0001,0.3486511780372182,0.3351578602189738,21,25,1,Mixed votes,logo_BRCA2
NC_000013.11:32341017:C:G,BRCA2,1,0.1553420620078897,0.0,0.0510840416622508,0.0,0.1204301116751192,0.0,0.4545093756812687,0.0,0.0,0000,0.1953413977566321,0.1702186245189562,21,25,1,Unanimous B/LB-directed,logo_BRCA2
NC_000013.11:32341195:G:T,BRCA2,1,,,,,,,,,,,,,12,25,0,,logo_BRCA2
NC_000013.11:32346895:G:C,BRCA2,1,0.8281788083529299,1.0,0.812327857696687,1.0,0.3627823954909056,0.0,0.642097413849833,1.0,3.0,1101,0.6613466188475889,0.6871483366115566,21,25,1,Mixed votes,logo_BRCA2
NC_000013.11:32346895:G:T,BRCA2,1,0.975676344633969,1.0,0.9534775395947774,1.0,0.6654870828790307,1.0,0.9592053230322288,1.0,4.0,1111,0.8884615725350015,0.9157098290846092,21,25,1,Unanimous LP/P-directed,logo_BRCA2
NC_000013.11:32356520:T:C,BRCA2,1,0.9981307861197908,1.0,0.99310840121864,1.0,0.9594741317527472,1.0,0.9871588416273028,1.0,4.0,1111,0.9844680401796202,0.9913709081134912,21,25,1,Unanimous LP/P-directed,logo_BRCA2
NC_000013.11:32357909:G:C,BRCA2,1,0.9971198787913388,1.0,0.9804602317426316,1.0,0.9767281269753562,1.0,0.9922523976441772,1.0,4.0,1111,0.986640158788376,0.992737640421008,21,25,1,Unanimous LP/P-directed,logo_BRCA2
NC_000013.11:32357910:G:A,BRCA2,1,0.9968788892225502,1.0,0.9823036622939706,1.0,0.9745526662108328,1.0,0.9881664950707798,1.0,4.0,1111,0.9854754281995332,0.9920086071330652,21,25,1,Unanimous LP/P-directed,logo_BRCA2
NC_000013.11:32357919:A:G,BRCA2,1,0.9641274390350234,1.0,0.932008297348978,1.0,0.9216348928636792,1.0,0.9810189244032584,1.0,4.0,1111,0.9496973884127348,0.9666488784746364,21,25,1,Unanimous LP/P-directed,logo_BRCA2
NC_000013.11:32357925:A:G,BRCA2,1,0.9804055983827332,1.0,0.9988348762832282,1.0,0.8800819474007455,1.0,0.975641669009164,1.0,4.0,1111,0.9587410227689676,0.973477692777698,21,25,1,Unanimous LP/P-directed,logo_BRCA2
NC_000013.11:32357928:G:C,BRCA2,1,0.9856824888498642,1.0,0.999546693992824,1.0,0.9220799739015582,1.0,0.9744860985763898,1.0,4.0,1111,0.9704488138301592,0.9819466374479614,21,25,1,Unanimous LP/P-directed,logo_BRCA2
NC_000013.11:32362523:G:C,BRCA2,1,0.9976317172101432,1.0,0.9913718347123776,1.0,0.9853603569960864,1.0,0.9924884521930564,1.0,4.0,1111,0.9917130902779158,0.995792471895438,21,25,1,Unanimous LP/P-directed,logo_BRCA2
NC_000013.11:32362542:G:A,BRCA2,1,0.9924279774618836,1.0,0.971040415573316,1.0,0.9783331965218356,1.0,0.9881099541378436,1.0,4.0,1111,0.9824778859237197,0.9900929333068896,21,25,1,Unanimous LP/P-directed,logo_BRCA2
NC_000013.11:32362542:G:T,BRCA2,1,0.9932686279359556,1.0,0.9700418574125884,1.0,0.977314471671576,1.0,0.9863861937121792,1.0,4.0,1111,0.9817527876830748,0.9896216583985374,21,25,1,Unanimous LP/P-directed,logo_BRCA2
NC_000013.11:32362573:G:C,BRCA2,1,0.9997717337574896,1.0,0.997644191054565,1.0,0.9901016593840796,1.0,0.9946208914201538,1.0,4.0,1111,0.995534618904072,0.9979217638342572,21,25,1,Unanimous LP/P-directed,logo_BRCA2
NC_000013.11:32362583:C:T,BRCA2,1,0.9919630974667594,1.0,0.968464023066645,1.0,0.9662394221662448,1.0,0.9836795628381008,1.0,4.0,1111,0.9775865263844375,0.9868605970581632,21,25,1,Unanimous LP/P-directed,logo_BRCA2
NC_000013.11:32362584:A:G,BRCA2,1,0.9968786479385986,1.0,0.9803166687711926,1.0,0.979819449659749,1.0,0.9822170748862512,1.0,4.0,1111,0.984807960313948,0.991586802650406,21,25,1,Unanimous LP/P-directed,logo_BRCA2
NC_000013.11:32362592:T:A,BRCA2,1,0.9988569656960564,1.0,0.9855007165591372,1.0,0.9931095359683664,1.0,0.9941475615545026,1.0,4.0,1111,0.9929036949445156,0.9964752028698984,21,25,1,Unanimous LP/P-directed,logo_BRCA2
NC_000013.11:32362592:T:C,BRCA2,1,0.9989410621037323,1.0,0.986006691257115,1.0,0.9931095359683664,1.0,0.9941475615545026,1.0,4.0,1111,0.993051212720929,0.9965586983803832,21,25,1,Unanimous LP/P-directed,logo_BRCA2
NC_000013.11:32362594:G:T,BRCA2,1,0.9991519450197384,1.0,0.9897946257737938,1.0,0.9835527726498504,1.0,0.9937787765717988,1.0,4.0,1111,0.9915695300037954,0.9957091404924598,21,25,1,Unanimous LP/P-directed,logo_BRCA2
NC_000013.11:32362595:A:T,BRCA2,1,0.9987415705827382,1.0,0.9662749945625904,1.0,0.97770367271157,1.0,0.989449301427257,1.0,4.0,1111,0.9830423848210388,0.9904577816020038,21,25,1,Unanimous LP/P-directed,logo_BRCA2
NC_000013.11:32362596:T:A,BRCA2,1,0.9882595817734272,1.0,0.952189881149761,1.0,0.9446833723764724,1.0,0.979835244942015,1.0,4.0,1111,0.9662420200604188,0.9789570013811196,21,25,1,Unanimous LP/P-directed,logo_BRCA2
NC_000013.11:32362604:A:C,BRCA2,1,0.9856255078092586,1.0,0.9680670248438962,1.0,0.947470745719936,1.0,0.9702780902890392,1.0,4.0,1111,0.9678603421655324,0.9801146440965228,21,25,1,Unanimous LP/P-directed,logo_BRCA2
NC_000013.11:32362656:T:C,BRCA2,1,0.9947989564655784,1.0,0.9859078877366726,1.0,0.9883764524634012,1.0,0.9909629576561876,1.0,4.0,1111,0.9900115635804598,0.9947920591404078,21,25,1,Unanimous LP/P-directed,logo_BRCA2
NC_000013.11:32362671:T:G,BRCA2,1,0.9899393801931208,1.0,0.9397130252944838,1.0,0.958130233619098,1.0,0.9853916762670628,1.0,4.0,1111,0.9682935788434416,0.98042297754234,21,25,1,Unanimous LP/P-directed,logo_BRCA2
NC_000013.11:32362674:T:C,BRCA2,1,0.9987030085883728,1.0,0.9889848921303656,1.0,0.9903083591278709,1.0,0.9941854339671796,1.0,4.0,1111,0.9930454234534472,0.9965554264205568,21,25,1,Unanimous LP/P-directed,logo_BRCA2
NC_000013.11:32362680:A:G,BRCA2,1,0.9817058273449594,1.0,0.9592727441346972,1.0,0.9522166052611276,1.0,0.9828600716114322,1.0,4.0,1111,0.969013812088054,0.9809340615781854,21,25,1,Unanimous LP/P-directed,logo_BRCA2
NC_000013.11:32362691:A:G,BRCA2,1,0.9970711234487374,1.0,0.9989036803461424,1.0,0.9919310525177888,1.0,0.990498053427908,1.0,4.0,1111,0.994600977435144,0.9974194979936296,21,25,1,Unanimous LP/P-directed,logo_BRCA2
NC_000013.11:32362692:G:A,BRCA2,1,0.9893168711807692,1.0,0.9998856174966544,1.0,0.9357695982131896,1.0,0.9851305130880214,1.0,4.0,1111,0.9775256499946586,0.9868196218717312,21,25,1,Unanimous LP/P-directed,logo_BRCA2
NC_000013.11:32362692:G:C,BRCA2,1,0.9918677242535742,1.0,0.9999645343561674,1.0,0.9915306838509336,1.0,0.9948203882901884,1.0,4.0,1111,0.994545832687716,0.9973894198318164,21,25,1,Unanimous LP/P-directed,logo_BRCA2
NC_000013.11:32363179:T:G,BRCA2,1,0.997520183235728,1.0,0.9804818303962786,1.0,0.9901016593840796,1.0,0.9931794392398252,1.0,4.0,1111,0.990320778063978,0.9949758559267232,21,25,1,Unanimous LP/P-directed,logo_BRCA2
NC_000013.11:32363188:G:A,BRCA2,1,0.9977295477282704,1.0,0.9898325861903644,1.0,0.9832322557942909,1.0,0.9924504097081546,1.0,4.0,1111,0.99081119985527,0.9952655931193258,21,25,1,Unanimous LP/P-directed,logo_BRCA2
NC_000013.11:32363189:A:T,BRCA2,1,0.9980003285367746,1.0,0.9863877131221082,1.0,0.9860273532589088,1.0,0.9928607227430094,1.0,4.0,1111,0.9908190294152002,0.9952702007586448,21,25,1,Unanimous LP/P-directed,logo_BRCA2
NC_000013.11:32363210:C:T,BRCA2,1,0.9391967281984288,1.0,0.9220642062191272,1.0,0.9418558402826772,1.0,0.9905261754817072,1.0,4.0,1111,0.948410737545485,0.9656593741923222,21,25,1,Unanimous LP/P-directed,logo_BRCA2
NC_000013.11:32363224:A:G,BRCA2,1,0.9577493611440044,1.0,0.9984243932213984,1.0,0.9461501685157856,1.0,0.9878316602136684,1.0,4.0,1111,0.9725388957737142,0.9834073610287208,21,25,1,Unanimous LP/P-directed,logo_BRCA2
NC_000013.11:32363258:T:C,BRCA2,1,0.9931566985121244,1.0,0.9795470474779476,1.0,0.9840085215393348,1.0,0.9890153561681448,1.0,4.0,1111,0.986431905924388,0.9926079644257542,21,25,1,Unanimous LP/P-directed,logo_BRCA2
NC_000013.11:32363365:A:G,BRCA2,1,0.953958811599289,1.0,0.9377249903074668,1.0,0.9380880459202684,1.0,0.981550259229982,1.0,4.0,1111,0.9528305267642516,0.9690402662114072,21,25,1,Unanimous LP/P-directed,logo_BRCA2
NC_000013.11:32363366:C:A,BRCA2,1,0.9952010526730304,1.0,0.9803228293741192,1.0,0.9876459913300296,1.0,0.9887971766729812,1.0,4.0,1111,0.98799176251254,0.9935717630486686,21,25,1,Unanimous LP/P-directed,logo_BRCA2
NC_000013.11:32363366:C:G,BRCA2,1,0.9972621352881048,1.0,0.9860749181753726,1.0,0.9859830763232768,1.0,0.9888838292095156,1.0,4.0,1111,0.9895509897490674,0.9945167489403968,21,25,1,Unanimous LP/P-directed,logo_BRCA2
NC_000013.11:32363368:G:C,BRCA2,1,0.9984833121889212,1.0,0.9908894790190664,1.0,0.9879047786476216,1.0,0.9925079297728734,1.0,4.0,1111,0.9924463749071206,0.9962147819687734,21,25,1,Unanimous LP/P-directed,logo_BRCA2
NC_000013.11:32363369:A:C,BRCA2,1,0.9966610871735524,1.0,0.9849465943411416,1.0,0.9839630604270808,1.0,0.990256317490503,1.0,4.0,1111,0.9889567648580696,0.9941589103282918,21,25,1,Unanimous LP/P-directed,logo_BRCA2
NC_000013.11:32363369:A:G,BRCA2,1,0.9990977777515428,1.0,0.9970935260429084,1.0,0.9832781185918762,1.0,0.9937266643133263,1.0,4.0,1111,0.9932990216749134,0.9966983821782676,21,25,1,Unanimous LP/P-directed,logo_BRCA2
NC_000013.11:32363369:A:T,BRCA2,1,0.9966157985282016,1.0,0.9853473098045218,1.0,0.9843260353621104,1.0,0.9916723216382284,1.0,4.0,1111,0.9894903663332656,0.994480376234524,21,25,1,Unanimous LP/P-directed,logo_BRCA2
NC_000013.11:32363371:G:A,BRCA2,1,0.9953406683074792,1.0,0.9781928748473224,1.0,0.974402907496018,1.0,0.988658458257908,1.0,4.0,1111,0.984148727227182,0.9911674509878664,21,25,1,Unanimous LP/P-directed,logo_BRCA2
NC_000013.11:32363371:G:T,BRCA2,1,0.9953325447626056,1.0,0.9813278204362628,1.0,0.974851642196478,1.0,0.99261103969612,1.0,4.0,1111,0.9860307617728664,0.9923573413814736,21,25,1,Unanimous LP/P-directed,logo_BRCA2
NC_000013.11:32363372:G:T,BRCA2,1,0.9859690005188204,1.0,0.9735648320724812,1.0,0.9692592378979132,1.0,0.9847645104506476,1.0,4.0,1111,0.9783893952349656,0.9873993654688008,21,25,1,Unanimous LP/P-directed,logo_BRCA2
NC_000013.11:32363375:G:T,BRCA2,1,0.9884952402302112,1.0,0.9651453632671944,1.0,0.9792945065175194,1.0,0.9898244088850788,1.0,4.0,1111,0.980689879725001,0.9889256599444344,21,25,1,Unanimous LP/P-directed,logo_BRCA2
NC_000013.11:32363377:T:A,BRCA2,1,0.9850163158361748,1.0,0.9682101825526528,1.0,0.966642910247772,1.0,0.9823728907686526,1.0,4.0,1111,0.975560574851313,0.9854878635783484,21,25,1,Unanimous LP/P-directed,logo_BRCA2
NC_000013.11:32363378:A:G,BRCA2,1,0.9830374554578252,1.0,0.9681051803974784,1.0,0.9794857080260092,1.0,0.9885432511319272,1.0,4.0,1111,0.97979289875331,0.9883337038788872,21,25,1,Unanimous LP/P-directed,logo_BRCA2
NC_000013.11:32363389:G:A,BRCA2,1,0.6588276447478195,0.0,0.6505473716560558,0.0,0.7057566400131934,1.0,0.8916690631363623,1.0,2.0,0011,0.7267001798883577,0.7572739194253072,21,25,1,Mixed votes,logo_BRCA2
NC_000013.11:32363443:G:A,BRCA2,1,0.9702172027272096,1.0,0.9558149731782256,1.0,0.9301358642590326,1.0,0.9917300892357844,1.0,4.0,1111,0.9619745323500632,0.9758617280707094,21,25,1,Unanimous LP/P-directed,logo_BRCA2
NC_000013.11:32363444:G:A,BRCA2,1,0.9960869161803572,1.0,0.9840208281013132,1.0,0.9836897620103549,1.0,0.9917939841447702,1.0,4.0,1111,0.9888978726091988,0.9941232883433746,21,25,1,Unanimous LP/P-directed,logo_BRCA2
NC_000013.11:32370431:T:C,BRCA2,1,0.9917355834842386,1.0,0.9773983395174304,1.0,0.9879908055003264,1.0,0.992247670779018,1.0,4.0,1111,0.9873430998202534,0.9931731027700416,21,25,1,Unanimous LP/P-directed,logo_BRCA2
NC_000013.11:32370446:G:A,BRCA2,1,0.9982521577888251,1.0,0.9927203501888712,1.0,0.9866882034851652,1.0,0.9933412244494106,1.0,4.0,1111,0.992750483978068,0.9963882194195351,21,25,1,Unanimous LP/P-directed,logo_BRCA2
NC_000013.11:32370447:G:A,BRCA2,1,0.9984181384616352,1.0,0.9920892327802678,1.0,0.98549424052603,1.0,0.9936993036744892,1.0,4.0,1111,0.9924252288606056,0.9962026840184008,21,25,1,Unanimous LP/P-directed,logo_BRCA2
NC_000013.11:32370555:A:C,BRCA2,1,0.9883836402111706,1.0,0.9896906837956908,1.0,0.7993793516841612,1.0,0.9721342143331484,1.0,4.0,1111,0.9373969725060428,0.9570230276767596,21,25,1,Unanimous LP/P-directed,logo_BRCA2
NC_000013.11:32370555:A:G,BRCA2,1,0.9788512886957472,1.0,0.9664095654387652,1.0,0.73584402346217,1.0,0.969622367532654,1.0,4.0,1111,0.9126818112823342,0.9366955048965302,21,25,1,Unanimous LP/P-directed,logo_BRCA2
NC_000013.11:32371099:G:A,BRCA2,1,0.9955913621274544,1.0,0.9855045809586732,1.0,0.9472961444973548,1.0,0.9792533891447196,1.0,4.0,1111,0.9769113691820503,0.9864051959186824,21,25,1,Unanimous LP/P-directed,logo_BRCA2
NC_000013.11:32379799:G:A,BRCA2,1,0.9961028075521312,1.0,0.9878218609390556,1.0,0.9529724104819128,1.0,0.9909163303333454,1.0,4.0,1111,0.9819533523266112,0.9897523056383492,21,25,1,Unanimous LP/P-directed,logo_BRCA2
NC_000013.11:32379877:G:C,BRCA2,1,0.7426873638619264,1.0,0.571405500314781,0.0,0.2572404459341261,0.0,0.4142710509715609,0.0,1.0,1000,0.4964010902705986,0.5023407598064011,21,25,1,Mixed votes,logo_BRCA2
NC_000013.11:32380042:C:T,BRCA2,1,0.998528435956916,1.0,0.9910991405314308,1.0,0.9629648703130004,1.0,0.9895406120114824,1.0,4.0,1111,0.9855332647032072,0.9920450216116554,21,25,1,Unanimous LP/P-directed,logo_BRCA2
NC_000013.11:32380043:G:T,BRCA2,1,0.9939504799211552,1.0,0.9814551071775424,1.0,0.9785743464492832,1.0,0.988440548245417,1.0,4.0,1111,0.9856051204483494,0.9920902323059424,21,25,1,Unanimous LP/P-directed,logo_BRCA2
NC_000013.11:32380114:G:A,BRCA2,1,0.9990681265490452,1.0,0.9908531026368976,1.0,0.9824025191350336,1.0,0.9940154179955244,1.0,4.0,1111,0.9915847915791252,0.9957180091377044,21,25,1,Unanimous LP/P-directed,logo_BRCA2
NC_000013.11:32380114:G:C,BRCA2,1,0.9989076171868694,1.0,0.9898924532898308,1.0,0.9837809625164484,1.0,0.9940154179955244,1.0,4.0,1111,0.9916491127471684,0.9957553610298836,21,25,1,Unanimous LP/P-directed,logo_BRCA2
NC_000013.11:32380115:G:A,BRCA2,1,0.999358705732012,1.0,0.992632843151614,1.0,0.9879908055003264,1.0,0.9952426342195192,1.0,4.0,1111,0.993806247150868,0.9969819536985792,21,25,1,Unanimous LP/P-directed,logo_BRCA2
NC_000013.11:32380115:G:T,BRCA2,1,0.9948488585899444,1.0,0.973039091547389,1.0,0.96491139435299,1.0,0.9926027664846848,1.0,4.0,1111,0.981350527743752,0.9893589672551892,21,25,1,Unanimous LP/P-directed,logo_BRCA2
NC_000013.11:32380142:CA:TT,BRCA2,1,,,,,,,,,,,,,0,25,0,,logo_BRCA2
NC_000013.11:32394716:C:A,BRCA2,1,0.9988660258176316,1.0,0.9774132329138489,1.0,0.942534463838196,1.0,0.9892928558181548,1.0,4.0,1111,0.977026644596958,0.9864830991705564,21,25,1,Unanimous LP/P-directed,logo_BRCA2
NC_000013.11:32394716:C:G,BRCA2,1,0.9988539343112316,1.0,0.9773105129596036,1.0,0.942534463838196,1.0,0.9892928558181548,1.0,4.0,1111,0.9769979417317964,0.9864637074305178,21,25,1,Unanimous LP/P-directed,logo_BRCA2
NC_000013.11:32394733:T:C,BRCA2,1,0.9981304830377316,1.0,0.9811758375252322,1.0,0.9895185457434617,1.0,0.98843515694379,1.0,4.0,1111,0.9893150058125538,0.9943749904160232,21,25,1,Unanimous LP/P-directed,logo_BRCA2
NC_000013.11:32394733:T:G,BRCA2,1,0.9989996414688532,1.0,0.9860098960315116,1.0,0.9811603566110988,1.0,0.9921129604275788,1.0,4.0,1111,0.9895707136347608,0.994528576151535,21,25,1,Unanimous LP/P-directed,logo_BRCA2
NC_000013.11:32394802:A:T,BRCA2,1,0.9928034235583028,1.0,0.9707412514675832,1.0,0.97770367271157,1.0,0.984037237803045,1.0,4.0,1111,0.9813213963851252,0.9893399094486164,21,25,1,Unanimous LP/P-directed,logo_BRCA2
NC_000013.11:32394804:C:T,BRCA2,1,0.9913883474663592,1.0,0.9129469869629426,1.0,0.8734559091533654,1.0,0.9826745599936156,1.0,4.0,1111,0.9401164508940708,0.9591820734537656,21,25,1,Unanimous LP/P-directed,logo_BRCA2
NC_000013.11:32325080:A:C,BRCA2,0,0.021223334774588,0.0,0.0068718637416197,0.0,0.1136230840231167,0.0,0.0541144426974092,0.0,0.0,0000,0.0489581813091834,0.0339708314512894,21,25,1,Unanimous B/LB-directed,logo_BRCA2
NC_000013.11:32326114:A:G,BRCA2,0,0.0628121342216832,0.0,0.0015696049402074,0.0,0.1266482172787229,0.0,0.0846360129979547,0.0,0.0,0000,0.0689164923596421,0.0504620693719155,21,25,1,Unanimous B/LB-directed,logo_BRCA2
NC_000013.11:32326267:C:A,BRCA2,0,0.948537135689353,1.0,0.8313337843073035,1.0,0.2854716978986858,0.0,0.3674609339974914,0.0,2.0,1100,0.6082008879732084,0.6285022098377434,21,25,1,Mixed votes,logo_BRCA2
NC_000013.11:32332308:T:G,BRCA2,0,0.2794090529012056,0.0,0.0686262503804689,0.0,0.1334288722628317,0.0,0.2817111686134271,0.0,0.0,0000,0.1907938360394833,0.1655813291620575,21,25,1,Unanimous B/LB-directed,logo_BRCA2
NC_000013.11:32332333:T:C,BRCA2,0,0.1212508575792288,0.0,0.034917272856156,0.0,0.1445273018883924,0.0,0.1883365260819496,0.0,0.0,0000,0.1222579896014317,0.0983391929448269,21,25,1,Unanimous B/LB-directed,logo_BRCA2
NC_000013.11:32332420:T:A,BRCA2,0,0.043070393486052,0.0,0.0021671469686164,0.0,0.1320619720491387,0.0,0.1003421154431613,0.0,0.0,0000,0.0694104069867421,0.0508817297819938,21,25,1,Unanimous B/LB-directed,logo_BRCA2
NC_000013.11:32332441:A:C,BRCA2,0,0.1444790848831698,0.0,0.0335639458046118,0.0,0.092972550281835,0.0,0.1017459137513737,0.0,0.0,0000,0.0931903736802476,0.071652097914354,21,25,1,Unanimous B/LB-directed,logo_BRCA2
NC_000013.11:32332455:C:A,BRCA2,0,0.0295052723351302,0.0,0.0023287632397503,0.0,0.1333272647600533,0.0,0.0912301447412719,0.0,0.0,0000,0.0640978612690514,0.0463954223172861,21,25,1,Unanimous B/LB-directed,logo_BRCA2
NC_000013.11:32332517:A:G,BRCA2,0,0.0362329565564083,0.0,0.0042990173004306,0.0,0.1167261909920208,0.0,0.0765343079489642,0.0,0.0,0000,0.058448118199456,0.0416936898348085,21,25,1,Unanimous B/LB-directed,logo_BRCA2
NC_000013.11:32332600:C:T,BRCA2,0,0.0984651307038805,0.0,0.0052111971881341,0.0,0.1381891127292273,0.0,0.1710635319597582,0.0,0.0,0000,0.10323224314525,0.080724014619779,21,25,1,Unanimous B/LB-directed,logo_BRCA2
NC_000013.11:32332618:G:A,BRCA2,0,0.0591639986451597,0.0,0.010375025184311,0.0,0.1332527632781601,0.0,0.108718200304287,0.0,0.0,0000,0.0778774968529795,0.0581537946655295,21,25,1,Unanimous B/LB-directed,logo_BRCA2
NC_000013.11:32332628:C:T,BRCA2,0,0.1819288651794609,0.0,0.0600958873086523,0.0,0.1264645307022105,0.0,0.3357815566753661,0.0,0.0,0000,0.1760677099664225,0.1507000364979831,21,25,1,Unanimous B/LB-directed,logo_BRCA2
NC_000013.11:32332643:C:A,BRCA2,0,0.0482233832299528,0.0,0.0008138399956518,0.0,0.1384788000780067,0.0,0.081897398909322,0.0,0.0,0000,0.0673533555532333,0.0491373530614198,21,25,1,Unanimous B/LB-directed,logo_BRCA2
NC_000013.11:32332658:A:C,BRCA2,0,0.2063778000112704,0.0,0.0469010354283414,0.0,0.1600911423864557,0.0,0.1779798825383028,0.0,0.0,0000,0.1478374650910925,0.1228029229160173,21,25,1,Unanimous B/LB-directed,logo_BRCA2
NC_000013.11:32332758:C:G,BRCA2,0,0.1498544959693879,0.0,0.0232908594098683,0.0,0.1308735098723273,0.0,0.2576917616352118,0.0,0.0,0000,0.1404276567216988,0.1156311667272354,21,25,1,Unanimous B/LB-directed,logo_BRCA2
NC_000013.11:32332862:A:G,BRCA2,0,0.2006501762006177,0.0,0.0438792807847289,0.0,0.130280156328754,0.0,0.1753792266800954,0.0,0.0,0000,0.137547209998549,0.1128614343710662,21,25,1,Unanimous B/LB-directed,logo_BRCA2
NC_000013.11:32332991:T:C,BRCA2,0,0.0807842932338613,0.0,0.0059759758670956,0.0,0.1311209134400046,0.0,0.1119333910113592,0.0,0.0,0000,0.0824536433880802,0.0621427299442062,21,25,1,Unanimous B/LB-directed,logo_BRCA2
NC_000013.11:32333015:A:G,BRCA2,0,0.1531007540290782,0.0,0.0414293279062785,0.0,0.1207945967378537,0.0,0.1037627235271364,0.0,0.0,0000,0.1047718505500867,0.0821292592866472,21,25,1,Unanimous B/LB-directed,logo_BRCA2
NC_000013.11:32333139:T:G,BRCA2,0,0.881256534163003,1.0,0.5348138210541724,0.0,0.3187610599078357,0.0,0.7452686834398307,1.0,2.0,1001,0.6200250246412105,0.6416512059369035,21,25,1,Mixed votes,logo_BRCA2
NC_000013.11:32333221:A:C,BRCA2,0,0.1759305547387457,0.0,0.040230040652772,0.0,0.1211858569237295,0.0,0.166609852695893,0.0,0.0,0000,0.1259890762527851,0.1018544428939251,21,25,1,Unanimous B/LB-directed,logo_BRCA2
NC_000013.11:32333263:G:C,BRCA2,0,0.3373967388332745,0.0,0.0665962152240758,0.0,0.1087082265879195,0.0,0.1915738461211981,0.0,0.0,0000,0.1760687566916169,0.1507010866433853,21,25,1,Unanimous B/LB-directed,logo_BRCA2
NC_000013.11:32333269:A:G,BRCA2,0,0.0429244422996786,0.0,0.001066970686731,0.0,0.1378888350970419,0.0,0.0726943954865904,0.0,0.0,0000,0.0636436608925105,0.0460147362451439,21,25,1,Unanimous B/LB-directed,logo_BRCA2
NC_000013.11:32333275:T:C,BRCA2,0,0.0746839416001966,0.0,0.0139213274877268,0.0,0.1372887048328562,0.0,0.1078735383264446,0.0,0.0,0000,0.0834418780618061,0.06300932639246,21,25,1,Unanimous B/LB-directed,logo_BRCA2
NC_000013.11:32333287:A:G,BRCA2,0,0.3879635152323322,0.0,0.1505265808515544,0.0,0.1617203968167882,0.0,0.4461112551606109,0.0,0.0,0000,0.2865804370153215,0.2667070719207883,21,25,1,Unanimous B/LB-directed,logo_BRCA2
NC_000013.11:32333366:C:T,BRCA2,0,0.077018702883819,0.0,0.0008669871528904,0.0,0.1248826516811044,0.0,0.0849378316864854,0.0,0.0,0000,0.0719265433510748,0.0530275264425026,21,25,1,Unanimous B/LB-directed,logo_BRCA2
NC_000013.11:32336318:C:G,BRCA2,0,0.0537489707855803,0.0,0.0053742383719102,0.0,0.1190472675224654,0.0,0.0982747630464547,0.0,0.0,0000,0.0691113099316026,0.0506275368096097,21,25,1,Unanimous B/LB-directed,logo_BRCA2
NC_000013.11:32336492:A:T,BRCA2,0,0.1928014887364056,0.0,0.0138832327899492,0.0,0.1400690436412658,0.0,0.1737781028314903,0.0,0.0,0000,0.1301329669997777,0.1057806428519259,21,25,1,Unanimous B/LB-directed,logo_BRCA2
NC_000013.11:32336704:A:G,BRCA2,0,0.0540281215177562,0.0,0.0012914456490925,0.0,0.1516807970776609,0.0,0.1026555877576957,0.0,0.0,0000,0.0774139880005513,0.0577520008398899,21,25,1,Unanimous B/LB-directed,logo_BRCA2
NC_000013.11:32336770:G:C,BRCA2,0,0.2262664176981461,0.0,0.0929723392437838,0.0,0.1738523753897831,0.0,0.2716192791408481,0.0,0.0,0000,0.1911776028681403,0.1659719264824025,21,25,1,Unanimous B/LB-directed,logo_BRCA2
NC_000013.11:32336825:T:C,BRCA2,0,0.2627631332352322,0.0,0.070795333457932,0.0,0.1594291630876398,0.0,0.4253706865159586,0.0,0.0,0000,0.2295895790741906,0.2057198900817737,21,25,1,Unanimous B/LB-directed,logo_BRCA2
NC_000013.11:32337034:G:A,BRCA2,0,0.1011440255722206,0.0,0.0056301683275087,0.0,0.1610106300529857,0.0,0.1264296784060209,0.0,0.0,0000,0.098553625589684,0.0764768007527192,21,25,1,Unanimous B/LB-directed,logo_BRCA2
NC_000013.11:32337109:G:A,BRCA2,0,0.2212923076744611,0.0,0.1114617576846083,0.0,0.1655355508010318,0.0,0.1856965283853615,0.0,0.0,0000,0.1709965361363657,0.1456254459905115,21,25,1,Unanimous B/LB-directed,logo_BRCA2
NC_000013.11:32337140:T:C,BRCA2,0,0.0618120157484849,0.0,0.0049141639269108,0.0,0.1754988777830911,0.0,0.1192637492452541,0.0,0.0,0000,0.0903722016759352,0.0691363901291765,21,25,1,Unanimous B/LB-directed,logo_BRCA2
NC_000013.11:32337157:G:A,BRCA2,0,0.1935842586198468,0.0,0.02667912914823,0.0,0.139090793230649,0.0,0.3218523559316588,0.0,0.0,0000,0.1703016342325962,0.1449321462822706,21,25,1,Unanimous B/LB-directed,logo_BRCA2
NC_000013.11:32337157:G:C,BRCA2,0,0.5306512956368549,0.0,0.3218079822815399,0.0,0.3034557360391,0.0,0.4879995059570995,0.0,0.0,0000,0.4109786299786486,0.4052716828934743,21,25,1,Unanimous B/LB-directed,logo_BRCA2
NC_000013.11:32337280:T:A,BRCA2,0,0.0351583023962711,0.0,0.0011410299679837,0.0,0.1470992004149116,0.0,0.0751567694696672,0.0,0.0,0000,0.0646388255622084,0.0468494304031994,21,25,1,Unanimous B/LB-directed,logo_BRCA2
NC_000013.11:32337281:C:T,BRCA2,0,0.0316981481209656,0.0,0.0044679311307317,0.0,0.1259960107836353,0.0,0.0653094994844177,0.0,0.0,0000,0.0568678973799375,0.0403920508833113,21,25,1,Unanimous B/LB-directed,logo_BRCA2
NC_000013.11:32337314:A:T,BRCA2,0,0.075723096349365,0.0,0.0042809057125374,0.0,0.1094667439932506,0.0,0.1021462519238458,0.0,0.0,0000,0.0729042494947497,0.05386485709395,21,25,1,Unanimous B/LB-directed,logo_BRCA2
NC_000013.11:32337341:T:G,BRCA2,0,0.1017883275230773,0.0,0.008285104817066,0.0,0.1334017752850214,0.0,0.2126389973297346,0.0,0.0,0000,0.1140285512387248,0.0906545781093305,21,25,1,Unanimous B/LB-directed,logo_BRCA2
NC_000013.11:32337409:C:G,BRCA2,0,0.05333566919875,0.0,0.0075290847143824,0.0,0.1388652540929208,0.0,0.0661587460085238,0.0,0.0,0000,0.0664721885036443,0.04839290354173,21,25,1,Unanimous B/LB-directed,logo_BRCA2
NC_000013.11:32337658:A:T,BRCA2,0,0.682463462510424,1.0,0.3160173012474243,0.0,0.1914490348860585,0.0,0.3859714680373892,0.0,1.0,1000,0.393975316670324,0.3860479002225486,21,25,1,Mixed votes,logo_BRCA2
NC_000013.11:32337799:A:G,BRCA2,0,0.0595104297098452,0.0,0.0015604002371825,0.0,0.1225004386076309,0.0,0.2696693308834131,0.0,0.0,0000,0.1133101498595179,0.0899883549386053,21,25,1,Unanimous B/LB-directed,logo_BRCA2
NC_000013.11:32337869:C:T,BRCA2,0,0.061865548627557,0.0,0.0022333590513379,0.0,0.1018192233741494,0.0,0.0848412016904722,0.0,0.0,0000,0.0626898331858791,0.0452168006456767,21,25,1,Unanimous B/LB-directed,logo_BRCA2
NC_000013.11:32337922:C:T,BRCA2,0,0.072388568938593,0.0,0.0580576087494707,0.0,0.1030048617267192,0.0,0.1366667055646535,0.0,0.0,0000,0.0925294362448591,0.0710608727718419,21,25,1,Unanimous B/LB-directed,logo_BRCA2
NC_000013.11:32337929:T:G,BRCA2,0,0.0844413090197152,0.0,0.007005798477083,0.0,0.1202115361545147,0.0,0.2463125456050124,0.0,0.0,0000,0.1144927973140813,0.0910855067151602,21,25,1,Unanimous B/LB-directed,logo_BRCA2
NC_000013.11:32337935:G:A,BRCA2,0,0.0524897404295831,0.0,0.0032068655368739,0.0,0.1278651666541024,0.0,0.2998419235747975,0.0,0.0,0000,0.1208509240488392,0.0970184999970231,21,25,1,Unanimous B/LB-directed,logo_BRCA2
NC_000013.11:32338036:A:G,BRCA2,0,0.0767833985592468,0.0,0.0344580204731563,0.0,0.1418789288311139,0.0,0.3857526783241282,0.0,0.0,0000,0.1597182565469113,0.1344367066496105,21,25,1,Unanimous B/LB-directed,logo_BRCA2
NC_000013.11:32338193:A:T,BRCA2,0,0.1572223052668976,0.0,0.0682450940745786,0.0,0.179152974741489,0.0,0.2971277354645274,0.0,0.0,0000,0.1754370273868732,0.1500674952608403,21,25,1,Unanimous B/LB-directed,logo_BRCA2
NC_000013.11:32338223:G:A,BRCA2,0,0.0216617160894254,0.0,0.0003921281675539,0.0,0.1245522107352637,0.0,0.0686513679096634,0.0,0.0,0000,0.0538143557254766,0.0378941759999499,21,25,1,Unanimous B/LB-directed,logo_BRCA2
NC_000013.11:32338415:C:T,BRCA2,0,0.0261870782794979,0.0,0.0092332382987791,0.0,0.1463494117630832,0.0,0.1433608295272552,0.0,0.0,0000,0.0812826394671538,0.0611182145886833,21,25,1,Unanimous B/LB-directed,logo_BRCA2
NC_000013.11:32338444:A:C,BRCA2,0,0.0786139393012549,0.0,0.000287232231396,0.0,0.1327208731080685,0.0,0.1013884382712151,0.0,0.0,0000,0.0782526207279836,0.0584792769944829,21,25,1,Unanimous B/LB-directed,logo_BRCA2
NC_000013.11:32338448:G:A,BRCA2,0,0.0914520527332724,0.0,0.0063044763941271,0.0,0.1541365768721661,0.0,0.1128355844259317,0.0,0.0,0000,0.0911821726063743,0.0698580286824338,21,25,1,Unanimous B/LB-directed,logo_BRCA2
NC_000013.11:32338541:A:G,BRCA2,0,0.0174126797779892,0.0,0.0006099823790182,0.0,0.073114487641167,0.0,0.0291462134401996,0.0,0.0,0000,0.0300708408095935,0.0193730952575551,21,25,1,Unanimous B/LB-directed,logo_BRCA2
NC_000013.11:32338595:C:T,BRCA2,0,0.1082142942851599,0.0,0.0041143276983158,0.0,0.1486230392736109,0.0,0.0942759585128635,0.0,0.0,0000,0.0888069049424875,0.0677450396438563,21,25,1,Unanimous B/LB-directed,logo_BRCA2
NC_000013.11:32338612:G:T,BRCA2,0,0.0143486935977675,0.0,0.0004144305976685,0.0,0.0814432044083036,0.0,0.0480424764038611,0.0,0.0,0000,0.0360622012519002,0.0238774202757276,21,25,1,Unanimous B/LB-directed,logo_BRCA2
NC_000013.11:32338939:G:A,BRCA2,0,0.1214156735781941,0.0,0.3092849260423819,0.0,0.3008763921498739,0.0,0.456540778562003,0.0,0.0,0000,0.2970294425831132,0.2781025880786058,21,25,1,Unanimous B/LB-directed,logo_BRCA2
NC_000013.11:32339133:A:C,BRCA2,0,0.0213204096701053,0.0,0.0009270135584145,0.0,0.102803694710345,0.0,0.0460995391292359,0.0,0.0,0000,0.0427876642670252,0.029078759841683,21,25,1,Unanimous B/LB-directed,logo_BRCA2
NC_000013.11:32339424:A:C,BRCA2,0,0.0267731338484315,0.0,0.0390574779058432,0.0,0.1302005384424916,0.0,0.1827952699605738,0.0,0.0,0000,0.094706605039335,0.0730112057034555,21,25,1,Unanimous B/LB-directed,logo_BRCA2
NC_000013.11:32339449:G:A,BRCA2,0,0.0528322461916003,0.0,0.0025743251859116,0.0,0.0925032979606842,0.0,0.0828431304927322,0.0,0.0,0000,0.0576882499577321,0.0410670292919283,21,25,1,Unanimous B/LB-directed,logo_BRCA2
NC_000013.11:32339524:A:G,BRCA2,0,0.0799855947083507,0.0,0.0014679660597453,0.0,0.1288997123703125,0.0,0.1019981758989421,0.0,0.0,0000,0.0780878622593377,0.058336288071219,21,25,1,Unanimous B/LB-directed,logo_BRCA2
NC_000013.11:32339552:C:T,BRCA2,0,0.0590328569227091,0.0,0.0132372041410968,0.0,0.1041687401801339,0.0,0.1323970236892941,0.0,0.0,0000,0.0772089562333085,0.0575744019660062,21,25,1,Unanimous B/LB-directed,logo_BRCA2
NC_000013.11:32339666:G:A,BRCA2,0,0.0575122469943615,0.0,0.0027416914804597,0.0,0.1134689237623933,0.0,0.1037722887908784,0.0,0.0,0000,0.0693737877570232,0.0508505981278135,21,25,1,Unanimous B/LB-directed,logo_BRCA2
NC_000013.11:32339809:C:T,BRCA2,0,0.0181072032690784,0.0,0.0007318482764122,0.0,0.1307145183988824,0.0,0.090293336686738,0.0,0.0,0000,0.0599617266577778,0.0429460542581824,21,25,1,Unanimous B/LB-directed,logo_BRCA2
NC_000013.11:32339828:C:T,BRCA2,0,0.0600569588438399,0.0,0.0025106017018653,0.0,0.1335774429984284,0.0,0.1055361259618204,0.0,0.0,0000,0.0754202823764885,0.0560285480056489,21,25,1,Unanimous B/LB-directed,logo_BRCA2
NC_000013.11:32339906:T:G,BRCA2,0,0.1130289832879137,0.0,0.0146818269329629,0.0,0.139654987399855,0.0,0.262988387734048,0.0,0.0,0000,0.1325885463386949,0.1081179283115321,21,25,1,Unanimous B/LB-directed,logo_BRCA2
NC_000013.11:32339988:C:G,BRCA2,0,0.0859159216351471,0.0,0.0101480991560184,0.0,0.1635755617622429,0.0,0.2283765474204623,0.0,0.0,0000,0.1220040324934677,0.0981006216842652,21,25,1,Unanimous B/LB-directed,logo_BRCA2
NC_000013.11:32339994:T:G,BRCA2,0,0.0692160823356923,0.0,0.0028095387379513,0.0,0.1222549354631879,0.0,0.0955845395618387,0.0,0.0,0000,0.0724662740246676,0.0534895228451079,21,25,1,Unanimous B/LB-directed,logo_BRCA2
NC_000013.11:32340064:C:G,BRCA2,0,0.0340207961800456,0.0,0.0027270747912357,0.0,0.1123910863467409,0.0,0.117610001022724,0.0,0.0,0000,0.0666872395851865,0.0485744331048433,21,25,1,Unanimous B/LB-directed,logo_BRCA2
NC_000013.11:32340106:C:T,BRCA2,0,0.1096399512700267,0.0,0.0042076374066786,0.0,0.132274442904539,0.0,0.4859153491402482,0.0,0.0,0000,0.1830093451803731,0.157688466894986,21,25,1,Unanimous B/LB-directed,logo_BRCA2
NC_000013.11:32340107:A:G,BRCA2,0,0.1679018235300877,0.0,0.009454155095912,0.0,0.1313083008376715,0.0,0.3752549173858622,0.0,0.0,0000,0.1709797992123834,0.1456087417370949,21,25,1,Unanimous B/LB-directed,logo_BRCA2
NC_000013.11:32340122:A:C,BRCA2,0,0.0553564590412964,0.0,0.0007879496957992,0.0,0.0900684919917773,0.0,0.1045209975656181,0.0,0.0,0000,0.0626834745736227,0.0452114881810531,21,25,1,Unanimous B/LB-directed,logo_BRCA2
NC_000013.11:32340139:A:G,BRCA2,0,0.0545684345439549,0.0,0.0006791662271078,0.0,0.1426993326207301,0.0,0.0810945443160885,0.0,0.0,0000,0.0697603694269703,0.0511793911075681,21,25,1,Unanimous B/LB-directed,logo_BRCA2
NC_000013.11:32340233:G:A,BRCA2,0,0.0375245475548206,0.0,0.0032351355928894,0.0,0.1450203037204738,0.0,0.1479347293858957,0.0,0.0,0000,0.0834286790635199,0.0629977401055878,21,25,1,Unanimous B/LB-directed,logo_BRCA2
NC_000013.11:32340454:C:T,BRCA2,0,0.0296641151958588,0.0,0.0043097269767537,0.0,0.1183208591319475,0.0,0.1277551393022983,0.0,0.0,0000,0.0700124601517146,0.0513939669544524,21,25,1,Unanimous B/LB-directed,logo_BRCA2
NC_000013.11:32340497:A:T,BRCA2,0,0.5898090856049457,0.0,0.1472369284901488,0.0,0.1780714606545841,0.0,0.6452226226322938,1.0,1.0,0001,0.3900850243454931,0.3816581235175719,21,25,1,Mixed votes,logo_BRCA2
NC_000013.11:32340574:C:A,BRCA2,0,0.0723812805899634,0.0,0.0039635714602532,0.0,0.1430126505148916,0.0,0.0847248068433918,0.0,0.0,0000,0.076020577352125,0.0565466475065323,21,25,1,Unanimous B/LB-directed,logo_BRCA2
NC_000013.11:32340644:C:T,BRCA2,0,0.3597076543607554,0.0,0.2358684660688522,0.0,0.2558634134307195,0.0,0.3651475300088574,0.0,0.0,0000,0.3041467659672962,0.2858971713432264,21,25,1,Unanimous B/LB-directed,logo_BRCA2
NC_000013.11:32340676:C:T,BRCA2,0,0.0442989444145776,0.0,0.0056654298283626,0.0,0.1645994839168076,0.0,0.1495215837151699,0.0,0.0,0000,0.0910213604687294,0.0697146636616783,21,25,1,Unanimous B/LB-directed,logo_BRCA2
NC_000013.11:32340677:G:A,BRCA2,0,0.053355817883433,0.0,0.0055344134898395,0.0,0.1421810639395162,0.0,0.1708915423441006,0.0,0.0,0000,0.0929907094142223,0.0714734147164297,21,25,1,Unanimous B/LB-directed,logo_BRCA2
NC_000013.11:32340692:A:G,BRCA2,0,0.0642734734712055,0.0,0.0018977812594531,0.0,0.1472894952841027,0.0,0.1310755988916311,0.0,0.0,0000,0.0861340872265981,0.0653792558902086,21,25,1,Unanimous B/LB-directed,logo_BRCA2
NC_000013.11:32340701:A:G,BRCA2,0,0.0323756934802174,0.0,0.0034637731678898,0.0,0.1121860394553254,0.0,0.0740710455480135,0.0,0.0,0000,0.0555241379128615,0.0392899688355444,21,25,1,Unanimous B/LB-directed,logo_BRCA2
NC_000013.11:32340809:C:A,BRCA2,0,0.1034751475549734,0.0,0.0120969736706344,0.0,0.0961645325429278,0.0,0.1155907135512911,0.0,0.0,0000,0.0818318418299567,0.0615983941842685,21,25,1,Unanimous B/LB-directed,logo_BRCA2
NC_000013.11:32341102:A:G,BRCA2,0,0.044844047906608,0.0,0.0044753669175042,0.0,0.145882570104863,0.0,0.1000291283567442,0.0,0.0,0000,0.0738077783214298,0.0546403907840438,21,25,1,Unanimous B/LB-directed,logo_BRCA2
NC_000013.11:32344568:A:G,BRCA2,0,0.0184851906116843,0.0,0.0005427606212316,0.0,0.0641522421492009,0.0,0.0692756094518922,0.0,0.0,0000,0.0381139507085023,0.0254488053946793,21,25,1,Unanimous B/LB-directed,logo_BRCA2
NC_000013.11:32344650:A:T,BRCA2,0,0.1589335703183703,0.0,0.0544077258230984,0.0,0.3175347238184948,0.0,0.6679968857185835,1.0,1.0,0001,0.2997182264196368,0.2810442139372113,21,25,1,Mixed votes,logo_BRCA2
NC_000013.11:32346841:G:A,BRCA2,0,0.9543839999139296,1.0,0.8711920881947238,1.0,0.8110582899627301,1.0,0.9281601124479132,1.0,4.0,1111,0.8911986226298243,0.9181283509874586,21,25,1,Unanimous LP/P-directed,logo_BRCA2
NC_000013.11:32354904:C:G,BRCA2,0,0.0290870941609819,0.0,0.0026242193046121,0.0,0.0894193412355963,0.0,0.1359899308422382,0.0,0.0,0000,0.0642801463858571,0.046548333540794,21,25,1,Unanimous B/LB-directed,logo_BRCA2
NC_000013.11:32354909:G:C,BRCA2,0,0.4359268804628717,0.0,0.0280252050731645,0.0,0.1490540853116556,0.0,0.2991261829833766,0.0,0.0,0000,0.2280330884577671,0.204085750113702,21,25,1,Unanimous B/LB-directed,logo_BRCA2
NC_000013.11:32355002:C:A,BRCA2,0,0.0598385442549906,0.0,0.0050991762504743,0.0,0.1571409161465203,0.0,0.1029059292938836,0.0,0.0,0000,0.0812461414864672,0.061086323677009,21,25,1,Unanimous B/LB-directed,logo_BRCA2
NC_000013.11:32355084:A:C,BRCA2,0,0.0732316665537311,0.0,0.2372683507719657,0.0,0.2525486212732487,0.0,0.3412987974964954,0.0,0.0,0000,0.2260868590238602,0.2020450521966299,21,25,1,Unanimous B/LB-directed,logo_BRCA2
NC_000013.11:32355159:A:T,BRCA2,0,0.1287330180340695,0.0,0.0103156333290881,0.0,0.133689257675162,0.0,0.2246896550896358,0.0,0.0,0000,0.1243568910319888,0.1003143362099028,21,25,1,Unanimous B/LB-directed,logo_BRCA2
NC_000013.11:32356496:G:A,BRCA2,0,0.0449114092776944,0.0,0.0054690326765517,0.0,0.1213678442799185,0.0,0.1865039169154681,0.0,0.0,0000,0.0895630507874082,0.0684166218182714,21,25,1,Unanimous B/LB-directed,logo_BRCA2
NC_000013.11:32356525:C:T,BRCA2,0,0.1783885775869498,0.0,0.070178915169554,0.0,0.1920669923501756,0.0,0.4718438576770414,0.0,0.0,0000,0.2281195856959302,0.2041765137150817,21,25,1,Unanimous B/LB-directed,logo_BRCA2
NC_000013.11:32356535:C:T,BRCA2,0,0.1146690416680585,0.0,0.0098716468101297,0.0,0.0835849470845258,0.0,0.1717461604767789,0.0,0.0,0000,0.0949679490098732,0.0732458588198402,21,25,1,Unanimous B/LB-directed,logo_BRCA2
NC_000013.11:32356550:G:A,BRCA2,0,0.6938326894705706,1.0,0.3199279490659966,0.0,0.4830331471974676,0.0,0.8414394935127778,1.0,2.0,1001,0.5845583198117031,0.6020663181349769,21,25,1,Mixed votes,logo_BRCA2
NC_000013.11:32357882:C:T,BRCA2,0,0.9861392009456006,1.0,0.8224980879267313,1.0,0.8308957610358333,1.0,0.9660166422810288,1.0,4.0,1111,0.9013874230472984,0.9270288527235476,21,25,1,Unanimous LP/P-directed,logo_BRCA2
NC_000013.11:32363195:A:G,BRCA2,0,0.0631420633882402,0.0,0.2384355175001219,0.0,0.3152554830557929,0.0,0.4517858353413588,0.0,0.0,0000,0.2671547248213785,0.2456848569757053,21,25,1,Unanimous B/LB-directed,logo_BRCA2
NC_000013.11:32363228:T:C,BRCA2,0,0.2569113280230998,0.0,0.1943903984999936,0.0,0.1465014760362608,0.0,0.1772880932106779,0.0,0.0,0000,0.193772823942508,0.1686169390460028,21,25,1,Unanimous B/LB-directed,logo_BRCA2
NC_000013.11:32363350:G:T,BRCA2,0,0.0317054829642589,0.0,0.0011870036825121,0.0,0.101889473922388,0.0,0.1020167763400178,0.0,0.0,0000,0.0591996842272942,0.0423148602667609,21,25,1,Unanimous B/LB-directed,logo_BRCA2
NC_000013.11:32363383:G:A,BRCA2,0,0.0401608198822449,0.0,0.000775474408805,0.0,0.1320141763390466,0.0,0.0943028505944398,0.0,0.0,0000,0.0668133303061341,0.0486809158925334,21,25,1,Unanimous B/LB-directed,logo_BRCA2
NC_000013.11:32363388:G:T,BRCA2,0,0.0036679826784273,0.0,0.0047726129626497,0.0,0.0827398325249777,0.0,0.1073203704758411,0.0,0.0,0000,0.049625199660474,0.0345060258876734,21,25,1,Unanimous B/LB-directed,logo_BRCA2
NC_000013.11:32370970:T:C,BRCA2,0,0.0947051226782937,0.0,0.016851032726848,0.0,0.1664727405326255,0.0,0.0888037281496529,0.0,0.0,0000,0.091708156021855,0.07032725803129,21,25,1,Unanimous B/LB-directed,logo_BRCA2
NC_000013.11:32370992:G:A,BRCA2,0,0.9319906051433302,1.0,0.8662530323113679,1.0,0.6604195467954026,1.0,0.9331441891575014,1.0,4.0,1111,0.8479518433519007,0.8786864256566899,21,25,1,Unanimous LP/P-directed,logo_BRCA2
NC_000013.11:32379466:G:A,BRCA2,0,0.1671112875068894,0.0,0.0244245044497785,0.0,0.1087082265879195,0.0,0.1749403301584449,0.0,0.0,0000,0.1187960871757581,0.0950947717836171,21,25,1,Unanimous B/LB-directed,logo_BRCA2
NC_000013.11:32379478:C:T,BRCA2,0,0.8249295013882438,1.0,0.1467611505286862,0.0,0.2043816473158821,0.0,0.4730380873613449,0.0,1.0,1000,0.4122775966485392,0.4067425355444415,21,25,1,Mixed votes,logo_BRCA2
NC_000013.11:32379767:G:A,BRCA2,0,0.2807262790551994,0.0,0.1602572424726809,0.0,0.1999577288428502,0.0,0.4488905457024915,0.0,0.0,0000,0.2724579490183055,0.2514018144793976,21,25,1,Unanimous B/LB-directed,logo_BRCA2
NC_000013.11:32379833:C:T,BRCA2,0,0.6101530201567044,0.0,0.1041284266771771,0.0,0.1410762007701846,0.0,0.4024449263232892,0.0,0.0,0000,0.3144506434818388,0.2972255208946683,21,25,1,Unanimous B/LB-directed,logo_BRCA2
NC_000013.11:32380123:G:A,BRCA2,0,0.0636676665360698,0.0,0.0049297764243484,0.0,0.1268798216067751,0.0,0.162491109897192,0.0,0.0,0000,0.0894920936160963,0.0683535574811006,21,25,1,Unanimous B/LB-directed,logo_BRCA2
NC_000013.11:32394723:T:C,BRCA2,0,0.053069765549483,0.0,0.0279874921080927,0.0,0.1597037431294328,0.0,0.1258115700677327,0.0,0.0,0000,0.0916431427136853,0.0702692338862176,21,25,1,Unanimous B/LB-directed,logo_BRCA2
NC_000013.11:32326142:T:A,BRCA2,0,0.0974885816846437,0.0,0.00587725698979,0.0,0.1340727764193359,0.0,0.1699506133857155,0.0,0.0,0000,0.1018473071198713,0.0794631326123521,21,25,1,Unanimous B/LB-directed,logo_BRCA2
NC_000013.11:32326517:A:G,BRCA2,0,0.0254035982606323,0.0,0.0040514230346565,0.0,0.1438452826082567,0.0,0.0760322496582548,0.0,0.0,0000,0.0623331383904501,0.0449189329510841,21,25,1,Unanimous B/LB-directed,logo_BRCA2
NC_000013.11:32329473:T:G,BRCA2,0,0.9191968191203508,1.0,0.768965637857633,1.0,0.3508967462432499,0.0,0.5167645638498356,1.0,3.0,1101,0.6389559417677673,0.6625887876321,21,25,1,Mixed votes,logo_BRCA2
NC_000013.11:32330998:A:T,BRCA2,0,0.1725831052386273,0.0,0.0255571364550324,0.0,0.1188556656004688,0.0,0.1190840686003676,0.0,0.0,0000,0.109019993973624,0.0860256953524066,21,25,1,Unanimous B/LB-directed,logo_BRCA2
NC_000013.11:32332273:T:C,BRCA2,0,0.0398616395363719,0.0,0.0062363741062778,0.0,0.121256622700257,0.0,0.1118647998246094,0.0,0.0,0000,0.069804859041879,0.0512172503063901,21,25,1,Unanimous B/LB-directed,logo_BRCA2
NC_000013.11:32332342:A:C,BRCA2,0,0.0813076292950955,0.0,0.0059362614658218,0.0,0.1279126315166445,0.0,0.0825377468788764,0.0,0.0,0000,0.0744235672891095,0.0551698907818285,20,25,1,Unanimous B/LB-directed,logo_BRCA2
NC_000013.11:32332345:G:C,BRCA2,0,0.1952882480927202,0.0,0.0444330576171698,0.0,0.1743256930020618,0.0,0.3779922620826203,0.0,0.0,0000,0.198009815198643,0.1729485312824233,21,25,1,Unanimous B/LB-directed,logo_BRCA2
NC_000013.11:32332385:C:T,BRCA2,0,0.3649373661333852,0.0,0.0934572947024379,0.0,0.1322377380902606,0.0,0.3220366815376791,0.0,0.0,0000,0.2281672701159407,0.2042265525668659,21,25,1,Unanimous B/LB-directed,logo_BRCA2
NC_000013.11:32332427:C:G,BRCA2,0,0.2395013658556768,0.0,0.0156774203265646,0.0,0.19620761293507,0.0,0.3510563132164704,0.0,0.0,0000,0.2006106780834455,0.1756155074557289,21,25,1,Unanimous B/LB-directed,logo_BRCA2
NC_000013.11:32332440:A:C,BRCA2,0,0.5541607659365326,0.0,0.1566345982388373,0.0,0.194067617887477,0.0,0.3751533073425184,0.0,0.0,0000,0.3200040723513413,0.3033515984942534,21,25,1,Unanimous B/LB-directed,logo_BRCA2
NC_000013.11:32332549:G:A,BRCA2,0,0.058022928614369,0.0,0.003668622982229,0.0,0.1330931477116274,0.0,0.1458126773649529,0.0,0.0,0000,0.0851493441682946,0.0645108634293905,21,25,1,Unanimous B/LB-directed,logo_BRCA2
NC_000013.11:32332558:A:G,BRCA2,0,0.1468022612503463,0.0,0.0093796252895761,0.0,0.1454377416498449,0.0,0.2200315272998037,0.0,0.0,0000,0.1304127888723928,0.1060465862135866,21,25,1,Unanimous B/LB-directed,logo_BRCA2
NC_000013.11:32332583:A:G,BRCA2,0,0.0841641962145255,0.0,0.0041204070623984,0.0,0.1736045550071374,0.0,0.2205487412155223,0.0,0.0,0000,0.1206094748748959,0.0967921493062607,21,25,1,Unanimous B/LB-directed,logo_BRCA2
NC_000013.11:32332591:A:C,BRCA2,0,,,,,,,,,,,,,19,25,0,,logo_BRCA2
NC_000013.11:32332594:C:A,BRCA2,0,0.773219944444457,1.0,0.1921112055179004,0.0,0.1977126576108523,0.0,0.7521134960295294,1.0,2.0,1001,0.4787893259006848,0.4823067418993484,21,25,1,Mixed votes,logo_BRCA2
NC_000013.11:32332601:C:T,BRCA2,0,0.1040928392590313,0.0,0.0204448162344896,0.0,0.1549167305333353,0.0,0.2444050663455605,0.0,0.0,0000,0.1309648630931042,0.1065715804600347,21,25,1,Unanimous B/LB-directed,logo_BRCA2
NC_000013.11:32332606:G:C,BRCA2,0,0.2650082695732479,0.0,0.1081529279155383,0.0,0.1254810770816726,0.0,0.3781814172689879,0.0,0.0,0000,0.2192059229598617,0.19485393665292,21,25,1,Unanimous B/LB-directed,logo_BRCA2
NC_000013.11:32332776:C:A,BRCA2,0,0.0377569775305368,0.0,0.0010526944417623,0.0,0.13064033676515,0.0,0.0793711025625539,0.0,0.0,0000,0.0622052778250008,0.0448122300692952,21,25,1,Unanimous B/LB-directed,logo_BRCA2
NC_000013.11:32332790:A:T,BRCA2,0,0.1833654265552662,0.0,0.0266154815291964,0.0,0.159858678836008,0.0,0.4528286376743188,0.0,0.0,0000,0.2056670561486973,0.1808175647642484,21,25,1,Unanimous B/LB-directed,logo_BRCA2
NC_000013.11:32332794:T:A,BRCA2,0,0.0676788563080341,0.0,0.0172089343557051,0.0,0.1647034357519468,0.0,0.3146912308056568,0.0,0.0,0000,0.1410706143053357,0.1162508188148197,21,25,1,Unanimous B/LB-directed,logo_BRCA2
NC_000013.11:32332831:C:A,BRCA2,0,0.0636287333918652,0.0,0.0029932326784241,0.0,0.1532146691728262,0.0,0.1771191502770152,0.0,0.0,0000,0.0992389463800327,0.0770967272880362,21,25,1,Unanimous B/LB-directed,logo_BRCA2
NC_000013.11:32332850:C:G,BRCA2,0,0.0616940064433006,0.0,0.0112132470585944,0.0,0.1482526535854238,0.0,0.1360116154616342,0.0,0.0,0000,0.0892928806372383,0.0681765508874127,21,25,1,Unanimous B/LB-directed,logo_BRCA2
NC_000013.11:32332936:G:T,BRCA2,0,0.1338484952814911,0.0,0.0053872116948721,0.0,0.1758940701905129,0.0,0.4303303964118798,0.0,0.0,0000,0.186365043394689,0.1610837669178285,21,25,1,Unanimous B/LB-directed,logo_BRCA2
NC_000013.11:32332973:A:G,BRCA2,0,0.552941877184862,0.0,0.0939468860133624,0.0,0.182134152296731,0.0,0.4097998816962029,0.0,0.0,0000,0.3097056992977895,0.2920025230225325,21,25,1,Unanimous B/LB-directed,logo_BRCA2
NC_000013.11:32332990:A:G,BRCA2,0,0.1023745940753346,0.0,0.0024107852490191,0.0,0.1673998715007919,0.0,0.278558098221332,0.0,0.0,0000,0.1376858372616194,0.1129944955358452,21,25,1,Unanimous B/LB-directed,logo_BRCA2
NC_000013.11:32333092:G:A,BRCA2,0,0.0577367060286448,0.0,0.0037010087427463,0.0,0.1490045261388002,0.0,0.3205430539826365,0.0,0.0,0000,0.132746323723207,0.1082683736118282,21,25,1,Unanimous B/LB-directed,logo_BRCA2
NC_000013.11:32333103:A:G,BRCA2,0,0.1272063696302476,0.0,0.009611788383995,0.0,0.1373154842618085,0.0,0.1992011250572165,0.0,0.0,0000,0.1183336918333169,0.0946627001327533,21,25,1,Unanimous B/LB-directed,logo_BRCA2
NC_000013.11:32333152:G:A,BRCA2,0,0.3720324896946381,0.0,0.0840885325554114,0.0,0.1382642042388694,0.0,0.3563178724385879,0.0,0.0,0000,0.2376757747318767,0.2142388836159073,21,25,1,Unanimous B/LB-directed,logo_BRCA2
NC_000013.11:32333155:A:G,BRCA2,0,0.0503296562760904,0.0,0.0053298742892008,0.0,0.1569865463748712,0.0,0.1795343368172929,0.0,0.0,0000,0.0980451034393638,0.0760172974561733,21,25,1,Unanimous B/LB-directed,logo_BRCA2
NC_000013.11:32333224:T:A,BRCA2,0,0.8022443365870963,1.0,0.2843174182411923,0.0,0.1477577964276541,0.0,0.2734353876843662,0.0,1.0,1000,0.3769387347350773,0.366851116563563,21,25,1,Mixed votes,logo_BRCA2
NC_000013.11:32333273:C:T,BRCA2,0,0.7433270674870631,1.0,0.3495024161533883,0.0,0.2309191673575288,0.0,0.5213766836988362,1.0,2.0,1001,0.4612813336742041,0.4623876895486299,21,25,1,Mixed votes,logo_BRCA2
NC_000013.11:32333281:G:A,BRCA2,0,0.3884605507020361,0.0,0.0590060027385674,0.0,0.1244792819760056,0.0,0.1828740217910465,0.0,0.0,0000,0.1887049643019139,0.163457705462454,21,25,1,Unanimous B/LB-directed,logo_BRCA2
NC_000013.11:32333329:G:C,BRCA2,0,0.410154929118081,0.0,0.0964160885404849,0.0,0.1898521914155512,0.0,0.5025889568515026,0.0,0.0,0000,0.2997530414814049,0.2810823270865731,21,25,1,Unanimous B/LB-directed,logo_BRCA2
NC_000013.11:32333342:C:T,BRCA2,0,0.4848191755034877,0.0,0.135903075329245,0.0,0.1698686900157701,0.0,0.3878214870396749,0.0,0.0,0000,0.2946031069720444,0.2754512958135268,21,25,1,Unanimous B/LB-directed,logo_BRCA2
NC_000013.11:32336291:G:A,BRCA2,0,0.1145944664429033,0.0,0.0060009069041489,0.0,0.1558298079666235,0.0,0.1270575928308414,0.0,0.0,0000,0.1008706935361293,0.0785758316394931,21,25,1,Unanimous B/LB-directed,logo_BRCA2
NC_000013.11:32336292:C:A,BRCA2,0,0.0406813465604822,0.0,0.0060911709681521,0.0,0.141490673650402,0.0,0.1937168405623044,0.0,0.0,0000,0.0954950079353352,0.0737194378183976,21,25,1,Unanimous B/LB-directed,logo_BRCA2
NC_000013.11:32336473:G:T,BRCA2,0,0.6395772590060959,0.0,0.1530156077571716,0.0,0.2509556010830448,0.0,0.6068996313548967,1.0,1.0,0001,0.4126120248003022,0.4071212639832607,21,25,1,Mixed votes,logo_BRCA2
NC_000013.11:32336492:A:C,BRCA2,0,0.7295991797294501,1.0,0.1360339879185089,0.0,0.1993375035316212,0.0,0.5851415675914595,1.0,2.0,1001,0.4125280596927599,0.4070261745766704,21,25,1,Mixed votes,logo_BRCA2
NC_000013.11:32336563:G:T,BRCA2,0,0.212625107014546,0.0,0.0287205202800495,0.0,0.1682721421515575,0.0,0.4511012847121722,0.0,0.0,0000,0.2151797635395813,0.1906639015511802,21,25,1,Unanimous B/LB-directed,logo_BRCA2
NC_000013.11:32336573:C:T,BRCA2,0,0.0712919026933239,0.0,0.0090630920040224,0.0,0.1635866840574824,0.0,0.3635873048116258,0.0,0.0,0000,0.1518822458916136,0.1267453898133179,21,25,1,Unanimous B/LB-directed,logo_BRCA2
NC_000013.11:32336575:G:T,BRCA2,0,0.101967297962436,0.0,0.0181577688783566,0.0,0.1754198616613676,0.0,0.2821790820276472,0.0,0.0,0000,0.1444310026324518,0.1194976483725037,21,25,1,Unanimous B/LB-directed,logo_BRCA2
NC_000013.11:32336597:A:G,BRCA2,0,0.205505667284522,0.0,0.0315698810707027,0.0,0.183836562187264,0.0,0.3843946415105636,0.0,0.0,0000,0.2013266880132631,0.1763507780102742,21,25,1,Unanimous B/LB-directed,logo_BRCA2
NC_000013.11:32336603:A:G,BRCA2,0,0.146284765584797,0.0,0.0152162764814174,0.0,0.1716359088569872,0.0,0.1622488173755116,0.0,0.0,0000,0.1238464420746783,0.0998334285433114,21,25,1,Unanimous B/LB-directed,logo_BRCA2
NC_000013.11:32336629:C:T,BRCA2,0,0.1808505628546787,0.0,0.0087619564896092,0.0,0.173052858519117,0.0,0.1420475481090963,0.0,0.0,0000,0.1261782314931253,0.1020331605022812,21,25,1,Unanimous B/LB-directed,logo_BRCA2
NC_000013.11:32336757:C:A,BRCA2,0,0.1399052532436666,0.0,0.0107182536320635,0.0,0.1827999208639491,0.0,0.1584272233255042,0.0,0.0,0000,0.1229626627662958,0.0990016407085734,21,25,1,Unanimous B/LB-directed,logo_BRCA2
NC_000013.11:32336808:T:A,BRCA2,0,0.7671966476138687,1.0,0.3211662117933554,0.0,0.1805031718583557,0.0,0.4828133718097473,0.0,1.0,1000,0.4379198507688318,0.4358292958606188,21,25,1,Mixed votes,logo_BRCA2
NC_000013.11:32336836:T:C,BRCA2,0,0.4118356055079949,0.0,0.4571901469543972,0.0,0.1733005133426877,0.0,0.4566563435635081,0.0,0.0,0000,0.3747456523421469,0.3643853807121722,21,25,1,Unanimous B/LB-directed,logo_BRCA2
NC_000013.11:32336837:A:G,BRCA2,0,0.1743595225992331,0.0,0.1129915054511932,0.0,0.1917819036159676,0.0,0.3822761278178892,0.0,0.0,0000,0.2153522648710708,0.1908431523948932,21,25,1,Unanimous B/LB-directed,logo_BRCA2
NC_000013.11:32336857:C:T,BRCA2,0,0.1014088756845134,0.0,0.0087996287184917,0.0,0.172186653597459,0.0,0.2752811917322645,0.0,0.0,0000,0.1394190874331821,0.11466018649206,21,25,1,Unanimous B/LB-directed,logo_BRCA2
NC_000013.11:32336877:A:T,BRCA2,0,0.2267539253217563,0.0,0.0607207399875229,0.0,0.1751433639954896,0.0,0.324848629239891,0.0,0.0,0000,0.1968666646361649,0.1717782471457497,21,25,1,Unanimous B/LB-directed,logo_BRCA2
NC_000013.11:32336922:T:A,BRCA2,0,0.147264824772439,0.0,0.0318531801377734,0.0,0.1783068738669831,0.0,0.3558065787716427,0.0,0.0,0000,0.1783078643872095,0.1529500422248306,21,25,1,Unanimous B/LB-directed,logo_BRCA2
NC_000013.11:32336977:G:C,BRCA2,0,0.3585438296665131,0.0,0.0224900444861375,0.0,0.1894392044888208,0.0,0.3998868677001119,0.0,0.0,0000,0.2425899865853958,0.2194395849412763,21,25,1,Unanimous B/LB-directed,logo_BRCA2
NC_000013.11:32337052:A:G,BRCA2,0,0.1766553275945258,0.0,0.014212757028037,0.0,0.1463494117630831,0.0,0.3336878948628476,0.0,0.0,0000,0.1677263478121234,0.1423672151127992,21,25,1,Unanimous B/LB-directed,logo_BRCA2
NC_000013.11:32337116:T:A,BRCA2,0,0.1604310107115804,0.0,0.0423428400642344,0.0,0.2071443770815741,0.0,0.4017723707480036,0.0,0.0,0000,0.2029226496513481,0.1779913033696902,21,25,1,Unanimous B/LB-directed,logo_BRCA2
NC_000013.11:32337226:A:G,BRCA2,0,0.1909995892896859,0.0,0.0164676369590929,0.0,0.1464254396470601,0.0,0.3390285579378513,0.0,0.0,0000,0.1732303059584226,0.1478574631105551,21,25,1,Unanimous B/LB-directed,logo_BRCA2
NC_000013.11:32337238:C:T,BRCA2,0,0.1232338341185618,0.0,0.0083203450946283,0.0,0.1304284397247996,0.0,0.0976084203602717,0.0,0.0,0000,0.0898977598245654,0.0687142187159552,21,25,1,Unanimous B/LB-directed,logo_BRCA2
NC_000013.11:32337316:G:A,BRCA2,0,0.3415754658911155,0.0,0.0486335301248088,0.0,0.1559949443050252,0.0,0.4586244302244343,0.0,0.0,0000,0.251207092636346,0.2286002330684966,21,25,1,Unanimous B/LB-directed,logo_BRCA2
NC_000013.11:32337319:T:G,BRCA2,0,0.2416232999674557,0.0,0.0247453386211595,0.0,0.2273213457662721,0.0,0.6263656928145046,1.0,1.0,0001,0.280013919292348,0.2595763247795881,21,25,1,Mixed votes,logo_BRCA2
NC_000013.11:32337325:A:G,BRCA2,0,0.1425134753824587,0.0,0.0047597050503978,0.0,0.148470503444296,0.0,0.0950942553551892,0.0,0.0,0000,0.0977094848080854,0.0757142625707651,20,25,1,Unanimous B/LB-directed,logo_BRCA2
NC_000013.11:32337428:A:G,BRCA2,0,0.2557232463908233,0.0,0.0563568423903754,0.0,0.131501213088938,0.0,0.2966116781502697,0.0,0.0,0000,0.1850482450051016,0.1597501301641873,21,25,1,Unanimous B/LB-directed,logo_BRCA2
NC_000013.11:32337470:C:T,BRCA2,0,0.6414001962951456,0.0,0.2088408361496887,0.0,0.3455525912733226,0.0,0.5574960664842871,1.0,1.0,0001,0.4383224225506109,0.4362865929229244,21,25,1,Mixed votes,logo_BRCA2
NC_000013.11:32337476:G:A,BRCA2,0,0.1464236413519978,0.0,0.021164598880162,0.0,0.1560720207242312,0.0,0.2487729892969385,0.0,0.0,0000,0.1431083125633324,0.1182180129319539,21,25,1,Unanimous B/LB-directed,logo_BRCA2
NC_000013.11:32337486:T:G,BRCA2,0,0.173577272128159,0.0,0.1203405807307691,0.0,0.2029541818369443,0.0,0.5798173008403583,1.0,1.0,0001,0.2691723338840577,0.247857845920561,21,25,1,Mixed votes,logo_BRCA2
NC_000013.11:32337578:G:A,BRCA2,0,0.0853470201899155,0.0,0.0069827524330484,0.0,0.1333166211374789,0.0,0.2685248202813697,0.0,0.0,0000,0.1235428035104531,0.0995475316809091,21,25,1,Unanimous B/LB-directed,logo_BRCA2
NC_000013.11:32337587:T:G,BRCA2,0,0.1591468920054682,0.0,0.0169286913247203,0.0,0.1535602457002809,0.0,0.2530234416121489,0.0,0.0,0000,0.1456648176606546,0.1206932079984897,21,25,1,Unanimous B/LB-directed,logo_BRCA2
NC_000013.11:32337646:A:T,BRCA2,0,0.3049569403103626,0.0,0.0517482406442445,0.0,0.1350432882554798,0.0,0.3910211793897892,0.0,0.0,0000,0.220692412149969,0.1964042485895761,21,25,1,Unanimous B/LB-directed,logo_BRCA2
NC_000013.11:32337750:A:C,BRCA2,0,0.5159070196162087,0.0,0.2676178550640259,0.0,0.2314433893692404,0.0,0.3596617393845343,0.0,0.0,0000,0.3436575008585023,0.3295905272871188,21,25,1,Unanimous B/LB-directed,logo_BRCA2
NC_000013.11:32337755:G:C,BRCA2,0,0.1653788887590001,0.0,0.0112368580377223,0.0,0.1286884332565253,0.0,0.2209650255694592,0.0,0.0,0000,0.1315673014056767,0.1071449238031052,21,25,1,Unanimous B/LB-directed,logo_BRCA2
NC_000013.11:32337757:T:C,BRCA2,0,0.1590553134619041,0.0,0.0309820891823331,0.0,0.1478987944368481,0.0,0.2142801404716837,0.0,0.0,0000,0.1380540843881923,0.1133480742761503,21,25,1,Unanimous B/LB-directed,logo_BRCA2
NC_000013.11:32337801:G:C,BRCA2,0,0.0841572454304665,0.0,0.0133113739990958,0.0,0.1131453363339593,0.0,0.3900398179455979,0.0,0.0,0000,0.1501634434272799,0.125067724978778,21,25,1,Unanimous B/LB-directed,logo_BRCA2
NC_000013.11:32337873:T:G,BRCA2,0,0.2108865356706031,0.0,0.0296399735630993,0.0,0.1585814182879153,0.0,0.2838104417080418,0.0,0.0,0000,0.1707295923074149,0.1453590580394741,21,25,1,Unanimous B/LB-directed,logo_BRCA2
NC_000013.11:32337890:G:A,BRCA2,0,0.3944289108193917,0.0,0.0853721681334089,0.0,0.1580788557819645,0.0,0.4512992181973022,0.0,0.0,0000,0.2722947882330168,0.251225670028985,21,25,1,Unanimous B/LB-directed,logo_BRCA2
NC_000013.11:32337931:G:T,BRCA2,0,0.211720921367487,0.0,0.0084196214659232,0.0,0.1393056660450157,0.0,0.4628775023149808,0.0,0.0,0000,0.2055809277983517,0.1807287678938191,21,25,1,Unanimous B/LB-directed,logo_BRCA2
NC_000013.11:32337950:A:G,BRCA2,0,0.1369962694152164,0.0,0.0377780686849652,0.0,0.1284297192175775,0.0,0.2486485976745564,0.0,0.0,0000,0.1379631637480789,0.1132607594444306,21,25,1,Unanimous B/LB-directed,logo_BRCA2
NC_000013.11:32337956:A:G,BRCA2,0,0.3771003669880642,0.0,0.0436546728760024,0.0,0.1493971318384316,0.0,0.3289296629039407,0.0,0.0,0000,0.2247704586516097,0.2006664221603996,21,25,1,Unanimous B/LB-directed,logo_BRCA2
NC_000013.11:32338127:T:G,BRCA2,0,0.0931025315298827,0.0,0.0090324169766227,0.0,0.1561491052815324,0.0,0.1005880666098114,0.0,0.0,0000,0.0897180300994623,0.0685543928506027,21,25,1,Unanimous B/LB-directed,logo_BRCA2
NC_000013.11:32338147:T:A,BRCA2,0,0.1295886381322634,0.0,0.0069515563211508,0.0,0.116111338688318,0.0,0.3097862967782792,0.0,0.0,0000,0.1406094574800029,0.1158063259161123,21,25,1,Unanimous B/LB-directed,logo_BRCA2
NC_000013.11:32338153:G:A,BRCA2,0,0.0715697206352949,0.0,0.0067996377327862,0.0,0.1490917526527406,0.0,0.2019189107894311,0.0,0.0,0000,0.1073450054525632,0.084486077001949,21,25,1,Unanimous B/LB-directed,logo_BRCA2
NC_000013.11:32338177:A:G,BRCA2,0,0.0858220471267127,0.0,0.0019738641862378,0.0,0.1475179190123002,0.0,0.2731560223645266,0.0,0.0,0000,0.1271174631724443,0.1029212790580753,21,25,1,Unanimous B/LB-directed,logo_BRCA2
NC_000013.11:32338202:T:G,BRCA2,0,0.1015963708432965,0.0,0.0286360439498049,0.0,0.1130837235606647,0.0,0.2275534402556727,0.0,0.0,0000,0.1177173946523597,0.0940872913690114,21,25,1,Unanimous B/LB-directed,logo_BRCA2
NC_000013.11:32338212:A:T,BRCA2,0,0.7504704770145226,1.0,0.3503557255099428,0.0,0.2096005028704064,0.0,0.5572845805008281,1.0,2.0,1001,0.466927821473925,0.468811219803342,21,25,1,Mixed votes,logo_BRCA2
NC_000013.11:32338259:C:A,BRCA2,0,0.3357003961044875,0.0,0.0509455963377131,0.0,0.151921614782402,0.0,0.3904968005781165,0.0,0.0,0000,0.2322661019506798,0.2085342509281921,21,25,1,Unanimous B/LB-directed,logo_BRCA2
NC_000013.11:32338270:G:A,BRCA2,0,0.1694821937571082,0.0,0.0198353481354675,0.0,0.117595423838715,0.0,0.2366584139121188,0.0,0.0,0000,0.1358928449108524,0.1112753667965034,21,25,1,Unanimous B/LB-directed,logo_BRCA2
NC_000013.11:32338296:G:C,BRCA2,0,0.3264800423240262,0.0,0.0731971928280876,0.0,0.1200658673311834,0.0,0.2681100258636798,0.0,0.0,0000,0.1969632820867443,0.1718771121163597,21,25,1,Unanimous B/LB-directed,logo_BRCA2
NC_000013.11:32338298:G:A,BRCA2,0,0.1390832506332148,0.0,0.0023145989569649,0.0,0.1318655026279387,0.0,0.1012680383472989,0.0,0.0,0000,0.0936328476413543,0.0720483173940789,21,25,1,Unanimous B/LB-directed,logo_BRCA2
NC_000013.11:32338313:A:G,BRCA2,0,0.1841425969133492,0.0,0.0284511723255335,0.0,0.1154249922624012,0.0,0.2572336564601281,0.0,0.0,0000,0.146313104490353,0.1213221270166623,21,25,1,Unanimous B/LB-directed,logo_BRCA2
NC_000013.11:32338400:T:C,BRCA2,0,0.4125098037269677,0.0,0.0656199857574344,0.0,0.1723553231060841,0.0,0.6669550800184748,1.0,1.0,0001,0.3293600481522403,0.3137029319595902,21,25,1,Mixed votes,logo_BRCA2
NC_000013.11:32338433:A:T,BRCA2,0,0.6256266322611532,0.0,0.3503879652526842,0.0,0.2813311098356963,0.0,0.6202109824493914,1.0,1.0,0001,0.4693891724497313,0.4716115369209329,21,25,1,Mixed votes,logo_BRCA2
NC_000013.11:32338484:A:T,BRCA2,0,0.7939882023887626,1.0,0.6439844794779019,0.0,0.2778507995861852,0.0,0.707965252575658,1.0,2.0,1001,0.605947183507127,0.6259902212298581,21,25,1,Mixed votes,logo_BRCA2
NC_000013.11:32338504:T:G,BRCA2,0,0.0831833578623824,0.0,0.0069224003945738,0.0,0.1340621199006385,0.0,0.2846638324249868,0.0,0.0,0000,0.1272079276456454,0.1030068830293746,21,25,1,Unanimous B/LB-directed,logo_BRCA2
NC_000013.11:32338517:C:A,BRCA2,0,0.7754275661455691,1.0,0.2783779618804919,0.0,0.1924891151872252,0.0,0.5989008573026032,1.0,2.0,1001,0.4612988751289724,0.4624076433938578,21,25,1,Mixed votes,logo_BRCA2
NC_000013.11:32338540:C:G,BRCA2,0,0.1113412827766995,0.0,0.0017467643121866,0.0,0.1491680848542261,0.0,0.1609048085778954,0.0,0.0,0000,0.1057902351302519,0.0830608005845979,21,25,1,Unanimous B/LB-directed,logo_BRCA2
NC_000013.11:32338625:C:G,BRCA2,0,0.0609630831338438,0.0,0.0127034448957213,0.0,0.1402842424086282,0.0,0.1906047242155227,0.0,0.0,0000,0.101138873663429,0.0788193345119114,21,25,1,Unanimous B/LB-directed,logo_BRCA2
NC_000013.11:32338789:A:C,BRCA2,0,0.0974565602371735,0.0,0.0159288629972912,0.0,0.1457794740385652,0.0,0.1792543004550732,0.0,0.0,0000,0.1096047994320258,0.0865642391368,21,25,1,Unanimous B/LB-directed,logo_BRCA2
NC_000013.11:32338790:G:C,BRCA2,0,0.1868729247149784,0.0,0.006446248514289,0.0,0.147186185782476,0.0,0.2565640533938179,0.0,0.0,0000,0.1492673531013903,0.1241944493106481,21,25,1,Unanimous B/LB-directed,logo_BRCA2
NC_000013.11:32338792:T:C,BRCA2,0,0.1401225449630545,0.0,0.0199604120316152,0.0,0.1681043234082059,0.0,0.1526828386140806,0.0,0.0,0000,0.120217529754239,0.0964248872163599,21,25,1,Unanimous B/LB-directed,logo_BRCA2
NC_000013.11:32338843:G:T,BRCA2,0,0.269796873710004,0.0,0.0075235654814124,0.0,0.1650172318711813,0.0,0.3810205153521998,0.0,0.0,0000,0.2058395466036994,0.180995418817979,21,25,1,Unanimous B/LB-directed,logo_BRCA2
NC_000013.11:32338875:G:C,BRCA2,0,0.3891307781031847,0.0,0.1312381688831326,0.0,0.2013270806365149,0.0,0.5595357107345991,1.0,1.0,0001,0.3203079345893578,0.3036871928020391,21,25,1,Mixed votes,logo_BRCA2
NC_000013.11:32338893:T:A,BRCA2,0,0.1324245280629071,0.0,0.0029196793231411,0.0,0.132981441547716,0.0,0.1103174288248654,0.0,0.0,0000,0.0946607694396574,0.0729700630809769,21,25,1,Unanimous B/LB-directed,logo_BRCA2
NC_000013.11:32338920:G:T,BRCA2,0,0.4863782744006168,0.0,0.3693824928159922,0.0,0.6334399835920352,1.0,0.8573160612859607,1.0,2.0,0011,0.5866292030236513,0.6043888869930558,21,25,1,Mixed votes,logo_BRCA2
NC_000013.11:32338924:T:G,BRCA2,0,0.6694490626463908,0.0,0.7716747403394939,1.0,0.9136674948621092,1.0,0.9713906599170088,1.0,3.0,0111,0.8315454894412506,0.8631037234211084,21,25,1,Mixed votes,logo_BRCA2
NC_000013.11:32338947:A:T,BRCA2,0,0.4038225200057038,0.0,0.1855584685278825,0.0,0.3057879221136795,0.0,0.3975932176946486,0.0,0.0,0000,0.3231905320854786,0.30687283408546,21,25,1,Unanimous B/LB-directed,logo_BRCA2
NC_000013.11:32338963:G:A,BRCA2,0,0.091343278107428,0.0,0.0374111691050045,0.0,0.1333712926138147,0.0,0.3290545484695627,0.0,0.0,0000,0.1477950720739525,0.1227617041157143,21,25,1,Unanimous B/LB-directed,logo_BRCA2
NC_000013.11:32338993:G:A,BRCA2,0,0.0522886806715747,0.0,0.0068978009146615,0.0,0.1422743609062526,0.0,0.3438899723113421,0.0,0.0,0000,0.1363377037009577,0.1117015198644025,21,25,1,Unanimous B/LB-directed,logo_BRCA2
NC_000013.11:32339024:C:G,BRCA2,0,0.0502552381503748,0.0,0.0017562398619145,0.0,0.128012847710314,0.0,0.2783338457274453,0.0,0.0,0000,0.1145895428625122,0.0911753486859027,21,25,1,Unanimous B/LB-directed,logo_BRCA2
NC_000013.11:32339039:A:G,BRCA2,0,0.2145524564790579,0.0,0.0305831929606165,0.0,0.1992853528772098,0.0,0.4589950474218435,0.0,0.0,0000,0.2258540124346819,0.2018011000144215,21,25,1,Unanimous B/LB-directed,logo_BRCA2
NC_000013.11:32339072:G:A,BRCA2,0,0.0551404379916442,0.0,0.0088074242171904,0.0,0.1549826976208162,0.0,0.2060239960403117,0.0,0.0,0000,0.1062386389674906,0.0834714758779631,21,25,1,Unanimous B/LB-directed,logo_BRCA2
NC_000013.11:32339163:C:A,BRCA2,0,0.0726901110445757,0.0,0.0063357033386027,0.0,0.1333911303707756,0.0,0.1525893351914818,0.0,0.0,0000,0.091251569986359,0.0699199106873527,21,25,1,Unanimous B/LB-directed,logo_BRCA2
NC_000013.11:32339180:C:G,BRCA2,0,0.0688157370439063,0.0,0.0045155245056005,0.0,0.1450474022231312,0.0,0.2835872652338937,0.0,0.0,0000,0.1254914822516329,0.1013845372265063,21,25,1,Unanimous B/LB-directed,logo_BRCA2
NC_000013.11:32339180:C:T,BRCA2,0,0.0572682079448234,0.0,0.0080180825130736,0.0,0.1289736778784656,0.0,0.2493003316474617,0.0,0.0,0000,0.1108900749959561,0.0877496480294228,21,25,1,Unanimous B/LB-directed,logo_BRCA2
NC_000013.11:32339290:G:A,BRCA2,0,0.2302927364118992,0.0,0.038325699154143,0.0,0.117160631230471,0.0,0.2256557214292894,0.0,0.0,0000,0.1528586970564507,0.1276999964653875,21,25,1,Unanimous B/LB-directed,logo_BRCA2
NC_000013.11:32339353:T:A,BRCA2,0,0.3939232772082821,0.0,0.0997360895614086,0.0,0.1737735153974104,0.0,0.5477383923350885,1.0,1.0,0001,0.3037928186255474,0.2855089431158308,21,25,1,Mixed votes,logo_BRCA2
NC_000013.11:32339357:C:G,BRCA2,0,0.1602855758124475,0.0,0.0728035224867592,0.0,0.1290212320099217,0.0,0.4553553591813099,0.0,0.0,0000,0.2043664223726096,0.1794773191350062,21,25,1,Unanimous B/LB-directed,logo_BRCA2
NC_000013.11:32339404:A:T,BRCA2,0,0.1399926550159519,0.0,0.0162867158297914,0.0,0.1548287837666431,0.0,0.2339745920693797,0.0,0.0,0000,0.1362706866704415,0.1116373047448574,21,25,1,Unanimous B/LB-directed,logo_BRCA2
NC_000013.11:32339501:A:G,BRCA2,0,0.1212385118687962,0.0,0.026588633724133,0.0,0.1480130982636121,0.0,0.2620573151815313,0.0,0.0,0000,0.1394743897595182,0.1147133949816031,21,25,1,Unanimous B/LB-directed,logo_BRCA2
NC_000013.11:32339578:A:G,BRCA2,0,0.0744349184501871,0.0,0.0034336354235611,0.0,0.1293172100718638,0.0,0.207249321277035,0.0,0.0,0000,0.1036087713056617,0.0810673394832196,21,25,1,Unanimous B/LB-directed,logo_BRCA2
NC_000013.11:32339585:G:A,BRCA2,0,0.1317561977159203,0.0,0.0075798779470828,0.0,0.1387042032461563,0.0,0.3118454284242919,0.0,0.0,0000,0.1474714268333629,0.1224470935570044,21,25,1,Unanimous B/LB-directed,logo_BRCA2
NC_000013.11:32339606:A:C,BRCA2,0,0.0713250467418264,0.0,0.0081227274628912,0.0,0.1292062010026325,0.0,0.2577735879479327,0.0,0.0,0000,0.1166068907888207,0.0930518320156608,21,25,1,Unanimous B/LB-directed,logo_BRCA2
NC_000013.11:32339652:T:A,BRCA2,0,0.1922534739252405,0.0,0.0190588689204741,0.0,0.1551091513320392,0.0,0.2754104415390477,0.0,0.0,0000,0.1604579839292004,0.1351663362483805,21,25,1,Unanimous B/LB-directed,logo_BRCA2
NC_000013.11:32339677:G:C,BRCA2,0,0.0901108917721806,0.0,0.0116960298226695,0.0,0.1271747239941668,0.0,0.2856945171379335,0.0,0.0,0000,0.1286690406817376,0.1043910082639887,21,25,1,Unanimous B/LB-directed,logo_BRCA2
NC_000013.11:32339688:T:A,BRCA2,0,0.1104747604569964,0.0,0.0161342278001387,0.0,0.1305025951784461,0.0,0.2488625377557629,0.0,0.0,0000,0.126493530297836,0.1023311683236762,21,25,1,Unanimous B/LB-directed,logo_BRCA2
NC_000013.11:32339767:A:G,BRCA2,0,0.151142410774875,0.0,0.0112256671415122,0.0,0.1342859453997486,0.0,0.2617427462065135,0.0,0.0,0000,0.1395991923806623,0.1148334863517837,21,25,1,Unanimous B/LB-directed,logo_BRCA2
NC_000013.11:32339821:A:C,BRCA2,0,0.2438477556801902,0.0,0.037779395867815,0.0,0.1170882000330299,0.0,0.4856382000152255,0.0,0.0,0000,0.2210883878990651,0.1968175243767584,21,25,1,Unanimous B/LB-directed,logo_BRCA2
NC_000013.11:32339836:A:G,BRCA2,0,0.1384107315153176,0.0,0.0168199530695817,0.0,0.1490045261388002,0.0,0.317025249171954,0.0,0.0,0000,0.1553151149739134,0.1301063024748838,21,25,1,Unanimous B/LB-directed,logo_BRCA2
NC_000013.11:32339897:G:C,BRCA2,0,0.0230420960041511,0.0,0.0138598266223604,0.0,0.1536797945535425,0.0,0.4644440021148797,0.0,0.0,0000,0.1637564298237334,0.1384270707390991,21,25,1,Unanimous B/LB-directed,logo_BRCA2
NC_000013.11:32339989:GAGAAT:AAGAAG,BRCA2,0,,,,,,,,,,,,,0,25,0,,logo_BRCA2
NC_000013.11:32340025:G:A,BRCA2,0,0.2305931478309445,0.0,0.0242064463974219,0.0,0.1542903432300024,0.0,0.5902401332316518,1.0,1.0,0001,0.2498325176725051,0.2271355154915827,21,25,1,Mixed votes,logo_BRCA2
NC_000013.11:32340037:G:C,BRCA2,0,0.601324192090638,0.0,0.5805010195747885,0.0,0.2939711308893218,0.0,0.8730974819964983,1.0,1.0,0001,0.5872234561378116,0.6050551290632586,21,25,1,Mixed votes,logo_BRCA2
NC_000013.11:32340085:G:C,BRCA2,0,0.1581067131729883,0.0,0.0453566661358211,0.0,0.1382266573795534,0.0,0.5951396011269005,1.0,1.0,0001,0.2342074094538158,0.210578908813589,21,25,1,Mixed votes,logo_BRCA2
NC_000013.11:32340086:A:G,BRCA2,0,0.0967462885820184,0.0,0.0106166916119384,0.0,0.1217694696985235,0.0,0.3967296847791928,0.0,0.0,0000,0.1564655336679183,0.1312356140401143,21,25,1,Unanimous B/LB-directed,logo_BRCA2
NC_000013.11:32340086:A:T,BRCA2,0,0.1188518161694119,0.0,0.0201346473222069,0.0,0.1301689678669306,0.0,0.6331378440914636,1.0,1.0,0001,0.2255733188625032,0.2015070748911511,21,25,1,Mixed votes,logo_BRCA2
NC_000013.11:32340098:C:A,BRCA2,0,0.0828043746880597,0.0,0.009071816102841,0.0,0.1722260067087323,0.0,0.436710938456764,0.0,0.0,0000,0.1752032839890993,0.1498331656685503,21,25,1,Unanimous B/LB-directed,logo_BRCA2
NC_000013.11:32340098:C:T,BRCA2,0,0.1271856161139224,0.0,0.0049451338514443,0.0,0.14269933262073,0.0,0.110060674157582,0.0,0.0,0000,0.0962226891859197,0.0743740443372416,20,25,1,Unanimous B/LB-directed,logo_BRCA2
NC_000013.11:32340162:G:T,BRCA2,0,0.0710808163618717,0.0,0.0050135096906108,0.0,0.132758090372158,0.0,0.4739557739903984,0.0,0.0,0000,0.1707020476037597,0.1453315749230408,21,25,1,Unanimous B/LB-directed,logo_BRCA2
NC_000013.11:32340184:A:G,BRCA2,0,0.152626314365466,0.0,0.0084582584256392,0.0,0.1514510021326087,0.0,0.1573555912497069,0.0,0.0,0000,0.1174727915433552,0.0938590664406387,21,25,1,Unanimous B/LB-directed,logo_BRCA2
NC_000013.11:32340202:G:A,BRCA2,0,0.0583545654205445,0.0,0.0048938126755242,0.0,0.137390472684001,0.0,0.1624355744104508,0.0,0.0,0000,0.0907686062976301,0.0694894222174032,21,25,1,Unanimous B/LB-directed,logo_BRCA2
NC_000013.11:32340372:T:A,BRCA2,0,0.2966803535067808,0.0,0.0961633868339321,0.0,0.157180014931639,0.0,0.3452070311610614,0.0,0.0,0000,0.2238076966083533,0.199659006159778,21,25,1,Unanimous B/LB-directed,logo_BRCA2
NC_000013.11:32340518:T:A,BRCA2,0,0.169782551648367,0.0,0.0711754852299196,0.0,0.1143758548316063,0.0,0.3617294120592996,0.0,0.0,0000,0.1792658259422981,0.1539137539212154,21,25,1,Unanimous B/LB-directed,logo_BRCA2
NC_000013.11:32340536:C:T,BRCA2,0,0.963460914868118,1.0,0.8202320674615514,1.0,0.8596984999474523,1.0,0.9556169094062446,1.0,4.0,1111,0.8997520979208415,0.9256114679215212,21,25,1,Unanimous LP/P-directed,logo_BRCA2
NC_000013.11:32340568:T:A,BRCA2,0,0.3374792098021906,0.0,0.1357584682865438,0.0,0.1733642600778324,0.0,0.3321335435852066,0.0,0.0,0000,0.2446838704379433,0.2216607825919413,21,25,1,Unanimous B/LB-directed,logo_BRCA2
NC_000013.11:32340644:C:A,BRCA2,0,0.1296644976515736,0.0,0.0973889685558047,0.0,0.1408225517119923,0.0,0.2784280075581564,0.0,0.0,0000,0.1615760063693818,0.136270242110041,21,25,1,Unanimous B/LB-directed,logo_BRCA2
NC_000013.11:32340738:A:C,BRCA2,0,0.6468707847161667,0.0,0.3286686850049501,0.0,0.2050733523200756,0.0,0.6144864870853237,1.0,1.0,0001,0.448774827281629,0.4481650104664058,21,25,1,Mixed votes,logo_BRCA2
NC_000013.11:32340857:G:C,BRCA2,0,0.3894518842089644,0.0,0.06907184082343,0.0,0.2005470143294518,0.0,0.4063954169714999,0.0,0.0,0000,0.2663665390833366,0.2448366550305141,21,25,1,Unanimous B/LB-directed,logo_BRCA2
NC_000013.11:32340886:C:T,BRCA2,0,0.1225887114091545,0.0,0.002939073946905,0.0,0.1405856406829924,0.0,0.3817606826404633,0.0,0.0,0000,0.1619685271698788,0.1366581323535123,21,25,1,Unanimous B/LB-directed,logo_BRCA2
NC_000013.11:32340890:T:C,BRCA2,0,0.0872096909167168,0.0,0.0289395777285162,0.0,0.1468057065856769,0.0,0.5459337425509762,1.0,1.0,0001,0.2022221794454715,0.1772709973441641,21,25,1,Mixed votes,logo_BRCA2
NC_000013.11:32340895:G:A,BRCA2,0,0.0869549866780752,0.0,0.0379336219871747,0.0,0.1390156047137348,0.0,0.2662431500118588,0.0,0.0,0000,0.1325368408477109,0.1080686326515658,21,25,1,Unanimous B/LB-directed,logo_BRCA2
NC_000013.11:32340937:G:A,BRCA2,0,0.0773896702821986,0.0,0.0309176644191358,0.0,0.1205758768384297,0.0,0.3490849623317745,0.0,0.0,0000,0.1444920434678847,0.1195567534414087,21,25,1,Unanimous B/LB-directed,logo_BRCA2
NC_000013.11:32340985:G:A,BRCA2,0,0.0374979659527891,0.0,0.0114551735705435,0.0,0.1566007638222422,0.0,0.2665195170666912,0.0,0.0,0000,0.1180183551030665,0.0943682170273038,21,25,1,Unanimous B/LB-directed,logo_BRCA2
NC_000013.11:32341052:C:T,BRCA2,0,0.4771827521952609,0.0,0.62429323853568,0.0,0.3154162546194854,0.0,0.4578583400004152,0.0,0.0,0000,0.4686876463377104,0.4708133886286533,21,25,1,Unanimous B/LB-directed,logo_BRCA2
NC_000013.11:32341180:C:G,BRCA2,0,0.1045465481145974,0.0,0.011123558512977,0.0,0.1550596668170525,0.0,0.182034516756044,0.0,0.0,0000,0.1131910725501677,0.0898779994167099,21,25,1,Unanimous B/LB-directed,logo_BRCA2
NC_000013.11:32346831:A:T,BRCA2,0,0.0933791672951708,0.0,0.0327083440356911,0.0,0.1784390219818177,0.0,0.3331719037589954,0.0,0.0,0000,0.1594246092679188,0.1341472358335601,21,25,1,Unanimous B/LB-directed,logo_BRCA2
NC_000013.11:32346894:C:G,BRCA2,0,0.0830704889164793,0.0,0.018633269927516,0.0,0.1499318683063084,0.0,0.3571465949374571,0.0,0.0,0000,0.1521955555219402,0.1270515703000905,21,25,1,Unanimous B/LB-directed,logo_BRCA2
NC_000013.11:32354869:G:C,BRCA2,0,0.0700157950920066,0.0,0.0011142057900962,0.0,0.1324338447391213,0.0,0.0765980420124412,0.0,0.0,0000,0.0700404719084163,0.0514178183709486,21,25,1,Unanimous B/LB-directed,logo_BRCA2
NC_000013.11:32355039:T:C,BRCA2,0,0.1333208758191771,0.0,0.0253799674978171,0.0,0.1809290914069461,0.0,0.2151021524770189,0.0,0.0,0000,0.1386830218002398,0.1139523524814982,21,25,1,Unanimous B/LB-directed,logo_BRCA2
NC_000013.11:32355040:G:T,BRCA2,0,0.1247939811731473,0.0,0.0030197110936557,0.0,0.1372779933782327,0.0,0.2220275928709077,0.0,0.0,0000,0.1217798196289858,0.0978900669066395,21,25,1,Unanimous B/LB-directed,logo_BRCA2
NC_000013.11:32355171:A:G,BRCA2,0,0.0492099928868536,0.0,0.0003535364142208,0.0,0.14421327004573,0.0,0.0958899331635594,0.0,0.0,0000,0.072416683127591,0.0534470493431782,21,25,1,Unanimous B/LB-directed,logo_BRCA2
NC_000013.11:32355188:A:G,BRCA2,0,0.1432847551211265,0.0,0.0083457343885241,0.0,0.1335774429984284,0.0,0.0971882686484812,0.0,0.0,0000,0.09559905028914,0.0738129780325981,21,25,1,Unanimous B/LB-directed,logo_BRCA2
NC_000013.11:32355196:G:T,BRCA2,0,0.1203114658878193,0.0,0.0110676336121832,0.0,0.1428127581659606,0.0,0.1475721700809606,0.0,0.0,0000,0.1054410069367309,0.0827411716973862,21,25,1,Unanimous B/LB-directed,logo_BRCA2
NC_000013.11:32355204:A:G,BRCA2,0,0.2057530511555441,0.0,0.0248422221432339,0.0,0.1447439613874414,0.0,0.3295406557671004,0.0,0.0,0000,0.17621997261333,0.1508528083318043,21,25,1,Unanimous B/LB-directed,logo_BRCA2
NC_000013.11:32355223:T:A,BRCA2,0,0.0915880915663418,0.0,0.0202718587734501,0.0,0.1382534763393947,0.0,0.2879578169082205,0.0,0.0,0000,0.1345178108968518,0.1099597444794686,21,25,1,Unanimous B/LB-directed,logo_BRCA2
NC_000013.11:32355249:TA:CG,BRCA2,0,,,,,,,,,,,,,0,25,0,,logo_BRCA2
NC_000013.11:32355249:T:C,BRCA2,0,,,,,,,,,,,,,19,25,0,,logo_BRCA2
NC_000013.11:32355267:A:C,BRCA2,0,0.1355773636389317,0.0,0.0258845608162489,0.0,0.124746256093941,0.0,0.2596045578520305,0.0,0.0,0000,0.136453184600288,0.1118121859865688,21,25,1,Unanimous B/LB-directed,logo_BRCA2
NC_000013.11:32356460:T:C,BRCA2,0,0.0461994758519692,0.0,0.0012142490351167,0.0,0.1450474022231312,0.0,0.0836858866809594,0.0,0.0,0000,0.0690367534477941,0.0505642030979079,20,25,1,Unanimous B/LB-directed,logo_BRCA2
NC_000013.11:32357854:A:C,BRCA2,0,0.102928753764166,0.0,0.1127994926867951,0.0,0.1339236018966439,0.0,0.1668189465004407,0.0,0.0,0000,0.1291176987120114,0.1048165963043409,21,25,1,Unanimous B/LB-directed,logo_BRCA2
NC_000013.11:32357854:A:T,BRCA2,0,0.1220304556173166,0.0,0.1323243111972195,0.0,0.1399184470483367,0.0,0.1668189465004407,0.0,0.0,0000,0.1402730400908284,0.1154822307460493,21,25,1,Unanimous B/LB-directed,logo_BRCA2
NC_000013.11:32362611:C:G,BRCA2,0,0.620777993535491,0.0,0.7081482921461971,0.0,0.7611170160188075,1.0,0.8076644737601657,1.0,2.0,0011,0.7244269438651654,0.7548797286029277,21,25,1,Mixed votes,logo_BRCA2
NC_000013.11:32362618:G:A,BRCA2,0,0.9223848020772066,1.0,0.9347576643896548,1.0,0.8467697019767292,1.0,0.9684396093847956,1.0,4.0,1111,0.9180879444570964,0.9412432295939036,21,25,1,Unanimous LP/P-directed,logo_BRCA2
NC_000013.11:32362632:C:G,BRCA2,0,0.9921342386658124,1.0,0.9660514884335022,1.0,0.9771136173855228,1.0,0.988975825528195,1.0,4.0,1111,0.981068792503258,0.9891744651008144,21,25,1,Unanimous LP/P-directed,logo_BRCA2
NC_000013.11:32363215:A:G,BRCA2,0,0.3356155832515916,0.0,0.0206900804663098,0.0,0.1463114010114856,0.0,0.2784117851325651,0.0,0.0,0000,0.195257212465488,0.170132604810496,21,25,1,Unanimous B/LB-directed,logo_BRCA2
NC_000013.11:32363223:G:T,BRCA2,0,0.4379842404036269,0.0,0.5239523365881267,0.0,0.5590647011346099,1.0,0.728056097571011,1.0,2.0,0011,0.5622643439243437,0.5769886665750481,21,25,1,Mixed votes,logo_BRCA2
NC_000013.11:32363428:G:T,BRCA2,0,0.7174930606620934,1.0,0.4093865931366118,0.0,0.6977313154792848,1.0,0.9495517979403064,1.0,3.0,1011,0.6935406918045741,0.7220117281907859,21,25,1,Mixed votes,logo_BRCA2
NC_000013.11:32363509:G:A,BRCA2,0,0.4653182132715588,0.0,0.6942614235456526,0.0,0.7952629796932248,1.0,0.9661992093918994,1.0,2.0,0011,0.7302604564755839,0.761016369800989,21,25,1,Mixed votes,logo_BRCA2
NC_000013.11:32363527:T:A,BRCA2,0,0.7215723156332305,1.0,0.2952835625770273,0.0,0.2263780351892008,0.0,0.5731549091252784,1.0,2.0,1001,0.4540972056311843,0.4542166899548154,21,25,1,Mixed votes,logo_BRCA2
NC_000013.11:32370422:C:A,BRCA2,0,0.8449922257790612,1.0,0.4859396138743649,0.0,0.5841590127146687,1.0,0.8821465757917812,1.0,3.0,1011,0.6993093570399691,0.7281963455786129,21,25,1,Mixed votes,logo_BRCA2
NC_000013.11:32370966:G:C,BRCA2,0,0.9420662330187428,1.0,0.6681663969260556,0.0,0.431989734880286,0.0,0.5018328221300884,0.0,1.0,1000,0.6360137967387932,0.659344625073727,21,25,1,Mixed votes,logo_BRCA2
NC_000013.11:32371019:C:T,BRCA2,0,0.4139635766664357,0.0,0.3845076360294832,0.0,0.4742166104115657,0.0,0.8911140579257456,1.0,1.0,0001,0.5409504702583076,0.5529054166570829,21,25,1,Mixed votes,logo_BRCA2
NC_000013.11:32371052:T:A,BRCA2,0,0.5607151028205994,0.0,0.7757104728035994,1.0,0.6310502109918383,1.0,0.8553504947839804,1.0,3.0,0111,0.7057065703500044,0.7350309658136166,21,25,1,Mixed votes,logo_BRCA2
NC_000013.11:32376675:C:T,BRCA2,0,0.0706369669613699,0.0,0.0164138879745954,0.0,0.147898794436848,0.0,0.21940230038168,0.0,0.0,0000,0.1135879874386233,0.0902459232725569,21,25,1,Unanimous B/LB-directed,logo_BRCA2
NC_000013.11:32376698:C:T,BRCA2,0,0.414473707750669,0.0,0.168460125739265,0.0,0.1276173569459409,0.0,0.4928327124604137,0.0,0.0,0000,0.3008459757240722,0.2822791090750449,21,25,1,Unanimous B/LB-directed,logo_BRCA2
NC_000013.11:32376738:G:A,BRCA2,0,0.6419237165631403,0.0,0.7767556643793029,1.0,0.5025334195244497,0.0,0.5205668466592376,1.0,2.0,0101,0.6104449117815326,0.6310016186474404,21,25,1,Mixed votes,logo_BRCA2
NC_000013.11:32376770:G:A,BRCA2,0,0.370870909172538,0.0,0.1598186650162507,0.0,0.1883273573548527,0.0,0.1805800668214787,0.0,0.0,0000,0.22489924959128,0.2008012416700907,21,25,1,Unanimous B/LB-directed,logo_BRCA2
NC_000013.11:32379325:A:G,BRCA2,0,0.0465581983069418,0.0,0.1694969554050914,0.0,0.119972243461107,0.0,0.359757064447125,0.0,0.0,0000,0.1739461154050663,0.1485738002417424,21,25,1,Unanimous B/LB-directed,logo_BRCA2
NC_000013.11:32379347:T:G,BRCA2,0,0.6516979371261462,0.0,0.7629374227901309,1.0,0.3951495634790092,0.0,0.5234249897675496,1.0,2.0,0101,0.583302478290709,0.6006572378458717,21,25,1,Mixed votes,logo_BRCA2
NC_000013.11:32379391:A:T,BRCA2,0,0.0222321239402719,0.0,0.0020078255433191,0.0,0.0871363513086295,0.0,0.0705805482277879,0.0,0.0,0000,0.0454892122550021,0.0312072052480398,21,25,1,Unanimous B/LB-directed,logo_BRCA2
NC_000013.11:32379400:G:A,BRCA2,0,0.6807942795233226,1.0,0.1390493570813595,0.0,0.1511790256132489,0.0,0.4698258022339615,0.0,1.0,1000,0.3602121161129731,0.3480801980282297,21,25,1,Mixed votes,logo_BRCA2
NC_000013.11:32379411:G:C,BRCA2,0,0.4709153458162918,0.0,0.2502006831391657,0.0,0.2751088700201481,0.0,0.3448211496606223,0.0,0.0,0000,0.335261512159057,0.3202510166720748,21,25,1,Unanimous B/LB-directed,logo_BRCA2
NC_000013.11:32379412:G:A,BRCA2,0,0.0018356445231896,0.0,0.0011189456539401,0.0,0.0314008662577073,0.0,0.0504339392876857,0.0,0.0,0000,0.0211973489306307,0.0129669837408586,21,25,1,Unanimous B/LB-directed,logo_BRCA2
NC_000013.11:32379412:G:T,BRCA2,0,0.058948354485495,0.0,0.216970578355762,0.0,0.1271804703264633,0.0,0.4883176583478353,0.0,0.0,0000,0.2228542653788889,0.1986620724828678,21,25,1,Unanimous B/LB-directed,logo_BRCA2
NC_000013.11:32379439:C:G,BRCA2,0,0.1836663554816734,0.0,0.0300836421727283,0.0,0.1717258009969931,0.0,0.1837966480206978,0.0,0.0,0000,0.1423181116680231,0.1174545493210725,21,25,1,Unanimous B/LB-directed,logo_BRCA2
NC_000013.11:32379790:C:G,BRCA2,0,0.5288699512712224,0.0,0.1615886164284489,0.0,0.1709957144271913,0.0,0.4264838295426795,0.0,0.0,0000,0.3219845279173855,0.3055396024134533,21,25,1,Unanimous B/LB-directed,logo_BRCA2
NC_000013.11:32379838:A:G,BRCA2,0,0.6389215601952118,0.0,0.1298048084163492,0.0,0.1765344711664379,0.0,0.4716942230461052,0.0,0.0,0000,0.3542387657060261,0.3413977993028887,21,25,1,Unanimous B/LB-directed,logo_BRCA2
NC_000013.11:32379884:C:T,BRCA2,0,0.8306961323871709,1.0,0.8799892246649337,1.0,0.447985060706093,0.0,0.6891311371829576,1.0,3.0,1101,0.7119503887352888,0.7416767616823056,21,25,1,Mixed votes,logo_BRCA2
NC_000013.11:32380063:A:G,BRCA2,0,0.1613090422958367,0.0,0.1774703339181437,0.0,0.0991576022534597,0.0,0.2736243099726593,0.0,0.0,0000,0.1778903221100248,0.1525302809309184,21,25,1,Unanimous B/LB-directed,logo_BRCA2
NC_000013.11:32380075:C:T,BRCA2,0,0.4418928829745564,0.0,0.2196129422034393,0.0,0.2262512598382061,0.0,0.5386405054495096,1.0,1.0,0001,0.3565993976164278,0.3440372365696342,21,25,1,Mixed votes,logo_BRCA2
NC_000013.11:32380087:C:T,BRCA2,0,0.7695807375278554,1.0,0.3315000659838666,0.0,0.2901934554843505,0.0,0.637756908475558,1.0,2.0,1001,0.5072577918679076,0.5146827762993383,21,25,1,Mixed votes,logo_BRCA2
NC_000013.11:32394801:A:C,BRCA2,0,0.7945754961639117,1.0,0.7253718205040293,0.0,0.7740873644191691,1.0,0.9107027050706072,1.0,3.0,1011,0.8011843465394293,0.8334915847448439,21,25,1,Mixed votes,logo_BRCA2
NC_000017.11:61743012:C:A,BRIP1,1,0.9978895576056868,1.0,0.9991628175118936,1.0,0.8782700557397874,1.0,0.9464277351411996,1.0,4.0,1111,0.9554375414996418,0.9694380859122882,24,25,1,Unanimous LP/P-directed,logo_BRIP1
NC_000017.11:61801347:C:G,BRIP1,1,0.9136338034675968,1.0,0.918596081669226,1.0,0.7925994681826929,1.0,0.835399653133226,1.0,4.0,1111,0.8650572516131855,0.891777846885551,25,25,1,Unanimous LP/P-directed,logo_BRIP1
NC_000017.11:61808619:C:A,BRIP1,1,0.9861616112901188,1.0,0.9532288742663376,1.0,0.9987539128313376,1.0,0.9911700835185976,1.0,4.0,1111,0.982328620476598,0.9892347650927978,25,25,1,Unanimous LP/P-directed,logo_BRIP1
NC_000017.11:61808619:C:G,BRIP1,1,0.9746357891333008,1.0,0.9302646234198872,1.0,0.9951381477918092,1.0,0.9837303663028204,1.0,4.0,1111,0.9709422316619544,0.9811522938808832,24,25,1,Unanimous LP/P-directed,logo_BRIP1
NC_000017.11:61808633:G:A,BRIP1,1,0.996825583640255,1.0,0.9835208383313736,1.0,0.9999999613891832,1.0,0.9918635641300808,1.0,4.0,1111,0.9930524868727232,0.996222887910122,25,25,1,Unanimous LP/P-directed,logo_BRIP1
NC_000017.11:61808657:T:C,BRIP1,1,0.9811442099139382,1.0,0.9455749476620016,1.0,0.6760205102934385,1.0,0.642217611402866,1.0,4.0,1111,0.8112393198180611,0.8405871885323075,24,25,1,Unanimous LP/P-directed,logo_BRIP1
NC_000017.11:61849128:C:A,BRIP1,1,0.9977541925431572,1.0,0.9667604125041156,1.0,0.9537065241360876,1.0,0.9786104182388384,1.0,4.0,1111,0.9742078868555496,0.9835231634350932,25,25,1,Unanimous LP/P-directed,logo_BRIP1
NC_000017.11:61744452:T:C,BRIP1,0,0.0011273024665656,0.0,4.388022178060826e-06,0.0,0.0053275803709193,0.0,0.010095455067953,0.0,0.0,0000,0.004138681481904,0.0022669441725342,25,25,1,Unanimous B/LB-directed,logo_BRIP1
NC_000017.11:61793636:T:C,BRIP1,0,6.040280227885063e-05,0.0,3.6421274767563535e-05,0.0,0.0076199461919516,0.0,0.009253437413895,0.0,0.0,0000,0.0042425519207232,0.0023306790034096,25,25,1,Unanimous B/LB-directed,logo_BRIP1
NC_000017.11:61847143:A:G,BRIP1,0,0.0125213327690807,0.0,0.0001239004232978,0.0,0.0013659281827043,0.0,0.0095937949656783,0.0,0.0,0000,0.0059012390851903,0.0033716553618157,25,25,1,Unanimous B/LB-directed,logo_BRIP1
NC_000017.11:61847150:C:T,BRIP1,0,0.0300525517082326,0.0,3.657407451723439e-06,0.0,4.2329246794297073e-08,0.0,0.0089266267031625,0.0,0.0,0000,0.0097457195370234,0.0059136471167991,25,25,1,Unanimous B/LB-directed,logo_BRIP1
NC_000017.11:61849205:C:T,BRIP1,0,0.0010039088543931,0.0,1.0326849831504626e-05,0.0,0.0126389603017603,0.0,0.0102953061003665,0.0,0.0,0000,0.0059871255265879,0.0034266285755606,25,25,1,Unanimous B/LB-directed,logo_BRIP1
NC_000017.11:61683456:C:T,BRIP1,0,0.0314779636103071,0.0,0.0007120821609881,0.0,4.2329246794297073e-08,0.0,0.0089268620709601,0.0,0.0,0000,0.0102792375428755,0.0062776946056487,24,25,1,Unanimous B/LB-directed,logo_BRIP1
NC_000017.11:61683500:G:A,BRIP1,0,0.0260663585215345,0.0,0.0001177972458856,0.0,4.2329246794297073e-08,0.0,0.0089470931691623,0.0,0.0,0000,0.0087828228164573,0.005262925298629,24,25,1,Unanimous B/LB-directed,logo_BRIP1
NC_000017.11:61683537:G:T,BRIP1,0,0.0402241411202435,0.0,0.0279731716342077,0.0,0.0371294538567355,0.0,0.0292428292983317,0.0,0.0,0000,0.0336423989773796,0.0237984575029544,23,25,1,Unanimous B/LB-directed,logo_BRIP1
NC_000017.11:61683543:T:C,BRIP1,0,0.1135583646852628,0.0,0.0227180560343483,0.0,0.0126389603017603,0.0,0.0212829410893311,0.0,0.0,0000,0.0425495805276756,0.0310241409813815,23,25,1,Unanimous B/LB-directed,logo_BRIP1
NC_000017.11:61683596:G:T,BRIP1,0,0.0242862303654571,0.0,0.003931028630094,0.0,0.0154241306962434,0.0,0.026198237422483,0.0,0.0,0000,0.0174599067785694,0.0113755396445087,23,25,1,Unanimous B/LB-directed,logo_BRIP1
NC_000017.11:61683601:G:C,BRIP1,0,0.0261347949792891,0.0,0.0011752451785371,0.0,0.003321224863548,0.0,0.019804795192821,0.0,0.0,0000,0.0126090150535488,0.0078938357764508,23,25,1,Unanimous B/LB-directed,logo_BRIP1
NC_000017.11:61683704:T:A,BRIP1,0,0.0458518315862934,0.0,0.0026814966585188,0.0,0.0076199461919516,0.0,0.0168266840809976,0.0,0.0,0000,0.0182449896294404,0.0119517787886091,23,25,1,Unanimous B/LB-directed,logo_BRIP1
NC_000017.11:61683737:A:G,BRIP1,0,0.0318451557060205,0.0,0.0014061380683536,0.0,0.0127708400175737,0.0,0.0171367666554164,0.0,0.0,0000,0.015789725111841,0.0101608303169975,23,25,1,Unanimous B/LB-directed,logo_BRIP1
NC_000017.11:61683978:G:A,BRIP1,0,0.0053175149953994,0.0,0.0001933123542069,0.0,4.2329246794297073e-08,0.0,0.0095103054550553,0.0,0.0,0000,0.0037552937834771,0.0020333928872128,24,25,1,Unanimous B/LB-directed,logo_BRIP1
NC_000017.11:61685985:A:C,BRIP1,0,0.023430261030496,0.0,0.0007705247357977,0.0,0.0131400923590863,0.0,0.010942739521896,0.0,0.0,0000,0.012070904411819,0.0075169509769024,22,25,1,Unanimous B/LB-directed,logo_BRIP1
NC_000017.11:61685985:A:G,BRIP1,0,0.0008062552166986,0.0,1.618681878092623e-06,0.0,0.0032211057162544,0.0,0.0090842270261971,0.0,0.0,0000,0.0032783016602571,0.0017468221768715,22,25,1,Unanimous B/LB-directed,logo_BRIP1
NC_000017.11:61685985:A:T,BRIP1,0,0.0307112938824836,0.0,0.0007878239876367,0.0,0.0129742916497823,0.0,0.0106164354129223,0.0,0.0,0000,0.0137724612332062,0.0087155343169368,22,25,1,Unanimous B/LB-directed,logo_BRIP1
NC_000017.11:61686066:G:T,BRIP1,0,0.045719663144354,0.0,0.000393716666062,0.0,0.0076199461919516,0.0,0.0137692209153101,0.0,0.0,0000,0.0168756367294194,0.010948837914843,24,25,1,Unanimous B/LB-directed,logo_BRIP1
NC_000017.11:61716033:G:C,BRIP1,0,0.0105840145031247,0.0,0.000207949717884,0.0,0.0053275803709193,0.0,0.0149867015630687,0.0,0.0,0000,0.0077765615387492,0.0045922682030237,25,25,1,Unanimous B/LB-directed,logo_BRIP1
NC_000017.11:61793712:C:A,BRIP1,0,0.0195953082651493,0.0,0.0005140769048503,0.0,0.0153294334310399,0.0,0.0108891760942854,0.0,0.0,0000,0.0115819986738312,0.0071763475295587,24,25,1,Unanimous B/LB-directed,logo_BRIP1
NC_000017.11:61801314:G:T,BRIP1,0,0.0065785355541501,0.0,0.0038060114112639,0.0,0.0183437071505771,0.0,0.0111129346112461,0.0,0.0,0000,0.0099602971818093,0.0060597748912022,24,25,1,Unanimous B/LB-directed,logo_BRIP1
NC_000017.11:61801408:G:T,BRIP1,0,0.0376765144594905,0.0,0.009452910463302,0.0,0.0181246135620111,0.0,0.0114584445525628,0.0,0.0,0000,0.0191781207593416,0.0126408344404525,24,25,1,Unanimous B/LB-directed,logo_BRIP1
NC_000017.11:61849169:C:T,BRIP1,0,0.0233003842419648,0.0,0.0006338385976024,0.0,0.0015833930369347,0.0,0.0263271884948842,0.0,0.0,0000,0.0129612010928465,0.0081416033165159,25,25,1,Unanimous B/LB-directed,logo_BRIP1
NC_000017.11:61857138:T:C,BRIP1,0,0.1155049809590071,0.0,0.0016950369629939,0.0,0.0368783895118743,0.0,0.0097345302043637,0.0,0.0,0000,0.0409532344095598,0.0297124516533289,24,25,1,Unanimous B/LB-directed,logo_BRIP1
NC_000017.11:61857170:G:A,BRIP1,0,0.308064538424352,0.0,0.0726530222542796,0.0,0.058263849377554,0.0,0.0145285379871993,0.0,0.0,0000,0.1133774870108462,0.0943633306195655,24,25,1,Unanimous B/LB-directed,logo_BRIP1
NC_000016.10:68811858:G:T,CDH1,1,0.9782284041089124,1.0,0.9997518543779512,1.0,0.9758483566494288,1.0,0.9921690688595264,1.0,4.0,1111,0.9864994209989546,0.99188721298046,25,25,1,Unanimous LP/P-directed,logo_CDH1
NC_000016.10:68822189:C:T,CDH1,1,0.9247735584674478,1.0,0.9664917552110108,1.0,0.811086078522185,1.0,0.8815267817020448,1.0,4.0,1111,0.8959695434756721,0.9191971219085636,25,25,1,Unanimous LP/P-directed,logo_CDH1
NC_000016.10:68737415:A:G,CDH1,1,0.9708217799645554,1.0,0.9475952921192916,1.0,0.9652499227359024,1.0,0.9751160526591052,1.0,4.0,1111,0.9646957618697136,0.9761949652774762,21,25,1,Unanimous LP/P-directed,logo_CDH1
NC_000016.10:68737415:A:T,CDH1,1,0.9744243671564996,1.0,0.957091167238112,1.0,0.983040575911657,1.0,0.9858177233296138,1.0,4.0,1111,0.9750934584089708,0.9839066845606202,21,25,1,Unanimous LP/P-directed,logo_CDH1
NC_000016.10:68737416:T:A,CDH1,1,0.9853796967305856,1.0,0.9539802597035582,1.0,0.9778683171524516,1.0,0.9921690688595264,1.0,4.0,1111,0.9773493356115304,0.9855304655251588,21,25,1,Unanimous LP/P-directed,logo_CDH1
NC_000016.10:68737416:T:C,CDH1,1,0.9843290839415708,1.0,0.9492290131117253,1.0,0.9814375239697916,1.0,0.9876434538755564,1.0,4.0,1111,0.9756597687246608,0.9843161470138776,21,25,1,Unanimous LP/P-directed,logo_CDH1
NC_000016.10:68737416:T:G,CDH1,1,0.9863937253189744,1.0,0.9522338570764444,1.0,0.9814375239697916,1.0,0.9921690688595264,1.0,4.0,1111,0.9780585438061842,0.986036819216222,21,25,1,Unanimous LP/P-directed,logo_CDH1
NC_000016.10:68737417:G:A,CDH1,1,0.9757684940184222,1.0,0.9563469926547166,1.0,0.975801997473932,1.0,0.9921690688595264,1.0,4.0,1111,0.9750216382516492,0.9838546704298466,21,25,1,Unanimous LP/P-directed,logo_CDH1
NC_000016.10:68810223:G:A,CDH1,1,0.987136710844841,1.0,0.999911999653509,1.0,0.9641385357473994,1.0,0.9913617887667254,1.0,4.0,1111,0.9856372587531188,0.9913064792458864,25,25,1,Unanimous LP/P-directed,logo_CDH1
NC_000016.10:68810268:G:T,CDH1,1,0.9973757942276276,1.0,0.9991469531638816,1.0,0.9994254929550268,1.0,0.9921690688595264,1.0,4.0,1111,0.9970293273015156,0.9984978230149684,25,25,1,Unanimous LP/P-directed,logo_CDH1
NC_000016.10:68810276:T:A,CDH1,1,0.9881882467075244,1.0,0.9945202571255456,1.0,0.9937504236921872,1.0,0.9914667312728248,1.0,4.0,1111,0.9919814146995204,0.9954628517146088,25,25,1,Unanimous LP/P-directed,logo_CDH1
NC_000016.10:68810340:G:A,CDH1,1,0.9779178802651676,1.0,0.9998838780146376,1.0,0.9996773922652274,1.0,0.9921690688595264,1.0,4.0,1111,0.9924120548511396,0.9957335484869988,24,25,1,Unanimous LP/P-directed,logo_CDH1
NC_000016.10:68812182:G:A,CDH1,1,0.0757502321615851,0.0,0.0346896148535682,0.0,0.1616900588044256,0.0,0.106155582226262,0.0,0.0,0000,0.0945713720114602,0.0780775358318517,25,25,1,Unanimous B/LB-directed,logo_CDH1
NC_000016.10:68813494:G:T,CDH1,1,0.9910873813451272,1.0,0.9971814873743856,1.0,0.9256243644961692,1.0,0.9921690688595264,1.0,4.0,1111,0.976515575518802,0.984932616274704,25,25,1,Unanimous LP/P-directed,logo_CDH1
NC_000016.10:68819392:C:G,CDH1,1,0.9622044342937964,1.0,0.9964232728734144,1.0,0.8936419234614255,1.0,0.9865748073629458,1.0,4.0,1111,0.9597111094978956,0.9723833873696606,25,25,1,Unanimous LP/P-directed,logo_CDH1
NC_000016.10:68819416:C:G,CDH1,1,0.1415548887765989,0.0,0.6353854451103335,0.0,0.1426027635444096,0.0,0.603184607674936,1.0,1.0,0001,0.3806819262765695,0.377459928471116,24,25,1,Mixed votes,logo_CDH1
NC_000016.10:68819424:G:A,CDH1,1,0.9613283146104634,1.0,0.8896938238777677,1.0,0.7954633423630817,1.0,0.9327980711497756,1.0,4.0,1111,0.894820888000272,0.918179707024838,23,25,1,Unanimous LP/P-directed,logo_CDH1
NC_000016.10:68822054:A:T,CDH1,1,0.9964298655863068,1.0,0.9906635232100622,1.0,0.9998276398048084,1.0,0.9921690688595264,1.0,4.0,1111,0.994772524365176,0.9971827668879132,25,25,1,Unanimous LP/P-directed,logo_CDH1
NC_000016.10:68828203:G:A,CDH1,1,0.9745283665682266,1.0,0.9867382658280418,1.0,0.9486072459161252,1.0,0.9921690688595264,1.0,4.0,1111,0.97551073679298,0.9842085083929916,24,25,1,Unanimous LP/P-directed,logo_CDH1
NC_000016.10:68828280:G:A,CDH1,1,0.990572916087653,1.0,0.9694989839633024,1.0,0.9641892285983222,1.0,0.9866964227169196,1.0,4.0,1111,0.9777393878415492,0.9858092033970502,24,25,1,Unanimous LP/P-directed,logo_CDH1
NC_000016.10:68737422:C:G,CDH1,0,0.0079401575349327,0.0,0.0031687179828054,0.0,0.0068974534784699,0.0,0.0470460855287294,0.0,0.0,0000,0.0162631036312343,0.0108140740323848,24,25,1,Unanimous B/LB-directed,logo_CDH1
NC_000016.10:68738335:C:A,CDH1,0,0.0053325138079723,0.0,0.0054450149699264,0.0,0.0177624338189173,0.0,0.0099892134764823,0.0,0.0,0000,0.0096322940183246,0.0060285693935437,24,25,1,Unanimous B/LB-directed,logo_CDH1
NC_000016.10:68738372:C:T,CDH1,0,0.015372389125401,0.0,0.0336221416847467,0.0,0.0932701333980869,0.0,0.0866303392046294,0.0,0.0,0000,0.057223750853216,0.0442942140939138,24,25,1,Unanimous B/LB-directed,logo_CDH1
NC_000016.10:68801669:T:G,CDH1,0,0.9017961600988906,1.0,0.7240212291618228,1.0,0.4984448857468311,0.0,0.2308796773171426,0.0,2.0,1100,0.5887854880811718,0.6079674422125538,24,25,1,Mixed votes,logo_CDH1
NC_000016.10:68801689:G:A,CDH1,0,0.0462887457872908,0.0,0.0911171610459921,0.0,0.2078104859798996,0.0,0.0301603454026749,0.0,0.0,0000,0.0938441845539644,0.0773989969702274,24,25,1,Unanimous B/LB-directed,logo_CDH1
NC_000016.10:68801693:G:A,CDH1,0,0.0120935444983534,0.0,0.0007567825963304,0.0,0.0060192849535339,0.0,0.0099892134764823,0.0,0.0,0000,0.007214706381175,0.0043688892673731,24,25,1,Unanimous B/LB-directed,logo_CDH1
NC_000016.10:68801719:G:A,CDH1,0,0.0285356367109527,0.0,0.0867218456799393,0.0,0.1204840609529586,0.0,0.0806642096544415,0.0,0.0,0000,0.079101438249573,0.0638073895584028,24,25,1,Unanimous B/LB-directed,logo_CDH1
NC_000016.10:68801774:G:A,CDH1,0,0.0178611235406621,0.0,0.0003022255452992,0.0,0.0003795599346574,0.0,0.0099892134764823,0.0,0.0,0000,0.0071330306242752,0.004313839263273,24,25,1,Unanimous B/LB-directed,logo_CDH1
NC_000016.10:68801809:G:A,CDH1,0,0.0011295335222956,0.0,0.0007045929485657,0.0,0.0019573067877004,0.0,0.0194983279662121,0.0,0.0,0000,0.0058224403061935,0.0034410283165632,24,25,1,Unanimous B/LB-directed,logo_CDH1
NC_000016.10:68801875:C:T,CDH1,0,0.0107735149827647,0.0,0.0121179736383657,0.0,0.015253529863518,0.0,0.0330103761081793,0.0,0.0,0000,0.0177888486482069,0.0119533308514945,24,25,1,Unanimous B/LB-directed,logo_CDH1
NC_000016.10:68808534:G:A,CDH1,0,0.0191503823519788,0.0,0.1877430687168535,0.0,0.1213744046320442,0.0,0.0204293962121518,0.0,0.0,0000,0.0871743129782571,0.0712101265300368,25,25,1,Unanimous B/LB-directed,logo_CDH1
NC_000016.10:68808706:A:C,CDH1,0,0.0056884080640169,0.0,0.0037027657207534,0.0,0.0468801553886218,0.0,0.0141356208350275,0.0,0.0,0000,0.0176017375021049,0.0118129559231288,25,25,1,Unanimous B/LB-directed,logo_CDH1
NC_000016.10:68808764:G:A,CDH1,0,0.0123908710734738,0.0,0.0003580096417694,0.0,0.0027441631429215,0.0,0.0099892134764823,0.0,0.0,0000,0.0063705643336617,0.0038035602593872,24,25,1,Unanimous B/LB-directed,logo_CDH1
NC_000016.10:68808830:C:T,CDH1,0,0.0104833073583801,0.0,0.0022089289366957,0.0,0.028729518262232,0.0,0.0382490215899353,0.0,0.0,0000,0.0199176940368108,0.013562753559413,25,25,1,Unanimous B/LB-directed,logo_CDH1
NC_000016.10:68810316:T:G,CDH1,0,0.0051564792937682,0.0,0.0150298806371939,0.0,0.0493090567185547,0.0,0.0626903245131245,0.0,0.0,0000,0.0330464352906604,0.0239044605830032,25,25,1,Unanimous B/LB-directed,logo_CDH1
NC_000016.10:68811742:G:A,CDH1,0,0.0025955343445171,0.0,0.0106722990719284,0.0,0.1735734140189384,0.0,0.022664243114402,0.0,0.0,0000,0.0523763726374465,0.0400945591232822,25,25,1,Unanimous B/LB-directed,logo_CDH1
NC_000016.10:68811854:G:A,CDH1,0,0.8950806733554125,1.0,0.6986679832515514,1.0,0.6667570115954542,1.0,0.7928396281212611,1.0,4.0,1111,0.7633363240809198,0.7926054812965451,25,25,1,Unanimous LP/P-directed,logo_CDH1
NC_000016.10:68812143:A:G,CDH1,0,0.0051937986337629,0.0,8.151345704449206e-05,0.0,0.0015236221524873,0.0,0.0099892134764823,0.0,0.0,0000,0.0041970369299442,0.0023904156245157,25,25,1,Unanimous B/LB-directed,logo_CDH1
NC_000016.10:68812144:C:T,CDH1,0,0.0171914843498351,0.0,8.265802610197519e-05,0.0,0.0023772586522228,0.0,0.0099892134764823,0.0,0.0,0000,0.0074101536261605,0.004500914796616,25,25,1,Unanimous B/LB-directed,logo_CDH1
NC_000016.10:68812261:C:T,CDH1,0,0.0267114874296866,0.0,0.0001905479125767,0.0,0.005666999547157,0.0,0.0099892134764823,0.0,0.0,0000,0.0106395620914757,0.0067354577104785,25,25,1,Unanimous B/LB-directed,logo_CDH1
NC_000016.10:68813336:G:A,CDH1,0,0.018570581541864,0.0,9.16180103465175e-05,0.0,0.0013149172661622,0.0,0.0099892134764823,0.0,0.0,0000,0.0074915825737137,0.0045560406344398,25,25,1,Unanimous B/LB-directed,logo_CDH1
NC_000016.10:68813348:G:A,CDH1,0,0.0377157246852802,0.0,4.337446579065866e-06,0.0,0.0032949155922259,0.0,0.0099892134764823,0.0,0.0,0000,0.0127510478001418,0.0082424328450906,25,25,1,Unanimous B/LB-directed,logo_CDH1
NC_000016.10:68813352:T:A,CDH1,0,0.932572620708095,1.0,0.9407250573525452,1.0,0.9124487040384588,1.0,0.8885286103603307,1.0,4.0,1111,0.9185687481148572,0.938840763426686,24,25,1,Unanimous LP/P-directed,logo_CDH1
NC_000016.10:68813397:C:T,CDH1,0,0.101324270960888,0.0,0.1762665762690248,0.0,0.1444340981253783,0.0,0.0600145705930277,0.0,0.0,0000,0.1205098789870797,0.1027260229634437,25,25,1,Unanimous B/LB-directed,logo_CDH1
NC_000016.10:68813471:G:A,CDH1,0,0.0062921829623754,0.0,0.0008435066825592,0.0,0.0031901923582122,0.0,0.0103439848057881,0.0,0.0,0000,0.0051674667022337,0.0030129917644159,25,25,1,Unanimous B/LB-directed,logo_CDH1
NC_000016.10:68813472:A:G,CDH1,0,0.0061195817246839,0.0,0.0084164101778543,0.0,0.0353357575309863,0.0,0.0207515554880071,0.0,0.0,0000,0.0176558262303829,0.0118535159057628,25,25,1,Unanimous B/LB-directed,logo_CDH1
NC_000016.10:68815602:C:T,CDH1,0,0.2772100521031441,0.0,0.2433144732036682,0.0,0.2643307361896536,0.0,0.0312240502416559,0.0,0.0,0000,0.2040198279345305,0.1866718310785312,25,25,1,Unanimous B/LB-directed,logo_CDH1
NC_000016.10:68815610:G:A,CDH1,0,0.0016968483171059,0.0,0.0006381376789736,0.0,0.0132870641758814,0.0,0.0099892134764823,0.0,0.0,0000,0.0064028159121108,0.0038250072349739,25,25,1,Unanimous B/LB-directed,logo_CDH1
NC_000016.10:68822062:G:A,CDH1,0,0.0026775363345765,0.0,0.0010213684264443,0.0,0.0477271630563733,0.0,0.0195712980195683,0.0,0.0,0000,0.0177493414592406,0.0119236766455967,25,25,1,Unanimous B/LB-directed,logo_CDH1
NC_000016.10:68822137:G:A,CDH1,0,0.0076099910411753,0.0,0.0009555697798279,0.0,0.0016761315672975,0.0,0.0099892134764823,0.0,0.0,0000,0.0050577264661958,0.0029418625831098,25,25,1,Unanimous B/LB-directed,logo_CDH1
NC_000016.10:68822176:C:G,CDH1,0,0.004487048386097,0.0,0.0133989862737376,0.0,0.0642326762876049,0.0,0.0117469194104481,0.0,0.0,0000,0.0234664075894719,0.0162920908982459,25,25,1,Unanimous B/LB-directed,logo_CDH1
NC_000016.10:68823481:A:T,CDH1,0,0.0038385137491237,0.0,0.0137705062197397,0.0,0.0875559330516382,0.0,0.0321143051628634,0.0,0.0,0000,0.0343198145458412,0.0249396304764638,25,25,1,Unanimous B/LB-directed,logo_CDH1
NC_000016.10:68823514:G:A,CDH1,0,0.0271060805192627,0.0,0.0974032939130489,0.0,0.1428269167798239,0.0,0.2096236297830254,0.0,0.0,0000,0.1192399802487902,0.1015004081397192,25,25,1,Unanimous B/LB-directed,logo_CDH1
NC_000016.10:68823538:G:A,CDH1,0,0.0251324053122852,0.0,0.0001254464118661,0.0,0.0066154887993309,0.0,0.0108025170254872,0.0,0.0,0000,0.0106689643872424,0.0067562145433944,25,25,1,Unanimous B/LB-directed,logo_CDH1
NC_000016.10:68823565:G:A,CDH1,0,0.0126029496801197,0.0,0.0020391705999756,0.0,0.007881348189768,0.0,0.0099892134764823,0.0,0.0,0000,0.0081281704865864,0.0049893542518644,25,25,1,Unanimous B/LB-directed,logo_CDH1
NC_000016.10:68823592:C:G,CDH1,0,0.0160273438022999,0.0,0.0494617134311391,0.0,0.0170792183775103,0.0,0.0099892134764823,0.0,0.0,0000,0.0231393722718579,0.0160382968118916,25,25,1,Unanimous B/LB-directed,logo_CDH1
NC_000016.10:68828212:C:T,CDH1,0,0.0333484923470579,0.0,0.0014834584448574,0.0,0.0183524451572758,0.0,0.0146623845773908,0.0,0.0,0000,0.0169616951316455,0.0113341638673404,25,25,1,Unanimous B/LB-directed,logo_CDH1
NC_000016.10:68829686:G:A,CDH1,0,0.0741263093703161,0.0,0.1552834331924963,0.0,0.2146993027468419,0.0,0.1721087394068287,0.0,0.0,0000,0.1540544461791207,0.135711607833788,25,25,1,Unanimous B/LB-directed,logo_CDH1
NC_000016.10:68829693:G:A,CDH1,0,0.0300592998959898,0.0,0.0961516660503046,0.0,0.2109796446810342,0.0,0.123323544530732,0.0,0.0,0000,0.1151285387895151,0.0975449864920477,25,25,1,Unanimous B/LB-directed,logo_CDH1
NC_000016.10:68829700:A:T,CDH1,0,0.0396153320458176,0.0,0.112618402383998,0.0,0.1312187141482847,0.0,0.0995126324566207,0.0,0.0,0000,0.0957412702586803,0.0791706946228915,25,25,1,Unanimous B/LB-directed,logo_CDH1
NC_000016.10:68829770:G:A,CDH1,0,0.0087494377169398,0.0,0.0477299753624855,0.0,0.1738279512210657,0.0,0.0999960543204431,0.0,0.0,0000,0.0825758546552335,0.0669811656783311,25,25,1,Unanimous B/LB-directed,logo_CDH1
NC_000016.10:68833299:C:T,CDH1,0,0.0577713260405156,0.0,0.1322802877942463,0.0,0.1524096685167475,0.0,0.1294174353584069,0.0,0.0,0000,0.1179696794274791,0.1002762368475941,25,25,1,Unanimous B/LB-directed,logo_CDH1
NC_000016.10:68833343:G:A,CDH1,0,0.7339004814165176,1.0,0.6804433014242104,1.0,0.7406286757474747,1.0,0.9509306515535836,1.0,4.0,1111,0.7764757775354466,0.8058230513471576,25,25,1,Unanimous LP/P-directed,logo_CDH1
NC_000016.10:68833361:A:G,CDH1,0,0.0055578160772816,0.0,0.0148678422410407,0.0,0.0244619525820388,0.0,0.0109452939197054,0.0,0.0,0000,0.0139582262050167,0.0091178199220878,25,25,1,Unanimous B/LB-directed,logo_CDH1
NC_000016.10:68833487:G:A,CDH1,0,0.0138255426656122,0.0,0.0194713094530742,0.0,0.0949931799043029,0.0,0.1356214485791683,0.0,0.0,0000,0.0659778701505394,0.0519984574556561,24,25,1,Unanimous B/LB-directed,logo_CDH1
NC_000016.10:68737418:G:A,CDH1,0,0.0841718231228838,0.0,0.3050428646094257,0.0,0.0801935324919836,0.0,0.1005451473966982,0.0,0.0,0000,0.1424883419052478,0.1242121050657675,23,25,1,Unanimous B/LB-directed,logo_CDH1
NC_000016.10:68738339:G:T,CDH1,0,0.8359327817530293,1.0,0.7738151214556136,1.0,0.779086254342224,1.0,0.6239397449012146,1.0,4.0,1111,0.7531934756130204,0.7823205591885013,23,25,1,Unanimous LP/P-directed,logo_CDH1
NC_000016.10:68738360:C:A,CDH1,0,0.0286676009529924,0.0,0.0863710596393116,0.0,0.0715533180969106,0.0,0.010078134207641,0.0,0.0,0000,0.0491675282242139,0.0373426066013778,24,25,1,Unanimous B/LB-directed,logo_CDH1
NC_000016.10:68738360:C:T,CDH1,0,0.009040638866498,0.0,0.0192444264784102,0.0,0.0285126969493605,0.0,0.0178851028897231,0.0,0.0,0000,0.018670716295998,0.0126173250566679,24,25,1,Unanimous B/LB-directed,logo_CDH1
NC_000016.10:68738377:C:A,CDH1,0,0.0234834367960333,0.0,0.1293482856567546,0.0,0.0321345366220215,0.0,0.0494018192680948,0.0,0.0,0000,0.058592019585726,0.0454884926086084,23,25,1,Unanimous B/LB-directed,logo_CDH1
NC_000016.10:68738407:A:G,CDH1,0,0.0450127365901121,0.0,0.0926379420282687,0.0,0.1345430473670718,0.0,0.0337111373740766,0.0,0.0,0000,0.0764762158398823,0.0614220128391415,24,25,1,Unanimous B/LB-directed,logo_CDH1
NC_000016.10:68738408:G:A,CDH1,0,0.009502804294997,0.0,0.0205328050036558,0.0,0.0071817191048307,0.0,0.0099892134764823,0.0,0.0,0000,0.0118016354699914,0.0075608414952605,24,25,1,Unanimous B/LB-directed,logo_CDH1
NC_000016.10:68801678:A:T,CDH1,0,0.0574122323280354,0.0,0.194025071236094,0.0,0.1311615910681866,0.0,0.2188758712588296,0.0,0.0,0000,0.1503686914727864,0.13203358571357,23,25,1,Unanimous B/LB-directed,logo_CDH1
NC_000016.10:68801726:G:A,CDH1,0,0.0186008122794938,0.0,0.0191230874870173,0.0,0.0275772449810216,0.0,0.0099892134764823,0.0,0.0,0000,0.0188225895560038,0.0127320687754835,24,25,1,Unanimous B/LB-directed,logo_CDH1
NC_000016.10:68801728:T:C,CDH1,0,0.8965749066262211,1.0,0.9106015403959196,1.0,0.6642234068909887,1.0,0.8043340807757748,1.0,4.0,1111,0.8189334836722261,0.8476351052088356,23,25,1,Unanimous LP/P-directed,logo_CDH1
NC_000016.10:68801740:A:C,CDH1,0,0.0211347584108423,0.0,0.0281739943822228,0.0,0.0153960963957228,0.0,0.018594535210256,0.0,0.0,0000,0.020824846099761,0.0142551404688837,23,25,1,Unanimous B/LB-directed,logo_CDH1
NC_000016.10:68801791:A:G,CDH1,0,0.01641406829892,0.0,8.562135109651655e-05,0.0,0.0041550088790189,0.0,0.0175293631084175,0.0,0.0,0000,0.0095460154093632,0.0059684117283693,24,25,1,Unanimous B/LB-directed,logo_CDH1
NC_000016.10:68801849:C:T,CDH1,0,0.0113583547156355,0.0,0.0163477312526997,0.0,0.0111554379763176,0.0,0.0147619375182013,0.0,0.0,0000,0.0134058653657135,0.008716100894484,24,25,1,Unanimous B/LB-directed,logo_CDH1
NC_000016.10:68801876:G:A,CDH1,0,0.0242067628038072,0.0,0.0022939176303335,0.0,0.0665747304131933,0.0,0.0252450827641715,0.0,0.0,0000,0.0295801234028764,0.0211128274751743,24,25,1,Unanimous B/LB-directed,logo_CDH1
NC_000016.10:68808429:G:A,CDH1,0,0.033278390213281,0.0,8.742836223678586e-05,0.0,0.004524313922325,0.0,0.0159855313678879,0.0,0.0,0000,0.0134689159664327,0.0087618574593511,24,25,1,Unanimous B/LB-directed,logo_CDH1
NC_000016.10:68808831:G:A,CDH1,0,0.0202490022921022,0.0,8.8829212260555e-05,0.0,0.0030515867607335,0.0,0.0099892134764823,0.0,0.0,0000,0.0083446579353946,0.0051376337860574,25,25,1,Unanimous B/LB-directed,logo_CDH1
NC_000016.10:68810232:G:A,CDH1,0,0.0066892459852431,0.0,0.0001732168507346,0.0,0.0098360088622353,0.0,0.0099892134764823,0.0,0.0,0000,0.0066719212936738,0.0040044417656039,25,25,1,Unanimous B/LB-directed,logo_CDH1
NC_000016.10:68810239:A:G,CDH1,0,0.488921636011388,1.0,0.4791107346610944,0.0,0.5345418045863228,1.0,0.7554273013957254,1.0,3.0,1011,0.5645003691636327,0.5813390022845458,25,25,1,Mixed votes,logo_CDH1
NC_000016.10:68810310:A:G,CDH1,0,0.0524010209146513,0.0,0.000888529362094,0.0,0.0376209670027118,0.0,0.0226660499360782,0.0,0.0,0000,0.0283941418038838,0.0201669452853361,24,25,1,Unanimous B/LB-directed,logo_CDH1
NC_000016.10:68810328:G:A,CDH1,0,0.002977779063571,0.0,0.008189618877396,0.0,0.0131027331185929,0.0,0.0099892134764823,0.0,0.0,0000,0.0085648361340105,0.0052889029794346,25,25,1,Unanimous B/LB-directed,logo_CDH1
NC_000016.10:68811716:C:T,CDH1,0,0.0648665560055449,0.0,0.2017432921711645,0.0,0.1001938007998895,0.0,0.0787769338228097,0.0,0.0,0000,0.1113951456998521,0.0939703845075928,25,25,1,Unanimous B/LB-directed,logo_CDH1
NC_000016.10:68811789:C:A,CDH1,0,0.0179961004649782,0.0,0.0003923252716019,0.0,0.0018000752273659,0.0,0.0101665847836669,0.0,0.0,0000,0.0075887714369032,0.0046219268821421,24,25,1,Unanimous B/LB-directed,logo_CDH1
NC_000016.10:68812155:G:A,CDH1,0,0.0040580844073711,0.0,0.0055221202058602,0.0,0.0226938331075703,0.0,0.0102805213864067,0.0,0.0,0000,0.0106386397768021,0.006734806703132,25,25,1,Unanimous B/LB-directed,logo_CDH1
NC_000016.10:68812243:C:T,CDH1,0,0.9878963508107026,1.0,0.9698288361413168,1.0,0.9899299262749568,1.0,0.9921690688595264,1.0,4.0,1111,0.9849560455216256,0.9908446045673922,25,25,1,Unanimous LP/P-directed,logo_CDH1
NC_000016.10:68812257:A:C,CDH1,0,0.0041582507266936,0.0,0.0018817832004462,0.0,0.0108778093008022,0.0,0.0148693123007574,0.0,0.0,0000,0.0079467888821749,0.0048654738318772,25,25,1,Unanimous B/LB-directed,logo_CDH1
NC_000016.10:68812258:C:T,CDH1,0,0.011576924335507,0.0,0.0092411127100917,0.0,0.010315893485502,0.0,0.0099892134764823,0.0,0.0,0000,0.0102807860018957,0.0064827269508182,24,25,1,Unanimous B/LB-directed,logo_CDH1
NC_000016.10:68813328:C:A,CDH1,0,0.0405666742736119,0.0,0.1044350274469363,0.0,0.0372188035643026,0.0,0.0144489503992623,0.0,0.0,0000,0.0491673639210283,0.0373424662892758,24,25,1,Unanimous B/LB-directed,logo_CDH1
NC_000016.10:68813338:G:T,CDH1,0,0.010291808865237,0.0,0.0170290502677094,0.0,0.0259388440255835,0.0,0.0099892134764823,0.0,0.0,0000,0.0158122291587531,0.010479832251786,24,25,1,Unanimous B/LB-directed,logo_CDH1
NC_000016.10:68813345:G:C,CDH1,0,0.0114815513609671,0.0,0.0006925806068284,0.0,0.0182538312119218,0.0,0.0099892134764823,0.0,0.0,0000,0.0101042941640499,0.0063587809275214,24,25,1,Unanimous B/LB-directed,logo_CDH1
NC_000016.10:68813381:G:A,CDH1,0,0.039064945665389,0.0,0.0054351965318546,0.0,0.0153010216081279,0.0,0.0099892134764823,0.0,0.0,0000,0.0174475943204634,0.0116974505637619,24,25,1,Unanimous B/LB-directed,logo_CDH1
NC_000016.10:68813399:T:C,CDH1,0,0.9699998984160776,1.0,0.956780503208474,1.0,0.9358363080424592,1.0,0.7049497576650641,1.0,4.0,1111,0.8918916168330187,0.9155773209984782,25,25,1,Unanimous LP/P-directed,logo_CDH1
NC_000016.10:68813447:G:A,CDH1,0,0.0084725875126029,0.0,2.60529891371624e-05,0.0,0.0011695342828503,0.0,0.0099892134764823,0.0,0.0,0000,0.0049143470652681,0.002849196914292,25,25,1,Unanimous B/LB-directed,logo_CDH1
NC_000016.10:68813457:A:G,CDH1,0,0.0251984492044503,0.0,0.0265179143117669,0.0,0.0637471430974844,0.0,0.039171172258977,0.0,0.0,0000,0.0386586697181697,0.0285030819929076,24,25,1,Unanimous B/LB-directed,logo_CDH1
NC_000016.10:68813470:C:G,CDH1,0,0.2223875835345581,0.0,0.4210155619180239,0.0,0.6638947818196693,1.0,0.5899880556912941,1.0,2.0,0011,0.4743214957408863,0.4814980072320305,25,25,1,Mixed votes,logo_CDH1
NC_000016.10:68815553:G:A,CDH1,0,0.0053216774519439,0.0,0.0028855332194464,0.0,0.0269308326938296,0.0,0.0135688309130207,0.0,0.0,0000,0.0121767185695601,0.0078293651316285,25,25,1,Unanimous B/LB-directed,logo_CDH1
NC_000016.10:68815593:C:G,CDH1,0,0.0931896443354459,0.0,0.0047411722425173,0.0,0.0210051612642864,0.0,0.0201257465707964,0.0,0.0,0000,0.0347654311032615,0.0253030598535831,24,25,1,Unanimous B/LB-directed,logo_CDH1
NC_000016.10:68815686:A:C,CDH1,0,0.430013271148801,0.0,0.3267648334103258,0.0,0.3081593048825458,0.0,0.0713540721201738,0.0,0.0,0000,0.2840728703904616,0.27161532594201,24,25,1,Unanimous B/LB-directed,logo_CDH1
NC_000016.10:68815758:C:T,CDH1,0,0.439619916052313,0.0,0.3500830672342648,0.0,0.2583457118526174,0.0,0.1249500654604297,0.0,0.0,0000,0.2932496901499062,0.2815461798260106,24,25,1,Unanimous B/LB-directed,logo_CDH1
NC_000016.10:68819281:A:G,CDH1,0,0.9901238432887844,1.0,0.9854665434940288,1.0,0.9826535340627706,1.0,0.909169944801802,1.0,4.0,1111,0.9668534664118464,0.9778232815118764,25,25,1,Unanimous LP/P-directed,logo_CDH1
NC_000016.10:68819343:A:T,CDH1,0,0.0213478727105766,0.0,0.0303329474994614,0.0,0.0797829837731024,0.0,0.0270464554992995,0.0,0.0,0000,0.03962756487061,0.0293061291182423,24,25,1,Unanimous B/LB-directed,logo_CDH1
NC_000016.10:68819397:A:G,CDH1,0,0.0143878471519991,0.0,0.0209541347834361,0.0,0.0200958522626536,0.0,0.0133241309313043,0.0,0.0,0000,0.0171904912823483,0.011505069917555,25,25,1,Unanimous B/LB-directed,logo_CDH1
NC_000016.10:68822153:A:G,CDH1,0,0.0063144097771067,0.0,0.0157903847556616,0.0,0.0892071883388636,0.0,0.0333548091472528,0.0,0.0,0000,0.0361666980047211,0.0264497574807624,25,25,1,Unanimous B/LB-directed,logo_CDH1
NC_000016.10:68829756:G:A,CDH1,0,0.3939298046262059,0.0,0.4133173247277609,0.0,0.4578262366065416,0.0,0.2905072460247768,0.0,0.0,0000,0.3888951529963214,0.3865564394535198,25,25,1,Unanimous B/LB-directed,logo_CDH1
NC_000016.10:68833484:G:A,CDH1,0,0.0692143378514249,0.0,0.0735887472314407,0.0,0.226498749266704,0.0,0.1532826275059858,0.0,0.0,0000,0.1306461154638888,0.1125724796534926,24,25,1,Unanimous B/LB-directed,logo_CDH1
NC_000022.11:28695799:T:G,CHEK2,1,0.9747552683113064,1.0,0.962722341983037,1.0,0.999589411755326,1.0,0.9808989265469132,1.0,4.0,1111,0.9794914871491456,0.9861734830978828,24,25,1,Unanimous LP/P-directed,logo_CHEK2
NC_000022.11:28711993:A:G,CHEK2,1,0.3190908246717466,0.0,0.6498168736208602,0.0,0.4421464903357203,0.0,0.8864457084249441,1.0,1.0,0001,0.5743749742633179,0.5866829908806072,24,25,1,Mixed votes,logo_CHEK2
NC_000022.11:28725069:C:T,CHEK2,1,0.9704200379754508,1.0,0.963723339706558,1.0,0.9988308188928122,1.0,0.9868581453378642,1.0,4.0,1111,0.9799580854781712,0.9865208860529592,24,25,1,Unanimous LP/P-directed,logo_CHEK2
NC_000022.11:28725253:G:A,CHEK2,1,0.982313685976567,1.0,0.949200377747967,1.0,0.980802585188812,1.0,0.98170079263722,1.0,4.0,1111,0.9735043603876417,0.9816426487758892,24,25,1,Unanimous LP/P-directed,logo_CHEK2
NC_000022.11:28725337:T:C,CHEK2,1,0.9645434556643832,1.0,0.9631044495411466,1.0,0.9953642349432128,1.0,0.9602861987715416,1.0,4.0,1111,0.970824584730071,0.979574914745237,24,25,1,Unanimous LP/P-directed,logo_CHEK2
NC_000022.11:28734672:C:A,CHEK2,1,0.011432225185297,0.0,0.0018313367264009,0.0,0.1441298266354794,0.0,0.0371743517752347,0.0,0.0,0000,0.048641935080603,0.0375237976376131,23,25,1,Unanimous B/LB-directed,logo_CHEK2
NC_000022.11:28695866:C:G,CHEK2,1,0.9855835048631528,1.0,0.9720815035957292,1.0,0.998188754536617,1.0,0.989149948100588,1.0,4.0,1111,0.9862509277740218,0.9911105778952294,24,25,1,Unanimous LP/P-directed,logo_CHEK2
NC_000022.11:28725069:C:G,CHEK2,1,0.9707894916818968,1.0,0.964580333187004,1.0,0.9974463813666954,1.0,0.9861087034686874,1.0,4.0,1111,0.979731227426071,0.986352091213772,24,25,1,Unanimous LP/P-directed,logo_CHEK2
NC_000022.11:28725340:C:T,CHEK2,1,0.9304940047552668,1.0,0.9324721366992166,1.0,0.9996984485426608,1.0,0.9679494781044766,1.0,4.0,1111,0.9576535170254052,0.969117000445001,24,25,1,Unanimous LP/P-directed,logo_CHEK2
NC_000022.11:28695158:A:C,CHEK2,0,0.2357223276911744,0.0,0.2069819496662003,0.0,0.1201397279442826,0.0,0.0234169771973174,0.0,0.0,0000,0.1465652456247437,0.1285484889064514,24,25,1,Unanimous B/LB-directed,logo_CHEK2
NC_000022.11:28734467:G:A,CHEK2,0,0.0007290539476555,0.0,0.0002664326949938,0.0,0.0016080178064187,0.0,0.0062077511996455,0.0,0.0,0000,0.0022028139121784,0.0012346000673796,24,25,1,Unanimous B/LB-directed,logo_CHEK2
NC_000022.11:28689141:A:G,CHEK2,0,0.005361634649204,0.0,0.0047276219021824,0.0,0.0135853492986157,0.0,0.0068472720719327,0.0,0.0,0000,0.0076304694804837,0.004843478257529,24,25,1,Unanimous B/LB-directed,logo_CHEK2
NC_000022.11:28696912:G:C,CHEK2,0,0.0106016136083962,0.0,0.0102837762089288,0.0,0.0204000616523263,0.0,0.0213113388519036,0.0,0.0,0000,0.0156491975803887,0.0106921456925325,24,25,1,Unanimous B/LB-directed,logo_CHEK2
NC_000022.11:28711910:C:T,CHEK2,0,0.0163874296100578,0.0,0.0006943767256816,0.0,0.0013368624679215,0.0,0.0066988128280511,0.0,0.0,0000,0.006279370407928,0.0039080806287256,24,25,1,Unanimous B/LB-directed,logo_CHEK2
NC_000022.11:28711935:C:A,CHEK2,0,0.0703029853110949,0.0,0.2719965762927573,0.0,0.0265939459383777,0.0,0.0773085523968822,0.0,0.0,0000,0.111550514984778,0.0946756309573051,24,25,1,Unanimous B/LB-directed,logo_CHEK2
NC_000022.11:28719434:C:A,CHEK2,0,0.0534473041902835,0.0,0.0052342136659775,0.0,0.0167515624712388,0.0,0.014856785710283,0.0,0.0,0000,0.0225724665094457,0.0160252783556213,24,25,1,Unanimous B/LB-directed,logo_CHEK2
NC_000022.11:28734660:G:A,CHEK2,0,0.0039719881503243,0.0,6.356915732620546e-05,0.0,0.003854104808454,0.0,0.0030814934651196,0.0,0.0,0000,0.002742788895306,0.001571122965475,23,25,1,Unanimous B/LB-directed,logo_CHEK2
NC_000016.10:89739478:T:C,FANCA,1,0.7889700884552691,1.0,0.6894048117022054,1.0,0.7743661937995361,1.0,0.7533109705500725,1.0,4.0,1111,0.7515130161267707,0.7797571366958619,24,25,1,Unanimous LP/P-directed,logo_FANCA
NC_000016.10:89740014:G:A,FANCA,1,0.0133141306335201,0.0,0.0524878579573043,0.0,0.071278669476363,0.0,0.1848656567842274,0.0,0.0,0000,0.0804865787128537,0.063639636608417,25,25,1,Unanimous B/LB-directed,logo_FANCA
NC_000016.10:89746847:T:C,FANCA,1,0.2345564616338258,0.0,0.4257887447029713,0.0,0.2964947452989549,0.0,0.4025193453312919,0.0,0.0,0000,0.339839824241761,0.3292286335128274,25,25,1,Unanimous B/LB-directed,logo_FANCA
NC_000016.10:89746889:T:C,FANCA,1,0.1587573332527839,0.0,0.4027620383694052,0.0,0.2265266751874566,0.0,0.1351293754278787,0.0,0.0,0000,0.2307938555593811,0.2118071381501561,25,25,1,Unanimous B/LB-directed,logo_FANCA
NC_000016.10:89761948:C:T,FANCA,1,0.6379055864147689,1.0,0.8446251024871329,1.0,0.5493477918539369,1.0,0.6892033084477445,1.0,4.0,1111,0.6802704473008958,0.7051220030517981,23,25,1,Unanimous LP/P-directed,logo_FANCA
NC_000016.10:89765028:C:T,FANCA,1,0.2099938959707075,0.0,0.4877751601524473,0.0,0.1936818866115364,0.0,0.2720924559942781,0.0,0.0,0000,0.2908858496822423,0.2758639982975355,25,25,1,Unanimous B/LB-directed,logo_FANCA
NC_000016.10:89765061:T:G,FANCA,1,0.979491787211532,1.0,0.9921754587888552,1.0,0.8656395442190102,1.0,0.9748613116193422,1.0,4.0,1111,0.9530420254596847,0.9673462113080464,25,25,1,Unanimous LP/P-directed,logo_FANCA
NC_000016.10:89816613:A:G,FANCA,1,0.8093201921316225,1.0,0.92841794612665,1.0,0.830057436877724,1.0,0.9481863654571194,1.0,4.0,1111,0.8789954851482791,0.9039635815796148,21,25,1,Unanimous LP/P-directed,logo_FANCA
NC_000016.10:89738683:C:A,FANCA,1,0.2362813338345913,0.0,0.4822254840689555,0.0,0.5960653618724399,1.0,0.2519192220735726,0.0,1.0,0010,0.3916228504623898,0.386450086975548,24,25,1,Mixed votes,logo_FANCA
NC_000016.10:89738883:C:A,FANCA,1,,,,,,,,,,,,,11,25,0,,logo_FANCA
NC_000016.10:89738928:G:A,FANCA,1,,,,,,,,,,,,,11,25,0,,logo_FANCA
NC_000016.10:89738942:C:G,FANCA,1,0.806843577862671,1.0,0.9465311958617058,1.0,0.7520025505016174,1.0,0.8170708773840956,1.0,4.0,1111,0.8306120504025225,0.8585787268706072,25,25,1,Unanimous LP/P-directed,logo_FANCA
NC_000016.10:89738943:G:A,FANCA,1,0.48937755583053,0.0,0.7719919132720493,1.0,0.3274312000613591,0.0,0.4392511185468529,0.0,1.0,0100,0.5070129469276978,0.5151439729803876,25,25,1,Mixed votes,logo_FANCA
NC_000016.10:89738946:C:G,FANCA,1,0.9716915880052996,1.0,0.9882321536477964,1.0,0.8600600088909998,1.0,0.955555672433504,1.0,4.0,1111,0.9438848557443998,0.960037143711285,25,25,1,Unanimous LP/P-directed,logo_FANCA
NC_000016.10:89739219:C:G,FANCA,1,0.2853634107266237,0.0,0.6158403754182996,0.0,0.4254424939368585,0.0,0.1895097963769412,0.0,0.0,0000,0.3790390191146808,0.3724897918604851,25,25,1,Unanimous B/LB-directed,logo_FANCA
NC_000016.10:89739230:C:G,FANCA,1,0.9657609722935137,1.0,0.9709719115903942,1.0,0.9371358244887158,1.0,0.954195421969676,1.0,4.0,1111,0.9570160325855748,0.970456797768129,25,25,1,Unanimous LP/P-directed,logo_FANCA
NC_000016.10:89739514:C:G,FANCA,1,0.0199242979153195,0.0,0.0536691660423567,0.0,0.0633208603181892,0.0,0.0808287914302371,0.0,0.0,0000,0.0544357789265256,0.0408425088260012,25,25,1,Unanimous B/LB-directed,logo_FANCA
NC_000016.10:89739516:G:A,FANCA,1,0.1019382938704782,0.0,0.1926507168288751,0.0,0.3530729385656943,0.0,0.2442625403784455,0.0,0.0,0000,0.2229811224108733,0.2036278380848526,25,25,1,Unanimous B/LB-directed,logo_FANCA
NC_000016.10:89740845:G:C,FANCA,1,0.4276401790035033,0.0,0.7586552248273382,1.0,0.6364563191845847,1.0,0.4613728461993457,0.0,2.0,0110,0.571031142303693,0.5862544140566982,25,25,1,Mixed votes,logo_FANCA
NC_000016.10:89744973:C:G,FANCA,1,0.1370835190281163,0.0,0.3307232792704771,0.0,0.1178933825696296,0.0,0.1930794189310854,0.0,0.0,0000,0.194694899949827,0.1743582811194535,25,25,1,Unanimous B/LB-directed,logo_FANCA
NC_000016.10:89745003:G:A,FANCA,1,0.6163742892927426,1.0,0.7870886324624141,1.0,0.740956606311209,1.0,0.5295581468170577,0.0,3.0,1110,0.6684944187208559,0.6925273956470438,25,25,1,Mixed votes,logo_FANCA
NC_000016.10:89746605:G:A,FANCA,1,0.8124386077974364,1.0,0.8775916111245026,1.0,0.8055445881383743,1.0,0.43561322057107,0.0,3.0,1110,0.7327970069078458,0.7604365627318628,25,25,1,Mixed votes,logo_FANCA
NC_000016.10:89746606:G:A,FANCA,1,0.7673284535951369,1.0,0.8196450140084407,1.0,0.7396618002861389,1.0,0.4538470631382727,0.0,3.0,1110,0.6951205827569973,0.7209095990628469,25,25,1,Mixed votes,logo_FANCA
NC_000016.10:89746852:T:A,FANCA,1,0.6565071360757921,1.0,0.8489276207550074,1.0,0.302424081042612,0.0,0.3332044988552854,0.0,2.0,1100,0.5352658341821742,0.5466052076328206,25,25,1,Mixed votes,logo_FANCA
NC_000016.10:89746888:C:G,FANCA,1,0.195373811627534,0.0,0.5232634882199128,0.0,0.3756991754007368,0.0,0.3220354087927349,0.0,0.0,0000,0.3540929710102296,0.3449137568539894,25,25,1,Unanimous B/LB-directed,logo_FANCA
NC_000016.10:89748671:A:C,FANCA,1,0.9326746981186308,1.0,0.8322092590869791,1.0,0.7252623201597133,1.0,0.8855165298287693,1.0,4.0,1111,0.8439157017985232,0.8713044470388318,25,25,1,Unanimous LP/P-directed,logo_FANCA
NC_000016.10:89748677:T:G,FANCA,1,0.3291387497584087,0.0,0.5316698651868723,0.0,0.2632385942451963,0.0,0.6550892322582612,1.0,1.0,0001,0.4447841103621847,0.4456700884815147,25,25,1,Mixed votes,logo_FANCA
NC_000016.10:89749729:C:A,FANCA,1,0.9866285432774256,1.0,0.998606629405352,1.0,0.8663220774264845,1.0,0.992068618275224,1.0,4.0,1111,0.9609064670961216,0.973462635938258,24,25,1,Unanimous LP/P-directed,logo_FANCA
NC_000016.10:89749729:C:T,FANCA,1,0.9854644615477262,1.0,0.996534524574366,1.0,0.9073139138603722,1.0,0.9852653643492302,1.0,4.0,1111,0.9686445660829236,0.9793138752347512,24,25,1,Unanimous LP/P-directed,logo_FANCA
NC_000016.10:89749804:C:T,FANCA,1,0.7053573206621102,1.0,0.9264826983977336,1.0,0.4994629309323379,0.0,0.7591231733425059,1.0,3.0,1101,0.7226065308336719,0.7498254089570952,25,25,1,Mixed votes,logo_FANCA
NC_000016.10:89749805:G:A,FANCA,1,0.964724323901247,1.0,0.994722343659923,1.0,0.7639597169045235,1.0,0.9465824622631605,1.0,4.0,1111,0.9174972116822134,0.9380388696210454,25,25,1,Unanimous LP/P-directed,logo_FANCA
NC_000016.10:89749805:G:C,FANCA,1,0.9271897259576862,1.0,0.9819177057896948,1.0,0.6861070525594405,1.0,0.7647930039205914,1.0,4.0,1111,0.8400018720568533,0.8675787842036287,25,25,1,Unanimous LP/P-directed,logo_FANCA
NC_000016.10:89761948:C:A,FANCA,1,0.669653789067428,1.0,0.8490312386691312,1.0,0.7434341127424703,1.0,0.4846533195971224,0.0,3.0,1110,0.686693115019038,0.7119635028492187,23,25,1,Mixed votes,logo_FANCA
NC_000016.10:89761949:G:A,FANCA,1,0.9184318576281548,1.0,0.9579069400456538,1.0,0.8694873947127222,1.0,0.7696840216169034,1.0,4.0,1111,0.8788775535008586,0.9038561608466088,23,25,1,Unanimous LP/P-directed,logo_FANCA
NC_000016.10:89761993:T:C,FANCA,1,0.965329708629761,1.0,0.9570469365411938,1.0,0.8743813092343804,1.0,0.7270649447540692,1.0,4.0,1111,0.8809557247898511,0.9057465971076758,25,25,1,Unanimous LP/P-directed,logo_FANCA
NC_000016.10:89761994:C:T,FANCA,1,0.9948794322050198,1.0,0.9878736483623852,1.0,0.9770764867250092,1.0,0.9773046271598048,1.0,4.0,1111,0.9842835486130548,0.9904912586898328,25,25,1,Unanimous LP/P-directed,logo_FANCA
NC_000016.10:89762006:A:G,FANCA,1,0.9958011636877414,1.0,0.9886339760287456,1.0,0.9994185869648674,1.0,0.9832558465417356,1.0,4.0,1111,0.9917773933057724,0.9954012214087375,25,25,1,Unanimous LP/P-directed,logo_FANCA
NC_000016.10:89764905:T:A,FANCA,1,0.022195299254738,0.0,0.0328702201287789,0.0,0.0432103458377006,0.0,0.3341376363605511,0.0,0.0,0000,0.1081033753954422,0.0890290630084881,25,25,1,Unanimous B/LB-directed,logo_FANCA
NC_000016.10:89764929:T:G,FANCA,1,0.1856823950876045,0.0,0.8603086585890751,1.0,0.2318496100138219,0.0,0.7884560430885383,1.0,2.0,0101,0.51657417669476,0.525801291325665,25,25,1,Mixed votes,logo_FANCA
NC_000016.10:89764944:A:G,FANCA,1,0.93051755647411,1.0,0.959324646142412,1.0,0.9070825707817538,1.0,0.976963155372302,1.0,4.0,1111,0.9434719821926444,0.959703239619316,25,25,1,Unanimous LP/P-directed,logo_FANCA
NC_000016.10:89765035:C:G,FANCA,1,0.9672223291803336,1.0,0.9815010016628488,1.0,0.8747982955275185,1.0,0.9838974436939956,1.0,4.0,1111,0.951854767516174,0.9664094108353808,25,25,1,Unanimous LP/P-directed,logo_FANCA
NC_000016.10:89767207:A:G,FANCA,1,0.9560139319573836,1.0,0.9857745891255968,1.0,0.8292650742008102,1.0,0.959945987685604,1.0,4.0,1111,0.9327498957423488,0.9509110801887738,25,25,1,Unanimous LP/P-directed,logo_FANCA
NC_000016.10:89767214:A:C,FANCA,1,0.9689219292061472,1.0,0.9754616208600267,1.0,0.9410486990086128,1.0,0.9650800676459476,1.0,4.0,1111,0.9626280791801836,0.974779654329839,25,25,1,Unanimous LP/P-directed,logo_FANCA
NC_000016.10:89767228:G:C,FANCA,1,0.7921070235756931,1.0,0.9553169950138012,1.0,0.4977017302067212,0.0,0.5147357065776297,0.0,2.0,1100,0.6899653638434613,0.7154413647756726,25,25,1,Mixed votes,logo_FANCA
NC_000016.10:89769890:A:G,FANCA,1,0.1822983678631045,0.0,0.3915300503569299,0.0,0.3979532494428822,0.0,0.6718006349175504,1.0,1.0,0001,0.4108955756451167,0.4078818005894803,25,25,1,Mixed votes,logo_FANCA
NC_000016.10:89769978:C:G,FANCA,1,0.8277743892428466,1.0,0.9221807738700376,1.0,0.4603514912618536,0.0,0.772447290411695,1.0,3.0,1101,0.7456884861966082,0.773768603861804,25,25,1,Mixed votes,logo_FANCA
NC_000016.10:89770191:G:A,FANCA,1,0.9883358965686188,1.0,0.9953117611798246,1.0,0.9149750525054856,1.0,0.9613972822267256,1.0,4.0,1111,0.9650049981201636,0.9765840396870884,25,25,1,Unanimous LP/P-directed,logo_FANCA
NC_000016.10:89770199:A:T,FANCA,1,0.975936893732382,1.0,0.9872373891142092,1.0,0.8563560438330791,1.0,0.966961938913931,1.0,4.0,1111,0.9466230663984004,0.9622423829335004,25,25,1,Unanimous LP/P-directed,logo_FANCA
NC_000016.10:89770257:G:T,FANCA,1,0.3337189935450308,0.0,0.6223288979191639,0.0,0.3587395319270116,0.0,0.1784107061481721,0.0,0.0,0000,0.3732995323848446,0.3661327742036928,25,25,1,Unanimous B/LB-directed,logo_FANCA
NC_000016.10:89770615:T:G,FANCA,1,0.1387167115639228,0.0,0.2638113129757589,0.0,0.4057394349645334,0.0,0.4123692798647499,0.0,0.0,0000,0.3051591848422413,0.2913314306226622,25,25,1,Unanimous B/LB-directed,logo_FANCA
NC_000016.10:89771774:C:G,FANCA,1,0.0408419468550402,0.0,0.0030995429893236,0.0,0.0110414239247376,0.0,0.0301050054540731,0.0,0.0,0000,0.0212719798057936,0.0141563929841616,25,25,1,Unanimous B/LB-directed,logo_FANCA
NC_000016.10:89771777:A:G,FANCA,1,0.992390773093958,1.0,0.9872047036776168,1.0,0.9703718673194378,1.0,0.9148371268668,1.0,4.0,1111,0.9662011177394532,0.9774857090274124,25,25,1,Unanimous LP/P-directed,logo_FANCA
NC_000016.10:89773305:A:G,FANCA,1,0.9917392472975152,1.0,0.973357831098576,1.0,0.9912115622512608,1.0,0.9818978280778238,1.0,4.0,1111,0.984551617181294,0.9906731836994276,25,25,1,Unanimous LP/P-directed,logo_FANCA
NC_000016.10:89778834:C:T,FANCA,1,0.0478969718907491,0.0,0.2504909107855294,0.0,0.2622148522374154,0.0,0.2701590814692569,0.0,0.0,0000,0.2076904540957377,0.1877357639257331,25,25,1,Unanimous B/LB-directed,logo_FANCA
NC_000016.10:89783083:G:A,FANCA,1,0.8585786161661892,1.0,0.8630432570781358,1.0,0.8515966254485056,1.0,0.3773122727753625,0.0,3.0,1110,0.7376326928670484,0.7654497732908611,25,25,1,Mixed votes,logo_FANCA
NC_000016.10:89783097:T:C,FANCA,1,0.9855825476078034,1.0,0.9689233130347096,1.0,0.9990748672990116,1.0,0.9466039919015282,1.0,4.0,1111,0.9750461799607631,0.984008335811456,25,25,1,Unanimous LP/P-directed,logo_FANCA
NC_000016.10:89791418:T:C,FANCA,1,0.9783354148926936,1.0,0.9725594855055,1.0,0.9730703271981426,1.0,0.8750169060055359,1.0,4.0,1111,0.949745533400468,0.964736937394614,25,25,1,Unanimous LP/P-directed,logo_FANCA
NC_000016.10:89791453:C:G,FANCA,1,0.6425301424282368,1.0,0.7638666220886862,1.0,0.684021964275079,1.0,0.2569506697587245,0.0,3.0,1110,0.5868423496376816,0.6036957598261697,25,25,1,Mixed votes,logo_FANCA
NC_000016.10:89791454:T:C,FANCA,1,0.9445244902031502,1.0,0.9511619947419846,1.0,0.9140706158673664,1.0,0.9486361578960965,1.0,4.0,1111,0.9395983146771494,0.9565532164169348,25,25,1,Unanimous LP/P-directed,logo_FANCA
NC_000016.10:89791457:C:A,FANCA,1,0.9961951147440946,1.0,0.9942011114087426,1.0,0.9929810166067808,1.0,0.9832364143715268,1.0,4.0,1111,0.9916534142827862,0.9953234910198164,25,25,1,Unanimous LP/P-directed,logo_FANCA
NC_000016.10:89791457:C:G,FANCA,1,0.996710175221994,1.0,0.9916731793535012,1.0,0.9995392643512352,1.0,0.988126699628736,1.0,4.0,1111,0.9940123296388664,0.9967757097262,25,25,1,Unanimous LP/P-directed,logo_FANCA
NC_000016.10:89791457:C:T,FANCA,1,0.9846624278909306,1.0,0.982300719208777,1.0,0.9435353521641135,1.0,0.833328453677117,1.0,4.0,1111,0.9359567382352346,0.953564359696884,25,25,1,Unanimous LP/P-directed,logo_FANCA
NC_000016.10:89791458:G:A,FANCA,1,0.9950219559526216,1.0,0.9917329125371668,1.0,0.9823163201459604,1.0,0.891212673314715,1.0,4.0,1111,0.9650709654876158,0.9766338802536324,25,25,1,Unanimous LP/P-directed,logo_FANCA
NC_000016.10:89791503:C:T,FANCA,1,0.005910498871321,0.0,0.0293142005041522,0.0,0.0747440354183658,0.0,0.1425811070600762,0.0,0.0,0000,0.0631374604634788,0.0483129932715494,25,25,1,Unanimous B/LB-directed,logo_FANCA
NC_000016.10:89791931:A:C,FANCA,1,0.7842203314459739,1.0,0.9241481602683684,1.0,0.7059599938508414,1.0,0.7245281221465942,1.0,4.0,1111,0.7847141519279446,0.8134430479041495,25,25,1,Unanimous LP/P-directed,logo_FANCA
NC_000016.10:89791986:C:A,FANCA,1,0.0160381233170034,0.0,0.2026454834827694,0.0,0.084901481588375,0.0,0.4201027257474448,0.0,0.0,0000,0.1809219535338981,0.1603207582284914,25,25,1,Unanimous B/LB-directed,logo_FANCA
NC_000016.10:89792066:A:G,FANCA,1,0.984410486623036,1.0,0.9732272282307568,1.0,0.9741327471020648,1.0,0.970456399739736,1.0,4.0,1111,0.9755567154238984,0.9843762819563184,25,25,1,Unanimous LP/P-directed,logo_FANCA
NC_000016.10:89792480:A:C,FANCA,1,0.9623485078766204,1.0,0.9508909592718144,1.0,0.8328442139288865,1.0,0.9006477528890501,1.0,4.0,1111,0.9116828584915928,0.9330301463571058,25,25,1,Unanimous LP/P-directed,logo_FANCA
NC_000016.10:89795940:A:C,FANCA,1,0.913623597736674,1.0,0.9194565107300692,1.0,0.7868527063645241,1.0,0.8038510806234282,1.0,4.0,1111,0.855945973863674,0.8826575577692832,25,25,1,Unanimous LP/P-directed,logo_FANCA
NC_000016.10:89805305:G:C,FANCA,1,0.0462658753403164,0.0,0.0082731843746218,0.0,0.0151996915345928,0.0,0.020861900589567,0.0,0.0,0000,0.0226501629597745,0.0151915625647052,25,25,1,Unanimous B/LB-directed,logo_FANCA
NC_000016.10:89805359:A:C,FANCA,1,0.943037624480576,1.0,0.9724834646913686,1.0,0.8352926710377949,1.0,0.9158325504056268,1.0,4.0,1111,0.9166615776538416,0.9373223165532326,25,25,1,Unanimous LP/P-directed,logo_FANCA
NC_000016.10:89816612:C:A,FANCA,1,0.79918246014022,1.0,0.9797047557471644,1.0,0.861055096412384,1.0,0.9730696874403368,1.0,4.0,1111,0.9032529999350264,0.9256765143925436,21,25,1,Unanimous LP/P-directed,logo_FANCA
NC_000016.10:89816613:A:C,FANCA,1,0.95513734310962,1.0,0.9942139444360766,1.0,0.8833827493517299,1.0,0.9763034621770516,1.0,4.0,1111,0.9522593747686195,0.9667290421213498,21,25,1,Unanimous LP/P-directed,logo_FANCA
NC_000016.10:89816613:A:T,FANCA,1,0.8747777365336804,1.0,0.9659058870595978,1.0,0.8835112896095774,1.0,0.9600930632904504,1.0,4.0,1111,0.9210719941233264,0.941091405039811,21,25,1,Unanimous LP/P-directed,logo_FANCA
NC_000016.10:89816614:T:A,FANCA,1,0.800522373429476,1.0,0.9902183773405512,1.0,0.8289883387110286,1.0,0.9709579392264488,1.0,4.0,1111,0.8976717571768762,0.9207509800981758,21,25,1,Unanimous LP/P-directed,logo_FANCA
NC_000016.10:89816614:T:C,FANCA,1,0.8136139293750467,1.0,0.983773965974488,1.0,0.833196629001435,1.0,0.9594585583315648,1.0,4.0,1111,0.8975107706706336,0.9206082578548064,21,25,1,Unanimous LP/P-directed,logo_FANCA
NC_000016.10:89816614:T:G,FANCA,1,0.7669914438051381,1.0,0.9851317910074076,1.0,0.8146325954540808,1.0,0.9742364052358926,1.0,4.0,1111,0.8852480588756297,0.9096340886076444,21,25,1,Unanimous LP/P-directed,logo_FANCA
NC_000016.10:89738889:C:T,FANCA,0,0.0331927952233592,0.0,2.246946774147871e-05,0.0,0.0009003337611189,0.0,0.004621102965372,0.0,0.0,0000,0.0096841753543979,0.0058551395202091,24,25,1,Unanimous B/LB-directed,logo_FANCA
NC_000016.10:89738890:G:A,FANCA,0,,,,,,,,,,,,,2,25,0,,logo_FANCA
NC_000016.10:89738908:C:T,FANCA,0,,,,,,,,,,,,,2,25,0,,logo_FANCA
NC_000016.10:89738915:C:T,FANCA,0,0.032288027572276,0.0,1.5712475670439436e-05,0.0,0.000165763130761,0.0,0.004621102965372,0.0,0.0,0000,0.0092726515360199,0.0055771577817735,25,25,1,Unanimous B/LB-directed,logo_FANCA
NC_000016.10:89738931:G:A,FANCA,0,,,,,,,,,,,,,2,25,0,,logo_FANCA
NC_000016.10:89738932:C:T,FANCA,0,,,,,,,,,,,,,2,25,0,,logo_FANCA
NC_000016.10:89738958:G:A,FANCA,0,,,,,,,,,,,,,2,25,0,,logo_FANCA
NC_000016.10:89739263:C:T,FANCA,0,0.0338300586448928,0.0,2.183169622596961e-06,0.0,0.0001104108760851,0.0,0.004621102965372,0.0,0.0,0000,0.0096409389139931,0.0058258639600889,25,25,1,Unanimous B/LB-directed,logo_FANCA
NC_000016.10:89739505:T:C,FANCA,0,0.0501183358607546,0.0,1.803161177580119e-05,0.0,5.7040747254365335e-05,0.0,0.004621102965372,0.0,0.0,0000,0.0137036277962892,0.0086404617769011,24,25,1,Unanimous B/LB-directed,logo_FANCA
NC_000016.10:89740068:C:T,FANCA,0,0.0424344804905063,0.0,2.164266469788629e-05,0.0,0.0006634751646952,0.0,0.0050134601303979,0.0,0.0,0000,0.0120332646125743,0.0074685314909723,25,25,1,Unanimous B/LB-directed,logo_FANCA
NC_000016.10:89745046:C:T,FANCA,0,0.0070337014961107,0.0,3.080809530138132e-06,0.0,0.0003454486971401,0.0,0.0138904612690638,0.0,0.0,0000,0.0053181730679612,0.0029935409532235,25,25,1,Unanimous B/LB-directed,logo_FANCA
NC_000016.10:89746684:G:C,FANCA,0,0.0014229759107519,0.0,2.729291358458436e-05,0.0,0.0026571725071118,0.0,0.0378062387198397,0.0,0.0,0000,0.010478420012822,0.0063957366102396,25,25,1,Unanimous B/LB-directed,logo_FANCA
NC_000016.10:89748709:C:G,FANCA,0,0.0241978023824254,0.0,7.33802047254509e-05,0.0,0.002429657701387,0.0,0.0167990743684515,0.0,0.0,0000,0.0108749786642473,0.0066675816097616,24,25,1,Unanimous B/LB-directed,logo_FANCA
NC_000016.10:89748741:C:T,FANCA,0,0.0331431730266814,0.0,9.261112937244827e-06,0.0,0.0001927854710421,0.0,0.0046225449426248,0.0,0.0,0000,0.0094919411383214,0.0057251014215952,25,25,1,Unanimous B/LB-directed,logo_FANCA
NC_000016.10:89748743:G:A,FANCA,0,0.0462896986197858,0.0,0.0005991978320763,0.0,0.0019400790006904,0.0,0.0317529278596824,0.0,0.0,0000,0.0201454758280587,0.0133166748684114,24,25,1,Unanimous B/LB-directed,logo_FANCA
NC_000016.10:89752172:G:A,FANCA,0,0.0246060550850924,0.0,6.347215902454875e-06,0.0,5.7040747254365335e-05,0.0,0.0067885681229959,0.0,0.0,0000,0.0078645027928113,0.0046377944220109,25,25,1,Unanimous B/LB-directed,logo_FANCA
NC_000016.10:89758698:G:T,FANCA,0,0.0184310657424667,0.0,0.0014605798349226,0.0,0.0118365830706827,0.0,0.0567777045031593,0.0,0.0,0000,0.0221264832878078,0.0147972281791219,25,25,1,Unanimous B/LB-directed,logo_FANCA
NC_000016.10:89767167:G:C,FANCA,0,0.0348687099611881,0.0,0.0002106391337519,0.0,0.0011622304298396,0.0,0.0134842818862116,0.0,0.0,0000,0.0124314653527478,0.0077461626283265,24,25,1,Unanimous B/LB-directed,logo_FANCA
NC_000016.10:89769914:C:T,FANCA,0,0.0913807072958573,0.0,0.0006573833691302,0.0,0.186911933806438,0.0,0.0393480765229443,0.0,0.0,0000,0.0795745252485924,0.0628208477108656,24,25,1,Unanimous B/LB-directed,logo_FANCA
NC_000016.10:89770214:C:T,FANCA,0,0.0389690807145829,0.0,9.501476450147464e-06,0.0,0.0014510128062938,0.0,0.0070397729246439,0.0,0.0,0000,0.0118673419804927,0.0073531838774637,25,25,1,Unanimous B/LB-directed,logo_FANCA
NC_000016.10:89770245:C:A,FANCA,0,0.0033411835235892,0.0,2.6631851341909637e-05,0.0,0.0127492112878973,0.0,0.00724112485637,0.0,0.0,0000,0.0058395378797996,0.0033236768286999,25,25,1,Unanimous B/LB-directed,logo_FANCA
NC_000016.10:89770569:G:A,FANCA,0,0.0017615421666253,0.0,0.0006923765861998,0.0,0.0065414590653201,0.0,0.0091360628467441,0.0,0.0,0000,0.0045328601662223,0.0025037082833389,25,25,1,Unanimous B/LB-directed,logo_FANCA
NC_000016.10:89771677:C:A,FANCA,0,0.0939076671511238,0.0,0.0152229763366805,0.0,0.2195807930155145,0.0,0.0370583930686503,0.0,0.0,0000,0.0914424573929923,0.0735783942732325,24,25,1,Unanimous B/LB-directed,logo_FANCA
NC_000016.10:89771807:G:A,FANCA,0,0.0076436079850043,0.0,4.405854470469339e-06,0.0,0.0012297108701004,0.0,0.0127563596485878,0.0,0.0,0000,0.0054085210895407,0.0030504815289094,25,25,1,Unanimous B/LB-directed,logo_FANCA
NC_000016.10:89773356:G:C,FANCA,0,0.0141578736650881,0.0,3.886539519439093e-05,0.0,0.0007186097598117,0.0,0.0127338852876475,0.0,0.0,0000,0.0069123085269354,0.0040139750485499,25,25,1,Unanimous B/LB-directed,logo_FANCA
NC_000016.10:89773357:G:C,FANCA,0,0.0537067921452293,0.0,5.7471742692346295e-05,0.0,0.0001445173561786,0.0,0.0056802957910723,0.0,0.0,0000,0.0148972692587931,0.0094891374175351,24,25,1,Unanimous B/LB-directed,logo_FANCA
NC_000016.10:89783071:C:T,FANCA,0,0.0584955973518063,0.0,4.999004284431965e-06,0.0,0.0009335046695181,0.0,0.0076965571561988,0.0,0.0,0000,0.0167826645454519,0.0108470546170708,24,25,1,Unanimous B/LB-directed,logo_FANCA
NC_000016.10:89791526:G:A,FANCA,0,0.0998580251688398,0.0,0.0001985906632565,0.0,0.0639562848458042,0.0,0.0810975950987665,0.0,0.0,0000,0.0612776239441668,0.0467032033331852,24,25,1,Unanimous B/LB-directed,logo_FANCA
NC_000016.10:89795954:G:C,FANCA,0,0.0434973752456937,0.0,0.2037249354582663,0.0,0.1762993840153744,0.0,0.1874767047202981,0.0,0.0,0000,0.1527495998599081,0.1321062272956006,25,25,1,Unanimous B/LB-directed,logo_FANCA
NC_000016.10:89795979:A:G,FANCA,0,0.0325672765279625,0.0,0.0001369482272421,0.0,0.0023007389904491,0.0,0.0312881932105819,0.0,0.0,0000,0.0165732892390589,0.0106952557964931,25,25,1,Unanimous B/LB-directed,logo_FANCA
NC_000016.10:89799207:C:G,FANCA,0,0.0303734432711071,0.0,6.614107481925588e-05,0.0,0.0030553181067874,0.0,0.0263316266009757,0.0,0.0,0000,0.0149566322634223,0.0095315746858349,25,25,1,Unanimous B/LB-directed,logo_FANCA
NC_000016.10:89799634:T:C,FANCA,0,0.0469429675800531,0.0,9.712891348154904e-05,0.0,0.0097105014479486,0.0,0.0242631630112693,0.0,0.0,0000,0.0202534402381881,0.0133968961418652,24,25,1,Unanimous B/LB-directed,logo_FANCA
NC_000016.10:89803295:T:C,FANCA,0,0.1588659517613524,0.0,0.0005211555299421,0.0,0.1145368080302534,0.0,0.1170019001928189,0.0,0.0,0000,0.0977314538785917,0.0793651159310508,25,25,1,Unanimous B/LB-directed,logo_FANCA
NC_000016.10:89803296:C:T,FANCA,0,0.0444616066081579,0.0,0.0002329077509576,0.0,0.0054630764489145,0.0,0.0155142174964645,0.0,0.0,0000,0.0164179520761236,0.0105827925399802,25,25,1,Unanimous B/LB-directed,logo_FANCA
NC_000016.10:89805365:G:A,FANCA,0,0.0433019435393367,0.0,0.000139546408503,0.0,0.0053201948556841,0.0,0.0137897940612196,0.0,0.0,0000,0.0156378697161859,0.0100200839485162,25,25,1,Unanimous B/LB-directed,logo_FANCA
NC_000016.10:89805387:G:A,FANCA,0,0.0417641694790274,0.0,9.569489141899962e-05,0.0,0.0006464073696532,0.0,0.0119055325222832,0.0,0.0,0000,0.0136029510655957,0.00856929493008,24,25,1,Unanimous B/LB-directed,logo_FANCA
NC_000016.10:89808347:G:A,FANCA,0,0.0368347888851043,0.0,1.821018163357284e-05,0.0,0.0023190834702439,0.0,0.0077808609117576,0.0,0.0,0000,0.0117382358621848,0.0072635695935806,24,25,1,Unanimous B/LB-directed,logo_FANCA
NC_000016.10:89810771:G:C,FANCA,0,0.0615370341909396,0.0,0.0142174860909468,0.0,0.0322022341224453,0.0,0.0587348457461254,0.0,0.0,0000,0.0416729000376142,0.0301947194760442,25,25,1,Unanimous B/LB-directed,logo_FANCA
NC_000016.10:89816591:G:C,FANCA,0,0.0461100055163709,0.0,0.0001246818594909,0.0,0.0016613434138075,0.0,0.0083790990679103,0.0,0.0,0000,0.0140687824643949,0.0088991331215238,24,25,1,Unanimous B/LB-directed,logo_FANCA
NC_000016.10:89816598:A:T,FANCA,0,0.0524215148451733,0.0,0.0010105407720362,0.0,0.0014954229281971,0.0,0.004621102965372,0.0,0.0,0000,0.0148871453776947,0.0094819022151182,23,25,1,Unanimous B/LB-directed,logo_FANCA
NC_000016.10:89738215:G:C,FANCA,0,,,,,,,,,,,,,2,25,0,,logo_FANCA
NC_000016.10:89738704:G:A,FANCA,0,,,,,,,,,,,,,2,25,0,,logo_FANCA
NC_000016.10:89738707:G:A,FANCA,0,,,,,,,,,,,,,2,25,0,,logo_FANCA
NC_000016.10:89738887:C:G,FANCA,0,,,,,,,,,,,,,2,25,0,,logo_FANCA
NC_000016.10:89738896:G:A,FANCA,0,,,,,,,,,,,,,2,25,0,,logo_FANCA
NC_000016.10:89738899:G:A,FANCA,0,,,,,,,,,,,,,2,25,0,,logo_FANCA
NC_000016.10:89738905:T:C,FANCA,0,,,,,,,,,,,,,2,25,0,,logo_FANCA
NC_000016.10:89738941:A:G,FANCA,0,,,,,,,,,,,,,2,25,0,,logo_FANCA
NC_000016.10:89738965:G:A,FANCA,0,,,,,,,,,,,,,2,25,0,,logo_FANCA
NC_000016.10:89738965:G:C,FANCA,0,,,,,,,,,,,,,2,25,0,,logo_FANCA
NC_000016.10:89738968:G:A,FANCA,0,,,,,,,,,,,,,2,25,0,,logo_FANCA
NC_000016.10:89740070:T:G,FANCA,0,0.0393816917399941,0.0,0.0030742591252292,0.0,0.0251369546945074,0.0,0.0194038017269051,0.0,0.0,0000,0.0217491768216589,0.0145138634126322,25,25,1,Unanimous B/LB-directed,logo_FANCA
NC_000016.10:89764941:G:C,FANCA,0,0.0195714655863199,0.0,0.000287664720807,0.0,0.003330007778506,0.0,0.013135678249844,0.0,0.0,0000,0.0090812040838692,0.0054483493080821,25,25,1,Unanimous B/LB-directed,logo_FANCA
NC_000016.10:89765019:A:T,FANCA,0,0.0258596044415835,0.0,6.363567479970447e-05,0.0,0.0027085340373001,0.0,0.0097097802940701,0.0,0.0,0000,0.0095853886119383,0.0057882744121383,25,25,1,Unanimous B/LB-directed,logo_FANCA
NC_000016.10:89765039:G:T,FANCA,0,0.0236324573838682,0.0,0.0050775390554929,0.0,0.0519077960982593,0.0,0.1580281561032822,0.0,0.0,0000,0.0596614871602257,0.0453100042806146,25,25,1,Unanimous B/LB-directed,logo_FANCA
NC_000016.10:89771738:A:G,FANCA,0,0.0435864937207284,0.0,1.8740483744594185e-06,0.0,8.213933619343315e-05,0.0,0.0066598751877835,0.0,0.0,0000,0.0125825955732699,0.0078518260104674,25,25,1,Unanimous B/LB-directed,logo_FANCA
NC_000016.10:89775752:T:A,FANCA,0,0.017173335862365,0.0,0.0008680385909974,0.0,0.0009995858131153,0.0,0.0089034324683626,0.0,0.0,0000,0.0069860981837101,0.0040619614482588,25,25,1,Unanimous B/LB-directed,logo_FANCA
NC_000016.10:89783071:CG:TA,FANCA,0,,,,,,,,,,,,,0,25,0,,logo_FANCA
NC_000016.10:89791491:G:C,FANCA,0,0.0075155050469777,0.0,0.0007485481066704,0.0,0.0049598545573608,0.0,0.0094904026762124,0.0,0.0,0000,0.0056785775968053,0.0032213589622149,25,25,1,Unanimous B/LB-directed,logo_FANCA
NC_000016.10:89808345:C:T,FANCA,0,0.028360711162581,0.0,0.0018569119698019,0.0,0.0046286348153892,0.0,0.0098244831255544,0.0,0.0,0000,0.0111676852683317,0.0068690281985575,25,25,1,Unanimous B/LB-directed,logo_FANCA
NC_000016.10:89814599:A:G,FANCA,0,0.0424533299425937,0.0,0.0001328698330648,0.0,0.0007940699891536,0.0,0.0119505073716219,0.0,0.0,0000,0.0138326942841085,0.0087317930694377,25,25,1,Unanimous B/LB-directed,logo_FANCA
NC_000016.10:89815972:C:G,FANCA,0,0.0294850630361964,0.0,0.0006520745903095,0.0,0.0031330836826971,0.0,0.0073914340789728,0.0,0.0,0000,0.0101654138470439,0.0061820637517722,25,25,1,Unanimous B/LB-directed,logo_FANCA
NC_000016.10:89816555:C:G,FANCA,0,0.0179360359411006,0.0,0.0039064878017557,0.0,0.0306937433716795,0.0,0.0874599380555507,0.0,0.0,0000,0.0349990512925216,0.0247968233976932,24,25,1,Unanimous B/LB-directed,logo_FANCA
NC_000009.12:95101722:A:G,FANCC,1,0.8595754216144187,1.0,0.7996545118293144,1.0,0.7118088255379162,1.0,0.7949453737175841,1.0,4.0,1111,0.7914960331748084,0.8168279303419816,24,25,1,Unanimous LP/P-directed,logo_FANCC
NC_000009.12:95107111:A:C,FANCC,1,0.9476278338745876,1.0,0.8582371028329168,1.0,0.7858433555426503,1.0,0.9257585909299302,1.0,4.0,1111,0.8793667207950213,0.9018092123979086,25,25,1,Unanimous LP/P-directed,logo_FANCC
NC_000009.12:95135484:G:A,FANCC,1,0.8420748901138855,1.0,0.765921709893022,1.0,0.2623893279306361,0.0,0.5848807703193939,1.0,3.0,1101,0.6138166745642344,0.6297187176511276,25,25,1,Mixed votes,logo_FANCC
NC_000009.12:95249288:C:A,FANCC,1,0.9731831586177117,1.0,0.9066086255272456,1.0,0.7464760430074334,1.0,0.975747532251934,1.0,4.0,1111,0.9005038398510812,0.9210788672564184,21,25,1,Unanimous LP/P-directed,logo_FANCC
NC_000009.12:95107204:T:C,FANCC,0,0.047442994716321,0.0,5.335168698238737e-05,0.0,0.0029109049376296,0.0,0.0052456005017559,0.0,0.0,0000,0.0139132129606722,0.0090117480011762,25,25,1,Unanimous B/LB-directed,logo_FANCC
NC_000009.12:95107253:C:T,FANCC,0,0.0172242407236544,0.0,0.0015441874976469,0.0,0.0077834654145502,0.0,0.0117428023770263,0.0,0.0,0000,0.0095736740032194,0.0059466244623848,25,25,1,Unanimous B/LB-directed,logo_FANCC
NC_000009.12:95111287:G:A,FANCC,0,,,,,,,,,,,,,2,25,0,,logo_FANCC
NC_000009.12:95125108:C:T,FANCC,0,0.0039687950240594,0.0,9.485422879146435e-05,0.0,0.0092156354711587,0.0,0.0164550713708109,0.0,0.0,0000,0.0074335890237051,0.0044895101621222,25,25,1,Unanimous B/LB-directed,logo_FANCC
NC_000009.12:95172076:C:T,FANCC,0,0.002181261466229,0.0,0.0001341893415043,0.0,0.0306522639740215,0.0,0.0307969829373091,0.0,0.0,0000,0.015941174429766,0.0104854243655989,25,25,1,Unanimous B/LB-directed,logo_FANCC
NC_000009.12:95107174:G:A,FANCC,0,0.0501558349843666,0.0,0.0003861919247016,0.0,0.0124323369708633,0.0,0.0163442495696779,0.0,0.0,0000,0.0198296533624023,0.0133717184837049,25,25,1,Unanimous B/LB-directed,logo_FANCC
NC_000009.12:95107174:G:T,FANCC,0,0.0685069767344885,0.0,0.000621900989864,0.0,0.002333337628238,0.0,0.0070857888255121,0.0,0.0,0000,0.0196370010445256,0.0132270051554378,25,25,1,Unanimous B/LB-directed,logo_FANCC
NC_000009.12:95107207:G:A,FANCC,0,0.0195321644775521,0.0,0.0014202262113262,0.0,0.0011556730959544,0.0,0.0101585927603219,0.0,0.0,0000,0.0080666641362886,0.0049161321212165,25,25,1,Unanimous B/LB-directed,logo_FANCC
NC_000009.12:95107246:C:T,FANCC,0,0.0344812849600323,0.0,0.0004660769137484,0.0,2.725022728691885e-05,0.0,0.0101030093998331,0.0,0.0,0000,0.0112694053752251,0.0071285167832558,25,25,1,Unanimous B/LB-directed,logo_FANCC
NC_000009.12:95111576:C:A,FANCC,0,0.0177961237539295,0.0,0.0001311814945659,0.0,0.0010508893395207,0.0,0.0055849930820199,0.0,0.0,0000,0.006140796917509,0.0036313716880162,25,25,1,Unanimous B/LB-directed,logo_FANCC
NC_000009.12:95111599:T:C,FANCC,0,0.0478489890838468,0.0,0.000374554026262,0.0,0.0012864353490157,0.0,0.007778698643385,0.0,0.0,0000,0.0143221692756274,0.0093070145632282,25,25,1,Unanimous B/LB-directed,logo_FANCC
NC_000009.12:95114707:T:C,FANCC,0,0.0528567492374177,0.0,0.0002753656002222,0.0,0.0024000814204358,0.0,0.0068336479980565,0.0,0.0,0000,0.0155914610640331,0.0102296379530403,25,25,1,Unanimous B/LB-directed,logo_FANCC
NC_000009.12:95125150:T:C,FANCC,0,0.0115138647123823,0.0,0.0002522216632092,0.0,0.0017486834878963,0.0,0.0054189932621372,0.0,0.0,0000,0.0047334407814063,0.0027202566357942,25,25,1,Unanimous B/LB-directed,logo_FANCC
NC_000009.12:95249154:C:T,FANCC,0,0.0518236392298576,0.0,0.0077163869893785,0.0,0.0063428542713606,0.0,0.0165916405547966,0.0,0.0,0000,0.0206186302613483,0.0139661121452463,25,25,1,Unanimous B/LB-directed,logo_FANCC
NC_000009.12:95249274:A:G,FANCC,0,0.0604263234882527,0.0,0.0007157815557579,0.0,5.833487266039166e-08,0.0,0.0055454659458065,0.0,0.0,0000,0.0166719073311724,0.0110220186863473,24,25,1,Unanimous B/LB-directed,logo_FANCC
NC_000008.11:89953514:T:C,NBN,1,0.0664819462545231,0.0,0.1470579517123616,0.0,0.2031527272725059,0.0,0.0521046773122786,0.0,0.0,0000,0.1171993256379173,0.1001376568341411,24,25,1,Unanimous B/LB-directed,logo_NBN
NC_000008.11:89958853:C:T,NBN,1,0.016253705910251,0.0,0.0062950200162207,0.0,0.0023906256873775,0.0,0.0100133389139249,0.0,0.0,0000,0.0087381726319435,0.0055827337616383,24,25,1,Unanimous B/LB-directed,logo_NBN
NC_000008.11:89947855:C:T,NBN,0,0.01357704794119,0.0,0.0003798514417976,0.0,0.0072211602379734,0.0,0.0100133389139249,0.0,0.0,0000,0.0077978496337215,0.0049229667730743,24,25,1,Unanimous B/LB-directed,logo_NBN
NC_000008.11:89953398:C:T,NBN,0,0.0024173566497269,0.0,0.0002668683315058,0.0,0.0005803852291639,0.0,0.0100133389139249,0.0,0.0,0000,0.0033194872810804,0.0019182552838494,24,25,1,Unanimous B/LB-directed,logo_NBN
NC_000008.11:89953599:T:C,NBN,0,0.0143555060619896,0.0,5.122682573028499e-05,0.0,0.0015777139535613,0.0,0.0100133389139249,0.0,0.0,0000,0.0064994464388015,0.004026072718663,24,25,1,Unanimous B/LB-directed,logo_NBN
NC_000008.11:89955457:T:C,NBN,0,0.0054255839705312,0.0,0.0001501839763696,0.0,0.0002141181675261,0.0,0.0100133389139249,0.0,0.0,0000,0.003950806257088,0.0023243799168022,24,25,1,Unanimous B/LB-directed,logo_NBN
NC_000008.11:89970462:G:A,NBN,0,0.0003225542277338,0.0,1.92581224428841e-05,0.0,0.0190436143288646,0.0,0.0131131312727652,0.0,0.0,0000,0.0081246394879516,0.0051513386424055,24,25,1,Unanimous B/LB-directed,logo_NBN
NC_000008.11:89978250:C:G,NBN,0,0.0098787861818497,0.0,0.0001157840704615,0.0,0.0016765524950305,0.0,0.0100133389139249,0.0,0.0,0000,0.0054211154153167,0.0032954325444926,23,25,1,Unanimous B/LB-directed,logo_NBN
NC_000008.11:89935601:A:T,NBN,0,0.016097471272561,0.0,0.0001897803123003,0.0,0.0039161525866736,0.0,0.0100133389139249,0.0,0.0,0000,0.007554185771365,0.0047533485485603,24,25,1,Unanimous B/LB-directed,logo_NBN
NC_000008.11:89943290:T:C,NBN,0,0.003294745132671,0.0,0.0002352453355665,0.0,0.0034740670274105,0.0,0.0100133389139249,0.0,0.0,0000,0.0042543491023932,0.0025221486568465,24,25,1,Unanimous B/LB-directed,logo_NBN
NC_000008.11:89946189:C:T,NBN,0,0.0302364046606411,0.0,0.0001005705076466,0.0,0.0024568140325884,0.0,0.0100133389139249,0.0,0.0,0000,0.0107017820287002,0.00698451167577,24,25,1,Unanimous B/LB-directed,logo_NBN
NC_000008.11:89946195:G:C,NBN,0,0.0309289932187832,0.0,5.234911565962985e-05,0.0,0.0016307748751464,0.0,0.0100133389139249,0.0,0.0,0000,0.0106563640308785,0.0069517518322364,24,25,1,Unanimous B/LB-directed,logo_NBN
NC_000008.11:89953323:C:T,NBN,0,0.0345941436666188,0.0,6.47045702804094e-05,0.0,0.0002821465429894,0.0,0.0100133389139249,0.0,0.0,0000,0.0112385834234534,0.0073728331157294,24,25,1,Unanimous B/LB-directed,logo_NBN
NC_000008.11:89953429:C:G,NBN,0,0.0337778080963682,0.0,0.000134585484153,0.0,0.0028718713749478,0.0,0.0100133389139249,0.0,0.0,0000,0.0116994009673485,0.0077078048025492,24,25,1,Unanimous B/LB-directed,logo_NBN
NC_000008.11:89955351:T:C,NBN,0,0.0200280156368976,0.0,0.000158761682559,0.0,0.0001830860506195,0.0,0.0100133389139249,0.0,0.0,0000,0.0075958005710002,0.0047822764143491,24,25,1,Unanimous B/LB-directed,logo_NBN
NC_000008.11:89955478:G:A,NBN,0,0.0405320665544935,0.0,0.000103819192792,0.0,0.000187063659553,0.0,0.0100133389139249,0.0,0.0,0000,0.0127090720801909,0.0084467181373848,24,25,1,Unanimous B/LB-directed,logo_NBN
NC_000008.11:89970468:A:G,NBN,0,0.0221136240412044,0.0,0.0010812200156711,0.0,0.0008234792304148,0.0,0.0100133389139249,0.0,0.0,0000,0.0085079155503038,0.0054204387969833,24,25,1,Unanimous B/LB-directed,logo_NBN
NC_000008.11:89971254:C:T,NBN,0,0.0093360011571934,0.0,0.0012256365545804,0.0,0.0007004522817963,0.0,0.0100133389139249,0.0,0.0,0000,0.0053188572268738,0.0032268963873224,24,25,1,Unanimous B/LB-directed,logo_NBN
NC_000008.11:89982788:ATC:GTT,NBN,0,,,,,,,,,,,,,0,25,0,,logo_NBN
NC_000008.11:89984527:C:G,NBN,0,0.0179813337663956,0.0,0.0076830224154174,0.0,0.0095263893400926,0.0,0.0100133389139249,0.0,0.0,0000,0.0113010211089576,0.0074181333500331,24,25,1,Unanimous B/LB-directed,logo_NBN
NC_000016.10:23607863:C:T,PALB2,1,0.2167077728669303,0.0,0.0899408791964936,0.0,0.3684588623472788,0.0,0.0899457307475526,0.0,0.0,0000,0.1912633112895638,0.1685467212055602,23,25,1,Unanimous B/LB-directed,logo_PALB2
NC_000016.10:23641154:C:T,PALB2,1,0.9486191524699442,1.0,0.976527869854493,1.0,0.910087350593778,1.0,0.9595727534343924,1.0,4.0,1111,0.948701781588152,0.9659587327141276,21,25,1,Unanimous LP/P-directed,logo_PALB2
NC_000016.10:23641155:A:C,PALB2,1,0.919206753221298,1.0,0.9696922047147004,1.0,0.9484995993687848,1.0,0.9692462315079956,1.0,4.0,1111,0.9516611972031946,0.9682142788958756,21,25,1,Unanimous LP/P-directed,logo_PALB2
NC_000016.10:23641155:A:G,PALB2,1,0.89315027108962,1.0,0.9742129686043464,1.0,0.9024948878595664,1.0,0.9590645226275822,1.0,4.0,1111,0.9322306625452788,0.9530260154286848,21,25,1,Unanimous LP/P-directed,logo_PALB2
NC_000016.10:23641155:A:T,PALB2,1,0.8160155109944228,1.0,0.9297342191168848,1.0,0.7124883808283153,1.0,0.5093112554437034,1.0,4.0,1111,0.7418873415958316,0.7747376904467177,20,25,1,Unanimous LP/P-directed,logo_PALB2
NC_000016.10:23641156:T:C,PALB2,1,0.9110094285658092,1.0,0.9771922657049208,1.0,0.8841059009804068,1.0,0.9600200506059232,1.0,4.0,1111,0.9330819114642648,0.9537090324334148,21,25,1,Unanimous LP/P-directed,logo_PALB2
NC_000016.10:23607964:C:G,PALB2,0,0.0125903510500197,0.0,0.0001104811281462,0.0,0.0025878629021484,0.0,0.0133563417702017,0.0,0.0,0000,0.007161259212629,0.0038640207164054,24,25,1,Unanimous B/LB-directed,logo_PALB2
NC_000016.10:23621420:C:G,PALB2,0,0.0042067343773238,0.0,0.0041396856077979,0.0,0.0438801858363449,0.0,0.0132647678773543,0.0,0.0,0000,0.0163728434247052,0.0099103081209492,25,25,1,Unanimous B/LB-directed,logo_PALB2
NC_000016.10:23622971:C:T,PALB2,0,0.0015935879532093,0.0,0.0001371482859212,0.0,0.0330384577226686,0.0,0.0124205364471245,0.0,0.0,0000,0.0117974326022309,0.0068203682972548,24,25,1,Unanimous B/LB-directed,logo_PALB2
NC_000016.10:23624048:C:T,PALB2,0,0.0048341292423161,0.0,0.0002781333978136,0.0,0.0531868910115644,0.0,0.020914788337125,0.0,0.0,0000,0.0198034854972048,0.0123141346201648,25,25,1,Unanimous B/LB-directed,logo_PALB2
NC_000016.10:23626393:G:A,PALB2,0,0.0105805873107789,0.0,4.15938369414426e-05,0.0,0.0064504442569304,0.0,0.0098462183153012,0.0,0.0,0000,0.006729710929988,0.0036003285070944,25,25,1,Unanimous B/LB-directed,logo_PALB2
NC_000016.10:23630018:G:A,PALB2,0,0.0378774392250017,0.0,1.2530418902298191e-06,0.0,0.0010556863243802,0.0,0.0063954706017897,0.0,0.0,0000,0.0113324622982654,0.0065149943197269,25,25,1,Unanimous B/LB-directed,logo_PALB2
NC_000016.10:23630126:A:G,PALB2,0,0.0418888553605963,0.0,2.783938015169477e-06,0.0,0.0010556863243802,0.0,0.0042120015539366,0.0,0.0,0000,0.011789831794232,0.0068153623225982,25,25,1,Unanimous B/LB-directed,logo_PALB2
NC_000016.10:23630139:C:G,PALB2,0,0.0153681030876596,0.0,0.0001279988784096,0.0,2.0562075062928228e-08,0.0,0.0087600693839542,0.0,0.0,0000,0.0060640479780246,0.0031982473945083,24,25,1,Unanimous B/LB-directed,logo_PALB2
NC_000016.10:23634869:T:C,PALB2,0,0.0295648821991274,0.0,5.182788988271309e-05,0.0,2.0562075062928228e-08,0.0,0.0044314991341932,0.0,0.0,0000,0.0085120574463196,0.0047034033244204,24,25,1,Unanimous B/LB-directed,logo_PALB2
NC_000016.10:23635620:T:C,PALB2,0,0.0543699261698441,0.0,9.212046568592731e-06,0.0,2.0562075062928228e-08,0.0,0.0037732165579686,0.0,0.0,0000,0.0145380938341141,0.0086538555751357,25,25,1,Unanimous B/LB-directed,logo_PALB2
NC_000016.10:23635824:T:C,PALB2,0,0.0499003366248291,0.0,1.409961905704564e-06,0.0,0.0010556863243802,0.0,0.0040925071108088,0.0,0.0,0000,0.0137624850054809,0.0081294489336517,25,25,1,Unanimous B/LB-directed,logo_PALB2
NC_000016.10:23603613:T:C,PALB2,0,0.0338572468473503,0.0,0.0056407888538361,0.0,0.033241782992712,0.0,0.0593644965853443,0.0,0.0,0000,0.0330260788198107,0.022107758432552,23,25,1,Unanimous B/LB-directed,logo_PALB2
NC_000016.10:23603646:C:T,PALB2,0,0.0553860137056859,0.0,0.0273423912199437,0.0,0.0961552741776194,0.0,0.0347462895636426,0.0,0.0,0000,0.0534074921667229,0.038402616729544,23,25,1,Unanimous B/LB-directed,logo_PALB2
NC_000016.10:23603665:G:A,PALB2,0,,,,,,,,,,,,,2,25,0,,logo_PALB2
NC_000016.10:23607926:T:G,PALB2,0,0.2010201194904209,0.0,0.3334491375098753,0.0,0.4494486861081344,0.0,0.1762687265452055,0.0,0.0,0000,0.290046667413409,0.2736302615651682,24,25,1,Unanimous B/LB-directed,logo_PALB2
NC_000016.10:23621373:T:A,PALB2,0,0.1285359374516995,0.0,0.8381223412259232,1.0,0.2144342161551608,0.0,0.3644657148989033,0.0,1.0,0100,0.3863895524329217,0.380871268180723,24,25,1,Mixed votes,logo_PALB2
NC_000016.10:23623039:C:G,PALB2,0,0.063625918441962,0.0,0.4800582796877158,0.0,0.1146110237303386,0.0,0.0651857153169343,0.0,0.0,0000,0.1808702342942377,0.1579221204633008,24,25,1,Unanimous B/LB-directed,logo_PALB2
NC_000016.10:23623122:A:G,PALB2,0,0.0692258767629061,0.0,0.0002791819134954,0.0,0.0135875995651264,0.0,0.0125771011530031,0.0,0.0,0000,0.0239174398486328,0.0152788533233495,24,25,1,Unanimous B/LB-directed,logo_PALB2
NC_000016.10:23626259:T:G,PALB2,0,0.0039777076430927,0.0,0.0023813351018913,0.0,0.0604457254859897,0.0,0.0215632419674149,0.0,0.0,0000,0.0220920025495972,0.0139530882401703,25,25,1,Unanimous B/LB-directed,logo_PALB2
NC_000016.10:23629228:T:A,PALB2,0,0.029530135323986,0.0,0.0101302081467255,0.0,0.0132800221170271,0.0,0.0107115478602655,0.0,0.0,0000,0.015912978362001,0.0095933624758022,24,25,1,Unanimous B/LB-directed,logo_PALB2
NC_000016.10:23629878:G:T,PALB2,0,0.0668774026811749,0.0,0.0003389289548086,0.0,0.0672268614055355,0.0,0.0217328071316377,0.0,0.0,0000,0.0390440000432892,0.0267880865375511,24,25,1,Unanimous B/LB-directed,logo_PALB2
NC_000016.10:23629898:C:A,PALB2,0,0.032575961161571,0.0,0.014386798707556,0.0,0.0159225623389596,0.0,0.025269835635079,0.0,0.0,0000,0.0220387894607914,0.013914680222106,24,25,1,Unanimous B/LB-directed,logo_PALB2
NC_000016.10:23629931:C:G,PALB2,0,0.0742899044029931,0.0,5.013475895327118e-05,0.0,0.0028299179079464,0.0,0.0149534653960805,0.0,0.0,0000,0.0230308556164933,0.0146329821780558,24,25,1,Unanimous B/LB-directed,logo_PALB2
NC_000016.10:23629994:G:A,PALB2,0,0.0649942833893809,0.0,0.0004609142041765,0.0,0.0966152652509882,0.0,0.0671857603298514,0.0,0.0,0000,0.0573140557935993,0.0416561175058788,24,25,1,Unanimous B/LB-directed,logo_PALB2
NC_000016.10:23630171:G:A,PALB2,0,0.0573361907647825,0.0,0.0019194349539502,0.0,0.046255038481587,0.0,0.0573501862300812,0.0,0.0,0000,0.0407152126076002,0.0281088099922607,24,25,1,Unanimous B/LB-directed,logo_PALB2
NC_000016.10:23630334:G:C,PALB2,0,0.0462409833407609,0.0,0.0152306859443658,0.0,0.0367222436619475,0.0,0.0578310669806078,0.0,0.0,0000,0.0390062449819205,0.0267583506917244,24,25,1,Unanimous B/LB-directed,logo_PALB2
NC_000016.10:23635032:C:T,PALB2,0,0.0320603113519235,0.0,1.221059696888078e-05,0.0,2.0562075062928228e-08,0.0,0.0045925648086921,0.0,0.0,0000,0.0091662768299149,0.0051169406335099,25,25,1,Unanimous B/LB-directed,logo_PALB2
NC_000016.10:23635207:A:C,PALB2,0,0.0758735784672126,0.0,0.0002149692470519,0.0,0.0063673616804037,0.0,0.015059630745055,0.0,0.0,0000,0.0243788850349308,0.0156164483833625,24,25,1,Unanimous B/LB-directed,logo_PALB2
NC_000016.10:23635241:A:G,PALB2,0,0.0125456390193126,0.0,2.278084894004847e-05,0.0,0.001082088064872,0.0,0.0157767317507921,0.0,0.0,0000,0.0073568099209792,0.0039842527421626,25,25,1,Unanimous B/LB-directed,logo_PALB2
NC_000016.10:23635280:T:G,PALB2,0,0.0505554451472521,0.0,0.0218623585004451,0.0,0.0569298218109184,0.0,0.126959091490741,0.0,0.0,0000,0.0640766792373391,0.0473732537341592,24,25,1,Unanimous B/LB-directed,logo_PALB2
NC_000016.10:23635603:T:G,PALB2,0,0.0901662451114414,0.0,0.0002673006069409,0.0,0.0399372705598309,0.0,0.0311776112628063,0.0,0.0,0000,0.0403871068852549,0.02784883003846,24,25,1,Unanimous B/LB-directed,logo_PALB2
NC_000016.10:23635955:G:C,PALB2,0,0.0489940046261796,0.0,0.000637373802303,0.0,0.0303787699461854,0.0,0.0340046738876642,0.0,0.0,0000,0.0285037055655831,0.0186754610389974,23,25,1,Unanimous B/LB-directed,logo_PALB2
NC_000016.10:23641111:T:C,PALB2,0,0.2359214066895155,0.0,0.0732571217894864,0.0,0.4762255990690779,0.0,0.5056973343594181,1.0,1.0,0001,0.3227753654768744,0.309686275267416,25,25,1,Mixed votes,logo_PALB2
NC_000016.10:23641131:A:T,PALB2,0,0.026679829793113,0.0,0.0319927484765983,0.0,0.2196438178596208,0.0,0.1171669646204793,0.0,0.0,0000,0.0988708401874529,0.0782363617442316,23,25,1,Unanimous B/LB-directed,logo_PALB2
NC_000010.11:87894024:A:C,PTEN,1,0.9944290779847588,1.0,0.9857834212254228,1.0,0.9993655551401152,1.0,0.9866437314393388,1.0,4.0,1111,0.9915554464474088,0.9951190000076778,24,25,1,Unanimous LP/P-directed,logo_PTEN
NC_000010.11:87894048:T:G,PTEN,1,0.9995273290858244,1.0,0.9993431229248684,1.0,0.9999999926378615,1.0,0.9916639679753088,1.0,4.0,1111,0.9976336031559658,0.9988133625110412,25,25,1,Unanimous LP/P-directed,logo_PTEN
NC_000010.11:87894050:G:C,PTEN,1,0.9992241165023188,1.0,0.9989379575190248,1.0,0.9999999926378615,1.0,0.9910238187790444,1.0,4.0,1111,0.9972964713595625,0.9986241781833743,25,25,1,Unanimous LP/P-directed,logo_PTEN
NC_000010.11:87894083:A:G,PTEN,1,0.9978717292971192,1.0,0.9924251809425026,1.0,0.9999999926378615,1.0,0.9927690267795548,1.0,4.0,1111,0.9957664824142596,0.9977355284243202,25,25,1,Unanimous LP/P-directed,logo_PTEN
NC_000010.11:87925517:T:G,PTEN,1,0.9946170861693132,1.0,0.9875622711678548,1.0,0.9999999926378615,1.0,0.9910367941312248,1.0,4.0,1111,0.9933040360265636,0.9962297415658218,25,25,1,Unanimous LP/P-directed,logo_PTEN
NC_000010.11:87925528:C:G,PTEN,1,0.9965814354751944,1.0,0.9912533094824943,1.0,0.9999999926378615,1.0,0.9911767079848536,1.0,4.0,1111,0.9947528613951008,0.9971252596257836,25,25,1,Unanimous LP/P-directed,logo_PTEN
NC_000010.11:87925529:A:G,PTEN,1,0.9946895827677812,1.0,0.9878213278678892,1.0,0.9999999926378615,1.0,0.990335481334664,1.0,4.0,1111,0.993211596152049,0.9961717889758832,25,25,1,Unanimous LP/P-directed,logo_PTEN
NC_000010.11:87925549:T:C,PTEN,1,0.9957247820832362,1.0,0.9896173470458488,1.0,0.9999999926378615,1.0,0.9915466639000824,1.0,4.0,1111,0.9942221964167574,0.9968001772012608,25,25,1,Unanimous LP/P-directed,logo_PTEN
NC_000010.11:87925556:T:C,PTEN,1,0.9964925800065514,1.0,0.9913692320587798,1.0,0.9999999926378615,1.0,0.9911886506131594,1.0,4.0,1111,0.994762613829088,0.9971311999797958,24,25,1,Unanimous LP/P-directed,logo_PTEN
NC_000010.11:87933036:A:G,PTEN,1,0.997398745995421,1.0,0.9937896364579284,1.0,0.9999999926378615,1.0,0.9913857921886224,1.0,4.0,1111,0.9956435418199584,0.997662320044868,25,25,1,Unanimous LP/P-directed,logo_PTEN
NC_000010.11:87933072:G:A,PTEN,1,0.9976939094028924,1.0,0.994859742775154,1.0,0.9999999926378615,1.0,0.9921133953644904,1.0,4.0,1111,0.9961667600450996,0.9979721875806324,25,25,1,Unanimous LP/P-directed,logo_PTEN
NC_000010.11:87933093:T:C,PTEN,1,0.9975747583112348,1.0,0.99360861886863,1.0,0.9999999926378615,1.0,0.9925663850119202,1.0,4.0,1111,0.9959374387074116,0.997836928415919,25,25,1,Unanimous LP/P-directed,logo_PTEN
NC_000010.11:87933120:C:G,PTEN,1,0.9922155081655096,1.0,0.9895030600770708,1.0,0.9688903141809851,1.0,0.990410832108094,1.0,4.0,1111,0.9852549286329148,0.9909163317013135,25,25,1,Unanimous LP/P-directed,logo_PTEN
NC_000010.11:87933125:C:T,PTEN,1,0.9970563690538392,1.0,0.993069139822042,1.0,0.9993655551401152,1.0,0.98974983747733,1.0,4.0,1111,0.9948102253733316,0.99716018275025,25,25,1,Unanimous LP/P-directed,logo_PTEN
NC_000010.11:87933126:A:G,PTEN,1,0.9970579215247356,1.0,0.9941788549940171,1.0,0.9999999926378615,1.0,0.9909812823013844,1.0,4.0,1111,0.9955545128644996,0.9976091586076182,25,25,1,Unanimous LP/P-directed,logo_PTEN
NC_000010.11:87933128:T:C,PTEN,1,0.997206923166952,1.0,0.9941065258419576,1.0,0.9999999926378615,1.0,0.9911562356991022,1.0,4.0,1111,0.9956174193364684,0.9976467342984736,25,25,1,Unanimous LP/P-directed,logo_PTEN
NC_000010.11:87933143:G:A,PTEN,1,0.9970144236968744,1.0,0.992563110292398,1.0,0.9999999926378615,1.0,0.9911336488013972,1.0,4.0,1111,0.9951777938571328,0.9973828965799209,25,25,1,Unanimous LP/P-directed,logo_PTEN
NC_000010.11:87933144:G:A,PTEN,1,0.9973361483395012,1.0,0.9932517644005135,1.0,0.9993655551401152,1.0,0.9909998010422169,1.0,4.0,1111,0.9952383172305868,0.9974193873674414,25,25,1,Unanimous LP/P-directed,logo_PTEN
NC_000010.11:87933147:G:A,PTEN,1,0.997081918845724,1.0,0.9934981694054176,1.0,0.9999999926378615,1.0,0.9901961641850276,1.0,4.0,1111,0.9951940612685076,0.9973927096790156,25,25,1,Unanimous LP/P-directed,logo_PTEN
NC_000010.11:87933150:C:T,PTEN,1,0.9981449731523844,1.0,0.995390790814876,1.0,0.9999999926378615,1.0,0.9954545216791136,1.0,4.0,1111,0.997247569571059,0.9985965084114776,25,25,1,Unanimous LP/P-directed,logo_PTEN
NC_000010.11:87933153:G:T,PTEN,1,0.996997892064467,1.0,0.9928764334637588,1.0,0.9999999926378615,1.0,0.9934374587362592,1.0,4.0,1111,0.9958279442255868,0.997772037854725,25,25,1,Unanimous LP/P-directed,logo_PTEN
NC_000010.11:87933161:A:G,PTEN,1,0.9958243019425695,1.0,0.999552532146159,1.0,0.9157398518720152,1.0,0.963503272938664,1.0,4.0,1111,0.968654989724852,0.9788917398940172,25,25,1,Unanimous LP/P-directed,logo_PTEN
NC_000010.11:87933165:G:A,PTEN,1,0.9969277079552512,1.0,0.9928873291791722,1.0,0.9999999926378615,1.0,0.991223880558192,1.0,4.0,1111,0.9952597275826192,0.9974322835310032,25,25,1,Unanimous LP/P-directed,logo_PTEN
NC_000010.11:87952118:G:T,PTEN,1,0.9981327443649144,1.0,0.9969149431452782,1.0,0.998375778277023,1.0,0.9903747493503392,1.0,4.0,1111,0.9959495537843888,0.9978440962196566,25,25,1,Unanimous LP/P-directed,logo_PTEN
NC_000010.11:87952124:C:A,PTEN,1,0.986475850086392,1.0,0.976715838250266,1.0,0.9714469963514154,1.0,0.9767977941557248,1.0,4.0,1111,0.9778591197109496,0.9856967173786249,25,25,1,Unanimous LP/P-directed,logo_PTEN
NC_000010.11:87952134:T:A,PTEN,1,0.9982550057121952,1.0,0.9925037825946752,1.0,0.9999999926378615,1.0,0.9920387058514144,1.0,4.0,1111,0.9956993716990366,0.9976955948926052,25,25,1,Unanimous LP/P-directed,logo_PTEN
NC_000010.11:87952141:C:T,PTEN,1,0.9960254730778624,1.0,0.9907066615878664,1.0,0.998375778277023,1.0,0.9893191853291234,1.0,4.0,1111,0.9936067745679688,0.9964188852954704,25,25,1,Unanimous LP/P-directed,logo_PTEN
NC_000010.11:87952142:G:C,PTEN,1,0.996293639289392,1.0,0.990945697209446,1.0,0.9993655551401152,1.0,0.9902764229120214,1.0,4.0,1111,0.9942203286377436,0.9967990267822536,25,25,1,Unanimous LP/P-directed,logo_PTEN
NC_000010.11:87952144:T:A,PTEN,1,0.9959964624617328,1.0,0.989268893615826,1.0,0.9999999926378615,1.0,0.9913647118547216,1.0,4.0,1111,0.9941575151425356,0.9967603134482486,25,25,1,Unanimous LP/P-directed,logo_PTEN
NC_000010.11:87957939:T:C,PTEN,1,0.9575193662476564,1.0,0.9275396281625928,1.0,0.9755496743912596,1.0,0.9869976943215876,1.0,4.0,1111,0.9619015907807742,0.9737262321905864,25,25,1,Unanimous LP/P-directed,logo_PTEN
NC_000010.11:87957954:C:T,PTEN,1,0.9422925763738969,1.0,0.9545132832601784,1.0,0.949127265111634,1.0,0.986741951042792,1.0,4.0,1111,0.9581687689471252,0.970817307450628,25,25,1,Unanimous LP/P-directed,logo_PTEN
NC_000010.11:87957972:A:G,PTEN,1,0.9973509820222688,1.0,0.9942133828290782,1.0,0.9999999926378615,1.0,0.9925516945517996,1.0,4.0,1111,0.9960290130102522,0.997891047385138,25,25,1,Unanimous LP/P-directed,logo_PTEN
NC_000010.11:87864333:G:C,PTEN,1,,,,,,,,,,,,,2,25,0,,logo_PTEN
NC_000010.11:87864469:A:G,PTEN,1,0.9931964208101198,1.0,0.9918081039611868,1.0,0.9521421806654892,1.0,0.9802361984301096,1.0,4.0,1111,0.9793457259667264,0.9867659829584848,21,25,1,Unanimous LP/P-directed,logo_PTEN
NC_000010.11:87864470:T:C,PTEN,1,0.994968395577634,1.0,0.9928709913949886,1.0,0.9550949772777084,1.0,0.9813808513939958,1.0,4.0,1111,0.9810788039110816,0.9880005079098024,21,25,1,Unanimous LP/P-directed,logo_PTEN
NC_000010.11:87864470:T:G,PTEN,1,0.9952632083989196,1.0,0.9921348215681114,1.0,0.942914672053468,1.0,0.981510341260676,1.0,4.0,1111,0.9779557608202938,0.98576650626444,21,25,1,Unanimous LP/P-directed,logo_PTEN
NC_000010.11:87864471:G:A,PTEN,1,0.9942866136226086,1.0,0.992877046663541,1.0,0.963570537769895,1.0,0.9779629233757912,1.0,4.0,1111,0.982174280357959,0.9887737834981852,21,25,1,Unanimous LP/P-directed,logo_PTEN
NC_000010.11:87864482:T:C,PTEN,1,0.9549910461558944,1.0,0.9540326060405708,1.0,0.9872390775183264,1.0,0.9804263517946956,1.0,4.0,1111,0.969172270377372,0.9792818124835828,25,25,1,Unanimous LP/P-directed,logo_PTEN
NC_000010.11:87864484:A:G,PTEN,1,0.989583365141037,1.0,0.9826139479570148,1.0,0.9784281055949056,1.0,0.9826218930931038,1.0,4.0,1111,0.9833118279465154,0.9895706267914876,25,25,1,Unanimous LP/P-directed,logo_PTEN
NC_000010.11:87864503:A:C,PTEN,1,0.7654895079804447,1.0,0.9139618029829678,1.0,0.7999452237373033,1.0,0.5337613945252334,1.0,4.0,1111,0.7532894823064874,0.7806115455442378,25,25,1,Unanimous LP/P-directed,logo_PTEN
NC_000010.11:87864503:A:T,PTEN,1,0.9211899866871694,1.0,0.9400669527869304,1.0,0.929402925524932,1.0,0.8728564424192596,1.0,4.0,1111,0.9158790768545728,0.9358088496942426,25,25,1,Unanimous LP/P-directed,logo_PTEN
NC_000010.11:87864505:A:C,PTEN,1,0.9730654444460356,1.0,0.9622018919821776,1.0,0.956547779058394,1.0,0.9174030027991648,1.0,4.0,1111,0.952304529571443,0.966177614326286,25,25,1,Unanimous LP/P-directed,logo_PTEN
NC_000010.11:87864505:A:G,PTEN,1,0.992250446708138,1.0,0.9879463439383398,1.0,0.9943284481805144,1.0,0.991620249286486,1.0,4.0,1111,0.9915363720283696,0.9951067246776868,25,25,1,Unanimous LP/P-directed,logo_PTEN
NC_000010.11:87864512:G:A,PTEN,1,0.982557334222008,1.0,0.9802766238377326,1.0,0.9739327682132513,1.0,0.9796084673257672,1.0,4.0,1111,0.9790937983996898,0.9865854331802448,25,25,1,Unanimous LP/P-directed,logo_PTEN
NC_000010.11:87864512:G:C,PTEN,1,0.9955401447471172,1.0,0.9904287263922544,1.0,0.9993655551401152,1.0,0.9886973178525008,1.0,4.0,1111,0.9935079360329968,0.996357244202438,25,25,1,Unanimous LP/P-directed,logo_PTEN
NC_000010.11:87864513:A:C,PTEN,1,0.9947876729446612,1.0,0.9865600349253189,1.0,0.998375778277023,1.0,0.9918464195321984,1.0,4.0,1111,0.9928924764198004,0.9959710334285724,25,25,1,Unanimous LP/P-directed,logo_PTEN
NC_000010.11:87864513:A:T,PTEN,1,0.9946183250166988,1.0,0.9862945573192472,1.0,0.998375778277023,1.0,0.9918464195321984,1.0,4.0,1111,0.992783770036292,0.9959024070713812,25,25,1,Unanimous LP/P-directed,logo_PTEN
NC_000010.11:87864514:T:G,PTEN,1,0.9882848658386368,1.0,0.9782269007477652,1.0,0.9999999926378615,1.0,0.99155047466714,1.0,4.0,1111,0.9895155584728508,0.9937890782919928,25,25,1,Unanimous LP/P-directed,logo_PTEN
NC_000010.11:87864527:G:T,PTEN,1,0.995608553018979,1.0,0.990464353307747,1.0,0.9993655551401152,1.0,0.9866610368375316,1.0,4.0,1111,0.9930248745760932,0.9960544528478048,25,25,1,Unanimous LP/P-directed,logo_PTEN
NC_000010.11:87864532:G:C,PTEN,1,0.9961551640724772,1.0,0.992462292170214,1.0,0.9993655551401152,1.0,0.9910733739807168,1.0,4.0,1111,0.9947640963408808,0.9971321028896688,25,25,1,Unanimous LP/P-directed,logo_PTEN
NC_000010.11:87864533:A:G,PTEN,1,0.9919109821536636,1.0,0.9875563972550206,1.0,0.9993655551401152,1.0,0.991785679578226,1.0,4.0,1111,0.9926546535317564,0.9958207407298734,25,25,1,Unanimous LP/P-directed,logo_PTEN
NC_000010.11:87864535:T:G,PTEN,1,0.9954390577840928,1.0,0.9838806768569248,1.0,0.992713500799879,1.0,0.987741476618745,1.0,4.0,1111,0.9899436780149105,0.9940709330580912,25,25,1,Unanimous LP/P-directed,logo_PTEN
NC_000010.11:87864538:G:C,PTEN,1,0.9973843321126168,1.0,0.9933588127309262,1.0,0.9999999926378615,1.0,0.9905212949403716,1.0,4.0,1111,0.995316108105444,0.9974662116760344,25,25,1,Unanimous LP/P-directed,logo_PTEN
NC_000010.11:87864538:G:T,PTEN,1,0.9976184224408408,1.0,0.9940558211650268,1.0,0.9999999926378615,1.0,0.9902797637384811,1.0,4.0,1111,0.9954884999955526,0.9975696625322646,25,25,1,Unanimous LP/P-directed,logo_PTEN
NC_000010.11:87864539:A:G,PTEN,1,0.9970379918758018,1.0,0.9929184397467484,1.0,0.9999999926378615,1.0,0.990360128128677,1.0,4.0,1111,0.995079138097272,0.9973233035846,25,25,1,Unanimous LP/P-directed,logo_PTEN
NC_000010.11:87864539:A:T,PTEN,1,0.9979679814941208,1.0,0.9953258303508976,1.0,0.9999999926378615,1.0,0.9902925533660434,1.0,4.0,1111,0.9958965894622308,0.9978127424578151,25,25,1,Unanimous LP/P-directed,logo_PTEN
NC_000010.11:87864543:G:C,PTEN,1,0.9974664711449608,1.0,0.9924780289838148,1.0,0.998375778277023,1.0,0.9907443704294984,1.0,4.0,1111,0.9947661622088244,0.9971333610385316,25,25,1,Unanimous LP/P-directed,logo_PTEN
NC_000010.11:87864544:A:C,PTEN,1,0.9942888103569484,1.0,0.986788611593279,1.0,0.9993655551401152,1.0,0.9902713518806444,1.0,4.0,1111,0.9926785822427469,0.9958358882741982,25,25,1,Unanimous LP/P-directed,logo_PTEN
NC_000010.11:87864545:C:A,PTEN,1,0.9765736924261408,1.0,0.974074105952247,1.0,0.9608102432789184,1.0,0.980817539160446,1.0,4.0,1111,0.973068895204438,0.9821923003236004,25,25,1,Unanimous LP/P-directed,logo_PTEN
NC_000010.11:87864545:C:T,PTEN,1,0.9943484682267226,1.0,0.988497467555355,1.0,0.9999999926378615,1.0,0.9902681590083368,1.0,4.0,1111,0.993278521857069,0.9962137553171302,25,25,1,Unanimous LP/P-directed,logo_PTEN
NC_000010.11:87864547:T:A,PTEN,1,0.996226587343628,1.0,0.990152223739702,1.0,0.9993655551401152,1.0,0.9888737762664888,1.0,4.0,1111,0.9936545356224836,0.9964486325933296,24,25,1,Unanimous LP/P-directed,logo_PTEN
NC_000010.11:87894024:A:G,PTEN,1,0.9897037905355792,1.0,0.9769709997214052,1.0,0.9993655551401152,1.0,0.9872374901998472,1.0,4.0,1111,0.9883194588992368,0.9929945598504308,24,25,1,Unanimous LP/P-directed,logo_PTEN
NC_000010.11:87894035:A:G,PTEN,1,0.99745508718455,1.0,0.9974956860624782,1.0,0.963570537769895,1.0,0.9459026542530624,1.0,4.0,1111,0.9761059913174964,0.9844242386375196,25,25,1,Unanimous LP/P-directed,logo_PTEN
NC_000010.11:87894047:A:C,PTEN,1,0.99688247606246,1.0,0.9952719802351012,1.0,0.9993655551401152,1.0,0.9882864759164364,1.0,4.0,1111,0.994951621838528,0.9972460761885916,25,25,1,Unanimous LP/P-directed,logo_PTEN
NC_000010.11:87894047:A:G,PTEN,1,0.9991709241072692,1.0,0.9993010671960748,1.0,0.998375778277023,1.0,0.9896461450320316,1.0,4.0,1111,0.9966234786530996,0.9982388091188849,25,25,1,Unanimous LP/P-directed,logo_PTEN
NC_000010.11:87894048:T:C,PTEN,1,0.9997300844529782,1.0,0.9998311368223876,1.0,0.9999999926378615,1.0,0.9918327017066322,1.0,4.0,1111,0.9978484789049648,0.998932404007364,25,25,1,Unanimous LP/P-directed,logo_PTEN
NC_000010.11:87894049:GG:AC,PTEN,1,,,,,,,,,,,,,0,25,0,,logo_PTEN
NC_000010.11:87894050:G:A,PTEN,1,0.9978133140415928,1.0,0.9951956461703868,1.0,0.9999999926378615,1.0,0.9910238187790444,1.0,4.0,1111,0.9960081929072212,0.9978787553015634,25,25,1,Unanimous LP/P-directed,logo_PTEN
NC_000010.11:87894051:G:A,PTEN,1,0.9984588657258135,1.0,0.9971560244919464,1.0,0.9999999926378615,1.0,0.9920257011136268,1.0,4.0,1111,0.996910145992312,0.9984041275919088,25,25,1,Unanimous LP/P-directed,logo_PTEN
NC_000010.11:87894057:C:G,PTEN,1,0.9991244373635504,1.0,0.9979795194978742,1.0,0.9999999926378615,1.0,0.9907199225589728,1.0,4.0,1111,0.9969559680145648,0.9984303973668514,25,25,1,Unanimous LP/P-directed,logo_PTEN
NC_000010.11:87894057:C:T,PTEN,1,0.9997421873234332,1.0,0.999767407195597,1.0,0.9999999926378615,1.0,0.9911995764114429,1.0,4.0,1111,0.9976772908920836,0.9988376670769814,25,25,1,Unanimous LP/P-directed,logo_PTEN
NC_000010.11:87894080:T:C,PTEN,1,0.9926654358844168,1.0,0.9818393586523224,1.0,0.9993655551401152,1.0,0.9859193642377928,1.0,4.0,1111,0.9899474284786618,0.9940733960572188,25,25,1,Unanimous LP/P-directed,logo_PTEN
NC_000010.11:87894084:G:A,PTEN,1,0.9971132185336292,1.0,0.9956290298841156,1.0,0.9993655551401152,1.0,0.9911005518712284,1.0,4.0,1111,0.995802088857272,0.997756686661856,25,25,1,Unanimous LP/P-directed,logo_PTEN
NC_000010.11:87894087:A:G,PTEN,1,0.9844666767496044,1.0,0.9682449308795528,1.0,0.9760813629548406,1.0,0.92192910250825,1.0,4.0,1111,0.962680518273062,0.9743286019221764,25,25,1,Unanimous LP/P-directed,logo_PTEN
NC_000010.11:87894088:C:A,PTEN,1,0.9983757756912112,1.0,0.9968047929249972,1.0,0.9943284481805144,1.0,0.9893910406989528,1.0,4.0,1111,0.9947250143739188,0.9971082906662332,25,25,1,Unanimous LP/P-directed,logo_PTEN
NC_000010.11:87894088:C:G,PTEN,1,0.9982813659774492,1.0,0.996240026488322,1.0,0.9958223435404364,1.0,0.9893910406989528,1.0,4.0,1111,0.99493369417629,0.997235200757674,25,25,1,Unanimous LP/P-directed,logo_PTEN
NC_000010.11:87894093:T:C,PTEN,1,0.995166157569577,1.0,0.9927389650444106,1.0,0.9971795845053008,1.0,0.9914719634630256,1.0,4.0,1111,0.9941391676455784,0.996748996471114,25,25,1,Unanimous LP/P-directed,logo_PTEN
NC_000010.11:87894102:T:C,PTEN,1,0.9972872011315004,1.0,0.9957646339726228,1.0,0.998375778277023,1.0,0.9863364268439004,1.0,4.0,1111,0.9944410100562616,0.9969346532668903,25,25,1,Unanimous LP/P-directed,logo_PTEN
NC_000010.11:87925545:G:T,PTEN,1,0.9923535207801396,1.0,0.9801993520212334,1.0,0.992713500799879,1.0,0.9876621901947046,1.0,4.0,1111,0.9882321409489891,0.992936168016583,25,25,1,Unanimous LP/P-directed,logo_PTEN
NC_000010.11:87925547:T:G,PTEN,1,0.9935721240323956,1.0,0.9817798824558784,1.0,0.9999999926378615,1.0,0.991917414099572,1.0,4.0,1111,0.9918173533064268,0.9952872212576032,25,25,1,Unanimous LP/P-directed,logo_PTEN
NC_000010.11:87925549:T:G,PTEN,1,0.9971279754382112,1.0,0.9919118140170172,1.0,0.9999999926378615,1.0,0.9916639679753088,1.0,4.0,1111,0.9951759375170997,0.9973817765281292,25,25,1,Unanimous LP/P-directed,logo_PTEN
NC_000010.11:87925550:A:C,PTEN,1,0.996634959137736,1.0,0.991931878758174,1.0,0.9999999926378615,1.0,0.9919704717912468,1.0,4.0,1111,0.9951343255812546,0.9973566564896766,25,25,1,Unanimous LP/P-directed,logo_PTEN
NC_000010.11:87925550:A:G,PTEN,1,0.9965611894933014,1.0,0.9925489350604164,1.0,0.9999999926378615,1.0,0.99100360296587,1.0,4.0,1111,0.9950284300393624,0.9972926203140948,25,25,1,Unanimous LP/P-directed,logo_PTEN
NC_000010.11:87931047:G:A,PTEN,1,0.9957732952646744,1.0,0.990063838253746,1.0,0.9999999926378615,1.0,0.9914980696553296,1.0,4.0,1111,0.9943337989529027,0.9968688388024493,25,25,1,Unanimous LP/P-directed,logo_PTEN
NC_000010.11:87931077:T:G,PTEN,1,0.9943487311251576,1.0,0.9856316276350215,1.0,0.9999999926378615,1.0,0.9917420778692576,1.0,4.0,1111,0.9929306073168246,0.995995076889014,25,25,1,Unanimous LP/P-directed,logo_PTEN
NC_000010.11:87933027:T:C,PTEN,1,0.9971652708159237,1.0,0.9920915566605816,1.0,0.9999999926378615,1.0,0.9933373544167988,1.0,4.0,1111,0.9956485436327914,0.9976653031262246,25,25,1,Unanimous LP/P-directed,logo_PTEN
NC_000010.11:87933032:G:T,PTEN,1,0.9988907021724286,1.0,0.9980113218337692,1.0,0.9999999926378615,1.0,0.9913046047029788,1.0,4.0,1111,0.9970516553367594,0.9984851112795248,25,25,1,Unanimous LP/P-directed,logo_PTEN
NC_000010.11:87933033:A:C,PTEN,1,0.9984033879199288,1.0,0.9964140572692708,1.0,0.9999999926378615,1.0,0.9913421367003366,1.0,4.0,1111,0.9965398936318496,0.9981903022264758,25,25,1,Unanimous LP/P-directed,logo_PTEN
NC_000010.11:87933033:A:G,PTEN,1,0.9987680119093344,1.0,0.9978494057512048,1.0,0.9999999926378615,1.0,0.9919037627830471,1.0,4.0,1111,0.997130293270362,0.998529927811732,25,25,1,Unanimous LP/P-directed,logo_PTEN
NC_000010.11:87933033:A:T,PTEN,1,0.9983340688687904,1.0,0.9963936485215796,1.0,0.9999999926378615,1.0,0.9913421367003366,1.0,4.0,1111,0.996517461682142,0.9981772616996258,25,25,1,Unanimous LP/P-directed,logo_PTEN
NC_000010.11:87933035:C:A,PTEN,1,0.9950630423002604,1.0,0.989278143875698,1.0,0.998375778277023,1.0,0.9886963343434848,1.0,4.0,1111,0.9928533246991166,0.9959463307997384,25,25,1,Unanimous LP/P-directed,logo_PTEN
NC_000010.11:87933035:C:G,PTEN,1,0.9975316179531366,1.0,0.9930432197981696,1.0,0.9999999926378615,1.0,0.9920011028927376,1.0,4.0,1111,0.9956439833204764,0.9976625833714118,25,25,1,Unanimous LP/P-directed,logo_PTEN
NC_000010.11:87933035:C:T,PTEN,1,0.9973308440972788,1.0,0.99319400228999,1.0,0.9993655551401152,1.0,0.987368662266794,1.0,4.0,1111,0.9943147659485444,0.9968571399135564,25,25,1,Unanimous LP/P-directed,logo_PTEN
NC_000010.11:87933036:A:C,PTEN,1,0.997307630698485,1.0,0.9933888998078736,1.0,0.9999999926378615,1.0,0.992111254156227,1.0,4.0,1111,0.9957019443251118,0.9976971270148554,25,25,1,Unanimous LP/P-directed,logo_PTEN
NC_000010.11:87933042:C:T,PTEN,1,0.9960899111446156,1.0,0.9914174940368662,1.0,0.9999999926378615,1.0,0.9912735509957434,1.0,4.0,1111,0.9946952372037716,0.9970901342436046,25,25,1,Unanimous LP/P-directed,logo_PTEN
NC_000010.11:87933044:C:T,PTEN,1,0.9971791998697698,1.0,0.9935920035525104,1.0,0.9993655551401152,1.0,0.9924031428126188,1.0,4.0,1111,0.9956349753437536,0.997657210096998,25,25,1,Unanimous LP/P-directed,logo_PTEN
NC_000010.11:87933045:C:A,PTEN,1,0.9974838475966494,1.0,0.9929895178659202,1.0,0.9999999926378615,1.0,0.994323176265088,1.0,4.0,1111,0.9961991335913798,0.997991209994556,25,25,1,Unanimous LP/P-directed,logo_PTEN
NC_000010.11:87933045:C:G,PTEN,1,0.99741622175093,1.0,0.992597562399525,1.0,0.9999999926378615,1.0,0.994323176265088,1.0,4.0,1111,0.9960842382633512,0.9979236167474348,25,25,1,Unanimous LP/P-directed,logo_PTEN
NC_000010.11:87933045:C:T,PTEN,1,0.9958534263933864,1.0,0.9905194523057552,1.0,0.9999999926378615,1.0,0.992193465847994,1.0,4.0,1111,0.9946415842962492,0.99705739045071,25,25,1,Unanimous LP/P-directed,logo_PTEN
NC_000010.11:87933051:T:G,PTEN,1,0.987504497329238,1.0,0.9661889519000852,1.0,0.9993655551401152,1.0,0.990472762402379,1.0,4.0,1111,0.9858829416929544,0.991346836887452,25,25,1,Unanimous LP/P-directed,logo_PTEN
NC_000010.11:87933056:C:T,PTEN,1,0.9742213557165486,1.0,0.975540861617706,1.0,0.98094547915393,1.0,0.9900636771311878,1.0,4.0,1111,0.980192843404843,0.9873710764013964,25,25,1,Unanimous LP/P-directed,logo_PTEN
NC_000010.11:87933060:T:A,PTEN,1,0.9956191136009692,1.0,0.9877907080431952,1.0,0.9999999926378615,1.0,0.9922443790363524,1.0,4.0,1111,0.9939135483295946,0.996609503221756,25,25,1,Unanimous LP/P-directed,logo_PTEN
NC_000010.11:87933060:T:C,PTEN,1,0.9948439327399696,1.0,0.988316530665371,1.0,0.9999999926378615,1.0,0.9924485791077956,1.0,4.0,1111,0.9939022587877496,0.996602507496445,25,25,1,Unanimous LP/P-directed,logo_PTEN
NC_000010.11:87933071:T:G,PTEN,1,0.9965444292464232,1.0,0.9905123994370808,1.0,0.9999999926378615,1.0,0.9927162218253882,1.0,4.0,1111,0.9949432607866884,0.9972410046823216,25,25,1,Unanimous LP/P-directed,logo_PTEN
NC_000010.11:87933077:G:T,PTEN,1,0.99746211318267,1.0,0.9951547266507772,1.0,0.9999999926378615,1.0,0.9938715235745764,1.0,4.0,1111,0.9966220890114712,0.9982380037629676,25,25,1,Unanimous LP/P-directed,logo_PTEN
NC_000010.11:87933078:A:G,PTEN,1,0.9986330091833696,1.0,0.9981398138651374,1.0,0.998375778277023,1.0,0.9947021029390798,1.0,4.0,1111,0.9974626760661524,0.9987177969539224,25,25,1,Unanimous LP/P-directed,logo_PTEN
NC_000010.11:87933078:A:T,PTEN,1,0.9970675078352372,1.0,0.9938229410300612,1.0,0.9999999926378615,1.0,0.99541197004162,1.0,4.0,1111,0.996575602886195,0.998211041698338,25,25,1,Unanimous LP/P-directed,logo_PTEN
NC_000010.11:87933080:C:T,PTEN,1,0.9798394736961572,1.0,0.9832609781390408,1.0,0.9872390775183264,1.0,0.9346160421201816,1.0,4.0,1111,0.9712388928684264,0.9808316955408544,25,25,1,Unanimous LP/P-directed,logo_PTEN
NC_000010.11:87933081:T:C,PTEN,1,0.9922347033576464,1.0,0.9902948252254395,1.0,0.9993655551401152,1.0,0.9917138952343764,1.0,4.0,1111,0.9934022447393944,0.996291209968132,25,25,1,Unanimous LP/P-directed,logo_PTEN
NC_000010.11:87933089:T:C,PTEN,1,0.9977306750895452,1.0,0.994678190517753,1.0,0.9999999926378615,1.0,0.9919179389371964,1.0,4.0,1111,0.996081699295589,0.997922120510752,25,25,1,Unanimous LP/P-directed,logo_PTEN
NC_000010.11:87933092:C:G,PTEN,1,0.999809738617339,1.0,0.9999292413997612,1.0,0.9999542308827508,1.0,0.9862977221486404,1.0,4.0,1111,0.9964977332621228,0.9981657850151924,25,25,1,Unanimous LP/P-directed,logo_PTEN
NC_000010.11:87933093:T:G,PTEN,1,0.9974173920792728,1.0,0.9923668695400852,1.0,0.9999999926378615,1.0,0.9923536935837456,1.0,4.0,1111,0.9955344869602412,0.9975971839149728,25,25,1,Unanimous LP/P-directed,logo_PTEN
NC_000010.11:87933113:G:C,PTEN,1,0.9908030798039188,1.0,0.9813911260401328,1.0,0.9971795845053008,1.0,0.9873219470813008,1.0,4.0,1111,0.9891739343576632,0.9935631918498552,25,25,1,Unanimous LP/P-directed,logo_PTEN
NC_000010.11:87933113:G:T,PTEN,1,0.9976688172662316,1.0,0.9953274312922604,1.0,0.9999999926378615,1.0,0.9924635431693896,1.0,4.0,1111,0.9963649460914358,0.998088350546784,25,25,1,Unanimous LP/P-directed,logo_PTEN
NC_000010.11:87933114:T:G,PTEN,1,0.9966726256701266,1.0,0.9901744570629692,1.0,0.9999999926378615,1.0,0.992298472559532,1.0,4.0,1111,0.9947863869826225,0.9971456752790464,25,25,1,Unanimous LP/P-directed,logo_PTEN
NC_000010.11:87933116:G:A,PTEN,1,0.9767604911779726,1.0,0.964386668593897,1.0,0.9739327682132513,1.0,0.9772337097229638,1.0,4.0,1111,0.9730784094270212,0.982199344088808,25,25,1,Unanimous LP/P-directed,logo_PTEN
NC_000010.11:87933119:G:A,PTEN,1,0.96952835455868,1.0,0.9379596441455196,1.0,0.9882119021583808,1.0,0.9486762571462484,1.0,4.0,1111,0.9610940395022072,0.973100005596384,25,25,1,Unanimous LP/P-directed,logo_PTEN
NC_000010.11:87933119:G:C,PTEN,1,0.994403128109757,1.0,0.9859556413109118,1.0,0.9993655551401152,1.0,0.99051361044097,1.0,4.0,1111,0.9925594837504385,0.9957604393072436,25,25,1,Unanimous LP/P-directed,logo_PTEN
NC_000010.11:87933120:C:A,PTEN,1,0.9955482378213126,1.0,0.9887016851459992,1.0,0.9999999926378615,1.0,0.9926728853757218,1.0,4.0,1111,0.9942307002452238,0.9968054144167932,25,25,1,Unanimous LP/P-directed,logo_PTEN
NC_000010.11:87933125:C:A,PTEN,1,0.9953532675813672,1.0,0.9912052320067,1.0,0.9993655551401152,1.0,0.9912190953923044,1.0,4.0,1111,0.9942857875301216,0.9968393193490068,25,25,1,Unanimous LP/P-directed,logo_PTEN
NC_000010.11:87933125:C:G,PTEN,1,0.9974585709813588,1.0,0.9940962935596424,1.0,0.9999999926378615,1.0,0.9925270796473796,1.0,4.0,1111,0.9960204842065606,0.997886012900846,25,25,1,Unanimous LP/P-directed,logo_PTEN
NC_000010.11:87933127:C:G,PTEN,1,0.9979750253317629,1.0,0.994283079806727,1.0,0.9999999926378615,1.0,0.9920192619337092,1.0,4.0,1111,0.9960693399275152,0.9979148354605876,25,25,1,Unanimous LP/P-directed,logo_PTEN
NC_000010.11:87933128:T:A,PTEN,1,0.9960742556461644,1.0,0.9913260150936658,1.0,0.9993655551401152,1.0,0.9913904268036609,1.0,4.0,1111,0.9945390631709016,0.9969947191142003,25,25,1,Unanimous LP/P-directed,logo_PTEN
NC_000010.11:87933128:T:G,PTEN,1,0.9992258672051338,1.0,0.9991177529951156,1.0,0.9999999926378615,1.0,0.9914334693905748,1.0,4.0,1111,0.9974442705571716,0.998707462554542,25,25,1,Unanimous LP/P-directed,logo_PTEN
NC_000010.11:87933129:G:A,PTEN,1,0.9970714045719172,1.0,0.9938920066122688,1.0,0.9999999926378615,1.0,0.9913635629915052,1.0,4.0,1111,0.9955817417033882,0.997625430556803,25,25,1,Unanimous LP/P-directed,logo_PTEN
NC_000010.11:87933129:G:C,PTEN,1,0.9961243994083316,1.0,0.9924293637597328,1.0,0.9999999926378615,1.0,0.9897510997018968,1.0,4.0,1111,0.9945762138769556,0.9970174450486036,25,25,1,Unanimous LP/P-directed,logo_PTEN
NC_000010.11:87933131:A:G,PTEN,1,0.9967130624962656,1.0,0.9914939547714272,1.0,0.9999999926378615,1.0,0.993079973353422,1.0,4.0,1111,0.995321745814744,0.9974696017435049,25,25,1,Unanimous LP/P-directed,logo_PTEN
NC_000010.11:87933134:G:A,PTEN,1,0.9958096874058464,1.0,0.9911370597182404,1.0,0.9999999926378615,1.0,0.9910755622643036,1.0,4.0,1111,0.994505575506563,0.9969742188145434,25,25,1,Unanimous LP/P-directed,logo_PTEN
NC_000010.11:87933134:G:C,PTEN,1,0.9967438434086598,1.0,0.9919723618589932,1.0,0.9999999926378615,1.0,0.990623546932654,1.0,4.0,1111,0.9948349362095422,0.9971752131582948,25,25,1,Unanimous LP/P-directed,logo_PTEN
NC_000010.11:87933135:C:A,PTEN,1,0.99704662394039,1.0,0.9931096531643884,1.0,0.9999999926378615,1.0,0.9928825706163508,1.0,4.0,1111,0.9957597100897476,0.997731501854638,25,25,1,Unanimous LP/P-directed,logo_PTEN
NC_000010.11:87933135:C:T,PTEN,1,0.9973049376381796,1.0,0.9926709485554556,1.0,0.9999999926378615,1.0,0.9944962213674344,1.0,4.0,1111,0.9961180250497328,0.9979435171532384,25,25,1,Unanimous LP/P-directed,logo_PTEN
NC_000010.11:87933137:G:A,PTEN,1,0.9967523755896892,1.0,0.994287081478235,1.0,0.9999999926378615,1.0,0.9894664077823372,1.0,4.0,1111,0.9951264643720308,0.9973519081335392,25,25,1,Unanimous LP/P-directed,logo_PTEN
NC_000010.11:87933137:G:C,PTEN,1,0.996449872485168,1.0,0.99369245119626,1.0,0.9999999926378615,1.0,0.9894664077823372,1.0,4.0,1111,0.9949021810254066,0.9972160733693404,25,25,1,Unanimous LP/P-directed,logo_PTEN
NC_000010.11:87933140:A:G,PTEN,1,0.9957951447128864,1.0,0.9875201730220354,1.0,0.9999999926378615,1.0,0.9912424425526402,1.0,4.0,1111,0.993639438231356,0.996439232166168,25,25,1,Unanimous LP/P-directed,logo_PTEN
NC_000010.11:87933141:A:G,PTEN,1,0.9891095107403984,1.0,0.9835181973526111,1.0,0.9891615349428148,1.0,0.990223643859092,1.0,4.0,1111,0.9880032217237292,0.992782840539534,25,25,1,Unanimous LP/P-directed,logo_PTEN
NC_000010.11:87933142:G:C,PTEN,1,0.9939751042812266,1.0,0.9846275148200662,1.0,0.992713500799879,1.0,0.9793071805261152,1.0,4.0,1111,0.9876558251068218,0.992549496001518,25,25,1,Unanimous LP/P-directed,logo_PTEN
NC_000010.11:87933143:G:C,PTEN,1,0.9971116475887608,1.0,0.9929167494337726,1.0,0.9999999926378615,1.0,0.9911336488013972,1.0,4.0,1111,0.995290509615448,0.9974508129704656,25,25,1,Unanimous LP/P-directed,logo_PTEN
NC_000010.11:87933144:GA:TT,PTEN,1,,,,,,,,,,,,,1,25,0,,logo_PTEN
NC_000010.11:87933144:G:T,PTEN,1,0.999758417221144,1.0,0.9999491446577766,1.0,0.9993655551401152,1.0,0.9909998010422169,1.0,4.0,1111,0.9975182295153132,0.998748938316796,25,25,1,Unanimous LP/P-directed,logo_PTEN
NC_000010.11:87933146:C:G,PTEN,1,0.997689662395137,1.0,0.9921673749751626,1.0,0.9999999926378615,1.0,0.9923132723190028,1.0,4.0,1111,0.9955425755817908,0.9976020213227138,25,25,1,Unanimous LP/P-directed,logo_PTEN
NC_000010.11:87933147:G:C,PTEN,1,0.9976275744311124,1.0,0.9947444054002236,1.0,0.9999999926378615,1.0,0.9915344887718468,1.0,4.0,1111,0.995976615310261,0.997860098228897,25,25,1,Unanimous LP/P-directed,logo_PTEN
NC_000010.11:87933147:G:T,PTEN,1,0.9977306000327316,1.0,0.9945570684365448,1.0,0.9999999926378615,1.0,0.991364021443308,1.0,4.0,1111,0.9959129206376116,0.9978224150765288,25,25,1,Unanimous LP/P-directed,logo_PTEN
NC_000010.11:87933152:G:A,PTEN,1,0.9978886317566764,1.0,0.9962251866081864,1.0,0.9999999926378615,1.0,0.9942520653290866,1.0,4.0,1111,0.9970914690829528,0.9985078184994906,25,25,1,Unanimous LP/P-directed,logo_PTEN
NC_000010.11:87933153:G:A,PTEN,1,0.9970133685017308,1.0,0.9929821989669472,1.0,0.9999999926378615,1.0,0.9934374587362592,1.0,4.0,1111,0.9958582547106996,0.9977900204942242,25,25,1,Unanimous LP/P-directed,logo_PTEN
NC_000010.11:87933159:T:C,PTEN,1,0.9959546918259856,1.0,0.9896819910685376,1.0,0.9999999926378615,1.0,0.9934969807594304,1.0,4.0,1111,0.9947834140729536,0.9971438655068734,25,25,1,Unanimous LP/P-directed,logo_PTEN
NC_000010.11:87933159:T:G,PTEN,1,0.9975575896842664,1.0,0.9929744422856248,1.0,0.9999999926378615,1.0,0.9925663850119202,1.0,4.0,1111,0.9957746024049182,0.997740355304536,25,25,1,Unanimous LP/P-directed,logo_PTEN
NC_000010.11:87933160:G:C,PTEN,1,0.9974289432237852,1.0,0.9974495845598664,1.0,0.9999999926378615,1.0,0.9909825094628252,1.0,4.0,1111,0.9964652574710844,0.9981468769149804,25,25,1,Unanimous LP/P-directed,logo_PTEN
NC_000010.11:87933160:G:T,PTEN,1,0.9974180224483996,1.0,0.9974394560996158,1.0,0.9999999926378615,1.0,0.9909825094628252,1.0,4.0,1111,0.9964599951621754,0.9981438112391978,25,25,1,Unanimous LP/P-directed,logo_PTEN
NC_000010.11:87933162:T:A,PTEN,1,0.9969188840810884,1.0,0.9914225644451816,1.0,0.9999999926378615,1.0,0.9928864257616556,1.0,4.0,1111,0.9953069667314468,0.9974607138003252,25,25,1,Unanimous LP/P-directed,logo_PTEN
NC_000010.11:87933164:T:C,PTEN,1,0.9978256595717662,1.0,0.9941337893887028,1.0,0.9999999926378615,1.0,0.9923038836221598,1.0,4.0,1111,0.9960658313051224,0.9979127668821692,25,25,1,Unanimous LP/P-directed,logo_PTEN
NC_000010.11:87933165:G:T,PTEN,1,0.9969112443181573,1.0,0.9928531026539936,1.0,0.9999999926378615,1.0,0.991223880558192,1.0,4.0,1111,0.995247055042051,0.997424651237699,25,25,1,Unanimous LP/P-directed,logo_PTEN
NC_000010.11:87933166:T:G,PTEN,1,0.9956211049651584,1.0,0.9841611530892264,1.0,0.9999999926378615,1.0,0.9927691597819546,1.0,4.0,1111,0.9931378526185504,0.9961254922805992,25,25,1,Unanimous LP/P-directed,logo_PTEN
NC_000010.11:87933168:C:A,PTEN,1,0.995049900242826,1.0,0.9874733665506944,1.0,0.9999999926378615,1.0,0.9930019659673774,1.0,4.0,1111,0.99388130634969,0.9965895200869016,25,25,1,Unanimous LP/P-directed,logo_PTEN
NC_000010.11:87933180:A:C,PTEN,1,0.9939708774482768,1.0,0.9857952927760862,1.0,0.998375778277023,1.0,0.9920165520185156,1.0,4.0,1111,0.9925396251299752,0.9957478452155132,25,25,1,Unanimous LP/P-directed,logo_PTEN
NC_000010.11:87933180:A:T,PTEN,1,0.9957602956330286,1.0,0.9953074340936672,1.0,0.9993655551401152,1.0,0.9928504498402898,1.0,4.0,1111,0.9958209336767752,0.9977678765193162,25,25,1,Unanimous LP/P-directed,logo_PTEN
NC_000010.11:87933183:G:C,PTEN,1,0.9829818327544289,1.0,0.9864842300701204,1.0,0.992713500799879,1.0,0.987304052612607,1.0,4.0,1111,0.9873709040592588,0.9923575313921756,25,25,1,Unanimous LP/P-directed,logo_PTEN
NC_000010.11:87933219:T:G,PTEN,1,0.9594887316154944,1.0,0.9297223052106208,1.0,0.990988467584992,1.0,0.9798674660038096,1.0,4.0,1111,0.9650167426037292,0.9761252429860868,25,25,1,Unanimous LP/P-directed,logo_PTEN
NC_000010.11:87933221:T:A,PTEN,1,0.9956337924832724,1.0,0.9877050943113036,1.0,0.998375778277023,1.0,0.9912665963422512,1.0,4.0,1111,0.9932453153534626,0.9961929388744252,25,25,1,Unanimous LP/P-directed,logo_PTEN
NC_000010.11:87933221:T:C,PTEN,1,0.996373294488528,1.0,0.989118451871795,1.0,0.9999999926378615,1.0,0.9931554031723324,1.0,4.0,1111,0.9946617855426292,0.9970697234635054,25,25,1,Unanimous LP/P-directed,logo_PTEN
NC_000010.11:87933222:A:C,PTEN,1,0.9970951435579152,1.0,0.9913684702150544,1.0,0.9999999926378615,1.0,0.9930844018574476,1.0,4.0,1111,0.9953870020670696,0.9975088077566118,25,25,1,Unanimous LP/P-directed,logo_PTEN
NC_000010.11:87933222:A:G,PTEN,1,0.9976575610367427,1.0,0.9944082580713048,1.0,0.9999999926378615,1.0,0.9935323837734448,1.0,4.0,1111,0.9963995488798384,0.9981085602577364,25,25,1,Unanimous LP/P-directed,logo_PTEN
NC_000010.11:87933233:A:G,PTEN,1,0.9979976511549448,1.0,0.9912454980977222,1.0,0.9999999926378615,1.0,0.99040922365439,1.0,4.0,1111,0.9949130913862296,0.9972226971073588,25,25,1,Unanimous LP/P-directed,logo_PTEN
NC_000010.11:87933234:G:A,PTEN,1,0.9972043944323736,1.0,0.994930619367495,1.0,0.9999999926378615,1.0,0.9925509084887196,1.0,4.0,1111,0.9961714787316126,0.9979749613722518,25,25,1,Unanimous LP/P-directed,logo_PTEN
NC_000010.11:87933234:G:T,PTEN,1,0.9979514383282724,1.0,0.9951729357149224,1.0,0.9999999926378615,1.0,0.9916561510957064,1.0,4.0,1111,0.9961951294441906,0.9979888581801296,25,25,1,Unanimous LP/P-directed,logo_PTEN
NC_000010.11:87933237:C:T,PTEN,1,0.9966848756348542,1.0,0.992213363234098,1.0,0.998375778277023,1.0,0.992859353149416,1.0,4.0,1111,0.9950333425738478,0.9972955944351594,25,25,1,Unanimous LP/P-directed,logo_PTEN
NC_000010.11:87933244:C:G,PTEN,1,0.990371200660522,1.0,0.9935769475849432,1.0,0.98312717114307,1.0,0.9888126878046803,1.0,4.0,1111,0.988972001798304,0.9934292739240642,25,25,1,Unanimous LP/P-directed,logo_PTEN
NC_000010.11:87952117:G:A,PTEN,1,0.9978676718715846,1.0,0.9961628181634724,1.0,0.9999999926378615,1.0,0.9906124670679558,1.0,4.0,1111,0.9961607374352186,0.9979686467422364,25,25,1,Unanimous LP/P-directed,logo_PTEN
NC_000010.11:87952117:G:C,PTEN,1,0.9974776076999728,1.0,0.9951733833991708,1.0,0.9999999926378615,1.0,0.9906124670679558,1.0,4.0,1111,0.9958158627012402,0.9977648659872536,25,25,1,Unanimous LP/P-directed,logo_PTEN
NC_000010.11:87952121:T:A,PTEN,1,0.9951806571706948,1.0,0.9854994540660144,1.0,0.9999999926378615,1.0,0.9907790336957928,1.0,4.0,1111,0.9928647843925908,0.99595356286975,25,25,1,Unanimous LP/P-directed,logo_PTEN
NC_000010.11:87952132:A:C,PTEN,1,0.9966095226769528,1.0,0.990336715002216,1.0,0.9993655551401152,1.0,0.9903401939529394,1.0,4.0,1111,0.994162996693056,0.99676369375225,25,25,1,Unanimous LP/P-directed,logo_PTEN
NC_000010.11:87952133:G:A,PTEN,1,0.9929940347450308,1.0,0.9855828566294212,1.0,0.9958223435404364,1.0,0.9762813196033148,1.0,4.0,1111,0.9876701386295508,0.9925591258939974,25,25,1,Unanimous LP/P-directed,logo_PTEN
NC_000010.11:87952133:G:T,PTEN,1,0.9967167918605871,1.0,0.9914571310214138,1.0,0.9999999926378615,1.0,0.9908629748218636,1.0,4.0,1111,0.9947592225854316,0.9971291344652052,25,25,1,Unanimous LP/P-directed,logo_PTEN
NC_000010.11:87952134:T:G,PTEN,1,0.998198938871992,1.0,0.9925028839471955,1.0,0.9999999926378615,1.0,0.991835521780913,1.0,4.0,1111,0.9956343343094906,0.9976568276709886,25,25,1,Unanimous LP/P-directed,logo_PTEN
NC_000010.11:87952135:C:A,PTEN,1,0.9963650603474516,1.0,0.990274251165704,1.0,0.9993655551401152,1.0,0.9874192101897944,1.0,4.0,1111,0.9933560192107664,0.9962622906278562,25,25,1,Unanimous LP/P-directed,logo_PTEN
NC_000010.11:87952135:C:G,PTEN,1,0.9945039485297864,1.0,0.98425953839079,1.0,0.998375778277023,1.0,0.9854295558961688,1.0,4.0,1111,0.990642205273442,0.9945277714110023,25,25,1,Unanimous LP/P-directed,logo_PTEN
NC_000010.11:87952136:A:G,PTEN,1,0.9947601480756,1.0,0.9857608926260886,1.0,0.9971795845053008,1.0,0.9887695012224408,1.0,4.0,1111,0.9916175316073575,0.995158932512426,25,25,1,Unanimous LP/P-directed,logo_PTEN
NC_000010.11:87952141:C:G,PTEN,1,0.9954611969746042,1.0,0.988839116799749,1.0,0.998375778277023,1.0,0.9905921511839716,1.0,4.0,1111,0.9933170608088372,0.9962378997194538,25,25,1,Unanimous LP/P-directed,logo_PTEN
NC_000010.11:87952142:G:A,PTEN,1,0.9959748964502004,1.0,0.9918891413441628,1.0,0.9971795845053008,1.0,0.989947326008864,1.0,4.0,1111,0.993747737077132,0.9965066076608936,25,25,1,Unanimous LP/P-directed,logo_PTEN
NC_000010.11:87952142:G:T,PTEN,1,0.9955715103884396,1.0,0.9926135385933772,1.0,0.9971795845053008,1.0,0.9870834943825972,1.0,4.0,1111,0.9931120319674288,0.9961092683184626,25,25,1,Unanimous LP/P-directed,logo_PTEN
NC_000010.11:87952144:T:C,PTEN,1,0.9956765375011494,1.0,0.9880020606085496,1.0,0.9971795845053008,1.0,0.9845283710846264,1.0,4.0,1111,0.9913466384249066,0.994984447486366,25,25,1,Unanimous LP/P-directed,logo_PTEN
NC_000010.11:87952145:A:G,PTEN,1,0.9959691675538026,1.0,0.9904000117666132,1.0,0.9993655551401152,1.0,0.9884459331281058,1.0,4.0,1111,0.9935451668971592,0.9963804761433176,25,25,1,Unanimous LP/P-directed,logo_PTEN
NC_000010.11:87952147:G:A,PTEN,1,0.9935025986768128,1.0,0.9894717968094082,1.0,0.998375778277023,1.0,0.987524844165903,1.0,4.0,1111,0.9922187544822868,0.995543821623454,25,25,1,Unanimous LP/P-directed,logo_PTEN
NC_000010.11:87952153:T:C,PTEN,1,0.9942524933799308,1.0,0.9862233816982144,1.0,0.998375778277023,1.0,0.9839778704939544,1.0,4.0,1111,0.9907073809622806,0.9945701975909924,25,25,1,Unanimous LP/P-directed,logo_PTEN
NC_000010.11:87952166:T:C,PTEN,1,0.9948531786355812,1.0,0.9857141442753832,1.0,0.9993655551401152,1.0,0.9903274017469744,1.0,4.0,1111,0.9925650699495135,0.9957639813059054,25,25,1,Unanimous LP/P-directed,logo_PTEN
NC_000010.11:87952217:T:A,PTEN,1,0.946541489177264,1.0,0.931936974256105,1.0,0.963570537769895,1.0,0.9892344490514602,1.0,4.0,1111,0.957820862563681,0.9705443729863804,25,25,1,Unanimous LP/P-directed,logo_PTEN
NC_000010.11:87952222:T:G,PTEN,1,0.8311858946409374,1.0,0.8490124657955371,1.0,0.8377747238509016,1.0,0.8894537290828639,1.0,4.0,1111,0.85185670334256,0.8777616601827257,25,25,1,Unanimous LP/P-directed,logo_PTEN
NC_000010.11:87952229:C:T,PTEN,1,0.9392761249511272,1.0,0.9302033494943858,1.0,0.9688903141809851,1.0,0.9899923763899736,1.0,4.0,1111,0.957090541254118,0.969970452812957,25,25,1,Unanimous LP/P-directed,logo_PTEN
NC_000010.11:87952234:C:G,PTEN,1,0.977889712707162,1.0,0.9612840440155976,1.0,0.9958223435404364,1.0,0.988659022579065,1.0,4.0,1111,0.9809137807105652,0.9878835366225316,25,25,1,Unanimous LP/P-directed,logo_PTEN
NC_000010.11:87952257:C:G,PTEN,1,0.9777998342190806,1.0,0.9606893787696428,1.0,0.9943284481805144,1.0,0.9872998280587032,1.0,4.0,1111,0.9800293723069852,0.987254554055582,25,25,1,Unanimous LP/P-directed,logo_PTEN
NC_000010.11:87957878:A:G,PTEN,1,0.8668746693976872,1.0,0.8153102917377009,1.0,0.9331510609444564,1.0,0.9559601900350416,1.0,4.0,1111,0.8928240530287215,0.915489527852936,25,25,1,Unanimous LP/P-directed,logo_PTEN
NC_000010.11:87957938:T:C,PTEN,1,0.732601185143363,1.0,0.906411941162264,1.0,0.5376975532051793,1.0,0.4049299472611376,0.0,3.0,1110,0.6454101566929861,0.6671673242687022,25,25,1,Mixed votes,logo_PTEN
NC_000010.11:87957957:T:C,PTEN,1,0.95379633952545,1.0,0.904724490694366,1.0,0.9958223435404364,1.0,0.988474175262319,1.0,4.0,1111,0.9607043372556427,0.9727971868355182,25,25,1,Unanimous LP/P-directed,logo_PTEN
NC_000010.11:87957963:T:G,PTEN,1,0.9857314076142264,1.0,0.9670394752711804,1.0,0.998375778277023,1.0,0.9918050797964084,1.0,4.0,1111,0.9857379352397097,0.9912476350234094,25,25,1,Unanimous LP/P-directed,logo_PTEN
NC_000010.11:87957969:G:T,PTEN,1,0.9966988248183806,1.0,0.993098709469494,1.0,0.9999999926378615,1.0,0.9919495408282776,1.0,4.0,1111,0.9954367669385036,0.9975386643059108,25,25,1,Unanimous LP/P-directed,logo_PTEN
NC_000010.11:87957969:GT:TG,PTEN,1,,,,,,,,,,,,,1,25,0,,logo_PTEN
NC_000010.11:87957972:A:T,PTEN,1,0.9972908272147673,1.0,0.9940438547027022,1.0,0.9999999926378615,1.0,0.9925516945517996,1.0,4.0,1111,0.9959715922767828,0.9978571289279524,25,25,1,Unanimous LP/P-directed,logo_PTEN
NC_000010.11:87957978:A:C,PTEN,1,0.9919843496609282,1.0,0.983390747774836,1.0,0.9993655551401152,1.0,0.9954545216791136,1.0,4.0,1111,0.9925487935637484,0.99575366020516,25,25,1,Unanimous LP/P-directed,logo_PTEN
NC_000010.11:87957981:T:A,PTEN,1,0.9903723342101404,1.0,0.9773258832300808,1.0,0.9993655551401152,1.0,0.9925603654064936,1.0,4.0,1111,0.9899060344967076,0.9940462058933544,25,25,1,Unanimous LP/P-directed,logo_PTEN
NC_000010.11:87957981:T:G,PTEN,1,0.986753377718243,1.0,0.969134722583115,1.0,0.9993655551401152,1.0,0.9921018283139476,1.0,4.0,1111,0.9868388709388553,0.9919977005914208,25,25,1,Unanimous LP/P-directed,logo_PTEN
NC_000010.11:87958018:G:C,PTEN,1,0.981918744289153,1.0,0.9855689492134456,1.0,0.8769171092902919,1.0,0.9761442964973358,1.0,4.0,1111,0.9551372748225566,0.9684290800902676,25,25,1,Unanimous LP/P-directed,logo_PTEN
NC_000010.11:87960906:A:C,PTEN,1,0.991076262235954,1.0,0.9809306629894068,1.0,0.998375778277023,1.0,0.992190782475758,1.0,4.0,1111,0.9906433714945354,0.9945285308681168,25,25,1,Unanimous LP/P-directed,logo_PTEN
NC_000010.11:87960912:G:T,PTEN,1,0.9968187657443336,1.0,0.9936561618271786,1.0,0.9999999926378615,1.0,0.9946472943541425,1.0,4.0,1111,0.996280553640879,0.9980389706327903,25,25,1,Unanimous LP/P-directed,logo_PTEN
NC_000010.11:87960920:A:G,PTEN,1,0.9948445995384878,1.0,0.9885448936143124,1.0,0.9999999926378615,1.0,0.990179066567981,1.0,4.0,1111,0.9933921380896606,0.996284889090608,25,25,1,Unanimous LP/P-directed,logo_PTEN
NC_000010.11:87960921:C:G,PTEN,1,0.9978671697140888,1.0,0.9943108746031596,1.0,0.9999999926378615,1.0,0.992757597411778,1.0,4.0,1111,0.996233908591722,0.9980116231211562,25,25,1,Unanimous LP/P-directed,logo_PTEN
NC_000010.11:87960921:C:T,PTEN,1,0.998133539858353,1.0,0.9969849620849544,1.0,0.9999999926378615,1.0,0.991508958100917,1.0,4.0,1111,0.9966568631705216,0.9982581456167446,25,25,1,Unanimous LP/P-directed,logo_PTEN
NC_000010.11:87961020:A:G,PTEN,1,0.9908151455025968,1.0,0.9981480853160384,1.0,0.8599886298712334,1.0,0.9694039411246864,1.0,4.0,1111,0.9545889504536388,0.967994736938004,25,25,1,Unanimous LP/P-directed,logo_PTEN
NC_000010.11:87961038:T:C,PTEN,1,0.8317628869177353,1.0,0.8170970127114789,1.0,0.9008309577425264,1.0,0.9650371872212838,1.0,4.0,1111,0.8786820111482562,0.9026820314464492,25,25,1,Unanimous LP/P-directed,logo_PTEN
NC_000010.11:87961067:G:A,PTEN,1,0.9889862180770632,1.0,0.9752829491608316,1.0,0.990988467584992,1.0,0.955915869912132,1.0,4.0,1111,0.9777933761837544,0.9856492193230924,25,25,1,Unanimous LP/P-directed,logo_PTEN
NC_000010.11:87961068:A:G,PTEN,1,0.9951356472385872,1.0,0.9874837151300055,1.0,0.9999999926378615,1.0,0.9926036606034492,1.0,4.0,1111,0.993805753902476,0.9965426465160124,25,25,1,Unanimous LP/P-directed,logo_PTEN
NC_000010.11:87961117:G:T,PTEN,1,0.98239220684465,1.0,0.9709774629702712,1.0,0.8891011390105193,1.0,0.9723138333337548,1.0,4.0,1111,0.9536961605397988,0.9672860170684532,25,25,1,Unanimous LP/P-directed,logo_PTEN
NC_000010.11:87965293:T:C,PTEN,1,0.9853895924479285,1.0,0.9813772368063988,1.0,0.9958223435404364,1.0,0.9912562952421364,1.0,4.0,1111,0.988461367009225,0.9930893471694696,25,25,1,Unanimous LP/P-directed,logo_PTEN
NC_000010.11:87862042:A:T,PTEN,0,,,,,,,,,,,,,1,25,0,,logo_PTEN
NC_000010.11:87862095:T:C,PTEN,0,,,,,,,,,,,,,1,25,0,,logo_PTEN
NC_000010.11:87862105:G:C,PTEN,0,,,,,,,,,,,,,1,25,0,,logo_PTEN
NC_000010.11:87863565:G:A,PTEN,0,,,,,,,,,,,,,2,25,0,,logo_PTEN
NC_000010.11:87863956:G:C,PTEN,0,,,,,,,,,,,,,2,25,0,,logo_PTEN
NC_000010.11:87864031:T:C,PTEN,0,,,,,,,,,,,,,2,25,0,,logo_PTEN
NC_000010.11:87864317:A:G,PTEN,0,,,,,,,,,,,,,2,25,0,,logo_PTEN
NC_000010.11:87864460:C:G,PTEN,0,,,,,,,,,,,,,2,25,0,,logo_PTEN
NC_000010.11:87931070:G:A,PTEN,0,0.1541797839692501,0.0,0.5806344214152342,0.0,0.2246262623872382,0.0,0.0587655709128397,0.0,0.0,0000,0.2545515096711406,0.2385131570673326,25,25,1,Unanimous B/LB-directed,logo_PTEN
NC_000010.11:87960973:T:G,PTEN,0,0.033081292334799,0.0,0.1454940896368816,0.0,0.0894137188641835,0.0,0.0588211435060073,0.0,0.0,0000,0.0817025610854678,0.0658193553946542,25,25,1,Unanimous B/LB-directed,logo_PTEN
NC_000010.11:87965320:C:A,PTEN,0,0.1442962955182125,0.0,0.4026452421081277,0.0,0.2749708168129654,0.0,0.1638212826466658,0.0,0.0,0000,0.2464334092714928,0.2299106087953966,25,25,1,Unanimous B/LB-directed,logo_PTEN
NC_000010.11:87965337:A:G,PTEN,0,0.0345251503505866,0.0,0.1353090148958509,0.0,0.174125982643019,0.0,0.0678246261739302,0.0,0.0,0000,0.1029461935158467,0.085456402960076,25,25,1,Unanimous B/LB-directed,logo_PTEN
NC_000010.11:87862429:A:G,PTEN,0,,,,,,,,,,,,,1,25,0,,logo_PTEN
NC_000010.11:87863956:G:T,PTEN,0,,,,,,,,,,,,,2,25,0,,logo_PTEN
NC_000010.11:87863958:G:A,PTEN,0,,,,,,,,,,,,,2,25,0,,logo_PTEN
NC_000010.11:87864003:G:A,PTEN,0,,,,,,,,,,,,,2,25,0,,logo_PTEN
NC_000010.11:87864140:C:T,PTEN,0,,,,,,,,,,,,,2,25,0,,logo_PTEN
NC_000010.11:87864179:A:T,PTEN,0,,,,,,,,,,,,,2,25,0,,logo_PTEN
NC_000010.11:87864185:C:T,PTEN,0,,,,,,,,,,,,,2,25,0,,logo_PTEN
NC_000010.11:87864217:T:C,PTEN,0,,,,,,,,,,,,,2,25,0,,logo_PTEN
NC_000010.11:87864457:A:T,PTEN,0,,,,,,,,,,,,,2,25,0,,logo_PTEN
NC_000010.11:87960983:C:G,PTEN,0,0.0058660504873442,0.0,0.0316984087075584,0.0,0.0951420221250482,0.0,0.1237975447648741,0.0,0.0,0000,0.0641260065212062,0.0500926676995988,25,25,1,Unanimous B/LB-directed,logo_PTEN
NC_000017.11:58695158:G:T,RAD51C,1,0.999503741425563,1.0,0.9971443966918706,1.0,0.9985734767306802,1.0,0.9909639969867438,1.0,4.0,1111,0.9965464029587144,0.9984257491439984,25,25,1,Unanimous LP/P-directed,logo_RAD51C
NC_000017.11:58695188:G:A,RAD51C,1,0.994924705080616,1.0,0.9998878882690662,1.0,0.9610915465476568,1.0,0.9946900693317984,1.0,4.0,1111,0.9876485523072844,0.9933314476375096,23,25,1,Unanimous LP/P-directed,logo_RAD51C
NC_000017.11:58696701:G:C,RAD51C,1,0.6017297813190096,1.0,0.6601429321148531,1.0,0.4971793353941179,1.0,0.2601665460074601,0.0,3.0,1110,0.5048046487088601,0.5197518706299835,25,25,1,Mixed votes,logo_RAD51C
NC_000017.11:58695178:A:C,RAD51C,1,0.9983796249266896,1.0,0.9887361064012292,1.0,0.9923339859555742,1.0,0.991284883877233,1.0,4.0,1111,0.9926836502901816,0.9963178177759588,25,25,1,Unanimous LP/P-directed,logo_RAD51C
NC_000017.11:58695188:G:C,RAD51C,1,0.9953138837201714,1.0,0.9999782607927358,1.0,0.8992663059146679,1.0,0.9910345049896666,1.0,4.0,1111,0.9713982388543104,0.9826558923072446,24,25,1,Unanimous LP/P-directed,logo_RAD51C
NC_000017.11:58695188:G:T,RAD51C,1,0.9940175450544424,1.0,0.9999908507130096,1.0,0.9442906611931516,1.0,0.994037876218133,1.0,4.0,1111,0.9830842332946844,0.9904670835344532,24,25,1,Unanimous LP/P-directed,logo_RAD51C
NC_000017.11:58695189:G:C,RAD51C,1,,,,,,,,,,,,,2,25,0,,logo_RAD51C
NC_000017.11:58696858:G:A,RAD51C,1,0.0370552600731777,0.0,0.0346790909123113,0.0,0.1198191231615714,0.0,0.0578117150722874,0.0,0.0,0000,0.062341297304837,0.0472990627934202,24,25,1,Unanimous B/LB-directed,logo_RAD51C
NC_000017.11:58724098:A:G,RAD51C,1,0.9863755440290458,1.0,0.9973247564832028,1.0,0.812786519594305,1.0,0.8219132793595942,1.0,4.0,1111,0.9046000248665368,0.9306490688191192,24,25,1,Unanimous LP/P-directed,logo_RAD51C
NC_000017.11:58695160:G:A,RAD51C,0,0.0813428421404662,0.0,0.0032144902902121,0.0,0.0085411202087819,0.0,0.0060749183023339,0.0,0.0,0000,0.0247933427354485,0.0164955716160372,25,25,1,Unanimous B/LB-directed,logo_RAD51C
NC_000017.11:58720766:A:G,RAD51C,0,0.0024650800262018,0.0,0.0148647779042827,0.0,0.1287332015906398,0.0,0.0183848016857489,0.0,0.0,0000,0.0411119653017183,0.0293671607198929,25,25,1,Unanimous B/LB-directed,logo_RAD51C
NC_000017.11:58692681:T:A,RAD51C,0,0.0894348960580341,0.0,0.064506861171083,0.0,0.0199152475865774,0.0,0.0124795590381431,0.0,0.0,0000,0.0465841409634594,0.0338773966051656,24,25,1,Unanimous B/LB-directed,logo_RAD51C
NC_000017.11:58692700:T:G,RAD51C,0,0.085870509278887,0.0,0.1732324551217207,0.0,0.003680591631629,0.0,0.0095451486368483,0.0,0.0,0000,0.0680821761672713,0.0523302351723668,25,25,1,Unanimous B/LB-directed,logo_RAD51C
NC_000017.11:58692749:A:G,RAD51C,0,0.3406958853810248,0.0,0.1404018809213139,0.0,0.1799820862313395,0.0,0.0827505506508094,0.0,0.0,0000,0.1859576007961219,0.1666646164490767,25,25,1,Unanimous B/LB-directed,logo_RAD51C
NC_000017.11:58694933:T:C,RAD51C,0,0.0370903218607352,0.0,0.0200544526598088,0.0,0.0261929196154174,0.0,0.0160025920797329,0.0,0.0,0000,0.0248350715539236,0.0165271837698355,25,25,1,Unanimous B/LB-directed,logo_RAD51C
NC_000017.11:58695032:A:G,RAD51C,0,0.0520078331311718,0.0,0.0161380851981631,0.0,0.0112098563116581,0.0,0.0114516005956496,0.0,0.0,0000,0.0227018438091606,0.0149212233367546,25,25,1,Unanimous B/LB-directed,logo_RAD51C
NC_000017.11:58695058:G:C,RAD51C,0,0.0873778512653389,0.0,0.0223441269377211,0.0,0.0261929196154174,0.0,0.0167007433780214,0.0,0.0,0000,0.0381539102991247,0.0269659547950472,25,25,1,Unanimous B/LB-directed,logo_RAD51C
NC_000017.11:58696786:G:A,RAD51C,0,0.003336923955942,0.0,0.0013009672884874,0.0,0.0327866753020801,0.0,0.0251655609843991,0.0,0.0,0000,0.0156475318827272,0.0097745076228526,25,25,1,Unanimous B/LB-directed,logo_RAD51C
NC_000017.11:58696786:G:T,RAD51C,0,0.0003521642349274,0.0,0.0034879769822769,0.0,0.0467892076335781,0.0,0.015427180012795,0.0,0.0,0000,0.0165141322158943,0.0103916203935471,25,25,1,Unanimous B/LB-directed,logo_RAD51C
NC_000017.11:35103500:G:A,RAD51D,1,0.9614119210399382,1.0,0.8412672427265463,1.0,0.7154619318595699,1.0,0.8639557893909434,1.0,4.0,1111,0.8455242212542495,0.8757301727058451,24,25,1,Unanimous LP/P-directed,logo_RAD51D
NC_000017.11:35100956:G:A,RAD51D,0,0.0441632718321024,0.0,0.0011506267336147,0.0,0.0017609796208953,0.0,0.015148665165492,0.0,0.0,0000,0.0155558858380261,0.0098101162035881,23,25,1,Unanimous B/LB-directed,logo_RAD51D
NC_000017.11:35103264:T:C,RAD51D,0,0.0801706245631987,0.0,0.0097806566964158,0.0,0.0378751652446841,0.0,0.0203450394057901,0.0,0.0,0000,0.0370428714775222,0.0262037017936923,23,25,1,Unanimous B/LB-directed,logo_RAD51D
NC_000017.11:35103293:T:C,RAD51D,0,0.0082928408919094,0.0,0.0008774591481617,0.0,0.0487265021710584,0.0,0.0114476766414424,0.0,0.0,0000,0.017336119713143,0.0110877554324789,24,25,1,Unanimous B/LB-directed,logo_RAD51D
NC_000017.11:35103296:C:T,RAD51D,0,0.0198792199092963,0.0,0.0001320861727442,0.0,0.0040154683505892,0.0,0.0114476766414424,0.0,0.0,0000,0.008868612768518,0.0052037972987488,24,25,1,Unanimous B/LB-directed,logo_RAD51D
NC_000017.11:35106467:C:T,RAD51D,0,0.0664003648253137,0.0,0.0010431051028279,0.0,0.0017609796208953,0.0,0.0114476766414424,0.0,0.0,0000,0.0201630315476198,0.0131527714312075,23,25,1,Unanimous B/LB-directed,logo_RAD51D
NC_000017.11:35100980:C:T,RAD51D,0,0.0264765544946268,0.0,0.0010758100283339,0.0,0.0120443386739358,0.0,0.0162455154353185,0.0,0.0,0000,0.0139605546580538,0.008681698584818,23,25,1,Unanimous B/LB-directed,logo_RAD51D
NC_000017.11:35101001:G:T,RAD51D,0,0.065064288356381,0.0,0.0198321757017373,0.0,0.1224738244606756,0.0,0.0628731348969093,0.0,0.0,0000,0.0675608558539258,0.0519446048296676,22,25,1,Unanimous B/LB-directed,logo_RAD51D
NC_000017.11:35101015:C:A,RAD51D,0,0.065927805803515,0.0,0.0168650183782112,0.0,0.0562328766290541,0.0,0.0324298009103941,0.0,0.0,0000,0.0428638754302936,0.0309309246920721,23,25,1,Unanimous B/LB-directed,logo_RAD51D
NC_000017.11:35101015:C:T,RAD51D,0,0.0730148600826285,0.0,0.0286330197454834,0.0,0.0626401907923555,0.0,0.0429887860833262,0.0,0.0,0000,0.0518192141759484,0.0383851014722021,23,25,1,Unanimous B/LB-directed,logo_RAD51D
NC_000017.11:35101259:C:G,RAD51D,0,0.0343840387575123,0.0,0.00083626164439,0.0,0.0179503894769713,0.0,0.0226418532662973,0.0,0.0,0000,0.0189531357862927,0.0122637930542098,24,25,1,Unanimous B/LB-directed,logo_RAD51D
NC_000019.10:1207057:T:G,STK11,1,0.9982160993357132,1.0,0.9916629611878656,1.0,0.9999999736547204,1.0,0.990424494979392,1.0,4.0,1111,0.9950758822894228,0.9974671574892842,25,25,1,Unanimous LP/P-directed,logo_STK11
NC_000019.10:1207112:T:C,STK11,1,0.9993352087104008,1.0,0.9974954650462616,1.0,0.9999999736547204,1.0,0.990424494979392,1.0,4.0,1111,0.9968137855976936,0.9984460324842452,25,25,1,Unanimous LP/P-directed,logo_STK11
NC_000019.10:1219351:G:C,STK11,1,0.9986553816096848,1.0,0.9962236748209984,1.0,0.9978313414368868,1.0,0.990424494979392,1.0,4.0,1111,0.9957837232117404,0.9978721056586936,25,25,1,Unanimous LP/P-directed,logo_STK11
NC_000019.10:1220395:G:A,STK11,1,0.99573951550663,1.0,0.9872881641684804,1.0,0.9999999736547204,1.0,0.990424494979392,1.0,4.0,1111,0.9933630370773058,0.9964583382005684,25,25,1,Unanimous LP/P-directed,logo_STK11
NC_000019.10:1220433:G:A,STK11,1,0.990533557600968,1.0,0.9779714553928378,1.0,0.9446910573597808,1.0,0.9064873270012708,1.0,4.0,1111,0.9549208493387144,0.9692225761255968,25,25,1,Unanimous LP/P-directed,logo_STK11
NC_000019.10:1220487:G:A,STK11,1,0.994577010994897,1.0,0.9880834689548714,1.0,0.97268088530042,1.0,0.9794993097012205,1.0,4.0,1111,0.983710168737852,0.9902725101850244,25,25,1,Unanimous LP/P-directed,logo_STK11
NC_000019.10:1220487:G:T,STK11,1,0.9944028334104348,1.0,0.9870669626866128,1.0,0.9999999736547204,1.0,0.990424494979392,1.0,4.0,1111,0.99297356618279,0.9962239860160736,25,25,1,Unanimous LP/P-directed,logo_STK11
NC_000019.10:1220699:G:C,STK11,1,0.9953583813939324,1.0,0.9942526623755548,1.0,0.9999999736547204,1.0,0.990424494979392,1.0,4.0,1111,0.9950088781009,0.9974284302292088,25,25,1,Unanimous LP/P-directed,logo_STK11
NC_000019.10:1219342:T:C,STK11,1,0.9987330588302528,1.0,0.9967529241913958,1.0,0.999730299760476,1.0,0.990424494979392,1.0,4.0,1111,0.9964101944403791,0.9982235435687374,25,25,1,Unanimous LP/P-directed,logo_STK11
NC_000019.10:1219367:T:C,STK11,1,0.9985064106312164,1.0,0.9919856396906064,1.0,0.9999999736547204,1.0,0.990424494979392,1.0,4.0,1111,0.9952291297389838,0.997555483593974,25,25,1,Unanimous LP/P-directed,logo_STK11
NC_000019.10:1220394:G:C,STK11,1,0.994657513795834,1.0,0.9892987604542484,1.0,0.9999999736547204,1.0,0.990424494979392,1.0,4.0,1111,0.9935951857210488,0.9965972091377704,25,25,1,Unanimous LP/P-directed,logo_STK11
NC_000019.10:1220434:A:G,STK11,1,0.996077127978504,1.0,0.9871457844055728,1.0,0.9999999736547204,1.0,0.990424494979392,1.0,4.0,1111,0.9934118452545474,0.9964875867867352,25,25,1,Unanimous LP/P-directed,logo_STK11
NC_000019.10:1220437:T:A,STK11,1,0.9885478189979136,1.0,0.9763302452424552,1.0,0.9934853679478568,1.0,0.990424494979392,1.0,4.0,1111,0.9871969817919044,0.9925846135833089,25,25,1,Unanimous LP/P-directed,logo_STK11
NC_000019.10:1220448:AAC:GAA,STK11,1,,,,,,,,,,,,,1,25,0,,logo_STK11
NC_000019.10:1220448:A:G,STK11,1,0.9839422298288374,1.0,0.9629396719498344,1.0,0.932113811939154,1.0,0.887302810750314,1.0,4.0,1111,0.941574631117035,0.9586515933476129,25,25,1,Unanimous LP/P-directed,logo_STK11
NC_000019.10:1220449:A:G,STK11,1,0.9667005833118398,1.0,0.927021260011076,1.0,0.8997240201238328,1.0,0.7007084800338337,1.0,4.0,1111,0.8735385858701457,0.8997659469093041,25,25,1,Unanimous LP/P-directed,logo_STK11
NC_000019.10:1220450:C:A,STK11,1,0.9908098634837156,1.0,0.9780315670823566,1.0,0.9844636396551588,1.0,0.9862476096841404,1.0,4.0,1111,0.9848881699763428,0.9910617490566052,25,25,1,Unanimous LP/P-directed,logo_STK11
NC_000019.10:1220450:C:G,STK11,1,0.9908030320629868,1.0,0.9780241427501012,1.0,0.9844636396551588,1.0,0.9862476096841404,1.0,4.0,1111,0.9848846060380968,0.9910593732469404,25,25,1,Unanimous LP/P-directed,logo_STK11
NC_000019.10:1220489:C:A,STK11,1,0.9980388189502029,1.0,0.99134385946878,1.0,0.9999999736547204,1.0,0.990424494979392,1.0,4.0,1111,0.994951786763274,0.9973953811311264,25,25,1,Unanimous LP/P-directed,logo_STK11
NC_000019.10:1220489:C:G,STK11,1,0.998017938341116,1.0,0.9912388126950388,1.0,0.9999999736547204,1.0,0.990424494979392,1.0,4.0,1111,0.9949203049175668,0.9973771368714164,25,25,1,Unanimous LP/P-directed,logo_STK11
NC_000019.10:1220493:G:C,STK11,1,0.9938512007559664,1.0,0.9890779934278224,1.0,0.999730299760476,1.0,0.990424494979392,1.0,4.0,1111,0.9932709972309144,0.9964031090246293,25,25,1,Unanimous LP/P-directed,logo_STK11
NC_000019.10:1220691:G:C,STK11,1,0.9977187884422009,1.0,0.9990689475324998,1.0,0.9999999736547204,1.0,0.990424494979392,1.0,4.0,1111,0.9968030511522034,0.9984401579606608,25,25,1,Unanimous LP/P-directed,logo_STK11
NC_000019.10:1220693:C:A,STK11,1,0.9974753736825064,1.0,0.9935756561461128,1.0,0.9999999736547204,1.0,0.9900503187548328,1.0,4.0,1111,0.9952753305595432,0.9975820431902174,25,25,1,Unanimous LP/P-directed,logo_STK11
NC_000019.10:1220699:G:T,STK11,1,0.9953620383018056,1.0,0.9942539228204036,1.0,0.9999999736547204,1.0,0.990424494979392,1.0,4.0,1111,0.9950101074390804,0.9974291413527248,25,25,1,Unanimous LP/P-directed,logo_STK11
NC_000019.10:1220701:C:G,STK11,1,0.9965945237777684,1.0,0.9988813680110394,1.0,0.9999999736547204,1.0,0.990424494979392,1.0,4.0,1111,0.99647509010573,0.9982595372418837,25,25,1,Unanimous LP/P-directed,logo_STK11
NC_000019.10:1220706:G:A,STK11,1,0.9936132351931132,1.0,0.993378188015649,1.0,0.9990319856577464,1.0,0.990424494979392,1.0,4.0,1111,0.994111975961475,0.9969040501248314,25,25,1,Unanimous LP/P-directed,logo_STK11
NC_000019.10:1221974:A:G,STK11,1,0.9981783579503458,1.0,0.991449352338905,1.0,0.999352791098164,1.0,0.990424494979392,1.0,4.0,1111,0.9948512490917018,0.9973370684610104,25,25,1,Unanimous LP/P-directed,logo_STK11
NC_000019.10:1221976:G:T,STK11,1,0.9984325050628609,1.0,0.990705870625458,1.0,0.9998584436128716,1.0,0.990424494979392,1.0,4.0,1111,0.9948553285701456,0.997339437381531,25,25,1,Unanimous LP/P-directed,logo_STK11
NC_000019.10:1221995:C:T,STK11,1,0.9617237365200249,1.0,0.9855267724031548,1.0,0.9081776443274978,1.0,0.9493446772513356,1.0,4.0,1111,0.9511932076255032,0.9663120646243571,25,25,1,Unanimous LP/P-directed,logo_STK11
NC_000019.10:1221996:G:C,STK11,1,0.998953197972341,1.0,0.9902498193351992,1.0,0.999730299760476,1.0,0.990424494979392,1.0,4.0,1111,0.994839453011852,0.9973302172522313,25,25,1,Unanimous LP/P-directed,logo_STK11
NC_000019.10:1222001:C:T,STK11,1,0.9896271456150662,1.0,0.9314924204921948,1.0,0.9669516735302875,1.0,0.972416313781302,1.0,4.0,1111,0.9651218883547128,0.9769994205388108,25,25,1,Unanimous LP/P-directed,logo_STK11
NC_000019.10:1222986:G:T,STK11,1,0.996456130586389,1.0,0.9939586467346508,1.0,0.9909657934922504,1.0,0.990424494979392,1.0,4.0,1111,0.9929512664481706,0.9962105171772054,25,25,1,Unanimous LP/P-directed,logo_STK11
NC_000019.10:1222987:G:T,STK11,1,0.9990608772217272,1.0,0.997880898483982,1.0,0.9978048676552326,1.0,0.990424494979392,1.0,4.0,1111,0.9962927845850834,0.998158219588458,25,25,1,Unanimous LP/P-directed,logo_STK11
NC_000019.10:1223125:C:G,STK11,0,0.0132787198126619,0.0,1.394003920172766e-05,0.0,0.0041809476269291,0.0,0.009362197075,0.0,0.0,0000,0.0067089511384482,0.0038061437071827,25,25,1,Unanimous B/LB-directed,logo_STK11
NC_000019.10:1223063:A:G,STK11,0,0.0078542775402677,0.0,0.002321917781888,0.0,0.0157116344487721,0.0,0.009362197075,0.0,0.0,0000,0.008812506711482,0.0051710818027198,25,25,1,Unanimous B/LB-directed,logo_STK11
NC_000019.10:1223123:T:C,STK11,0,0.0129453922101284,0.0,0.0054554144298694,0.0,0.0230046835142245,0.0,0.009362197075,0.0,0.0,0000,0.0126919218073056,0.0077944325014465,25,25,1,Unanimous B/LB-directed,logo_STK11
NC_000019.10:1226480:A:C,STK11,0,0.0470140789711033,0.0,0.001395666572041,0.0,0.0086914731166011,0.0,0.009362197075,0.0,0.0,0000,0.0166158539336864,0.0105571708793696,24,25,1,Unanimous B/LB-directed,logo_STK11
NC_000019.10:1226520:G:A,STK11,0,0.01611734955126,0.0,0.0002305594656718,0.0,0.0094184806025256,0.0,0.0106026673213745,0.0,0.0,0000,0.0090922642352079,0.00535598738533,24,25,1,Unanimous B/LB-directed,logo_STK11
NC_000019.10:1226549:C:A,STK11,0,0.0037700319640864,0.0,0.0005860343109405,0.0,0.0091490958622955,0.0,0.009362197075,0.0,0.0,0000,0.0057168398030806,0.003180040740627,24,25,1,Unanimous B/LB-directed,logo_STK11
NC_000019.10:1226566:G:C,STK11,0,0.0614788731901788,0.0,0.0008640755400338,0.0,0.0038299454336783,0.0,0.009362197075,0.0,0.0,0000,0.0188837728097227,0.0121951233620955,24,25,1,Unanimous B/LB-directed,logo_STK11
NC_000017.11:7670677:A:G,TP53,1,0.991006330739129,1.0,0.9765139205557224,1.0,0.9593283035228614,1.0,0.9877909770428176,1.0,4.0,1111,0.9786598829651326,0.9881019262513344,25,25,1,Unanimous LP/P-directed,logo_TP53
NC_000017.11:7670683:C:G,TP53,1,0.9853471790409152,1.0,0.9888828218219998,1.0,0.9668717510925884,1.0,0.9647417416005464,1.0,4.0,1111,0.9764608733890124,0.9866706486068088,25,25,1,Unanimous LP/P-directed,logo_TP53
NC_000017.11:7670698:C:G,TP53,1,0.9909642912293778,1.0,0.9905351034753824,1.0,0.9847696166010896,1.0,0.9824741605638811,1.0,4.0,1111,0.9871857929674328,0.993400943416324,25,25,1,Unanimous LP/P-directed,logo_TP53
NC_000017.11:7670698:C:A,TP53,1,0.9260625500606664,1.0,0.9220915271816312,1.0,0.8224773846566725,1.0,0.4704155874481083,0.0,3.0,1110,0.7852617623367697,0.8204544335085369,25,25,1,Mixed votes,logo_TP53
NC_000017.11:7670698:C:T,TP53,1,0.7831949678393311,1.0,0.8667169992945298,1.0,0.5238700632650186,1.0,0.2670284205916884,0.0,3.0,1110,0.610202612747642,0.6333320635481822,25,25,1,Mixed votes,logo_TP53
NC_000017.11:7670699:G:A,TP53,1,0.9676956287482252,1.0,0.971998652172812,1.0,0.7518995911412885,1.0,0.8994838060844118,1.0,4.0,1111,0.8977694195366843,0.925809229164682,25,25,1,Unanimous LP/P-directed,logo_TP53
NC_000017.11:7673732:T:C,TP53,1,0.0061187559205395,0.0,0.0005196904641794,0.0,0.0150687679522765,0.0,0.0103866070442271,0.0,0.0,0000,0.0080234553453057,0.0041053194927849,25,25,1,Unanimous B/LB-directed,logo_TP53
NC_000017.11:7673763:C:T,TP53,1,0.9930720983780188,1.0,0.9694536162997908,1.0,0.9913914560451864,1.0,0.9786142768389724,1.0,4.0,1111,0.983132861890492,0.9909362278290496,25,25,1,Unanimous LP/P-directed,logo_TP53
NC_000017.11:7673765:T:A,TP53,1,0.9927716250711418,1.0,0.9705362038782916,1.0,0.9631231578561888,1.0,0.9893750155882995,1.0,4.0,1111,0.9789515005984806,0.9882899517238404,25,25,1,Unanimous LP/P-directed,logo_TP53
NC_000017.11:7673775:G:C,TP53,1,0.9996357423841644,1.0,0.9977760647218774,1.0,0.9813225362186748,1.0,0.987022279506871,1.0,4.0,1111,0.991439155707897,0.9958548479992588,25,25,1,Unanimous LP/P-directed,logo_TP53
NC_000017.11:7673775:G:A,TP53,1,0.998540897610664,1.0,0.9938722347100896,1.0,0.997467163650402,1.0,0.9893750155882995,1.0,4.0,1111,0.9948138278898636,0.997671694652328,25,25,1,Unanimous LP/P-directed,logo_TP53
NC_000017.11:7673777:T:A,TP53,1,0.9971991755286672,1.0,0.987524178341636,1.0,0.9881315390086504,1.0,0.9893750155882995,1.0,4.0,1111,0.9905574771168132,0.9953592981330326,25,25,1,Unanimous LP/P-directed,logo_TP53
NC_000017.11:7673777:T:C,TP53,1,0.9969679661870484,1.0,0.9859036539366872,1.0,0.9668717510925884,1.0,0.9893750155882995,1.0,4.0,1111,0.984779596701156,0.991950665179816,25,25,1,Unanimous LP/P-directed,logo_TP53
NC_000017.11:7673780:C:G,TP53,1,0.9990366625174628,1.0,0.9978551020698644,1.0,0.9813225362186748,1.0,0.9893750155882995,1.0,4.0,1111,0.9918973290985752,0.9961092914031902,25,25,1,Unanimous LP/P-directed,logo_TP53
NC_000017.11:7673786:G:A,TP53,1,0.9980264191726758,1.0,0.9887385911076996,1.0,0.9999997797115628,1.0,0.9893750155882995,1.0,4.0,1111,0.9940349513950596,0.9972651466703868,25,25,1,Unanimous LP/P-directed,logo_TP53
NC_000017.11:7673792:G:C,TP53,1,0.9936248906606726,1.0,0.9726217835442724,1.0,0.9234726372156858,1.0,0.9711045297035348,1.0,4.0,1111,0.9652059602810414,0.9790196949222268,25,25,1,Unanimous LP/P-directed,logo_TP53
NC_000017.11:7673795:C:T,TP53,1,0.9985108606298696,1.0,0.9925243648545612,1.0,0.9813225362186748,1.0,0.9893750155882995,1.0,4.0,1111,0.9904331943228512,0.9952888452791,25,25,1,Unanimous LP/P-directed,logo_TP53
NC_000017.11:7673801:C:G,TP53,1,0.9982073348406896,1.0,0.991775540856874,1.0,0.9881315390086504,1.0,0.9893750155882995,1.0,4.0,1111,0.9918723575736283,0.996095480053428,25,25,1,Unanimous LP/P-directed,logo_TP53
NC_000017.11:7673801:C:T,TP53,1,0.9881942455949606,1.0,0.9694519649910988,1.0,0.9913914560451864,1.0,0.9893750155882995,1.0,4.0,1111,0.9846031705548864,0.991842795725076,25,25,1,Unanimous LP/P-directed,logo_TP53
NC_000017.11:7673802:G:A,TP53,1,0.9990908106995212,1.0,0.9950800573364668,1.0,0.997467163650402,1.0,0.9893750155882995,1.0,4.0,1111,0.9952532618186724,0.9978970646034194,25,25,1,Unanimous LP/P-directed,logo_TP53
NC_000017.11:7673805:C:T,TP53,1,0.9891545310794716,1.0,0.9398770199906752,1.0,0.9357274033943708,1.0,0.9822890836454448,1.0,4.0,1111,0.9617620095274906,0.9765839750951636,25,25,1,Unanimous LP/P-directed,logo_TP53
NC_000017.11:7673805:C:A,TP53,1,0.979204992450031,1.0,0.9107768000538494,1.0,0.9593283035228614,1.0,0.9696085051166976,1.0,4.0,1111,0.9547296502858598,0.971491693086036,25,25,1,Unanimous LP/P-directed,logo_TP53
NC_000017.11:7673820:G:A,TP53,1,0.9991312473683176,1.0,0.9973691282644204,1.0,0.9593283035228614,1.0,0.9893750155882995,1.0,4.0,1111,0.9863009236859748,0.9928722774856976,25,25,1,Unanimous LP/P-directed,logo_TP53
NC_000017.11:7673825:A:G,TP53,1,0.9981819814044318,1.0,0.9933371255382286,1.0,0.9778017640243196,1.0,0.9893750155882995,1.0,4.0,1111,0.98967397163882,0.994855399443472,25,25,1,Unanimous LP/P-directed,logo_TP53
NC_000017.11:7674190:C:T,TP53,1,0.998805872847018,1.0,0.9938025289139164,1.0,0.9813225362186748,1.0,0.9893750155882995,1.0,4.0,1111,0.9908264883919772,0.9955112957299376,25,25,1,Unanimous LP/P-directed,logo_TP53
NC_000017.11:7674211:T:G,TP53,1,0.982020355699855,1.0,0.9440375518106542,1.0,0.8632518023332959,1.0,0.9798529093002898,1.0,4.0,1111,0.9422906547860236,0.962138381380942,25,25,1,Unanimous LP/P-directed,logo_TP53
NC_000017.11:7674215:C:A,TP53,1,0.9941995944119744,1.0,0.9913516992822742,1.0,0.9813225362186748,1.0,0.9893750155882995,1.0,4.0,1111,0.9890622113753058,0.9945024595886336,25,25,1,Unanimous LP/P-directed,logo_TP53
NC_000017.11:7674219:C:G,TP53,1,0.9988673848603123,1.0,0.9942978788942348,1.0,0.9913914560451864,1.0,0.9893750155882995,1.0,4.0,1111,0.9934829338470084,0.9969719735634924,25,25,1,Unanimous LP/P-directed,logo_TP53
NC_000017.11:7674219:C:A,TP53,1,0.9986540371269984,1.0,0.9912892798564956,1.0,0.9999997797115628,1.0,0.9893750155882995,1.0,4.0,1111,0.994829528070839,0.9976797984697944,25,25,1,Unanimous LP/P-directed,logo_TP53
NC_000017.11:7674219:C:T,TP53,1,0.9949575460328748,1.0,0.9751581120545376,1.0,0.997467163650402,1.0,0.9893750155882995,1.0,4.0,1111,0.9892394593315286,0.9946050463435612,25,25,1,Unanimous LP/P-directed,logo_TP53
NC_000017.11:7674220:G:A,TP53,1,0.9991583864546107,1.0,0.9956242714803458,1.0,0.9945217721149902,1.0,0.9893750155882995,1.0,4.0,1111,0.9946698614095616,0.9975972114595406,25,25,1,Unanimous LP/P-directed,logo_TP53
NC_000017.11:7674226:T:C,TP53,1,0.994838064376465,1.0,0.9762973966449808,1.0,0.8632518023332959,1.0,0.848088214366335,1.0,4.0,1111,0.9206188694302692,0.9449519035249124,25,25,1,Unanimous LP/P-directed,logo_TP53
NC_000017.11:7674228:C:T,TP53,1,0.9979156016527534,1.0,0.98829506348901,1.0,0.997467163650402,1.0,0.9893750155882995,1.0,4.0,1111,0.9932632110951164,0.9968541950735778,25,25,1,Unanimous LP/P-directed,logo_TP53
NC_000017.11:7674229:C:T,TP53,1,0.9938323812583096,1.0,0.9677415373158024,1.0,0.9999997797115628,1.0,0.9893750155882995,1.0,4.0,1111,0.9877371784684936,0.9937274638507172,25,25,1,Unanimous LP/P-directed,logo_TP53
NC_000017.11:7674229:C:A,TP53,1,0.9976342376526156,1.0,0.9861314255909118,1.0,0.9881315390086504,1.0,0.9889532884091404,1.0,4.0,1111,0.9902126226653296,0.9951634564722016,25,25,1,Unanimous LP/P-directed,logo_TP53
NC_000017.11:7674237:C:T,TP53,1,0.9985833285494312,1.0,0.9930054735948852,1.0,0.9813225362186748,1.0,0.9893750155882995,1.0,4.0,1111,0.9905715884878228,0.9953672883900097,25,25,1,Unanimous LP/P-directed,logo_TP53
NC_000017.11:7674240:G:C,TP53,1,0.9955746854561764,1.0,0.9597121249932948,1.0,0.9476935107012436,1.0,0.971698408724228,1.0,4.0,1111,0.9686696824687356,0.9814273355445288,24,25,1,Unanimous LP/P-directed,logo_TP53
NC_000017.11:7674240:G:A,TP53,1,0.9992732143621555,1.0,0.9945235285592864,1.0,0.9945217721149902,1.0,0.9893750155882995,1.0,4.0,1111,0.994423382656183,0.997468981141076,25,25,1,Unanimous LP/P-directed,logo_TP53
NC_000017.11:7674249:C:T,TP53,1,0.9991811478393664,1.0,0.9958781656453148,1.0,0.9778017640243196,1.0,0.9893750155882995,1.0,4.0,1111,0.9905590232743252,0.9953601737022616,25,25,1,Unanimous LP/P-directed,logo_TP53
NC_000017.11:7674250:A:C,TP53,1,0.999278190258333,1.0,0.9965267375035672,1.0,0.9742156626254128,1.0,0.9893750155882995,1.0,4.0,1111,0.9898489014939033,0.9949557258956062,25,25,1,Unanimous LP/P-directed,logo_TP53
NC_000017.11:7674251:C:T,TP53,1,0.9963251246416108,1.0,0.9825695412412666,1.0,0.927587492520284,1.0,0.960385406130858,1.0,4.0,1111,0.9667168911335048,0.9800753115198568,25,25,1,Unanimous LP/P-directed,logo_TP53
NC_000017.11:7674256:A:G,TP53,1,0.99554852925635,1.0,0.9828652195994726,1.0,0.927587492520284,1.0,0.9813104482104842,1.0,4.0,1111,0.9718279223966476,0.9835831071869622,25,25,1,Unanimous LP/P-directed,logo_TP53
NC_000017.11:7674261:T:C,TP53,1,0.9586624413283198,1.0,0.8687228500485333,1.0,0.9193293138371144,1.0,0.8566515019382192,1.0,4.0,1111,0.9008415267880469,0.9284375723956324,25,25,1,Unanimous LP/P-directed,logo_TP53
NC_000017.11:7674262:A:C,TP53,1,0.9971270559550836,1.0,0.988437034515138,1.0,0.997467163650402,1.0,0.9893750155882995,1.0,4.0,1111,0.9931015674272308,0.996767169316915,25,25,1,Unanimous LP/P-directed,logo_TP53
NC_000017.11:7674267:A:G,TP53,1,0.8799632791284779,1.0,0.7405352530429336,1.0,0.91096117129717,1.0,0.9734588788425697,1.0,4.0,1111,0.8762296455777878,0.9069488773189108,25,25,1,Unanimous LP/P-directed,logo_TP53
NC_000017.11:7674871:T:C,TP53,1,0.9886334721915692,1.0,0.9744681893794698,1.0,0.9668717510925884,1.0,0.9795006168830988,1.0,4.0,1111,0.9773685073866816,0.9872642270047458,25,25,1,Unanimous LP/P-directed,logo_TP53
NC_000017.11:7674871:T:G,TP53,1,0.9801004019155202,1.0,0.9420224956883614,1.0,0.9813225362186748,1.0,0.985883538774019,1.0,4.0,1111,0.9723322431491438,0.9839236582104712,25,25,1,Unanimous LP/P-directed,logo_TP53
NC_000017.11:7674884:C:T,TP53,1,0.9672790596139752,1.0,0.9222229758039135,1.0,0.9234726372156858,1.0,0.9340866010642674,1.0,4.0,1111,0.9367653184244604,0.9578570197650572,25,25,1,Unanimous LP/P-directed,logo_TP53
NC_000017.11:7674892:C:G,TP53,1,0.988204713560278,1.0,0.9906506087488128,1.0,0.9357274033943708,1.0,0.9797837241247664,1.0,4.0,1111,0.9735916124570568,0.9847694403719592,25,25,1,Unanimous LP/P-directed,logo_TP53
NC_000017.11:7674892:C:T,TP53,1,0.9474992028143232,1.0,0.9523951836865584,1.0,0.9397500138995792,1.0,0.9735597827665072,1.0,4.0,1111,0.953301045791742,0.9704390099148008,25,25,1,Unanimous LP/P-directed,logo_TP53
NC_000017.11:7674943:C:G,TP53,1,0.991525308011943,1.0,0.9809400463300784,1.0,0.9778017640243196,1.0,0.986655243986404,1.0,4.0,1111,0.9842305905881864,0.9916143415895832,25,25,1,Unanimous LP/P-directed,logo_TP53
NC_000017.11:7674946:A:G,TP53,1,0.9896797422491056,1.0,0.9740354526241016,1.0,0.9742156626254128,1.0,0.9764458753729692,1.0,4.0,1111,0.9785941832178972,0.9880595062538828,25,25,1,Unanimous LP/P-directed,logo_TP53
NC_000017.11:7674950:G:A,TP53,1,0.9602418621513148,1.0,0.9162542327276236,1.0,0.8316542010720095,1.0,0.9849771977866364,1.0,4.0,1111,0.923281873434396,0.9471183209436246,25,25,1,Unanimous LP/P-directed,logo_TP53
NC_000017.11:7674952:T:C,TP53,1,0.9929333029341076,1.0,0.981372512187099,1.0,0.9778017640243196,1.0,0.9893750155882995,1.0,4.0,1111,0.9853706486834564,0.9923105657015272,25,25,1,Unanimous LP/P-directed,logo_TP53
NC_000017.11:7674953:G:A,TP53,1,0.982819733251692,1.0,0.9606762355423938,1.0,0.9945217721149902,1.0,0.9880882739761158,1.0,4.0,1111,0.981526503721298,0.989931014989426,25,25,1,Unanimous LP/P-directed,logo_TP53
NC_000017.11:7675069:C:T,TP53,1,0.3155102459291259,0.0,0.4169395792777742,0.0,0.4432112982540632,0.0,0.4242426685811351,0.0,0.0,0000,0.3999759480105246,0.3935472526089987,25,25,1,Unanimous B/LB-directed,logo_TP53
NC_000017.11:7675073:C:T,TP53,1,0.9584873608176078,1.0,0.8976231846532977,1.0,0.6690506853598276,1.0,0.961895982770966,1.0,4.0,1111,0.8717643034004248,0.9029496898097612,25,25,1,Unanimous LP/P-directed,logo_TP53
NC_000017.11:7675076:G:A,TP53,1,0.957961533868114,1.0,0.9081497981608336,1.0,0.9778017640243196,1.0,0.98316729724484,1.0,4.0,1111,0.9567700983245268,0.9729848459615326,25,25,1,Unanimous LP/P-directed,logo_TP53
NC_000017.11:7675084:C:T,TP53,1,0.991582135369398,1.0,0.9769239394937074,1.0,0.9778017640243196,1.0,0.9893750155882995,1.0,4.0,1111,0.983920713618931,0.9914236687463476,25,25,1,Unanimous LP/P-directed,logo_TP53
NC_000017.11:7675087:C:A,TP53,1,0.9788905596839724,1.0,0.9401080271878368,1.0,0.9847696166010896,1.0,0.9838518200290092,1.0,4.0,1111,0.971905005875477,0.9836352267045756,25,25,1,Unanimous LP/P-directed,logo_TP53
NC_000017.11:7675087:C:T,TP53,1,0.947532714327949,1.0,0.8124568331571108,1.0,0.9778017640243196,1.0,0.988361125868086,1.0,4.0,1111,0.9315381093443664,0.9537411129590632,25,25,1,Unanimous LP/P-directed,logo_TP53
NC_000017.11:7675094:C:T,TP53,1,0.9489244223741704,1.0,0.883610935460652,1.0,0.943739233276313,1.0,0.9695522900236972,1.0,4.0,1111,0.936456720283708,0.95761576327244,25,25,1,Unanimous LP/P-directed,logo_TP53
NC_000017.11:7675121:T:C,TP53,1,0.9117437212962864,1.0,0.7649664248767134,1.0,0.9024902241734796,1.0,0.9769917151862356,1.0,4.0,1111,0.8890480213831787,0.9182616197666498,24,25,1,Unanimous LP/P-directed,logo_TP53
NC_000017.11:7675123:T:C,TP53,1,0.9756401084483808,1.0,0.9206490678987974,1.0,0.9945217721149902,1.0,0.9866793258083753,1.0,4.0,1111,0.969372568567636,0.9819104825513124,25,25,1,Unanimous LP/P-directed,logo_TP53
NC_000017.11:7675138:C:G,TP53,1,0.9836831279518984,1.0,0.9677118184336448,1.0,0.9742156626254128,1.0,0.977608197579377,1.0,4.0,1111,0.9758047016475832,0.986239125813117,25,25,1,Unanimous LP/P-directed,logo_TP53
NC_000017.11:7675138:C:T,TP53,1,0.958613878499625,1.0,0.9123757851738232,1.0,0.9668717510925884,1.0,0.9675934585875934,1.0,4.0,1111,0.9513637183384074,0.9690021663740648,25,25,1,Unanimous LP/P-directed,logo_TP53
NC_000017.11:7675142:C:A,TP53,1,0.905726413762669,1.0,0.9270900617372366,1.0,0.9193293138371144,1.0,0.9366450536675436,1.0,4.0,1111,0.922197710751141,0.9462380622694856,25,25,1,Unanimous LP/P-directed,logo_TP53
NC_000017.11:7675156:G:A,TP53,1,0.6944557221751653,1.0,0.6686998889756594,1.0,0.8587907900509303,1.0,0.9269256834201084,1.0,4.0,1111,0.7872180211554658,0.8224122078526622,25,25,1,Unanimous LP/P-directed,logo_TP53
NC_000017.11:7675160:G:A,TP53,1,0.8486388236000472,1.0,0.7025354885179175,1.0,0.8852642886414823,1.0,0.968876018079982,1.0,4.0,1111,0.8513286547098573,0.8842879226211543,25,25,1,Unanimous LP/P-directed,logo_TP53
NC_000017.11:7675160:G:T,TP53,1,0.6749664867784215,1.0,0.4606540135887584,0.0,0.8178660705366493,1.0,0.5781404160861559,1.0,3.0,1011,0.6329067467474963,0.6586409056838933,25,25,1,Mixed votes,logo_TP53
NC_000017.11:7675184:C:T,TP53,1,0.6493081066473547,1.0,0.776331836130226,1.0,0.6887567464477508,1.0,0.3354660874050321,0.0,3.0,1110,0.612465694157591,0.6358646291816811,25,25,1,Mixed votes,logo_TP53
NC_000017.11:7675189:C:T,TP53,1,0.9830945105635552,1.0,0.9511336536050834,1.0,0.9554901163098296,1.0,0.9846766603166842,1.0,4.0,1111,0.968598735198788,0.9813784637099414,25,25,1,Unanimous LP/P-directed,logo_TP53
NC_000017.11:7675198:G:A,TP53,1,0.9489271278527156,1.0,0.849626436625385,1.0,0.6143579696777288,1.0,0.969762716601148,1.0,4.0,1111,0.8456685626892444,0.8790200685266725,25,25,1,Unanimous LP/P-directed,logo_TP53
NC_000017.11:7675199:C:G,TP53,1,0.9649564888826928,1.0,0.9169806396827814,1.0,0.9397500138995792,1.0,0.9663899391332946,1.0,4.0,1111,0.9470192703995872,0.9657425084132164,25,25,1,Unanimous LP/P-directed,logo_TP53
NC_000017.11:7675210:A:C,TP53,1,0.981650517266632,1.0,0.940490507804121,1.0,0.9742156626254128,1.0,0.980937794132953,1.0,4.0,1111,0.9693236204572796,0.9818768979984548,25,25,1,Unanimous LP/P-directed,logo_TP53
NC_000017.11:7675213:A:G,TP53,1,0.9678663698821958,1.0,0.9569968352840186,1.0,0.7804705744460111,1.0,0.8708397813496329,1.0,4.0,1111,0.8940433902404645,0.9226000159143548,25,25,1,Unanimous LP/P-directed,logo_TP53
NC_000017.11:7675220:T:A,TP53,1,0.8003565230544605,1.0,0.7382353340727682,1.0,0.7945942434185755,1.0,0.436590562328187,0.0,3.0,1110,0.6924441657184978,0.7237728079444378,25,25,1,Mixed votes,logo_TP53
NC_000017.11:7675231:G:C,TP53,1,0.947555252242977,1.0,0.9044147358150224,1.0,0.8632518023332959,1.0,0.8464645981539309,1.0,4.0,1111,0.8904215971363065,0.9194585854824868,25,25,1,Unanimous LP/P-directed,logo_TP53
NC_000017.11:7675231:G:A,TP53,1,0.9786697237939102,1.0,0.9497987949279882,1.0,0.9847696166010896,1.0,0.9850852173440152,1.0,4.0,1111,0.9745808381667508,0.9854290449256072,25,25,1,Unanimous LP/P-directed,logo_TP53
NC_000017.11:7675994:G:T,TP53,1,0.968230540581926,1.0,0.9046743571326332,1.0,0.9593283035228614,1.0,0.9614627614905784,1.0,4.0,1111,0.9484239906819998,0.966802031460002,25,25,1,Unanimous LP/P-directed,logo_TP53
NC_000017.11:7676039:C:G,TP53,1,0.8756637859159359,1.0,0.8903994595955975,1.0,0.8587907900509303,1.0,0.8711706410451012,1.0,4.0,1111,0.8740061691518912,0.9049611815694534,25,25,1,Unanimous LP/P-directed,logo_TP53
NC_000017.11:7670668:G:T,TP53,1,0.952185124744765,1.0,0.9187052616327346,1.0,0.9881315390086504,1.0,0.9781755618788124,1.0,4.0,1111,0.9592993718162406,0.974818228207212,25,25,1,Unanimous LP/P-directed,logo_TP53
NC_000017.11:7670708:C:A,TP53,1,0.990595995259328,1.0,0.9460501377657504,1.0,0.9778017640243196,1.0,0.9881761089798342,1.0,4.0,1111,0.975656001507308,0.9861410604848696,25,25,1,Unanimous LP/P-directed,logo_TP53
NC_000017.11:7670713:A:T,TP53,1,0.9619682297061052,1.0,0.8170330579146364,1.0,0.9881315390086504,1.0,0.9439326376385512,1.0,4.0,1111,0.9277663660669856,0.9507335718202076,24,25,1,Unanimous LP/P-directed,logo_TP53
NC_000017.11:7673550:T:A,TP53,1,0.533585704225138,0.0,0.2431997508956351,0.0,0.4130805125872614,0.0,0.7802515468253234,1.0,1.0,0001,0.4925293786333394,0.49959100074537,24,25,1,Mixed votes,logo_TP53
NC_000017.11:7673762:T:G,TP53,1,0.9937832102230344,1.0,0.9728140351148984,1.0,0.9705706326251986,1.0,0.9659541631985836,1.0,4.0,1111,0.9757805102904288,0.9862231788691964,25,25,1,Unanimous LP/P-directed,logo_TP53
NC_000017.11:7673766:C:T,TP53,1,0.9929800434639552,1.0,0.968887361173402,1.0,0.9913914560451864,1.0,0.9879327844028996,1.0,4.0,1111,0.9852979112713608,0.9922663990101306,25,25,1,Unanimous LP/P-directed,logo_TP53
NC_000017.11:7673774:C:G,TP53,1,0.997787458454128,1.0,0.9905045023031284,1.0,0.9813225362186748,1.0,0.9893750155882995,1.0,4.0,1111,0.9897473781410576,0.994897532605162,25,25,1,Unanimous LP/P-directed,logo_TP53
NC_000017.11:7673776:G:T,TP53,1,0.996053433502623,1.0,0.973993764244082,1.0,0.9631231578561888,1.0,0.9721382792290822,1.0,4.0,1111,0.976327158707994,0.9865828742912726,25,25,1,Unanimous LP/P-directed,logo_TP53
NC_000017.11:7673777:T:G,TP53,1,0.9969732725978409,1.0,0.9839709406910532,1.0,0.9847696166010896,1.0,0.9893750155882995,1.0,4.0,1111,0.9887722113695708,0.9943340501805888,25,25,1,Unanimous LP/P-directed,logo_TP53
NC_000017.11:7673778:C:A,TP53,1,0.9978802033620136,1.0,0.9895693870565953,1.0,0.9913914560451864,1.0,0.9893750155882995,1.0,4.0,1111,0.9920540155130236,0.9961958007238711,25,25,1,Unanimous LP/P-directed,logo_TP53
NC_000017.11:7673778:C:G,TP53,1,0.9768153795794802,1.0,0.8747208377213098,1.0,0.9847696166010896,1.0,0.9893750155882995,1.0,4.0,1111,0.9564202123725448,0.9727296883917128,24,25,1,Unanimous LP/P-directed,logo_TP53
NC_000017.11:7673778:C:T,TP53,1,0.9959971401850612,1.0,0.9818943573706118,1.0,0.997467163650402,1.0,0.9893750155882995,1.0,4.0,1111,0.9911834191985938,0.9957118948847316,25,25,1,Unanimous LP/P-directed,logo_TP53
NC_000017.11:7673779:T:G,TP53,1,0.9941789938935244,1.0,0.9802447995558562,1.0,0.951611118563624,1.0,0.9872517706109224,1.0,4.0,1111,0.978321670655982,0.9878833247665924,24,25,1,Unanimous LP/P-directed,logo_TP53
NC_000017.11:7673787:G:A,TP53,1,0.9946535653456786,1.0,0.970661812712894,1.0,0.9945217721149902,1.0,0.9893750155882995,1.0,4.0,1111,0.9873030414404655,0.9934705663391012,25,25,1,Unanimous LP/P-directed,logo_TP53
NC_000017.11:7673787:G:T,TP53,1,0.996768012484914,1.0,0.9809570072332172,1.0,0.9999997797115628,1.0,0.9893750155882995,1.0,4.0,1111,0.9917749537544984,0.9960415447309708,25,25,1,Unanimous LP/P-directed,logo_TP53
NC_000017.11:7673794:A:C,TP53,1,0.989773438551846,1.0,0.9075084246886026,1.0,0.9554901163098296,1.0,0.9893750155882995,1.0,4.0,1111,0.9605367487846443,0.975707881770138,24,25,1,Unanimous LP/P-directed,logo_TP53
NC_000017.11:7673795:C:A,TP53,1,0.9984829752518408,1.0,0.9924192124839364,1.0,0.9881315390086504,1.0,0.9893750155882995,1.0,4.0,1111,0.9921021855831818,0.9962223433671544,25,25,1,Unanimous LP/P-directed,logo_TP53
NC_000017.11:7673801:C:A,TP53,1,0.9977518211220296,1.0,0.9885812173764024,1.0,0.9913914560451864,1.0,0.9893750155882995,1.0,4.0,1111,0.9917748775329792,0.9960415024858924,25,25,1,Unanimous LP/P-directed,logo_TP53
NC_000017.11:7673802:G:C,TP53,1,0.9991977600791314,1.0,0.9953050638097029,1.0,0.9945217721149902,1.0,0.9893750155882995,1.0,4.0,1111,0.994599902898031,0.9975609058528964,25,25,1,Unanimous LP/P-directed,logo_TP53
NC_000017.11:7673802:G:T,TP53,1,0.9989912500671988,1.0,0.9934664954653116,1.0,0.997467163650402,1.0,0.9893750155882995,1.0,4.0,1111,0.9948249811928032,0.997677451935258,25,25,1,Unanimous LP/P-directed,logo_TP53
NC_000017.11:7673805:C:G,TP53,1,0.8544760768080566,1.0,0.5767959544189782,0.0,0.906738138041832,1.0,0.8830057380238215,1.0,3.0,1011,0.8052539768231721,0.8402804943350601,24,25,1,Mixed votes,logo_TP53
NC_000017.11:7673807:T:A,TP53,1,0.9950313484921122,1.0,0.9743724610990236,1.0,0.943739233276313,1.0,0.9811680496004442,1.0,4.0,1111,0.9735777731169732,0.9847601824646516,25,25,1,Unanimous LP/P-directed,logo_TP53
NC_000017.11:7673810:A:C,TP53,1,0.9860116755242284,1.0,0.92083872803728,1.0,0.9881315390086504,1.0,0.9893750155882995,1.0,4.0,1111,0.9710892395396143,0.983082427337542,24,25,1,Unanimous LP/P-directed,logo_TP53
NC_000017.11:7673810:A:G,TP53,1,0.9971473275442184,1.0,0.9840348455980664,1.0,0.9742156626254128,1.0,0.9893750155882995,1.0,4.0,1111,0.9861932128389992,0.992807545070836,25,25,1,Unanimous LP/P-directed,logo_TP53
NC_000017.11:7673811:A:C,TP53,1,0.9672739787766316,1.0,0.8870350179628461,1.0,0.7757377583727207,1.0,0.9325045576480272,1.0,4.0,1111,0.8906378281900564,0.9196467371711784,24,25,1,Unanimous LP/P-directed,logo_TP53
NC_000017.11:7673820:G:C,TP53,1,0.9887679085226274,1.0,0.960884897435012,1.0,0.9813225362186748,1.0,0.9868374123190092,1.0,4.0,1111,0.9794531886238308,0.9886124139675536,24,25,1,Unanimous LP/P-directed,logo_TP53
NC_000017.11:7673822:C:T,TP53,1,0.9973212511230568,1.0,0.9868497923554068,1.0,0.9999997797115628,1.0,0.9893750155882995,1.0,4.0,1111,0.9933864596945816,0.9969203343471238,25,25,1,Unanimous LP/P-directed,logo_TP53
NC_000017.11:7673823:C:G,TP53,1,0.985483100874106,1.0,0.9193133636075328,1.0,0.9742156626254128,1.0,0.9893750155882995,1.0,4.0,1111,0.9670967856738376,0.98033943460147,24,25,1,Unanimous LP/P-directed,logo_TP53
NC_000017.11:7673823:C:T,TP53,1,0.985896324924168,1.0,0.9215586805913382,1.0,0.9742156626254128,1.0,0.9893750155882995,1.0,4.0,1111,0.9677614209323048,0.9808002536739524,24,25,1,Unanimous LP/P-directed,logo_TP53
NC_000017.11:7673825:A:T,TP53,1,0.99776084274539,1.0,0.9918365051902563,1.0,0.8982181874864285,1.0,0.9830090995985122,1.0,4.0,1111,0.9677061587551468,0.9807620002243522,24,25,1,Unanimous LP/P-directed,logo_TP53
NC_000017.11:7674186:T:G,TP53,1,0.1228569980825717,0.0,0.0685150518099776,0.0,0.1805259066442585,0.0,0.0103866070442271,0.0,0.0,0000,0.0955711408952587,0.072798273006833,24,25,1,Unanimous B/LB-directed,logo_TP53
NC_000017.11:7674201:A:T,TP53,1,0.997841637973232,1.0,0.9896300415579352,1.0,0.9847696166010896,1.0,0.9893750155882995,1.0,4.0,1111,0.9904040779301392,0.9952723191258942,25,25,1,Unanimous LP/P-directed,logo_TP53
NC_000017.11:7674205:T:C,TP53,1,0.0995684900433091,0.0,0.0523527650120922,0.0,0.2991580505215139,0.0,0.0861286334266611,0.0,0.0,0000,0.1343019847508941,0.1086927778710405,24,25,1,Unanimous B/LB-directed,logo_TP53
NC_000017.11:7674211:T:A,TP53,1,0.9712730953770732,1.0,0.8517462952207477,1.0,0.9778017640243196,1.0,0.9778711579369882,1.0,4.0,1111,0.9446730781397824,0.9639613725636088,24,25,1,Unanimous LP/P-directed,logo_TP53
NC_000017.11:7674213:G:A,TP53,1,0.9942341065606346,1.0,0.9698972928448296,1.0,0.9881315390086504,1.0,0.983997566101971,1.0,4.0,1111,0.9840651261290214,0.9915126029690732,25,25,1,Unanimous LP/P-directed,logo_TP53
NC_000017.11:7674216:C:G,TP53,1,0.9968837835542717,1.0,0.9906658117175332,1.0,0.9554901163098296,1.0,0.9893750155882995,1.0,4.0,1111,0.9831036817924834,0.9909181021083096,25,25,1,Unanimous LP/P-directed,logo_TP53
NC_000017.11:7674220:G:C,TP53,1,0.9983462958068277,1.0,0.9905423694453394,1.0,0.9999997797115628,1.0,0.9893750155882995,1.0,4.0,1111,0.9945658651380074,0.9975432155976146,25,25,1,Unanimous LP/P-directed,logo_TP53
NC_000017.11:7674220:GG:AA,TP53,1,,,,,,,,,,,,,0,25,0,,logo_TP53
NC_000017.11:7674224:C:G,TP53,1,0.9956991305085332,1.0,0.986324432446977,1.0,0.8676939784320139,1.0,0.9776978690067574,1.0,4.0,1111,0.9568538525985704,0.973045869844947,25,25,1,Unanimous LP/P-directed,logo_TP53
NC_000017.11:7674224:C:T,TP53,1,0.9959331874325514,1.0,0.9870891700915476,1.0,0.8676939784320139,1.0,0.9776966082144348,1.0,4.0,1111,0.9571032360426368,0.9732274465950344,25,25,1,Unanimous LP/P-directed,logo_TP53
NC_000017.11:7674225:A:T,TP53,1,0.9872047573736972,1.0,0.9275094671541728,1.0,0.9778017640243196,1.0,0.9822086889294108,1.0,4.0,1111,0.9686811693704,0.98143524647472,24,25,1,Unanimous LP/P-directed,logo_TP53
NC_000017.11:7674227:GC:AT,TP53,1,,,,,,,,,,,,,1,25,0,,logo_TP53
NC_000017.11:7674228:C:A,TP53,1,0.9974174740611028,1.0,0.986262585973746,1.0,0.9813225362186748,1.0,0.988823994365646,1.0,4.0,1111,0.9884566476547924,0.9941500137038968,25,25,1,Unanimous LP/P-directed,logo_TP53
NC_000017.11:7674231:C:A,TP53,1,0.9974236385889272,1.0,0.9878499417006332,1.0,0.9945217721149902,1.0,0.9885240769206732,1.0,4.0,1111,0.992079857331306,0.9962100431791316,25,25,1,Unanimous LP/P-directed,logo_TP53
NC_000017.11:7674231:C:G,TP53,1,0.9664859251749464,1.0,0.8532513160149914,1.0,0.9316728041250096,1.0,0.9577893834097034,1.0,4.0,1111,0.9272998571811628,0.9503594551219858,24,25,1,Unanimous LP/P-directed,logo_TP53
NC_000017.11:7674231:C:T,TP53,1,0.996383483530356,1.0,0.9812009707260572,1.0,0.9999997797115628,1.0,0.9893750155882995,1.0,4.0,1111,0.9917398123890688,0.9960220615093468,25,25,1,Unanimous LP/P-directed,logo_TP53
NC_000017.11:7674232:C:T,TP53,1,0.9949379841057016,1.0,0.9765004580235432,1.0,0.9847696166010896,1.0,0.9893750155882995,1.0,4.0,1111,0.9863957685796584,0.9929292103393716,25,25,1,Unanimous LP/P-directed,logo_TP53
NC_000017.11:7674236:G:C,TP53,1,0.9985956113873572,1.0,0.9915987310368736,1.0,0.9847696166010896,1.0,0.9893750155882995,1.0,4.0,1111,0.9910847436534048,0.9956565626196716,25,25,1,Unanimous LP/P-directed,logo_TP53
NC_000017.11:7674240:G:T,TP53,1,0.9993069357354434,1.0,0.994762627474575,1.0,0.9913914560451864,1.0,0.9893750155882995,1.0,4.0,1111,0.993709008710876,0.9970925209710252,25,25,1,Unanimous LP/P-directed,logo_TP53
NC_000017.11:7674241:A:C,TP53,1,0.9858245280186706,1.0,0.9049682210721576,1.0,0.9397500138995792,1.0,0.9218068644763407,1.0,4.0,1111,0.9380874068666872,0.9588880857436134,24,25,1,Unanimous LP/P-directed,logo_TP53
NC_000017.11:7674241:A:T,TP53,1,0.9971111984143506,1.0,0.981380853041142,1.0,0.9945217721149902,1.0,0.985295193255098,1.0,4.0,1111,0.9895772542063952,0.9947998146268816,25,25,1,Unanimous LP/P-directed,logo_TP53
NC_000017.11:7674243:C:T,TP53,1,0.9588537634389964,1.0,0.8610854522527553,1.0,0.8316542010720095,1.0,0.9579058703895784,1.0,4.0,1111,0.902374821788335,0.9297433062680496,24,25,1,Unanimous LP/P-directed,logo_TP53
NC_000017.11:7674244:T:C,TP53,1,0.990803241741768,1.0,0.9631113196952776,1.0,0.8852642886414823,1.0,0.9628458833409762,1.0,4.0,1111,0.950506183354876,0.968362814614156,25,25,1,Unanimous LP/P-directed,logo_TP53
NC_000017.11:7674246:T:C,TP53,1,0.7653956903893478,1.0,0.4693323915928971,0.0,0.6293368286917914,1.0,0.430270583383669,0.0,2.0,1010,0.5735838735144264,0.5920902888351661,24,25,1,Mixed votes,logo_TP53
NC_000017.11:7674248:A:C,TP53,1,0.9986113404157148,1.0,0.996567331771613,1.0,0.9554901163098296,1.0,0.9893750155882995,1.0,4.0,1111,0.9850109510213644,0.9920918131850852,25,25,1,Unanimous LP/P-directed,logo_TP53
NC_000017.11:7674249:C:A,TP53,1,0.9997916678403342,1.0,0.9992101157375636,1.0,0.9778017640243196,1.0,0.9893750155882995,1.0,4.0,1111,0.9915446407976292,0.9959136203966912,25,25,1,Unanimous LP/P-directed,logo_TP53
NC_000017.11:7674249:C:G,TP53,1,0.9994360403379434,1.0,0.9973889858104952,1.0,0.9778017640243196,1.0,0.9893750155882995,1.0,4.0,1111,0.9910004514402644,0.995609220061748,25,25,1,Unanimous LP/P-directed,logo_TP53
NC_000017.11:7674250:A:G,TP53,1,0.9990611620893364,1.0,0.9954743016347828,1.0,0.9705706326251986,1.0,0.9893750155882995,1.0,4.0,1111,0.9886202779844042,0.9942455434203952,25,25,1,Unanimous LP/P-directed,logo_TP53
NC_000017.11:7674251:C:A,TP53,1,0.997400645419918,1.0,0.9889619671340536,1.0,0.9193293138371144,1.0,0.9624581172902174,1.0,4.0,1111,0.967037510920326,0.9802982582231476,25,25,1,Unanimous LP/P-directed,logo_TP53
NC_000017.11:7674251:C:G,TP53,1,0.9958986894973304,1.0,0.9818564424811024,1.0,0.9193293138371144,1.0,0.960385406130858,1.0,4.0,1111,0.9643674629866013,0.978430400699112,25,25,1,Unanimous LP/P-directed,logo_TP53
NC_000017.11:7674252:A:T,TP53,1,0.985405490465272,1.0,0.9135331177540176,1.0,0.9913914560451864,1.0,0.9893750155882995,1.0,4.0,1111,0.969926269963194,0.982289746969208,24,25,1,Unanimous LP/P-directed,logo_TP53
NC_000017.11:7674262:A:G,TP53,1,0.9834097463101188,1.0,0.9365597284668732,1.0,0.9357274033943708,1.0,0.9593991180877198,1.0,4.0,1111,0.9537739990647708,0.9707881632124628,25,25,1,Unanimous LP/P-directed,logo_TP53
NC_000017.11:7674262:A:T,TP53,1,0.9849646854525652,1.0,0.9375676506925,1.0,0.9913914560451864,1.0,0.9817150752978344,1.0,4.0,1111,0.9739097168720214,0.9849820114732828,25,25,1,Unanimous LP/P-directed,logo_TP53
NC_000017.11:7674267:A:C,TP53,1,0.8398928154701998,1.0,0.6123775971361077,1.0,0.9357274033943708,1.0,0.960612402389696,1.0,4.0,1111,0.8371525545975936,0.8710176664938417,24,25,1,Unanimous LP/P-directed,logo_TP53
NC_000017.11:7674267:A:T,TP53,1,0.900943094260484,1.0,0.7776320929221042,1.0,0.927587492520284,1.0,0.969450062091012,1.0,4.0,1111,0.893903185448471,0.9224788068177292,24,25,1,Unanimous LP/P-directed,logo_TP53
NC_000017.11:7674872:A:G,TP53,1,0.9531010889654256,1.0,0.911931458898408,1.0,0.9554901163098296,1.0,0.9712707089143876,1.0,4.0,1111,0.9479483432720128,0.9664438556157494,25,25,1,Unanimous LP/P-directed,logo_TP53
NC_000017.11:7674889:T:C,TP53,1,0.8848789022333334,1.0,0.7751542276859033,1.0,0.8676939784320139,1.0,0.9634876047974016,1.0,4.0,1111,0.872803678287163,0.9038831713861504,25,25,1,Unanimous LP/P-directed,logo_TP53
NC_000017.11:7674916:T:C,TP53,1,0.9843432180131227,1.0,0.965947694646196,1.0,0.9778017640243196,1.0,0.9827907783224288,1.0,4.0,1111,0.9777208637515168,0.9874936042251766,25,25,1,Unanimous LP/P-directed,logo_TP53
NC_000017.11:7674917:A:C,TP53,1,0.9744173033753876,1.0,0.9418746197796324,1.0,0.9476935107012436,1.0,0.9875142838125944,1.0,4.0,1111,0.9628749294172144,0.97737546929411,25,25,1,Unanimous LP/P-directed,logo_TP53
NC_000017.11:7674917:A:G,TP53,1,0.7494598433460696,1.0,0.5285782086986638,0.0,0.8896045625945069,1.0,0.8711094139927631,1.0,3.0,1011,0.7596880071580008,0.7945281723945631,24,25,1,Mixed votes,logo_TP53
NC_000017.11:7674934:C:A,TP53,1,0.9555497574303484,1.0,0.9074905812930072,1.0,0.9554901163098296,1.0,0.933952252478077,1.0,4.0,1111,0.9381206768778154,0.9589139792485264,25,25,1,Unanimous LP/P-directed,logo_TP53
NC_000017.11:7674952:T:G,TP53,1,0.9929804643382228,1.0,0.9848090508788576,1.0,0.9742156626254128,1.0,0.9893750155882995,1.0,4.0,1111,0.9853450483576982,0.9922950250105832,25,25,1,Unanimous LP/P-directed,logo_TP53
NC_000017.11:7674953:G:T,TP53,1,0.9677615239622972,1.0,0.915076845725292,1.0,0.9397500138995792,1.0,0.9686189466834312,1.0,4.0,1111,0.94780183256765,0.9663334077552788,24,25,1,Unanimous LP/P-directed,logo_TP53
NC_000017.11:7674961:G:A,TP53,1,0.807099404600146,1.0,0.6954418020387215,1.0,0.6542013610665146,1.0,0.5233390193284524,1.0,4.0,1111,0.6700203967584586,0.6994768542437015,25,25,1,Unanimous LP/P-directed,logo_TP53
NC_000017.11:7675069:C:G,TP53,1,0.9523372366137324,1.0,0.961853594815544,1.0,0.8632518023332959,1.0,0.9667537817258776,1.0,4.0,1111,0.9360491038721124,0.9572967574059468,25,25,1,Unanimous LP/P-directed,logo_TP53
NC_000017.11:7675074:A:C,TP53,1,0.8649940977762883,1.0,0.8320756650196993,1.0,0.8982181874864285,1.0,0.9523312044308266,1.0,4.0,1111,0.8869047886783107,0.9163879280836974,25,25,1,Unanimous LP/P-directed,logo_TP53
NC_000017.11:7675074:A:T,TP53,1,0.8634017449649635,1.0,0.8217647787904986,1.0,0.91096117129717,1.0,0.9523312044308266,1.0,4.0,1111,0.8871147248708646,0.9165717844109807,25,25,1,Unanimous LP/P-directed,logo_TP53
NC_000017.11:7675076:G:C,TP53,1,0.937007938884236,1.0,0.8351103903850245,1.0,0.9881315390086504,1.0,0.9871081169013548,1.0,4.0,1111,0.9368394962948164,0.9579149776644772,25,25,1,Unanimous LP/P-directed,logo_TP53
NC_000017.11:7675077:G:C,TP53,1,0.8852097601538615,1.0,0.783886863960683,1.0,0.5289135783763916,1.0,0.8735082178416933,1.0,4.0,1111,0.7678796050831573,0.802898157087481,25,25,1,Unanimous LP/P-directed,logo_TP53
NC_000017.11:7675077:G:T,TP53,1,0.8861210490499905,1.0,0.7847544646140487,1.0,0.5289135783763916,1.0,0.8735082178416933,1.0,4.0,1111,0.768324327470531,0.8033508399430658,25,25,1,Unanimous LP/P-directed,logo_TP53
NC_000017.11:7675079:G:C,TP53,1,0.929137553339808,1.0,0.926142654035206,1.0,0.8587907900509303,1.0,0.8662412409641292,1.0,4.0,1111,0.8950780595975184,0.923493496447081,25,25,1,Unanimous LP/P-directed,logo_TP53
NC_000017.11:7675081:G:C,TP53,1,0.925405881782219,1.0,0.8566491863469154,1.0,0.7709929639503006,1.0,0.9138709047745088,1.0,4.0,1111,0.866729734213486,0.8984060061651163,25,25,1,Unanimous LP/P-directed,logo_TP53
NC_000017.11:7675083:GCA:CCG,TP53,1,,,,,,,,,,,,,1,25,0,,logo_TP53
NC_000017.11:7675084:C:A,TP53,1,0.9900183109654104,1.0,0.9741815881688948,1.0,0.9778017640243196,1.0,0.9893750155882995,1.0,4.0,1111,0.9828441696867308,0.9907566787792776,25,25,1,Unanimous LP/P-directed,logo_TP53
NC_000017.11:7675088:G:C,TP53,1,0.9939420843373632,1.0,0.9842571692886868,1.0,0.9847696166010896,1.0,0.9861962425846053,1.0,4.0,1111,0.9872912782029364,0.9934635858523008,25,25,1,Unanimous LP/P-directed,logo_TP53
NC_000017.11:7675093:A:G,TP53,1,0.990277470364028,1.0,0.979077802951688,1.0,0.943739233276313,1.0,0.9507233617625904,1.0,4.0,1111,0.9659544670886548,0.979543659354962,25,25,1,Unanimous LP/P-directed,logo_TP53
NC_000017.11:7675094:C:A,TP53,1,0.8954030055911546,1.0,0.7498388490129562,1.0,0.8852642886414823,1.0,0.9518323972457018,1.0,4.0,1111,0.8705846351228237,0.901888308095964,25,25,1,Unanimous LP/P-directed,logo_TP53
NC_000017.11:7675098:C:A,TP53,1,0.0099437975101793,0.0,0.0044705502932931,0.0,0.1532894591556225,0.0,0.0420225136716461,0.0,0.0,0000,0.0524315801576853,0.0360428196443325,24,25,1,Unanimous B/LB-directed,logo_TP53
NC_000017.11:7675108:T:A,TP53,1,0.7138856950324604,1.0,0.656856603767771,1.0,0.6093562338621785,1.0,0.1318328932815009,0.0,3.0,1110,0.5279828564859776,0.5401924869009024,24,25,1,Mixed votes,logo_TP53
NC_000017.11:7675108:T:G,TP53,1,0.8862360786114462,1.0,0.8541178399702253,1.0,0.8132399574890108,1.0,0.3424418697137664,0.0,3.0,1110,0.7240089364461121,0.7574118469018948,24,25,1,Mixed votes,logo_TP53
NC_000017.11:7675117:T:A,TP53,1,0.0397955529664805,0.0,0.0632467174669843,0.0,0.1136400537557549,0.0,0.0107555738863703,0.0,0.0,0000,0.0568594745188975,0.0396197457421639,24,25,1,Unanimous B/LB-directed,logo_TP53
NC_000017.11:7675130:C:T,TP53,1,0.8700674129758883,1.0,0.8812635607785699,1.0,0.7945942434185755,1.0,0.6615256846541063,1.0,4.0,1111,0.801862725456785,0.8369463804883597,25,25,1,Unanimous LP/P-directed,logo_TP53
NC_000017.11:7675135:G:A,TP53,1,0.6629181798927327,1.0,0.6241906856377463,1.0,0.6739876074569324,1.0,0.2551205608170587,0.0,3.0,1110,0.5540542584511176,0.5699236011104604,25,25,1,Mixed votes,logo_TP53
NC_000017.11:7675135:G:T,TP53,1,0.9866676073286164,1.0,0.9692771977293356,1.0,0.9813225362186748,1.0,0.98136530795586,1.0,4.0,1111,0.9796581623081216,0.988743789840715,25,25,1,Unanimous LP/P-directed,logo_TP53
NC_000017.11:7675137:GC:AA,TP53,1,,,,,,,,,,,,,1,25,0,,logo_TP53
NC_000017.11:7675138:C:A,TP53,1,0.9692236520858196,1.0,0.9370486034240468,1.0,0.9813225362186748,1.0,0.9805088018213788,1.0,4.0,1111,0.96702589838748,0.9802901898452564,25,25,1,Unanimous LP/P-directed,logo_TP53
NC_000017.11:7675139:G:C,TP53,1,0.983908389553542,1.0,0.9613224951435758,1.0,0.9778017640243196,1.0,0.9786284693532836,1.0,4.0,1111,0.9754152795186803,0.985982095419442,25,25,1,Unanimous LP/P-directed,logo_TP53
NC_000017.11:7675139:G:T,TP53,1,0.9835544243540264,1.0,0.9501388308059516,1.0,0.9778017640243196,1.0,0.9758588713725542,1.0,4.0,1111,0.9718384726392127,0.9835902421031568,25,25,1,Unanimous LP/P-directed,logo_TP53
NC_000017.11:7675141:A:C,TP53,1,0.7756493777395426,1.0,0.6203398886254577,1.0,0.906738138041832,1.0,0.9513403692714312,1.0,4.0,1111,0.8135169434195659,0.8483526923586258,24,25,1,Unanimous LP/P-directed,logo_TP53
NC_000017.11:7675144:C:G,TP53,1,0.9221052076914742,1.0,0.9526408388544412,1.0,0.9397500138995792,1.0,0.9527605476475912,1.0,4.0,1111,0.9418141520232716,0.9617720700282216,25,25,1,Unanimous LP/P-directed,logo_TP53
NC_000017.11:7675147:G:T,TP53,1,0.4710003958084403,0.0,0.7138382269928277,1.0,0.4583118342539892,0.0,0.2609300188419486,0.0,1.0,0100,0.4760201189743014,0.4806491728528251,25,25,1,Mixed votes,logo_TP53
NC_000017.11:7675156:G:C,TP53,1,0.7705082135425377,1.0,0.7398475269740453,1.0,0.8896045625945069,1.0,0.649132019314665,1.0,4.0,1111,0.7622730806064388,0.7971759913284718,25,25,1,Unanimous LP/P-directed,logo_TP53
NC_000017.11:7675159:G:C,TP53,1,0.936373221246386,1.0,0.8335891855137685,1.0,0.8896045625945069,1.0,0.8852192690216649,1.0,4.0,1111,0.8861965595940815,0.9157671668113287,25,25,1,Unanimous LP/P-directed,logo_TP53
NC_000017.11:7675159:GG:AA,TP53,1,,,,,,,,,,,,,1,25,0,,logo_TP53
NC_000017.11:7675160:G:C,TP53,1,0.4937015294709899,0.0,0.3654558608230577,0.0,0.7470990562609312,1.0,0.7977352488356019,1.0,2.0,0011,0.6009979238476452,0.6230104392404442,25,25,1,Mixed votes,logo_TP53
NC_000017.11:7675183:A:G,TP53,1,0.9017101559318974,1.0,0.8848104569268714,1.0,0.7804705744460111,1.0,0.4680832951833706,0.0,3.0,1110,0.7587686206220376,0.7935850545893856,25,25,1,Mixed votes,logo_TP53
NC_000017.11:7675188:G:C,TP53,1,0.954871710929508,1.0,0.881901902626155,1.0,0.9742156626254128,1.0,0.9500316100045256,1.0,4.0,1111,0.9402552215464004,0.9605697522295504,25,25,1,Unanimous LP/P-directed,logo_TP53
NC_000017.11:7675207:C:A,TP53,1,0.9657782778894256,1.0,0.9191928187140056,1.0,0.9742156626254128,1.0,0.9890190810699632,1.0,4.0,1111,0.9620514600747018,0.976790223555212,25,25,1,Unanimous LP/P-directed,logo_TP53
NC_000017.11:7675208:A:C,TP53,1,0.9710993925214978,1.0,0.9338703643899228,1.0,0.9476935107012436,1.0,0.9712440759212556,1.0,4.0,1111,0.95597683588348,0.9724058247631726,25,25,1,Unanimous LP/P-directed,logo_TP53
NC_000017.11:7675208:A:G,TP53,1,0.9874686982809364,1.0,0.9687238906454072,1.0,0.9847696166010896,1.0,0.9893750155882995,1.0,4.0,1111,0.9825843052789331,0.9905946379763968,25,25,1,Unanimous LP/P-directed,logo_TP53
NC_000017.11:7675211:A:T,TP53,1,0.871392021093959,1.0,0.7398375411214424,1.0,0.8270735484677187,1.0,0.929664908039638,1.0,4.0,1111,0.8419920046806895,0.8755763625053526,25,25,1,Unanimous LP/P-directed,logo_TP53
NC_000017.11:7675215:C:A,TP53,1,0.9801210870300684,1.0,0.9370957605957768,1.0,0.9847696166010896,1.0,0.981686680306776,1.0,4.0,1111,0.9709182861334276,0.982966241730513,25,25,1,Unanimous LP/P-directed,logo_TP53
NC_000017.11:7675215:C:G,TP53,1,0.905190643177042,1.0,0.6994656443670537,1.0,0.9554901163098296,1.0,0.9288302188967466,1.0,4.0,1111,0.872244155687668,0.9033808493785086,24,25,1,Unanimous LP/P-directed,logo_TP53
NC_000017.11:7675216:T:C,TP53,1,0.9807834847107268,1.0,0.9674992310961504,1.0,0.927587492520284,1.0,0.981620312608136,1.0,4.0,1111,0.9643726302338244,0.978434039706666,25,25,1,Unanimous LP/P-directed,logo_TP53
NC_000017.11:7675219:T:A,TP53,1,0.8786130671502934,1.0,0.7844812543909787,1.0,0.8721168324266964,1.0,0.7739416815169182,1.0,4.0,1111,0.8272882088712217,0.86163748689827,25,25,1,Unanimous LP/P-directed,logo_TP53
NC_000017.11:7675222:A:G,TP53,1,0.9899829663127568,1.0,0.9772550084597214,1.0,0.9742156626254128,1.0,0.9893750155882995,1.0,4.0,1111,0.9827071632465476,0.9906712965621848,25,25,1,Unanimous LP/P-directed,logo_TP53
NC_000017.11:7675222:A:T,TP53,1,0.9826564105616524,1.0,0.9633311794090326,1.0,0.9357274033943708,1.0,0.9670326294324312,1.0,4.0,1111,0.9621869056993716,0.9768866405945498,25,25,1,Unanimous LP/P-directed,logo_TP53
NC_000017.11:7675231:G:T,TP53,1,0.978811248400842,1.0,0.951375427314851,1.0,0.9813225362186748,1.0,0.9832453969260682,1.0,4.0,1111,0.973688652215109,0.9848343326309772,25,25,1,Unanimous LP/P-directed,logo_TP53
NC_000017.11:7675232:A:G,TP53,1,0.9631183086104002,1.0,0.9301907216744352,1.0,0.9705706326251986,1.0,0.9829663934106044,1.0,4.0,1111,0.9617115140801596,0.9765479662398404,25,25,1,Unanimous LP/P-directed,logo_TP53
NC_000017.11:7675994:G:C,TP53,1,0.9874206773528342,1.0,0.9664532437130176,1.0,0.9913914560451864,1.0,0.9842016500020574,1.0,4.0,1111,0.982366756778274,0.9904586804018533,25,25,1,Unanimous LP/P-directed,logo_TP53
NC_000017.11:7676030:A:C,TP53,1,0.8664638139121946,1.0,0.5817437638621781,0.0,0.9316728041250096,1.0,0.9298225353157072,1.0,3.0,1011,0.8274257293037723,0.8617690522072491,24,25,1,Mixed votes,logo_TP53
NC_000017.11:7676036:A:T,TP53,1,0.8697718347767248,1.0,0.8413359719587292,1.0,0.8407674774265167,1.0,0.9342243909187088,1.0,4.0,1111,0.8715249187701699,0.9027344715319188,24,25,1,Unanimous LP/P-directed,logo_TP53
NC_000017.11:7676038:AC:GG,TP53,1,,,,,,,,,,,,,1,25,0,,logo_TP53
NC_000017.11:7676039:C:A,TP53,1,0.1530823081433723,0.0,0.2145244065415729,0.0,0.3780941370849789,0.0,0.0903291737581413,0.0,0.0,0000,0.2090075063820163,0.1833940064500411,25,25,1,Unanimous B/LB-directed,logo_TP53
NC_000017.11:7676042:A:C,TP53,1,0.9329219347174628,1.0,0.7690014816771664,1.0,0.9316728041250096,1.0,0.9795639814837288,1.0,4.0,1111,0.903290050500842,0.9305207502982508,24,25,1,Unanimous LP/P-directed,logo_TP53
NC_000017.11:7676043:A:T,TP53,1,0.9986972431046643,1.0,0.9972890291961366,1.0,0.91096117129717,1.0,0.9893750155882995,1.0,4.0,1111,0.9740806147965676,0.9850960325837184,24,25,1,Unanimous LP/P-directed,logo_TP53
NC_000017.11:7676055:C:G,TP53,1,0.9411089987174956,1.0,0.7897696932521455,1.0,0.943739233276313,1.0,0.9677558723477928,1.0,4.0,1111,0.9105934493984368,0.9366711462601732,24,25,1,Unanimous LP/P-directed,logo_TP53
NC_000017.11:7676055:C:T,TP53,1,0.929328879207882,1.0,0.8150495673586667,1.0,0.9913914560451864,1.0,0.9653873458318843,1.0,4.0,1111,0.9252893121109048,0.9487418402334682,25,25,1,Unanimous LP/P-directed,logo_TP53
NC_000017.11:7669627:T:G,TP53,0,0.0304835586501967,0.0,0.0743601877504944,0.0,0.1532894591556225,0.0,0.0122633247881818,0.0,0.0,0000,0.0675991325861238,0.0484999220866654,24,25,1,Unanimous B/LB-directed,logo_TP53
NC_000017.11:7669654:C:T,TP53,0,0.0283295046269996,0.0,0.0283413149574458,0.0,0.2318288827875169,0.0,0.037282487000249,0.0,0.0,0000,0.0814455473430528,0.0603329459220928,24,25,1,Unanimous B/LB-directed,logo_TP53
NC_000017.11:7669655:G:T,TP53,0,0.0064782434857719,0.0,0.0037961991708586,0.0,0.032783034821854,0.0,0.0229514443714406,0.0,0.0,0000,0.0165022304624813,0.0094279368868472,24,25,1,Unanimous B/LB-directed,logo_TP53
NC_000017.11:7670612:A:C,TP53,0,0.2043809875799899,0.0,0.1539366123599174,0.0,0.2460852195088788,0.0,0.042745348033108,0.0,0.0,0000,0.1617870418704735,0.1354432090002506,25,25,1,Unanimous B/LB-directed,logo_TP53
NC_000017.11:7670615:G:A,TP53,0,0.1266260021582451,0.0,0.0584581049091427,0.0,0.358207211270441,0.0,0.0725128181800614,0.0,0.0,0000,0.1539510341294725,0.1277207271461146,25,25,1,Unanimous B/LB-directed,logo_TP53
NC_000017.11:7670629:C:G,TP53,0,0.001929958233901,0.0,3.3763611825930124e-05,0.0,2.1791510942148722e-07,0.0,0.0103866070442271,0.0,0.0,0000,0.0030876367012658,0.0013692836119074,25,25,1,Unanimous B/LB-directed,logo_TP53
NC_000017.11:7670648:G:T,TP53,0,0.0108013768089198,0.0,0.0177510604530986,0.0,0.0054195267979049,0.0,0.0103866070442271,0.0,0.0,0000,0.0110896427760376,0.0059600998506115,25,25,1,Unanimous B/LB-directed,logo_TP53
NC_000017.11:7670683:C:T,TP53,0,0.0872452927337366,0.0,0.1047162757978401,0.0,0.0085165876998753,0.0,0.0454740255885906,0.0,0.0,0000,0.0614880454550107,0.0434126865208282,25,25,1,Unanimous B/LB-directed,logo_TP53
NC_000017.11:7670693:C:G,TP53,0,0.0145498757184654,0.0,0.0097827790797546,0.0,0.2036434303747411,0.0,0.0123281343137727,0.0,0.0,0000,0.0600760548716835,0.0422499553034242,25,25,1,Unanimous B/LB-directed,logo_TP53
NC_000017.11:7670710:C:T,TP53,0,0.0581756600859459,0.0,0.0750929852163794,0.0,0.2083088378457588,0.0,0.1207637101950295,0.0,0.0,0000,0.1155852983357784,0.0910576110718165,25,25,1,Unanimous B/LB-directed,logo_TP53
NC_000017.11:7673244:A:G,TP53,0,,,,,,,,,,,,,2,25,0,,logo_TP53
NC_000017.11:7673247:A:G,TP53,0,,,,,,,,,,,,,2,25,0,,logo_TP53
NC_000017.11:7673311:A:C,TP53,0,,,,,,,,,,,,,2,25,0,,logo_TP53
NC_000017.11:7673335:G:C,TP53,0,,,,,,,,,,,,,2,25,0,,logo_TP53
NC_000017.11:7673578:G:T,TP53,0,0.0033079907062378,0.0,0.0010028008000298,0.0,0.002505616626003,0.0,0.0103866070442271,0.0,0.0,0000,0.0043007537941244,0.0020037969342173,25,25,1,Unanimous B/LB-directed,logo_TP53
NC_000017.11:7673581:G:T,TP53,0,0.0015997240484294,0.0,0.0026433548557832,0.0,0.0150687679522765,0.0,0.0103866070442271,0.0,0.0,0000,0.0074246134751791,0.0037546550452931,25,25,1,Unanimous B/LB-directed,logo_TP53
NC_000017.11:7673584:A:T,TP53,0,0.0087084718551619,0.0,0.0045102601179348,0.0,0.0117420948206196,0.0,0.0103866070442271,0.0,0.0,0000,0.0088368584594859,0.0045881020253385,25,25,1,Unanimous B/LB-directed,logo_TP53
NC_000017.11:7673592:G:C,TP53,0,0.0027428050115283,0.0,0.0019770737122844,0.0,0.0184799564608012,0.0,0.0151843665186911,0.0,0.0,0000,0.0095960504258262,0.0050449940323727,25,25,1,Unanimous B/LB-directed,logo_TP53
NC_000017.11:7673727:C:T,TP53,0,0.0029092875745156,0.0,0.0001221130417669,0.0,0.0054195267979049,0.0,0.0103866070442271,0.0,0.0,0000,0.0047093836146037,0.0022241506839373,25,25,1,Unanimous B/LB-directed,logo_TP53
NC_000017.11:7673733:G:A,TP53,0,0.0082613024023956,0.0,0.0011277719120442,0.0,0.0184799564608012,0.0,0.0103866070442271,0.0,0.0,0000,0.009563909454867,0.005025533654642,25,25,1,Unanimous B/LB-directed,logo_TP53
NC_000017.11:7673742:C:A,TP53,0,0.144381716368183,0.0,0.1954635470548652,0.0,0.2083088378457588,0.0,0.0222449617070087,0.0,0.0,0000,0.1425997657439539,0.1166674237186398,25,25,1,Unanimous B/LB-directed,logo_TP53
NC_000017.11:7673750:C:T,TP53,0,0.016721563048838,0.0,0.0007198816591529,0.0,0.0798709797092138,0.0,0.0115975139270246,0.0,0.0,0000,0.0272274845860573,0.0168262210089761,25,25,1,Unanimous B/LB-directed,logo_TP53
NC_000017.11:7673751:G:A,TP53,0,0.0098499546014135,0.0,0.0065954179521239,0.0,0.1897297548096654,0.0,0.0103866070442271,0.0,0.0,0000,0.0541404336018575,0.0374170965946487,25,25,1,Unanimous B/LB-directed,logo_TP53
NC_000017.11:7673768:G:A,TP53,0,0.131415363529646,0.0,0.0672196549156629,0.0,0.1713826852348878,0.0,0.0144352534607481,0.0,0.0,0000,0.0961132392852362,0.0732839539563963,25,25,1,Unanimous B/LB-directed,logo_TP53
NC_000017.11:7673772:G:A,TP53,0,0.7078016992571801,1.0,0.569236066770903,0.0,0.348297764011261,0.0,0.0660861261655405,0.0,1.0,1000,0.4228554140512212,0.4196865861406625,25,25,1,Mixed votes,logo_TP53
NC_000017.11:7674183:G:T,TP53,0,0.0492624073077249,0.0,0.0239120532025351,0.0,0.0517721287218658,0.0,0.0213083690461484,0.0,0.0,0000,0.0365637395695686,0.0236904024002554,24,25,1,Unanimous B/LB-directed,logo_TP53
NC_000017.11:7674258:T:C,TP53,0,0.0974690088257362,0.0,0.0797415241851228,0.0,0.2223834102792774,0.0,0.0377435934774115,0.0,0.0,0000,0.109334384191887,0.0852846050754346,25,25,1,Unanimous B/LB-directed,logo_TP53
NC_000017.11:7674958:G:C,TP53,0,0.0164509774595838,0.0,0.0346754441880036,0.0,0.1007957722658159,0.0,0.0118055313391074,0.0,0.0,0000,0.0409319313131277,0.0270119932212385,24,25,1,Unanimous B/LB-directed,logo_TP53
NC_000017.11:7675053:A:T,TP53,0,0.017151522900435,0.0,0.0046305457802855,0.0,0.1266799256656702,0.0,0.0103866070442271,0.0,0.0,0000,0.0397121503476544,0.0260779929764816,25,25,1,Unanimous B/LB-directed,logo_TP53
NC_000017.11:7675057:C:T,TP53,0,0.0009373589552981,0.0,1.2530893051726764e-05,0.0,0.0255136313849378,0.0,0.0103866070442271,0.0,0.0,0000,0.0092125320693787,0.0048134557015766,25,25,1,Unanimous B/LB-directed,logo_TP53
NC_000017.11:7675102:G:A,TP53,0,0.1895477060102625,0.0,0.208433160353216,0.0,0.5792678095786387,1.0,0.7819655075200188,1.0,2.0,0011,0.439803545865534,0.4390988372044371,25,25,1,Mixed votes,logo_TP53
NC_000017.11:7675131:C:T,TP53,0,0.2045413248815603,0.0,0.1549165869896354,0.0,0.3810012899363313,0.0,0.1067277034466794,0.0,0.0,0000,0.2117967263135516,0.1862948063392584,25,25,1,Unanimous B/LB-directed,logo_TP53
NC_000017.11:7675142:C:T,TP53,0,0.0177396794435685,0.0,0.0188973601272541,0.0,0.1310674194641319,0.0,0.0205341626157882,0.0,0.0,0000,0.0470596554126857,0.0317754221252579,25,25,1,Unanimous B/LB-directed,logo_TP53
NC_000017.11:7675998:A:T,TP53,0,0.0371614204977371,0.0,0.0598486431969009,0.0,0.3334807956498452,0.0,0.099524223852285,0.0,0.0,0000,0.1325037707991921,0.1069768178837063,25,25,1,Unanimous B/LB-directed,logo_TP53
NC_000017.11:7676024:T:C,TP53,0,0.0015147018579394,0.0,0.0016784996400947,0.0,0.0386802790868491,0.0,0.0103866070442271,0.0,0.0,0000,0.0130650219072776,0.007200175687775,25,25,1,Unanimous B/LB-directed,logo_TP53
NC_000017.11:7676039:C:T,TP53,0,0.0128238021616328,0.0,0.0028488270969985,0.0,0.0881641224400954,0.0,0.0121164523358005,0.0,0.0,0000,0.0289883010086318,0.0180940555783354,25,25,1,Unanimous B/LB-directed,logo_TP53
NC_000017.11:7676046:C:T,TP53,0,0.0684788811907384,0.0,0.1073447979811731,0.0,0.2184622949270066,0.0,0.0129981650488119,0.0,0.0,0000,0.1018210347869325,0.0784287643647102,25,25,1,Unanimous B/LB-directed,logo_TP53
NC_000017.11:7676049:A:G,TP53,0,0.0003184084323592,0.0,0.0002722717377707,0.0,0.0440514705156985,0.0,0.017420504881231,0.0,0.0,0000,0.0155156638917649,0.0087801459177734,25,25,1,Unanimous B/LB-directed,logo_TP53
NC_000017.11:7676123:G:A,TP53,0,0.0806048206210377,0.0,0.095204963740297,0.0,0.144345547555099,0.0,0.014024955324478,0.0,0.0,0000,0.0835450718102279,0.0621617175220149,25,25,1,Unanimous B/LB-directed,logo_TP53
NC_000017.11:7676151:C:T,TP53,0,0.0025971896475125,0.0,9.13001419107738e-06,0.0,0.0150687679522765,0.0,0.0103866070442271,0.0,0.0,0000,0.0070154236645518,0.0035175207596208,25,25,1,Unanimous B/LB-directed,logo_TP53
NC_000017.11:7676153:G:T,TP53,0,0.0004368748867164,0.0,4.19267171508452e-05,0.0,0.0219643310975825,0.0,0.0103866070442271,0.0,0.0,0000,0.0082074349364192,0.0042138815174932,25,25,1,Unanimous B/LB-directed,logo_TP53
NC_000017.11:7676180:G:A,TP53,0,0.0059423229011297,0.0,0.0006649597930365,0.0,0.032783034821854,0.0,0.0103866070442271,0.0,0.0,0000,0.0124442311400618,0.0068070423757323,25,25,1,Unanimous B/LB-directed,logo_TP53
NC_000017.11:7676181:C:T,TP53,0,0.0036901426537402,0.0,0.0005863585843029,0.0,0.0184799564608012,0.0,0.0103866070442271,0.0,0.0,0000,0.0082857661857678,0.0042602178162232,24,25,1,Unanimous B/LB-directed,logo_TP53
NC_000017.11:7676219:A:G,TP53,0,0.0020616826460858,0.0,0.0003334724008188,0.0,0.0255136313849378,0.0,0.0103866070442271,0.0,0.0,0000,0.0095738483690174,0.0050315502774829,24,25,1,Unanimous B/LB-directed,logo_TP53
NC_000017.11:7676223:C:T,TP53,0,0.0013642725493084,0.0,0.0002816845910435,0.0,0.0184799564608012,0.0,0.0103866070442271,0.0,0.0,0000,0.007628130161345,0.0038733562088236,25,25,1,Unanimous B/LB-directed,logo_TP53
NC_000017.11:7676223:C:G,TP53,0,0.0012887367635288,0.0,0.0004142437985919,0.0,0.0840042083535393,0.0,0.0103866070442271,0.0,0.0,0000,0.0240234489899718,0.0145546967789463,25,25,1,Unanimous B/LB-directed,logo_TP53
NC_000017.11:7676229:G:A,TP53,0,0.0012815589573531,0.0,3.176754169149629e-06,0.0,0.0184799564608012,0.0,0.0103866070442271,0.0,0.0,0000,0.0075378248041376,0.0038206245404931,25,25,1,Unanimous B/LB-directed,logo_TP53
NC_000017.11:7676263:C:G,TP53,0,0.0229551519824939,0.0,0.0036769666238087,0.0,0.4583118342539892,0.0,0.1830143890649496,0.0,0.0,0000,0.1669895854813104,0.1406101109002848,23,25,1,Unanimous B/LB-directed,logo_TP53
NC_000017.11:7676566:C:T,TP53,0,0.0029914109533147,0.0,5.946206930790904e-06,0.0,0.0219643310975825,0.0,0.0103866070442271,0.0,0.0,0000,0.0088370738255138,0.004588230796131,23,25,1,Unanimous B/LB-directed,logo_TP53
NC_000017.11:7676573:A:T,TP53,0,0.0060351705417418,0.0,0.000151873776132,0.0,0.032783034821854,0.0,0.0103866070442271,0.0,0.0,0000,0.0123391715459887,0.0067408124405545,22,25,1,Unanimous B/LB-directed,logo_TP53
NC_000017.11:7669613:C:A,TP53,0,0.0774444812223872,0.0,0.0987845815318244,0.0,0.1399006978578584,0.0,0.0389569189140824,0.0,0.0,0000,0.0887716698815381,0.0667513525175965,23,25,1,Unanimous B/LB-directed,logo_TP53
NC_000017.11:7669626:T:A,TP53,0,0.0100508406288188,0.0,0.0120592083220618,0.0,0.1136400537557549,0.0,0.0259971222376963,0.0,0.0,0000,0.040436806236083,0.0266322797627683,23,25,1,Unanimous B/LB-directed,logo_TP53
NC_000017.11:7669628:C:G,TP53,0,0.0153978537492209,0.0,0.0380640740273422,0.0,0.0297281848795295,0.0,0.0103866070442271,0.0,0.0,0000,0.02339417992508,0.0141142472474058,23,25,1,Unanimous B/LB-directed,logo_TP53
NC_000017.11:7669631:T:G,TP53,0,0.0039775244083623,0.0,0.0099860044445067,0.0,0.0364940400970342,0.0,0.0103866070442271,0.0,0.0,0000,0.0152110439985326,0.0085814399746877,23,25,1,Unanimous B/LB-directed,logo_TP53
NC_000017.11:7669635:G:T,TP53,0,0.0042566842037713,0.0,0.0022534651415926,0.0,0.0291215366850958,0.0,0.0207130809311902,0.0,0.0,0000,0.0140861917404125,0.0078532727147345,23,25,1,Unanimous B/LB-directed,logo_TP53
NC_000017.11:7669637:A:G,TP53,0,0.0083466696499164,0.0,0.0024991777224594,0.0,0.032783034821854,0.0,0.0103866070442271,0.0,0.0,0000,0.0135038723096143,0.0074798887910624,23,25,1,Unanimous B/LB-directed,logo_TP53
NC_000017.11:7669639:A:G,TP53,0,0.0029836043584701,0.0,0.0013443351182503,0.0,0.0517721287218658,0.0,0.015939745275905,0.0,0.0,0000,0.0180099533686228,0.0104299200166936,24,25,1,Unanimous B/LB-directed,logo_TP53
NC_000017.11:7669640:T:C,TP53,0,0.007239531695059,0.0,0.0033738529777369,0.0,0.0440514705156985,0.0,0.0328671492704072,0.0,0.0,0000,0.0218830011147254,0.0130645587455362,24,25,1,Unanimous B/LB-directed,logo_TP53
NC_000017.11:7669654:C:A,TP53,0,0.0332451321510862,0.0,0.0406491630174047,0.0,0.2604409902190832,0.0,0.0318160100946314,0.0,0.0,0000,0.0915378238705514,0.0692011954391703,24,25,1,Unanimous B/LB-directed,logo_TP53
NC_000017.11:7669667:G:T,TP53,0,0.1578411675097342,0.0,0.1814034510484994,0.0,0.4583118342539892,0.0,0.1632686735617906,0.0,0.0,0000,0.2402062815935033,0.2162188883791271,23,25,1,Unanimous B/LB-directed,logo_TP53
NC_000017.11:7669670:C:G,TP53,0,0.0034170374077853,0.0,0.0106198286840862,0.0,0.0478925204013424,0.0,0.0148721875703105,0.0,0.0,0000,0.0192003935158811,0.0112307472333044,25,25,1,Unanimous B/LB-directed,logo_TP53
NC_000017.11:7670641:C:T,TP53,0,0.0125762662699559,0.0,0.0016791151055825,0.0,0.0054195267979049,0.0,0.0103866070442271,0.0,0.0,0000,0.0075153788044176,0.0038075327943372,25,25,1,Unanimous B/LB-directed,logo_TP53
NC_000017.11:7670642:C:G,TP53,0,0.0253202507612935,0.0,0.0316298249677863,0.0,0.0054195267979049,0.0,0.0268320267695958,0.0,0.0,0000,0.0223004073241451,0.0133533387201759,25,25,1,Unanimous B/LB-directed,logo_TP53
NC_000017.11:7670645:C:T,TP53,0,0.0059432051404481,0.0,0.0004710340987724,0.0,0.002505616626003,0.0,0.0103866070442271,0.0,0.0,0000,0.0048266157273627,0.0022879168300763,25,25,1,Unanimous B/LB-directed,logo_TP53
NC_000017.11:7670668:G:C,TP53,0,0.0084810641148704,0.0,0.0354850508342095,0.0,0.0219643310975825,0.0,0.0103866070442271,0.0,0.0,0000,0.0190792632727224,0.0111488839210376,24,25,1,Unanimous B/LB-directed,logo_TP53
NC_000017.11:7670685:G:C,TP53,0,0.026080847953648,0.0,0.0259655595490761,0.0,0.0402511480522616,0.0,0.018137699740414,0.0,0.0,0000,0.0276088138238499,0.0170996539436162,24,25,1,Unanimous B/LB-directed,logo_TP53
NC_000017.11:7670688:C:A,TP53,0,0.0255322725855269,0.0,0.0736151451872516,0.0,0.0291215366850958,0.0,0.0236482952452502,0.0,0.0,0000,0.0379793124257811,0.0247596873161811,24,25,1,Unanimous B/LB-directed,logo_TP53
NC_000017.11:7670688:C:G,TP53,0,0.0244631337968771,0.0,0.0697984435200952,0.0,0.0364940400970342,0.0,0.0553893935447052,0.0,0.0,0000,0.0465362527396779,0.0313640750286942,24,25,1,Unanimous B/LB-directed,logo_TP53
NC_000017.11:7670702:C:G,TP53,0,0.0436339208247248,0.0,0.0399172469621586,0.0,0.0117420948206196,0.0,0.0103866070442271,0.0,0.0,0000,0.0264199674129326,0.0162493074639214,24,25,1,Unanimous B/LB-directed,logo_TP53
NC_000017.11:7670704:C:A,TP53,0,0.3880325653692564,0.0,0.1698995840679158,0.0,0.3880683349735265,0.0,0.0190318717916435,0.0,0.0,0000,0.2412580890505856,0.2173392416544755,24,25,1,Unanimous B/LB-directed,logo_TP53
NC_000017.11:7670711:G:A,TP53,0,0.725336195307914,1.0,0.6668031500627867,1.0,0.683840859884478,1.0,0.2437669940290399,0.0,3.0,1110,0.5799367998210546,0.5992777092619039,25,25,1,Mixed votes,logo_TP53
NC_000017.11:7673222:G:A,TP53,0,,,,,,,,,,,,,2,25,0,,logo_TP53
NC_000017.11:7673227:G:C,TP53,0,,,,,,,,,,,,,2,25,0,,logo_TP53
NC_000017.11:7673249:C:T,TP53,0,,,,,,,,,,,,,2,25,0,,logo_TP53
NC_000017.11:7673311:A:G,TP53,0,,,,,,,,,,,,,2,25,0,,logo_TP53
NC_000017.11:7673318:T:G,TP53,0,,,,,,,,,,,,,2,25,0,,logo_TP53
NC_000017.11:7673331:G:A,TP53,0,,,,,,,,,,,,,2,25,0,,logo_TP53
NC_000017.11:7673555:A:T,TP53,0,0.0222299704942587,0.0,0.0052989336597373,0.0,0.0364940400970342,0.0,0.0149799497851048,0.0,0.0,0000,0.0197507235090338,0.0116037272334381,24,25,1,Unanimous B/LB-directed,logo_TP53
NC_000017.11:7673557:C:T,TP53,0,0.1163055370712507,0.0,0.0742902823466375,0.0,0.0402511480522616,0.0,0.0155248130066193,0.0,0.0,0000,0.0615929451191923,0.043499262714871,24,25,1,Unanimous B/LB-directed,logo_TP53
NC_000017.11:7673575:G:A,TP53,0,0.0048196885392744,0.0,0.0007445420107928,0.0,0.002505616626003,0.0,0.0121599409473209,0.0,0.0,0000,0.0050574470308478,0.0024141574190363,25,25,1,Unanimous B/LB-directed,logo_TP53
NC_000017.11:7673589:C:T,TP53,0,0.0355407571895343,0.0,0.0260022267077566,0.0,0.0881641224400954,0.0,0.0404824862946214,0.0,0.0,0000,0.0475473981580019,0.032159470341062,25,25,1,Unanimous B/LB-directed,logo_TP53
NC_000017.11:7673592:G:T,TP53,0,0.0289115815150098,0.0,0.0722572475912304,0.0,0.032783034821854,0.0,0.0123527612991637,0.0,0.0,0000,0.0365761563068145,0.0236997511396816,24,25,1,Unanimous B/LB-directed,logo_TP53
NC_000017.11:7673597:G:C,TP53,0,0.0677352666586051,0.0,0.0207297812538479,0.0,0.0085165876998753,0.0,0.0103866070442271,0.0,0.0,0000,0.0268420606641389,0.0165505015369508,24,25,1,Unanimous B/LB-directed,logo_TP53
NC_000017.11:7673598:T:C,TP53,0,0.0289882753592479,0.0,0.0021743339032868,0.0,0.002505616626003,0.0,0.0103866070442271,0.0,0.0,0000,0.0110137082331912,0.0059130850162058,24,25,1,Unanimous B/LB-directed,logo_TP53
NC_000017.11:7673712:T:C,TP53,0,0.0195149087678492,0.0,0.03207109051837,0.0,0.0364940400970342,0.0,0.0212941389767033,0.0,0.0,0000,0.0273435445899892,0.0169093747184472,24,25,1,Unanimous B/LB-directed,logo_TP53
NC_000017.11:7673714:C:G,TP53,0,0.0796062431250053,0.0,0.1672655093179592,0.0,0.0054195267979049,0.0,0.0165467451991146,0.0,0.0,0000,0.067209506109996,0.0481729794384531,24,25,1,Unanimous B/LB-directed,logo_TP53
NC_000017.11:7673720:G:A,TP53,0,0.0350885918981643,0.0,0.1188503542465111,0.0,0.0556883832310403,0.0,0.013978896386999,0.0,0.0,0000,0.0559015564406787,0.0388415484512218,24,25,1,Unanimous B/LB-directed,logo_TP53
NC_000017.11:7673736:G:A,TP53,0,0.017088806640759,0.0,0.0004735508012571,0.0,2.1791510942148722e-07,0.0,0.0103866070442271,0.0,0.0,0000,0.0069872956003382,0.003501296598168,24,25,1,Unanimous B/LB-directed,logo_TP53
NC_000017.11:7673744:T:C,TP53,0,0.0052385782031341,0.0,0.004620309385397,0.0,0.0117420948206196,0.0,0.0103866070442271,0.0,0.0,0000,0.0079968973633445,0.0040896798117434,24,25,1,Unanimous B/LB-directed,logo_TP53
NC_000017.11:7673753:A:G,TP53,0,0.3564376376395757,0.0,0.5421769470624127,0.0,0.2212061649415695,0.0,0.1066631767105565,0.0,0.0,0000,0.3066209815885286,0.2884289129704683,24,25,1,Unanimous B/LB-directed,logo_TP53
NC_000017.11:7673799:C:T,TP53,0,0.0179369223889276,0.0,0.0024029709477476,0.0,0.0478925204013424,0.0,0.0103866070442271,0.0,0.0,0000,0.0196547551955612,0.0115385626812204,24,25,1,Unanimous B/LB-directed,logo_TP53
NC_000017.11:7673814:T:A,TP53,0,0.0671039206921872,0.0,0.2354456375280793,0.0,0.0603014030233929,0.0,0.0103866070442271,0.0,0.0,0000,0.0933093920719716,0.07077754768482,24,25,1,Unanimous B/LB-directed,logo_TP53
NC_000017.11:7673831:T:C,TP53,0,0.0222309752314553,0.0,0.0353250026913905,0.0,0.075765344981693,0.0,0.0103866070442271,0.0,0.0,0000,0.0359269824871915,0.0232117129483595,24,25,1,Unanimous B/LB-directed,logo_TP53
NC_000017.11:7674202:T:C,TP53,0,0.4039665940726097,0.0,0.4121891518904787,0.0,0.4633492530636392,0.0,0.3742200551982744,0.0,0.0,0000,0.4134312635562505,0.4089087345387699,25,25,1,Unanimous B/LB-directed,logo_TP53
NC_000017.11:7674908:C:T,TP53,0,0.1938477175824682,0.0,0.2005929586275347,0.0,0.7374671983735376,1.0,0.5406508159721862,1.0,2.0,0011,0.4181396726389317,0.4142917537678195,24,25,1,Mixed votes,logo_TP53
NC_000017.11:7674954:C:G,TP53,0,0.0387586554444607,0.0,0.0348190253293393,0.0,0.1399006978578584,0.0,0.0159086834365934,0.0,0.0,0000,0.057346765517063,0.0400165207229528,24,25,1,Unanimous B/LB-directed,logo_TP53
NC_000017.11:7675055:C:T,TP53,0,0.0092646093698715,0.0,0.0218633987976425,0.0,0.1943535795368002,0.0,0.0451806733897713,0.0,0.0,0000,0.0676655652735213,0.0485557014360078,25,25,1,Unanimous B/LB-directed,logo_TP53
NC_000017.11:7675056:G:C,TP53,0,0.0523582700289737,0.0,0.0228371994356032,0.0,0.1668346767111163,0.0,0.0150151071908087,0.0,0.0,0000,0.0642613133416255,0.0457104324193382,24,25,1,Unanimous B/LB-directed,logo_TP53
NC_000017.11:7675064:A:G,TP53,0,0.0064712181610314,0.0,0.0031418414222506,0.0,0.0676408501126813,0.0,0.0207554246142718,0.0,0.0,0000,0.0245023335775588,0.014891169475655,24,25,1,Unanimous B/LB-directed,logo_TP53
NC_000017.11:7675090:C:T,TP53,0,0.0293678749071699,0.0,0.0337148483295963,0.0,0.1136400537557549,0.0,0.0103866070442271,0.0,0.0,0000,0.0467773460091871,0.0315534518321326,25,25,1,Unanimous B/LB-directed,logo_TP53
NC_000017.11:7676004:C:T,TP53,0,0.4316375094644529,0.0,0.2660201119865504,0.0,0.5339562072297367,1.0,0.1052048526974376,0.0,1.0,0010,0.3342046703445444,0.3191458287613087,25,25,1,Mixed votes,logo_TP53
NC_000017.11:7676015:G:A,TP53,0,0.5632101718498235,0.0,0.3553587842384653,0.0,0.6641071921868053,1.0,0.2772963266073717,0.0,1.0,0010,0.4649931187206165,0.4679940879009683,25,25,1,Mixed votes,logo_TP53
NC_000017.11:7676087:G:A,TP53,0,0.0836454177985178,0.0,0.1780096838491376,0.0,0.105054471421123,0.0,0.0446029317152286,0.0,0.0,0000,0.1028281261960018,0.0793423004883819,24,25,1,Unanimous B/LB-directed,logo_TP53
NC_000017.11:7676118:C:T,TP53,0,0.0014127633148506,0.0,0.0003781803743622,0.0,0.0117420948206196,0.0,0.0103866070442271,0.0,0.0,0000,0.0059799113885149,0.002927125265703,25,25,1,Unanimous B/LB-directed,logo_TP53
NC_000017.11:7676141:G:C,TP53,0,0.011056707115056,0.0,0.0027405901568859,0.0,0.0219643310975825,0.0,0.0103866070442271,0.0,0.0,0000,0.0115370588534379,0.006238134825066,24,25,1,Unanimous B/LB-directed,logo_TP53
NC_000017.11:7676147:G:A,TP53,0,0.001830436650111,0.0,3.20070553295081e-05,0.0,0.0184799564608012,0.0,0.0103866070442271,0.0,0.0,0000,0.0076822518026172,0.0039050055028891,25,25,1,Unanimous B/LB-directed,logo_TP53
NC_000017.11:7676150:A:T,TP53,0,0.0111161502051986,0.0,0.0017301716273541,0.0,0.0364940400970342,0.0,0.0103866070442271,0.0,0.0,0000,0.0149317422434535,0.0083998071882345,24,25,1,Unanimous B/LB-directed,logo_TP53
NC_000017.11:7676152:GG:AC,TP53,0,,,,,,,,,,,,,1,25,0,,logo_TP53
NC_000017.11:7676172:T:C,TP53,0,0.0076271242058163,0.0,0.0001155367902108,0.0,0.0150687679522765,0.0,0.0103866070442271,0.0,0.0,0000,0.0082995089981327,0.0042683542908077,24,25,1,Unanimous B/LB-directed,logo_TP53
NC_000017.11:7676180:G:C,TP53,0,0.0780226155395203,0.0,0.0215968872613203,0.0,0.144345547555099,0.0,0.0508634374228073,0.0,0.0,0000,0.0737071219446867,0.053669479851273,25,25,1,Unanimous B/LB-directed,logo_TP53
NC_000017.11:7676192:C:T,TP53,0,0.001107209879568,0.0,1.3265512437324608e-05,0.0,0.0219643310975825,0.0,0.0103866070442271,0.0,0.0,0000,0.0083678533834537,0.0043088487186508,25,25,1,Unanimous B/LB-directed,logo_TP53
NC_000017.11:7676196:G:C,TP53,0,0.0023195547165477,0.0,0.0001589004030852,0.0,0.0364940400970342,0.0,0.0103866070442271,0.0,0.0,0000,0.0123397755652236,0.0067411929627086,24,25,1,Unanimous B/LB-directed,logo_TP53
NC_000017.11:7676224:G:T,TP53,0,0.0077756089167069,0.0,5.727309595772783e-05,0.0,0.0117420948206196,0.0,0.0103866070442271,0.0,0.0,0000,0.0074903959693778,0.0037929685124262,24,25,1,Unanimous B/LB-directed,logo_TP53
NC_000017.11:7676261:G:T,TP53,0,0.0286637361812034,0.0,0.0092842378179758,0.0,0.0596395820413145,0.0,0.0103889776945588,0.0,0.0,0000,0.0269941334337631,0.0166592109071795,22,25,1,Unanimous B/LB-directed,logo_TP53
NC_000017.11:7676383:G:C,TP53,0,0.0136279852565158,0.0,0.0380089539147385,0.0,0.0184799564608012,0.0,0.0147771934630238,0.0,0.0,0000,0.0212235222737698,0.0126101467934504,22,25,1,Unanimous B/LB-directed,logo_TP53
NC_000017.11:7676392:T:C,TP53,0,0.0066186475906467,0.0,0.0015945427981276,0.0,0.0478925204013424,0.0,0.021428126313842,0.0,0.0,0000,0.0193834592759897,0.0113546275238147,22,25,1,Unanimous B/LB-directed,logo_TP53
NC_000017.11:7676566:C:G,TP53,0,0.0132273862995269,0.0,0.0002848436557987,0.0,0.0219643310975825,0.0,0.0137037264249635,0.0,0.0,0000,0.0122950718694679,0.0067130383234923,22,25,1,Unanimous B/LB-directed,logo_TP53
NC_000017.11:7676571:G:A,TP53,0,0.0062386542258268,0.0,0.0007693476895268,0.0,0.0291215366850958,0.0,0.0103866070442271,0.0,0.0,0000,0.0116290364111691,0.0062955043917129,22,25,1,Unanimous B/LB-directed,logo_TP53
NC_000017.11:7676573:A:C,TP53,0,0.0058342558140958,0.0,0.0001516249927026,0.0,0.032783034821854,0.0,0.0103866070442271,0.0,0.0,0000,0.0122888806682199,0.0067091403424093,22,25,1,Unanimous B/LB-directed,logo_TP53
NC_000017.11:7676583:G:A,TP53,0,0.0137811052213692,0.0,0.0075637893607734,0.0,0.0440514705156985,0.0,0.0103866070442271,0.0,0.0,0000,0.018945743035517,0.0110587448436364,22,25,1,Unanimous B/LB-directed,logo_TP53
NC_000017.11:7676583:G:T,TP53,0,0.0137587787630303,0.0,0.0070286074339547,0.0,0.0219643310975825,0.0,0.0103866070442271,0.0,0.0,0000,0.0132845810846986,0.0073399345147481,22,25,1,Unanimous B/LB-directed,logo_TP53
