SPDI,Gene,y,p_SVM_RBF,vote_SVM_RBF,p_ENET_LR,vote_ENET_LR,p_EXTRA_TREES,vote_EXTRA_TREES,p_HIST_GB,vote_HIST_GB,V,vote_vector,Mean4,S_MAC,n_observed_panel,panel_size,complete_flag,directional_descriptor,partition
NC_000009.12:95107111:A:C,FANCC,1,0.9844711347091718,1.0,0.7955838743825489,1.0,0.8178427969205297,1.0,0.902111944290199,1.0,4.0,1111,0.8750024375756124,0.9025549825953303,25,25,1,Unanimous LP/P-directed,without_addAF_AlphaMissense_f3
NC_000010.11:87933093:T:C,PTEN,1,0.9988394874082341,1.0,0.9970796040212755,1.0,0.9999999211379602,1.0,0.9960999003197099,1.0,4.0,1111,0.9980047282217949,0.9991531073528952,25,25,1,Unanimous LP/P-directed,without_addAF_AlphaMissense_f3
NC_000010.11:87933125:C:T,PTEN,1,0.9971775384489383,1.0,0.995013588755934,1.0,0.9996719552767395,1.0,0.995695175979511,1.0,4.0,1111,0.9968895646152808,0.9985969665082607,25,25,1,Unanimous LP/P-directed,without_addAF_AlphaMissense_f3
NC_000010.11:87933144:G:A,PTEN,1,0.9989312873989814,1.0,0.9975065208989653,1.0,0.9999999211379602,1.0,0.9927552681476675,1.0,4.0,1111,0.9972982493958935,0.9988046474000254,25,25,1,Unanimous LP/P-directed,without_addAF_AlphaMissense_f3
NC_000010.11:87952118:G:T,PTEN,1,0.9992068516654293,1.0,0.9989938756783013,1.0,0.9999999211379602,1.0,0.9918162148665858,1.0,4.0,1111,0.9975042158370693,0.9989077117852834,25,25,1,Unanimous LP/P-directed,without_addAF_AlphaMissense_f3
NC_000010.11:87952142:G:C,PTEN,1,0.9991130662838167,1.0,0.9965356174434364,1.0,0.9999999211379602,1.0,0.9882618936615668,1.0,4.0,1111,0.9959776246316949,0.9981202752090482,25,25,1,Unanimous LP/P-directed,without_addAF_AlphaMissense_f3
NC_000010.11:87952144:T:A,PTEN,1,0.9978679084933362,1.0,0.996225940783797,1.0,0.9995386461980773,1.0,0.9939405859519684,1.0,4.0,1111,0.9968932703567948,0.9985988675197717,25,25,1,Unanimous LP/P-directed,without_addAF_AlphaMissense_f3
NC_000010.11:87957972:A:G,PTEN,1,0.9993704656871084,1.0,0.9976219993629223,1.0,0.9999999211379602,1.0,0.9955441630945095,1.0,4.0,1111,0.9981341373206251,0.9992152607332205,25,25,1,Unanimous LP/P-directed,without_addAF_AlphaMissense_f3
NC_000011.10:108317373:C:A,ATM,1,0.9773933783310624,1.0,0.9686334107561728,1.0,0.8787579790581459,1.0,0.9675227431519007,1.0,4.0,1111,0.9480768778243205,0.9649232532845444,25,25,1,Unanimous LP/P-directed,without_addAF_AlphaMissense_f3
NC_000011.10:108343245:G:A,ATM,1,0.9940049855821166,1.0,0.9851608361534129,1.0,0.9990736527072274,1.0,0.9941727386449181,1.0,4.0,1111,0.9931030532719187,0.9965269485283041,25,25,1,Unanimous LP/P-directed,without_addAF_AlphaMissense_f3
NC_000013.11:32370419:C:T,BRCA2,1,0.8976985537797747,1.0,0.8195938853217916,1.0,0.863058609948521,1.0,0.934710139246658,1.0,4.0,1111,0.8787652970741864,0.9059807593793142,22,25,1,Unanimous LP/P-directed,without_addAF_AlphaMissense_f3
NC_000016.10:68811858:G:T,CDH1,1,0.9961603399644637,1.0,0.9991587094593126,1.0,0.915703410281648,1.0,0.9863169076887508,1.0,4.0,1111,0.9743348418485438,0.9844125358595617,25,25,1,Unanimous LP/P-directed,without_addAF_AlphaMissense_f3
NC_000016.10:89765028:C:T,FANCA,1,0.8200242252612349,1.0,0.7035664629832555,0.0,0.6544853982074469,1.0,0.8719992493881006,1.0,3.0,1011,0.7625188339600094,0.7926550615105509,25,25,1,Mixed votes,without_addAF_AlphaMissense_f3
NC_000017.11:7673777:T:A,TP53,1,0.9883630111765406,1.0,0.9847523916509822,1.0,0.9983348967577425,1.0,0.9930625382992956,1.0,4.0,1111,0.9911282094711402,0.995372438290714,25,25,1,Unanimous LP/P-directed,without_addAF_AlphaMissense_f3
NC_000017.11:7673795:C:T,TP53,1,0.9927651680501454,1.0,0.9899697688327554,1.0,0.9999999211379602,1.0,0.9862293641623135,1.0,4.0,1111,0.9922410555457937,0.996028141481171,25,25,1,Unanimous LP/P-directed,without_addAF_AlphaMissense_f3
NC_000017.11:7673801:C:G,TP53,1,0.9966879641898917,1.0,0.9914658094352435,1.0,0.9999999211379602,1.0,0.9959738066715061,1.0,4.0,1111,0.9960318753586505,0.9981490952775719,25,25,1,Unanimous LP/P-directed,without_addAF_AlphaMissense_f3
NC_000017.11:7673805:C:A,TP53,1,0.9701687875589394,1.0,0.8392158106400859,1.0,0.9781289172186511,1.0,0.9916912190924504,1.0,4.0,1111,0.9448011836275316,0.9623526575272205,25,25,1,Unanimous LP/P-directed,without_addAF_AlphaMissense_f3
NC_000017.11:7674892:C:G,TP53,1,0.9931313236019397,1.0,0.9956812228951752,1.0,0.999748186242167,1.0,0.9852021140779605,1.0,4.0,1111,0.9934407117043106,0.9967199879424403,25,25,1,Unanimous LP/P-directed,without_addAF_AlphaMissense_f3
NC_000017.11:7674943:C:G,TP53,1,0.9972800517224444,1.0,0.9915398847026504,1.0,0.9999999211379602,1.0,0.9953001348476774,1.0,4.0,1111,0.996029998102683,0.9981480989221178,25,25,1,Unanimous LP/P-directed,without_addAF_AlphaMissense_f3
NC_000017.11:7674950:G:A,TP53,1,0.9961767447762979,1.0,0.9602265481999376,1.0,0.9892629770604527,1.0,0.9956475267962234,1.0,4.0,1111,0.9853284492082279,0.9917827634663452,25,25,1,Unanimous LP/P-directed,without_addAF_AlphaMissense_f3
NC_000017.11:7675073:C:T,TP53,1,0.978301703301202,1.0,0.9453200487437624,1.0,0.9486919219082617,1.0,0.9888233632675731,1.0,4.0,1111,0.9652842593051998,0.977947262994858,25,25,1,Unanimous LP/P-directed,without_addAF_AlphaMissense_f3
NC_000017.11:7675084:C:T,TP53,1,0.991209240268291,1.0,0.9883609525451703,1.0,0.9999999211379602,1.0,0.9855461622323151,1.0,4.0,1111,0.9912790690459341,0.9954620553898441,25,25,1,Unanimous LP/P-directed,without_addAF_AlphaMissense_f3
NC_000017.11:7675087:C:T,TP53,1,0.9836638158102522,1.0,0.8640498118687504,1.0,0.9927093844660579,1.0,0.996990304790555,1.0,4.0,1111,0.9593533292339038,0.9735563327630488,25,25,1,Unanimous LP/P-directed,without_addAF_AlphaMissense_f3
NC_000017.11:7675123:T:C,TP53,1,0.993579403165497,1.0,0.955849113397537,1.0,0.9995386461980773,1.0,0.9931869579713404,1.0,4.0,1111,0.9855385301831128,0.9919170908419962,25,25,1,Unanimous LP/P-directed,without_addAF_AlphaMissense_f3
NC_000017.11:7675156:G:A,TP53,1,0.983662629010129,1.0,0.9315285980496167,1.0,0.9905258715258262,1.0,0.9883795847390845,1.0,4.0,1111,0.973524170831164,0.9838463532958415,25,25,1,Unanimous LP/P-directed,without_addAF_AlphaMissense_f3
NC_000017.11:7675160:G:A,TP53,1,0.9646547333996525,1.0,0.8841351103555639,1.0,0.9846475992032713,1.0,0.9744175029982468,1.0,4.0,1111,0.9519637364891836,0.9679381106160146,25,25,1,Unanimous LP/P-directed,without_addAF_AlphaMissense_f3
NC_000017.11:7675184:C:T,TP53,1,0.9174858336355434,1.0,0.8648545530296694,1.0,0.8662067205203098,1.0,0.9676748117211058,1.0,4.0,1111,0.9040554797266571,0.9284668654663257,25,25,1,Unanimous LP/P-directed,without_addAF_AlphaMissense_f3
NC_000017.11:7675231:G:C,TP53,1,0.984837405445406,1.0,0.961162368670198,1.0,0.9984349561057675,1.0,0.9839263382270729,1.0,4.0,1111,0.9820902671121111,0.9896778940512339,25,25,1,Unanimous LP/P-directed,without_addAF_AlphaMissense_f3
NC_000017.11:43049163:C:A,BRCA1,1,0.9965333189342619,1.0,0.9844474775747265,1.0,0.9991944535522392,1.0,0.9928076340336501,1.0,4.0,1111,0.9932457210237194,0.9966086795808284,25,25,1,Unanimous LP/P-directed,without_addAF_AlphaMissense_f3
NC_000017.11:43051103:A:G,BRCA1,1,0.9986838839658617,1.0,0.9795503547663922,1.0,0.9999999211379602,1.0,0.996659150520924,1.0,4.0,1111,0.9937233275977846,0.9968804806361735,25,25,1,Unanimous LP/P-directed,without_addAF_AlphaMissense_f3
NC_000017.11:43057112:T:A,BRCA1,1,0.9956382441924574,1.0,0.9901713963897256,1.0,0.9968825882586637,1.0,0.9939078588876724,1.0,4.0,1111,0.9941500219321298,0.9971208449052338,25,25,1,Unanimous LP/P-directed,without_addAF_AlphaMissense_f3
NC_000017.11:43063929:C:T,BRCA1,1,0.9894621403978264,1.0,0.9512658408872763,1.0,0.9853721601819588,1.0,0.9947652834829563,1.0,4.0,1111,0.9802163562375045,0.9884326772852646,25,25,1,Unanimous LP/P-directed,without_addAF_AlphaMissense_f3
NC_000017.11:43067627:G:A,BRCA1,1,0.9895500884559982,1.0,0.976174588368706,1.0,0.9977856670641567,1.0,0.9951530020937714,1.0,4.0,1111,0.9896658364956581,0.994492764071702,25,25,1,Unanimous LP/P-directed,without_addAF_AlphaMissense_f3
NC_000017.11:43067628:T:C,BRCA1,1,0.9826605297272256,1.0,0.8994582950616655,1.0,0.995817861271836,1.0,0.9929922814695668,1.0,4.0,1111,0.9677322418825736,0.9797257652800324,25,25,1,Unanimous LP/P-directed,without_addAF_AlphaMissense_f3
NC_000017.11:43070949:G:A,BRCA1,1,0.9946597785078434,1.0,0.9577008195470581,1.0,0.9968825882586637,1.0,0.994979466936023,1.0,4.0,1111,0.986055663312397,0.9922465125571069,25,25,1,Unanimous LP/P-directed,without_addAF_AlphaMissense_f3
NC_000017.11:43106486:A:C,BRCA1,1,0.9892738915044514,1.0,0.9851270793352718,1.0,0.9995386461980773,1.0,0.9877813001088145,1.0,4.0,1111,0.9904302292866538,0.9949549951362149,25,25,1,Unanimous LP/P-directed,without_addAF_AlphaMissense_f3
NC_000017.11:58695188:G:A,RAD51C,1,0.9975868350873318,1.0,0.9998240304757906,1.0,0.9899428979059741,1.0,0.9888535681412657,1.0,4.0,1111,0.9940518329025906,0.9970657466420522,23,25,1,Unanimous LP/P-directed,without_addAF_AlphaMissense_f3
NC_000019.10:1219351:G:C,STK11,1,0.9974515970314212,1.0,0.9979115850830699,1.0,0.9895812234429332,1.0,0.9927412197349922,1.0,4.0,1111,0.994421406323104,0.997272445771661,25,25,1,Unanimous LP/P-directed,without_addAF_AlphaMissense_f3
NC_000019.10:1220395:G:A,STK11,1,0.9973245268941483,1.0,0.9941168270448153,1.0,0.9969935180840779,1.0,0.9847997851219421,1.0,4.0,1111,0.9933086642862459,0.9966446606453275,25,25,1,Unanimous LP/P-directed,without_addAF_AlphaMissense_f3
NC_000022.11:28711993:A:G,CHEK2,1,0.14461429025517253,0.0,0.24443920405190392,0.0,0.39403242543719136,1.0,0.7419589068235519,1.0,2.0,0011,0.38126120664195495,0.3697541972170547,24,25,1,Mixed votes,without_addAF_AlphaMissense_f3
NC_000022.11:28725253:G:A,CHEK2,1,0.9813610843388787,1.0,0.8947971345299417,1.0,0.9514754604418564,1.0,0.9915090167316818,1.0,4.0,1111,0.9547856740105896,0.9701017655273244,24,25,1,Unanimous LP/P-directed,without_addAF_AlphaMissense_f3
NC_000010.11:87864469:A:G,PTEN,1,0.9966788823532375,1.0,0.9970429547640581,1.0,0.9873201819395399,1.0,0.9785422131225777,1.0,4.0,1111,0.9898960580448534,0.9946325187266781,22,25,1,Unanimous LP/P-directed,without_addAF_AlphaMissense_f3
NC_000010.11:87864470:T:C,PTEN,1,0.9966788205121584,1.0,0.9969055902950077,1.0,0.9927093844660579,1.0,0.9888844826578156,1.0,4.0,1111,0.9937945694827599,0.9969207779491476,22,25,1,Unanimous LP/P-directed,without_addAF_AlphaMissense_f3
NC_000010.11:87864470:T:G,PTEN,1,0.997014390747944,1.0,0.9967109988280997,1.0,0.9865657811095093,1.0,0.9890270198496162,1.0,4.0,1111,0.9923295476337923,0.9960797296419533,22,25,1,Unanimous LP/P-directed,without_addAF_AlphaMissense_f3
NC_000010.11:87864482:T:C,PTEN,1,0.9897452987979409,1.0,0.988352567879832,1.0,0.9920212920979871,1.0,0.9921049247919879,1.0,4.0,1111,0.990556020891937,0.99503056223096,25,25,1,Unanimous LP/P-directed,without_addAF_AlphaMissense_f3
NC_000010.11:87864514:T:G,PTEN,1,0.9976999399958554,1.0,0.9928819200281438,1.0,0.9999999211379602,1.0,0.996602619296026,1.0,4.0,1111,0.9967961001144965,0.9985489168797295,25,25,1,Unanimous LP/P-directed,without_addAF_AlphaMissense_f3
NC_000010.11:87864538:G:C,PTEN,1,0.9992871883898298,1.0,0.9974367732675364,1.0,0.9999999211379602,1.0,0.9940353792728124,1.0,4.0,1111,0.9976898155170347,0.9989995844540155,25,25,1,Unanimous LP/P-directed,without_addAF_AlphaMissense_f3
NC_000010.11:87864544:A:C,PTEN,1,0.9995018435621603,1.0,0.9965353030083459,1.0,0.9999999211379602,1.0,0.9906723458173256,1.0,4.0,1111,0.996677353381448,0.9984875888158746,25,25,1,Unanimous LP/P-directed,without_addAF_AlphaMissense_f3
NC_000010.11:87894048:T:C,PTEN,1,0.9996364993382817,1.0,0.9999500406384265,1.0,0.9999999211379602,1.0,0.994324964358115,1.0,4.0,1111,0.9984778563681957,0.9993773731147344,25,25,1,Unanimous LP/P-directed,without_addAF_AlphaMissense_f3
NC_000010.11:87925549:T:G,PTEN,1,0.9985666676935248,1.0,0.9971787255280607,1.0,0.9999999211379602,1.0,0.9914267250422895,1.0,4.0,1111,0.9967930098504588,0.9985473248301968,25,25,1,Unanimous LP/P-directed,without_addAF_AlphaMissense_f3
NC_000010.11:87933033:A:T,PTEN,1,0.9992737506384537,1.0,0.9985669478154947,1.0,0.9999999211379602,1.0,0.9955413837013793,1.0,4.0,1111,0.998345500823322,0.9993154883378321,25,25,1,Unanimous LP/P-directed,without_addAF_AlphaMissense_f3
NC_000010.11:87933035:C:A,PTEN,1,0.9974969549619046,1.0,0.9965480765927015,1.0,0.9989502963046963,1.0,0.9938444008773524,1.0,4.0,1111,0.9967099321841637,0.9985044453152015,25,25,1,Unanimous LP/P-directed,without_addAF_AlphaMissense_f3
NC_000010.11:87933035:C:G,PTEN,1,0.9983452203668779,1.0,0.9970627788534795,1.0,0.9999999211379602,1.0,0.9940356357684567,1.0,4.0,1111,0.9973608890316936,0.9988361110192967,25,25,1,Unanimous LP/P-directed,without_addAF_AlphaMissense_f3
NC_000010.11:87933044:C:T,PTEN,1,0.9973573694621373,1.0,0.9956151328550549,1.0,0.9999999211379602,1.0,0.9964086797577281,1.0,4.0,1111,0.9973452758032202,0.9988282781382459,25,25,1,Unanimous LP/P-directed,without_addAF_AlphaMissense_f3
NC_000010.11:87933078:A:G,PTEN,1,0.9990731975046951,1.0,0.9990915146779767,1.0,0.998063416867717,1.0,0.997276365783654,1.0,4.0,1111,0.9983761237085107,0.999329869108932,25,25,1,Unanimous LP/P-directed,without_addAF_AlphaMissense_f3
NC_000010.11:87933114:T:G,PTEN,1,0.9987467570561186,1.0,0.9958447679348799,1.0,0.9996719552767395,1.0,0.9943774554801157,1.0,4.0,1111,0.9971602339369634,0.9987349684662571,25,25,1,Unanimous LP/P-directed,without_addAF_AlphaMissense_f3
NC_000010.11:87933116:G:A,PTEN,1,0.9878517213675312,1.0,0.9765101033210111,1.0,0.9927093844660577,1.0,0.9833422790377738,1.0,4.0,1111,0.9851033720480934,0.9916385306925255,25,25,1,Unanimous LP/P-directed,without_addAF_AlphaMissense_f3
NC_000010.11:87933120:C:A,PTEN,1,0.9987177217009423,1.0,0.9948732288284619,1.0,0.9999999211379602,1.0,0.9967888335319058,1.0,4.0,1111,0.9975949262998175,0.9989527363690013,25,25,1,Unanimous LP/P-directed,without_addAF_AlphaMissense_f3
NC_000010.11:87933125:C:A,PTEN,1,0.9961310786808036,1.0,0.9955408635932981,1.0,0.9999999211379602,1.0,0.9944027487750627,1.0,4.0,1111,0.9965186530467812,0.9984051505946503,25,25,1,Unanimous LP/P-directed,without_addAF_AlphaMissense_f3
NC_000010.11:87933129:G:C,PTEN,1,0.9981790639483736,1.0,0.9960121215317592,1.0,0.9995386461980773,1.0,0.9916025090343084,1.0,4.0,1111,0.9963330851781296,0.9983080912242005,25,25,1,Unanimous LP/P-directed,without_addAF_AlphaMissense_f3
NC_000010.11:87933135:C:T,PTEN,1,0.9990177319754021,1.0,0.9963391695595875,1.0,0.9999999211379602,1.0,0.995828963950906,1.0,4.0,1111,0.9977964466559639,0.9990519129731606,25,25,1,Unanimous LP/P-directed,without_addAF_AlphaMissense_f3
NC_000010.11:87933141:A:G,PTEN,1,0.9978403702773875,1.0,0.9961584369271715,1.0,0.9999999211379602,1.0,0.9956398482361445,1.0,4.0,1111,0.9974096441446659,0.9988605291803149,25,25,1,Unanimous LP/P-directed,without_addAF_AlphaMissense_f3
NC_000010.11:87933142:G:C,PTEN,1,0.9971859894520237,1.0,0.9965742578914585,1.0,0.9982338649771595,1.0,0.9934781001535138,1.0,4.0,1111,0.9963680531185388,0.998326434300202,25,25,1,Unanimous LP/P-directed,without_addAF_AlphaMissense_f3
NC_000010.11:87933143:G:C,PTEN,1,0.998787035518863,1.0,0.9969739938422725,1.0,0.9999999211379602,1.0,0.9924659979368126,1.0,4.0,1111,0.9970567371089771,0.9986824065364147,25,25,1,Unanimous LP/P-directed,without_addAF_AlphaMissense_f3
NC_000010.11:87933152:G:A,PTEN,1,0.999484567530651,1.0,0.9987969941423324,1.0,0.9999999211379602,1.0,0.9941705792580724,1.0,4.0,1111,0.998113015517254,0.9992051556600741,25,25,1,Unanimous LP/P-directed,without_addAF_AlphaMissense_f3
NC_000010.11:87933153:G:A,PTEN,1,0.9990783823824386,1.0,0.997191458362788,1.0,0.9999999211379602,1.0,0.9933671474366539,1.0,4.0,1111,0.9974092273299602,0.9988603206935671,25,25,1,Unanimous LP/P-directed,without_addAF_AlphaMissense_f3
NC_000010.11:87933159:T:G,PTEN,1,0.9989536734239767,1.0,0.9977615879827698,1.0,0.9999999211379602,1.0,0.9968660013683415,1.0,4.0,1111,0.998395295978262,0.9993388536713403,25,25,1,Unanimous LP/P-directed,without_addAF_AlphaMissense_f3
NC_000010.11:87933162:T:A,PTEN,1,0.9987849217002782,1.0,0.9965613298561131,1.0,0.9999999211379602,1.0,0.9965022688944898,1.0,4.0,1111,0.9979621103972104,0.9991325149411525,25,25,1,Unanimous LP/P-directed,without_addAF_AlphaMissense_f3
NC_000010.11:87933164:T:C,PTEN,1,0.9987865717996172,1.0,0.9979412903970426,1.0,0.9999999211379602,1.0,0.9923638860517353,1.0,4.0,1111,0.9972729173465888,0.9987918943743506,25,25,1,Unanimous LP/P-directed,without_addAF_AlphaMissense_f3
NC_000010.11:87933222:A:C,PTEN,1,0.9984386833842878,1.0,0.9961644799503419,1.0,0.9999999211379602,1.0,0.996623429411778,1.0,4.0,1111,0.9978066284710918,0.9990568916372403,25,25,1,Unanimous LP/P-directed,without_addAF_AlphaMissense_f3
NC_000010.11:87952117:G:A,PTEN,1,0.9991275546536429,1.0,0.9985470824544989,1.0,0.9999999211379602,1.0,0.9912620080311013,1.0,4.0,1111,0.9972341415693008,0.998772341556023,25,25,1,Unanimous LP/P-directed,without_addAF_AlphaMissense_f3
NC_000010.11:87952121:T:A,PTEN,1,0.9981955138057679,1.0,0.993252995440077,1.0,0.9999999211379602,1.0,0.9932415280480542,1.0,4.0,1111,0.9961724896079649,0.9982235373860112,25,25,1,Unanimous LP/P-directed,without_addAF_AlphaMissense_f3
NC_000010.11:87952142:G:T,PTEN,1,0.9994129174940695,1.0,0.9978106400895469,1.0,0.9999999211379602,1.0,0.9920459911073906,1.0,4.0,1111,0.9973173674572418,0.9988142611402103,25,25,1,Unanimous LP/P-directed,without_addAF_AlphaMissense_f3
NC_000010.11:87957938:T:C,PTEN,1,0.49467354551822884,1.0,0.9316350920861448,1.0,0.4813420810600089,1.0,0.38203869262188334,0.0,3.0,1110,0.5724223528215665,0.5860703751223818,25,25,1,Mixed votes,without_addAF_AlphaMissense_f3
NC_000010.11:87958018:G:C,PTEN,1,0.9934850988788779,1.0,0.9964248036713854,1.0,0.951646817821474,1.0,0.9711992806517895,1.0,4.0,1111,0.9781890002558817,0.9870652106051474,25,25,1,Unanimous LP/P-directed,without_addAF_AlphaMissense_f3
NC_000010.11:87961020:A:G,PTEN,1,0.9802089396560102,1.0,0.9996522246438583,1.0,0.929967755372149,1.0,0.9725888478239145,1.0,4.0,1111,0.9706044418739831,0.981785161914502,25,25,1,Unanimous LP/P-directed,without_addAF_AlphaMissense_f3
NC_000011.10:108271393:T:G,ATM,1,0.9925002895675413,1.0,0.9793337205137469,1.0,0.8178427969205295,1.0,0.8906809610280894,1.0,4.0,1111,0.9200894420074767,0.9421853368815813,25,25,1,Unanimous LP/P-directed,without_addAF_AlphaMissense_f3
NC_000011.10:108272851:G:A,ATM,1,0.9850702471532966,1.0,0.9087929334608857,1.0,0.9225401600567028,1.0,0.9791618198949641,1.0,4.0,1111,0.9488912901414623,0.9655581918106135,24,25,1,Unanimous LP/P-directed,without_addAF_AlphaMissense_f3
NC_000011.10:108281167:G:T,ATM,1,0.9972252629937951,1.0,0.995088091362084,1.0,0.9286755801234865,1.0,0.9845917417650918,1.0,4.0,1111,0.9763951690611143,0.9858388632165891,25,25,1,Unanimous LP/P-directed,without_addAF_AlphaMissense_f3
NC_000011.10:108301705:G:A,ATM,1,0.9153720345491682,1.0,0.7427426397411062,1.0,0.9477458280761326,1.0,0.9290124814379441,1.0,4.0,1111,0.8837182459510877,0.9104597065930069,25,25,1,Unanimous LP/P-directed,without_addAF_AlphaMissense_f3
NC_000011.10:108320039:A:T,ATM,1,0.9963656162718708,1.0,0.9899221612510615,1.0,0.963558910643922,1.0,0.9809697384721701,1.0,4.0,1111,0.982704106659756,0.9900816328815684,24,25,1,Unanimous LP/P-directed,without_addAF_AlphaMissense_f3
NC_000011.10:108325534:G:C,ATM,1,0.018412799399220546,0.0,0.009495343940072716,0.0,0.015974072755855082,0.0,0.05453089383123275,0.0,0.0,0000,0.024603277481595277,0.015340496662754598,25,25,1,Unanimous B/LB-directed,without_addAF_AlphaMissense_f3
NC_000011.10:108331497:G:C,ATM,1,0.9952813154263764,1.0,0.9839377951484182,1.0,0.9961272053171693,1.0,0.9937964624324178,1.0,4.0,1111,0.9922856945810955,0.9960541752393972,25,25,1,Unanimous LP/P-directed,without_addAF_AlphaMissense_f3
NC_000011.10:108332837:C:T,ATM,1,0.9933403319881778,1.0,0.9983601386677662,1.0,0.8551082566191615,1.0,0.9706384934421739,1.0,4.0,1111,0.9543618051793198,0.9697781690550883,25,25,1,Unanimous LP/P-directed,without_addAF_AlphaMissense_f3
NC_000011.10:108332847:T:G,ATM,1,0.052352419414051825,0.0,0.2119820665186962,0.0,0.048365762958613306,0.0,0.03246972304970681,0.0,0.0,0000,0.08629249298526702,0.06520290413836655,25,25,1,Unanimous B/LB-directed,without_addAF_AlphaMissense_f3
NC_000011.10:108332848:G:C,ATM,1,0.9946825273701209,1.0,0.9374657969953575,1.0,0.9984017134657601,1.0,0.9933714533099823,1.0,4.0,1111,0.9809803727853051,0.9889426219504821,25,25,1,Unanimous LP/P-directed,without_addAF_AlphaMissense_f3
NC_000011.10:108333954:C:T,ATM,1,0.9457009000312478,1.0,0.830168136693375,1.0,0.9854682999580334,1.0,0.9824539612965232,1.0,4.0,1111,0.9359478244947949,0.9552776307554538,25,25,1,Unanimous LP/P-directed,without_addAF_AlphaMissense_f3
NC_000011.10:108334987:A:G,ATM,1,0.9530494394730805,1.0,0.9264559781107615,1.0,0.9897364950818025,1.0,0.991939771141659,1.0,4.0,1111,0.9652954209518259,0.9779554188380665,25,25,1,Unanimous LP/P-directed,without_addAF_AlphaMissense_f3
NC_000011.10:108335103:G:T,ATM,1,0.9907301963127033,1.0,0.9527802768536099,1.0,0.9858517395119157,1.0,0.9874435285542149,1.0,4.0,1111,0.979201435308111,0.9877506452140123,25,25,1,Unanimous LP/P-directed,without_addAF_AlphaMissense_f3
NC_000013.11:32326149:G:A,BRCA2,1,0.9868246478897417,1.0,0.9696703192832151,1.0,0.9051627581407358,1.0,0.9820916614830743,1.0,4.0,1111,0.9609373466991917,0.9747399123111928,22,25,1,Unanimous LP/P-directed,without_addAF_AlphaMissense_f3
NC_000013.11:32326498:G:C,BRCA2,1,0.7381554576542929,1.0,0.4077127299093823,0.0,0.49588837902660926,1.0,0.7397158830738764,1.0,3.0,1011,0.5953681124160402,0.6118265420478826,22,25,1,Mixed votes,without_addAF_AlphaMissense_f3
NC_000013.11:32330927:AG:GA,BRCA2,1,,,,,,,,,,,,,0,25,0,,without_addAF_AlphaMissense_f3
NC_000013.11:32339441:G:T,BRCA2,1,0.24030395891905765,0.0,0.5951991135307034,0.0,0.23344499428577828,0.0,0.3480353178665093,0.0,0.0,0000,0.35424584615051213,0.3395634714481147,22,25,1,Unanimous B/LB-directed,without_addAF_AlphaMissense_f3
NC_000013.11:32346895:G:C,BRCA2,1,0.4083097078149082,1.0,0.6868701517619443,0.0,0.28206252500072704,0.0,0.14281814480748595,0.0,1.0,1000,0.3800151323462663,0.36835678214406764,22,25,1,Mixed votes,without_addAF_AlphaMissense_f3
NC_000013.11:32356520:T:C,BRCA2,1,0.9695840355916712,1.0,0.9315045188541304,1.0,0.9191695351133852,1.0,0.9595947375078778,1.0,4.0,1111,0.9449632067667662,0.9624804257041374,22,25,1,Unanimous LP/P-directed,without_addAF_AlphaMissense_f3
NC_000013.11:32362542:G:T,BRCA2,1,0.9484805871261609,1.0,0.834742426145924,1.0,0.9882522818514238,1.0,0.9533672119682287,1.0,4.0,1111,0.9312106267729343,0.9514204463820544,22,25,1,Unanimous LP/P-directed,without_addAF_AlphaMissense_f3
NC_000013.11:32362583:C:T,BRCA2,1,0.8982620432641261,1.0,0.8119521923628025,1.0,0.9105177477946179,1.0,0.8965057938173027,1.0,4.0,1111,0.8793094443097123,0.9064745300122922,22,25,1,Unanimous LP/P-directed,without_addAF_AlphaMissense_f3
NC_000013.11:32362596:T:A,BRCA2,1,0.9507737311491777,1.0,0.8314150430304066,1.0,0.937304229132307,1.0,0.9426016086775232,1.0,4.0,1111,0.9155236529973536,0.9383253271486358,22,25,1,Unanimous LP/P-directed,without_addAF_AlphaMissense_f3
NC_000013.11:32362656:T:C,BRCA2,1,0.9792432431478024,1.0,0.8951206674082152,1.0,0.9853721601819591,1.0,0.9887678432474208,1.0,4.0,1111,0.9621259784963494,0.9756229646283904,22,25,1,Unanimous LP/P-directed,without_addAF_AlphaMissense_f3
NC_000013.11:32363224:A:G,BRCA2,1,0.9902501994016158,1.0,0.9994881754521197,1.0,0.8682098976093239,1.0,0.9371011941980979,1.0,4.0,1111,0.9487623666652893,0.9654577920884563,22,25,1,Unanimous LP/P-directed,without_addAF_AlphaMissense_f3
NC_000013.11:32363258:T:C,BRCA2,1,0.9868133164175019,1.0,0.9450946178759291,1.0,0.9774553053467361,1.0,0.9935922321306708,1.0,4.0,1111,0.9757388679427095,0.9853865292211427,22,25,1,Unanimous LP/P-directed,without_addAF_AlphaMissense_f3
NC_000013.11:32363371:G:A,BRCA2,1,0.9677691304293117,1.0,0.8610212248892832,1.0,0.994827369251343,1.0,0.9667001894834202,1.0,4.0,1111,0.9475794785133396,0.9645346399472742,22,25,1,Unanimous LP/P-directed,without_addAF_AlphaMissense_f3
NC_000013.11:32363444:G:A,BRCA2,1,0.9841730623431231,1.0,0.9034521699456675,1.0,0.9954653054615047,1.0,0.9730045043941948,1.0,4.0,1111,0.9640237605361225,0.977023531751375,22,25,1,Unanimous LP/P-directed,without_addAF_AlphaMissense_f3
NC_000013.11:32379799:G:A,BRCA2,1,0.9765766492860541,1.0,0.9340177666945059,1.0,0.965989339191878,1.0,0.9884765763157621,1.0,4.0,1111,0.96626508287205,0.9786623371037656,22,25,1,Unanimous LP/P-directed,without_addAF_AlphaMissense_f3
NC_000013.11:32380114:G:A,BRCA2,1,0.986161747370213,1.0,0.9370784933384493,1.0,0.9978207095919835,1.0,0.9814774193341445,1.0,4.0,1111,0.9756345924086975,0.9853144853080874,22,25,1,Unanimous LP/P-directed,without_addAF_AlphaMissense_f3
NC_000015.10:90747392:A:C,BLM,1,0.9544301604082472,1.0,0.9084452999787186,1.0,0.936546286611445,1.0,0.9593666389293735,1.0,4.0,1111,0.9396970964819461,0.9582957435840841,22,25,1,Unanimous LP/P-directed,without_addAF_AlphaMissense_f3
NC_000016.10:23641155:A:G,PALB2,1,0.9631953642616696,1.0,0.8774734097247749,1.0,0.9679960603479564,1.0,0.9765957301849987,1.0,4.0,1111,0.9463151411298499,0.9635440345102992,22,25,1,Unanimous LP/P-directed,without_addAF_AlphaMissense_f3
NC_000016.10:68737415:A:G,CDH1,1,0.9945960937195347,1.0,0.9722996854208367,1.0,0.9819899700897881,1.0,0.9906793610268867,1.0,4.0,1111,0.9848912775642615,0.9915023209749972,22,25,1,Unanimous LP/P-directed,without_addAF_AlphaMissense_f3
NC_000016.10:68737416:T:G,CDH1,1,0.9981914774042646,1.0,0.9746711682964709,1.0,0.9946252313272789,1.0,0.993466463350488,1.0,4.0,1111,0.9902385850946256,0.9948395926143527,22,25,1,Unanimous LP/P-directed,without_addAF_AlphaMissense_f3
NC_000016.10:68828280:G:A,CDH1,1,0.9290594053095169,1.0,0.8702048618433534,1.0,0.8447557373363695,1.0,0.6841312625377712,1.0,4.0,1111,0.8320378167567528,0.8621569365170463,24,25,1,Unanimous LP/P-directed,without_addAF_AlphaMissense_f3
NC_000016.10:89738683:C:A,FANCA,1,0.22742875279892988,0.0,0.43003815718696087,0.0,0.6286346128848505,1.0,0.49249239782447307,1.0,2.0,0011,0.4446484801738036,0.44129033051996425,24,25,1,Mixed votes,without_addAF_AlphaMissense_f3
NC_000016.10:89738928:G:A,FANCA,1,,,,,,,,,,,,,12,25,0,,without_addAF_AlphaMissense_f3
NC_000016.10:89738943:G:A,FANCA,1,0.9635001497028338,1.0,0.9673414930927605,1.0,0.747612948697237,1.0,0.8302699546967921,1.0,4.0,1111,0.8771811365474059,0.904540902345299,25,25,1,Unanimous LP/P-directed,without_addAF_AlphaMissense_f3
NC_000016.10:89739219:C:G,FANCA,1,0.5081985181741692,1.0,0.5618824183406315,0.0,0.6251471314656396,1.0,0.7875981427352164,1.0,3.0,1011,0.6207065526789142,0.6400874505594043,25,25,1,Mixed votes,without_addAF_AlphaMissense_f3
NC_000016.10:89739514:C:G,FANCA,1,0.035676189481688055,0.0,0.12114202148818057,0.0,0.1256305621391286,0.0,0.26335046277100266,0.0,0.0,0000,0.13644980896999997,0.11120837205217621,25,25,1,Unanimous B/LB-directed,without_addAF_AlphaMissense_f3
NC_000016.10:89740845:G:C,FANCA,1,0.6952814987826811,1.0,0.7915443241791155,1.0,0.7383469405409937,1.0,0.9062846409654373,1.0,4.0,1111,0.782864351117057,0.8134518402871139,25,25,1,Unanimous LP/P-directed,without_addAF_AlphaMissense_f3
NC_000016.10:89748671:A:C,FANCA,1,0.9687593329851637,1.0,0.807117526504646,1.0,0.7397945799134141,1.0,0.8542407666187778,1.0,4.0,1111,0.8424780515055004,0.8721768071696856,25,25,1,Unanimous LP/P-directed,without_addAF_AlphaMissense_f3
NC_000016.10:89767207:A:G,FANCA,1,0.9992401032421361,1.0,0.9944521230931264,1.0,0.9534984332917865,1.0,0.9943694109936959,1.0,4.0,1111,0.9853900176551862,0.9918221605192113,25,25,1,Unanimous LP/P-directed,without_addAF_AlphaMissense_f3
NC_000016.10:89770257:G:T,FANCA,1,0.6456833164440999,1.0,0.6372649301223597,0.0,0.4721726446263106,1.0,0.5771814864511694,1.0,3.0,1011,0.5830755944109849,0.5980456110094023,25,25,1,Mixed votes,without_addAF_AlphaMissense_f3
NC_000016.10:89791418:T:C,FANCA,1,0.994942900679207,1.0,0.9775276945080579,1.0,0.9755709275574406,1.0,0.9796275079021374,1.0,4.0,1111,0.9819172576617107,0.9895637214747648,25,25,1,Unanimous LP/P-directed,without_addAF_AlphaMissense_f3
NC_000016.10:89791986:C:A,FANCA,1,0.037674098787501824,0.0,0.11183076414030835,0.0,0.14305437633806437,0.0,0.1257818638519183,0.0,0.0,0000,0.10458527577944822,0.08154275823774164,25,25,1,Unanimous B/LB-directed,without_addAF_AlphaMissense_f3
NC_000016.10:89792480:A:C,FANCA,1,0.9872994988547305,1.0,0.9754749070038121,1.0,0.9066392158999015,1.0,0.946555832130566,1.0,4.0,1111,0.9539923634722525,0.9694957177456951,25,25,1,Unanimous LP/P-directed,without_addAF_AlphaMissense_f3
NC_000016.10:89805359:A:C,FANCA,1,0.9822384947479538,1.0,0.977462874274788,1.0,0.9234603450168765,1.0,0.9897701260920928,1.0,4.0,1111,0.9682329600329277,0.980086955143362,25,25,1,Unanimous LP/P-directed,without_addAF_AlphaMissense_f3
NC_000016.10:89816612:C:A,FANCA,1,0.9826314891691461,1.0,0.9851354000000382,1.0,0.973552637114285,1.0,0.9736613239236671,1.0,4.0,1111,0.9787452125517841,0.9874423911932922,22,25,1,Unanimous LP/P-directed,without_addAF_AlphaMissense_f3
NC_000016.10:89816613:A:T,FANCA,1,0.9894648567086174,1.0,0.9772104293414673,1.0,0.9858995426103123,1.0,0.984696795150464,1.0,4.0,1111,0.9843179059527153,0.9911326795919617,22,25,1,Unanimous LP/P-directed,without_addAF_AlphaMissense_f3
NC_000017.11:7670668:G:T,TP53,1,0.9431065740827392,1.0,0.8469703527402184,1.0,0.9504448570786409,1.0,0.9788576436329252,1.0,4.0,1111,0.9298448568836309,0.9502996186018307,25,25,1,Unanimous LP/P-directed,without_addAF_AlphaMissense_f3
NC_000017.11:7670713:A:T,TP53,1,0.9508509026194276,1.0,0.9300004002107431,1.0,0.9871322959072061,1.0,0.9474877100160969,1.0,4.0,1111,0.9538678271883684,0.9694004204265813,24,25,1,Unanimous LP/P-directed,without_addAF_AlphaMissense_f3
NC_000017.11:7673779:T:G,TP53,1,0.9977055230866174,1.0,0.9874933623650469,1.0,0.9939699976197056,1.0,0.9731454050994839,1.0,4.0,1111,0.9880785720427135,0.9935173140024223,24,25,1,Unanimous LP/P-directed,without_addAF_AlphaMissense_f3
NC_000017.11:7673787:G:T,TP53,1,0.9926091731633548,1.0,0.9722542947580254,1.0,0.999748186242167,1.0,0.9940319777350503,1.0,4.0,1111,0.9896609079746493,0.9944897672661986,25,25,1,Unanimous LP/P-directed,without_addAF_AlphaMissense_f3
NC_000017.11:7673794:A:C,TP53,1,0.9670758349006578,1.0,0.9654749237656152,1.0,0.9980634168677168,1.0,0.9790947295620901,1.0,4.0,1111,0.97742722627402,0.9865462465085709,24,25,1,Unanimous LP/P-directed,without_addAF_AlphaMissense_f3
NC_000017.11:7674186:T:G,TP53,1,0.022493707869138624,0.0,0.10610317543194592,0.0,0.164098295199631,0.0,0.030523572542412506,0.0,0.0,0000,0.08080468776078202,0.06041334191713012,24,25,1,Unanimous B/LB-directed,without_addAF_AlphaMissense_f3
NC_000017.11:7674211:T:A,TP53,1,0.9892572055026922,1.0,0.9437402741425673,1.0,0.9986319908454219,1.0,0.9902206503691164,1.0,4.0,1111,0.9804625302149494,0.9885973182610728,24,25,1,Unanimous LP/P-directed,without_addAF_AlphaMissense_f3
NC_000017.11:7674231:C:A,TP53,1,0.9865445288945792,1.0,0.9796186783160789,1.0,0.9999999211379602,1.0,0.9959840368304297,1.0,4.0,1111,0.990536791294762,0.9950190197511319,25,25,1,Unanimous LP/P-directed,without_addAF_AlphaMissense_f3
NC_000017.11:7674231:C:G,TP53,1,0.9032365897333167,1.0,0.8851608751057438,1.0,0.9829830065779954,1.0,0.9887370577000555,1.0,4.0,1111,0.9400293822792778,0.9585617030228665,24,25,1,Unanimous LP/P-directed,without_addAF_AlphaMissense_f3
NC_000017.11:7674231:C:T,TP53,1,0.9894200259484422,1.0,0.9637180487479204,1.0,0.9999999211379602,1.0,0.9958849574378125,1.0,4.0,1111,0.9872557383180338,0.9930039485452911,25,25,1,Unanimous LP/P-directed,without_addAF_AlphaMissense_f3
NC_000017.11:7674246:T:C,TP53,1,0.6867604992599149,1.0,0.6546073691303096,0.0,0.84540493248276,1.0,0.8852332919018517,1.0,3.0,1011,0.7680015231937092,0.7982930089200345,24,25,1,Mixed votes,without_addAF_AlphaMissense_f3
NC_000017.11:7674249:C:A,TP53,1,0.996859405018239,1.0,0.9985210853610653,1.0,0.9999999211379602,1.0,0.9850534161237403,1.0,4.0,1111,0.9951084569102513,0.9976515054701929,25,25,1,Unanimous LP/P-directed,without_addAF_AlphaMissense_f3
NC_000017.11:7674262:A:T,TP53,1,0.9940728657451481,1.0,0.9737164203553477,1.0,0.9999999211379602,1.0,0.9928138807302388,1.0,4.0,1111,0.9901507719921737,0.9947866041859942,25,25,1,Unanimous LP/P-directed,without_addAF_AlphaMissense_f3
NC_000017.11:7674952:T:G,TP53,1,0.997988008641258,1.0,0.9948148894392368,1.0,0.9999999211379602,1.0,0.9876840099894694,1.0,4.0,1111,0.9951217073019811,0.9976587457209313,25,25,1,Unanimous LP/P-directed,without_addAF_AlphaMissense_f3
NC_000017.11:7675093:A:G,TP53,1,0.998460211220278,1.0,0.9862487583503196,1.0,0.997785667064157,1.0,0.9912392084379583,1.0,4.0,1111,0.9934334612681782,0.9967158574325768,25,25,1,Unanimous LP/P-directed,without_addAF_AlphaMissense_f3
NC_000017.11:7675108:T:G,TP53,1,0.9887729592678872,1.0,0.9599839572040701,1.0,0.9258815535826135,1.0,0.9354439421831553,1.0,4.0,1111,0.9525206030594315,0.96836679017935,24,25,1,Unanimous LP/P-directed,without_addAF_AlphaMissense_f3
NC_000017.11:7675139:G:C,TP53,1,0.9980484122116021,1.0,0.9858734515777321,1.0,0.9999999211379602,1.0,0.9939148476885852,1.0,4.0,1111,0.9944591581539699,0.9972934534314711,25,25,1,Unanimous LP/P-directed,without_addAF_AlphaMissense_f3
NC_000017.11:7675139:G:T,TP53,1,0.9980905482814086,1.0,0.9784116638123982,1.0,0.9999999211379602,1.0,0.9932592821447287,1.0,4.0,1111,0.9924403538441239,0.9961442062851177,25,25,1,Unanimous LP/P-directed,without_addAF_AlphaMissense_f3
NC_000017.11:7675141:A:C,TP53,1,0.9679681629070772,1.0,0.9496911257719771,1.0,0.9868495703734538,1.0,0.9839804547277609,1.0,4.0,1111,0.9721223284450673,0.9828609338984977,24,25,1,Unanimous LP/P-directed,without_addAF_AlphaMissense_f3
NC_000017.11:7675207:C:A,TP53,1,0.9663641358992087,1.0,0.9633131361398889,1.0,0.9999999211379602,1.0,0.9862087553076677,1.0,4.0,1111,0.9789714871211814,0.9875954046312763,25,25,1,Unanimous LP/P-directed,without_addAF_AlphaMissense_f3
NC_000017.11:7675211:A:T,TP53,1,0.9181505836065602,1.0,0.8822113919387942,1.0,0.9541520739653755,1.0,0.965537899526896,1.0,4.0,1111,0.9300129872594065,0.9504378035568843,25,25,1,Unanimous LP/P-directed,without_addAF_AlphaMissense_f3
NC_000017.11:7675222:A:G,TP53,1,0.9971358615166774,1.0,0.9913069695687708,1.0,0.9999999211379602,1.0,0.992431129759439,1.0,4.0,1111,0.9952184704957119,0.9977115346847772,25,25,1,Unanimous LP/P-directed,without_addAF_AlphaMissense_f3
NC_000017.11:7675222:A:T,TP53,1,0.9961790098089779,1.0,0.9867401987939934,1.0,0.9996719552767395,1.0,0.9974877962616807,1.0,4.0,1111,0.9950197400353479,0.9976029582543299,25,25,1,Unanimous LP/P-directed,without_addAF_AlphaMissense_f3
NC_000017.11:7676030:A:C,TP53,1,0.9666312049742483,1.0,0.9013165787237538,1.0,0.9999999211379602,1.0,0.991065056906589,1.0,4.0,1111,0.9647531904356378,0.977558725472011,24,25,1,Unanimous LP/P-directed,without_addAF_AlphaMissense_f3
NC_000017.11:7676042:A:C,TP53,1,0.9794971219702865,1.0,0.9583874972570785,1.0,0.9996719552767395,1.0,0.9849435464123194,1.0,4.0,1111,0.980625030229106,0.9887058262299635,24,25,1,Unanimous LP/P-directed,without_addAF_AlphaMissense_f3
NC_000017.11:7676055:C:T,TP53,1,0.9714832639828135,1.0,0.8964420009069685,1.0,0.9959730207728257,1.0,0.9899182420583392,1.0,4.0,1111,0.9634541319302368,0.9766043685458319,25,25,1,Unanimous LP/P-directed,without_addAF_AlphaMissense_f3
NC_000017.11:43045712:A:G,BRCA1,1,0.8800689044199287,1.0,0.7719386670667827,1.0,0.8176863440463075,1.0,0.916644879825854,1.0,4.0,1111,0.8465846988397183,0.8760840664619977,24,25,1,Unanimous LP/P-directed,without_addAF_AlphaMissense_f3
NC_000017.11:43045753:A:G,BRCA1,1,0.9830506456064286,1.0,0.9591980043997071,1.0,0.9857560484219926,1.0,0.9968591272283116,1.0,4.0,1111,0.98121595641411,0.9890992441562776,25,25,1,Unanimous LP/P-directed,without_addAF_AlphaMissense_f3
NC_000017.11:43045758:C:A,BRCA1,1,0.9958665868273668,1.0,0.9832947567567684,1.0,0.9987288717967047,1.0,0.9866576230541118,1.0,4.0,1111,0.9911369596087378,0.9953776422786623,25,25,1,Unanimous LP/P-directed,without_addAF_AlphaMissense_f3
NC_000017.11:43045760:A:C,BRCA1,1,0.9974845427447853,1.0,0.9890375317432762,1.0,0.9964325498969004,1.0,0.9844057316216943,1.0,4.0,1111,0.9918400890016641,0.9957933461887823,25,25,1,Unanimous LP/P-directed,without_addAF_AlphaMissense_f3
NC_000017.11:43045793:G:A,BRCA1,1,,,,,,,,,,,,,12,25,0,,without_addAF_AlphaMissense_f3
NC_000017.11:43047677:T:C,BRCA1,1,0.5138291655562774,1.0,0.39924063094692824,0.0,0.5056162005749477,1.0,0.6772096057598997,1.0,3.0,1011,0.5239739007095132,0.5313241674813991,24,25,1,Mixed votes,without_addAF_AlphaMissense_f3
NC_000017.11:43047701:C:G,BRCA1,1,0.13151746654638902,0.0,0.048313129597263006,0.0,0.08729953733998602,0.0,0.3738469838678081,0.0,0.0,0000,0.16024427933786153,0.13421163220125137,24,25,1,Unanimous B/LB-directed,without_addAF_AlphaMissense_f3
NC_000017.11:43049160:G:T,BRCA1,1,0.9938920232717305,1.0,0.9604788007796827,1.0,0.9999999211379602,1.0,0.9932427226951643,1.0,4.0,1111,0.9869033669711345,0.9927825929802,24,25,1,Unanimous LP/P-directed,without_addAF_AlphaMissense_f3
NC_000017.11:43049163:CCACA:TCACT,BRCA1,1,,,,,,,,,,,,,0,25,0,,without_addAF_AlphaMissense_f3
NC_000017.11:43049163:C:G,BRCA1,1,0.9889435313986408,1.0,0.9384659073849407,1.0,0.9908372825915136,1.0,0.9843903592883889,1.0,4.0,1111,0.9756592701658711,0.9853315394696094,24,25,1,Unanimous LP/P-directed,without_addAF_AlphaMissense_f3
NC_000017.11:43049164:C:A,BRCA1,1,0.9886848987415054,1.0,0.9675821893889119,1.0,0.9972133778493852,1.0,0.979141063932243,1.0,4.0,1111,0.9831553824780114,0.990377084280334,24,25,1,Unanimous LP/P-directed,without_addAF_AlphaMissense_f3
NC_000017.11:43049187:A:C,BRCA1,1,0.987090278596301,1.0,0.9816764893409905,1.0,0.9741931564974435,1.0,0.9858473625272793,1.0,4.0,1111,0.9822018217405036,0.989751423423551,24,25,1,Unanimous LP/P-directed,without_addAF_AlphaMissense_f3
NC_000017.11:43049187:A:T,BRCA1,1,0.994651056064816,1.0,0.9964198627241228,1.0,0.9404426992987547,1.0,0.9865602820497035,1.0,4.0,1111,0.9795184750343493,0.9879642533208971,24,25,1,Unanimous LP/P-directed,without_addAF_AlphaMissense_f3
NC_000017.11:43057076:C:G,BRCA1,1,0.9900310549378943,1.0,0.9769208240777099,1.0,0.9718306716104587,1.0,0.9650155042847596,1.0,4.0,1111,0.9759495137277056,0.9855319182361282,25,25,1,Unanimous LP/P-directed,without_addAF_AlphaMissense_f3
NC_000017.11:43057085:C:T,BRCA1,1,0.9976828476395518,1.0,0.9894541484175511,1.0,0.9994273153746445,1.0,0.9847082743345918,1.0,4.0,1111,0.9928181464415848,0.9963630149000667,25,25,1,Unanimous LP/P-directed,without_addAF_AlphaMissense_f3
NC_000017.11:43057113:C:G,BRCA1,1,0.9888776495352491,1.0,0.9668245459347959,1.0,0.9930917423376758,1.0,0.9775491443243937,1.0,4.0,1111,0.9815857705330286,0.9893445072450133,24,25,1,Unanimous LP/P-directed,without_addAF_AlphaMissense_f3
NC_000017.11:43063894:T:C,BRCA1,1,0.6305723797596889,1.0,0.5146176586711125,0.0,0.426634962338922,1.0,0.1810364031035167,0.0,2.0,1010,0.4382153509683101,0.4339996414174523,25,25,1,Mixed votes,without_addAF_AlphaMissense_f3
NC_000017.11:43063935:C:T,BRCA1,1,0.978433774052268,1.0,0.9501008605963308,1.0,0.9989502963046963,1.0,0.9938579449087568,1.0,4.0,1111,0.980335718965513,0.9885125460285198,25,25,1,Unanimous LP/P-directed,without_addAF_AlphaMissense_f3
NC_000017.11:43063942:A:C,BRCA1,1,0.0601359491855027,0.0,0.35626179503671435,0.0,0.13403976873792708,0.0,0.08691225067649977,0.0,0.0,0000,0.15933744090916097,0.13332298320534022,25,25,1,Unanimous B/LB-directed,without_addAF_AlphaMissense_f3
NC_000017.11:43063950:T:G,BRCA1,1,0.930543161044467,1.0,0.9208192243163587,1.0,0.9810374435943354,1.0,0.9896778004389827,1.0,4.0,1111,0.9555194073485359,0.9706607362330402,24,25,1,Unanimous LP/P-directed,without_addAF_AlphaMissense_f3
NC_000017.11:43067619:C:A,BRCA1,1,0.9832547268892212,1.0,0.9836413705681746,1.0,0.6460099841694128,1.0,0.8193846361963879,1.0,4.0,1111,0.8580726794557991,0.8869076371243658,25,25,1,Unanimous LP/P-directed,without_addAF_AlphaMissense_f3
NC_000017.11:43074330:C:T,BRCA1,1,0.9985687938020849,1.0,0.9995080079923512,1.0,0.9851795477509472,1.0,0.992334681775684,1.0,4.0,1111,0.9938977578302668,0.9969790291565197,24,25,1,Unanimous LP/P-directed,without_addAF_AlphaMissense_f3
NC_000017.11:43076487:C:T,BRCA1,1,0.7697582140766293,1.0,0.8687207513199776,1.0,0.8574983343770701,1.0,0.9517954398386205,1.0,4.0,1111,0.8619431849030743,0.8905176969902937,24,25,1,Unanimous LP/P-directed,without_addAF_AlphaMissense_f3
NC_000017.11:43082536:C:G,BRCA1,1,0.09137036548219539,0.0,0.23636766675472354,0.0,0.15676764529295706,0.0,0.39040181261917617,0.0,0.0,0000,0.21872687253726303,0.19325375448582532,24,25,1,Unanimous B/LB-directed,without_addAF_AlphaMissense_f3
NC_000017.11:43104259:A:C,BRCA1,1,,,,,,,,,,,,,12,25,0,,without_addAF_AlphaMissense_f3
NC_000017.11:43104881:T:G,BRCA1,1,0.9544444377607754,1.0,0.9030798030137679,1.0,0.8856021979948187,1.0,0.908882504999246,1.0,4.0,1111,0.913002235942152,0.9361774490867215,24,25,1,Unanimous LP/P-directed,without_addAF_AlphaMissense_f3
NC_000017.11:43106476:C:G,BRCA1,1,0.9903546476335106,1.0,0.94789309838807,1.0,0.9999999211379602,1.0,0.996124128830219,1.0,4.0,1111,0.9835929489974399,0.9906624305051902,25,25,1,Unanimous LP/P-directed,without_addAF_AlphaMissense_f3
NC_000017.11:43106527:C:T,BRCA1,1,0.993769761125959,1.0,0.9801403859945712,1.0,0.9999999211379602,1.0,0.9928233423175873,1.0,4.0,1111,0.9916833526440194,0.995701110577304,25,25,1,Unanimous LP/P-directed,without_addAF_AlphaMissense_f3
NC_000017.11:43106528:A:G,BRCA1,1,0.9970028381296417,1.0,0.9822101166002531,1.0,0.9995386461980773,1.0,0.9940604666268411,1.0,4.0,1111,0.9932030168887034,0.9965842408823773,25,25,1,Unanimous LP/P-directed,without_addAF_AlphaMissense_f3
NC_000017.11:43106528:A:T,BRCA1,1,0.9930260207515347,1.0,0.990848786289538,1.0,0.9989502963046966,1.0,0.9948734248067961,1.0,4.0,1111,0.9944246320381414,0.9972742415627409,25,25,1,Unanimous LP/P-directed,without_addAF_AlphaMissense_f3
NC_000017.11:43115737:T:C,BRCA1,1,0.9817265050704347,1.0,0.9639864805733506,1.0,0.9999999211379602,1.0,0.9951608597435244,1.0,4.0,1111,0.9852184416313174,0.9917123096857815,25,25,1,Unanimous LP/P-directed,without_addAF_AlphaMissense_f3
NC_000017.11:43115738:G:T,BRCA1,1,0.969907575898603,1.0,0.9410582331051992,1.0,0.9943809921798078,1.0,0.9730360133592973,1.0,4.0,1111,0.9695957036357268,0.9810653584607686,25,25,1,Unanimous LP/P-directed,without_addAF_AlphaMissense_f3
NC_000017.11:43115743:C:A,BRCA1,1,0.9803583476343939,1.0,0.9695191659508312,1.0,0.9999999211379602,1.0,0.9935677138081298,1.0,4.0,1111,0.9858612871328287,0.9921229003543667,25,25,1,Unanimous LP/P-directed,without_addAF_AlphaMissense_f3
NC_000017.11:43124024:A:C,BRCA1,1,0.9979957521849373,1.0,0.9886445189254243,1.0,0.9989502963046963,1.0,0.9847271236636449,1.0,4.0,1111,0.9925794227696758,0.9962249375594471,25,25,1,Unanimous LP/P-directed,without_addAF_AlphaMissense_f3
NC_000017.11:43124093:C:A,BRCA1,1,0.9882597304656832,1.0,0.9631725875295873,1.0,0.9905258715258262,1.0,0.9800146513276666,1.0,4.0,1111,0.9804932102121908,0.9886178150695586,22,25,1,Unanimous LP/P-directed,without_addAF_AlphaMissense_f3
NC_000017.11:43124093:C:T,BRCA1,1,0.990429620778835,1.0,0.9836225001718196,1.0,0.9922805508675445,1.0,0.9829858490156875,1.0,4.0,1111,0.9873296302084718,0.9930502534141835,22,25,1,Unanimous LP/P-directed,without_addAF_AlphaMissense_f3
NC_000017.11:58696858:G:A,RAD51C,1,0.042064768187650675,0.0,0.04386383881020911,0.0,0.09431247154892959,0.0,0.03734262415509953,0.0,0.0,0000,0.05439592567547223,0.03820894029346484,24,25,1,Unanimous B/LB-directed,without_addAF_AlphaMissense_f3
NC_000017.11:61808633:G:A,BRIP1,1,0.9960827917041417,1.0,0.9795733142231631,1.0,0.9990736527072274,1.0,0.9894011483586205,1.0,4.0,1111,0.9910327267482881,0.9953156037569842,25,25,1,Unanimous LP/P-directed,without_addAF_AlphaMissense_f3
NC_000017.11:61808657:T:C,BRIP1,1,0.7210531163482129,1.0,0.9868715824284423,1.0,0.6266961711252921,1.0,0.6623615590200189,1.0,4.0,1111,0.7492456072304915,0.7789082776530591,24,25,1,Unanimous LP/P-directed,without_addAF_AlphaMissense_f3
NC_000019.10:1219342:T:C,STK11,1,0.9973470427317719,1.0,0.9988316735433755,1.0,0.9770389450343197,1.0,0.9799468185171912,1.0,4.0,1111,0.9882911199566646,0.9936490952547717,25,25,1,Unanimous LP/P-directed,without_addAF_AlphaMissense_f3
NC_000019.10:1219367:T:C,STK11,1,0.9967464909002,1.0,0.9976551513857146,1.0,0.9978207095919833,1.0,0.9903220579601769,1.0,4.0,1111,0.9956361024595187,0.9979376207314004,25,25,1,Unanimous LP/P-directed,without_addAF_AlphaMissense_f3
NC_000019.10:1220394:G:C,STK11,1,0.9965180787455375,1.0,0.994052534870415,1.0,0.9984680862180956,1.0,0.9836630587021774,1.0,4.0,1111,0.9931754396340564,0.9965684473699877,25,25,1,Unanimous LP/P-directed,without_addAF_AlphaMissense_f3
NC_000019.10:1220699:G:T,STK11,1,0.9976324813043382,1.0,0.9963532348627631,1.0,0.9999999211379602,1.0,0.9839528528348268,1.0,4.0,1111,0.994484622534972,0.997307612130926,25,25,1,Unanimous LP/P-directed,without_addAF_AlphaMissense_f3
NC_000009.12:95135484:G:A,FANCC,1,0.8754277251322269,1.0,0.6734655009894472,0.0,0.16644522712544102,0.0,0.20824583971117985,0.0,1.0,1000,0.4808960732395738,0.4824297173329758,25,25,1,Mixed votes,without_addAF_AlphaMissense_f3
NC_000002.12:214780739:C:G,BARD1,0,0.040037770049070345,0.0,3.8662543149538214e-05,0.0,0.002574395251799267,0.0,0.0056104960244232754,0.0,0.0,0000,0.012065330967110608,0.006791047373063962,23,25,1,Unanimous B/LB-directed,without_addAF_AlphaMissense_f3
NC_000002.12:214781253:T:C,BARD1,0,0.006778336158544264,0.0,6.786433799794899e-05,0.0,0.009893315235650927,0.0,0.004986977434842971,0.0,0.0,0000,0.0054316232917590275,0.0027343898407200477,24,25,1,Unanimous B/LB-directed,without_addAF_AlphaMissense_f3
NC_000008.11:89953398:C:T,NBN,0,0.008896585029321284,0.0,0.0006541290630644129,0.0,0.011562907092511364,0.0,0.014233629639801534,0.0,0.0,0000,0.00883681270617465,0.004760548417882222,24,25,1,Unanimous B/LB-directed,without_addAF_AlphaMissense_f3
NC_000008.11:89953599:T:C,NBN,0,0.05640242799365749,0.0,0.00011245245279259477,0.0,0.009982400597998832,0.0,0.01869680604831039,0.0,0.0,0000,0.021298521773189825,0.013003922655237954,24,25,1,Unanimous B/LB-directed,without_addAF_AlphaMissense_f3
NC_000008.11:89970462:G:A,NBN,0,9.686902662841242e-05,0.0,4.62892673228483e-05,0.0,0.018391798565375102,0.0,0.013752269217998256,0.0,0.0,0000,0.008071806519331155,0.004293683608917416,24,25,1,Unanimous B/LB-directed,without_addAF_AlphaMissense_f3
NC_000009.12:95107204:T:C,FANCC,0,0.015486101151999972,0.0,3.35955897740844e-05,0.0,7.791747389342708e-08,0.0,0.021272316746375294,0.0,0.0,0000,0.00919802285140581,0.0049830421271889165,25,25,1,Unanimous B/LB-directed,without_addAF_AlphaMissense_f3
NC_000010.11:87863565:G:A,PTEN,0,,,,,,,,,,,,,2,25,0,,without_addAF_AlphaMissense_f3
NC_000010.11:87864317:A:G,PTEN,0,,,,,,,,,,,,,2,25,0,,without_addAF_AlphaMissense_f3
NC_000010.11:87931070:G:A,PTEN,0,0.022446543317076406,0.0,0.8593933283704891,1.0,0.25088313020562464,0.0,0.17587701783519127,0.0,1.0,0100,0.32715000493209534,0.3095427919276047,25,25,1,Mixed votes,without_addAF_AlphaMissense_f3
NC_000011.10:108235715:T:A,ATM,0,0.013210378331469352,0.0,2.6415189100617283e-05,0.0,0.0017785005625344827,0.0,0.008207799391076805,0.0,0.0,0000,0.005805773368545314,0.002949852145833316,24,25,1,Unanimous B/LB-directed,without_addAF_AlphaMissense_f3
NC_000011.10:108257591:A:C,ATM,0,0.0034059177312748606,0.0,0.00035776588211495455,0.0,0.0036375382990932632,0.0,0.004544097522525682,0.0,0.0,0000,0.0029863298587521903,0.0013844104154074408,25,25,1,Unanimous B/LB-directed,without_addAF_AlphaMissense_f3
NC_000011.10:108259050:C:A,ATM,0,0.0008533104134271419,0.0,1.1814259825416117e-05,0.0,0.009715557473585176,0.0,0.009400215230109428,0.0,0.0,0000,0.0049952243442367905,0.0024857187656493252,25,25,1,Unanimous B/LB-directed,without_addAF_AlphaMissense_f3
NC_000011.10:108272728:C:G,ATM,0,2.1384970017957845e-05,0.0,4.677890177323059e-05,0.0,0.029285285235529913,0.0,0.019993941801932494,0.0,0.0,0000,0.012336847727313398,0.0069657784639873405,24,25,1,Unanimous B/LB-directed,without_addAF_AlphaMissense_f3
NC_000011.10:108284404:G:A,ATM,0,0.000328231295783567,0.0,1.3873404822932648e-05,0.0,0.0075426145182010094,0.0,0.002748977735527216,0.0,0.0,0000,0.002658424238583681,0.0012128955496038718,25,25,1,Unanimous B/LB-directed,without_addAF_AlphaMissense_f3
NC_000011.10:108289622:C:T,ATM,0,0.0009050150959260885,0.0,5.4804211873915614e-05,0.0,0.002897868285307637,0.0,0.004767346150541056,0.0,0.0,0000,0.0021562584359121743,0.0009559843639857014,24,25,1,Unanimous B/LB-directed,without_addAF_AlphaMissense_f3
NC_000011.10:108304734:G:A,ATM,0,0.011054950259303215,0.0,0.0005240087811649755,0.0,0.03551155986892982,0.0,0.010988642628888837,0.0,0.0,0000,0.014519790384571712,0.00839025293604353,24,25,1,Unanimous B/LB-directed,without_addAF_AlphaMissense_f3
NC_000011.10:108315903:A:G,ATM,0,0.0120396815743876,0.0,5.236055850732515e-05,0.0,0.0016783627183332727,0.0,0.005748861330900243,0.0,0.0,0000,0.00487981654553211,0.0024204550487540834,25,25,1,Unanimous B/LB-directed,without_addAF_AlphaMissense_f3
NC_000013.11:32332420:T:A,BRCA2,0,0.009938987755329259,0.0,4.6714778205832335e-05,0.0,7.791747389342708e-08,0.0,0.005099179852217609,0.0,0.0,0000,0.0037712400758066486,0.0018052635410608392,22,25,1,Unanimous B/LB-directed,without_addAF_AlphaMissense_f3
NC_000013.11:32332455:C:A,BRCA2,0,0.01575870314171937,0.0,9.721468693454013e-05,0.0,7.791747389342708e-08,0.0,0.004640727586355404,0.0,0.0,0000,0.005124180833120802,0.0025588951325052596,22,25,1,Unanimous B/LB-directed,without_addAF_AlphaMissense_f3
NC_000013.11:32332862:A:G,BRCA2,0,0.018475399940239005,0.0,0.0018139348293170641,0.0,0.00045583048023181466,0.0,0.009557307855674758,0.0,0.0,0000,0.00757561827636566,0.003994204274080724,22,25,1,Unanimous B/LB-directed,without_addAF_AlphaMissense_f3
NC_000013.11:32332991:T:C,BRCA2,0,0.0072041656739297456,0.0,3.1492020401970135e-05,0.0,0.0010371439650940133,0.0,0.004544153191389007,0.0,0.0,0000,0.003204238712703684,0.0014998628188957345,22,25,1,Unanimous B/LB-directed,without_addAF_AlphaMissense_f3
NC_000013.11:32333139:T:G,BRCA2,0,0.06108339039820899,0.0,0.0417318786270597,0.0,0.015171307974594088,0.0,0.023378493480119927,0.0,0.0,0000,0.035341267619995675,0.02324797468589455,22,25,1,Unanimous B/LB-directed,without_addAF_AlphaMissense_f3
NC_000013.11:32333263:G:C,BRCA2,0,0.007505247428136511,0.0,0.004140015848417751,0.0,0.0032642821479003962,0.0,0.007666386970410466,0.0,0.0,0000,0.005643983098716282,0.002856433786271872,22,25,1,Unanimous B/LB-directed,without_addAF_AlphaMissense_f3
NC_000013.11:32333287:A:G,BRCA2,0,0.006535973282703086,0.0,0.004157634002750775,0.0,0.001351646045014665,0.0,0.006781868485591526,0.0,0.0,0000,0.004706780454015013,0.0023230088759366705,22,25,1,Unanimous B/LB-directed,without_addAF_AlphaMissense_f3
NC_000013.11:32337409:C:G,BRCA2,0,0.011258149060590385,0.0,0.0033760790222075172,0.0,0.002362302560064985,0.0,0.0035826291945284332,0.0,0.0,0000,0.00514478995934783,0.0025706139595635343,22,25,1,Unanimous B/LB-directed,without_addAF_AlphaMissense_f3
NC_000013.11:32337799:A:G,BRCA2,0,0.014247589545522245,0.0,0.0009193829765187119,0.0,0.008184588672784899,0.0,0.00632542223598359,0.0,0.0,0000,0.007419245857702362,0.0039003942748063168,22,25,1,Unanimous B/LB-directed,without_addAF_AlphaMissense_f3
NC_000013.11:32337869:C:T,BRCA2,0,0.001636079080323893,0.0,3.957208080309639e-05,0.0,7.791747389342708e-08,0.0,0.0034630905812459336,0.0,0.0,0000,0.001284704914961704,0.0005307043880987112,22,25,1,Unanimous B/LB-directed,without_addAF_AlphaMissense_f3
NC_000013.11:32338448:G:A,BRCA2,0,0.027802104098252647,0.0,0.0005316401618219491,0.0,7.791747389342708e-08,0.0,0.005592211177875653,0.0,0.0,0000,0.008481508338856036,0.004542962496243053,22,25,1,Unanimous B/LB-directed,without_addAF_AlphaMissense_f3
NC_000013.11:32339133:A:C,BRCA2,0,0.0054117745606338166,0.0,9.098907620668662e-05,0.0,0.0025388430158478407,0.0,0.012053609662943348,0.0,0.0,0000,0.005023804078907923,0.0025019136878137466,22,25,1,Unanimous B/LB-directed,without_addAF_AlphaMissense_f3
NC_000013.11:32339552:C:T,BRCA2,0,0.01719934882645411,0.0,0.0028561545761700883,0.0,0.0035999184440070535,0.0,0.005962589244499175,0.0,0.0,0000,0.0074045027727826064,0.003891564125524098,22,25,1,Unanimous B/LB-directed,without_addAF_AlphaMissense_f3
NC_000013.11:32340122:A:C,BRCA2,0,0.005283658434351601,0.0,0.0004708640355496238,0.0,7.791747389342708e-08,0.0,0.006995603359539933,0.0,0.0,0000,0.0031875509367287626,0.0014909817487024476,22,25,1,Unanimous B/LB-directed,without_addAF_AlphaMissense_f3
NC_000013.11:32340454:C:T,BRCA2,0,0.026097114812550518,0.0,0.00032729975151790777,0.0,0.002432671566940491,0.0,0.01050902732930611,0.0,0.0,0000,0.009841528365078758,0.005382518606230739,22,25,1,Unanimous B/LB-directed,without_addAF_AlphaMissense_f3
NC_000013.11:32340574:C:A,BRCA2,0,0.005948528399896577,0.0,0.0014167261861840336,0.0,0.00032411685859713544,0.0,0.004907961846282127,0.0,0.0,0000,0.0031493333227399683,0.001470667070166346,22,25,1,Unanimous B/LB-directed,without_addAF_AlphaMissense_f3
NC_000013.11:32340676:C:T,BRCA2,0,0.03364720489005798,0.0,0.0007321523394871823,0.0,0.0006506465340620315,0.0,0.008599219844782227,0.0,0.0,0000,0.010907305902097354,0.006052377380782566,22,25,1,Unanimous B/LB-directed,without_addAF_AlphaMissense_f3
NC_000013.11:32340692:A:G,BRCA2,0,0.026128130433582256,0.0,0.00011499558994941773,0.0,7.791747389342708e-08,0.0,0.004577521556652133,0.0,0.0,0000,0.007705181374414425,0.004072140652014532,22,25,1,Unanimous B/LB-directed,without_addAF_AlphaMissense_f3
NC_000013.11:32344568:A:G,BRCA2,0,0.00010961951066731035,0.0,2.3214760901908475e-05,0.0,0.00801253101403376,0.0,0.005024534789801028,0.0,0.0,0000,0.003292475018851002,0.0015469274574302575,22,25,1,Unanimous B/LB-directed,without_addAF_AlphaMissense_f3
NC_000013.11:32355002:C:A,BRCA2,0,0.03578473860651692,0.0,0.002166371750081766,0.0,0.0002487984223865887,0.0,0.006666016869417643,0.0,0.0,0000,0.01121648141210073,0.006248524068852878,22,25,1,Unanimous B/LB-directed,without_addAF_AlphaMissense_f3
NC_000013.11:32355084:A:C,BRCA2,0,0.002397163056959938,0.0,0.0320630221321593,0.0,0.051697650962115364,0.0,0.007154520497089344,0.0,0.0,0000,0.023328089162080984,0.014432830871134545,22,25,1,Unanimous B/LB-directed,without_addAF_AlphaMissense_f3
NC_000013.11:32356535:C:T,BRCA2,0,0.0009407203174417884,0.0,0.0014452603373337333,0.0,0.01579503043056314,0.0,0.008079981658397732,0.0,0.0,0000,0.006565248185934098,0.003393165832826979,22,25,1,Unanimous B/LB-directed,without_addAF_AlphaMissense_f3
NC_000013.11:32380123:G:A,BRCA2,0,0.030940988665319753,0.0,0.002083708672302823,0.0,0.01016098062580792,0.0,0.014631327048519084,0.0,0.0,0000,0.014454251252987394,0.008346999663111235,22,25,1,Unanimous B/LB-directed,without_addAF_AlphaMissense_f3
NC_000013.11:32394723:T:C,BRCA2,0,0.017925480532077574,0.0,0.025091033253489468,0.0,0.005150839003212693,0.0,0.010132437679986867,0.0,0.0,0000,0.01457494761719165,0.008426676894935228,22,25,1,Unanimous B/LB-directed,without_addAF_AlphaMissense_f3
NC_000015.10:90751879:C:T,BLM,0,0.011748456970574377,0.0,0.0029106638036112574,0.0,7.791747389342708e-08,0.0,0.007880917004545736,0.0,0.0,0000,0.005635028924051316,0.0028512745345165326,25,25,1,Unanimous B/LB-directed,without_addAF_AlphaMissense_f3
NC_000015.10:90794274:C:A,BLM,0,0.000899486245851738,0.0,0.007481755003585706,0.0,0.04056127548556857,0.0,0.02934942720651572,0.0,0.0,0000,0.019572985985380435,0.011805156560486677,25,25,1,Unanimous B/LB-directed,without_addAF_AlphaMissense_f3
NC_000015.10:90804220:G:A,BLM,0,0.004261198284933337,0.0,0.00034345869071388853,0.0,0.008227699635149409,0.0,0.0035169514475735094,0.0,0.0,0000,0.004087327014592536,0.001978383625578577,25,25,1,Unanimous B/LB-directed,without_addAF_AlphaMissense_f3
NC_000016.10:23622971:C:T,PALB2,0,0.00035825427693035274,0.0,8.308565877381078e-05,0.0,0.027067439347805332,0.0,0.017785711383060683,0.0,0.0,0000,0.011323622666642545,0.006316681014226382,24,25,1,Unanimous B/LB-directed,without_addAF_AlphaMissense_f3
NC_000016.10:23630126:A:G,PALB2,0,0.014372588310566635,0.0,4.517640632095931e-06,0.0,7.791747389342708e-08,0.0,0.007509601212654703,0.0,0.0,0000,0.005471696270331832,0.002757369270240142,25,25,1,Unanimous B/LB-directed,without_addAF_AlphaMissense_f3
NC_000016.10:23635620:T:C,PALB2,0,0.026643728007367067,0.0,4.517640632095931e-06,0.0,0.0002487984223865887,0.0,0.013473396262206205,0.0,0.0,0000,0.010092610083147989,0.005539424136409813,25,25,1,Unanimous B/LB-directed,without_addAF_AlphaMissense_f3
NC_000016.10:68737422:C:G,CDH1,0,0.003216948702884691,0.0,0.0007361619695983132,0.0,0.00297057890972383,0.0,0.009154905687817173,0.0,0.0,0000,0.004019648817506002,0.001941153945806588,24,25,1,Unanimous B/LB-directed,without_addAF_AlphaMissense_f3
NC_000016.10:68738335:C:A,CDH1,0,0.004335909545908965,0.0,0.005160200016957431,0.0,0.04713658403536916,0.0,0.009022158821697265,0.0,0.0,0000,0.016413713104983206,0.009652227736440292,24,25,1,Unanimous B/LB-directed,without_addAF_AlphaMissense_f3
NC_000016.10:68801719:G:A,CDH1,0,0.0023505551199000316,0.0,0.00608969510721011,0.0,0.022758558220704828,0.0,0.01281110016024943,0.0,0.0,0000,0.0110024771520161,0.0061126708741021645,24,25,1,Unanimous B/LB-directed,without_addAF_AlphaMissense_f3
NC_000016.10:68801774:G:A,CDH1,0,0.01234059985392776,0.0,0.0003633535927510568,0.0,0.00045583048023181466,0.0,0.005121559296877923,0.0,0.0,0000,0.004570335805947139,0.0022465219633308157,24,25,1,Unanimous B/LB-directed,without_addAF_AlphaMissense_f3
NC_000016.10:68822062:G:A,CDH1,0,0.0007048726480814542,0.0,0.00016280040542003034,0.0,0.03266211800762504,0.0,0.01779605286085998,0.0,0.0,0000,0.012831460980496628,0.007285519746895359,25,25,1,Unanimous B/LB-directed,without_addAF_AlphaMissense_f3
NC_000016.10:68823514:G:A,CDH1,0,0.0029396495486285856,0.0,0.04131918754875335,0.0,0.0849361467482647,0.0,0.016315087840065003,0.0,0.0,0000,0.03637751792142791,0.024033458627803973,25,25,1,Unanimous B/LB-directed,without_addAF_AlphaMissense_f3
NC_000016.10:68829700:A:T,CDH1,0,0.1358207516392618,0.0,0.3182800874583448,0.0,0.12484808872469369,0.0,0.11431412922431822,0.0,0.0,0000,0.17331576426165463,0.1471193710974377,25,25,1,Unanimous B/LB-directed,without_addAF_AlphaMissense_f3
NC_000016.10:68829770:G:A,CDH1,0,0.008250514808132957,0.0,0.04533016444669147,0.0,0.06344837590897076,0.0,0.03497956867194054,0.0,0.0,0000,0.038002155958933935,0.02527211208556587,25,25,1,Unanimous B/LB-directed,without_addAF_AlphaMissense_f3
NC_000016.10:68833299:C:T,CDH1,0,0.015017951481959403,0.0,0.07053221960627892,0.0,0.063170760208039,0.0,0.024140981654360856,0.0,0.0,0000,0.043215478237659546,0.029303057052492705,25,25,1,Unanimous B/LB-directed,without_addAF_AlphaMissense_f3
NC_000016.10:89739505:T:C,FANCA,0,0.02469097677241919,0.0,0.00043601637291859353,0.0,0.007627695093773389,0.0,0.007396495657853308,0.0,0.0,0000,0.01003779597424112,0.00550512119745738,24,25,1,Unanimous B/LB-directed,without_addAF_AlphaMissense_f3
NC_000016.10:89745046:C:T,FANCA,0,0.006238473932559996,0.0,4.830874176999672e-05,0.0,0.012206040378088794,0.0,0.013115301040326618,0.0,0.0,0000,0.00790203102318635,0.004190909520391001,25,25,1,Unanimous B/LB-directed,without_addAF_AlphaMissense_f3
NC_000016.10:89746684:G:C,FANCA,0,0.0007085027878849046,0.0,0.0002237109747671445,0.0,0.013275447371690945,0.0,0.008411764552936523,0.0,0.0,0000,0.005654856421819879,0.0028627003724056373,25,25,1,Unanimous B/LB-directed,without_addAF_AlphaMissense_f3
NC_000016.10:89748709:C:G,FANCA,0,0.2681788715445194,0.0,0.0034037047754368324,0.0,0.03987300633717009,0.0,0.025017235659726043,0.0,0.0,0000,0.0841182045792131,0.06329870636890889,24,25,1,Unanimous B/LB-directed,without_addAF_AlphaMissense_f3
NC_000016.10:89748743:G:A,FANCA,0,0.19530559499748895,0.0,0.00978957537226853,0.0,0.017110022351625002,0.0,0.027226857661698134,0.0,0.0,0000,0.06235801259577016,0.044743847716021155,24,25,1,Unanimous B/LB-directed,without_addAF_AlphaMissense_f3
NC_000016.10:89769914:C:T,FANCA,0,0.02660851497756522,0.0,0.008362319020781368,0.0,0.15777155056683062,0.0,0.05180354560920828,0.0,0.0,0000,0.06113648254359637,0.04373166164842887,24,25,1,Unanimous B/LB-directed,without_addAF_AlphaMissense_f3
NC_000016.10:89771677:C:A,FANCA,0,0.03684199420157683,0.0,0.37396508673056206,0.0,0.16353431472923677,0.0,0.05893129104004091,0.0,0.0,0000,0.15831817167535414,0.13232524501425155,24,25,1,Unanimous B/LB-directed,without_addAF_AlphaMissense_f3
NC_000016.10:89773356:G:C,FANCA,0,0.054177902862780125,0.0,0.00035267731573075005,0.0,0.01618398207088509,0.0,0.006224212841854384,0.0,0.0,0000,0.019234693772812585,0.011571960622085277,25,25,1,Unanimous B/LB-directed,without_addAF_AlphaMissense_f3
NC_000016.10:89810771:G:C,FANCA,0,0.4819648221341305,1.0,0.6083638483721295,0.0,0.15130195652558018,0.0,0.4000160100774398,0.0,1.0,1000,0.41041165927732004,0.40255637584726556,25,25,1,Mixed votes,without_addAF_AlphaMissense_f3
NC_000017.11:7669627:T:G,TP53,0,0.04911152352124115,0.0,0.20698664704727457,0.0,0.05632051315344164,0.0,0.03650791696960265,0.0,0.0,0000,0.08723165017289,0.06602801117047419,24,25,1,Unanimous B/LB-directed,without_addAF_AlphaMissense_f3
NC_000017.11:7670683:C:T,TP53,0,0.028466027879524854,0.0,0.008183487072075536,0.0,0.006576112220419496,0.0,0.0247408001637862,0.0,0.0,0000,0.016991606833951522,0.010041743593154977,25,25,1,Unanimous B/LB-directed,without_addAF_AlphaMissense_f3
NC_000017.11:7673244:A:G,TP53,0,,,,,,,,,,,,,2,25,0,,without_addAF_AlphaMissense_f3
NC_000017.11:7673742:C:A,TP53,0,0.17819724921501306,0.0,0.28140459154170994,0.0,0.239885672750765,0.0,0.21951610428113275,0.0,0.0,0000,0.2297509044471552,0.20472193207464642,25,25,1,Unanimous B/LB-directed,without_addAF_AlphaMissense_f3
NC_000017.11:7673751:G:A,TP53,0,0.004414012037644277,0.0,0.024640813135375687,0.0,0.3495617765936762,0.0,0.15248353012870425,0.0,0.0,0000,0.13277503297385013,0.10771697409773882,25,25,1,Unanimous B/LB-directed,without_addAF_AlphaMissense_f3
NC_000017.11:7673768:G:A,TP53,0,0.010170027940416377,0.0,0.05621829359325404,0.0,0.20817295444356526,0.0,0.07006649385451359,0.0,0.0,0000,0.08615694245793731,0.06508394410329998,25,25,1,Unanimous B/LB-directed,without_addAF_AlphaMissense_f3
NC_000017.11:7673772:G:A,TP53,0,0.6697943580271526,1.0,0.716015670366423,1.0,0.44646182338953594,1.0,0.5383080366720132,1.0,4.0,1111,0.5926449721137812,0.6087773284858125,25,25,1,Unanimous LP/P-directed,without_addAF_AlphaMissense_f3
NC_000017.11:7674183:G:T,TP53,0,0.027577400101858707,0.0,0.1056366743588543,0.0,0.22014893613926748,0.0,0.25038497467435317,0.0,0.0,0000,0.15093699631858343,0.12513489289049992,24,25,1,Unanimous B/LB-directed,without_addAF_AlphaMissense_f3
NC_000017.11:7674258:T:C,TP53,0,0.0031166339781162006,0.0,0.100844064355624,0.0,0.10999119106292801,0.0,0.046710281363410266,0.0,0.0,0000,0.06516554269001962,0.04708287968279973,25,25,1,Unanimous B/LB-directed,without_addAF_AlphaMissense_f3
NC_000017.11:7675053:A:T,TP53,0,0.041990891293275684,0.0,0.03156709589132886,0.0,0.09609043829587899,0.0,0.0765026709307229,0.0,0.0,0000,0.061537774102801604,0.0440638071642197,25,25,1,Unanimous B/LB-directed,without_addAF_AlphaMissense_f3
NC_000017.11:7675102:G:A,TP53,0,0.8318621128958673,1.0,0.7507045045199059,1.0,0.8531627973036691,1.0,0.9625274541354198,1.0,4.0,1111,0.8495642172137154,0.8789065364028051,25,25,1,Unanimous LP/P-directed,without_addAF_AlphaMissense_f3
NC_000017.11:7676039:C:T,TP53,0,0.00832789392737121,0.0,0.009097743308660302,0.0,0.005835869843996799,0.0,0.03561251389778873,0.0,0.0,0000,0.014718505244454262,0.008521572717069215,25,25,1,Unanimous B/LB-directed,without_addAF_AlphaMissense_f3
NC_000017.11:7676573:A:T,TP53,0,0.020895776416761096,0.0,0.0008521867340815972,0.0,0.0015463276507913404,0.0,0.00729687346392531,0.0,0.0,0000,0.0076477910663898365,0.004037595282600767,22,25,1,Unanimous B/LB-directed,without_addAF_AlphaMissense_f3
NC_000017.11:35103264:T:C,RAD51D,0,0.10630566096491627,0.0,0.002152147928949995,0.0,0.04368605311465013,0.0,0.03000231960508838,0.0,0.0,0000,0.0455365454034012,0.031123811209108922,23,25,1,Unanimous B/LB-directed,without_addAF_AlphaMissense_f3
NC_000017.11:35106467:C:T,RAD51D,0,0.03486325565226243,0.0,0.0007783781431464969,0.0,0.012067719022202735,0.0,0.02344515728367264,0.0,0.0,0000,0.017788627525321076,0.010582196353968489,23,25,1,Unanimous B/LB-directed,without_addAF_AlphaMissense_f3
NC_000017.11:43047653:T:C,BRCA1,0,0.01023700779337602,0.0,4.517640632095931e-06,0.0,0.00141607295765934,0.0,0.0077299028665588744,0.0,0.0,0000,0.004846875314556583,0.0024018661063215903,24,25,1,Unanimous B/LB-directed,without_addAF_AlphaMissense_f3
NC_000017.11:43057076:C:T,BRCA1,0,0.25886784498846993,0.0,0.3703628735801586,0.0,0.5074658178181742,1.0,0.3100292598931701,0.0,1.0,0010,0.3616814490699932,0.34784966418328855,25,25,1,Mixed votes,without_addAF_AlphaMissense_f3
NC_000017.11:43074405:C:T,BRCA1,0,0.014085126135381518,0.0,4.068574694518366e-05,0.0,0.0023272440067481468,0.0,0.0075879287685314935,0.0,0.0,0000,0.0060102461644015856,0.003068441270458322,25,25,1,Unanimous B/LB-directed,without_addAF_AlphaMissense_f3
NC_000017.11:43082547:T:C,BRCA1,0,0.010404809130459571,0.0,0.0014680040040248093,0.0,0.014360146802122793,0.0,0.011273155875609724,0.0,0.0,0000,0.009376528953054224,0.005093463922816437,25,25,1,Unanimous B/LB-directed,without_addAF_AlphaMissense_f3
NC_000017.11:43091491:T:C,BRCA1,0,0.0004932614340611876,0.0,5.637813064521837e-06,0.0,0.0019134321938564327,0.0,0.00338492203567569,0.0,0.0,0000,0.001449313369164458,0.0006086243401800983,25,25,1,Unanimous B/LB-directed,without_addAF_AlphaMissense_f3
NC_000017.11:43091822:A:C,BRCA1,0,0.015139966678501057,0.0,2.67569520901383e-05,0.0,0.00032411685859713544,0.0,0.0033673238461184207,0.0,0.0,0000,0.004714541083826688,0.0023273686953809315,25,25,1,Unanimous B/LB-directed,without_addAF_AlphaMissense_f3
NC_000017.11:43092067:C:G,BRCA1,0,0.0014227093717442151,0.0,0.006295866431684545,0.0,0.00801253101403376,0.0,0.0106218010573811,0.0,0.0,0000,0.006588226968710905,0.0034066967933080033,25,25,1,Unanimous B/LB-directed,without_addAF_AlphaMissense_f3
NC_000017.11:43092114:C:A,BRCA1,0,0.0023197454791414876,0.0,0.0009406221788544218,0.0,0.0018457684095855912,0.0,0.007877472509504003,0.0,0.0,0000,0.0032459021442713763,0.0015220636722712401,25,25,1,Unanimous B/LB-directed,without_addAF_AlphaMissense_f3
NC_000017.11:43092417:T:C,BRCA1,0,0.036211230209011964,0.0,0.0001714617287528986,0.0,0.016475424277717317,0.0,0.019669612848758296,0.0,0.0,0000,0.01813193226606012,0.010816116134141405,24,25,1,Unanimous B/LB-directed,without_addAF_AlphaMissense_f3
NC_000017.11:43092506:C:T,BRCA1,0,0.021900564890043953,0.0,4.517640632095931e-06,0.0,0.00045583048023181466,0.0,0.0040916203680971324,0.0,0.0,0000,0.006613133344751249,0.003421370367616113,25,25,1,Unanimous B/LB-directed,without_addAF_AlphaMissense_f3
NC_000017.11:43092855:A:G,BRCA1,0,0.043709513667968734,0.0,0.02267031161189641,0.0,0.010835428648139633,0.0,0.02989590341500552,0.0,0.0,0000,0.026777789335752575,0.016904878950723488,25,25,1,Unanimous B/LB-directed,without_addAF_AlphaMissense_f3
NC_000017.11:43092934:G:A,BRCA1,0,0.15576527952002864,0.0,0.41379685133029565,0.0,0.35243176801973425,0.0,0.22036325740622373,0.0,0.0,0000,0.28558928906907055,0.26413778712511715,25,25,1,Unanimous B/LB-directed,without_addAF_AlphaMissense_f3
NC_000017.11:43094043:C:T,BRCA1,0,0.04173829665319768,0.0,9.15255186827183e-06,0.0,0.010564755116099507,0.0,0.03160406168096719,0.0,0.0,0000,0.02097906650053316,0.012780843315093568,25,25,1,Unanimous B/LB-directed,without_addAF_AlphaMissense_f3
NC_000017.11:43094044:G:A,BRCA1,0,0.005668104834851744,0.0,0.00012115432865737655,0.0,0.0044806238375820285,0.0,0.007448891443565404,0.0,0.0,0000,0.004429693611164139,0.0021680162802016167,25,25,1,Unanimous B/LB-directed,without_addAF_AlphaMissense_f3
NC_000017.11:43094103:T:C,BRCA1,0,0.0011995228305393098,0.0,4.616346605465087e-05,0.0,0.002897868285307637,0.0,0.006181957530544348,0.0,0.0,0000,0.0025813780281114867,0.0011730062717719152,25,25,1,Unanimous B/LB-directed,without_addAF_AlphaMissense_f3
NC_000017.11:43094707:C:T,BRCA1,0,0.0005925670492939633,0.0,0.00042808871626520576,0.0,0.05032503909149179,0.0,0.015792277876237083,0.0,0.0,0000,0.016784493183322008,0.009901912931665919,25,25,1,Unanimous B/LB-directed,without_addAF_AlphaMissense_f3
NC_000017.11:43094719:C:T,BRCA1,0,0.0011671303133125508,0.0,0.001057688242773464,0.0,0.04292972167404429,0.0,0.024076288775992476,0.0,0.0,0000,0.017307707251530694,0.01025564520780654,25,25,1,Unanimous B/LB-directed,without_addAF_AlphaMissense_f3
NC_000017.11:43094814:T:C,BRCA1,0,0.005787706125563577,0.0,8.907492183261191e-05,0.0,0.007119661531476493,0.0,0.015199598236378058,0.0,0.0,0000,0.007049010203812685,0.003679415037822715,25,25,1,Unanimous B/LB-directed,without_addAF_AlphaMissense_f3
NC_000017.11:43104248:T:C,BRCA1,0,0.002701978408060854,0.0,0.01319278132677835,0.0,0.022280683181964297,0.0,0.005667833897250283,0.0,0.0,0000,0.010960819203513446,0.006086270114581145,25,25,1,Unanimous B/LB-directed,without_addAF_AlphaMissense_f3
NC_000017.11:43115726:T:G,BRCA1,0,0.10440931673869551,0.0,0.4059887396796105,0.0,0.1380722123143904,0.0,0.024319750523116773,0.0,0.0,0000,0.1681975048139533,0.1420436416738641,24,25,1,Unanimous B/LB-directed,without_addAF_AlphaMissense_f3
NC_000017.11:61847143:A:G,BRIP1,0,0.006317522108334624,0.0,0.00023256147383030184,0.0,0.0022225820898689836,0.0,0.004856935787559415,0.0,0.0,0000,0.0034074003648983313,0.0016084905628241007,25,25,1,Unanimous B/LB-directed,without_addAF_AlphaMissense_f3
NC_000022.11:28734467:G:A,CHEK2,0,0.001491550476510971,0.0,0.0003009606265198485,0.0,0.011334694325778607,0.0,0.005586995985781467,0.0,0.0,0000,0.004678550353647723,0.0023071580891936504,24,25,1,Unanimous B/LB-directed,without_addAF_AlphaMissense_f3
NC_000010.11:87864217:T:C,PTEN,0,,,,,,,,,,,,,2,25,0,,without_addAF_AlphaMissense_f3
NC_000011.10:108251896:A:C,ATM,0,0.004177574032382019,0.0,0.00016643633226809656,0.0,0.0054714337771149466,0.0,0.006026514492358856,0.0,0.0,0000,0.003960489658530979,0.0019086821346773212,25,25,1,Unanimous B/LB-directed,without_addAF_AlphaMissense_f3
NC_000011.10:108251974:C:G,ATM,0,0.0029929635264013604,0.0,0.0004992302327476115,0.0,0.007246114178285911,0.0,0.005577183462375888,0.0,0.0,0000,0.004078872849952692,0.001973728265677342,25,25,1,Unanimous B/LB-directed,without_addAF_AlphaMissense_f3
NC_000011.10:108252005:A:G,ATM,0,0.02731941008416171,0.0,0.00014350925749887923,0.0,0.0002487984223865887,0.0,0.005157490772078325,0.0,0.0,0000,0.008217302134031376,0.004382006293142793,25,25,1,Unanimous B/LB-directed,without_addAF_AlphaMissense_f3
NC_000011.10:108267300:T:G,ATM,0,0.01763665088010336,0.0,0.0001532220098220402,0.0,0.0018120843958775831,0.0,0.0054153048526562235,0.0,0.0,0000,0.006254315534614801,0.003210742476360514,25,25,1,Unanimous B/LB-directed,without_addAF_AlphaMissense_f3
NC_000011.10:108302999:A:G,ATM,0,0.0027004597170075828,0.0,6.970476076926975e-05,0.0,0.0007959057373877009,0.0,0.007929145867493518,0.0,0.0,0000,0.002873804020664518,0.0013252428324981023,25,25,1,Unanimous B/LB-directed,without_addAF_AlphaMissense_f3
NC_000011.10:108315882:G:C,ATM,0,0.8676768572682269,1.0,0.649772097007338,0.0,0.6872111417514499,1.0,0.7907008003635936,1.0,3.0,1011,0.7488402240976519,0.7784863185240527,25,25,1,Mixed votes,without_addAF_AlphaMissense_f3
NC_000013.11:32332273:T:C,BRCA2,0,0.013881030692282944,0.0,0.0006785520716479619,0.0,7.791747389342708e-08,0.0,0.003463545302216417,0.0,0.0,0000,0.004505801495905304,0.002210456629728999,22,25,1,Unanimous B/LB-directed,without_addAF_AlphaMissense_f3
NC_000013.11:32332794:T:A,BRCA2,0,0.012945057973349787,0.0,0.00018592852061301358,0.0,7.791747389342708e-08,0.0,0.007281694548926215,0.0,0.0,0000,0.005103189740090728,0.00254696591947609,22,25,1,Unanimous B/LB-directed,without_addAF_AlphaMissense_f3
NC_000013.11:32332973:A:G,BRCA2,0,0.00887806337806166,0.0,0.0012777496298024124,0.0,0.0006506465340620315,0.0,0.006054298018137115,0.0,0.0,0000,0.0042151893900158055,0.0020489548611255437,22,25,1,Unanimous B/LB-directed,without_addAF_AlphaMissense_f3
NC_000013.11:32332990:A:G,BRCA2,0,0.01576971823621835,0.0,0.00011361896476186895,0.0,0.00045583048023181466,0.0,0.014226126123530618,0.0,0.0,0000,0.007641323451185663,0.004033704496390313,22,25,1,Unanimous B/LB-directed,without_addAF_AlphaMissense_f3
NC_000013.11:32333224:T:A,BRCA2,0,0.01402050671779383,0.0,0.023001574791858548,0.0,0.0018457684095855912,0.0,0.0160956606433786,0.0,0.0,0000,0.013740877640654143,0.007878093907149407,22,25,1,Unanimous B/LB-directed,without_addAF_AlphaMissense_f3
NC_000013.11:32333329:G:C,BRCA2,0,0.015996101023319463,0.0,0.004309292157282607,0.0,0.002432671566940491,0.0,0.011078314141690242,0.0,0.0,0000,0.008454094722308202,0.00452622814213206,22,25,1,Unanimous B/LB-directed,without_addAF_AlphaMissense_f3
NC_000013.11:32333342:C:T,BRCA2,0,0.012256244384694736,0.0,0.002058011135514917,0.0,0.001513593138384351,0.0,0.01011174554892713,0.0,0.0,0000,0.006484898551880284,0.003345905185507404,22,25,1,Unanimous B/LB-directed,without_addAF_AlphaMissense_f3
NC_000013.11:32336292:C:A,BRCA2,0,0.02266889439788036,0.0,0.0007627974174766403,0.0,7.791747389342708e-08,0.0,0.00800823411110648,0.0,0.0,0000,0.007860000960984343,0.004165514919382424,22,25,1,Unanimous B/LB-directed,without_addAF_AlphaMissense_f3
NC_000013.11:32336473:G:T,BRCA2,0,0.0336849006386292,0.0,0.03168709367335892,0.0,0.0044806238375820285,0.0,0.007180013766914648,0.0,0.0,0000,0.0192581579791212,0.011588115470062783,22,25,1,Unanimous B/LB-directed,without_addAF_AlphaMissense_f3
NC_000013.11:32336603:A:G,BRCA2,0,0.026027504427870173,0.0,0.002391885964190618,0.0,7.791747389342708e-08,0.0,0.007166741456630013,0.0,0.0,0000,0.008896552441541174,0.004797257444160716,22,25,1,Unanimous B/LB-directed,without_addAF_AlphaMissense_f3
NC_000013.11:32337578:G:A,BRCA2,0,0.008872484670434338,0.0,0.0006356980341591104,0.0,7.791747389342708e-08,0.0,0.004599272646365414,0.0,0.0,0000,0.003526883317108189,0.0016728018758266946,22,25,1,Unanimous B/LB-directed,without_addAF_AlphaMissense_f3
NC_000013.11:32337757:T:C,BRCA2,0,0.03507752384380557,0.0,0.003045858950794332,0.0,0.002574395251799267,0.0,0.0046746476184656265,0.0,0.0,0000,0.011343106416216199,0.0063290855279346326,22,25,1,Unanimous B/LB-directed,without_addAF_AlphaMissense_f3
NC_000013.11:32337931:G:T,BRCA2,0,0.009335752452601286,0.0,0.0003253004778060344,0.0,7.791747389342708e-08,0.0,0.005663592241039135,0.0,0.0,0000,0.003831180772230087,0.0018379425314366427,22,25,1,Unanimous B/LB-directed,without_addAF_AlphaMissense_f3
NC_000013.11:32337950:A:G,BRCA2,0,0.013758829708739597,0.0,0.0043701139016422376,0.0,0.00032411685859713544,0.0,0.0073570288526214125,0.0,0.0,0000,0.006452522330400096,0.003326885284903891,22,25,1,Unanimous B/LB-directed,without_addAF_AlphaMissense_f3
NC_000013.11:32338298:G:A,BRCA2,0,0.014022823711623897,0.0,0.0005868890491775656,0.0,0.00045583048023181466,0.0,0.0031871528415757036,0.0,0.0,0000,0.004563174020652245,0.002242516024138357,22,25,1,Unanimous B/LB-directed,without_addAF_AlphaMissense_f3
NC_000013.11:32338484:A:T,BRCA2,0,0.03268625026151176,0.0,0.12656420540608754,0.0,0.026403564167321154,0.0,0.01355836561513164,0.0,0.0,0000,0.04980309636251302,0.034509998261330554,22,25,1,Unanimous B/LB-directed,without_addAF_AlphaMissense_f3
NC_000013.11:32338540:C:G,BRCA2,0,0.008886057323406452,0.0,0.00024083497715745176,0.0,0.0032642821479003962,0.0,0.0078038061407571515,0.0,0.0,0000,0.005048745147305363,0.0025160573151125844,22,25,1,Unanimous B/LB-directed,without_addAF_AlphaMissense_f3
NC_000013.11:32339404:A:T,BRCA2,0,0.029328438971215533,0.0,0.0052710431383439,0.0,0.004132254374944098,0.0,0.004098380827004168,0.0,0.0,0000,0.010707529327876924,0.005926062393984298,22,25,1,Unanimous B/LB-directed,without_addAF_AlphaMissense_f3
NC_000013.11:32339585:G:A,BRCA2,0,0.016570854826481088,0.0,0.0004195996396238262,0.0,0.00032411685859713544,0.0,0.0039171773989357065,0.0,0.0,0000,0.005307937180909439,0.0026636144856448892,22,25,1,Unanimous B/LB-directed,without_addAF_AlphaMissense_f3
NC_000013.11:32340085:G:C,BRCA2,0,0.021898416610988857,0.0,0.01812894350809988,0.0,0.003788651358453777,0.0,0.009363595525998969,0.0,0.0,0000,0.01329490175088537,0.00758675324559876,22,25,1,Unanimous B/LB-directed,without_addAF_AlphaMissense_f3
NC_000013.11:32340098:C:T,BRCA2,0,0.043752063885873264,0.0,0.0034448561013697455,0.0,7.791747389342708e-08,0.0,0.009082369497043276,0.0,0.0,0000,0.014069841850440046,0.008093890099597741,21,25,1,Unanimous B/LB-directed,without_addAF_AlphaMissense_f3
NC_000013.11:32340162:G:T,BRCA2,0,0.02048600521791987,0.0,0.0009516726526392965,0.0,0.010340101625121539,0.0,0.008045674731667538,0.0,0.0,0000,0.009955863556837061,0.0054538979516321725,22,25,1,Unanimous B/LB-directed,without_addAF_AlphaMissense_f3
NC_000013.11:32340372:T:A,BRCA2,0,0.007722979517816235,0.0,0.002746167872415212,0.0,0.0010371439650940133,0.0,0.0034831632920208394,0.0,0.0,0000,0.0037473636618365743,0.0017922664775000107,22,25,1,Unanimous B/LB-directed,without_addAF_AlphaMissense_f3
NC_000013.11:32340518:T:A,BRCA2,0,0.016162863037980365,0.0,0.06426912673760479,0.0,0.001161348076794021,0.0,0.0183830669073293,0.0,0.0,0000,0.02499410118992712,0.015620146736705223,22,25,1,Unanimous B/LB-directed,without_addAF_AlphaMissense_f3
NC_000013.11:32340644:C:A,BRCA2,0,0.020980569123713107,0.0,0.0042575475601728,0.0,7.791747389342708e-08,0.0,0.008055143415644653,0.0,0.0,0000,0.008323334504251113,0.004446514246256842,22,25,1,Unanimous B/LB-directed,without_addAF_AlphaMissense_f3
NC_000013.11:32340857:G:C,BRCA2,0,0.014312186407949614,0.0,0.03561803987406947,0.0,0.01994121451242935,0.0,0.011857536673676351,0.0,0.0,0000,0.020432244367031196,0.012400187703317167,22,25,1,Unanimous B/LB-directed,without_addAF_AlphaMissense_f3
NC_000013.11:32340886:C:T,BRCA2,0,0.02899482475905422,0.0,0.0014428687045242065,0.0,0.0025388430158478407,0.0,0.01325034750104434,0.0,0.0,0000,0.011556720995117653,0.006465287531599349,22,25,1,Unanimous B/LB-directed,without_addAF_AlphaMissense_f3
NC_000013.11:32341052:C:T,BRCA2,0,0.0038961290739233222,0.0,0.051813242540492355,0.0,0.03981005420027958,0.0,0.009169800661124106,0.0,0.0,0000,0.02617230661895484,0.016467242595189724,22,25,1,Unanimous B/LB-directed,without_addAF_AlphaMissense_f3
NC_000013.11:32341180:C:G,BRCA2,0,0.032666753047240184,0.0,0.0025181445310575607,0.0,7.791747389342708e-08,0.0,0.0054851347785327955,0.0,0.0,0000,0.010167527568576109,0.005586351397209158,22,25,1,Unanimous B/LB-directed,without_addAF_AlphaMissense_f3
NC_000013.11:32355188:A:G,BRCA2,0,0.039475000807640194,0.0,0.0019604036974766883,0.0,0.0010371439650940133,0.0,0.0038823712196421702,0.0,0.0,0000,0.011588729922463266,0.00648572836525968,22,25,1,Unanimous B/LB-directed,without_addAF_AlphaMissense_f3
NC_000013.11:32371019:C:T,BRCA2,0,0.09175983636120401,0.0,0.20960848450234085,0.0,0.1460702567267526,0.0,0.08317891786367597,0.0,0.0,0000,0.13265437386349335,0.1076026287138947,22,25,1,Unanimous B/LB-directed,without_addAF_AlphaMissense_f3
NC_000013.11:32371052:T:A,BRCA2,0,0.2345387802327776,0.0,0.5432302878345725,0.0,0.29691319802944954,0.0,0.18800869005217966,0.0,0.0,0000,0.3156727390372448,0.29691940249296817,22,25,1,Unanimous B/LB-directed,without_addAF_AlphaMissense_f3
NC_000013.11:32379325:A:G,BRCA2,0,0.0022406614648847146,0.0,0.029915032582258274,0.0,0.018960385291125058,0.0,0.008178746268808214,0.0,0.0,0000,0.014823706401769065,0.008591200688887805,22,25,1,Unanimous B/LB-directed,without_addAF_AlphaMissense_f3
NC_000013.11:32379391:A:T,BRCA2,0,0.0005030073358440497,0.0,0.00035583521800994195,0.0,0.006778346006273596,0.0,0.005409121761865562,0.0,0.0,0000,0.0032615775804982873,0.0015304267944221892,22,25,1,Unanimous B/LB-directed,without_addAF_AlphaMissense_f3
NC_000013.11:32379412:G:A,BRCA2,0,9.785313416170174e-06,0.0,3.7496174632222394e-05,0.0,0.006204143583731726,0.0,0.005780941934256703,0.0,0.0,0000,0.003008091751509205,0.001395889186865939,22,25,1,Unanimous B/LB-directed,without_addAF_AlphaMissense_f3
NC_000013.11:32379790:C:G,BRCA2,0,0.004951705703177752,0.0,0.033982808947337434,0.0,0.01550757669463741,0.0,0.010768764046189669,0.0,0.0,0000,0.016302713847835566,0.009577642533597764,22,25,1,Unanimous B/LB-directed,without_addAF_AlphaMissense_f3
NC_000013.11:32380063:A:G,BRCA2,0,0.07150751910476486,0.0,0.12387060704849188,0.0,0.018988895897759147,0.0,0.03283746114388921,0.0,0.0,0000,0.061801120798726274,0.04428197585610163,22,25,1,Unanimous B/LB-directed,without_addAF_AlphaMissense_f3
NC_000015.10:90815206:C:A,BLM,0,0.046520109507671194,0.0,0.006873815409926379,0.0,0.016329587738782996,0.0,0.013296549498565175,0.0,0.0,0000,0.02075501553873644,0.012624692318907893,23,25,1,Unanimous B/LB-directed,without_addAF_AlphaMissense_f3
NC_000016.10:23603613:T:C,PALB2,0,0.03749355206869874,0.0,0.006931528418490664,0.0,0.013792352401984172,0.0,0.009782782218105674,0.0,0.0,0000,0.017000053776819814,0.010047451876303624,23,25,1,Unanimous B/LB-directed,without_addAF_AlphaMissense_f3
NC_000016.10:23635207:A:C,PALB2,0,0.07377349403429326,0.0,4.38710924314634e-05,0.0,0.01888914246955048,0.0,0.0310681782720005,0.0,0.0,0000,0.030943671467068924,0.019956216785413698,24,25,1,Unanimous B/LB-directed,without_addAF_AlphaMissense_f3
NC_000016.10:23635241:A:G,PALB2,0,0.007167246500680909,0.0,8.493635582290308e-06,0.0,0.0002487984223865887,0.0,0.0029801740410728326,0.0,0.0,0000,0.002601178149930655,0.0011832419036624253,25,25,1,Unanimous B/LB-directed,without_addAF_AlphaMissense_f3
NC_000016.10:23635955:G:C,PALB2,0,0.02214014026373654,0.0,0.00018548976283580616,0.0,0.006659260356892148,0.0,0.009341357179063956,0.0,0.0,0000,0.009581561890632112,0.005220668570209661,23,25,1,Unanimous B/LB-directed,without_addAF_AlphaMissense_f3
NC_000016.10:68738339:G:T,CDH1,0,0.5563173635308243,1.0,0.4728474507291865,0.0,0.6242526494120124,1.0,0.4723019318017156,1.0,3.0,1011,0.5314298488684347,0.539772875293914,23,25,1,Mixed votes,without_addAF_AlphaMissense_f3
NC_000016.10:68738408:G:A,CDH1,0,0.006358179624462121,0.0,0.009112209271043352,0.0,0.001513593138384351,0.0,0.0030409213183388954,0.0,0.0,0000,0.00500622583805718,0.0024919513083196225,24,25,1,Unanimous B/LB-directed,without_addAF_AlphaMissense_f3
NC_000016.10:68808429:G:A,CDH1,0,0.00972330946411278,0.0,3.44214758231906e-05,0.0,0.001351646045014665,0.0,0.015269140715585175,0.0,0.0,0000,0.0065946294251339535,0.0034104680461957424,24,25,1,Unanimous B/LB-directed,without_addAF_AlphaMissense_f3
NC_000016.10:68810239:A:G,CDH1,0,0.8733093948482828,1.0,0.7121109276233449,1.0,0.41531999707678735,1.0,0.6014286974785962,1.0,4.0,1111,0.6505422542567527,0.6730629065951313,25,25,1,Unanimous LP/P-directed,without_addAF_AlphaMissense_f3
NC_000016.10:68810310:A:G,CDH1,0,0.07365953819973485,0.0,0.0003523209984010608,0.0,0.02171699156293568,0.0,0.014577139885624094,0.0,0.0,0000,0.02757649766167392,0.01748451876821044,24,25,1,Unanimous B/LB-directed,without_addAF_AlphaMissense_f3
NC_000016.10:68810328:G:A,CDH1,0,0.007961507686923481,0.0,0.012279610551977594,0.0,0.013056008719477333,0.0,0.005623789595726431,0.0,0.0,0000,0.00973022913852621,0.005313149443504023,25,25,1,Unanimous B/LB-directed,without_addAF_AlphaMissense_f3
NC_000016.10:68811716:C:T,CDH1,0,0.11793801379948674,0.0,0.20554357113921953,0.0,0.07666828358285838,0.0,0.028438084877613058,0.0,0.0,0000,0.10714698834979443,0.08387393766323761,25,25,1,Unanimous B/LB-directed,without_addAF_AlphaMissense_f3
NC_000016.10:68815593:C:G,CDH1,0,0.12424053251956055,0.0,0.001354838559173593,0.0,0.007246114178285911,0.0,0.017348402197540098,0.0,0.0,0000,0.03754747186364004,0.024924583565705254,24,25,1,Unanimous B/LB-directed,without_addAF_AlphaMissense_f3
NC_000016.10:68819343:A:T,CDH1,0,0.046987552279108044,0.0,0.013415071158125319,0.0,0.022280683181964276,0.0,0.030722620503282793,0.0,0.0,0000,0.028351481780620108,0.0180494375502472,24,25,1,Unanimous B/LB-directed,without_addAF_AlphaMissense_f3
NC_000016.10:89771738:A:G,FANCA,0,0.04522127885385107,0.0,2.8022173337793795e-05,0.0,0.0002487984223865887,0.0,0.010845183737077355,0.0,0.0,0000,0.0140858207966632,0.008104391143116407,25,25,1,Unanimous B/LB-directed,without_addAF_AlphaMissense_f3
NC_000016.10:89775752:T:A,FANCA,0,0.2623437652771397,0.0,0.023021807082547724,0.0,0.008573958705909166,0.0,0.005808656010324395,0.0,0.0,0000,0.07493704676898023,0.05535458320584681,25,25,1,Unanimous B/LB-directed,without_addAF_AlphaMissense_f3
NC_000016.10:89783071:CG:TA,FANCA,0,,,,,,,,,,,,,0,25,0,,without_addAF_AlphaMissense_f3
NC_000017.11:7669613:C:A,TP53,0,0.19129538543845656,0.0,0.34058311477596115,0.0,0.2164173328697176,0.0,0.06727154920275298,0.0,0.0,0000,0.2038918455717221,0.1779779481679659,23,25,1,Unanimous B/LB-directed,without_addAF_AlphaMissense_f3
NC_000017.11:7670685:G:C,TP53,0,0.011737721033573737,0.0,0.0043677065677276,0.0,0.028216365400039453,0.0,0.025427030168187842,0.0,0.0,0000,0.017437205792382157,0.010343444579277038,24,25,1,Unanimous B/LB-directed,without_addAF_AlphaMissense_f3
NC_000017.11:7673311:A:G,TP53,0,,,,,,,,,,,,,2,25,0,,without_addAF_AlphaMissense_f3
NC_000017.11:7673575:G:A,TP53,0,0.0027294261119374277,0.0,0.00021850350097756455,0.0,0.010071622635405642,0.0,0.01155504707084712,0.0,0.0,0000,0.006143649829791939,0.0031461211908568472,25,25,1,Unanimous B/LB-directed,without_addAF_AlphaMissense_f3
NC_000017.11:7673753:A:G,TP53,0,0.43148519034076815,1.0,0.5757045602982079,0.0,0.22826803798344789,0.0,0.23935236499684792,0.0,1.0,1000,0.368702538404818,0.35569083711466387,24,25,1,Mixed votes,without_addAF_AlphaMissense_f3
NC_000017.11:7674908:C:T,TP53,0,0.8272410145849958,1.0,0.6672904752131353,0.0,0.8786780322275126,1.0,0.9537838429198723,1.0,3.0,1011,0.831748341236379,0.8618773892803426,24,25,1,Mixed votes,without_addAF_AlphaMissense_f3
NC_000017.11:7675090:C:T,TP53,0,0.08797636014612722,0.0,0.05989516163252989,0.0,0.02773434249719101,0.0,0.019103777155137575,0.0,0.0,0000,0.04867741035774643,0.03361178153870883,25,25,1,Unanimous B/LB-directed,without_addAF_AlphaMissense_f3
NC_000017.11:7676118:C:T,TP53,0,0.0031881007542893,0.0,0.0008062116398930214,0.0,0.003902640130601716,0.0,0.0049245941035346765,0.0,0.0,0000,0.0032053866570796786,0.0015004739801163839,25,25,1,Unanimous B/LB-directed,without_addAF_AlphaMissense_f3
NC_000017.11:7676141:G:C,TP53,0,0.011303762986446019,0.0,0.0025467565759648672,0.0,0.0030801881186108123,0.0,0.002708361064670825,0.0,0.0,0000,0.00490976718642313,0.0024373716801586397,24,25,1,Unanimous B/LB-directed,without_addAF_AlphaMissense_f3
NC_000017.11:7676180:G:C,TP53,0,0.012899366642512853,0.0,0.011590932996181507,0.0,0.1264342149400888,0.0,0.06340263539555284,0.0,0.0,0000,0.053581787493584,0.03754934091534363,25,25,1,Unanimous B/LB-directed,without_addAF_AlphaMissense_f3
NC_000017.11:7676192:C:T,TP53,0,0.008821750227320258,0.0,4.527511507135049e-05,0.0,0.017159013606724054,0.0,0.014933066356730177,0.0,0.0,0000,0.01023977632646146,0.005631654371709008,25,25,1,Unanimous B/LB-directed,without_addAF_AlphaMissense_f3
NC_000017.11:7676566:C:G,TP53,0,0.04550758647598368,0.0,0.0013057060611293993,0.0,0.005431184447084138,0.0,0.010135999668106795,0.0,0.0,0000,0.015595119163076002,0.009103970440978867,22,25,1,Unanimous B/LB-directed,without_addAF_AlphaMissense_f3
NC_000017.11:43045777:G:A,BRCA1,0,0.0030641122473802013,0.0,0.019208577379136702,0.0,0.020597582485271868,0.0,0.025704460802470477,0.0,0.0,0000,0.017143683228564813,0.0101445785403748,24,25,1,Unanimous B/LB-directed,without_addAF_AlphaMissense_f3
NC_000017.11:43045798:A:T,BRCA1,0,0.7696614156480039,1.0,0.9127107875942878,1.0,0.5173114766538413,1.0,0.7498230763103692,1.0,4.0,1111,0.7373766890516256,0.7665041730993549,23,25,1,Unanimous LP/P-directed,without_addAF_AlphaMissense_f3
NC_000017.11:43047658:C:T,BRCA1,0,,,,,,,,,,,,,2,25,0,,without_addAF_AlphaMissense_f3
NC_000017.11:43047679:C:G,BRCA1,0,,,,,,,,,,,,,2,25,0,,without_addAF_AlphaMissense_f3
NC_000017.11:43047679:C:T,BRCA1,0,,,,,,,,,,,,,2,25,0,,without_addAF_AlphaMissense_f3
NC_000017.11:43047682:A:T,BRCA1,0,,,,,,,,,,,,,2,25,0,,without_addAF_AlphaMissense_f3
NC_000017.11:43047691:T:G,BRCA1,0,,,,,,,,,,,,,2,25,0,,without_addAF_AlphaMissense_f3
NC_000017.11:43047694:G:A,BRCA1,0,,,,,,,,,,,,,2,25,0,,without_addAF_AlphaMissense_f3
NC_000017.11:43047697:G:A,BRCA1,0,,,,,,,,,,,,,2,25,0,,without_addAF_AlphaMissense_f3
NC_000017.11:43063335:A:C,BRCA1,0,0.007371132396709673,0.0,0.07386907859579178,0.0,0.03507660826716782,0.0,0.02686065038794732,0.0,0.0,0000,0.03579436741190415,0.023590982357326557,24,25,1,Unanimous B/LB-directed,without_addAF_AlphaMissense_f3
NC_000017.11:43067631:T:C,BRCA1,0,0.2588930583763602,0.0,0.30598795740585455,0.0,0.3218969630823595,0.0,0.1179443394392549,0.0,0.0,0000,0.2511805795759573,0.22727724878676464,24,25,1,Unanimous B/LB-directed,without_addAF_AlphaMissense_f3
NC_000017.11:43067657:G:A,BRCA1,0,0.0009625754398233709,0.0,0.002836383345416703,0.0,0.008878902658709976,0.0,0.0064585042733457144,0.0,0.0,0000,0.004784091429323942,0.0023664859273140907,25,25,1,Unanimous B/LB-directed,without_addAF_AlphaMissense_f3
NC_000017.11:43067661:T:C,BRCA1,0,0.005449978452763345,0.0,0.000309148355609452,0.0,0.006286488740998441,0.0,0.009705457768375213,0.0,0.0,0000,0.0054377683294366125,0.002737912102613276,25,25,1,Unanimous B/LB-directed,without_addAF_AlphaMissense_f3
NC_000017.11:43067664:G:C,BRCA1,0,0.007956790857994106,0.0,0.07029579150273355,0.0,0.057509897063333676,0.0,0.04322295077998306,0.0,0.0,0000,0.0447463575510111,0.030502213567711538,24,25,1,Unanimous B/LB-directed,without_addAF_AlphaMissense_f3
NC_000017.11:43067691:G:A,BRCA1,0,0.09884618676964006,0.0,0.29365614766539816,0.0,0.03895884980533902,0.0,0.06353848028669236,0.0,0.0,0000,0.1237499161317674,0.09921679635632653,24,25,1,Unanimous B/LB-directed,without_addAF_AlphaMissense_f3
NC_000017.11:43070976:A:T,BRCA1,0,0.017572981311827864,0.0,0.005349672955949413,0.0,0.0344504077800975,0.0,0.008705996021990315,0.0,0.0,0000,0.016519764517466274,0.009723558403939635,24,25,1,Unanimous B/LB-directed,without_addAF_AlphaMissense_f3
NC_000017.11:43070986:T:A,BRCA1,0,0.04418501704561308,0.0,0.001162450892755595,0.0,0.009671204610685217,0.0,0.00859590873568243,0.0,0.0,0000,0.01590364532118408,0.009310117485513327,24,25,1,Unanimous B/LB-directed,without_addAF_AlphaMissense_f3
NC_000017.11:43071005:C:A,BRCA1,0,0.024364768096067923,0.0,0.007250753743946693,0.0,0.0061219808421894145,0.0,0.011818547799258764,0.0,0.0,0000,0.012389012620365698,0.006999413245619326,24,25,1,Unanimous B/LB-directed,without_addAF_AlphaMissense_f3
NC_000017.11:43071136:T:A,BRCA1,0,0.07068372915126563,0.0,0.0009178577588169841,0.0,0.10219350337882815,0.0,0.07949135482707476,0.0,0.0,0000,0.06332161127899638,0.04554467791185766,25,25,1,Unanimous B/LB-directed,without_addAF_AlphaMissense_f3
NC_000017.11:43071163:C:A,BRCA1,0,0.00530904482472261,0.0,0.0003796087011553963,0.0,0.0018457684095855912,0.0,0.006279315308799765,0.0,0.0,0000,0.0034534343110658406,0.0016332316348328963,25,25,1,Unanimous B/LB-directed,without_addAF_AlphaMissense_f3
NC_000017.11:43074369:C:A,BRCA1,0,0.0076573648578870486,0.0,0.004415405322669388,0.0,0.00297057890972383,0.0,0.006373052626811356,0.0,0.0,0000,0.005354100429272906,0.0026900030368689604,25,25,1,Unanimous B/LB-directed,without_addAF_AlphaMissense_f3
NC_000017.11:43074461:C:T,BRCA1,0,0.033071192347607005,0.0,0.005895816637576056,0.0,0.006204143583731726,0.0,0.009003535170271545,0.0,0.0,0000,0.013543671934796582,0.007749092191388933,25,25,1,Unanimous B/LB-directed,without_addAF_AlphaMissense_f3
NC_000017.11:43090969:A:G,BRCA1,0,0.0822614169150724,0.0,0.20243728957258958,0.0,0.12419039629996884,0.0,0.08816610639951926,0.0,0.0,0000,0.12426380229678752,0.09969787594486594,24,25,1,Unanimous B/LB-directed,without_addAF_AlphaMissense_f3
NC_000017.11:43091701:C:G,BRCA1,0,0.02832944464710936,0.0,0.000655685991927543,0.0,0.0036752219326622883,0.0,0.006840756635205868,0.0,0.0,0000,0.009875277301726266,0.00540357564639144,24,25,1,Unanimous B/LB-directed,without_addAF_AlphaMissense_f3
NC_000017.11:43091967:C:A,BRCA1,0,0.22643567017572733,0.0,0.4495331945403738,0.0,0.12987232146072053,0.0,0.12058900001064603,0.0,0.0,0000,0.23160754654686694,0.2066627010966992,24,25,1,Unanimous B/LB-directed,without_addAF_AlphaMissense_f3
NC_000017.11:43092387:C:A,BRCA1,0,0.002941224302388207,0.0,0.013070590439212085,0.0,0.003412790944243071,0.0,0.006882034410141661,0.0,0.0,0000,0.006576660023996256,0.0033998848082768453,25,25,1,Unanimous B/LB-directed,without_addAF_AlphaMissense_f3
NC_000017.11:43092472:G:A,BRCA1,0,0.0673376635862933,0.0,0.0011872673705526705,0.0,0.005795184691056641,0.0,0.008719515480010492,0.0,0.0,0000,0.02075990778197827,0.012628099223390274,24,25,1,Unanimous B/LB-directed,without_addAF_AlphaMissense_f3
NC_000017.11:43092493:C:T,BRCA1,0,0.03459183851309435,0.0,0.0033528050803886284,0.0,0.0042865116287540105,0.0,0.0037467046377748676,0.0,0.0,0000,0.011494464965002962,0.006425554570136801,24,25,1,Unanimous B/LB-directed,without_addAF_AlphaMissense_f3
NC_000017.11:43092631:T:A,BRCA1,0,0.012831346492593203,0.0,0.0001348763240921526,0.0,0.00563292187535225,0.0,0.005417675019576652,0.0,0.0,0000,0.006004204927903565,0.0030649292301214498,24,25,1,Unanimous B/LB-directed,without_addAF_AlphaMissense_f3
NC_000017.11:43092732:C:G,BRCA1,0,0.01994100947413433,0.0,0.0011660335430096905,0.0,0.012994967876398993,0.0,0.005779002922793794,0.0,0.0,0000,0.009970253454084201,0.005462889965003988,24,25,1,Unanimous B/LB-directed,without_addAF_AlphaMissense_f3
NC_000017.11:43092795:T:C,BRCA1,0,0.00873958919140527,0.0,0.0005934751348514934,0.0,0.005999082069391607,0.0,0.0066909712605641315,0.0,0.0,0000,0.005505779414053126,0.0027769325640960418,24,25,1,Unanimous B/LB-directed,without_addAF_AlphaMissense_f3
NC_000017.11:43093117:A:G,BRCA1,0,0.05875976339779465,0.0,0.5016449976344065,0.0,0.31406608959554294,0.0,0.28627123894092604,0.0,0.0,0000,0.29018552239216755,0.26911529701715625,25,25,1,Unanimous B/LB-directed,without_addAF_AlphaMissense_f3
NC_000017.11:43093183:T:C,BRCA1,0,0.1405485256823778,0.0,0.0003163091330115093,0.0,0.12463211920749122,0.0,0.057860823650476824,0.0,0.0,0000,0.08083944441833935,0.06044350217912474,25,25,1,Unanimous B/LB-directed,without_addAF_AlphaMissense_f3
NC_000017.11:43093300:C:T,BRCA1,0,0.022146350607347393,0.0,4.517640632095931e-06,0.0,7.791747389342708e-08,0.0,0.012754478116730904,0.0,0.0,0000,0.008726356070546072,0.004692768668220936,25,25,1,Unanimous B/LB-directed,without_addAF_AlphaMissense_f3
NC_000017.11:43093375:T:C,BRCA1,0,0.009198552898811519,0.0,4.842073882623532e-05,0.0,0.0018120843958775831,0.0,0.004904655565280114,0.0,0.0,0000,0.003990928399698863,0.0019253812319162563,25,25,1,Unanimous B/LB-directed,without_addAF_AlphaMissense_f3
NC_000017.11:43093603:T:C,BRCA1,0,0.03841811431880417,0.0,0.1213377601175164,0.0,0.12192368162660808,0.0,0.07521737111452045,0.0,0.0,0000,0.08922423179436226,0.0677837607579933,24,25,1,Unanimous B/LB-directed,without_addAF_AlphaMissense_f3
NC_000017.11:43093606:C:G,BRCA1,0,0.012006612084494132,0.0,0.08427571220428327,0.0,0.07010154651035033,0.0,0.021062724106156283,0.0,0.0,0000,0.04686164872632101,0.03217014461570719,25,25,1,Unanimous B/LB-directed,without_addAF_AlphaMissense_f3
NC_000017.11:43093680:G:T,BRCA1,0,0.006873646231192532,0.0,0.028534717962142766,0.0,0.0035999184440070535,0.0,0.003008996157827642,0.0,0.0,0000,0.010504319698792498,0.005797926734369055,24,25,1,Unanimous B/LB-directed,without_addAF_AlphaMissense_f3
NC_000017.11:43093864:T:G,BRCA1,0,0.011239324201382843,0.0,0.0009820304192040533,0.0,0.001351646045014665,0.0,0.00542064569201083,0.0,0.0,0000,0.004748411589403098,0.0023464084623156484,24,25,1,Unanimous B/LB-directed,without_addAF_AlphaMissense_f3
NC_000017.11:43094072:A:C,BRCA1,0,0.004544370163485198,0.0,0.0001018156860519092,0.0,0.00045583048023181466,0.0,0.011527816921267009,0.0,0.0,0000,0.004157458312758983,0.0020170536842896657,24,25,1,Unanimous B/LB-directed,without_addAF_AlphaMissense_f3
NC_000017.11:43094112:T:C,BRCA1,0,0.0012524298456572068,0.0,0.0001939995994932811,0.0,0.00032411685859713544,0.0,0.004188488496884451,0.0,0.0,0000,0.0014897587001580185,0.0006279618316374016,25,25,1,Unanimous B/LB-directed,without_addAF_AlphaMissense_f3
NC_000017.11:43094293:A:C,BRCA1,0,0.012179933752795332,0.0,9.334090129743024e-05,0.0,0.001513593138384351,0.0,0.01074180773299501,0.0,0.0,0000,0.006132168881368031,0.0031394264658557917,25,25,1,Unanimous B/LB-directed,without_addAF_AlphaMissense_f3
NC_000017.11:43094533:T:C,BRCA1,0,0.0022582219545418964,0.0,0.0014858347456399889,0.0,0.0015791733733199133,0.0,0.005232468421711937,0.0,0.0,0000,0.0026389246238034338,0.001202784673228532,25,25,1,Unanimous B/LB-directed,without_addAF_AlphaMissense_f3
NC_000017.11:43094703:G:C,BRCA1,0,0.003851014098165374,0.0,0.022041362268644695,0.0,0.07657522336260825,0.0,0.038275947687419064,0.0,0.0,0000,0.03518588685420935,0.02313050806305599,25,25,1,Unanimous B/LB-directed,without_addAF_AlphaMissense_f3
NC_000017.11:43104886:C:A,BRCA1,0,0.22570894673143793,0.0,0.8569872112387344,1.0,0.16436493976465763,0.0,0.062266168741778045,0.0,1.0,0100,0.327331816619152,0.30974323227946815,24,25,1,Mixed votes,without_addAF_AlphaMissense_f3
NC_000017.11:43106470:T:C,BRCA1,0,0.0041167345583303944,0.0,0.029249441338520202,0.0,0.036110844204293405,0.0,0.017749757640695647,0.0,0.0,0000,0.021806694435459913,0.013359830462079033,24,25,1,Unanimous B/LB-directed,without_addAF_AlphaMissense_f3
NC_000017.11:43106523:C:A,BRCA1,0,0.036125113143186394,0.0,0.3538020526928466,0.0,0.11754223857240331,0.0,0.05800817105342479,0.0,0.0,0000,0.14136939386546526,0.1159090176227704,24,25,1,Unanimous B/LB-directed,without_addAF_AlphaMissense_f3
NC_000017.11:43124076:C:A,BRCA1,0,0.022366775352937258,0.0,0.02823316867189371,0.0,0.029293002013396005,0.0,0.008046044154924421,0.0,0.0,0000,0.021984747548287848,0.013484833099613723,25,25,1,Unanimous B/LB-directed,without_addAF_AlphaMissense_f3
NC_000017.11:43124087:T:G,BRCA1,0,0.007480129563904936,0.0,0.008290083929372829,0.0,0.015603891955372899,0.0,0.005837772473835481,0.0,0.0,0000,0.009302969480621537,0.0050479239137326045,24,25,1,Unanimous B/LB-directed,without_addAF_AlphaMissense_f3
NC_000017.11:58692700:T:G,RAD51C,0,0.04708426137874293,0.0,0.32675437720281164,0.0,0.0026100271485259025,0.0,0.004849677508532279,0.0,0.0,0000,0.0953245858096532,0.07320147477915656,25,25,1,Unanimous B/LB-directed,without_addAF_AlphaMissense_f3
NC_000017.11:58696786:G:T,RAD51C,0,0.0001306067685783514,0.0,0.006749899677777339,0.0,0.04584793441995106,0.0,0.014929742846519971,0.0,0.0,0000,0.01691454592820668,0.009989686861401392,25,25,1,Unanimous B/LB-directed,without_addAF_AlphaMissense_f3
NC_000017.11:61683537:G:T,BRIP1,0,0.03781248492209575,0.0,0.02628812076373551,0.0,0.013792352401984172,0.0,0.016836522005315872,0.0,0.0,0000,0.023682370023282828,0.014684259654153233,23,25,1,Unanimous B/LB-directed,without_addAF_AlphaMissense_f3
NC_000017.11:61683596:G:T,BRIP1,0,0.062024238275057195,0.0,0.007054631563033992,0.0,0.00699358602231955,0.0,0.01238991892930385,0.0,0.0,0000,0.022115593697428645,0.013576792247872579,23,25,1,Unanimous B/LB-directed,without_addAF_AlphaMissense_f3
NC_000017.11:61683704:T:A,BRIP1,0,0.05435021724313413,0.0,0.002814366706936762,0.0,0.014979741935490863,0.0,0.012496413955797684,0.0,0.0,0000,0.021160184960339862,0.012907257713267103,23,25,1,Unanimous B/LB-directed,without_addAF_AlphaMissense_f3
NC_000017.11:61801408:G:T,BRIP1,0,0.05564522875543306,0.0,0.06627799598452408,0.0,0.004480623837582032,0.0,0.013149132977478745,0.0,0.0,0000,0.03488824538875448,0.02290572373848486,24,25,1,Unanimous B/LB-directed,without_addAF_AlphaMissense_f3
NC_000019.10:1226520:G:A,STK11,0,0.004123191031217305,0.0,0.00029906474545144285,0.0,0.009759945061542095,0.0,0.02397692135498991,0.0,0.0,0000,0.009539780548300188,0.0051947148794605075,24,25,1,Unanimous B/LB-directed,without_addAF_AlphaMissense_f3
NC_000002.12:214728919:G:A,BARD1,0,0.10700278359444346,0.0,0.10713963856987192,0.0,0.03186447662804758,0.0,0.03405991438300595,0.0,0.0,0000,0.07001670329384223,0.05116473179771786,24,25,1,Unanimous B/LB-directed,without_addAF_AlphaMissense_f3
NC_000002.12:214781197:C:T,BARD1,0,0.045831026503647225,0.0,0.00020488399937508068,0.0,0.011425884877319405,0.0,0.006982435747732961,0.0,0.0,0000,0.01611105778201867,0.009449038426594142,24,25,1,Unanimous B/LB-directed,without_addAF_AlphaMissense_f3
NC_000022.11:28689141:A:G,CHEK2,0,0.009904944063718338,0.0,0.009015055717284386,0.0,0.009494142319300469,0.0,0.00999142537816383,0.0,0.0,0000,0.009601391869616756,0.0052329922483367935,24,25,1,Unanimous B/LB-directed,without_addAF_AlphaMissense_f3
NC_000008.11:89935601:A:T,NBN,0,0.04371567939986353,0.0,0.00031779510623983497,0.0,0.008704426647616987,0.0,0.012933797144776769,0.0,0.0,0000,0.01641792457462428,0.009655059085858295,24,25,1,Unanimous B/LB-directed,without_addAF_AlphaMissense_f3
NC_000009.12:95107174:G:A,FANCC,0,0.014997790578869746,0.0,0.00023971823152104817,0.0,0.003153616594652278,0.0,0.023602847721744813,0.0,0.0,0000,0.010498493281696972,0.005794258093457335,25,25,1,Unanimous B/LB-directed,without_addAF_AlphaMissense_f3
NC_000009.12:95111599:T:C,FANCC,0,0.019885529568914165,0.0,0.00014080133751751068,0.0,7.791747389342708e-08,0.0,0.013235127329665235,0.0,0.0,0000,0.0083153840383927,0.00444167324452937,25,25,1,Unanimous B/LB-directed,without_addAF_AlphaMissense_f3
