SPDI,Gene,y,p_SVM_RBF,vote_SVM_RBF,p_ENET_LR,vote_ENET_LR,p_EXTRA_TREES,vote_EXTRA_TREES,p_HIST_GB,vote_HIST_GB,V,vote_vector,Mean4,S_MAC,n_observed_panel,panel_size,complete_flag,directional_descriptor,partition
NC_000009.12:95101722:A:G,FANCC,1,0.8269987576289564,1.0,0.6925587317524259,1.0,0.7781354552310009,1.0,0.7827718861158101,1.0,4.0,1111,0.7701162076820484,0.7979458509905952,24,25,1,Unanimous LP/P-directed,without_addAF_AlphaMissense_f2
NC_000010.11:87894048:T:G,PTEN,1,0.9999213835193492,1.0,0.9996612305906736,1.0,0.999998801265071,1.0,0.9947057619373489,1.0,4.0,1111,0.9985717943281107,0.9993366465924755,25,25,1,Unanimous LP/P-directed,without_addAF_AlphaMissense_f2
NC_000010.11:87933072:G:A,PTEN,1,0.9993757390007889,1.0,0.9952700474235364,1.0,0.9999872788371144,1.0,0.9936754707173152,1.0,4.0,1111,0.9970771339946887,0.9985268229563232,25,25,1,Unanimous LP/P-directed,without_addAF_AlphaMissense_f2
NC_000010.11:87933147:G:A,PTEN,1,0.9994176800545884,1.0,0.9954221773993306,1.0,0.9999526952047315,1.0,0.9942988552398753,1.0,4.0,1111,0.9972728519746314,0.9986363320898368,25,25,1,Unanimous LP/P-directed,without_addAF_AlphaMissense_f2
NC_000010.11:87952124:C:A,PTEN,1,0.992409557191212,1.0,0.9863062863280095,1.0,0.9989609823069817,1.0,0.9946198118576186,1.0,4.0,1111,0.9930741594209554,0.996144044761361,25,25,1,Unanimous LP/P-directed,without_addAF_AlphaMissense_f2
NC_000010.11:87957954:C:T,PTEN,1,0.9527049398668388,1.0,0.8591392978959173,1.0,0.9572740463375011,1.0,0.9876726252662206,1.0,4.0,1111,0.9391977273416193,0.9558296333693703,25,25,1,Unanimous LP/P-directed,without_addAF_AlphaMissense_f2
NC_000011.10:108289758:T:C,ATM,1,0.9779791093507915,1.0,0.9698028953444623,1.0,0.979986741061466,1.0,0.9685934278776467,1.0,4.0,1111,0.9740905434085916,0.9831177185934085,25,25,1,Unanimous LP/P-directed,without_addAF_AlphaMissense_f2
NC_000011.10:108325415:C:T,ATM,1,0.9959897252425568,1.0,0.9883563598132563,1.0,0.997048983478409,1.0,0.9909605645258844,1.0,4.0,1111,0.9930889082650266,0.9961532104792576,25,25,1,Unanimous LP/P-directed,without_addAF_AlphaMissense_f2
NC_000011.10:108330313:T:G,ATM,1,0.9987190878935713,1.0,0.9949085184860655,1.0,0.9975346688661076,1.0,0.994124424588733,1.0,4.0,1111,0.9963216749586193,0.9980965157983345,25,25,1,Unanimous LP/P-directed,without_addAF_AlphaMissense_f2
NC_000011.10:108335062:T:G,ATM,1,0.9964422281347776,1.0,0.9838953972519844,1.0,0.9961940223668125,1.0,0.9947057619373489,1.0,4.0,1111,0.9928093524227308,0.9959790881708548,25,25,1,Unanimous LP/P-directed,without_addAF_AlphaMissense_f2
NC_000011.10:108345817:C:T,ATM,1,0.9974367516425615,1.0,0.9786989540249325,1.0,0.9923568773966024,1.0,0.9929510345756764,1.0,4.0,1111,0.9903609044099432,0.9944220087181059,25,25,1,Unanimous LP/P-directed,without_addAF_AlphaMissense_f2
NC_000011.10:108345888:T:G,ATM,1,0.9999409767774283,1.0,0.9999964900494395,1.0,0.9996885736479539,1.0,0.9944242014649413,1.0,4.0,1111,0.9985125604849407,0.9993059324985282,25,25,1,Unanimous LP/P-directed,without_addAF_AlphaMissense_f2
NC_000013.11:32363264:T:C,BRCA2,1,0.9676771664863149,1.0,0.9121844955965586,1.0,0.9797469266572927,1.0,0.9548261276295233,1.0,4.0,1111,0.9536086790924223,0.9674703711278704,22,25,1,Unanimous LP/P-directed,without_addAF_AlphaMissense_f2
NC_000015.10:90794253:G:T,BLM,1,0.994466139334668,1.0,0.9790203603516022,1.0,0.9864368619069835,1.0,0.993490726783239,1.0,4.0,1111,0.9883535220941232,0.9931084009532749,25,25,1,Unanimous LP/P-directed,without_addAF_AlphaMissense_f2
NC_000016.10:89740014:G:A,FANCA,1,0.35988566170256553,0.0,0.41973934426632237,0.0,0.5430040921410277,1.0,0.9331254695239449,1.0,2.0,0011,0.5639386419084651,0.5779157103373376,25,25,1,Mixed votes,without_addAF_AlphaMissense_f2
NC_000016.10:89746847:T:C,FANCA,1,0.9275042815659281,1.0,0.6012094239199665,0.0,0.8192244404255684,1.0,0.9749262508091713,1.0,3.0,1011,0.8307160991801585,0.8579485202257112,25,25,1,Mixed votes,without_addAF_AlphaMissense_f2
NC_000017.11:7673765:T:A,TP53,1,0.9812987630745416,1.0,0.9539108073647156,1.0,0.9931889879585285,1.0,0.9883044668293455,1.0,4.0,1111,0.9791757563067827,0.9867891895125012,25,25,1,Unanimous LP/P-directed,without_addAF_AlphaMissense_f2
NC_000017.11:7673777:T:C,TP53,1,0.9948466305601642,1.0,0.9819402684602421,1.0,0.9995785996275742,1.0,0.9923487418895501,1.0,4.0,1111,0.9921785601343827,0.9955832636551223,25,25,1,Unanimous LP/P-directed,without_addAF_AlphaMissense_f2
NC_000017.11:7673802:G:A,TP53,1,0.9986191161257124,1.0,0.9929685643595844,1.0,0.9986413087782681,1.0,0.9944783011211968,1.0,4.0,1111,0.9961768225961904,0.9980127541609136,25,25,1,Unanimous LP/P-directed,without_addAF_AlphaMissense_f2
NC_000017.11:7673820:G:A,TP53,1,0.996992381866157,1.0,0.9901475335308481,1.0,0.9965420088271124,1.0,0.9927314889967342,1.0,4.0,1111,0.9941033533052129,0.996777812570963,25,25,1,Unanimous LP/P-directed,without_addAF_AlphaMissense_f2
NC_000017.11:7673825:A:G,TP53,1,0.9972464458505028,1.0,0.9922445235213551,1.0,0.9977683449329193,1.0,0.991909526010942,1.0,4.0,1111,0.9947922100789298,0.9971948645461604,25,25,1,Unanimous LP/P-directed,without_addAF_AlphaMissense_f2
NC_000017.11:7674211:T:G,TP53,1,0.9947796178049428,1.0,0.9780826120822046,1.0,0.9969258164875371,1.0,0.9902924780944702,1.0,4.0,1111,0.9900201311172887,0.9942011743793955,25,25,1,Unanimous LP/P-directed,without_addAF_AlphaMissense_f2
NC_000017.11:7674219:C:T,TP53,1,0.9806810739337474,1.0,0.9303911576527226,1.0,0.8908621349432628,1.0,0.9373242454781844,1.0,4.0,1111,0.9348146530019793,0.9522046689756579,25,25,1,Unanimous LP/P-directed,without_addAF_AlphaMissense_f2
NC_000017.11:7674267:A:G,TP53,1,0.9602646223811442,1.0,0.8618342434720637,1.0,0.9803818365863382,1.0,0.9879275117263148,1.0,4.0,1111,0.9476020535414651,0.9626730307342236,25,25,1,Unanimous LP/P-directed,without_addAF_AlphaMissense_f2
NC_000017.11:7674892:C:T,TP53,1,0.9789301127200244,1.0,0.9539514107373117,1.0,0.9754307193939006,1.0,0.9921422105573916,1.0,4.0,1111,0.9751136133521572,0.9838645381066888,25,25,1,Unanimous LP/P-directed,without_addAF_AlphaMissense_f2
NC_000017.11:7675087:C:A,TP53,1,0.9925551246185944,1.0,0.9748355807676489,1.0,0.9994586847638232,1.0,0.9934245757321641,1.0,4.0,1111,0.9900684914705576,0.9942325701278513,25,25,1,Unanimous LP/P-directed,without_addAF_AlphaMissense_f2
NC_000017.11:7675094:C:T,TP53,1,0.9900553438075093,1.0,0.9576224439399823,1.0,0.9991567641814123,1.0,0.9904000150431537,1.0,4.0,1111,0.9843086417430144,0.9903796187637031,25,25,1,Unanimous LP/P-directed,without_addAF_AlphaMissense_f2
NC_000017.11:7675142:C:A,TP53,1,0.9854377994126932,1.0,0.9880344171345438,1.0,0.9958196778276535,1.0,0.9891423486394392,1.0,4.0,1111,0.9896085607535824,0.9939332421208641,25,25,1,Unanimous LP/P-directed,without_addAF_AlphaMissense_f2
NC_000017.11:7675198:G:A,TP53,1,0.9926788788924076,1.0,0.9662782449111756,1.0,0.9981196022582735,1.0,0.9907404829165886,1.0,4.0,1111,0.9869543022446113,0.9921759194665367,25,25,1,Unanimous LP/P-directed,without_addAF_AlphaMissense_f2
NC_000017.11:7675994:G:T,TP53,1,0.9943549385500621,1.0,0.9686638457112839,1.0,0.9997230025423252,1.0,0.9946511917572034,1.0,4.0,1111,0.9893482446402186,0.9937631065405325,25,25,1,Unanimous LP/P-directed,without_addAF_AlphaMissense_f2
NC_000017.11:7676039:C:G,TP53,1,0.8420746814751986,1.0,0.9248913700194257,1.0,0.7703562960054604,1.0,0.9535601592524482,1.0,4.0,1111,0.8727206266881331,0.8975825903409587,25,25,1,Unanimous LP/P-directed,without_addAF_AlphaMissense_f2
NC_000017.11:43051070:A:C,BRCA1,1,0.9926467879876213,1.0,0.9787163738909016,1.0,0.9998111003223027,1.0,0.9902744261402937,1.0,4.0,1111,0.9903621720852798,0.9944228284786066,25,25,1,Unanimous LP/P-directed,without_addAF_AlphaMissense_f2
NC_000017.11:43057082:G:C,BRCA1,1,0.9799215473347829,1.0,0.9622747241499628,1.0,0.9975423640225627,1.0,0.9923205833240913,1.0,4.0,1111,0.98301480470785,0.989486872682106,25,25,1,Unanimous LP/P-directed,without_addAF_AlphaMissense_f2
NC_000017.11:43057112:T:C,BRCA1,1,0.9883771901727217,1.0,0.98290603403138,1.0,0.9992271168981374,1.0,0.9923205833240913,1.0,4.0,1111,0.9907077311065826,0.9946457980489002,25,25,1,Unanimous LP/P-directed,without_addAF_AlphaMissense_f2
NC_000017.11:43063882:T:G,BRCA1,1,0.9641216310810348,1.0,0.9252917184975608,1.0,0.998536511665006,1.0,0.9935136320061007,1.0,4.0,1111,0.9703658733124256,0.9803669931873962,25,25,1,Unanimous LP/P-directed,without_addAF_AlphaMissense_f2
NC_000017.11:43063908:C:T,BRCA1,1,0.9914150768618386,1.0,0.9629964075168478,1.0,0.9999395619642016,1.0,0.9937048230386066,1.0,4.0,1111,0.9870139673453737,0.9922159433392069,25,25,1,Unanimous LP/P-directed,without_addAF_AlphaMissense_f2
NC_000017.11:43067609:G:A,BRCA1,1,0.9996644113780262,1.0,0.9994929832680081,1.0,0.9882750980703238,1.0,0.9913062663491259,1.0,4.0,1111,0.994684689766371,0.9971301761322345,25,25,1,Unanimous LP/P-directed,without_addAF_AlphaMissense_f2
NC_000017.11:43082528:A:G,BRCA1,1,0.623460867357032,1.0,0.8014469041482535,1.0,0.6668408635006294,1.0,0.8062025115844663,1.0,4.0,1111,0.7244877866475953,0.7510142269956779,25,25,1,Unanimous LP/P-directed,without_addAF_AlphaMissense_f2
NC_000017.11:43106455:C:T,BRCA1,1,0.999182574402448,1.0,0.9990028307637295,1.0,0.9641127068166928,1.0,0.9743866223326272,1.0,4.0,1111,0.9841711835788743,0.990285196769021,24,25,1,Unanimous LP/P-directed,without_addAF_AlphaMissense_f2
NC_000017.11:43124031:A:G,BRCA1,1,0.9846430728926686,1.0,0.9754330164363165,1.0,0.998070740367291,1.0,0.9925651266980147,1.0,4.0,1111,0.9876779890985727,0.9926598270547734,25,25,1,Unanimous LP/P-directed,without_addAF_AlphaMissense_f2
NC_000019.10:1207057:T:G,STK11,1,0.9984266144780102,1.0,0.9912379515396144,1.0,0.9982591268133439,1.0,0.9869480321495666,1.0,4.0,1111,0.9937179312451337,0.9965418963284313,25,25,1,Unanimous LP/P-directed,without_addAF_AlphaMissense_f2
NC_000019.10:1207112:T:C,STK11,1,0.9993734063227918,1.0,0.9960813379104253,1.0,0.9997261585654202,1.0,0.9946511917572034,1.0,4.0,1111,0.9974580236389601,0.9987391072758257,25,25,1,Unanimous LP/P-directed,without_addAF_AlphaMissense_f2
NC_000022.11:28734672:C:A,CHEK2,1,0.004050263837730642,0.0,0.00020576747280509354,0.0,0.07781077862123344,0.0,0.04442071454096447,0.0,0.0,0000,0.03162188111818341,0.022310490954407406,22,25,1,Unanimous B/LB-directed,without_addAF_AlphaMissense_f2
NC_000010.11:87864505:A:C,PTEN,1,0.985613341958436,1.0,0.9733857555937476,1.0,0.9886295113117107,1.0,0.9872543990869816,1.0,4.0,1111,0.983720751987719,0.9899750743237822,25,25,1,Unanimous LP/P-directed,without_addAF_AlphaMissense_f2
NC_000010.11:87864505:A:G,PTEN,1,0.9982233901226164,1.0,0.9907085775544144,1.0,0.9993346667773579,1.0,0.9908338447905177,1.0,4.0,1111,0.9947751198112267,0.9971845927992021,25,25,1,Unanimous LP/P-directed,without_addAF_AlphaMissense_f2
NC_000010.11:87864512:G:A,PTEN,1,0.993534783743019,1.0,0.9773494730771922,1.0,0.9507495372678157,1.0,0.9807407692359309,1.0,4.0,1111,0.9755936408309894,0.9842135833622916,25,25,1,Unanimous LP/P-directed,without_addAF_AlphaMissense_f2
NC_000010.11:87864512:G:C,PTEN,1,0.9985395140941298,1.0,0.989217797925129,1.0,0.9998646346321601,1.0,0.9947057619373489,1.0,4.0,1111,0.995581927147192,0.9976649851081905,25,25,1,Unanimous LP/P-directed,without_addAF_AlphaMissense_f2
NC_000010.11:87864533:A:G,PTEN,1,0.9960784070544824,1.0,0.9834611457666222,1.0,0.9996446418093802,1.0,0.9947057619373489,1.0,4.0,1111,0.9934724891419584,0.9963907581803834,25,25,1,Unanimous LP/P-directed,without_addAF_AlphaMissense_f2
NC_000010.11:87864539:A:T,PTEN,1,0.9994137250246916,1.0,0.9963021303281577,1.0,0.9999882069501105,1.0,0.9947057619373489,1.0,4.0,1111,0.9976024560600772,0.9988186757497646,25,25,1,Unanimous LP/P-directed,without_addAF_AlphaMissense_f2
NC_000010.11:87864545:C:T,PTEN,1,0.9978966266080462,1.0,0.9891271900359426,1.0,0.9998847443002096,1.0,0.9946198118576186,1.0,4.0,1111,0.9953820932004542,0.9975468901582487,25,25,1,Unanimous LP/P-directed,without_addAF_AlphaMissense_f2
NC_000010.11:87864547:T:A,PTEN,1,0.9984878306199042,1.0,0.9937027778820661,1.0,0.9999713115346403,1.0,0.9946198118576186,1.0,4.0,1111,0.9966954329735573,0.9983108393795361,24,25,1,Unanimous LP/P-directed,without_addAF_AlphaMissense_f2
NC_000010.11:87894035:A:G,PTEN,1,0.9996035813195344,1.0,0.9992868757403979,1.0,0.9858065739548368,1.0,0.9858121992510551,1.0,4.0,1111,0.992627307566456,0.9958652643339092,25,25,1,Unanimous LP/P-directed,without_addAF_AlphaMissense_f2
NC_000010.11:87894080:T:C,PTEN,1,0.9971628343172688,1.0,0.9860166212151042,1.0,0.9967309996375915,1.0,0.985901857951341,1.0,4.0,1111,0.9914530782803264,0.995123285596586,25,25,1,Unanimous LP/P-directed,without_addAF_AlphaMissense_f2
NC_000010.11:87894084:G:A,PTEN,1,0.9994618525637833,1.0,0.9969458303388553,1.0,0.9998407708639723,1.0,0.9944624990668148,1.0,4.0,1111,0.9976777382083564,0.9988599322867509,25,25,1,Unanimous LP/P-directed,without_addAF_AlphaMissense_f2
NC_000010.11:87894088:C:G,PTEN,1,0.9994994800596285,1.0,0.9984689350081325,1.0,0.9999089815000044,1.0,0.9946198118576186,1.0,4.0,1111,0.998124302106346,0.9991013347359261,25,25,1,Unanimous LP/P-directed,without_addAF_AlphaMissense_f2
NC_000010.11:87933045:C:G,PTEN,1,0.9986327264364342,1.0,0.9927361450387293,1.0,0.9999999705722729,1.0,0.9947057619373489,1.0,4.0,1111,0.9965186509961964,0.9982098005305402,25,25,1,Unanimous LP/P-directed,without_addAF_AlphaMissense_f2
NC_000010.11:87933051:T:G,PTEN,1,0.9971579055781902,1.0,0.9818310040132453,1.0,0.9988092771148186,1.0,0.9937698924403048,1.0,4.0,1111,0.9928920197866397,0.9960306632563931,25,25,1,Unanimous LP/P-directed,without_addAF_AlphaMissense_f2
NC_000010.11:87933127:C:G,PTEN,1,0.9985294172031244,1.0,0.9934987532115516,1.0,0.99877340911991,1.0,0.9945346254924475,1.0,4.0,1111,0.9963340512567583,0.998103654863235,25,25,1,Unanimous LP/P-directed,without_addAF_AlphaMissense_f2
NC_000010.11:87933128:T:G,PTEN,1,0.999739176273836,1.0,0.9993032677435061,1.0,0.9998961394489742,1.0,0.9934237154685628,1.0,4.0,1111,0.9980905747337199,0.9990833148459813,25,25,1,Unanimous LP/P-directed,without_addAF_AlphaMissense_f2
NC_000010.11:87933134:G:A,PTEN,1,0.9992160859953609,1.0,0.9922215969902939,1.0,0.99973110130137,1.0,0.9912289264011311,1.0,4.0,1111,0.995599427672039,0.9976752979503719,25,25,1,Unanimous LP/P-directed,without_addAF_AlphaMissense_f2
NC_000010.11:87933134:G:C,PTEN,1,0.9994805715071071,1.0,0.995075802371853,1.0,0.9999688351061136,1.0,0.9936602476962695,1.0,4.0,1111,0.9970463641703358,0.9985095275988055,25,25,1,Unanimous LP/P-directed,without_addAF_AlphaMissense_f2
NC_000010.11:87933137:G:C,PTEN,1,0.9984421708508328,1.0,0.9930469084047217,1.0,0.9994882315674791,1.0,0.9886658446320999,1.0,4.0,1111,0.9949107888637834,0.9972660239832132,25,25,1,Unanimous LP/P-directed,without_addAF_AlphaMissense_f2
NC_000010.11:87933146:C:G,PTEN,1,0.9991844851584267,1.0,0.9948231977258598,1.0,0.9999999705722729,1.0,0.9947057619373489,1.0,4.0,1111,0.9971783538484771,0.9985835677010674,25,25,1,Unanimous LP/P-directed,without_addAF_AlphaMissense_f2
NC_000010.11:87933168:C:A,PTEN,1,0.9992062826127803,1.0,0.9938045687235307,1.0,0.9999999705722729,1.0,0.9947057619373489,1.0,4.0,1111,0.9969291459614832,0.998443450856484,25,25,1,Unanimous LP/P-directed,without_addAF_AlphaMissense_f2
NC_000010.11:87933180:A:C,PTEN,1,0.9976048535164648,1.0,0.9880306818937679,1.0,0.9983996583441281,1.0,0.9933182986628545,1.0,4.0,1111,0.9943383731043037,0.9969207823825035,25,25,1,Unanimous LP/P-directed,without_addAF_AlphaMissense_f2
NC_000010.11:87933221:T:A,PTEN,1,0.9978053952036345,1.0,0.9916925666069063,1.0,0.9999697422962384,1.0,0.9947057619373489,1.0,4.0,1111,0.9960433665110321,0.9979352539302989,25,25,1,Unanimous LP/P-directed,without_addAF_AlphaMissense_f2
NC_000010.11:87933221:T:C,PTEN,1,0.9990271222574941,1.0,0.992901619004657,1.0,0.9999819992614577,1.0,0.9947057619373489,1.0,4.0,1111,0.9966541256152395,0.9982872853734022,25,25,1,Unanimous LP/P-directed,without_addAF_AlphaMissense_f2
NC_000010.11:87933244:C:G,PTEN,1,0.9922001634322648,1.0,0.9946796165595018,1.0,0.9800170678211899,1.0,0.9856483305107971,1.0,4.0,1111,0.9881362945809384,0.9929644943437114,25,25,1,Unanimous LP/P-directed,without_addAF_AlphaMissense_f2
NC_000010.11:87952133:G:A,PTEN,1,0.9985281557582206,1.0,0.9951753477783472,1.0,0.9998950628394389,1.0,0.9936602476962695,1.0,4.0,1111,0.996814703518069,0.99837865592022,25,25,1,Unanimous LP/P-directed,without_addAF_AlphaMissense_f2
NC_000010.11:87952144:T:C,PTEN,1,0.9987968599946503,1.0,0.9933585613026912,1.0,0.9999639079092725,1.0,0.9947057619373489,1.0,4.0,1111,0.9967062727859907,0.9983170147393283,25,25,1,Unanimous LP/P-directed,without_addAF_AlphaMissense_f2
NC_000010.11:87952166:T:C,PTEN,1,0.9987621069857738,1.0,0.9928949015331161,1.0,0.9999715687451137,1.0,0.9945643605911402,1.0,4.0,1111,0.9965482344637859,0.9982267512357305,25,25,1,Unanimous LP/P-directed,without_addAF_AlphaMissense_f2
NC_000010.11:87952217:T:A,PTEN,1,0.9902505768131938,1.0,0.9555149107562525,1.0,0.991031491115687,1.0,0.99267874431732,1.0,4.0,1111,0.9823689307506133,0.9890379737587336,25,25,1,Unanimous LP/P-directed,without_addAF_AlphaMissense_f2
NC_000010.11:87957878:A:G,PTEN,1,0.9528101733998586,1.0,0.8424056862884788,1.0,0.9140934653284618,1.0,0.919872047006227,1.0,4.0,1111,0.9072953430057566,0.9286838401613894,25,25,1,Unanimous LP/P-directed,without_addAF_AlphaMissense_f2
NC_000010.11:87957957:T:C,PTEN,1,0.9808443214213937,1.0,0.9172471682553377,1.0,0.9906691297148894,1.0,0.9733538524987699,1.0,4.0,1111,0.9655286179725977,0.9767261638653296,25,25,1,Unanimous LP/P-directed,without_addAF_AlphaMissense_f2
NC_000010.11:87957969:G:T,PTEN,1,0.9989921636651737,1.0,0.9933850426168693,1.0,0.9999728946150066,1.0,0.9947057619373489,1.0,4.0,1111,0.9967639657085997,0.9983498420952895,25,25,1,Unanimous LP/P-directed,without_addAF_AlphaMissense_f2
NC_000010.11:87957972:A:T,PTEN,1,0.9991308472525293,1.0,0.9941558875585718,1.0,0.9999864797020901,1.0,0.9947057619373489,1.0,4.0,1111,0.9969947441126351,0.9984804657524624,25,25,1,Unanimous LP/P-directed,without_addAF_AlphaMissense_f2
NC_000010.11:87960920:A:G,PTEN,1,0.9971661238090441,1.0,0.9847600805138413,1.0,0.99991300309238,1.0,0.9946198118576186,1.0,4.0,1111,0.994114754818221,0.9967847642377388,25,25,1,Unanimous LP/P-directed,without_addAF_AlphaMissense_f2
NC_000010.11:87960921:C:G,PTEN,1,0.9994000882100205,1.0,0.9957858510343629,1.0,0.9999952950462296,1.0,0.9946198118576186,1.0,4.0,1111,0.997450261537058,0.9987348160287465,25,25,1,Unanimous LP/P-directed,without_addAF_AlphaMissense_f2
NC_000010.11:87961067:G:A,PTEN,1,0.9945420922685172,1.0,0.9897898168445198,1.0,0.999837005901703,1.0,0.9945426441805691,1.0,4.0,1111,0.9946778897988273,0.9971260797901451,25,25,1,Unanimous LP/P-directed,without_addAF_AlphaMissense_f2
NC_000010.11:87961117:G:T,PTEN,1,0.9970411077209052,1.0,0.9955728873749529,1.0,0.9754595642290471,1.0,0.9853772891354087,1.0,4.0,1111,0.9883627121150784,0.9931144818677565,25,25,1,Unanimous LP/P-directed,without_addAF_AlphaMissense_f2
NC_000011.10:108229323:G:A,ATM,1,,,,,,,,,,,,,2,25,0,,without_addAF_AlphaMissense_f2
NC_000011.10:108272815:A:G,ATM,1,0.4471851355968745,0.0,0.568676635242119,0.0,0.7279875930280348,1.0,0.26852057005293534,0.0,1.0,0010,0.5030924834799909,0.5104456910207867,25,25,1,Mixed votes,without_addAF_AlphaMissense_f2
NC_000011.10:108301778:C:T,ATM,1,0.8632529375618674,1.0,0.9002127683692356,1.0,0.8063314358388922,1.0,0.7944304087104925,1.0,4.0,1111,0.8410568876201219,0.8678717543285485,25,25,1,Unanimous LP/P-directed,without_addAF_AlphaMissense_f2
NC_000011.10:108316029:G:A,ATM,1,0.9946678747138454,1.0,0.9876242944701618,1.0,0.8723793702415622,1.0,0.8214149088690422,1.0,4.0,1111,0.9190216120736528,0.9388567980371362,25,25,1,Unanimous LP/P-directed,without_addAF_AlphaMissense_f2
NC_000011.10:108330260:T:C,ATM,1,0.9409173011713167,1.0,0.9122362084288698,1.0,0.9951562764527303,1.0,0.9859312504273992,1.0,4.0,1111,0.9585602591200789,0.9713606110759921,25,25,1,Unanimous LP/P-directed,without_addAF_AlphaMissense_f2
NC_000011.10:108335079:G:A,ATM,1,0.9190078529021871,1.0,0.9289016686773788,1.0,0.9647628489802675,1.0,0.9677060091304869,1.0,4.0,1111,0.9450945949225801,0.9606466738466457,25,25,1,Unanimous LP/P-directed,without_addAF_AlphaMissense_f2
NC_000011.10:108345808:C:T,ATM,1,0.9748966781094642,1.0,0.9125016816063761,1.0,0.9778507763267477,1.0,0.9698532645573713,1.0,4.0,1111,0.9587756001499899,0.9715283919732821,25,25,1,Unanimous LP/P-directed,without_addAF_AlphaMissense_f2
NC_000011.10:108345818:G:T,ATM,1,0.9899028288635316,1.0,0.9598711819407565,1.0,0.9807253446646528,1.0,0.9777528745683393,1.0,4.0,1111,0.9770630575093201,0.9852764594711539,25,25,1,Unanimous LP/P-directed,without_addAF_AlphaMissense_f2
NC_000011.10:108345888:TG:AA,ATM,1,,,,,,,,,,,,,0,25,0,,without_addAF_AlphaMissense_f2
NC_000013.11:32326612:G:C,BRCA2,1,0.9871137569373595,1.0,0.9625524335481465,1.0,0.993189704158437,1.0,0.975065202429705,1.0,4.0,1111,0.9794802742684119,0.9870056570847634,22,25,1,Unanimous LP/P-directed,without_addAF_AlphaMissense_f2
NC_000013.11:32357909:G:C,BRCA2,1,0.9748422787191225,1.0,0.9117978777419954,1.0,0.9945955567840338,1.0,0.9877480122290518,1.0,4.0,1111,0.9672459313685509,0.9780270877583412,22,25,1,Unanimous LP/P-directed,without_addAF_AlphaMissense_f2
NC_000013.11:32362523:G:C,BRCA2,1,0.9812677070596367,1.0,0.9442203647876473,1.0,0.9704135617711416,1.0,0.9682259132107824,1.0,4.0,1111,0.966031886707302,0.9771083295604878,22,25,1,Unanimous LP/P-directed,without_addAF_AlphaMissense_f2
NC_000013.11:32362573:G:C,BRCA2,1,0.9970309753859592,1.0,0.987129469486594,1.0,0.9973588419584206,1.0,0.9912039554209355,1.0,4.0,1111,0.9931808105629774,0.9962102708665636,22,25,1,Unanimous LP/P-directed,without_addAF_AlphaMissense_f2
NC_000013.11:32362595:A:T,BRCA2,1,0.972752165782951,1.0,0.9359839076952529,1.0,0.9775966072197902,1.0,0.9699115176262966,1.0,4.0,1111,0.9640610495810726,0.975607474569748,22,25,1,Unanimous LP/P-directed,without_addAF_AlphaMissense_f2
NC_000013.11:32362604:A:C,BRCA2,1,0.8348860633615562,1.0,0.7857076794291367,1.0,0.9236880600005531,1.0,0.9025356657939112,1.0,4.0,1111,0.8617043671462894,0.8873674309268473,22,25,1,Unanimous LP/P-directed,without_addAF_AlphaMissense_f2
NC_000013.11:32362692:G:A,BRCA2,1,0.9993625221999004,1.0,0.9995673995782602,1.0,0.9574036588922954,1.0,0.9696492477052715,1.0,4.0,1111,0.9814957070939319,0.988427769263986,22,25,1,Unanimous LP/P-directed,without_addAF_AlphaMissense_f2
NC_000013.11:32363188:G:A,BRCA2,1,0.9895113598783957,1.0,0.9647909811174646,1.0,0.9961757178917964,1.0,0.9912193737461188,1.0,4.0,1111,0.9854243581584439,0.9911421360699263,22,25,1,Unanimous LP/P-directed,without_addAF_AlphaMissense_f2
NC_000013.11:32363365:A:G,BRCA2,1,0.8785886275683572,1.0,0.8016853198579537,1.0,0.9526824693175494,1.0,0.8843511419884915,1.0,4.0,1111,0.8793268896830879,0.903641650873905,22,25,1,Unanimous LP/P-directed,without_addAF_AlphaMissense_f2
NC_000013.11:32363366:C:A,BRCA2,1,0.9735734600708434,1.0,0.9271170318790714,1.0,0.9939016946243068,1.0,0.9821823520764489,1.0,4.0,1111,0.9691936346626676,0.9794915010412141,22,25,1,Unanimous LP/P-directed,without_addAF_AlphaMissense_f2
NC_000013.11:32363366:C:G,BRCA2,1,0.9788746140294662,1.0,0.9455208288494619,1.0,0.9962354284021625,1.0,0.9862255642114858,1.0,4.0,1111,0.976714108873144,0.9850248299536609,22,25,1,Unanimous LP/P-directed,without_addAF_AlphaMissense_f2
NC_000013.11:32363369:A:C,BRCA2,1,0.9746234885619713,1.0,0.9116438199530559,1.0,0.9960342020196379,1.0,0.9891915022860533,1.0,4.0,1111,0.9678732532051797,0.9785000542856768,22,25,1,Unanimous LP/P-directed,without_addAF_AlphaMissense_f2
NC_000013.11:32363369:A:G,BRCA2,1,0.9967397742474507,1.0,0.9867799920828769,1.0,0.9961245412747176,1.0,0.9888973181008905,1.0,4.0,1111,0.992135406426484,0.9955560411945954,22,25,1,Unanimous LP/P-directed,without_addAF_AlphaMissense_f2
NC_000013.11:32363375:G:T,BRCA2,1,0.9523019925351812,1.0,0.8968207796645781,1.0,0.9952772868570487,1.0,0.9847600732644889,1.0,4.0,1111,0.9572900330803241,0.9703684970049035,22,25,1,Unanimous LP/P-directed,without_addAF_AlphaMissense_f2
NC_000013.11:32380043:G:T,BRCA2,1,0.9054918330890374,1.0,0.8585157669897252,1.0,0.9789593003372928,1.0,0.8955000610880548,1.0,4.0,1111,0.9096167403760276,0.9307142153330538,22,25,1,Unanimous LP/P-directed,without_addAF_AlphaMissense_f2
NC_000013.11:32394716:C:G,BRCA2,1,0.962821542992408,1.0,0.9698316883761493,1.0,0.9958950750016031,1.0,0.9805764457777776,1.0,4.0,1111,0.9772811880369845,0.985433504871364,22,25,1,Unanimous LP/P-directed,without_addAF_AlphaMissense_f2
NC_000016.10:23607863:C:T,PALB2,1,0.12712901213588193,0.0,0.1756411819869772,0.0,0.29926571326926227,0.0,0.35260537658728935,0.0,0.0,0000,0.23866032099485268,0.22045669795647208,23,25,1,Unanimous B/LB-directed,without_addAF_AlphaMissense_f2
NC_000016.10:68737417:G:A,CDH1,1,0.9952607494398392,1.0,0.9978866594814122,1.0,0.9979967900737288,1.0,0.9896964920098756,1.0,4.0,1111,0.9952101727512139,0.9974448095166507,22,25,1,Unanimous LP/P-directed,without_addAF_AlphaMissense_f2
NC_000016.10:68810340:G:A,CDH1,1,0.9999275342086178,1.0,0.9999186155624256,1.0,0.9979756344213725,1.0,0.9927508253985459,1.0,4.0,1111,0.9976431523977405,0.9988409972362801,24,25,1,Unanimous LP/P-directed,without_addAF_AlphaMissense_f2
NC_000016.10:68813494:G:T,CDH1,1,0.9981682269845773,1.0,0.9976565120616386,1.0,0.9281172964292569,1.0,0.9788650886378203,1.0,4.0,1111,0.9757017810283233,0.984292093677859,25,25,1,Unanimous LP/P-directed,without_addAF_AlphaMissense_f2
NC_000016.10:68822054:A:T,CDH1,1,0.9810453210046347,1.0,0.9635132687037038,1.0,0.921668479886724,1.0,0.9780463425411698,1.0,4.0,1111,0.961068353034058,0.9733071949349242,25,25,1,Unanimous LP/P-directed,without_addAF_AlphaMissense_f2
NC_000016.10:89738946:C:G,FANCA,1,0.9976957359860653,1.0,0.9934140020061476,1.0,0.9806937891924926,1.0,0.9619020147913889,1.0,4.0,1111,0.9834263854940236,0.9897718197939067,25,25,1,Unanimous LP/P-directed,without_addAF_AlphaMissense_f2
NC_000016.10:89739230:C:G,FANCA,1,0.986596269649599,1.0,0.964018950853265,1.0,0.9322117279700434,1.0,0.9738816597249026,1.0,4.0,1111,0.9641771520494525,0.9756962048762866,25,25,1,Unanimous LP/P-directed,without_addAF_AlphaMissense_f2
NC_000016.10:89748677:T:G,FANCA,1,0.9381162965499709,1.0,0.8729265621627018,1.0,0.8822660233467006,1.0,0.8846589952096903,1.0,4.0,1111,0.8944919693172658,0.9173483101171385,25,25,1,Unanimous LP/P-directed,without_addAF_AlphaMissense_f2
NC_000016.10:89749805:G:A,FANCA,1,0.9992470610606744,1.0,0.999276161558581,1.0,0.9804751402406647,1.0,0.9851796112104695,1.0,4.0,1111,0.9910444935175974,0.9948621309001975,25,25,1,Unanimous LP/P-directed,without_addAF_AlphaMissense_f2
NC_000016.10:89761994:C:T,FANCA,1,0.9975753852272635,1.0,0.983884941336204,1.0,0.995285245432032,1.0,0.9858576044827811,1.0,4.0,1111,0.9906507941195701,0.99460912776391,25,25,1,Unanimous LP/P-directed,without_addAF_AlphaMissense_f2
NC_000016.10:89764944:A:G,FANCA,1,0.9955911806593478,1.0,0.9816060811259638,1.0,0.9612517994961886,1.0,0.9862338400072069,1.0,4.0,1111,0.9811707253221768,0.9881997330953416,25,25,1,Unanimous LP/P-directed,without_addAF_AlphaMissense_f2
NC_000016.10:89767214:A:C,FANCA,1,0.9952513745759942,1.0,0.979091969942093,1.0,0.9715622380507715,1.0,0.985865306276322,1.0,4.0,1111,0.9829427222112952,0.989436878390825,25,25,1,Unanimous LP/P-directed,without_addAF_AlphaMissense_f2
NC_000016.10:89769890:A:G,FANCA,1,0.7351389607077926,1.0,0.7173109422303583,1.0,0.7563507641740651,1.0,0.8941454957133611,1.0,4.0,1111,0.7757365407063943,0.8036310641410335,25,25,1,Unanimous LP/P-directed,without_addAF_AlphaMissense_f2
NC_000016.10:89770199:A:T,FANCA,1,0.9963975552143081,1.0,0.9954853275990834,1.0,0.9764386403897483,1.0,0.9919468110994581,1.0,4.0,1111,0.9900670835756495,0.9942316563777579,25,25,1,Unanimous LP/P-directed,without_addAF_AlphaMissense_f2
NC_000016.10:89771774:C:G,FANCA,1,0.16073797189888359,0.0,0.008455926603966385,0.0,0.10047964102764144,0.0,0.01386153476219421,0.0,0.0,0000,0.0708837685731714,0.05542349143799185,25,25,1,Unanimous B/LB-directed,without_addAF_AlphaMissense_f2
NC_000016.10:89771777:A:G,FANCA,1,0.9989136154597377,1.0,0.993868158539751,1.0,0.9901590860220445,1.0,0.9845767126471814,1.0,4.0,1111,0.9918793931671787,0.9953941764181764,25,25,1,Unanimous LP/P-directed,without_addAF_AlphaMissense_f2
NC_000016.10:89783097:T:C,FANCA,1,0.9898011872939075,1.0,0.9603928908511412,1.0,0.9860985708919067,1.0,0.9802287940815178,1.0,4.0,1111,0.9791303607796183,0.9867568851550667,25,25,1,Unanimous LP/P-directed,without_addAF_AlphaMissense_f2
NC_000016.10:89791503:C:T,FANCA,1,0.41686433759067276,0.0,0.4805380883451031,0.0,0.37378137721324406,0.0,0.7744537694507955,1.0,1.0,0001,0.5114093931499538,0.5196952239632805,25,25,1,Mixed votes,without_addAF_AlphaMissense_f2
NC_000016.10:89816614:T:G,FANCA,1,0.9974140647560877,1.0,0.9972863543589776,1.0,0.9998970010296082,1.0,0.9815359495072653,1.0,4.0,1111,0.9940333424129847,0.9967350911719679,22,25,1,Unanimous LP/P-directed,without_addAF_AlphaMissense_f2
NC_000017.11:7673766:C:T,TP53,1,0.9862012293751661,1.0,0.9559792428217996,1.0,0.9919050344608321,1.0,0.992488004819417,1.0,4.0,1111,0.9816433778693037,0.9885312214202665,25,25,1,Unanimous LP/P-directed,without_addAF_AlphaMissense_f2
NC_000017.11:7673776:G:T,TP53,1,0.991435994260187,1.0,0.9583867284367952,1.0,0.9744062206909464,1.0,0.9803836880875433,1.0,4.0,1111,0.9761531578688679,0.9846193044590176,25,25,1,Unanimous LP/P-directed,without_addAF_AlphaMissense_f2
NC_000017.11:7673805:C:G,TP53,1,0.8397215774403888,1.0,0.7652618590190355,1.0,0.9477599257488641,1.0,0.9351625193669452,1.0,4.0,1111,0.8719764703938084,0.8968968726842698,24,25,1,Unanimous LP/P-directed,without_addAF_AlphaMissense_f2
NC_000017.11:7673820:G:C,TP53,1,0.9854928043556349,1.0,0.9700914951032125,1.0,0.9979125498471435,1.0,0.9877713711601217,1.0,4.0,1111,0.9853170551165282,0.9910691083623984,24,25,1,Unanimous LP/P-directed,without_addAF_AlphaMissense_f2
NC_000017.11:7673822:C:T,TP53,1,0.9944038939390103,1.0,0.9835707302362723,1.0,0.9998087768036003,1.0,0.9940787079730572,1.0,4.0,1111,0.992965527237985,0.9960764636263681,25,25,1,Unanimous LP/P-directed,without_addAF_AlphaMissense_f2
NC_000017.11:7673825:A:T,TP53,1,0.9988920941786859,1.0,0.9973436681884257,1.0,0.9895450855945015,1.0,0.9832523024765266,1.0,4.0,1111,0.9922582876095349,0.9956335104572056,24,25,1,Unanimous LP/P-directed,without_addAF_AlphaMissense_f2
NC_000017.11:7674213:G:A,TP53,1,0.9936125203901347,1.0,0.9605945766708408,1.0,0.9990153643791999,1.0,0.9826053395253983,1.0,4.0,1111,0.9839569502413934,0.9901378327093031,25,25,1,Unanimous LP/P-directed,without_addAF_AlphaMissense_f2
NC_000017.11:7674216:C:G,TP53,1,0.9921259164758643,1.0,0.9859902500697278,1.0,0.9874786012480516,1.0,0.9917257071998471,1.0,4.0,1111,0.9893301187483727,0.9937512409666146,25,25,1,Unanimous LP/P-directed,without_addAF_AlphaMissense_f2
NC_000017.11:7674225:A:T,TP53,1,0.9907759147295517,1.0,0.9735159273654573,1.0,0.9996892729696187,1.0,0.9890658064535851,1.0,4.0,1111,0.9882617303795531,0.9930476314559323,24,25,1,Unanimous LP/P-directed,without_addAF_AlphaMissense_f2
NC_000017.11:7674232:C:T,TP53,1,0.9857820360011728,1.0,0.9632666186331638,1.0,0.9997019401861924,1.0,0.9944661795389637,1.0,4.0,1111,0.9858041935898731,0.9914001035128254,25,25,1,Unanimous LP/P-directed,without_addAF_AlphaMissense_f2
NC_000017.11:7674236:G:C,TP53,1,0.997464127375916,1.0,0.9905810876220664,1.0,0.9999906577160593,1.0,0.9918039852984205,1.0,4.0,1111,0.9949599645031156,0.9972954775045383,25,25,1,Unanimous LP/P-directed,without_addAF_AlphaMissense_f2
NC_000017.11:7674241:A:T,TP53,1,0.9958191715830845,1.0,0.9793222652931339,1.0,0.9969560338796019,1.0,0.9939666117024675,1.0,4.0,1111,0.9915160206145719,0.9951633848376399,25,25,1,Unanimous LP/P-directed,without_addAF_AlphaMissense_f2
NC_000017.11:7674250:A:G,TP53,1,0.9986705044466232,1.0,0.9938649061206862,1.0,0.9999431463670392,1.0,0.9919417248648231,1.0,4.0,1111,0.9961050704497929,0.9979711249982286,25,25,1,Unanimous LP/P-directed,without_addAF_AlphaMissense_f2
NC_000017.11:7674252:A:T,TP53,1,0.9911216997064953,1.0,0.9647762692184579,1.0,0.9997027841982338,1.0,0.9913270951363451,1.0,4.0,1111,0.9867319620648831,0.9920265737231134,24,25,1,Unanimous LP/P-directed,without_addAF_AlphaMissense_f2
NC_000017.11:7674262:A:G,TP53,1,0.9959671944522318,1.0,0.9814313495445384,1.0,0.9991515916581091,1.0,0.9942136777787381,1.0,4.0,1111,0.9926909533584044,0.9959050975160845,25,25,1,Unanimous LP/P-directed,without_addAF_AlphaMissense_f2
NC_000017.11:7674267:A:C,TP53,1,0.9714798673873407,1.0,0.9079994827951368,1.0,0.9946376073588208,1.0,0.9850342251019015,1.0,4.0,1111,0.9647877956608,0.9761622413363679,24,25,1,Unanimous LP/P-directed,without_addAF_AlphaMissense_f2
NC_000017.11:7674934:C:A,TP53,1,0.9910206356381643,1.0,0.9767421177001743,1.0,0.9986749239249472,1.0,0.9946511917572034,1.0,4.0,1111,0.9902722172551224,0.9943646256066938,25,25,1,Unanimous LP/P-directed,without_addAF_AlphaMissense_f2
NC_000017.11:7675076:G:C,TP53,1,0.9793037102988376,1.0,0.9273575436741298,1.0,0.9965541909894968,1.0,0.9935949703052085,1.0,4.0,1111,0.9742026038169181,0.9831997107083007,25,25,1,Unanimous LP/P-directed,without_addAF_AlphaMissense_f2
NC_000017.11:7675077:G:T,TP53,1,0.9260225796301496,1.0,0.9173888537233309,1.0,0.9908884550272823,1.0,0.9116780316027608,1.0,4.0,1111,0.9364944799958808,0.9535982848261277,25,25,1,Unanimous LP/P-directed,without_addAF_AlphaMissense_f2
NC_000017.11:7675081:G:C,TP53,1,0.9813404401138318,1.0,0.956910179017702,1.0,0.9946161339744802,1.0,0.9852508811311878,1.0,4.0,1111,0.9795294085593005,0.987040546091716,25,25,1,Unanimous LP/P-directed,without_addAF_AlphaMissense_f2
NC_000017.11:7675108:T:A,TP53,1,0.8364390156142896,1.0,0.809844164046343,1.0,0.8414845400181282,1.0,0.6480114771456856,1.0,4.0,1111,0.7839447992061116,0.8118929594903265,24,25,1,Unanimous LP/P-directed,without_addAF_AlphaMissense_f2
NC_000017.11:7675147:G:T,TP53,1,0.6078900349596611,1.0,0.8459080933533922,1.0,0.6068114224620476,1.0,0.48608891995811343,1.0,4.0,1111,0.6366746176833036,0.6575341981375958,25,25,1,Unanimous LP/P-directed,without_addAF_AlphaMissense_f2
NC_000017.11:7675156:G:C,TP53,1,0.9708470458467161,1.0,0.9416708652383985,1.0,0.9919465800530662,1.0,0.9732591164922251,1.0,4.0,1111,0.9694309019076015,0.9796690679547695,25,25,1,Unanimous LP/P-directed,without_addAF_AlphaMissense_f2
NC_000017.11:7675159:G:C,TP53,1,0.9834171591026554,1.0,0.9451464412508669,1.0,0.9781779185038386,1.0,0.978821053753014,1.0,4.0,1111,0.9713906431525937,0.9811286047348848,25,25,1,Unanimous LP/P-directed,without_addAF_AlphaMissense_f2
NC_000017.11:7675219:T:A,TP53,1,0.9624489061785576,1.0,0.920721485235208,1.0,0.9947508350764206,1.0,0.9913695774134758,1.0,4.0,1111,0.9673227009759156,0.9780850334403092,25,25,1,Unanimous LP/P-directed,without_addAF_AlphaMissense_f2
NC_000017.11:7675231:G:T,TP53,1,0.9951206253698629,1.0,0.9731340159687517,1.0,0.9996606842125548,1.0,0.9918041457002165,1.0,4.0,1111,0.9899298678128465,0.9941425257790009,25,25,1,Unanimous LP/P-directed,without_addAF_AlphaMissense_f2
NC_000017.11:7676043:A:T,TP53,1,0.9997635992003006,1.0,0.999575482861394,1.0,0.9986551664673647,1.0,0.9836648090555231,1.0,4.0,1111,0.9954147643961456,0.9975662393783175,24,25,1,Unanimous LP/P-directed,without_addAF_AlphaMissense_f2
NC_000017.11:43045712:A:T,BRCA1,1,0.9674943854586101,1.0,0.930321105116351,1.0,0.9950157709550809,1.0,0.9902708955853983,1.0,4.0,1111,0.9707755392788602,0.9806718825633193,24,25,1,Unanimous LP/P-directed,without_addAF_AlphaMissense_f2
NC_000017.11:43045747:C:A,BRCA1,1,0.9722209341714646,1.0,0.9354863217107812,1.0,0.9953817958360158,1.0,0.9878670711325922,1.0,4.0,1111,0.9727390307127135,0.9821252432403836,24,25,1,Unanimous LP/P-directed,without_addAF_AlphaMissense_f2
NC_000017.11:43045758:CC:AG,BRCA1,1,,,,,,,,,,,,,1,25,0,,without_addAF_AlphaMissense_f2
NC_000017.11:43045758:C:G,BRCA1,1,0.994240160201949,1.0,0.9833322727450621,1.0,0.9990433897847637,1.0,0.9828389401733579,1.0,4.0,1111,0.9898636907262832,0.9940994866603924,25,25,1,Unanimous LP/P-directed,without_addAF_AlphaMissense_f2
NC_000017.11:43047677:T:G,BRCA1,1,0.8441374476401802,1.0,0.8336051586736504,1.0,0.9095118238957565,1.0,0.7280515477386011,1.0,4.0,1111,0.8288264944870469,0.8561243443891715,24,25,1,Unanimous LP/P-directed,without_addAF_AlphaMissense_f2
NC_000017.11:43049187:A:G,BRCA1,1,0.9885617754225783,1.0,0.9820843304158126,1.0,0.9996142702189427,1.0,0.9892614843157294,1.0,4.0,1111,0.9898804650932657,0.9941103993185184,25,25,1,Unanimous LP/P-directed,without_addAF_AlphaMissense_f2
NC_000017.11:43051062:C:T,BRCA1,1,0.8236516108081845,1.0,0.8777706803099804,1.0,0.8498060088194751,1.0,0.9185504832757624,1.0,4.0,1111,0.8674446958033506,0.8927073081983052,24,25,1,Unanimous LP/P-directed,without_addAF_AlphaMissense_f2
NC_000017.11:43051097:A:T,BRCA1,1,0.9960577073681333,1.0,0.9909961470547609,1.0,0.9963615512559365,1.0,0.9939466886389213,1.0,4.0,1111,0.994340523579438,0.9969220873926593,25,25,1,Unanimous LP/P-directed,without_addAF_AlphaMissense_f2
NC_000017.11:43057071:T:C,BRCA1,1,0.9098092359514356,1.0,0.917799329403037,1.0,0.9938552578281402,1.0,0.9752185173015196,1.0,4.0,1111,0.9491705851210331,0.9639336585408873,24,25,1,Unanimous LP/P-directed,without_addAF_AlphaMissense_f2
NC_000017.11:43057074:C:G,BRCA1,1,0.9807809256185102,1.0,0.9682064198560081,1.0,0.9924479836399926,1.0,0.9858831597384433,1.0,4.0,1111,0.9818296222132386,0.9886615466165625,25,25,1,Unanimous LP/P-directed,without_addAF_AlphaMissense_f2
NC_000017.11:43057077:G:C,BRCA1,1,0.9363071635830363,1.0,0.9509295456322195,1.0,0.9590131833159218,1.0,0.9532957287710673,1.0,4.0,1111,0.9498864053255612,0.964507144830174,24,25,1,Unanimous LP/P-directed,without_addAF_AlphaMissense_f2
NC_000017.11:43057086:C:G,BRCA1,1,0.9746836201781575,1.0,0.9700422884748777,1.0,0.9921829437404031,1.0,0.9879919214695458,1.0,4.0,1111,0.9812251934657461,0.9882379878065843,25,25,1,Unanimous LP/P-directed,without_addAF_AlphaMissense_f2
NC_000017.11:43057121:A:C,BRCA1,1,0.9876128307765124,1.0,0.9775036744673247,1.0,0.9977440930886018,1.0,0.9941446972767449,1.0,4.0,1111,0.989251323902296,0.9936996318159805,25,25,1,Unanimous LP/P-directed,without_addAF_AlphaMissense_f2
NC_000017.11:43063371:C:G,BRCA1,1,0.9889481469745648,1.0,0.9643952068928686,1.0,0.9990479674795208,1.0,0.9931977477158052,1.0,4.0,1111,0.9863972672656899,0.9918011780611259,24,25,1,Unanimous LP/P-directed,without_addAF_AlphaMissense_f2
NC_000017.11:43063881:C:T,BRCA1,1,0.5055500016086731,0.0,0.7444100497323564,1.0,0.5640436002730715,1.0,0.6289748643550634,1.0,3.0,0111,0.6107446289922911,0.629326579029432,25,25,1,Mixed votes,without_addAF_AlphaMissense_f2
NC_000017.11:43063887:A:C,BRCA1,1,0.9213796930168995,1.0,0.8174573790724023,1.0,0.904168528039436,1.0,0.9580881851156905,1.0,4.0,1111,0.9002734463111071,0.922495088657747,25,25,1,Unanimous LP/P-directed,without_addAF_AlphaMissense_f2
NC_000017.11:43063888:C:A,BRCA1,1,0.6892531071407004,1.0,0.9412082477027273,1.0,0.5081703892184173,1.0,0.6673419453713082,1.0,4.0,1111,0.7014934223582884,0.7268942299109716,24,25,1,Unanimous LP/P-directed,without_addAF_AlphaMissense_f2
NC_000017.11:43063909:C:T,BRCA1,1,0.993899989976821,1.0,0.9732020892316631,1.0,0.9999721754626587,1.0,0.9944791939593665,1.0,4.0,1111,0.9903883621576274,0.994439761745897,25,25,1,Unanimous LP/P-directed,without_addAF_AlphaMissense_f2
NC_000017.11:43063927:T:C,BRCA1,1,0.9777387206869508,1.0,0.926925103649977,1.0,0.9707702858457464,1.0,0.9888763256758255,1.0,4.0,1111,0.966077608964625,0.9771430119711065,25,25,1,Unanimous LP/P-directed,without_addAF_AlphaMissense_f2
NC_000017.11:43063929:C:A,BRCA1,1,0.9966480940531713,1.0,0.9889988655281426,1.0,0.9998896451527562,1.0,0.9944791939593665,1.0,4.0,1111,0.9950039496733591,0.9973217936164112,25,25,1,Unanimous LP/P-directed,without_addAF_AlphaMissense_f2
NC_000017.11:43067609:G:C,BRCA1,1,0.9800566451563871,1.0,0.9756498051207828,1.0,0.9094937417532201,1.0,0.945793064960901,1.0,4.0,1111,0.9527483142478228,0.9667883212001259,24,25,1,Unanimous LP/P-directed,without_addAF_AlphaMissense_f2
NC_000017.11:43076487:C:G,BRCA1,1,0.9079728648077283,1.0,0.9038809157488863,1.0,0.9813208947398104,1.0,0.9555605174021052,1.0,4.0,1111,0.9371837981746326,0.9541686082334548,24,25,1,Unanimous LP/P-directed,without_addAF_AlphaMissense_f2
NC_000017.11:43104881:T:C,BRCA1,1,0.9306435011239316,1.0,0.8876334979327735,1.0,0.930013499630649,1.0,0.9446908563834623,1.0,4.0,1111,0.9232453387677041,0.9424682075090994,24,25,1,Unanimous LP/P-directed,without_addAF_AlphaMissense_f2
NC_000017.11:43106455:C:G,BRCA1,1,0.99933094472564,1.0,0.9993042397894616,1.0,0.9909663355225563,1.0,0.9899361140063104,1.0,4.0,1111,0.994884408510992,0.9972502097732525,24,25,1,Unanimous LP/P-directed,without_addAF_AlphaMissense_f2
NC_000017.11:43115728:C:G,BRCA1,1,0.9874209940674964,1.0,0.9571186439162076,1.0,0.9992931761608819,1.0,0.9944791939593665,1.0,4.0,1111,0.9845780020259881,0.9905643462591757,25,25,1,Unanimous LP/P-directed,without_addAF_AlphaMissense_f2
NC_000017.11:43115728:C:T,BRCA1,1,0.9947735018561779,1.0,0.9803550575065163,1.0,0.9998704584616652,1.0,0.9931590520426231,1.0,4.0,1111,0.9920395174667456,0.9954954880842269,25,25,1,Unanimous LP/P-directed,without_addAF_AlphaMissense_f2
NC_000017.11:43115729:A:G,BRCA1,1,0.9942142259165301,1.0,0.9768605128715948,1.0,0.9998909695742403,1.0,0.9934051035469205,1.0,4.0,1111,0.9910927029773214,0.9948930208677691,25,25,1,Unanimous LP/P-directed,without_addAF_AlphaMissense_f2
NC_000017.11:43115729:A:T,BRCA1,1,0.9878794676168866,1.0,0.955130327475074,1.0,0.9992961195585403,1.0,0.9944791939593665,1.0,4.0,1111,0.9841962771524668,0.9903024415750227,25,25,1,Unanimous LP/P-directed,without_addAF_AlphaMissense_f2
NC_000017.11:43115737:T:A,BRCA1,1,0.9926165586190009,1.0,0.9687083002347212,1.0,0.9999390533299051,1.0,0.9934051035469205,1.0,4.0,1111,0.9886672539326369,0.993315658652264,25,25,1,Unanimous LP/P-directed,without_addAF_AlphaMissense_f2
NC_000017.11:43115738:G:A,BRCA1,1,0.9908232821493761,1.0,0.9577902924273465,1.0,0.9999151065899737,1.0,0.9944791939593665,1.0,4.0,1111,0.9857519687815157,0.9913646849594113,25,25,1,Unanimous LP/P-directed,without_addAF_AlphaMissense_f2
NC_000017.11:43115743:C:T,BRCA1,1,0.9959986415985296,1.0,0.9827512347717863,1.0,0.9999922419691926,1.0,0.9931590520426231,1.0,4.0,1111,0.9929752925955329,0.9960825438631041,25,25,1,Unanimous LP/P-directed,without_addAF_AlphaMissense_f2
NC_000017.11:43124022:G:A,BRCA1,1,0.8699620416411066,1.0,0.7989099512946688,1.0,0.963533125280674,1.0,0.961308036233467,1.0,4.0,1111,0.898428288612479,0.9208574196759567,24,25,1,Unanimous LP/P-directed,without_addAF_AlphaMissense_f2
NC_000017.11:43124043:A:C,BRCA1,1,0.9818904689093155,1.0,0.9866514238210005,1.0,0.9837966679368693,1.0,0.9808048492018955,1.0,4.0,1111,0.9832858524672702,0.989674624181683,24,25,1,Unanimous LP/P-directed,without_addAF_AlphaMissense_f2
NC_000017.11:43124094:A:C,BRCA1,1,0.9993390174653888,1.0,0.9989548551269327,1.0,0.9999311264881524,1.0,0.994431898007352,1.0,4.0,1111,0.9981642242719565,0.999122616276926,22,25,1,Unanimous LP/P-directed,without_addAF_AlphaMissense_f2
NC_000017.11:58695178:A:C,RAD51C,1,0.9998412276586973,1.0,0.9935826666256383,1.0,0.986968384260163,1.0,0.9828411021256617,1.0,4.0,1111,0.9908083451675401,0.9947105321948647,25,25,1,Unanimous LP/P-directed,without_addAF_AlphaMissense_f2
NC_000017.11:58695189:G:C,RAD51C,1,,,,,,,,,,,,,2,25,0,,without_addAF_AlphaMissense_f2
NC_000017.11:61743012:C:A,BRIP1,1,0.9995490436977016,1.0,0.9997659986843359,1.0,0.9387490226537362,1.0,0.9461407040927133,1.0,4.0,1111,0.9710511922821218,0.980876716903935,24,25,1,Unanimous LP/P-directed,without_addAF_AlphaMissense_f2
NC_000017.11:61808619:C:G,BRIP1,1,0.9933344141207148,1.0,0.9620447066313882,1.0,0.9944421858801894,1.0,0.9815921765039278,1.0,4.0,1111,0.9828533707840551,0.98937487002692,24,25,1,Unanimous LP/P-directed,without_addAF_AlphaMissense_f2
NC_000019.10:1220434:A:G,STK11,1,0.9971740045235131,1.0,0.9852345503166452,1.0,0.9999436060937325,1.0,0.9942063376505945,1.0,4.0,1111,0.9941396246461214,0.9967999222027637,25,25,1,Unanimous LP/P-directed,without_addAF_AlphaMissense_f2
NC_000019.10:1220489:C:G,STK11,1,0.998499363127275,1.0,0.9877888092282425,1.0,0.9999702223177408,1.0,0.9939007979928733,1.0,4.0,1111,0.9950397981665329,0.9973432214722814,25,25,1,Unanimous LP/P-directed,without_addAF_AlphaMissense_f2
NC_000019.10:1221976:G:T,STK11,1,0.9960126198269788,1.0,0.9832062207769782,1.0,0.9976655851800672,1.0,0.9927709848027189,1.0,4.0,1111,0.9924138526466857,0.9957313739266722,25,25,1,Unanimous LP/P-directed,without_addAF_AlphaMissense_f2
NC_000019.10:1222986:G:T,STK11,1,0.9944453329051778,1.0,0.9940018318178806,1.0,0.9826719757530951,1.0,0.9810776401655656,1.0,4.0,1111,0.9880491951604298,0.9929067026426407,25,25,1,Unanimous LP/P-directed,without_addAF_AlphaMissense_f2
NC_000002.12:214797063:C:T,BARD1,1,0.9817052641242668,1.0,0.8663777614604109,1.0,0.9627921379018897,1.0,0.9130551179026369,1.0,4.0,1111,0.9309825703473011,0.94900592886991,24,25,1,Unanimous LP/P-directed,without_addAF_AlphaMissense_f2
NC_000022.11:28725069:C:G,CHEK2,1,0.9899921956792075,1.0,0.9745762647253807,1.0,0.9921528497337684,1.0,0.989702424003533,1.0,4.0,1111,0.9866059335354724,0.9919417829562738,24,25,1,Unanimous LP/P-directed,without_addAF_AlphaMissense_f2
NC_000002.12:214752453:C:G,BARD1,0,0.08251384793759178,0.0,0.0009172070656203183,0.0,0.0007661029249950662,0.0,0.009365700711067293,0.0,0.0,0000,0.023390714659818616,0.015904648428161628,23,25,1,Unanimous B/LB-directed,without_addAF_AlphaMissense_f2
NC_000002.12:214781151:G:C,BARD1,0,0.0005966566338236102,0.0,0.0008487819352202277,0.0,0.09550203462344262,0.0,0.01828241806385208,0.0,0.0,0000,0.028807472814084634,0.02009262684705073,24,25,1,Unanimous B/LB-directed,without_addAF_AlphaMissense_f2
NC_000008.11:89947855:C:T,NBN,0,0.00844980545607007,0.0,8.378730093677142e-05,0.0,0.026274010838299472,0.0,0.0088519095969378,0.0,0.0,0000,0.010914878298061027,0.006776337321335954,24,25,1,Unanimous B/LB-directed,without_addAF_AlphaMissense_f2
NC_000009.12:95111287:G:A,FANCC,0,,,,,,,,,,,,,2,25,0,,without_addAF_AlphaMissense_f2
NC_000009.12:95125108:C:T,FANCC,0,0.0084885415934072,0.0,0.00011053813060507132,0.0,0.016424413978872482,0.0,0.00729983868067092,0.0,0.0,0000,0.008080833095888917,0.004843403591613732,25,25,1,Unanimous B/LB-directed,without_addAF_AlphaMissense_f2
NC_000009.12:95172076:C:T,FANCC,0,0.0028786437749199595,0.0,9.053575241905425e-05,0.0,0.012596196135981898,0.0,0.035506332578641116,0.0,0.0,0000,0.012767927060490507,0.008074669847649495,25,25,1,Unanimous B/LB-directed,without_addAF_AlphaMissense_f2
NC_000010.11:87862095:T:C,PTEN,0,,,,,,,,,,,,,1,25,0,,without_addAF_AlphaMissense_f2
NC_000010.11:87864031:T:C,PTEN,0,,,,,,,,,,,,,2,25,0,,without_addAF_AlphaMissense_f2
NC_000010.11:87864460:C:G,PTEN,0,,,,,,,,,,,,,2,25,0,,without_addAF_AlphaMissense_f2
NC_000010.11:87965320:C:A,PTEN,0,0.28578847023858167,0.0,0.36434586365937216,0.0,0.3348845513027643,0.0,0.2278599318759713,0.0,0.0,0000,0.30321970426917233,0.2894738627157563,25,25,1,Unanimous B/LB-directed,without_addAF_AlphaMissense_f2
NC_000011.10:108271260:T:C,ATM,0,0.005329426469642212,0.0,0.005761442877305616,0.0,0.15002876284148933,0.0,0.02182150719840665,0.0,0.0,0000,0.04573528484671095,0.033793617732879824,25,25,1,Unanimous B/LB-directed,without_addAF_AlphaMissense_f2
NC_000011.10:108289004:C:T,ATM,0,0.007119939371516958,0.0,1.5513692841398106e-05,0.0,0.0009378603690152171,0.0,0.009459465343469628,0.0,0.0,0000,0.0043831946942108,0.0024475551096219076,24,25,1,Unanimous B/LB-directed,without_addAF_AlphaMissense_f2
NC_000011.10:108307914:G:A,ATM,0,0.025052876522471918,0.0,0.0026230069627540538,0.0,0.026806828560233358,0.0,0.007663265386843136,0.0,0.0,0000,0.015536494358075617,0.010057044097894107,25,25,1,Unanimous B/LB-directed,without_addAF_AlphaMissense_f2
NC_000011.10:108310217:G:C,ATM,0,0.4083585203535311,0.0,0.4290597422239379,0.0,0.41285279931063334,1.0,0.5816219958753535,1.0,2.0,0011,0.45797326444086395,0.46020684317248955,25,25,1,Mixed votes,without_addAF_AlphaMissense_f2
NC_000011.10:108317408:G:A,ATM,0,0.023717193282411432,0.0,8.578692362196924e-06,0.0,0.00013341691653834955,0.0,0.008978810064383756,0.0,0.0,0000,0.008209499738923935,0.004929592146228482,25,25,1,Unanimous B/LB-directed,without_addAF_AlphaMissense_f2
NC_000013.11:32326267:C:A,BRCA2,0,0.33932205340767,0.0,0.48828834047439806,0.0,0.20499238782192641,0.0,0.02145778023021464,0.0,0.0,0000,0.2635151404835523,0.24678899112981634,22,25,1,Unanimous B/LB-directed,without_addAF_AlphaMissense_f2
NC_000013.11:32332308:T:G,BRCA2,0,0.020051876489089963,0.0,0.0029782460434456134,0.0,0.013016917728558643,0.0,0.008185568439241831,0.0,0.0,0000,0.011058152175084011,0.006875823699480534,22,25,1,Unanimous B/LB-directed,without_addAF_AlphaMissense_f2
NC_000013.11:32332517:A:G,BRCA2,0,0.00464025345621915,0.0,0.0004343559461644575,0.0,0.0011264517393063467,0.0,0.006342111921280658,0.0,0.0,0000,0.003135793265742653,0.0016849712136535713,22,25,1,Unanimous B/LB-directed,without_addAF_AlphaMissense_f2
NC_000013.11:32332600:C:T,BRCA2,0,0.010545714950247597,0.0,8.18152537872055e-05,0.0,0.0004871261516286161,0.0,0.007049549241618113,0.0,0.0,0000,0.004541051399320383,0.0025460502373538894,22,25,1,Unanimous B/LB-directed,without_addAF_AlphaMissense_f2
NC_000013.11:32333275:T:C,BRCA2,0,0.016060031234108107,0.0,0.0019237129705388062,0.0,0.0011687906908662777,0.0,0.006904626236286543,0.0,0.0,0000,0.006514290282949933,0.003807874124263072,22,25,1,Unanimous B/LB-directed,without_addAF_AlphaMissense_f2
NC_000013.11:32337281:C:T,BRCA2,0,0.0051146459036201875,0.0,0.003254182059672901,0.0,0.001419065604079794,0.0,0.006270472231748336,0.0,0.0,0000,0.004014591449780305,0.0022191965620351754,22,25,1,Unanimous B/LB-directed,without_addAF_AlphaMissense_f2
NC_000013.11:32337314:A:T,BRCA2,0,0.005125201544852965,0.0,0.002094760984604877,0.0,0.001701776330278662,0.0,0.007410377204187699,0.0,0.0,0000,0.004083029015981051,0.002261417086942905,22,25,1,Unanimous B/LB-directed,without_addAF_AlphaMissense_f2
NC_000013.11:32337658:A:T,BRCA2,0,0.012739480202385384,0.0,0.01633745199198803,0.0,0.02741694752757318,0.0,0.019230148588643938,0.0,0.0,0000,0.018931007077647635,0.012547503935865848,22,25,1,Unanimous B/LB-directed,without_addAF_AlphaMissense_f2
NC_000013.11:32337922:C:T,BRCA2,0,0.01438596750525867,0.0,0.008343672320032237,0.0,0.037158842455339104,0.0,0.012646230424915183,0.0,0.0,0000,0.018133678176386298,0.011957110591644822,22,25,1,Unanimous B/LB-directed,without_addAF_AlphaMissense_f2
NC_000013.11:32337929:T:G,BRCA2,0,0.014165538079363731,0.0,0.0024722103986012612,0.0,0.014105310188067613,0.0,0.009023877970160897,0.0,0.0,0000,0.009941734159048376,0.006104875651139602,22,25,1,Unanimous B/LB-directed,without_addAF_AlphaMissense_f2
NC_000013.11:32338036:A:G,BRCA2,0,0.0217691775570084,0.0,0.07782061639596075,0.0,0.00749960730983977,0.0,0.008543063883745115,0.0,0.0,0000,0.02890811628663851,0.020171469033210383,22,25,1,Unanimous B/LB-directed,without_addAF_AlphaMissense_f2
NC_000013.11:32338415:C:T,BRCA2,0,0.006472724380959585,0.0,0.0010879887684241464,0.0,0.0017983360493040953,0.0,0.006135629322621119,0.0,0.0,0000,0.0038736696303272363,0.0021325242011515926,22,25,1,Unanimous B/LB-directed,without_addAF_AlphaMissense_f2
NC_000013.11:32338939:G:A,BRCA2,0,0.18441684901907393,0.0,0.16069373123314898,0.0,0.3631719069244145,0.0,0.488569821343806,1.0,1.0,0001,0.2992130771301108,0.28513609113138433,22,25,1,Mixed votes,without_addAF_AlphaMissense_f2
NC_000013.11:32339524:A:G,BRCA2,0,0.016465222546755056,0.0,0.0004438779861416494,0.0,0.00026197453342033936,0.0,0.00786952620566687,0.0,0.0,0000,0.006260150317995979,0.0036424802363232834,22,25,1,Unanimous B/LB-directed,without_addAF_AlphaMissense_f2
NC_000013.11:32339666:G:A,BRCA2,0,0.024425074454221936,0.0,0.0009672655412480674,0.0,0.0007650728508172261,0.0,0.0073086035347259305,0.0,0.0,0000,0.008366504095253292,0.005034981370806571,22,25,1,Unanimous B/LB-directed,without_addAF_AlphaMissense_f2
NC_000013.11:32339906:T:G,BRCA2,0,0.06553442842341842,0.0,0.02392584677112663,0.0,0.0034086291861025776,0.0,0.010936338925449554,0.0,0.0,0000,0.025951310826524295,0.017870424184774962,22,25,1,Unanimous B/LB-directed,without_addAF_AlphaMissense_f2
NC_000013.11:32340233:G:A,BRCA2,0,0.018919889209728834,0.0,0.0013421079283262582,0.0,0.0014803117686244345,0.0,0.006738463005453246,0.0,0.0,0000,0.007120192978033193,0.004205235310867375,22,25,1,Unanimous B/LB-directed,without_addAF_AlphaMissense_f2
NC_000013.11:32340497:A:T,BRCA2,0,0.011379545007925826,0.0,0.006737343434424536,0.0,0.00886316416024483,0.0,0.007892964603220589,0.0,0.0,0000,0.008718254301453945,0.005271946822050196,22,25,1,Unanimous B/LB-directed,without_addAF_AlphaMissense_f2
NC_000013.11:32346841:G:A,BRCA2,0,0.818384714023053,1.0,0.8040126038919114,1.0,0.6647950632749512,1.0,0.6673437218012598,1.0,4.0,1111,0.7386340257477939,0.7657043654155744,22,25,1,Unanimous LP/P-directed,without_addAF_AlphaMissense_f2
NC_000013.11:32355159:A:T,BRCA2,0,0.08143221489680279,0.0,0.04884300573531907,0.0,0.018250436423140153,0.0,0.018895410654109334,0.0,0.0,0000,0.04185526692734283,0.03058199551188889,22,25,1,Unanimous B/LB-directed,without_addAF_AlphaMissense_f2
NC_000013.11:32357882:C:T,BRCA2,0,0.8287493693360171,1.0,0.7931472489900251,1.0,0.7511418560372122,1.0,0.4056275010255336,1.0,4.0,1111,0.6946664938471969,0.7196793776506637,22,25,1,Unanimous LP/P-directed,without_addAF_AlphaMissense_f2
NC_000013.11:32370992:G:A,BRCA2,0,0.8444473902061056,1.0,0.7794573861720571,1.0,0.6124971741065637,1.0,0.7669461321387061,1.0,4.0,1111,0.7508370206558581,0.7782785011898906,22,25,1,Unanimous LP/P-directed,without_addAF_AlphaMissense_f2
NC_000013.11:32379478:C:T,BRCA2,0,0.05552026926945707,0.0,0.12022825705403517,0.0,0.0717757477883832,0.0,0.026503449097957106,0.0,0.0,0000,0.06850693080245814,0.05332581738519134,22,25,1,Unanimous B/LB-directed,without_addAF_AlphaMissense_f2
NC_000015.10:90794208:A:G,BLM,0,0.003138777817408186,0.0,0.00866472093648861,0.0,0.007291324232725163,0.0,0.011056685917014556,0.0,0.0,0000,0.007537877225909128,0.00448152709822752,25,25,1,Unanimous B/LB-directed,without_addAF_AlphaMissense_f2
NC_000016.10:23624048:C:T,PALB2,0,0.0003934249458003456,0.0,0.00018488897063115197,0.0,0.013847998958677544,0.0,0.00753118981552537,0.0,0.0,0000,0.005489375672658603,0.00314581886711231,25,25,1,Unanimous B/LB-directed,without_addAF_AlphaMissense_f2
NC_000016.10:23630018:G:A,PALB2,0,0.024968527102954073,0.0,3.6605521085735494e-06,0.0,0.0005681126212689893,0.0,0.011315926522970839,0.0,0.0,0000,0.00921405669982562,0.005607895943548972,25,25,1,Unanimous B/LB-directed,without_addAF_AlphaMissense_f2
NC_000016.10:23630139:C:G,PALB2,0,0.014563529535744734,0.0,5.061712161171418e-05,0.0,0.0009527880570846291,0.0,0.005721805034649137,0.0,0.0,0000,0.005322184937272554,0.0030391288218169807,24,25,1,Unanimous B/LB-directed,without_addAF_AlphaMissense_f2
NC_000016.10:23634869:T:C,PALB2,0,0.011232227463562325,0.0,1.2201648993989708e-05,0.0,0.00018582894630857991,0.0,0.006829694603896453,0.0,0.0,0000,0.004564988165690337,0.0025610209575927982,24,25,1,Unanimous B/LB-directed,without_addAF_AlphaMissense_f2
NC_000016.10:68738372:C:T,CDH1,0,0.00792254638611627,0.0,0.01686053895117879,0.0,0.05607571631322974,0.0,0.08237563152293928,0.0,0.0,0000,0.04080860829336602,0.02972232817057804,24,25,1,Unanimous B/LB-directed,without_addAF_AlphaMissense_f2
NC_000016.10:68801875:C:T,CDH1,0,0.006971875468146631,0.0,0.008941313380201932,0.0,0.018678031008375277,0.0,0.024274515200107764,0.0,0.0,0000,0.0147164337642079,0.00946493938297376,24,25,1,Unanimous B/LB-directed,without_addAF_AlphaMissense_f2
NC_000016.10:68808706:A:C,CDH1,0,0.003410854181057673,0.0,0.00043778303326796707,0.0,0.02132523930911204,0.0,0.011215054868670731,0.0,0.0,0000,0.009097232848027104,0.00552853799379849,25,25,1,Unanimous B/LB-directed,without_addAF_AlphaMissense_f2
NC_000016.10:68811742:G:A,CDH1,0,0.0009050564072040841,0.0,0.0055853373595350555,0.0,0.021041813043935303,0.0,0.016419139931941284,0.0,0.0,0000,0.01098783668565393,0.006826978476573042,25,25,1,Unanimous B/LB-directed,without_addAF_AlphaMissense_f2
NC_000016.10:68811854:G:A,CDH1,0,0.8384040571600561,1.0,0.7708507538960832,1.0,0.7718048535293781,1.0,0.6711715880544785,1.0,4.0,1111,0.763057813159999,0.790774545272288,25,25,1,Unanimous LP/P-directed,without_addAF_AlphaMissense_f2
NC_000016.10:68813352:T:A,CDH1,0,0.28671726922797497,0.0,0.7007111759111372,1.0,0.6789798498312227,1.0,0.6674245421787187,1.0,3.0,0111,0.5834582092872634,0.5994226702724897,24,25,1,Mixed votes,without_addAF_AlphaMissense_f2
NC_000016.10:68823538:G:A,CDH1,0,0.04231211172181045,0.0,5.500656245988477e-05,0.0,0.003947650009903684,0.0,0.011855869003245784,0.0,0.0,0000,0.014542659324354952,0.00933998352515371,25,25,1,Unanimous B/LB-directed,without_addAF_AlphaMissense_f2
NC_000016.10:68823592:C:G,CDH1,0,0.030421765744303143,0.0,0.03009009274981111,0.0,0.013125803212457302,0.0,0.01436933919821634,0.0,0.0,0000,0.022001750226196975,0.014849579494109134,25,25,1,Unanimous B/LB-directed,without_addAF_AlphaMissense_f2
NC_000016.10:68833343:G:A,CDH1,0,0.6366392713961616,1.0,0.47944183688633707,0.0,0.602393828886691,1.0,0.9279275469159821,1.0,3.0,1011,0.6616006210212929,0.6844205746737965,25,25,1,Mixed votes,without_addAF_AlphaMissense_f2
NC_000016.10:89738889:C:T,FANCA,0,0.01106821424050628,0.0,7.794631091659313e-05,0.0,0.0025645834713643417,0.0,0.00667421043806331,0.0,0.0,0000,0.005096238615212631,0.0028955711042102246,24,25,1,Unanimous B/LB-directed,without_addAF_AlphaMissense_f2
NC_000016.10:89738890:G:A,FANCA,0,,,,,,,,,,,,,2,25,0,,without_addAF_AlphaMissense_f2
NC_000016.10:89738931:G:A,FANCA,0,,,,,,,,,,,,,2,25,0,,without_addAF_AlphaMissense_f2
NC_000016.10:89738932:C:T,FANCA,0,,,,,,,,,,,,,2,25,0,,without_addAF_AlphaMissense_f2
NC_000016.10:89739263:C:T,FANCA,0,0.024642301279292365,0.0,2.3391305188756425e-05,0.0,0.0006203758880082045,0.0,0.00596002759346265,0.0,0.0,0000,0.007811524016487994,0.004663536318894478,25,25,1,Unanimous B/LB-directed,without_addAF_AlphaMissense_f2
NC_000016.10:89770569:G:A,FANCA,0,0.008522248542686427,0.0,0.004858628109275264,0.0,0.14298895623353522,0.0,0.021468062124099567,0.0,0.0,0000,0.04445947375239912,0.03273336917075575,25,25,1,Unanimous B/LB-directed,without_addAF_AlphaMissense_f2
NC_000016.10:89771807:G:A,FANCA,0,0.001547556074108467,0.0,8.868494818371936e-05,0.0,0.0126306095254487,0.0,0.01755395813374423,0.0,0.0,0000,0.007955202170371278,0.004759406303222552,25,25,1,Unanimous B/LB-directed,without_addAF_AlphaMissense_f2
NC_000017.11:7670615:G:A,TP53,0,0.09851971959570448,0.0,0.2298567077767291,0.0,0.2962864113029501,0.0,0.1877320825169995,0.0,0.0,0000,0.20309873029809578,0.18341472714964352,25,25,1,Unanimous B/LB-directed,without_addAF_AlphaMissense_f2
NC_000017.11:7670693:C:G,TP53,0,0.02244497134620593,0.0,0.057066982366968395,0.0,0.08976753447189827,0.0,0.03347300983181563,0.0,0.0,0000,0.050688124504222054,0.03794689073215172,25,25,1,Unanimous B/LB-directed,without_addAF_AlphaMissense_f2
NC_000017.11:7673311:A:C,TP53,0,,,,,,,,,,,,,2,25,0,,without_addAF_AlphaMissense_f2
NC_000017.11:7673335:G:C,TP53,0,,,,,,,,,,,,,2,25,0,,without_addAF_AlphaMissense_f2
NC_000017.11:7673592:G:C,TP53,0,0.0004322080914890654,0.0,0.00021237767335652096,0.0,0.007065415385890084,0.0,0.010078446354034766,0.0,0.0,0000,0.004447111876192609,0.002487387326568998,25,25,1,Unanimous B/LB-directed,without_addAF_AlphaMissense_f2
NC_000017.11:7673750:C:T,TP53,0,0.004357698771206789,0.0,0.0003626950486696179,0.0,0.021122058745951133,0.0,0.01111695021388957,0.0,0.0,0000,0.009239850694929278,0.0056254340213867686,25,25,1,Unanimous B/LB-directed,without_addAF_AlphaMissense_f2
NC_000017.11:7674958:G:C,TP53,0,0.11372061312469488,0.0,0.2821119307982484,0.0,0.28922991349125177,0.0,0.2884762378377824,0.0,0.0,0000,0.24338467381299436,0.2254359871387549,24,25,1,Unanimous B/LB-directed,without_addAF_AlphaMissense_f2
NC_000017.11:7675998:A:T,TP53,0,0.05195067805426069,0.0,0.12207408142787368,0.0,0.3578840052852381,0.0,0.582983681097673,1.0,1.0,0001,0.2787231114662614,0.2630557378543287,25,25,1,Mixed votes,without_addAF_AlphaMissense_f2
NC_000017.11:7676151:C:T,TP53,0,0.003961986454791661,0.0,1.3563677258511302e-05,0.0,0.009823559362421826,0.0,0.0054369564475490245,0.0,0.0,0000,0.004809016485505256,0.0027141597784449568,25,25,1,Unanimous B/LB-directed,without_addAF_AlphaMissense_f2
NC_000017.11:7676153:G:T,TP53,0,0.0011333217392489928,0.0,0.00017022668473117372,0.0,0.00465366931946633,0.0,0.005398544680022893,0.0,0.0,0000,0.0028389406058673475,0.0015081941496562193,25,25,1,Unanimous B/LB-directed,without_addAF_AlphaMissense_f2
NC_000017.11:7676180:G:A,TP53,0,0.0030426715629484624,0.0,0.0003999627973068778,0.0,0.00281320637145164,0.0,0.007151723864399784,0.0,0.0,0000,0.0033518911490266912,0.0018148945384367358,25,25,1,Unanimous B/LB-directed,without_addAF_AlphaMissense_f2
NC_000017.11:7676181:C:T,TP53,0,0.0052069535430725854,0.0,0.000862437198530171,0.0,0.003185781467490969,0.0,0.006924614844970822,0.0,0.0,0000,0.004044946763516137,0.002237913108491097,24,25,1,Unanimous B/LB-directed,without_addAF_AlphaMissense_f2
NC_000017.11:43045697:T:G,BRCA1,0,0.0029997304539263235,0.0,0.00012656668936121386,0.0,0.0010000798066333533,0.0,0.00588419443117547,0.0,0.0,0000,0.00250264284527409,0.001310507929927978,24,25,1,Unanimous B/LB-directed,without_addAF_AlphaMissense_f2
NC_000017.11:43071073:G:A,BRCA1,0,0.023007759082300048,0.0,9.362166235437457e-05,0.0,0.0009483344807524212,0.0,0.011510516910664185,0.0,0.0,0000,0.008890058034017757,0.005388106109321457,25,25,1,Unanimous B/LB-directed,without_addAF_AlphaMissense_f2
NC_000017.11:43071097:T:C,BRCA1,0,0.005262560621058376,0.0,0.0018101726474137178,0.0,0.05934321728204505,0.0,0.039805392213988315,0.0,0.0,0000,0.026555335691126364,0.018337864923504595,25,25,1,Unanimous B/LB-directed,without_addAF_AlphaMissense_f2
NC_000017.11:43071222:A:G,BRCA1,0,0.008551992953211116,0.0,0.01994388345535919,0.0,0.033884987664611226,0.0,0.013136324274370118,0.0,0.0,0000,0.018879297086887913,0.012509118716435527,25,25,1,Unanimous B/LB-directed,without_addAF_AlphaMissense_f2
NC_000017.11:43074369:C:T,BRCA1,0,0.015243920126216504,0.0,8.50342549763086e-06,0.0,0.0018023855322957536,0.0,0.007246122905444867,0.0,0.0,0000,0.006075232997363688,0.0035226319744743576,25,25,1,Unanimous B/LB-directed,without_addAF_AlphaMissense_f2
NC_000017.11:43082433:G:C,BRCA1,0,0.009532704866049808,0.0,0.00020067474669728787,0.0,0.012497585868743222,0.0,0.06441021080009986,0.0,0.0,0000,0.021660294070397546,0.01459147762747623,25,25,1,Unanimous B/LB-directed,without_addAF_AlphaMissense_f2
NC_000017.11:43091494:C:T,BRCA1,0,0.0015133092967745507,0.0,0.000990735334476863,0.0,0.0027572609103724854,0.0,0.0059836949945256505,0.0,0.0,0000,0.0028112501340373875,0.0014918098237441208,25,25,1,Unanimous B/LB-directed,without_addAF_AlphaMissense_f2
NC_000017.11:43091873:C:G,BRCA1,0,0.047561922933908714,0.0,0.06043621713997127,0.0,0.0869937696577112,0.0,0.1066460211487422,0.0,0.0,0000,0.07540948272008335,0.059445001357337726,25,25,1,Unanimous B/LB-directed,without_addAF_AlphaMissense_f2
NC_000017.11:43091930:C:G,BRCA1,0,0.001362250175658165,0.0,0.0002179736794100219,0.0,0.0012820716641438802,0.0,0.0064686925695813255,0.0,0.0,0000,0.0023327470221983482,0.0012117735786835754,25,25,1,Unanimous B/LB-directed,without_addAF_AlphaMissense_f2
NC_000017.11:43092228:C:T,BRCA1,0,0.02135018078740173,0.0,0.0015371816788600117,0.0,0.00838260789657379,0.0,0.015769356374540543,0.0,0.0,0000,0.011759831684344019,0.007365280291811089,25,25,1,Unanimous B/LB-directed,without_addAF_AlphaMissense_f2
NC_000017.11:43092234:G:A,BRCA1,0,0.001163256907887322,0.0,0.0022866128525724735,0.0,0.011647804170015073,0.0,0.012800517850666316,0.0,0.0,0000,0.0069745479452852956,0.004109339282114184,25,25,1,Unanimous B/LB-directed,without_addAF_AlphaMissense_f2
NC_000017.11:43092595:G:A,BRCA1,0,0.0050474809689478005,0.0,0.00018708128408676672,0.0,0.0023025604327829726,0.0,0.006133002639706068,0.0,0.0,0000,0.003417531331380902,0.0018545546796470628,25,25,1,Unanimous B/LB-directed,without_addAF_AlphaMissense_f2
NC_000017.11:43092651:C:T,BRCA1,0,0.04794229325610538,0.0,0.007927924928358851,0.0,0.09969258890729465,0.0,0.05315988116996805,0.0,0.0,0000,0.052180672065431734,0.03920964560541902,25,25,1,Unanimous B/LB-directed,without_addAF_AlphaMissense_f2
NC_000017.11:43092933:C:T,BRCA1,0,0.2402171643511213,0.0,0.5135899813450525,0.0,0.2714586555597962,0.0,0.029414810186747305,0.0,0.0,0000,0.26367015286067935,0.24695423248739617,25,25,1,Unanimous B/LB-directed,without_addAF_AlphaMissense_f2
NC_000017.11:43092964:A:G,BRCA1,0,0.00011394121122954576,0.0,0.00012085905590822534,0.0,0.03299875462371885,0.0,0.010734435955387917,0.0,0.0,0000,0.010991997711561135,0.006829867916088635,25,25,1,Unanimous B/LB-directed,without_addAF_AlphaMissense_f2
NC_000017.11:43093008:C:T,BRCA1,0,0.005062276100077591,0.0,3.6605521085735494e-06,0.0,0.000549793518027573,0.0,0.007267073037206285,0.0,0.0,0000,0.0032207008018550055,0.0017358998033523332,25,25,1,Unanimous B/LB-directed,without_addAF_AlphaMissense_f2
NC_000017.11:43093102:T:A,BRCA1,0,0.015617989390258059,0.0,0.07157356589334078,0.0,0.033025646302388016,0.0,0.022020290454662233,0.0,0.0,0000,0.03555937301016227,0.02545658353362448,25,25,1,Unanimous B/LB-directed,without_addAF_AlphaMissense_f2
NC_000017.11:43093179:G:A,BRCA1,0,0.002523465777895362,0.0,0.004648998647942842,0.0,0.0567484065338048,0.0,0.010218958446949635,0.0,0.0,0000,0.01853495735164816,0.01225384639487034,25,25,1,Unanimous B/LB-directed,without_addAF_AlphaMissense_f2
NC_000017.11:43094494:G:A,BRCA1,0,0.0036060107490638515,0.0,4.021084192337783e-05,0.0,0.009746559677548798,0.0,0.031615559796239805,0.0,0.0,0000,0.011252085266193958,0.00701073524562977,25,25,1,Unanimous B/LB-directed,without_addAF_AlphaMissense_f2
NC_000017.11:43099785:T:C,BRCA1,0,0.0987251637837061,0.0,0.09507399362980079,0.0,0.20499153591711067,0.0,0.03525276899994363,0.0,0.0,0000,0.1085108655826403,0.0898200914094924,25,25,1,Unanimous B/LB-directed,without_addAF_AlphaMissense_f2
NC_000010.11:87864140:C:T,PTEN,0,,,,,,,,,,,,,2,25,0,,without_addAF_AlphaMissense_f2
NC_000011.10:108243958:T:A,ATM,0,0.011235945238477688,0.0,0.004126232899626108,0.0,0.011737500038918644,0.0,0.007145553721773818,0.0,0.0,0000,0.008561307974699065,0.005166071895766662,25,25,1,Unanimous B/LB-directed,without_addAF_AlphaMissense_f2
NC_000011.10:108253842:T:C,ATM,0,0.0096644615110651,0.0,8.208067114250518e-05,0.0,0.00537240334536015,0.0,0.010093282573712297,0.0,0.0,0000,0.0063030570253200125,0.0036703490895379077,25,25,1,Unanimous B/LB-directed,without_addAF_AlphaMissense_f2
NC_000011.10:108254033:T:A,ATM,0,0.033838552007950495,0.0,0.00014728562452851282,0.0,0.005961762022442779,0.0,0.013147609287227684,0.0,0.0,0000,0.013273802235537369,0.008433268510932299,24,25,1,Unanimous B/LB-directed,without_addAF_AlphaMissense_f2
NC_000011.10:108267287:C:A,ATM,0,0.06392159332954449,0.0,1.53944823975106e-05,0.0,0.005573264386909383,0.0,0.007540119248474548,0.0,0.0,0000,0.019262592861831483,0.012793956654582338,25,25,1,Unanimous B/LB-directed,without_addAF_AlphaMissense_f2
NC_000011.10:108301775:C:A,ATM,0,0.10766207511979897,0.0,0.21786104275180157,0.0,0.29725923275171123,0.0,0.3473778565197321,0.0,0.0,0000,0.24254005178576096,0.2245448582162661,25,25,1,Unanimous B/LB-directed,without_addAF_AlphaMissense_f2
NC_000011.10:108302886:C:A,ATM,0,0.058507646284192596,0.0,0.03259031607121042,0.0,0.027414480047241917,0.0,0.01141249603071906,0.0,0.0,0000,0.032481234608341,0.02299295178801616,25,25,1,Unanimous B/LB-directed,without_addAF_AlphaMissense_f2
NC_000011.10:108329039:A:G,ATM,0,0.02405102629426108,0.0,0.00020798091075597527,0.0,0.003040274316533074,0.0,0.016692234414621716,0.0,0.0,0000,0.01099787898404296,0.006833952130173813,25,25,1,Unanimous B/LB-directed,without_addAF_AlphaMissense_f2
NC_000011.10:108334990:G:A,ATM,0,0.021918228159449608,0.0,0.00015679010345554965,0.0,0.04183479170297565,0.0,0.01311965800436834,0.0,0.0,0000,0.019257366992562287,0.012790068352782158,25,25,1,Unanimous B/LB-directed,without_addAF_AlphaMissense_f2
NC_000013.11:32326517:A:G,BRCA2,0,0.007481790929098525,0.0,0.0007656950452850378,0.0,0.004877529696989785,0.0,0.006790347902839265,0.0,0.0,0000,0.0049788408935531525,0.002821273215187929,22,25,1,Unanimous B/LB-directed,without_addAF_AlphaMissense_f2
NC_000013.11:32329473:T:G,BRCA2,0,0.048119269321402584,0.0,0.020459651839763268,0.0,0.044263964782936885,0.0,0.031222302569080772,0.0,0.0,0000,0.03601629712829588,0.025824751980096552,22,25,1,Unanimous B/LB-directed,without_addAF_AlphaMissense_f2
NC_000013.11:32332427:C:G,BRCA2,0,0.018807726897536146,0.0,0.00035721401767239785,0.0,0.0012376546218229646,0.0,0.013382085126702963,0.0,0.0,0000,0.008446170165933617,0.0050885479273548315,22,25,1,Unanimous B/LB-directed,without_addAF_AlphaMissense_f2
NC_000013.11:32332440:A:C,BRCA2,0,0.0120297298687446,0.0,0.005431767995197639,0.0,0.0038530968151751473,0.0,0.00936427170994099,0.0,0.0,0000,0.007669716597264594,0.004569120280183093,22,25,1,Unanimous B/LB-directed,without_addAF_AlphaMissense_f2
NC_000013.11:32332549:G:A,BRCA2,0,0.013177207184982184,0.0,0.0006253703271461486,0.0,0.0003347580459283435,0.0,0.007387036568291574,0.0,0.0,0000,0.005381093031587063,0.0030766757726101977,22,25,1,Unanimous B/LB-directed,without_addAF_AlphaMissense_f2
NC_000013.11:32332936:G:T,BRCA2,0,0.049367830990217985,0.0,0.0004018884353315816,0.0,0.0005589734348285219,0.0,0.00994031699433124,0.0,0.0,0000,0.015067252463677332,0.009717754413870348,22,25,1,Unanimous B/LB-directed,without_addAF_AlphaMissense_f2
NC_000013.11:32333155:A:G,BRCA2,0,0.017577304489782796,0.0,0.000919209731744511,0.0,0.0005382814780731635,0.0,0.008370091366891352,0.0,0.0,0000,0.0068512217666229554,0.004028323729104449,22,25,1,Unanimous B/LB-directed,without_addAF_AlphaMissense_f2
NC_000013.11:32333273:C:T,BRCA2,0,0.04652211570863692,0.0,0.016291936979338686,0.0,0.00605390189662446,0.0,0.008991124617830859,0.0,0.0,0000,0.01946476980060773,0.012944487431128355,22,25,1,Unanimous B/LB-directed,without_addAF_AlphaMissense_f2
NC_000013.11:32336492:A:C,BRCA2,0,0.09023731491281259,0.0,0.08260915968154764,0.0,0.07338919779804429,0.0,0.012510631196088997,0.0,0.0,0000,0.06468657589712337,0.049975724595044256,22,25,1,Unanimous B/LB-directed,without_addAF_AlphaMissense_f2
NC_000013.11:32336837:A:G,BRCA2,0,0.1420722512696072,0.0,0.08225833828230207,0.0,0.0025216448732869154,0.0,0.00920485927049235,0.0,0.0,0000,0.05901427342392213,0.0450529844567981,22,25,1,Unanimous B/LB-directed,without_addAF_AlphaMissense_f2
NC_000013.11:32336922:T:A,BRCA2,0,0.023037300027437087,0.0,0.004376324151442839,0.0,0.001980322617569457,0.0,0.01079199482485512,0.0,0.0,0000,0.010046485405326126,0.006176786085301863,22,25,1,Unanimous B/LB-directed,without_addAF_AlphaMissense_f2
NC_000013.11:32337116:T:A,BRCA2,0,0.02020088142608219,0.0,0.005818534219275205,0.0,0.0018047585776265278,0.0,0.007699799349395231,0.0,0.0,0000,0.008880993393094788,0.005381970593853696,22,25,1,Unanimous B/LB-directed,without_addAF_AlphaMissense_f2
NC_000013.11:32337319:T:G,BRCA2,0,0.034787959551562955,0.0,0.014616338033192587,0.0,0.0821802481845259,0.0,0.014045862557129599,0.0,0.0,0000,0.03640760208160276,0.02614053912614092,22,25,1,Unanimous B/LB-directed,without_addAF_AlphaMissense_f2
NC_000013.11:32337325:A:G,BRCA2,0,0.03921865865332796,0.0,0.0008366638104909513,0.0,0.0006310127500853933,0.0,0.008017321758537066,0.0,0.0,0000,0.012175914243110342,0.007657212255015667,21,25,1,Unanimous B/LB-directed,without_addAF_AlphaMissense_f2
NC_000013.11:32337428:A:G,BRCA2,0,0.032732770848375434,0.0,0.033538423161358105,0.0,0.004362351692689107,0.0,0.009253571910710114,0.0,0.0,0000,0.019971779403283187,0.01332284118402898,22,25,1,Unanimous B/LB-directed,without_addAF_AlphaMissense_f2
NC_000013.11:32337476:G:A,BRCA2,0,0.020080513717192466,0.0,0.0012252893763027356,0.0,0.0014641145714913944,0.0,0.01334381043299096,0.0,0.0,0000,0.009028432024494389,0.005481858927297628,22,25,1,Unanimous B/LB-directed,without_addAF_AlphaMissense_f2
NC_000013.11:32337890:G:A,BRCA2,0,0.03445273569616666,0.0,0.021578563981611433,0.0,0.01154005079950994,0.0,0.04152394127914645,0.0,0.0,0000,0.02727382293910862,0.01889566710097369,22,25,1,Unanimous B/LB-directed,without_addAF_AlphaMissense_f2
NC_000013.11:32337956:A:G,BRCA2,0,0.0071613424713420065,0.0,0.0014322737399241343,0.0,0.0024893772997020497,0.0,0.007446593126352223,0.0,0.0,0000,0.004632396659330103,0.0026032292901654935,22,25,1,Unanimous B/LB-directed,without_addAF_AlphaMissense_f2
NC_000013.11:32338202:T:G,BRCA2,0,0.011702101326837314,0.0,0.004184785135388809,0.0,0.0021026860813812913,0.0,0.00699989444394648,0.0,0.0,0000,0.006247366746888473,0.0036341813778228635,22,25,1,Unanimous B/LB-directed,without_addAF_AlphaMissense_f2
NC_000013.11:32338313:A:G,BRCA2,0,0.0063875294544100455,0.0,0.0019115303587370252,0.0,0.0033867453354658565,0.0,0.00627585794880381,0.0,0.0,0000,0.004490415774354184,0.0025144117378961706,22,25,1,Unanimous B/LB-directed,without_addAF_AlphaMissense_f2
NC_000013.11:32338433:A:T,BRCA2,0,0.01232383331346858,0.0,0.015418380371883042,0.0,0.023881354014616198,0.0,0.01126174059601318,0.0,0.0,0000,0.01572132707399525,0.010191039009053047,22,25,1,Unanimous B/LB-directed,without_addAF_AlphaMissense_f2
NC_000013.11:32338517:C:A,BRCA2,0,0.007714898207437206,0.0,0.002088246117703703,0.0,0.044551992536127565,0.0,0.015142231435931677,0.0,0.0,0000,0.017374342074300036,0.011397853100357354,22,25,1,Unanimous B/LB-directed,without_addAF_AlphaMissense_f2
NC_000013.11:32338947:A:T,BRCA2,0,0.09993013789539552,0.0,0.11981466550464345,0.0,0.0702065278865752,0.0,0.024866561871448603,0.0,0.0,0000,0.0787044732895157,0.06239467341980438,22,25,1,Unanimous B/LB-directed,without_addAF_AlphaMissense_f2
NC_000013.11:32339024:C:G,BRCA2,0,0.024888808321594364,0.0,0.00023485745144300664,0.0,0.0027834404898001764,0.0,0.015749895741402696,0.0,0.0,0000,0.010914250501060062,0.006775901738406805,22,25,1,Unanimous B/LB-directed,without_addAF_AlphaMissense_f2
NC_000013.11:32339039:A:G,BRCA2,0,0.05503903590382424,0.0,0.009807898512861419,0.0,0.017036223484219116,0.0,0.022175290640503068,0.0,0.0,0000,0.02601461213535196,0.01791934660587843,22,25,1,Unanimous B/LB-directed,without_addAF_AlphaMissense_f2
NC_000013.11:32339072:G:A,BRCA2,0,0.021055270992490865,0.0,0.0038258325449976394,0.0,0.00922054241384269,0.0,0.011203327102635281,0.0,0.0,0000,0.011326243263491619,0.0070623987920701466,22,25,1,Unanimous B/LB-directed,without_addAF_AlphaMissense_f2
NC_000013.11:32339180:C:T,BRCA2,0,0.012757396398349273,0.0,0.0014571478481948802,0.0,0.000603424249165294,0.0,0.010870052556596522,0.0,0.0,0000,0.006422005263076493,0.0037477253987398544,22,25,1,Unanimous B/LB-directed,without_addAF_AlphaMissense_f2
NC_000013.11:32340037:G:C,BRCA2,0,0.19851231465051836,0.0,0.6264065124203239,1.0,0.0941015782618615,0.0,0.32822900841326236,0.0,1.0,0100,0.3118123534364915,0.2987972950300978,22,25,1,Mixed votes,without_addAF_AlphaMissense_f2
NC_000013.11:32340086:A:T,BRCA2,0,0.023585965023044955,0.0,0.00559547755744545,0.0,0.003806133035206298,0.0,0.008539366427673748,0.0,0.0,0000,0.010381735510842613,0.006407534890981565,22,25,1,Unanimous B/LB-directed,without_addAF_AlphaMissense_f2
NC_000013.11:32346894:C:G,BRCA2,0,0.10775007411837105,0.0,0.054830310235222605,0.0,0.0017794299890826401,0.0,0.01138558418825208,0.0,0.0,0000,0.043936349632732095,0.03229981258097648,22,25,1,Unanimous B/LB-directed,without_addAF_AlphaMissense_f2
NC_000013.11:32354869:G:C,BRCA2,0,0.014698988932159747,0.0,0.0005585988908636742,0.0,0.0017103393242117306,0.0,0.012436645915521112,0.0,0.0,0000,0.0073511432656890655,0.004357774417028912,22,25,1,Unanimous B/LB-directed,without_addAF_AlphaMissense_f2
NC_000013.11:32355267:A:C,BRCA2,0,0.0123028426911841,0.0,0.008649201849535004,0.0,0.0025080348524728247,0.0,0.013118001907883002,0.0,0.0,0000,0.009144520325268732,0.005560645542652167,22,25,1,Unanimous B/LB-directed,without_addAF_AlphaMissense_f2
NC_000013.11:32362611:C:G,BRCA2,0,0.7610996609582621,1.0,0.7657460052787027,1.0,0.7258733809406119,1.0,0.7815136304551379,1.0,4.0,1111,0.7585581694081787,0.786185115329872,22,25,1,Unanimous LP/P-directed,without_addAF_AlphaMissense_f2
NC_000013.11:32363223:G:T,BRCA2,0,0.15436167573647036,0.0,0.25253277926278805,0.0,0.12498396314234414,0.0,0.08092640665313204,0.0,0.0,0000,0.15320120619868363,0.1329932746704834,22,25,1,Unanimous B/LB-directed,without_addAF_AlphaMissense_f2
NC_000013.11:32376698:C:T,BRCA2,0,0.04010451677112342,0.0,0.03986665568261968,0.0,0.004117271655967293,0.0,0.011782772230116834,0.0,0.0,0000,0.023967804084956808,0.016345386533591567,22,25,1,Unanimous B/LB-directed,without_addAF_AlphaMissense_f2
NC_000013.11:32379400:G:A,BRCA2,0,0.004972846239785559,0.0,0.013236557608546067,0.0,0.02774362464862171,0.0,0.012121784505772233,0.0,0.0,0000,0.014518703250681391,0.009322771803171362,22,25,1,Unanimous B/LB-directed,without_addAF_AlphaMissense_f2
NC_000013.11:32379412:G:T,BRCA2,0,0.01069464259475396,0.0,0.06377842882433733,0.0,0.024297871099660175,0.0,0.020457300198632105,0.0,0.0,0000,0.029807060679345892,0.020877251871048396,22,25,1,Unanimous B/LB-directed,without_addAF_AlphaMissense_f2
NC_000013.11:32394801:A:C,BRCA2,0,0.13822524054487836,0.0,0.34535514264841133,0.0,0.5110288576593165,1.0,0.39829790652651603,0.0,1.0,0010,0.34822678684478053,0.3385856668814145,22,25,1,Mixed votes,without_addAF_AlphaMissense_f2
NC_000015.10:90761086:C:T,BLM,0,0.1598951682256643,0.0,0.3120952587344256,0.0,0.01235629318689882,0.0,0.029718907065474483,0.0,0.0,0000,0.12851640680311582,0.10887719442228189,24,25,1,Unanimous B/LB-directed,without_addAF_AlphaMissense_f2
NC_000015.10:90811221:G:C,BLM,0,0.02778190149096857,0.0,0.001569124535727848,0.0,0.0012730143375349573,0.0,0.006764431533742391,0.0,0.0,0000,0.009347117974493441,0.0056984309930143305,25,25,1,Unanimous B/LB-directed,without_addAF_AlphaMissense_f2
NC_000015.10:90815237:A:G,BLM,0,0.01312863985023352,0.0,0.00045473128611756995,0.0,0.0004298519491498586,0.0,0.008136257236161548,0.0,0.0,0000,0.005537370080415624,0.003176516845213474,24,25,1,Unanimous B/LB-directed,without_addAF_AlphaMissense_f2
NC_000016.10:23629228:T:A,PALB2,0,0.02895810771714463,0.0,0.002646604107215569,0.0,0.006908633399635748,0.0,0.013303009653263278,0.0,0.0,0000,0.012954088719314805,0.008206435633134654,24,25,1,Unanimous B/LB-directed,without_addAF_AlphaMissense_f2
NC_000016.10:23629898:C:A,PALB2,0,0.02036173786130111,0.0,0.007445257666367665,0.0,0.008984673607222785,0.0,0.009175572953308639,0.0,0.0,0000,0.01149181052205005,0.007177892007566966,24,25,1,Unanimous B/LB-directed,without_addAF_AlphaMissense_f2
NC_000016.10:23630171:G:A,PALB2,0,0.01011702278466593,0.0,0.0005874296035949926,0.0,0.008889205137205229,0.0,0.038476252129090775,0.0,0.0,0000,0.014517477413639231,0.009321891169832865,24,25,1,Unanimous B/LB-directed,without_addAF_AlphaMissense_f2
NC_000016.10:68738360:C:T,CDH1,0,0.014501069949429051,0.0,0.019704275251597705,0.0,0.024738312444482262,0.0,0.02780468116412486,0.0,0.0,0000,0.02168708470240847,0.014611709780420371,24,25,1,Unanimous B/LB-directed,without_addAF_AlphaMissense_f2
NC_000016.10:68738407:A:G,CDH1,0,0.021815224758581196,0.0,0.04503334622234447,0.0,0.08896368078682824,0.0,0.040247978960118246,0.0,0.0,0000,0.049015057681968045,0.036537448455163456,24,25,1,Unanimous B/LB-directed,without_addAF_AlphaMissense_f2
NC_000016.10:68801726:G:A,CDH1,0,0.006440771597418055,0.0,0.009891992535961026,0.0,0.030114043689239204,0.0,0.010843642698401925,0.0,0.0,0000,0.014322612630255053,0.009182018282552945,24,25,1,Unanimous B/LB-directed,without_addAF_AlphaMissense_f2
NC_000016.10:68801728:T:C,CDH1,0,0.198368329033262,0.0,0.3445513386215628,0.0,0.28709676764787156,0.0,0.18791657510343215,0.0,0.0,0000,0.25448325260153215,0.23718213360763624,23,25,1,Unanimous B/LB-directed,without_addAF_AlphaMissense_f2
NC_000016.10:68801740:A:C,CDH1,0,0.010691352246119614,0.0,0.008347602351594331,0.0,0.014642205759869981,0.0,0.018193675960356225,0.0,0.0,0000,0.012968709079485037,0.008216793808184165,23,25,1,Unanimous B/LB-directed,without_addAF_AlphaMissense_f2
NC_000016.10:68801849:C:T,CDH1,0,0.016864244971127307,0.0,0.018848685257440587,0.0,0.01149420738947575,0.0,0.012434471459038966,0.0,0.0,0000,0.01491040226927065,0.009604630768450908,24,25,1,Unanimous B/LB-directed,without_addAF_AlphaMissense_f2
NC_000016.10:68801876:G:A,CDH1,0,0.020497131631497585,0.0,0.0027254804929146654,0.0,0.07677299921255482,0.0,0.01681555458011233,0.0,0.0,0000,0.02920279147926985,0.02040251620876402,24,25,1,Unanimous B/LB-directed,without_addAF_AlphaMissense_f2
NC_000016.10:68812257:A:C,CDH1,0,0.004815016324135752,0.0,0.0009541148155917632,0.0,0.014270925966538532,0.0,0.00956474477603601,0.0,0.0,0000,0.0074012004705755145,0.004390912167144846,25,25,1,Unanimous B/LB-directed,without_addAF_AlphaMissense_f2
NC_000016.10:68815758:C:T,CDH1,0,0.25797683780071445,0.0,0.3927357367811864,0.0,0.1339986825140669,0.0,0.04834607552880908,0.0,0.0,0000,0.20826433315619422,0.18874401222031867,24,25,1,Unanimous B/LB-directed,without_addAF_AlphaMissense_f2
NC_000016.10:89738704:G:A,FANCA,0,,,,,,,,,,,,,2,25,0,,without_addAF_AlphaMissense_f2
NC_000016.10:89738896:G:A,FANCA,0,,,,,,,,,,,,,2,25,0,,without_addAF_AlphaMissense_f2
NC_000016.10:89738905:T:C,FANCA,0,,,,,,,,,,,,,2,25,0,,without_addAF_AlphaMissense_f2
NC_000016.10:89738968:G:A,FANCA,0,,,,,,,,,,,,,2,25,0,,without_addAF_AlphaMissense_f2
NC_000016.10:89740070:T:G,FANCA,0,0.22256450910251602,0.0,0.0467512765738099,0.0,0.027530194944286455,0.0,0.05052907227788916,0.0,0.0,0000,0.08684376322462538,0.069755566929125,25,25,1,Unanimous B/LB-directed,without_addAF_AlphaMissense_f2
NC_000016.10:89814599:A:G,FANCA,0,0.020537926471046516,0.0,5.1648539832295575e-05,0.0,0.0005752234791403136,0.0,0.007422878728878484,0.0,0.0,0000,0.007146919304724402,0.0042228579594669816,25,25,1,Unanimous B/LB-directed,without_addAF_AlphaMissense_f2
NC_000017.11:7669631:T:G,TP53,0,0.024235686707983255,0.0,0.11981290252588014,0.0,0.03359804828330014,0.0,0.03610602365907742,0.0,0.0,0000,0.05343816529406024,0.04027739279327881,23,25,1,Unanimous B/LB-directed,without_addAF_AlphaMissense_f2
NC_000017.11:7669637:A:G,TP53,0,0.007817416153081834,0.0,0.003992676674392188,0.0,0.0023310199415349907,0.0,0.006188772831723898,0.0,0.0,0000,0.0050824714001832276,0.0028868477216463153,23,25,1,Unanimous B/LB-directed,without_addAF_AlphaMissense_f2
NC_000017.11:7669654:C:A,TP53,0,0.046829804996938514,0.0,0.1593350960639906,0.0,0.014053007413922217,0.0,0.04429316744370008,0.0,0.0,0000,0.06612776897963785,0.051236337699468,24,25,1,Unanimous B/LB-directed,without_addAF_AlphaMissense_f2
NC_000017.11:7670688:C:G,TP53,0,0.0030880492550532683,0.0,0.005947795531575929,0.0,0.004190205883283289,0.0,0.005911389800039644,0.0,0.0,0000,0.004784360117488033,0.002698644679491739,24,25,1,Unanimous B/LB-directed,without_addAF_AlphaMissense_f2
NC_000017.11:7673222:G:A,TP53,0,,,,,,,,,,,,,2,25,0,,without_addAF_AlphaMissense_f2
NC_000017.11:7673557:C:T,TP53,0,0.09725127128020554,0.0,0.1314997736167081,0.0,0.060278434093832205,0.0,0.022243268254483622,0.0,0.0,0000,0.07781818681130737,0.06159950906663753,24,25,1,Unanimous B/LB-directed,without_addAF_AlphaMissense_f2
NC_000017.11:7673597:G:C,TP53,0,0.020238130803675394,0.0,0.003516626038733547,0.0,0.037118352419850766,0.0,0.02963236434901031,0.0,0.0,0000,0.022626368402817506,0.015323029300614898,24,25,1,Unanimous B/LB-directed,without_addAF_AlphaMissense_f2
NC_000017.11:7673598:T:C,TP53,0,0.004934816339925094,0.0,0.00038190503233705375,0.0,0.04141507755127168,0.0,0.020815699240297632,0.0,0.0,0000,0.016886874540957865,0.011040421688238926,24,25,1,Unanimous B/LB-directed,without_addAF_AlphaMissense_f2
NC_000017.11:7673814:T:A,TP53,0,0.15382245168156727,0.0,0.5474207260641759,0.0,0.19277314347628532,0.0,0.10609608861865485,0.0,0.0,0000,0.2500281024601708,0.23245901819225023,24,25,1,Unanimous B/LB-directed,without_addAF_AlphaMissense_f2
NC_000017.11:7674202:T:C,TP53,0,0.6834810466333108,1.0,0.8042993490321702,1.0,0.6579766494338732,1.0,0.766303441364453,1.0,4.0,1111,0.7280151216159518,0.7546882128411961,25,25,1,Unanimous LP/P-directed,without_addAF_AlphaMissense_f2
NC_000017.11:7676172:T:C,TP53,0,0.014419140078195702,0.0,9.93226370560618e-05,0.0,0.0026531141405155825,0.0,0.007390277918519724,0.0,0.0,0000,0.006140463693571767,0.003564860699684864,24,25,1,Unanimous B/LB-directed,without_addAF_AlphaMissense_f2
NC_000017.11:7676224:G:T,TP53,0,0.016876931003097694,0.0,0.00015336243426070602,0.0,0.0066035113710155805,0.0,0.006196395782594568,0.0,0.0,0000,0.0074575501477421365,0.004428247388513177,24,25,1,Unanimous B/LB-directed,without_addAF_AlphaMissense_f2
NC_000017.11:35101015:C:A,RAD51D,0,0.08437145664588078,0.0,0.0035375260480867126,0.0,0.004164113695426182,0.0,0.009915039939598528,0.0,0.0,0000,0.02549703408224805,0.01751978754760504,23,25,1,Unanimous B/LB-directed,without_addAF_AlphaMissense_f2
NC_000017.11:35101259:C:G,RAD51D,0,0.008743414646857982,0.0,0.00016392477893628342,0.0,0.007064725564162121,0.0,0.020099876085045723,0.0,0.0,0000,0.009017985268750528,0.0054747748715512,24,25,1,Unanimous B/LB-directed,without_addAF_AlphaMissense_f2
NC_000017.11:43045732:T:C,BRCA1,0,0.000956441508617041,0.0,0.001988725636902145,0.0,0.00251672309321833,0.0,0.006537562570526575,0.0,0.0,0000,0.0029998632023160226,0.0016037722509230552,25,25,1,Unanimous B/LB-directed,without_addAF_AlphaMissense_f2
NC_000017.11:43045797:A:T,BRCA1,0,,,,,,,,,,,,,2,25,0,,without_addAF_AlphaMissense_f2
NC_000017.11:43047643:A:G,BRCA1,0,,,,,,,,,,,,,2,25,0,,without_addAF_AlphaMissense_f2
NC_000017.11:43047646:G:A,BRCA1,0,,,,,,,,,,,,,2,25,0,,without_addAF_AlphaMissense_f2
NC_000017.11:43047649:G:C,BRCA1,0,,,,,,,,,,,,,2,25,0,,without_addAF_AlphaMissense_f2
NC_000017.11:43047685:C:G,BRCA1,0,,,,,,,,,,,,,2,25,0,,without_addAF_AlphaMissense_f2
NC_000017.11:43047700:A:G,BRCA1,0,,,,,,,,,,,,,2,25,0,,without_addAF_AlphaMissense_f2
NC_000017.11:43051082:G:C,BRCA1,0,0.6467348785582535,1.0,0.7004775795535868,1.0,0.8771253862015105,1.0,0.599716173708855,1.0,4.0,1111,0.7060135045055516,0.731658018218857,25,25,1,Unanimous LP/P-directed,without_addAF_AlphaMissense_f2
NC_000017.11:43057083:G:T,BRCA1,0,0.9201085794293867,1.0,0.9084133810996886,1.0,0.9578110475181228,1.0,0.9767282024440014,1.0,4.0,1111,0.9407653026227998,0.9571170198638325,24,25,1,Unanimous LP/P-directed,without_addAF_AlphaMissense_f2
NC_000017.11:43063892:T:G,BRCA1,0,0.5197880213306182,0.0,0.7151295474800273,1.0,0.28747499841001656,0.0,0.3119953763990164,0.0,1.0,0100,0.4585969859049196,0.46090150963361837,24,25,1,Mixed votes,without_addAF_AlphaMissense_f2
NC_000017.11:43067637:C:T,BRCA1,0,0.313207834821306,0.0,0.6769340779235593,1.0,0.6366393639556354,1.0,0.7204216048670112,1.0,3.0,0111,0.5868007203918779,0.6030965391957812,25,25,1,Mixed votes,without_addAF_AlphaMissense_f2
NC_000017.11:43067651:G:T,BRCA1,0,0.019852986497801144,0.0,0.12005616460335526,0.0,0.07178882132171589,0.0,0.018628049366864026,0.0,0.0,0000,0.05758150544743408,0.04381969516593218,24,25,1,Unanimous B/LB-directed,without_addAF_AlphaMissense_f2
NC_000017.11:43067681:T:G,BRCA1,0,0.21087537256098596,0.0,0.30172722583709904,0.0,0.3854922641459652,1.0,0.3830791193167122,0.0,1.0,0010,0.3202934954651906,0.3080259500582303,24,25,1,Mixed votes,without_addAF_AlphaMissense_f2
NC_000017.11:43067687:A:C,BRCA1,0,0.868173995339775,1.0,0.8974085044143134,1.0,0.931093832197456,1.0,0.9469504666385261,1.0,4.0,1111,0.9109066996475177,0.9318390186939424,25,25,1,Unanimous LP/P-directed,without_addAF_AlphaMissense_f2
NC_000017.11:43070928:A:G,BRCA1,0,0.013965829782831677,0.0,0.0022524073975465344,0.0,0.006796315796899431,0.0,0.01663770287014769,0.0,0.0,0000,0.009913063961856334,0.006085209774516522,25,25,1,Unanimous B/LB-directed,without_addAF_AlphaMissense_f2
NC_000017.11:43070983:C:G,BRCA1,0,0.030216941855599755,0.0,0.0044352284169747675,0.0,0.002919634751177441,0.0,0.0053538805811020615,0.0,0.0,0000,0.010731421401213507,0.006649179433799077,24,25,1,Unanimous B/LB-directed,without_addAF_AlphaMissense_f2
NC_000017.11:43070992:C:A,BRCA1,0,0.007211659405132093,0.0,4.430243978820513e-05,0.0,0.0024862286551882943,0.0,0.007777359862450146,0.0,0.0,0000,0.004379887590639685,0.0024454960092458126,24,25,1,Unanimous B/LB-directed,without_addAF_AlphaMissense_f2
NC_000017.11:43071147:C:T,BRCA1,0,0.01608879177173649,0.0,4.2750233933425395e-06,0.0,0.001131067194489438,0.0,0.007853200314309217,0.0,0.0,0000,0.006269333575982122,0.003648443073299653,25,25,1,Unanimous B/LB-directed,without_addAF_AlphaMissense_f2
NC_000017.11:43082556:G:A,BRCA1,0,0.0007386224746399997,0.0,0.00011773323878295538,0.0,0.010226900395756338,0.0,0.06645061404495303,0.0,0.0,0000,0.01938346753853308,0.012883930165399477,25,25,1,Unanimous B/LB-directed,without_addAF_AlphaMissense_f2
NC_000017.11:43091572:A:G,BRCA1,0,0.0030938692254432886,0.0,4.793260485877375e-05,0.0,0.0012239856904203653,0.0,0.007491527175036322,0.0,0.0,0000,0.0029643286739396875,0.0015826147477421009,25,25,1,Unanimous B/LB-directed,without_addAF_AlphaMissense_f2
NC_000017.11:43091732:G:C,BRCA1,0,0.07466024334410376,0.0,0.1556112498291087,0.0,0.18138816271526748,0.0,0.4619991968390299,1.0,1.0,0001,0.21841471318187747,0.1992688063975299,25,25,1,Mixed votes,without_addAF_AlphaMissense_f2
NC_000017.11:43091747:T:A,BRCA1,0,0.05736178010818117,0.0,0.0011456378863225038,0.0,0.006464885389667438,0.0,0.006759294779726685,0.0,0.0,0000,0.01793289954097445,0.011808946231032525,24,25,1,Unanimous B/LB-directed,without_addAF_AlphaMissense_f2
NC_000017.11:43091832:T:C,BRCA1,0,0.013811694516129484,0.0,0.008333585052428268,0.0,0.016600107939136043,0.0,0.00825994094673704,0.0,0.0,0000,0.01175133211360771,0.007359329747772338,24,25,1,Unanimous B/LB-directed,without_addAF_AlphaMissense_f2
NC_000017.11:43091873:C:A,BRCA1,0,0.2001033526489724,0.0,0.34441885502832925,0.0,0.0845652587095619,0.0,0.05649611096312335,0.0,0.0,0000,0.17139589433749672,0.15114115436617498,24,25,1,Unanimous B/LB-directed,without_addAF_AlphaMissense_f2
NC_000017.11:43092063:T:G,BRCA1,0,0.012874335284452672,0.0,0.040531526540840065,0.0,0.010839448495638282,0.0,0.009902403185180942,0.0,0.0,0000,0.01853692837652799,0.012255305914577975,24,25,1,Unanimous B/LB-directed,without_addAF_AlphaMissense_f2
NC_000017.11:43092098:C:A,BRCA1,0,0.05987172904597526,0.0,0.2000510877651948,0.0,0.077568822342531,0.0,0.0438737757141503,0.0,0.0,0000,0.09534135371696284,0.07754709993336416,24,25,1,Unanimous B/LB-directed,without_addAF_AlphaMissense_f2
NC_000017.11:43092618:T:C,BRCA1,0,0.00940060767050098,0.0,7.127607978324818e-05,0.0,0.006585474901978791,0.0,0.009313663995418886,0.0,0.0,0000,0.006342755661920476,0.0036961541958056942,24,25,1,Unanimous B/LB-directed,without_addAF_AlphaMissense_f2
NC_000017.11:43092646:C:T,BRCA1,0,0.010066774748288482,0.0,0.0010933564244034284,0.0,0.005201057293780297,0.0,0.010624651892637758,0.0,0.0,0000,0.006746460089777491,0.003959639056087946,25,25,1,Unanimous B/LB-directed,without_addAF_AlphaMissense_f2
NC_000017.11:43093015:G:A,BRCA1,0,0.0007409945095441852,0.0,0.00015562541794119047,0.0,0.005423913217151723,0.0,0.006768136505242231,0.0,0.0,0000,0.003272167412469832,0.0017668461903825674,24,25,1,Unanimous B/LB-directed,without_addAF_AlphaMissense_f2
NC_000017.11:43093056:T:A,BRCA1,0,0.01743049119645024,0.0,0.008267528380119793,0.0,0.0074731552904596325,0.0,0.010405482992138977,0.0,0.0,0000,0.010894164464792161,0.006761967091476655,24,25,1,Unanimous B/LB-directed,without_addAF_AlphaMissense_f2
NC_000017.11:43093195:T:A,BRCA1,0,0.00948101635014219,0.0,0.0026198175613681546,0.0,0.009404575132366163,0.0,0.02267690705999608,0.0,0.0,0000,0.011045579025968148,0.006867086892283545,24,25,1,Unanimous B/LB-directed,without_addAF_AlphaMissense_f2
NC_000017.11:43093244:T:A,BRCA1,0,0.018215104465266564,0.0,0.013642373628299327,0.0,0.05747647005682029,0.0,0.036195972816665034,0.0,0.0,0000,0.03138248024176281,0.022120797855111396,25,25,1,Unanimous B/LB-directed,without_addAF_AlphaMissense_f2
NC_000017.11:43093556:C:T,BRCA1,0,0.047690616327098374,0.0,6.301332890178306e-05,0.0,0.002215623217221864,0.0,0.014215122138690781,0.0,0.0,0000,0.0160460937529782,0.010426950324047052,25,25,1,Unanimous B/LB-directed,without_addAF_AlphaMissense_f2
NC_000017.11:43093567:A:C,BRCA1,0,0.02350959111312519,0.0,0.0040821870809022425,0.0,0.011313405683656824,0.0,0.01597910793762037,0.0,0.0,0000,0.013721072953826156,0.00875172196140738,24,25,1,Unanimous B/LB-directed,without_addAF_AlphaMissense_f2
NC_000017.11:43093629:G:C,BRCA1,0,0.03717144970639496,0.0,0.09939267210654178,0.0,0.05244354501318335,0.0,0.034444499596179595,0.0,0.0,0000,0.05586304160557492,0.042346091123873685,24,25,1,Unanimous B/LB-directed,without_addAF_AlphaMissense_f2
NC_000017.11:43093786:T:C,BRCA1,0,0.00502179947371827,0.0,0.0006083805816774311,0.0,0.02366852631096785,0.0,0.018019422646179888,0.0,0.0,0000,0.01182953225313586,0.007414097296758732,25,25,1,Unanimous B/LB-directed,without_addAF_AlphaMissense_f2
NC_000017.11:43094019:C:T,BRCA1,0,0.0029728827040421666,0.0,0.004646348340537766,0.0,0.0072787872758205314,0.0,0.007185180578209512,0.0,0.0,0000,0.005520799724652494,0.0031659146356508108,25,25,1,Unanimous B/LB-directed,without_addAF_AlphaMissense_f2
NC_000017.11:43094112:T:A,BRCA1,0,0.020877854080243934,0.0,0.0628136139957396,0.0,0.047823839323889124,0.0,0.016772050713672985,0.0,0.0,0000,0.03707183952838641,0.026677612986993334,24,25,1,Unanimous B/LB-directed,without_addAF_AlphaMissense_f2
NC_000017.11:43094269:C:T,BRCA1,0,0.006574845916974831,0.0,0.000570138998755896,0.0,0.0026620787502772904,0.0,0.00715627757887599,0.0,0.0,0000,0.004240835311221002,0.0023590836850419525,24,25,1,Unanimous B/LB-directed,without_addAF_AlphaMissense_f2
NC_000017.11:43094290:C:A,BRCA1,0,0.01207246849554978,0.0,0.03382262134026155,0.0,0.007285336790314895,0.0,0.008354522034624662,0.0,0.0,0000,0.015383737165187721,0.009946450842510019,24,25,1,Unanimous B/LB-directed,without_addAF_AlphaMissense_f2
NC_000017.11:43094322:G:A,BRCA1,0,0.006216835709629654,0.0,0.0037194778234502764,0.0,0.00691358487364355,0.0,0.006488034982231214,0.0,0.0,0000,0.005834483347238673,0.0033672431350434237,24,25,1,Unanimous B/LB-directed,without_addAF_AlphaMissense_f2
NC_000017.11:43094400:C:T,BRCA1,0,0.006168415504399352,0.0,0.008327412449754533,0.0,0.012963680184240569,0.0,0.013023482182526743,0.0,0.0,0000,0.0101207475802303,0.0062278209489533614,24,25,1,Unanimous B/LB-directed,without_addAF_AlphaMissense_f2
NC_000017.11:43094403:T:C,BRCA1,0,0.005225870533528956,0.0,0.014009861700324176,0.0,0.04150124861100409,0.0,0.01357707997441879,0.0,0.0,0000,0.018578515204819002,0.012286104971151344,24,25,1,Unanimous B/LB-directed,without_addAF_AlphaMissense_f2
NC_000017.11:43094466:T:C,BRCA1,0,0.006480009974190571,0.0,0.01027803078921142,0.0,0.025823342996665943,0.0,0.024875379480474177,0.0,0.0,0000,0.01686419081013553,0.011023819960509393,24,25,1,Unanimous B/LB-directed,without_addAF_AlphaMissense_f2
NC_000017.11:43094743:C:A,BRCA1,0,0.0411385550393326,0.0,0.023203719093421914,0.0,0.043577386038434085,0.0,0.015254876378656699,0.0,0.0,0000,0.030793634137461324,0.021655021966802846,24,25,1,Unanimous B/LB-directed,without_addAF_AlphaMissense_f2
NC_000017.11:43104879:T:A,BRCA1,0,0.015515309596077847,0.0,0.049993805536565655,0.0,0.062378705377850056,0.0,0.015228440391950272,0.0,0.0,0000,0.03577906522561095,0.02563352387935064,24,25,1,Unanimous B/LB-directed,without_addAF_AlphaMissense_f2
NC_000017.11:43104885:G:T,BRCA1,0,0.3421418540916102,0.0,0.4310944123576082,0.0,0.3315860550864143,0.0,0.360046184969713,0.0,0.0,0000,0.36621712662633643,0.3583823817423323,24,25,1,Unanimous B/LB-directed,without_addAF_AlphaMissense_f2
NC_000017.11:43104945:C:T,BRCA1,0,0.12028722718772199,0.0,0.2950907425823252,0.0,0.28442603697751595,0.0,0.26311465149295726,0.0,0.0,0000,0.24072966456013012,0.2226361443455184,24,25,1,Unanimous B/LB-directed,without_addAF_AlphaMissense_f2
NC_000017.11:43124057:A:T,BRCA1,0,0.02936554021312837,0.0,0.2623054849717165,0.0,0.07528677294185385,0.0,0.01537644214108739,0.0,0.0,0000,0.09558356006694653,0.077770700381255,24,25,1,Unanimous B/LB-directed,without_addAF_AlphaMissense_f2
NC_000017.11:58692749:A:G,RAD51C,0,0.6838480551486334,1.0,0.34363394648278145,0.0,0.4501526931610169,1.0,0.14369509077567408,0.0,2.0,1010,0.4053324463920265,0.40165972523659504,25,25,1,Mixed votes,without_addAF_AlphaMissense_f2
NC_000017.11:58694933:T:C,RAD51C,0,0.02451110988794019,0.0,0.02508710898975231,0.0,0.005267573657060698,0.0,0.010637747509426983,0.0,0.0,0000,0.016375885011045047,0.010667117098316763,25,25,1,Unanimous B/LB-directed,without_addAF_AlphaMissense_f2
NC_000017.11:61683500:G:A,BRIP1,0,0.020071255481745084,0.0,4.91947075300449e-05,0.0,0.00019192461375174076,0.0,0.007075426364866584,0.0,0.0,0000,0.006846950291973363,0.004025520785085451,24,25,1,Unanimous B/LB-directed,without_addAF_AlphaMissense_f2
NC_000017.11:61683601:G:C,BRIP1,0,0.02130693616718695,0.0,0.0016886838294368843,0.0,0.0007594929460102948,0.0,0.0076147730423939955,0.0,0.0,0000,0.00784247149625703,0.0046841685674322035,23,25,1,Unanimous B/LB-directed,without_addAF_AlphaMissense_f2
NC_000017.11:61683737:A:G,BRIP1,0,0.02766925223270594,0.0,0.001608716947479297,0.0,0.0018506543652624017,0.0,0.007173913618406148,0.0,0.0,0000,0.009575634290963446,0.005854274104550297,23,25,1,Unanimous B/LB-directed,without_addAF_AlphaMissense_f2
NC_000017.11:61793712:C:A,BRIP1,0,0.00741669686814255,0.0,0.0006708615534094209,0.0,0.01161387227784209,0.0,0.007341633782370137,0.0,0.0,0000,0.00676076612044105,0.0039690110869609095,24,25,1,Unanimous B/LB-directed,without_addAF_AlphaMissense_f2
NC_000017.11:61801314:G:T,BRIP1,0,0.08008252312409578,0.0,0.1864171129109592,0.0,0.005319140691126382,0.0,0.01190529823774704,0.0,0.0,0000,0.07093101874098211,0.05546529387520774,24,25,1,Unanimous B/LB-directed,without_addAF_AlphaMissense_f2
NC_000019.10:1226480:A:C,STK11,0,0.0008548899022783131,0.0,0.0002443783045310292,0.0,0.017767573027744867,0.0,0.0219612499874592,0.0,0.0,0000,0.010207022805503351,0.006287168167118944,24,25,1,Unanimous B/LB-directed,without_addAF_AlphaMissense_f2
NC_000019.10:1226566:G:C,STK11,0,0.010608464372208809,0.0,0.0002619599504516984,0.0,0.017095799809960573,0.0,0.00654772114394934,0.0,0.0,0000,0.008628486319142604,0.005211361779178435,24,25,1,Unanimous B/LB-directed,without_addAF_AlphaMissense_f2
NC_000002.12:214780613:C:A,BARD1,0,0.0256293912543804,0.0,0.0004940525312204752,0.0,0.0008817440767580234,0.0,0.008485641682430609,0.0,0.0,0000,0.008872707386197377,0.00537636276264592,24,25,1,Unanimous B/LB-directed,without_addAF_AlphaMissense_f2
NC_000002.12:214780968:T:C,BARD1,0,0.010513540046344487,0.0,0.000688653789398649,0.0,0.005770056763662503,0.0,0.007611668520619301,0.0,0.0,0000,0.006145979780006236,0.0035684341118491594,24,25,1,Unanimous B/LB-directed,without_addAF_AlphaMissense_f2
NC_000002.12:214781493:T:C,BARD1,0,0.006929000932806184,0.0,0.00011975411927474657,0.0,0.003422189165858235,0.0,0.01080126833922408,0.0,0.0,0000,0.005318053139290811,0.003036497113661381,24,25,1,Unanimous B/LB-directed,without_addAF_AlphaMissense_f2
NC_000022.11:28696912:G:C,CHEK2,0,0.014357255297631126,0.0,0.009534968538141116,0.0,0.0071136426727431805,0.0,0.011327380131492376,0.0,0.0,0000,0.010583311660001949,0.006546712751496863,24,25,1,Unanimous B/LB-directed,without_addAF_AlphaMissense_f2
NC_000008.11:89955478:G:A,NBN,0,0.012466112279331868,0.0,2.2284054878760863e-05,0.0,0.0002325496057110397,0.0,0.008720636069532346,0.0,0.0,0000,0.005360395502363504,0.0030634780142702327,24,25,1,Unanimous B/LB-directed,without_addAF_AlphaMissense_f2
NC_000008.11:89970468:A:G,NBN,0,0.008059441556967853,0.0,0.0001604600114515744,0.0,0.0046304067080252765,0.0,0.008281172219370204,0.0,0.0,0000,0.005282870123953728,0.0030140973795771344,24,25,1,Unanimous B/LB-directed,without_addAF_AlphaMissense_f2
