SPDI,Gene,y,p_SVM_RBF,vote_SVM_RBF,p_ENET_LR,vote_ENET_LR,p_EXTRA_TREES,vote_EXTRA_TREES,p_HIST_GB,vote_HIST_GB,V,vote_vector,Mean4,S_MAC,n_observed_panel,panel_size,complete_flag,directional_descriptor,partition
NC_000010.11:87894083:A:G,PTEN,1,0.9957749292911572,1.0,0.9970250061539542,1.0,0.9999999852879304,1.0,0.9954480731035491,1.0,4.0,1111,0.9970619984591477,0.9983762335858745,25,25,1,Unanimous LP/P-directed,without_addAF_AlphaMissense_f1
NC_000010.11:87925528:C:G,PTEN,1,0.9918784757205301,1.0,0.9966360204171445,1.0,0.9999999852879304,1.0,0.9948958078804763,1.0,4.0,1111,0.9958525723265204,0.997626972089792,25,25,1,Unanimous LP/P-directed,without_addAF_AlphaMissense_f1
NC_000010.11:87925549:T:C,PTEN,1,0.9945770999020833,1.0,0.9970699870775644,1.0,0.9999999852879304,1.0,0.9939936991890889,1.0,4.0,1111,0.9964101928641668,0.9979756686393334,25,25,1,Unanimous LP/P-directed,without_addAF_AlphaMissense_f1
NC_000010.11:87933036:A:G,PTEN,1,0.9949334289776067,1.0,0.997896597982361,1.0,0.9999999852879304,1.0,0.9951732793554834,1.0,4.0,1111,0.9970008229008455,0.9983389933376997,25,25,1,Unanimous LP/P-directed,without_addAF_AlphaMissense_f1
NC_000010.11:87933120:C:G,PTEN,1,0.9925814120517386,1.0,0.9966278603666673,1.0,0.993983569431145,1.0,0.9950520640918057,1.0,4.0,1111,0.9945612264853392,0.9968016887659178,25,25,1,Unanimous LP/P-directed,without_addAF_AlphaMissense_f1
NC_000010.11:87933161:A:G,PTEN,1,0.9500469137063311,1.0,0.9998749634327377,1.0,0.9351441275042472,1.0,0.9793591730457775,1.0,4.0,1111,0.9661062944222734,0.9758613689320264,25,25,1,Unanimous LP/P-directed,without_addAF_AlphaMissense_f1
NC_000010.11:87952141:C:T,PTEN,1,0.9901954396762573,1.0,0.9965064711827396,1.0,0.9997958535108403,1.0,0.9927980511089032,1.0,4.0,1111,0.994823953869685,0.9969714106439219,25,25,1,Unanimous LP/P-directed,without_addAF_AlphaMissense_f1
NC_000011.10:108301697:C:T,ATM,1,0.92941957933771,1.0,0.845577893333788,1.0,0.9364684518642964,1.0,0.9622124825139282,1.0,4.0,1111,0.9184196017624306,0.9357583488716736,25,25,1,Unanimous LP/P-directed,without_addAF_AlphaMissense_f1
NC_000011.10:108315862:A:G,ATM,1,0.9924638451476135,1.0,0.9893186607224543,1.0,0.9483378830898458,1.0,0.9896934126172591,1.0,4.0,1111,0.9799534503942932,0.9865100205153289,25,25,1,Unanimous LP/P-directed,without_addAF_AlphaMissense_f1
NC_000011.10:108365358:C:T,ATM,1,0.9683896486995892,1.0,0.9927150741084801,1.0,0.9156667105661844,1.0,0.9687691871990365,1.0,4.0,1111,0.9613851551433226,0.9720998606849809,25,25,1,Unanimous LP/P-directed,without_addAF_AlphaMissense_f1
NC_000013.11:32346895:G:A,BRCA2,1,0.8937794980760283,1.0,0.9458074786652767,1.0,0.7399574676352639,1.0,0.9479751124876333,1.0,4.0,1111,0.8818798892160505,0.9026830564235085,22,25,1,Unanimous LP/P-directed,without_addAF_AlphaMissense_f1
NC_000015.10:90763097:A:G,BLM,1,0.9981344496243666,1.0,0.9991196935852517,1.0,0.9991061091390342,1.0,0.9955348871419236,1.0,4.0,1111,0.997973784872644,0.9989210334280895,25,25,1,Unanimous LP/P-directed,without_addAF_AlphaMissense_f1
NC_000016.10:89746889:T:C,FANCA,1,0.8318386760577732,1.0,0.787899501526652,1.0,0.8112392117762123,1.0,0.9716714482278554,1.0,4.0,1111,0.8506622093971232,0.8732612773221923,25,25,1,Unanimous LP/P-directed,without_addAF_AlphaMissense_f1
NC_000016.10:89761948:C:T,FANCA,1,0.9694859069960745,1.0,0.9544023828696573,1.0,0.9378364047577028,1.0,0.9734812248393122,1.0,4.0,1111,0.9588014798656866,0.9700175709211752,23,25,1,Unanimous LP/P-directed,without_addAF_AlphaMissense_f1
NC_000017.11:7673786:G:A,TP53,1,0.9929547465846726,1.0,0.9814448347576747,1.0,0.9998951045367944,1.0,0.9925662282498174,1.0,4.0,1111,0.9917152285322398,0.9949147620373154,25,25,1,Unanimous LP/P-directed,without_addAF_AlphaMissense_f1
NC_000017.11:7673792:G:C,TP53,1,0.9783459790055334,1.0,0.9586878125222867,1.0,0.9890291943431428,1.0,0.9880580448213759,1.0,4.0,1111,0.9785302576730848,0.9854464869291198,25,25,1,Unanimous LP/P-directed,without_addAF_AlphaMissense_f1
NC_000017.11:7673801:C:T,TP53,1,0.9520940224410034,1.0,0.8815390955500693,1.0,0.9876067155637628,1.0,0.9883519784280095,1.0,4.0,1111,0.9523979529957113,0.9647901839786045,25,25,1,Unanimous LP/P-directed,without_addAF_AlphaMissense_f1
NC_000017.11:7673805:C:T,TP53,1,0.9843871603421565,1.0,0.9385370420468513,1.0,0.9927861252517673,1.0,0.9882488284560513,1.0,4.0,1111,0.9759897890242066,0.9835285375011709,25,25,1,Unanimous LP/P-directed,without_addAF_AlphaMissense_f1
NC_000017.11:7674190:C:T,TP53,1,0.996726581201755,1.0,0.9949869725190592,1.0,0.9997958535108403,1.0,0.9950867554033992,1.0,4.0,1111,0.9966490406587634,0.9981233902442551,25,25,1,Unanimous LP/P-directed,without_addAF_AlphaMissense_f1
NC_000017.11:7674219:C:G,TP53,1,0.9960459834373223,1.0,0.9944166415288569,1.0,0.999859698129043,1.0,0.9950632879968377,1.0,4.0,1111,0.9963464027730149,0.99793604339201,25,25,1,Unanimous LP/P-directed,without_addAF_AlphaMissense_f1
NC_000017.11:7674219:C:A,TP53,1,0.9964902917818259,1.0,0.9904833030849362,1.0,0.9999999852879304,1.0,0.995526174622345,1.0,4.0,1111,0.9956249386942593,0.9974832021289923,25,25,1,Unanimous LP/P-directed,without_addAF_AlphaMissense_f1
NC_000017.11:7674228:C:T,TP53,1,0.9914134567687042,1.0,0.9872424042408208,1.0,0.9999999852879304,1.0,0.9936613018524597,1.0,4.0,1111,0.9930792870374787,0.9958293650041526,25,25,1,Unanimous LP/P-directed,without_addAF_AlphaMissense_f1
NC_000017.11:7674229:C:T,TP53,1,0.9873877846441824,1.0,0.9301248952952573,1.0,0.9998951045367944,1.0,0.9934142251948249,1.0,4.0,1111,0.9777055024177648,0.9848264952913892,25,25,1,Unanimous LP/P-directed,without_addAF_AlphaMissense_f1
NC_000017.11:7674237:C:T,TP53,1,0.9913597751920283,1.0,0.9931611532704708,1.0,0.9999999852879304,1.0,0.9914158348549967,1.0,4.0,1111,0.9939841871513566,0.996425988551112,25,25,1,Unanimous LP/P-directed,without_addAF_AlphaMissense_f1
NC_000017.11:7674240:G:C,TP53,1,0.9950052955742492,1.0,0.9855992214624458,1.0,0.9936514370610398,1.0,0.9900017331283029,1.0,4.0,1111,0.9910644218065094,0.9944726136208444,24,25,1,Unanimous LP/P-directed,without_addAF_AlphaMissense_f1
NC_000017.11:7674240:G:A,TP53,1,0.9970294521959888,1.0,0.9940146349399325,1.0,0.9999999852879304,1.0,0.9956032383626122,1.0,4.0,1111,0.9966618276966159,0.9981312691816092,25,25,1,Unanimous LP/P-directed,without_addAF_AlphaMissense_f1
NC_000017.11:7674262:A:C,TP53,1,0.9974381586694185,1.0,0.9944004483541053,1.0,0.9999999852879304,1.0,0.9950723251639683,1.0,4.0,1111,0.9967277293688557,0.9981718266322409,25,25,1,Unanimous LP/P-directed,without_addAF_AlphaMissense_f1
NC_000017.11:7675138:C:T,TP53,1,0.971421180784156,1.0,0.9161557206771489,1.0,0.9939235180301943,1.0,0.9878961218746338,1.0,4.0,1111,0.9673491353415333,0.9768416747370223,25,25,1,Unanimous LP/P-directed,without_addAF_AlphaMissense_f1
NC_000017.11:7675189:C:T,TP53,1,0.9922229841602629,1.0,0.9847899550846999,1.0,0.9997958535108403,1.0,0.9914158997505526,1.0,4.0,1111,0.992056173126589,0.9951449578162654,25,25,1,Unanimous LP/P-directed,without_addAF_AlphaMissense_f1
NC_000017.11:7675199:C:G,TP53,1,0.9788699739789848,1.0,0.9629669781217461,1.0,0.999859698129043,1.0,0.9928568968965606,1.0,4.0,1111,0.9836383867815837,0.9892234358329423,25,25,1,Unanimous LP/P-directed,without_addAF_AlphaMissense_f1
NC_000017.11:35103500:G:A,RAD51D,1,0.9640446968245886,1.0,0.8306185229995752,1.0,0.8236351615851605,1.0,0.9617027961594153,1.0,4.0,1111,0.8950002943921849,0.9147458022018571,24,25,1,Unanimous LP/P-directed,without_addAF_AlphaMissense_f1
NC_000017.11:43045760:A:G,BRCA1,1,0.9958433556895665,1.0,0.9909983581160937,1.0,0.9999999852879304,1.0,0.9948348500055404,1.0,4.0,1111,0.9954191372747827,0.9973525580746885,25,25,1,Unanimous LP/P-directed,without_addAF_AlphaMissense_f1
NC_000017.11:43051070:A:T,BRCA1,1,0.991052653998753,1.0,0.9761760184427203,1.0,0.9950950642222417,1.0,0.9915212247694648,1.0,4.0,1111,0.988461240358295,0.9926717653974725,25,25,1,Unanimous LP/P-directed,without_addAF_AlphaMissense_f1
NC_000017.11:43051097:A:C,BRCA1,1,0.9956694056614152,1.0,0.9895190426396555,1.0,0.9979704636770362,1.0,0.9926893400056865,1.0,4.0,1111,0.9939620629959484,0.9964115071062208,25,25,1,Unanimous LP/P-directed,without_addAF_AlphaMissense_f1
NC_000017.11:43057121:A:G,BRCA1,1,0.9457476787128674,1.0,0.9351027450255935,1.0,0.9220065998686124,1.0,0.9462194086597894,1.0,4.0,1111,0.9372691080667156,0.9521081804531736,25,25,1,Unanimous LP/P-directed,without_addAF_AlphaMissense_f1
NC_000017.11:43063880:G:C,BRCA1,1,0.9887071177786327,1.0,0.9832381380459887,1.0,0.9819313992217136,1.0,0.9871390984453539,1.0,4.0,1111,0.9852539383729222,0.9903927868909651,25,25,1,Unanimous LP/P-directed,without_addAF_AlphaMissense_f1
NC_000017.11:43063930:G:A,BRCA1,1,0.9965199513008004,1.0,0.995756637680678,1.0,0.9977615204226363,1.0,0.9921553452248566,1.0,4.0,1111,0.9955483636572429,0.9974346638874396,25,25,1,Unanimous LP/P-directed,without_addAF_AlphaMissense_f1
NC_000017.11:43063936:A:G,BRCA1,1,0.9743888036272058,1.0,0.9592112791977009,1.0,0.9990682297462361,1.0,0.9901119096486923,1.0,4.0,1111,0.9806950555549587,0.9870609169167283,25,25,1,Unanimous LP/P-directed,without_addAF_AlphaMissense_f1
NC_000017.11:43076487:C:A,BRCA1,1,0.9816690397223052,1.0,0.977191273752971,1.0,0.9043727791986403,1.0,0.9774897090851508,1.0,4.0,1111,0.9601807004397669,0.9711311529249588,24,25,1,Unanimous LP/P-directed,without_addAF_AlphaMissense_f1
NC_000017.11:43124043:A:G,BRCA1,1,0.9037749465725797,1.0,0.9322842226866596,1.0,0.9677020261401913,1.0,0.9840162485327913,1.0,4.0,1111,0.9469443609830555,0.960269283871358,25,25,1,Unanimous LP/P-directed,without_addAF_AlphaMissense_f1
NC_000019.10:1220487:G:A,STK11,1,0.9897564299465617,1.0,0.9980221019889257,1.0,0.9984592510975067,1.0,0.993982589494793,1.0,4.0,1111,0.9950550931319467,0.9971199953177108,25,25,1,Unanimous LP/P-directed,without_addAF_AlphaMissense_f1
NC_000022.11:28725069:C:T,CHEK2,1,0.9753761381793689,1.0,0.9409971061682285,1.0,0.9941925566418864,1.0,0.9896505762923163,1.0,4.0,1111,0.97505409432045,0.9828161829887744,24,25,1,Unanimous LP/P-directed,without_addAF_AlphaMissense_f1
NC_000010.11:87864333:G:C,PTEN,1,,,,,,,,,,,,,2,25,0,,without_addAF_AlphaMissense_f1
NC_000010.11:87864484:A:G,PTEN,1,0.9939173491658159,1.0,0.9972262236127173,1.0,0.9886778601747234,1.0,0.9825540336743931,1.0,4.0,1111,0.9905938666569124,0.9941507873934734,25,25,1,Unanimous LP/P-directed,without_addAF_AlphaMissense_f1
NC_000010.11:87864503:A:T,PTEN,1,0.9758497588283707,1.0,0.9777782775349655,1.0,0.9671606684389037,1.0,0.8875698743432687,1.0,4.0,1111,0.9520896447863771,0.9645362358965237,25,25,1,Unanimous LP/P-directed,without_addAF_AlphaMissense_f1
NC_000010.11:87864513:A:C,PTEN,1,0.9947767157738175,1.0,0.9951376330651138,1.0,0.9990682297462361,1.0,0.9951619337372248,1.0,4.0,1111,0.996036128080598,0.9977423181798025,25,25,1,Unanimous LP/P-directed,without_addAF_AlphaMissense_f1
NC_000010.11:87864513:A:T,PTEN,1,0.9947155539591171,1.0,0.995150583167556,1.0,0.9990682297462361,1.0,0.9951619337372248,1.0,4.0,1111,0.9960240751525336,0.9977347606174004,25,25,1,Unanimous LP/P-directed,without_addAF_AlphaMissense_f1
NC_000010.11:87864538:G:T,PTEN,1,0.9933625246883776,1.0,0.9980733799159729,1.0,0.9999999852879304,1.0,0.9951732793554834,1.0,4.0,1111,0.9966522923119411,0.998125394092776,25,25,1,Unanimous LP/P-directed,without_addAF_AlphaMissense_f1
NC_000010.11:87894049:GG:AC,PTEN,1,,,,,,,,,,,,,0,25,0,,without_addAF_AlphaMissense_f1
NC_000010.11:87894057:C:G,PTEN,1,0.9960454302683396,1.0,0.9992378307346796,1.0,0.9997958535108403,1.0,0.9943824717129083,1.0,4.0,1111,0.997365396556692,0.998559734547038,25,25,1,Unanimous LP/P-directed,without_addAF_AlphaMissense_f1
NC_000010.11:87894102:T:C,PTEN,1,0.9964129773945092,1.0,0.9986225203158035,1.0,0.9993251421288892,1.0,0.9889412077434364,1.0,4.0,1111,0.9958254618956596,0.9976098910666694,25,25,1,Unanimous LP/P-directed,without_addAF_AlphaMissense_f1
NC_000010.11:87933032:G:T,PTEN,1,0.9940408513867479,1.0,0.9993058217798904,1.0,0.9999999852879304,1.0,0.9953903998312028,1.0,4.0,1111,0.9971842645714429,0.9984504253886093,25,25,1,Unanimous LP/P-directed,without_addAF_AlphaMissense_f1
NC_000010.11:87933033:A:G,PTEN,1,0.9965277127936785,1.0,0.999244646744816,1.0,0.9999999852879304,1.0,0.9955450541810135,1.0,4.0,1111,0.9978293497518596,0.9988361412981592,25,25,1,Unanimous LP/P-directed,without_addAF_AlphaMissense_f1
NC_000010.11:87933036:A:C,PTEN,1,0.9929702518123416,1.0,0.9976435852136183,1.0,0.9999999852879304,1.0,0.9932582869765862,1.0,4.0,1111,0.9959680273226192,0.9976995862040409,25,25,1,Unanimous LP/P-directed,without_addAF_AlphaMissense_f1
NC_000010.11:87933042:C:T,PTEN,1,0.9946685926493751,1.0,0.9964078623052869,1.0,0.9997958535108403,1.0,0.9940981592983167,1.0,4.0,1111,0.9962426169409548,0.9978714230631056,25,25,1,Unanimous LP/P-directed,without_addAF_AlphaMissense_f1
NC_000010.11:87933045:C:A,PTEN,1,0.994864406997845,1.0,0.9970719458642326,1.0,0.9999999852879304,1.0,0.9954480731035491,1.0,4.0,1111,0.9968461028133894,0.9982444670499714,25,25,1,Unanimous LP/P-directed,without_addAF_AlphaMissense_f1
NC_000010.11:87933056:C:T,PTEN,1,0.9854868186081314,1.0,0.9892199326554467,1.0,0.9744116872997522,1.0,0.9738056497390677,1.0,4.0,1111,0.9807310220755996,0.9870875752918193,25,25,1,Unanimous LP/P-directed,without_addAF_AlphaMissense_f1
NC_000010.11:87933060:T:A,PTEN,1,0.9939216158321784,1.0,0.9961464697375197,1.0,0.9999999852879304,1.0,0.9948427792150673,1.0,4.0,1111,0.996227712518174,0.9978621280150127,25,25,1,Unanimous LP/P-directed,without_addAF_AlphaMissense_f1
NC_000010.11:87933060:T:C,PTEN,1,0.9947421918014283,1.0,0.9954483085834449,1.0,0.9997958535108403,1.0,0.993568187090509,1.0,4.0,1111,0.9958886352465557,0.9976496759444661,25,25,1,Unanimous LP/P-directed,without_addAF_AlphaMissense_f1
NC_000010.11:87933071:T:G,PTEN,1,0.9933374581224332,1.0,0.9963775141879845,1.0,0.9999999852879304,1.0,0.9935150753409578,1.0,4.0,1111,0.9958075082348266,0.9975985730429315,25,25,1,Unanimous LP/P-directed,without_addAF_AlphaMissense_f1
NC_000010.11:87933077:G:T,PTEN,1,0.9935172358858686,1.0,0.9977849833921819,1.0,0.9999999852879304,1.0,0.9954480731035491,1.0,4.0,1111,0.9966875694173826,0.9981471210310418,25,25,1,Unanimous LP/P-directed,without_addAF_AlphaMissense_f1
NC_000010.11:87933081:T:C,PTEN,1,0.9921214807294119,1.0,0.9946629405348599,1.0,0.9999999852879304,1.0,0.994764491345384,1.0,4.0,1111,0.9953872244743965,0.9973322449336283,25,25,1,Unanimous LP/P-directed,without_addAF_AlphaMissense_f1
NC_000010.11:87933113:G:T,PTEN,1,0.994655207710033,1.0,0.9980851470123229,1.0,0.9999999852879304,1.0,0.9958167494048968,1.0,4.0,1111,0.9971392723537957,0.9984231610877221,25,25,1,Unanimous LP/P-directed,without_addAF_AlphaMissense_f1
NC_000010.11:87933119:G:A,PTEN,1,0.9819445189387055,1.0,0.9770264835722238,1.0,0.9902356244595071,1.0,0.9841328004476844,1.0,4.0,1111,0.9833348568545301,0.9890022846003034,25,25,1,Unanimous LP/P-directed,without_addAF_AlphaMissense_f1
NC_000010.11:87933144:G:T,PTEN,1,0.9496985744384132,1.0,0.999988871055718,1.0,0.9999999852879304,1.0,0.9950029600820729,1.0,4.0,1111,0.9861725977160336,0.9910516116723814,25,25,1,Unanimous LP/P-directed,without_addAF_AlphaMissense_f1
NC_000010.11:87933147:G:C,PTEN,1,0.9929311141809143,1.0,0.9982135842712788,1.0,0.9999999852879304,1.0,0.9938761303122146,1.0,4.0,1111,0.9962552035130845,0.9978792696687593,25,25,1,Unanimous LP/P-directed,without_addAF_AlphaMissense_f1
NC_000010.11:87933147:G:T,PTEN,1,0.993375757302481,1.0,0.9982066715301229,1.0,0.9999999852879304,1.0,0.9944568866256683,1.0,4.0,1111,0.9965098251865507,0.9980374145264946,25,25,1,Unanimous LP/P-directed,without_addAF_AlphaMissense_f1
NC_000010.11:87933160:G:C,PTEN,1,0.9951856736299273,1.0,0.9986231123628594,1.0,0.9994625640381258,1.0,0.9942633619173099,1.0,4.0,1111,0.9968836779870557,0.9982674678370722,25,25,1,Unanimous LP/P-directed,without_addAF_AlphaMissense_f1
NC_000010.11:87933160:G:T,PTEN,1,0.9951698085009373,1.0,0.9986163546497073,1.0,0.9994625640381258,1.0,0.9942633619173099,1.0,4.0,1111,0.9968780222765201,0.9982640076153846,25,25,1,Unanimous LP/P-directed,without_addAF_AlphaMissense_f1
NC_000010.11:87933166:T:G,PTEN,1,0.9891855014852114,1.0,0.994122773466165,1.0,0.9998951045367944,1.0,0.9937737394677891,1.0,4.0,1111,0.99424427973899,0.9965958145072596,25,25,1,Unanimous LP/P-directed,without_addAF_AlphaMissense_f1
NC_000010.11:87933233:A:G,PTEN,1,0.9949080973437295,1.0,0.9974301288055242,1.0,0.9999999852879304,1.0,0.9951060556724576,1.0,4.0,1111,0.9968610667774105,0.9982536302546404,25,25,1,Unanimous LP/P-directed,without_addAF_AlphaMissense_f1
NC_000010.11:87933237:C:T,PTEN,1,0.994671593060081,1.0,0.9967190872150192,1.0,0.9999172871462221,1.0,0.9947444348727679,1.0,4.0,1111,0.9965131005735226,0.9980394413868044,25,25,1,Unanimous LP/P-directed,without_addAF_AlphaMissense_f1
NC_000010.11:87952135:C:A,PTEN,1,0.9936212662090701,1.0,0.9966758460456918,1.0,0.9999999852879304,1.0,0.9921746680103006,1.0,4.0,1111,0.9956179413882482,0.9974787703734317,25,25,1,Unanimous LP/P-directed,without_addAF_AlphaMissense_f1
NC_000010.11:87952135:C:G,PTEN,1,0.9936684050684379,1.0,0.9950309218420007,1.0,0.9999999852879304,1.0,0.9927521052335437,1.0,4.0,1111,0.9953628543579782,0.9973167231379058,25,25,1,Unanimous LP/P-directed,without_addAF_AlphaMissense_f1
NC_000010.11:87952222:T:G,PTEN,1,0.8790234594632087,1.0,0.8592483762054834,1.0,0.8955794399986736,1.0,0.9580975846515397,1.0,4.0,1111,0.8979872150797263,0.9174642353723532,25,25,1,Unanimous LP/P-directed,without_addAF_AlphaMissense_f1
NC_000010.11:87960906:A:C,PTEN,1,0.9924742708485587,1.0,0.9908408857790894,1.0,0.9999999852879304,1.0,0.9945489386525135,1.0,4.0,1111,0.9944660201420229,0.9967399740754075,25,25,1,Unanimous LP/P-directed,without_addAF_AlphaMissense_f1
NC_000010.11:87961038:T:C,PTEN,1,0.9551494095051786,1.0,0.9402739923922343,1.0,0.9303456669501704,1.0,0.9641012018436064,1.0,4.0,1111,0.9474675676727973,0.9607056040277698,25,25,1,Unanimous LP/P-directed,without_addAF_AlphaMissense_f1
NC_000010.11:87961068:A:G,PTEN,1,0.9935563617282976,1.0,0.9940577614835595,1.0,0.9999999852879304,1.0,0.9951373828713398,1.0,4.0,1111,0.9956878728427818,0.9975230288038887,25,25,1,Unanimous LP/P-directed,without_addAF_AlphaMissense_f1
NC_000011.10:108235833:G:C,ATM,1,0.9665006523593378,1.0,0.8230658837737508,1.0,0.8899669623687544,1.0,0.9159471792396012,1.0,4.0,1111,0.8988701694353611,0.9182657754905419,24,25,1,Unanimous LP/P-directed,without_addAF_AlphaMissense_f1
NC_000011.10:108249101:G:C,ATM,1,0.9725423230748651,1.0,0.9997952372229802,1.0,0.9181625609714226,1.0,0.9832270778895712,1.0,4.0,1111,0.9684317997897097,0.9776920909083376,24,25,1,Unanimous LP/P-directed,without_addAF_AlphaMissense_f1
NC_000011.10:108272531:G:T,ATM,1,0.9638105317933856,1.0,0.9186357246023291,1.0,0.7440463929063639,1.0,0.7102731913676691,1.0,4.0,1111,0.834191460167437,0.857375204644122,24,25,1,Unanimous LP/P-directed,without_addAF_AlphaMissense_f1
NC_000011.10:108284327:T:C,ATM,1,0.9720359693524414,1.0,0.9694564032059666,1.0,0.9236130967999756,1.0,0.9644998662269013,1.0,4.0,1111,0.9574013338963212,0.9688824969255715,25,25,1,Unanimous LP/P-directed,without_addAF_AlphaMissense_f1
NC_000011.10:108297381:G:A,ATM,1,0.9906757358225322,1.0,0.994485376886219,1.0,0.8282996592332373,1.0,0.9579308318021983,1.0,4.0,1111,0.9428479009360468,0.9568349152299954,24,25,1,Unanimous LP/P-directed,without_addAF_AlphaMissense_f1
NC_000011.10:108310221:C:T,ATM,1,0.9198176605107025,1.0,0.8364261144539049,1.0,0.9400682068314412,1.0,0.9559479087868693,1.0,4.0,1111,0.9130649726457295,0.9310174597516762,25,25,1,Unanimous LP/P-directed,without_addAF_AlphaMissense_f1
NC_000011.10:108317411:T:G,ATM,1,0.9634173903258221,1.0,0.9915002865640407,1.0,0.9423070860547663,1.0,0.9806439949983325,1.0,4.0,1111,0.9694671894857405,0.9785021983934298,25,25,1,Unanimous LP/P-directed,without_addAF_AlphaMissense_f1
NC_000011.10:108332847:TG:GC,ATM,1,,,,,,,,,,,,,0,25,0,,without_addAF_AlphaMissense_f1
NC_000011.10:108335079:G:C,ATM,1,0.9663495547019468,1.0,0.9387789622553605,1.0,0.9977144225704093,1.0,0.9864906618222559,1.0,4.0,1111,0.9723334003374932,0.9807278829435553,25,25,1,Unanimous LP/P-directed,without_addAF_AlphaMissense_f1
NC_000011.10:108343246:G:C,ATM,1,0.9823383539688758,1.0,0.9764981404112021,1.0,0.9899631098275096,1.0,0.9736522818518636,1.0,4.0,1111,0.9806129715148628,0.987000055581558,25,25,1,Unanimous LP/P-directed,without_addAF_AlphaMissense_f1
NC_000011.10:108343246:G:T,ATM,1,0.9834193527426304,1.0,0.9870432648298166,1.0,0.9983510442074188,1.0,0.9854565386567846,1.0,4.0,1111,0.9885675501091625,0.992746235151811,25,25,1,Unanimous LP/P-directed,without_addAF_AlphaMissense_f1
NC_000011.10:108345887:G:T,ATM,1,0.9902499854027892,1.0,0.986119256196571,1.0,0.9999999852879304,1.0,0.9916023945390294,1.0,4.0,1111,0.9919929053565799,0.9951023183128127,25,25,1,Unanimous LP/P-directed,without_addAF_AlphaMissense_f1
NC_000013.11:32326612:G:A,BRCA2,1,0.9683610661466441,1.0,0.9147611619014925,1.0,0.9264189607222616,1.0,0.9543691351545688,1.0,4.0,1111,0.9409775809812417,0.9552564663925842,22,25,1,Unanimous LP/P-directed,without_addAF_AlphaMissense_f1
NC_000013.11:32341195:G:T,BRCA2,1,,,,,,,,,,,,,12,25,0,,without_addAF_AlphaMissense_f1
NC_000013.11:32346895:G:T,BRCA2,1,0.8878346806748697,1.0,0.954325253718228,1.0,0.8066831882963891,1.0,0.9699776233225156,1.0,4.0,1111,0.9047051865030006,0.9235387055512942,22,25,1,Unanimous LP/P-directed,without_addAF_AlphaMissense_f1
NC_000013.11:32357910:G:A,BRCA2,1,0.9820577464509994,1.0,0.9430409884291824,1.0,0.9909082866870895,1.0,0.968981567961031,1.0,4.0,1111,0.9712471473820755,0.9798873730968953,22,25,1,Unanimous LP/P-directed,without_addAF_AlphaMissense_f1
NC_000013.11:32362542:G:A,BRCA2,1,0.9562128036954053,1.0,0.8959295480690846,1.0,0.9755912850333937,1.0,0.9435331999623197,1.0,4.0,1111,0.9428167091900508,0.9568086436817328,22,25,1,Unanimous LP/P-directed,without_addAF_AlphaMissense_f1
NC_000013.11:32362691:A:G,BRCA2,1,0.9952045978725476,1.0,0.9980174327794782,1.0,0.9912870232718494,1.0,0.9900127017709891,1.0,4.0,1111,0.993630438923716,0.996193791548262,22,25,1,Unanimous LP/P-directed,without_addAF_AlphaMissense_f1
NC_000013.11:32363189:A:T,BRCA2,1,0.9885160121602945,1.0,0.9599005709316228,1.0,0.9935295510245337,1.0,0.9896329274458575,1.0,4.0,1111,0.9828947653905771,0.9886808500953844,22,25,1,Unanimous LP/P-directed,without_addAF_AlphaMissense_f1
NC_000013.11:32363377:T:A,BRCA2,1,0.965790349284932,1.0,0.8840556940404293,1.0,0.9858198407665619,1.0,0.9757097591775145,1.0,4.0,1111,0.9528439108173594,0.9651571550291416,22,25,1,Unanimous LP/P-directed,without_addAF_AlphaMissense_f1
NC_000013.11:32370431:T:C,BRCA2,1,0.9798090134543844,1.0,0.9356651707588672,1.0,0.9887835645692015,1.0,0.9727268810364571,1.0,4.0,1111,0.9692461574547275,0.9783295236571938,22,25,1,Unanimous LP/P-directed,without_addAF_AlphaMissense_f1
NC_000013.11:32370555:A:C,BRCA2,1,0.9414197337587161,1.0,0.9389612330626467,1.0,0.6906011051269496,1.0,0.8736615307185449,1.0,4.0,1111,0.8611609006667142,0.883261611835842,22,25,1,Unanimous LP/P-directed,without_addAF_AlphaMissense_f1
NC_000013.11:32371099:G:A,BRCA2,1,0.9796171562663913,1.0,0.966682590711489,1.0,0.9370054087505909,1.0,0.9742940626678585,1.0,4.0,1111,0.9643998045990824,0.9745084770007288,22,25,1,Unanimous LP/P-directed,without_addAF_AlphaMissense_f1
NC_000013.11:32380114:G:C,BRCA2,1,0.9811371253388035,1.0,0.9437704443535759,1.0,0.9990107193973901,1.0,0.9836719614115069,1.0,4.0,1111,0.9768975626253191,0.9842166341030756,22,25,1,Unanimous LP/P-directed,without_addAF_AlphaMissense_f1
NC_000013.11:32380115:G:A,BRCA2,1,0.9882017558265614,1.0,0.9644952079330052,1.0,0.9995763884180223,1.0,0.9920161137788006,1.0,4.0,1111,0.9860723664890975,0.9909799550909998,22,25,1,Unanimous LP/P-directed,without_addAF_AlphaMissense_f1
NC_000013.11:32394802:A:T,BRCA2,1,0.9382714392225159,1.0,0.8609690034448267,1.0,0.9572968880750101,1.0,0.9701352257744875,1.0,4.0,1111,0.93166813912921,0.9473085890372849,22,25,1,Unanimous LP/P-directed,without_addAF_AlphaMissense_f1
NC_000013.11:32394804:C:T,BRCA2,1,0.6479952023584945,1.0,0.6542283700117068,1.0,0.29269321455281705,0.0,0.14631005330621674,0.0,2.0,1100,0.43530671005730875,0.4334922028790378,22,25,1,Mixed votes,without_addAF_AlphaMissense_f1
NC_000015.10:90794337:A:T,BLM,1,0.9920731468607957,1.0,0.9969479281898126,1.0,0.9935426382841459,1.0,0.9918096323281592,1.0,4.0,1111,0.9935933364157283,0.9961693588316541,25,25,1,Unanimous LP/P-directed,without_addAF_AlphaMissense_f1
NC_000016.10:23641154:C:T,PALB2,1,0.9152275279704931,1.0,0.7888776020536488,1.0,0.9428865732165931,1.0,0.9687916495293066,1.0,4.0,1111,0.9039458381925104,0.922854906617401,22,25,1,Unanimous LP/P-directed,without_addAF_AlphaMissense_f1
NC_000016.10:23641156:T:C,PALB2,1,0.8239367226966355,1.0,0.809137973712658,1.0,0.8509080490989256,1.0,0.966985130865823,1.0,4.0,1111,0.8627419690935105,0.8847586996898827,22,25,1,Unanimous LP/P-directed,without_addAF_AlphaMissense_f1
NC_000016.10:68810268:G:T,CDH1,1,0.9882599674295063,1.0,0.9974760230384117,1.0,0.9764979418425542,1.0,0.9768817048159034,1.0,4.0,1111,0.984778909281594,0.9900503423793531,25,25,1,Unanimous LP/P-directed,without_addAF_AlphaMissense_f1
NC_000016.10:68810276:T:A,CDH1,1,0.9481812179127929,1.0,0.9803788382502756,1.0,0.8616506694192451,1.0,0.9727315108127311,1.0,4.0,1111,0.9407355590987612,0.9550517484049896,25,25,1,Unanimous LP/P-directed,without_addAF_AlphaMissense_f1
NC_000016.10:68812182:G:A,CDH1,1,0.15833621932732003,0.0,0.018279157057049432,0.0,0.16167957065796917,0.0,0.23054740742609203,0.0,0.0,0000,0.14221058861710767,0.12386398710827413,25,25,1,Unanimous B/LB-directed,without_addAF_AlphaMissense_f1
NC_000016.10:68828203:G:A,CDH1,1,0.9814329085569916,1.0,0.9976345819594961,1.0,0.8739609395132667,1.0,0.9800222364619511,1.0,4.0,1111,0.9582626666229264,0.9695813061994866,24,25,1,Unanimous LP/P-directed,without_addAF_AlphaMissense_f1
NC_000016.10:89739516:G:A,FANCA,1,0.5552401461782077,0.0,0.651503919473115,1.0,0.5376010186881032,1.0,0.90073899600618,1.0,3.0,0111,0.6612710200864014,0.679923877341081,25,25,1,Mixed votes,without_addAF_AlphaMissense_f1
NC_000016.10:89745003:G:A,FANCA,1,0.9258188221445945,1.0,0.8888240604025514,1.0,0.8925634836894564,1.0,0.9746856410410368,1.0,4.0,1111,0.9204730018194097,0.9375656820385128,25,25,1,Unanimous LP/P-directed,without_addAF_AlphaMissense_f1
NC_000016.10:89749729:C:A,FANCA,1,0.9971308228291345,1.0,0.9998339025364368,1.0,0.9379568514562578,1.0,0.987043142246087,1.0,4.0,1111,0.9804911797669791,0.9869097001223265,24,25,1,Unanimous LP/P-directed,without_addAF_AlphaMissense_f1
NC_000016.10:89749804:C:T,FANCA,1,0.9906205546804298,1.0,0.9964456500804139,1.0,0.8898151479161708,1.0,0.9668847139349025,1.0,4.0,1111,0.9609415166529792,0.9717434695297785,25,25,1,Unanimous LP/P-directed,without_addAF_AlphaMissense_f1
NC_000016.10:89761948:C:A,FANCA,1,0.9398628589270099,1.0,0.8713496075304508,1.0,0.9257762853472874,1.0,0.9611126511817276,1.0,4.0,1111,0.9245253507466189,0.9411143861270707,23,25,1,Unanimous LP/P-directed,without_addAF_AlphaMissense_f1
NC_000016.10:89761993:T:C,FANCA,1,0.9956033928181358,1.0,0.984816158914506,1.0,0.9873168184141221,1.0,0.9721604800207617,1.0,4.0,1111,0.9849742125418814,0.9901912779535206,25,25,1,Unanimous LP/P-directed,without_addAF_AlphaMissense_f1
NC_000016.10:89764929:T:G,FANCA,1,0.5684900774877673,0.0,0.9839087848623895,1.0,0.5312545322280432,1.0,0.8825853725399182,1.0,3.0,0111,0.7415596917795295,0.7643388593280519,25,25,1,Mixed votes,without_addAF_AlphaMissense_f1
NC_000016.10:89765035:C:G,FANCA,1,0.9893035642575418,1.0,0.9908719217960191,1.0,0.836107130695346,1.0,0.9838804322810135,1.0,4.0,1111,0.9500407622574802,0.962843560718847,25,25,1,Unanimous LP/P-directed,without_addAF_AlphaMissense_f1
NC_000016.10:89769978:C:G,FANCA,1,0.9426163031113559,1.0,0.9546300198013802,1.0,0.6987303288317649,1.0,0.9774501059171354,1.0,4.0,1111,0.893356689415409,0.9132454368008764,25,25,1,Unanimous LP/P-directed,without_addAF_AlphaMissense_f1
NC_000016.10:89791454:T:C,FANCA,1,0.9719017432156084,1.0,0.9649940359138809,1.0,0.9584630371405329,1.0,0.9739918304516615,1.0,4.0,1111,0.9673376616804209,0.9768326444891067,25,25,1,Unanimous LP/P-directed,without_addAF_AlphaMissense_f1
NC_000016.10:89792066:A:G,FANCA,1,0.9802875814465605,1.0,0.9662437836273391,1.0,0.9601909118977424,1.0,0.989243792501168,1.0,4.0,1111,0.9739915173682024,0.9820035404684735,25,25,1,Unanimous LP/P-directed,without_addAF_AlphaMissense_f1
NC_000016.10:89805305:G:C,FANCA,1,0.03964722068416325,0.0,0.004122944747946545,0.0,0.07324002647470677,0.0,0.0758073793551277,0.0,0.0,0000,0.048204392815486066,0.03699058253032922,25,25,1,Unanimous B/LB-directed,without_addAF_AlphaMissense_f1
NC_000016.10:89816614:T:C,FANCA,1,0.9568952822419421,1.0,0.9856272858305916,1.0,0.9851633570197433,1.0,0.980968921585804,1.0,4.0,1111,0.9771637116695202,0.9844178026927091,22,25,1,Unanimous LP/P-directed,without_addAF_AlphaMissense_f1
NC_000017.11:7670708:C:A,TP53,1,0.9785836078800422,1.0,0.9439144157018059,1.0,0.9968026143418685,1.0,0.9827795321902396,1.0,4.0,1111,0.975520042528489,0.9831713010756313,25,25,1,Unanimous LP/P-directed,without_addAF_AlphaMissense_f1
NC_000017.11:7673550:T:A,TP53,1,0.9443251384365539,1.0,0.6976885502621993,1.0,0.8364580761727678,1.0,0.9303544555784963,1.0,4.0,1111,0.8522065551125042,0.8747386546260776,24,25,1,Unanimous LP/P-directed,without_addAF_AlphaMissense_f1
NC_000017.11:7673778:C:A,TP53,1,0.9888936029113812,1.0,0.986803721900631,1.0,0.9995763884180223,1.0,0.9955415937558183,1.0,4.0,1111,0.9927038267464632,0.9955793537555044,25,25,1,Unanimous LP/P-directed,without_addAF_AlphaMissense_f1
NC_000017.11:7673778:C:T,TP53,1,0.9831734605040536,1.0,0.9763351934459159,1.0,0.988889008716573,1.0,0.9919022814873822,1.0,4.0,1111,0.9850749860384812,0.9902639206663113,25,25,1,Unanimous LP/P-directed,without_addAF_AlphaMissense_f1
NC_000017.11:7673810:A:G,TP53,1,0.9911783583121968,1.0,0.9811920126469744,1.0,0.999859698129043,1.0,0.9945286508915332,1.0,4.0,1111,0.9916896799949368,0.9948974717851945,25,25,1,Unanimous LP/P-directed,without_addAF_AlphaMissense_f1
NC_000017.11:7674201:A:T,TP53,1,0.9918378506409481,1.0,0.9917320338936764,1.0,0.9999999852879304,1.0,0.9943128889526367,1.0,4.0,1111,0.9944706896937978,0.9967430035477713,25,25,1,Unanimous LP/P-directed,without_addAF_AlphaMissense_f1
NC_000017.11:7674205:T:C,TP53,1,0.18101732612294588,0.0,0.1360239894101796,0.0,0.4919793269774139,1.0,0.38892135317011983,0.0,1.0,0010,0.2994854989201648,0.28589540703604405,24,25,1,Mixed votes,without_addAF_AlphaMissense_f1
NC_000017.11:7674220:G:C,TP53,1,0.9969613363854227,1.0,0.9899286072272776,1.0,0.9999999852879304,1.0,0.9954727686515212,1.0,4.0,1111,0.995590674388038,0.9974614938599986,25,25,1,Unanimous LP/P-directed,without_addAF_AlphaMissense_f1
NC_000017.11:7674227:GC:AT,TP53,1,,,,,,,,,,,,,1,25,0,,without_addAF_AlphaMissense_f1
NC_000017.11:7674241:A:C,TP53,1,0.9920639847922074,1.0,0.9645481701045944,1.0,0.9870495320191196,1.0,0.9834132779193671,1.0,4.0,1111,0.9817687412088222,0.9878543169207843,24,25,1,Unanimous LP/P-directed,without_addAF_AlphaMissense_f1
NC_000017.11:7674249:C:G,TP53,1,0.9944577088199434,1.0,0.9970727562157322,1.0,0.9999172871462221,1.0,0.9922284910524114,1.0,4.0,1111,0.9959190608085774,0.997668814896505,25,25,1,Unanimous LP/P-directed,without_addAF_AlphaMissense_f1
NC_000017.11:7674251:C:G,TP53,1,0.9916982498979318,1.0,0.9766187451085027,1.0,0.9999999852879304,1.0,0.9888554223535326,1.0,4.0,1111,0.9892931006619743,0.9932524738092567,25,25,1,Unanimous LP/P-directed,without_addAF_AlphaMissense_f1
NC_000017.11:7674917:A:C,TP53,1,0.9871341727549998,1.0,0.9807820022872995,1.0,0.9989130857562102,1.0,0.9804232452545932,1.0,4.0,1111,0.9868131265132757,0.9915081910897126,25,25,1,Unanimous LP/P-directed,without_addAF_AlphaMissense_f1
NC_000017.11:7674953:G:T,TP53,1,0.9838939276419262,1.0,0.9836428799679977,1.0,0.9936210206118368,1.0,0.9900113738908906,1.0,4.0,1111,0.9877923005281628,0.9922015106646613,24,25,1,Unanimous LP/P-directed,without_addAF_AlphaMissense_f1
NC_000017.11:7675069:C:G,TP53,1,0.9916792683334754,1.0,0.9760765267333104,1.0,0.9732612275281567,1.0,0.9891318444447319,1.0,4.0,1111,0.9825372167599186,0.9884190313086203,25,25,1,Unanimous LP/P-directed,without_addAF_AlphaMissense_f1
NC_000017.11:7675074:A:C,TP53,1,0.9645969854836874,1.0,0.9674225859335434,1.0,0.9936644614104831,1.0,0.9935899308131868,1.0,4.0,1111,0.9798184909102252,0.9864095197976084,25,25,1,Unanimous LP/P-directed,without_addAF_AlphaMissense_f1
NC_000017.11:7675079:G:C,TP53,1,0.9795207237382522,1.0,0.9453542116785607,1.0,0.9688002544365127,1.0,0.974606392551129,1.0,4.0,1111,0.9670703956011136,0.9766221901080204,25,25,1,Unanimous LP/P-directed,without_addAF_AlphaMissense_f1
NC_000017.11:7675084:C:A,TP53,1,0.9911487856934983,1.0,0.9903171161094052,1.0,0.9994289076511845,1.0,0.9914158348549967,1.0,4.0,1111,0.9930776610772711,0.9958282853046296,25,25,1,Unanimous LP/P-directed,without_addAF_AlphaMissense_f1
NC_000017.11:7675088:G:C,TP53,1,0.9975951994512282,1.0,0.9941320095601894,1.0,0.9999999852879304,1.0,0.9948873666002339,1.0,4.0,1111,0.9966536402248956,0.9981262246932299,25,25,1,Unanimous LP/P-directed,without_addAF_AlphaMissense_f1
NC_000017.11:7675135:G:T,TP53,1,0.9955433696156688,1.0,0.990869536787778,1.0,0.9994957300643601,1.0,0.9929189412817756,1.0,4.0,1111,0.9947068944373956,0.9968958974051932,25,25,1,Unanimous LP/P-directed,without_addAF_AlphaMissense_f1
NC_000017.11:7675208:A:C,TP53,1,0.9812323977871694,1.0,0.9738281095334246,1.0,0.9998951045367944,1.0,0.9909836319987168,1.0,4.0,1111,0.9864848109640263,0.9912744548942636,25,25,1,Unanimous LP/P-directed,without_addAF_AlphaMissense_f1
NC_000017.11:7675215:C:A,TP53,1,0.9950243467814894,1.0,0.9778788759499911,1.0,0.9991061091390342,1.0,0.9942733705159607,1.0,4.0,1111,0.9915706755966188,0.9948168608433581,25,25,1,Unanimous LP/P-directed,without_addAF_AlphaMissense_f1
NC_000017.11:7675216:T:C,TP53,1,0.9953887326855427,1.0,0.9899221398265327,1.0,0.9959577728759015,1.0,0.9841904106246903,1.0,4.0,1111,0.9913647640031668,0.9946770986990414,25,25,1,Unanimous LP/P-directed,without_addAF_AlphaMissense_f1
NC_000017.11:7675232:A:G,TP53,1,0.9833534854468522,1.0,0.9707590506578927,1.0,0.9985445260992656,1.0,0.9915563605467106,1.0,4.0,1111,0.9860533556876803,0.9909663577084412,25,25,1,Unanimous LP/P-directed,without_addAF_AlphaMissense_f1
NC_000017.11:7675994:G:C,TP53,1,0.992888900113353,1.0,0.9844048314502645,1.0,0.9999999852879304,1.0,0.9940112519653302,1.0,4.0,1111,0.9928262422042196,0.9956610187141918,25,25,1,Unanimous LP/P-directed,without_addAF_AlphaMissense_f1
NC_000017.11:7676036:A:T,TP53,1,0.9837977179578458,1.0,0.9710649538557667,1.0,0.9863996120690984,1.0,0.9656552878122205,1.0,4.0,1111,0.976729392923733,0.9840893879180946,24,25,1,Unanimous LP/P-directed,without_addAF_AlphaMissense_f1
NC_000017.11:43045708:A:G,BRCA1,1,0.9853266797190101,1.0,0.9748032326723368,1.0,0.9615591414019742,1.0,0.9711708697268353,1.0,4.0,1111,0.9732149808800391,0.9814072447024526,25,25,1,Unanimous LP/P-directed,without_addAF_AlphaMissense_f1
NC_000017.11:43045760:A:T,BRCA1,1,0.9957617282376949,1.0,0.9907543991418108,1.0,0.9999999852879304,1.0,0.993577327334894,1.0,4.0,1111,0.9950233600005826,0.9970996377094127,25,25,1,Unanimous LP/P-directed,without_addAF_AlphaMissense_f1
NC_000017.11:43047642:C:G,BRCA1,1,0.9915911614138978,1.0,0.9991699580275908,1.0,0.8083144261711599,1.0,0.9718178107650107,1.0,4.0,1111,0.9427233390944149,0.956729991076447,23,25,1,Unanimous LP/P-directed,without_addAF_AlphaMissense_f1
NC_000017.11:43047642:C:T,BRCA1,1,0.9797707097499398,1.0,0.9962717053269813,1.0,0.8332345585722262,1.0,0.9754811795479209,1.0,4.0,1111,0.946189538299267,0.9596388697077831,24,25,1,Unanimous LP/P-directed,without_addAF_AlphaMissense_f1
NC_000017.11:43047683:A:T,BRCA1,1,0.9940166218912709,1.0,0.9883075795656984,1.0,0.9813646881125881,1.0,0.971541106831642,1.0,4.0,1111,0.9838074991002999,0.9893464561310802,23,25,1,Unanimous LP/P-directed,without_addAF_AlphaMissense_f1
NC_000017.11:43049160:G:A,BRCA1,1,0.976088682971848,1.0,0.9404807932777324,1.0,0.9931604052535508,1.0,0.9832041566513815,1.0,4.0,1111,0.9732335095386282,0.9814214959982166,24,25,1,Unanimous LP/P-directed,without_addAF_AlphaMissense_f1
NC_000017.11:43051112:A:C,BRCA1,1,0.9911499449745955,1.0,0.9704595694318358,1.0,0.9922793013411638,1.0,0.9468110622329311,1.0,4.0,1111,0.9751749694951316,0.9829083799226389,24,25,1,Unanimous LP/P-directed,without_addAF_AlphaMissense_f1
NC_000017.11:43057092:G:C,BRCA1,1,0.9832306270180962,1.0,0.9707805647465926,1.0,0.9760673894914517,1.0,0.8842847116943251,1.0,4.0,1111,0.9535908232376165,0.9657708243464368,24,25,1,Unanimous LP/P-directed,without_addAF_AlphaMissense_f1
NC_000017.11:43057100:C:T,BRCA1,1,0.9854286520445049,1.0,0.9750224193282512,1.0,0.9826072161664215,1.0,0.9500411633676277,1.0,4.0,1111,0.9732748627267013,0.9814532986751777,24,25,1,Unanimous LP/P-directed,without_addAF_AlphaMissense_f1
NC_000017.11:43057113:C:A,BRCA1,1,0.9907260206274733,1.0,0.990185651522685,1.0,0.9994119003472589,1.0,0.9909069427156589,1.0,4.0,1111,0.992807628803269,0.9956486107891728,25,25,1,Unanimous LP/P-directed,without_addAF_AlphaMissense_f1
NC_000017.11:43057115:C:T,BRCA1,1,0.9922740633037186,1.0,0.9919677792240745,1.0,0.9979244623902689,1.0,0.9941448828929403,1.0,4.0,1111,0.9940777969527507,0.9964871998972226,25,25,1,Unanimous LP/P-directed,without_addAF_AlphaMissense_f1
NC_000017.11:43057128:A:T,BRCA1,1,0.9771516025062044,1.0,0.9435133620587344,1.0,0.9566336032064734,1.0,0.836588955082331,1.0,4.0,1111,0.9284718807134358,0.9445466603035421,24,25,1,Unanimous LP/P-directed,without_addAF_AlphaMissense_f1
NC_000017.11:43063882:T:A,BRCA1,1,0.9337161656524626,1.0,0.8318246699707504,1.0,0.9858732982930211,1.0,0.9768806396972896,1.0,4.0,1111,0.9320736934033809,0.9476578622325811,25,25,1,Unanimous LP/P-directed,without_addAF_AlphaMissense_f1
NC_000017.11:43063885:C:A,BRCA1,1,0.9431383425666287,1.0,0.8207628887182833,1.0,0.9772248782597431,1.0,0.9616434721417364,1.0,4.0,1111,0.9256923954215979,0.9421318416037505,24,25,1,Unanimous LP/P-directed,without_addAF_AlphaMissense_f1
NC_000017.11:43067607:C:A,BRCA1,1,0.988386336784998,1.0,0.999384644659441,1.0,0.9891689130977941,1.0,0.9939745093064991,1.0,4.0,1111,0.992728600962183,0.9955958925912937,24,25,1,Unanimous LP/P-directed,without_addAF_AlphaMissense_f1
NC_000017.11:43067621:A:C,BRCA1,1,0.9849244427204601,1.0,0.949596062811319,1.0,0.9939535625502223,1.0,0.9699159226348272,1.0,4.0,1111,0.9745974976792071,0.9824674589059501,24,25,1,Unanimous LP/P-directed,without_addAF_AlphaMissense_f1
NC_000017.11:43067625:G:C,BRCA1,1,0.9820110231212961,1.0,0.9458555646360485,1.0,0.9938460884374983,1.0,0.9699000266701719,1.0,4.0,1111,0.9729031757162536,0.9811672510981375,24,25,1,Unanimous LP/P-directed,without_addAF_AlphaMissense_f1
NC_000017.11:43070950:A:G,BRCA1,1,0.991050445542476,1.0,0.980058325814681,1.0,0.997784979780919,1.0,0.9875774458691179,1.0,4.0,1111,0.9891177992517984,0.9931304868860903,25,25,1,Unanimous LP/P-directed,without_addAF_AlphaMissense_f1
NC_000017.11:43094577:T:A,BRCA1,1,0.010098305233337908,0.0,0.0010719107527674587,0.0,0.018249831998557356,0.0,0.007677990987514951,0.0,0.0,0000,0.009274509743044418,0.005972854877321627,24,25,1,Unanimous B/LB-directed,without_addAF_AlphaMissense_f1
NC_000017.11:43104881:T:A,BRCA1,1,0.9650288554165846,1.0,0.9427136672210381,1.0,0.920253985831662,1.0,0.8770008741707214,1.0,4.0,1111,0.9262493456600015,0.9426166735032914,24,25,1,Unanimous LP/P-directed,without_addAF_AlphaMissense_f1
NC_000017.11:43104884:A:G,BRCA1,1,0.9440222642428938,1.0,0.8674761236783309,1.0,0.9593690732818917,1.0,0.9717002560891956,1.0,4.0,1111,0.935641929323078,0.9507192425968571,24,25,1,Unanimous LP/P-directed,without_addAF_AlphaMissense_f1
NC_000017.11:43106456:T:C,BRCA1,1,0.9950992480108145,1.0,0.9990449552222839,1.0,0.9794914083744624,1.0,0.9921045051771024,1.0,4.0,1111,0.9914350291961658,0.9947248309423588,24,25,1,Unanimous LP/P-directed,without_addAF_AlphaMissense_f1
NC_000017.11:43106477:A:T,BRCA1,1,0.9914384321374666,1.0,0.954409641693895,1.0,0.9999172871462221,1.0,0.9938327328206972,1.0,4.0,1111,0.9848995234495702,0.9901374039335635,25,25,1,Unanimous LP/P-directed,without_addAF_AlphaMissense_f1
NC_000017.11:43106527:C:A,BRCA1,1,0.995980443681643,1.0,0.9839410342213198,1.0,0.999859698129043,1.0,0.9927808111817786,1.0,4.0,1111,0.9931404968034461,0.9958699913396107,25,25,1,Unanimous LP/P-directed,without_addAF_AlphaMissense_f1
NC_000017.11:43115738:G:C,BRCA1,1,0.9717972371253703,1.0,0.9127107345753902,1.0,0.9985445260992656,1.0,0.9827145744184271,1.0,4.0,1111,0.9664417680546133,0.9761264002031249,24,25,1,Unanimous LP/P-directed,without_addAF_AlphaMissense_f1
NC_000017.11:43115744:A:C,BRCA1,1,0.9807722952274663,1.0,0.9661335092894114,1.0,0.9996749379739412,1.0,0.990075363550075,1.0,4.0,1111,0.9841640265102235,0.9896053485021004,25,25,1,Unanimous LP/P-directed,without_addAF_AlphaMissense_f1
NC_000017.11:43115744:A:G,BRCA1,1,0.9841815142305702,1.0,0.9799890217944783,1.0,0.9997958535108403,1.0,0.9904933149593864,1.0,4.0,1111,0.9886149261238188,0.9927793981296658,25,25,1,Unanimous LP/P-directed,without_addAF_AlphaMissense_f1
NC_000017.11:43115744:A:T,BRCA1,1,0.9801831269671863,1.0,0.9540740793027962,1.0,0.9999999852879304,1.0,0.9903908059499762,1.0,4.0,1111,0.9811619993769723,0.98740658302226,25,25,1,Unanimous LP/P-directed,without_addAF_AlphaMissense_f1
NC_000017.11:43115749:G:C,BRCA1,1,0.9823957223733973,1.0,0.948530134935859,1.0,0.9983945386344233,1.0,0.9856847412926589,1.0,4.0,1111,0.9787512843090845,0.9856121890769178,25,25,1,Unanimous LP/P-directed,without_addAF_AlphaMissense_f1
NC_000017.11:43115755:A:G,BRCA1,1,0.2804116730693113,0.0,0.18827249766837412,0.0,0.6961686479128892,1.0,0.7280077843489526,1.0,2.0,0011,0.47321515074988185,0.47514416169663176,24,25,1,Mixed votes,without_addAF_AlphaMissense_f1
NC_000017.11:43115758:G:C,BRCA1,1,0.9743358089843255,1.0,0.9095731632083599,1.0,0.9990107193973901,1.0,0.9915079614226725,1.0,4.0,1111,0.9686069132531869,0.9778293231804279,25,25,1,Unanimous LP/P-directed,without_addAF_AlphaMissense_f1
NC_000017.11:43124016:C:T,BRCA1,1,0.9903596334168991,1.0,0.9997766035643664,1.0,0.9970813915075227,1.0,0.9872210291660883,1.0,4.0,1111,0.9936096644137191,0.9961801129492254,23,25,1,Unanimous LP/P-directed,without_addAF_AlphaMissense_f1
NC_000017.11:43124026:A:G,BRCA1,1,0.9960741321296882,1.0,0.9933775775946636,1.0,0.9999999852879304,1.0,0.9928359624835877,1.0,4.0,1111,0.9955719143739675,0.9974496010506416,25,25,1,Unanimous LP/P-directed,without_addAF_AlphaMissense_f1
NC_000017.11:43124094:A:G,BRCA1,1,0.9688247868417145,1.0,0.940940927822928,1.0,0.9936036232751971,1.0,0.9644205714058876,1.0,4.0,1111,0.9669474773364318,0.9765253327899036,22,25,1,Unanimous LP/P-directed,without_addAF_AlphaMissense_f1
NC_000017.11:58695188:G:C,RAD51C,1,0.9580406517848652,1.0,0.9999927223026518,1.0,0.8776225728725782,1.0,0.9872815453474456,1.0,4.0,1111,0.9557343730768852,0.9675252405590531,24,25,1,Unanimous LP/P-directed,without_addAF_AlphaMissense_f1
NC_000017.11:58724098:A:G,RAD51C,1,0.9783987771643894,1.0,0.9939974381443248,1.0,0.8658175272565397,1.0,0.8590124328720113,1.0,4.0,1111,0.9243065438593163,0.940923396442898,24,25,1,Unanimous LP/P-directed,without_addAF_AlphaMissense_f1
NC_000017.11:61801347:C:G,BRIP1,1,0.9463924714371065,1.0,0.939095373472048,1.0,0.8110219044943795,1.0,0.9150761518471173,1.0,4.0,1111,0.9028964753126629,0.9219087526580487,25,25,1,Unanimous LP/P-directed,without_addAF_AlphaMissense_f1
NC_000019.10:1220448:A:G,STK11,1,0.9868518550625136,1.0,0.9926674841402016,1.0,0.9832368587641036,1.0,0.9584801398980778,1.0,4.0,1111,0.9803090844662241,0.9867744893559104,25,25,1,Unanimous LP/P-directed,without_addAF_AlphaMissense_f1
NC_000019.10:1220693:C:A,STK11,1,0.9938190922079548,1.0,0.9979732142931188,1.0,0.9999999852879304,1.0,0.9907971832330051,1.0,4.0,1111,0.9956473687555023,0.9974974033439619,25,25,1,Unanimous LP/P-directed,without_addAF_AlphaMissense_f1
NC_000019.10:1220701:C:G,STK11,1,0.989658882777141,1.0,0.9996748474691926,1.0,0.9999999852879304,1.0,0.9940255082163278,1.0,4.0,1111,0.995839805937648,0.9976189300003557,25,25,1,Unanimous LP/P-directed,without_addAF_AlphaMissense_f1
NC_000019.10:1221995:C:T,STK11,1,0.9716868834866144,1.0,0.9971133213772243,1.0,0.9557543832561877,1.0,0.9707710417014297,1.0,4.0,1111,0.973831407455364,0.9818807581068862,25,25,1,Unanimous LP/P-directed,without_addAF_AlphaMissense_f1
NC_000019.10:1221996:G:C,STK11,1,0.9939379459258931,1.0,0.9958534622699172,1.0,0.9942815495046342,1.0,0.9903926926182735,1.0,4.0,1111,0.9936164125796795,0.9961845566639316,25,25,1,Unanimous LP/P-directed,without_addAF_AlphaMissense_f1
NC_000019.10:1222987:G:T,STK11,1,0.9941134586469285,1.0,0.9991469842053662,1.0,0.9853093261168044,1.0,0.9867207355739491,1.0,4.0,1111,0.9913226261357622,0.9946484541387458,25,25,1,Unanimous LP/P-directed,without_addAF_AlphaMissense_f1
NC_000009.12:95249288:C:A,FANCC,1,0.9687767564280308,1.0,0.8428425414822087,1.0,0.7681587967471754,1.0,0.8613833195927489,1.0,4.0,1111,0.860290353562541,0.8824362889655585,22,25,1,Unanimous LP/P-directed,without_addAF_AlphaMissense_f1
NC_000002.12:214730439:G:A,BARD1,0,0.02764932813440482,0.0,0.0007160046600121256,0.0,0.019132496875490616,0.0,0.011120489078049838,0.0,0.0,0000,0.014654579686989352,0.00989428636092374,24,25,1,Unanimous B/LB-directed,without_addAF_AlphaMissense_f1
NC_000002.12:214809499:G:A,BARD1,0,0.046359421133188174,0.0,0.0862589153423634,0.0,0.008292969514657677,0.0,0.008702394708854663,0.0,0.0,0000,0.037403425174765983,0.027907317979277632,23,25,1,Unanimous B/LB-directed,without_addAF_AlphaMissense_f1
NC_000009.12:95107253:C:T,FANCC,0,0.019337918846478147,0.0,0.0013869775516853243,0.0,0.0035495761864381948,0.0,0.02407011959115861,0.0,0.0,0000,0.012086148043940068,0.007998632572172332,25,25,1,Unanimous B/LB-directed,without_addAF_AlphaMissense_f1
NC_000010.11:87965337:A:G,PTEN,0,0.06781311219230664,0.0,0.19366028435345753,0.0,0.19926219349154864,0.0,0.04298203728595567,0.0,0.0,0000,0.1259294068308171,0.10807045957012995,25,25,1,Unanimous B/LB-directed,without_addAF_AlphaMissense_f1
NC_000011.10:108235707:A:G,ATM,0,0.03313682420287537,0.0,1.9226850747025533e-05,0.0,0.0016136931217527646,0.0,0.008815207657508482,0.0,0.0,0000,0.010896237958220912,0.007134427476772529,25,25,1,Unanimous B/LB-directed,without_addAF_AlphaMissense_f1
NC_000011.10:108244024:T:A,ATM,0,0.036142567491391164,0.0,0.010383248590325352,0.0,0.17390240112098598,0.0,0.08593020018936227,0.0,0.0,0000,0.07658960434801619,0.061957043396919015,24,25,1,Unanimous B/LB-directed,without_addAF_AlphaMissense_f1
NC_000011.10:108251005:G:A,ATM,0,0.0043039976625401525,0.0,2.424729422940559e-05,0.0,0.018659129245726,0.0,0.012424226274176728,0.0,0.0,0000,0.008852900119168072,0.005674228616599886,25,25,1,Unanimous B/LB-directed,without_addAF_AlphaMissense_f1
NC_000011.10:108251864:C:G,ATM,0,0.019014501073132944,0.0,0.0001654493081082014,0.0,0.0025491622168375984,0.0,0.012809494214552748,0.0,0.0,0000,0.008634651703157872,0.005520224684989319,25,25,1,Unanimous B/LB-directed,without_addAF_AlphaMissense_f1
NC_000011.10:108297325:A:G,ATM,0,0.04702534868436955,0.0,2.720062534170791e-05,0.0,0.003298920373145187,0.0,0.010161196337351604,0.0,0.0,0000,0.01512816650505201,0.01024794935350255,25,25,1,Unanimous B/LB-directed,without_addAF_AlphaMissense_f1
NC_000011.10:108327663:T:C,ATM,0,0.013353138401686514,0.0,0.0017427570017998087,0.0,0.01412368852980679,0.0,0.020257824911162493,0.0,0.0,0000,0.0123693522111139,0.008205692093451863,25,25,1,Unanimous B/LB-directed,without_addAF_AlphaMissense_f1
NC_000013.11:32332441:A:C,BRCA2,0,0.012324398381348143,0.0,0.0028919305785020614,0.0,0.004896831006564488,0.0,0.014639257722036158,0.0,0.0,0000,0.008688104422112711,0.005557905475369173,22,25,1,Unanimous B/LB-directed,without_addAF_AlphaMissense_f1
NC_000013.11:32332658:A:C,BRCA2,0,0.014382330662238835,0.0,0.0027033054147884133,0.0,1.6079295226012686e-08,0.0,0.006139766437484926,0.0,0.0,0000,0.005806354648451849,0.00356512141808911,22,25,1,Unanimous B/LB-directed,without_addAF_AlphaMissense_f1
NC_000013.11:32336318:C:G,BRCA2,0,0.019393704451165308,0.0,0.0001682611856913013,0.0,0.00046296052941760887,0.0,0.0059671576298071325,0.0,0.0,0000,0.006498020949020338,0.0040356179533636875,22,25,1,Unanimous B/LB-directed,without_addAF_AlphaMissense_f1
NC_000013.11:32336492:A:T,BRCA2,0,0.03953622094045078,0.0,0.040508869072102556,0.0,0.08136239460593345,0.0,0.07061861262640792,0.0,0.0,0000,0.058006524311223676,0.04545017786897446,22,25,1,Unanimous B/LB-directed,without_addAF_AlphaMissense_f1
NC_000013.11:32336770:G:C,BRCA2,0,0.02028015299385422,0.0,0.03181780952423789,0.0,0.0028914117749731932,0.0,0.010274929955546155,0.0,0.0,0000,0.016316076062152865,0.011140266026093285,22,25,1,Unanimous B/LB-directed,without_addAF_AlphaMissense_f1
NC_000013.11:32338444:A:C,BRCA2,0,0.023768717014925368,0.0,2.2656178697010586e-05,0.0,1.6079295226012686e-08,0.0,0.00472744647044311,0.0,0.0,0000,0.007129708935840179,0.004469894501526002,22,25,1,Unanimous B/LB-directed,without_addAF_AlphaMissense_f1
NC_000013.11:32338612:G:T,BRCA2,0,0.008327224433622256,0.0,0.00011137211660096019,0.0,0.0004118691891477209,0.0,0.005594458997382699,0.0,0.0,0000,0.003611231184188409,0.0021135849144438557,22,25,1,Unanimous B/LB-directed,without_addAF_AlphaMissense_f1
NC_000013.11:32339449:G:A,BRCA2,0,0.01330413716344719,0.0,0.0007766519802734093,0.0,0.0007375276694269182,0.0,0.006601727852611211,0.0,0.0,0000,0.005355011166439682,0.0032611695285311606,22,25,1,Unanimous B/LB-directed,without_addAF_AlphaMissense_f1
NC_000013.11:32339988:C:G,BRCA2,0,0.014644537318288022,0.0,0.003856078028697958,0.0,1.6079295226012686e-08,0.0,0.032993748984081625,0.0,0.0,0000,0.012873595102590708,0.00857560962182363,22,25,1,Unanimous B/LB-directed,without_addAF_AlphaMissense_f1
NC_000013.11:32340139:A:G,BRCA2,0,0.027632088539687683,0.0,0.0008163580671737699,0.0,0.0008155299847320348,0.0,0.008912322721633314,0.0,0.0,0000,0.0095440748283067,0.006164542126252199,22,25,1,Unanimous B/LB-directed,without_addAF_AlphaMissense_f1
NC_000013.11:32340677:G:A,BRCA2,0,0.032137775705357426,0.0,0.00030394326590020657,0.0,0.0015938248484152014,0.0,0.007602705062357916,0.0,0.0,0000,0.010409562220507687,0.006783786543020569,22,25,1,Unanimous B/LB-directed,without_addAF_AlphaMissense_f1
NC_000013.11:32340701:A:G,BRCA2,0,0.007456705993356656,0.0,0.00018997369994076352,0.0,0.0008353169001636332,0.0,0.00921567836956228,0.0,0.0,0000,0.004424418740755833,0.0026430036901740916,22,25,1,Unanimous B/LB-directed,without_addAF_AlphaMissense_f1
NC_000013.11:32340809:C:A,BRCA2,0,0.017629115098830386,0.0,0.010843335010386347,0.0,0.013845538640971424,0.0,0.008602983807283951,0.0,0.0,0000,0.012730243139368026,0.008470284721792096,22,25,1,Unanimous B/LB-directed,without_addAF_AlphaMissense_f1
NC_000013.11:32356550:G:A,BRCA2,0,0.29767026334818725,0.0,0.3901641584278608,0.0,0.3901269321559905,0.0,0.31326161316438783,0.0,0.0,0000,0.3478057417741066,0.33793648124078346,22,25,1,Unanimous B/LB-directed,without_addAF_AlphaMissense_f1
NC_000013.11:32363195:A:G,BRCA2,0,0.11322011207091288,0.0,0.0715257440927727,0.0,0.3087557307881936,0.0,0.04965918040471427,0.0,0.0,0000,0.13579019183914837,0.1176063163123169,22,25,1,Unanimous B/LB-directed,without_addAF_AlphaMissense_f1
NC_000013.11:32363228:T:C,BRCA2,0,0.034421809012432227,0.0,0.29869448416664407,0.0,0.04013653219872273,0.0,0.05163137182349287,0.0,0.0,0000,0.10622104930032297,0.0893069136132121,22,25,1,Unanimous B/LB-directed,without_addAF_AlphaMissense_f1
NC_000013.11:32379767:G:A,BRCA2,0,0.08081466152627266,0.0,0.16506580597411813,0.0,0.18128799369013704,0.0,0.03305479515903801,0.0,0.0,0000,0.11505581408739146,0.09766706338109979,22,25,1,Unanimous B/LB-directed,without_addAF_AlphaMissense_f1
NC_000015.10:90749521:G:C,BLM,0,0.029552354249422923,0.0,0.0032365169738387974,0.0,0.00022311404666035812,0.0,0.010379333940328406,0.0,0.0,0000,0.01084782980256262,0.007099474633875621,24,25,1,Unanimous B/LB-directed,without_addAF_AlphaMissense_f1
NC_000015.10:90749677:A:G,BLM,0,0.009029862040250273,0.0,0.00014559206862453628,0.0,0.0045224300120992435,0.0,0.01131697248935615,0.0,0.0,0000,0.006253714152582551,0.0038688092819778,24,25,1,Unanimous B/LB-directed,without_addAF_AlphaMissense_f1
NC_000015.10:90811290:G:A,BLM,0,0.04023820696830699,0.0,0.0009539175908509942,0.0,0.00028299589452283923,0.0,0.009001250018863148,0.0,0.0,0000,0.012619092618135992,0.00838870644301372,24,25,1,Unanimous B/LB-directed,without_addAF_AlphaMissense_f1
NC_000016.10:23635824:T:C,PALB2,0,0.03984946052464537,0.0,2.242312001583204e-06,0.0,1.6079295226012686e-08,0.0,0.006638972678687698,0.0,0.0,0000,0.01162267289865747,0.0076608917971918355,25,25,1,Unanimous B/LB-directed,without_addAF_AlphaMissense_f1
NC_000016.10:68808534:G:A,CDH1,0,0.0074193523894335875,0.0,0.024595002499958985,0.0,0.02866817629047184,0.0,0.011941977819474052,0.0,0.0,0000,0.018156127249834616,0.012536318803567328,25,25,1,Unanimous B/LB-directed,without_addAF_AlphaMissense_f1
NC_000016.10:68808764:G:A,CDH1,0,0.010018398496083101,0.0,9.412201330577729e-05,0.0,0.002420368782891669,0.0,0.010101268942590245,0.0,0.0,0000,0.005658539558717698,0.0034652991113523057,24,25,1,Unanimous B/LB-directed,without_addAF_AlphaMissense_f1
NC_000016.10:68810316:T:G,CDH1,0,0.002752225435640551,0.0,0.0025244286493678546,0.0,0.0448942657695951,0.0,0.03951102006193774,0.0,0.0,0000,0.022420484979135312,0.015829755159479132,25,25,1,Unanimous B/LB-directed,without_addAF_AlphaMissense_f1
NC_000016.10:68812143:A:G,CDH1,0,0.00900670833566179,0.0,3.798934617761184e-05,0.0,0.00015333843868318075,0.0,0.005809047373871192,0.0,0.0,0000,0.0037517708735984438,0.002204283557797507,25,25,1,Unanimous B/LB-directed,without_addAF_AlphaMissense_f1
NC_000016.10:68812144:C:T,CDH1,0,0.018018818509036288,0.0,2.3820341017922216e-05,0.0,0.00028299589452283923,0.0,0.008386502180314798,0.0,0.0,0000,0.006678034231222962,0.00415894605325965,25,25,1,Unanimous B/LB-directed,without_addAF_AlphaMissense_f1
NC_000016.10:68813471:G:A,CDH1,0,0.007987271110501255,0.0,0.00021424767305286134,0.0,0.0057032027689579564,0.0,0.011036379449182055,0.0,0.0,0000,0.006235275250423532,0.0038562465417470086,25,25,1,Unanimous B/LB-directed,without_addAF_AlphaMissense_f1
NC_000016.10:68815610:G:A,CDH1,0,0.0013938051034717033,0.0,0.0001486836837904068,0.0,0.015495049881471549,0.0,0.008742124435646283,0.0,0.0,0000,0.006444915776094986,0.0039993024753152626,25,25,1,Unanimous B/LB-directed,without_addAF_AlphaMissense_f1
NC_000016.10:68822137:G:A,CDH1,0,0.015315076610701998,0.0,0.00023875475718836085,0.0,0.0023693080653171684,0.0,0.01364180394054832,0.0,0.0,0000,0.007891235843438961,0.004998758795310904,25,25,1,Unanimous B/LB-directed,without_addAF_AlphaMissense_f1
NC_000016.10:68822176:C:G,CDH1,0,0.002085255819860828,0.0,0.001169180740945153,0.0,0.03627351639124928,0.0,0.011969082308240427,0.0,0.0,0000,0.012874258815073921,0.008576097564159198,25,25,1,Unanimous B/LB-directed,without_addAF_AlphaMissense_f1
NC_000016.10:68823481:A:T,CDH1,0,0.004087996955908527,0.0,0.005471681810641576,0.0,0.04646346892361371,0.0,0.03316423850485825,0.0,0.0,0000,0.022296846548755515,0.015733216216873826,25,25,1,Unanimous B/LB-directed,without_addAF_AlphaMissense_f1
NC_000016.10:68823565:G:A,CDH1,0,0.01937321166842874,0.0,0.0009660379465073003,0.0,0.005640098942203754,0.0,0.01524739953422536,0.0,0.0,0000,0.010306687022841288,0.00670988624804872,25,25,1,Unanimous B/LB-directed,without_addAF_AlphaMissense_f1
NC_000016.10:68829686:G:A,CDH1,0,0.11582505902502023,0.0,0.16734835580458943,0.0,0.24070528204575684,0.0,0.09595303061352643,0.0,0.0,0000,0.15495793187222323,0.13639559117700484,25,25,1,Unanimous B/LB-directed,without_addAF_AlphaMissense_f1
NC_000016.10:89748741:C:T,FANCA,0,0.046949251955307206,0.0,0.00018696690041959194,0.0,0.017655552373951507,0.0,0.016436132714577768,0.0,0.0,0000,0.020306975986064017,0.014187881524228098,25,25,1,Unanimous B/LB-directed,without_addAF_AlphaMissense_f1
NC_000016.10:89758698:G:T,FANCA,0,0.018710615295463837,0.0,0.0022457841383078997,0.0,0.027923866417033368,0.0,0.05959277363768083,0.0,0.0,0000,0.027118259872121485,0.01953960092156186,25,25,1,Unanimous B/LB-directed,without_addAF_AlphaMissense_f1
NC_000016.10:89773357:G:C,FANCA,0,0.03180060651699219,0.0,0.001517296222281375,0.0,0.000915568477660422,0.0,0.006897091337954594,0.0,0.0,0000,0.010282640638722145,0.0066926237749001674,24,25,1,Unanimous B/LB-directed,without_addAF_AlphaMissense_f1
NC_000016.10:89783071:C:T,FANCA,0,0.04912215730219431,0.0,3.00379423130003e-05,0.0,0.0019116751521283425,0.0,0.014351140070117013,0.0,0.0,0000,0.016353752616688165,0.011168685757490672,24,25,1,Unanimous B/LB-directed,without_addAF_AlphaMissense_f1
NC_000016.10:89799207:C:G,FANCA,0,0.015887834152798583,0.0,0.00031946695636643686,0.0,0.0038906310605640293,0.0,0.014501668194092873,0.0,0.0,0000,0.008649900090955481,0.005530971347409985,25,25,1,Unanimous B/LB-directed,without_addAF_AlphaMissense_f1
NC_000016.10:89803296:C:T,FANCA,0,0.021592900441839317,0.0,0.0005934885828215681,0.0,0.006571876463968663,0.0,0.014241540686914798,0.0,0.0,0000,0.010749951543886086,0.007028852780082695,25,25,1,Unanimous B/LB-directed,without_addAF_AlphaMissense_f1
NC_000016.10:89805387:G:A,FANCA,0,0.022307221014717556,0.0,0.0003554696452693744,0.0,0.0008752245199821853,0.0,0.006156553863583662,0.0,0.0,0000,0.007423617260888194,0.004673342766163775,24,25,1,Unanimous B/LB-directed,without_addAF_AlphaMissense_f1
NC_000017.11:7669655:G:T,TP53,0,0.011824569819679337,0.0,0.012962068259743834,0.0,0.0062142567163037486,0.0,0.007078441831961316,0.0,0.0,0000,0.009519834156922058,0.0061472810399214525,24,25,1,Unanimous B/LB-directed,without_addAF_AlphaMissense_f1
NC_000017.11:7670629:C:G,TP53,0,0.020284108659705008,0.0,2.70923577340125e-05,0.0,0.007693501273310312,0.0,0.006324918711881137,0.0,0.0,0000,0.008582405250657617,0.00548341787167909,25,25,1,Unanimous B/LB-directed,without_addAF_AlphaMissense_f1
NC_000017.11:7673578:G:T,TP53,0,0.009092082462180245,0.0,0.00039137959065039477,0.0,0.0064412523687008534,0.0,0.008943513012663697,0.0,0.0,0000,0.0062170568585487975,0.0038438378140990765,25,25,1,Unanimous B/LB-directed,without_addAF_AlphaMissense_f1
NC_000017.11:7675142:C:T,TP53,0,0.018601866383814235,0.0,0.023974455048300185,0.0,0.0833826895089332,0.0,0.10046125617143431,0.0,0.0,0000,0.05660506677812048,0.04422927844901996,25,25,1,Unanimous B/LB-directed,without_addAF_AlphaMissense_f1
NC_000017.11:7676049:A:G,TP53,0,0.0028135127252522365,0.0,0.0011211146260434524,0.0,0.07029838028507168,0.0,0.01365941424691199,0.0,0.0,0000,0.021973105470819838,0.015480716762959418,25,25,1,Unanimous B/LB-directed,without_addAF_AlphaMissense_f1
NC_000017.11:7676223:C:G,TP53,0,0.008804039304399382,0.0,0.0014147657415126637,0.0,0.007217957683299239,0.0,0.015396690101051979,0.0,0.0,0000,0.008208363207565815,0.0052206044871986,25,25,1,Unanimous B/LB-directed,without_addAF_AlphaMissense_f1
NC_000017.11:7676229:G:A,TP53,0,0.043710758814405365,0.0,6.809637273775792e-06,0.0,0.019497345871542036,0.0,0.009441384472052556,0.0,0.0,0000,0.018164074698818436,0.012542383359416272,25,25,1,Unanimous B/LB-directed,without_addAF_AlphaMissense_f1
NC_000017.11:7676263:C:G,TP53,0,0.03731173135124135,0.0,0.013426899583534564,0.0,0.0716083711825444,0.0,0.07854501083173784,0.0,0.0,0000,0.050223003237264544,0.038717036636398104,23,25,1,Unanimous B/LB-directed,without_addAF_AlphaMissense_f1
NC_000017.11:43057130:T:C,BRCA1,0,0.2117551245284101,0.0,0.35422876015617677,0.0,0.21348299799063747,0.0,0.12761203221629833,0.0,0.0,0000,0.22676972872288065,0.20923396744501094,25,25,1,Unanimous B/LB-directed,without_addAF_AlphaMissense_f1
NC_000017.11:43070957:C:T,BRCA1,0,0.0033408203009742733,0.0,5.354379035073514e-05,0.0,0.010699171745334218,0.0,0.020298756442235426,0.0,0.0,0000,0.008598073069723664,0.005494453146462385,24,25,1,Unanimous B/LB-directed,without_addAF_AlphaMissense_f1
NC_000017.11:43071076:T:A,BRCA1,0,0.012110610336498137,0.0,0.0039012678918603117,0.0,0.006053376470143119,0.0,0.012379867038908435,0.0,0.0,0000,0.0086112804343525,0.005503757093980377,25,25,1,Unanimous B/LB-directed,without_addAF_AlphaMissense_f1
NC_000017.11:43074470:C:A,BRCA1,0,0.0035946351206927766,0.0,0.0019754697878133576,0.0,0.013490059868871026,0.0,0.020134879401777002,0.0,0.0,0000,0.00979876104478854,0.006346174317640087,25,25,1,Unanimous B/LB-directed,without_addAF_AlphaMissense_f1
NC_000017.11:43074485:C:G,BRCA1,0,0.018414829328587224,0.0,0.005323868879731377,0.0,0.0027058210126837704,0.0,0.014797025874033882,0.0,0.0,0000,0.010310386273759064,0.006712542253181549,25,25,1,Unanimous B/LB-directed,without_addAF_AlphaMissense_f1
NC_000017.11:43076569:T:G,BRCA1,0,0.013694520090588077,0.0,0.025325129327832336,0.0,0.02794779207009455,0.0,0.015009354562054501,0.0,0.0,0000,0.020494199012642367,0.014332589238018762,25,25,1,Unanimous B/LB-directed,without_addAF_AlphaMissense_f1
NC_000017.11:43090996:C:T,BRCA1,0,0.037449260332944684,0.0,5.060447217592289e-06,0.0,0.0011662760368469284,0.0,0.009917135451341208,0.0,0.0,0000,0.012134433067087603,0.008033898984427116,25,25,1,Unanimous B/LB-directed,without_addAF_AlphaMissense_f1
NC_000017.11:43091484:G:A,BRCA1,0,0.00838220037456774,0.0,0.00025839373163644456,0.0,0.0004118691891477209,0.0,0.007644885014863446,0.0,0.0,0000,0.0041743370775538385,0.0024790368375299985,25,25,1,Unanimous B/LB-directed,without_addAF_AlphaMissense_f1
NC_000017.11:43091817:G:A,BRCA1,0,0.002242820798276503,0.0,3.4536294418220654e-05,0.0,0.0012968259585353706,0.0,0.006130253402966064,0.0,0.0,0000,0.0024261091135490396,0.0013644539366012042,25,25,1,Unanimous B/LB-directed,without_addAF_AlphaMissense_f1
NC_000017.11:43091922:C:T,BRCA1,0,0.028592957600048822,0.0,5.605626928423648e-06,0.0,0.00015333843868318075,0.0,0.0077885900063010775,0.0,0.0,0000,0.009135122917990375,0.005873965895712741,25,25,1,Unanimous B/LB-directed,without_addAF_AlphaMissense_f1
NC_000017.11:43091982:T:C,BRCA1,0,0.04441117134980348,0.0,2.242312001583204e-06,0.0,1.6079295226012686e-08,0.0,0.008401809830565309,0.0,0.0,0000,0.0132038098929164,0.00881870454960809,24,25,1,Unanimous B/LB-directed,without_addAF_AlphaMissense_f1
NC_000017.11:43091989:C:T,BRCA1,0,0.038645585716016805,0.0,3.296050743336877e-05,0.0,0.0012529434608589973,0.0,0.005785932896829775,0.0,0.0,0000,0.011429355645284738,0.007520439125150002,25,25,1,Unanimous B/LB-directed,without_addAF_AlphaMissense_f1
NC_000017.11:43092390:A:G,BRCA1,0,0.010639286394748117,0.0,0.014498428552836793,0.0,0.023209199442752963,0.0,0.0492985831606814,0.0,0.0,0000,0.02441137438775482,0.017392267014654884,25,25,1,Unanimous B/LB-directed,without_addAF_AlphaMissense_f1
NC_000017.11:43092411:C:T,BRCA1,0,0.00589771387179249,0.0,3.824097592171695e-05,0.0,0.004416221374543527,0.0,0.012020425041610565,0.0,0.0,0000,0.005593150315967075,0.0034212258525667893,24,25,1,Unanimous B/LB-directed,without_addAF_AlphaMissense_f1
NC_000017.11:43092757:T:G,BRCA1,0,0.021647034944926553,0.0,3.579818060098701e-05,0.0,0.0004919389971445483,0.0,0.006339310189937455,0.0,0.0,0000,0.0071285205781523855,0.004469073647187239,25,25,1,Unanimous B/LB-directed,without_addAF_AlphaMissense_f1
NC_000017.11:43092918:G:A,BRCA1,0,0.037239145213224044,0.0,2.242312001583204e-06,0.0,0.0023438769142335625,0.0,0.006853360539674887,0.0,0.0,0000,0.01160965624478352,0.007651426823200938,24,25,1,Unanimous B/LB-directed,without_addAF_AlphaMissense_f1
NC_000017.11:43093009:G:A,BRCA1,0,0.00556894762580883,0.0,8.218326845312969e-06,0.0,0.0027585406789784076,0.0,0.004758842114196956,0.0,0.0,0000,0.0032736371864573767,0.0018972052951145581,25,25,1,Unanimous B/LB-directed,without_addAF_AlphaMissense_f1
NC_000017.11:43093053:G:T,BRCA1,0,0.009484529054933962,0.0,0.004493670008757415,0.0,0.0029718584476758035,0.0,0.006145616869296255,0.0,0.0,0000,0.00577391859516586,0.0035431940448795974,25,25,1,Unanimous B/LB-directed,without_addAF_AlphaMissense_f1
NC_000017.11:43093665:G:A,BRCA1,0,0.006502616027156721,0.0,0.017738755668738795,0.0,0.006920239907817441,0.0,0.009789038627858258,0.0,0.0,0000,0.010237662557892803,0.006660346277160232,25,25,1,Unanimous B/LB-directed,without_addAF_AlphaMissense_f1
NC_000017.11:43093875:C:A,BRCA1,0,0.0868087653240306,0.0,0.09527340719576356,0.0,0.08450613645279129,0.0,0.029317592379155894,0.0,0.0,0000,0.07397647533793533,0.05960250357984542,25,25,1,Unanimous B/LB-directed,without_addAF_AlphaMissense_f1
NC_000017.11:43093914:G:A,BRCA1,0,0.029124627313648687,0.0,5.062936767256193e-05,0.0,1.6079295226012686e-08,0.0,0.013791886209226346,0.0,0.0,0000,0.010741789742460706,0.007022966887166773,25,25,1,Unanimous B/LB-directed,without_addAF_AlphaMissense_f1
NC_000017.11:43093996:G:A,BRCA1,0,0.07993838394741375,0.0,0.10658651821968806,0.0,0.12325451123901876,0.0,0.039050444720664636,0.0,0.0,0000,0.08720746453169631,0.07162543304289708,25,25,1,Unanimous B/LB-directed,without_addAF_AlphaMissense_f1
NC_000017.11:43094463:T:C,BRCA1,0,0.0033436861828413746,0.0,3.439489880996207e-05,0.0,0.010662125741912184,0.0,0.006732004887564753,0.0,0.0,0000,0.005193052927782068,0.003152731377105407,24,25,1,Unanimous B/LB-directed,without_addAF_AlphaMissense_f1
NC_000017.11:43094584:T:C,BRCA1,0,0.020021665236916255,0.0,0.011797277797861293,0.0,0.029102823350144625,0.0,0.020320619187977066,0.0,0.0,0000,0.020310596393224807,0.01419067840180404,25,25,1,Unanimous B/LB-directed,without_addAF_AlphaMissense_f1
NC_000017.11:43097265:C:T,BRCA1,0,0.010066485969056004,0.0,0.0034848432320866217,0.0,0.0038906310605640293,0.0,0.01603678818164757,0.0,0.0,0000,0.008369687110838558,0.005333805032260849,25,25,1,Unanimous B/LB-directed,without_addAF_AlphaMissense_f1
NC_000017.11:43097279:G:T,BRCA1,0,0.018363040828575105,0.0,0.007944042342387384,0.0,0.24598474770039394,0.0,0.05997498501129705,0.0,0.0,0000,0.08306670397066337,0.06783618610925245,25,25,1,Unanimous B/LB-directed,without_addAF_AlphaMissense_f1
NC_000017.11:61793636:T:C,BRIP1,0,0.004514339475752891,0.0,0.0008941989635704573,0.0,0.010609260431809821,0.0,0.0161051967279113,0.0,0.0,0000,0.008030748899761117,0.005096242165586847,25,25,1,Unanimous B/LB-directed,without_addAF_AlphaMissense_f1
NC_000017.11:61847150:C:T,BRIP1,0,0.0418644021196052,0.0,1.5260246905520954e-05,0.0,0.00046296052941760887,0.0,0.00903311109960791,0.0,0.0,0000,0.012843933498884061,0.008553806016574851,25,25,1,Unanimous B/LB-directed,without_addAF_AlphaMissense_f1
NC_000022.11:28695158:A:C,CHEK2,0,0.17787597019742798,0.0,0.16627503865590015,0.0,0.12962188333322844,0.0,0.035022500436898724,0.0,0.0,0000,0.12719884815586383,0.10929280631170885,24,25,1,Unanimous B/LB-directed,without_addAF_AlphaMissense_f1
NC_000010.11:87862429:A:G,PTEN,0,,,,,,,,,,,,,1,25,0,,without_addAF_AlphaMissense_f1
NC_000010.11:87864003:G:A,PTEN,0,,,,,,,,,,,,,2,25,0,,without_addAF_AlphaMissense_f1
NC_000010.11:87864185:C:T,PTEN,0,,,,,,,,,,,,,2,25,0,,without_addAF_AlphaMissense_f1
NC_000010.11:87960983:C:G,PTEN,0,0.006400577007899948,0.0,0.04019451760831203,0.0,0.04937526529155984,0.0,0.04958273508274809,0.0,0.0,0000,0.03638827374762998,0.02706816124000402,25,25,1,Unanimous B/LB-directed,without_addAF_AlphaMissense_f1
NC_000011.10:108227778:G:C,ATM,0,0.039585680188921876,0.0,0.017143040319457972,0.0,0.16423601511246083,0.0,0.1262542484437644,0.0,0.0,0000,0.08680474601615126,0.07125588216336314,25,25,1,Unanimous B/LB-directed,without_addAF_AlphaMissense_f1
NC_000011.10:108244101:G:A,ATM,0,0.04502789587209768,0.0,0.0007174594834751021,0.0,0.051302599487593345,0.0,0.018546769072057764,0.0,0.0,0000,0.028898680978805973,0.02096542394346576,25,25,1,Unanimous B/LB-directed,without_addAF_AlphaMissense_f1
NC_000011.10:108287702:G:A,ATM,0,0.02775175392476213,0.0,1.0881007363022325e-05,0.0,0.005389450386518317,0.0,0.0177296425812641,0.0,0.0,0000,0.012720431974976892,0.008463080796959012,25,25,1,Unanimous B/LB-directed,without_addAF_AlphaMissense_f1
NC_000011.10:108289798:A:T,ATM,0,0.031811376273899884,0.0,0.0018431632465822703,0.0,0.015047722563739529,0.0,0.016332708844941767,0.0,0.0,0000,0.016258742732290863,0.011097032727422641,25,25,1,Unanimous B/LB-directed,without_addAF_AlphaMissense_f1
NC_000011.10:108325389:G:A,ATM,0,0.48702072736200863,0.0,0.1824146106267775,0.0,0.3299319512455273,0.0,0.5325693107003054,1.0,1.0,0001,0.3829841499836547,0.37620153769242276,25,25,1,Mixed votes,without_addAF_AlphaMissense_f1
NC_000011.10:108325453:G:T,ATM,0,0.018059819852975126,0.0,0.00014906195100504853,0.0,0.013372106619374822,0.0,0.015135837016337791,0.0,0.0,0000,0.011679206359923196,0.007702012815330594,24,25,1,Unanimous B/LB-directed,without_addAF_AlphaMissense_f1
NC_000011.10:108365158:T:G,ATM,0,0.02893932200954318,0.0,0.001666819947353612,0.0,0.013845538640971424,0.0,0.017385626544076407,0.0,0.0,0000,0.015459326785486154,0.010495966641649795,25,25,1,Unanimous B/LB-directed,without_addAF_AlphaMissense_f1
NC_000013.11:32332345:G:C,BRCA2,0,0.015908664215044475,0.0,0.0016495851109301451,0.0,1.6079295226012686e-08,0.0,0.009195177225609672,0.0,0.0,0000,0.006688360657719879,0.004166031297740058,22,25,1,Unanimous B/LB-directed,without_addAF_AlphaMissense_f1
NC_000013.11:32332385:C:T,BRCA2,0,0.01851715705284557,0.0,0.00320372059456654,0.0,0.0009768809895706256,0.0,0.012554390449677814,0.0,0.0,0000,0.008813037271665138,0.005646069911681174,22,25,1,Unanimous B/LB-directed,without_addAF_AlphaMissense_f1
NC_000013.11:32332594:C:A,BRCA2,0,0.02887613782906504,0.0,0.005832840877780601,0.0,0.0022679845087246408,0.0,0.015857802078288935,0.0,0.0,0000,0.013208691323464803,0.008822303055505293,22,25,1,Unanimous B/LB-directed,without_addAF_AlphaMissense_f1
NC_000013.11:32332776:C:A,BRCA2,0,0.02624227881090306,0.0,0.0003248701624861439,0.0,0.00022311404666035812,0.0,0.00474803058837573,0.0,0.0,0000,0.007884573402106323,0.004994107958899416,22,25,1,Unanimous B/LB-directed,without_addAF_AlphaMissense_f1
NC_000013.11:32332790:A:T,BRCA2,0,0.02299129756470007,0.0,0.0011052288747347614,0.0,1.6079295226012686e-08,0.0,0.006970660122032953,0.0,0.0,0000,0.007766800660190752,0.0049119626269083,22,25,1,Unanimous B/LB-directed,without_addAF_AlphaMissense_f1
NC_000013.11:32332831:C:A,BRCA2,0,0.028535816827168745,0.0,0.0007899955935388565,0.0,1.6079295226012686e-08,0.0,0.00875214726467946,0.0,0.0,0000,0.009519493941170572,0.00614703881497961,22,25,1,Unanimous B/LB-directed,without_addAF_AlphaMissense_f1
NC_000013.11:32336291:G:A,BRCA2,0,0.03857443950558325,0.0,0.0003937821213958943,0.0,1.6079295226012686e-08,0.0,0.005428143643219468,0.0,0.0,0000,0.01109909533737346,0.007281078073260839,22,25,1,Unanimous B/LB-directed,without_addAF_AlphaMissense_f1
NC_000013.11:32336563:G:T,BRCA2,0,0.015330546619679697,0.0,0.002993790629017525,0.0,0.00022311404666035812,0.0,0.015282265868347843,0.0,0.0,0000,0.008457429290926357,0.00539546976898153,22,25,1,Unanimous B/LB-directed,without_addAF_AlphaMissense_f1
NC_000013.11:32336629:C:T,BRCA2,0,0.04177031142074358,0.0,0.000787175125625864,0.0,1.6079295226012686e-08,0.0,0.0056703106792100055,0.0,0.0,0000,0.01205695332621867,0.00797731662573997,22,25,1,Unanimous B/LB-directed,without_addAF_AlphaMissense_f1
NC_000013.11:32336808:T:A,BRCA2,0,0.039615127492237584,0.0,0.15859410163124213,0.0,0.08191489615266664,0.0,0.07078036241996395,0.0,0.0,0000,0.08772612192402758,0.07210169322573677,22,25,1,Unanimous B/LB-directed,without_addAF_AlphaMissense_f1
NC_000013.11:32336857:C:T,BRCA2,0,0.024241898159182318,0.0,0.0014375261220173664,0.0,1.6079295226012686e-08,0.0,0.006446422795226319,0.0,0.0,0000,0.008031465788930308,0.005096743544708204,22,25,1,Unanimous B/LB-directed,without_addAF_AlphaMissense_f1
NC_000013.11:32337052:A:G,BRCA2,0,0.010520012190587,0.0,0.000997252675677691,0.0,0.0017781216198088303,0.0,0.00923166328086552,0.0,0.0,0000,0.00563176244173476,0.0034472445781414313,22,25,1,Unanimous B/LB-directed,without_addAF_AlphaMissense_f1
NC_000013.11:32337226:A:G,BRCA2,0,0.011320576476136362,0.0,0.002504964483297519,0.0,0.00011464251593418412,0.0,0.005945693472393782,0.0,0.0,0000,0.004971469236940461,0.0030049358435664613,22,25,1,Unanimous B/LB-directed,without_addAF_AlphaMissense_f1
NC_000013.11:32337486:T:G,BRCA2,0,0.025391233396553373,0.0,0.01112583757154257,0.0,0.017661589900295697,0.0,0.0989189200430587,0.0,0.0,0000,0.038274395227862586,0.028629413558946323,22,25,1,Unanimous B/LB-directed,without_addAF_AlphaMissense_f1
NC_000013.11:32337587:T:G,BRCA2,0,0.01770271495197177,0.0,0.006102074992337277,0.0,0.003493487811402903,0.0,0.012925123125411397,0.0,0.0,0000,0.010055850220280837,0.006530026171957906,22,25,1,Unanimous B/LB-directed,without_addAF_AlphaMissense_f1
NC_000013.11:32337646:A:T,BRCA2,0,0.01566796424564626,0.0,0.0034490800413215445,0.0,0.001567425970290995,0.0,0.00815880089442736,0.0,0.0,0000,0.007210817787921539,0.00452595371421356,22,25,1,Unanimous B/LB-directed,without_addAF_AlphaMissense_f1
NC_000013.11:32337755:G:C,BRCA2,0,0.006707966682734291,0.0,0.0012899419948835349,0.0,0.0008155299847320348,0.0,0.008137932581922464,0.0,0.0,0000,0.004237842811068081,0.002520581798763002,22,25,1,Unanimous B/LB-directed,without_addAF_AlphaMissense_f1
NC_000013.11:32338153:G:A,BRCA2,0,0.01740466277562272,0.0,0.0006725101781147254,0.0,1.6079295226012686e-08,0.0,0.007825008660706935,0.0,0.0,0000,0.0064755494234349014,0.0040202472415039195,22,25,1,Unanimous B/LB-directed,without_addAF_AlphaMissense_f1
NC_000013.11:32338212:A:T,BRCA2,0,0.021263618026906593,0.0,0.031117068342977346,0.0,0.013568845697588702,0.0,0.011809458649223023,0.0,0.0,0000,0.019439747679173915,0.01351952687508813,22,25,1,Unanimous B/LB-directed,without_addAF_AlphaMissense_f1
NC_000013.11:32338270:G:A,BRCA2,0,0.018396637896013018,0.0,0.003623975268172883,0.0,0.007481738585125411,0.0,0.007261081378225289,0.0,0.0,0000,0.009190858281884151,0.005913488838508852,22,25,1,Unanimous B/LB-directed,without_addAF_AlphaMissense_f1
NC_000013.11:32338789:A:C,BRCA2,0,0.017709496852349127,0.0,0.0019923181462944604,0.0,0.0007375276694269182,0.0,0.0276019066792156,0.0,0.0,0000,0.012010312336821526,0.007943274060182968,22,25,1,Unanimous B/LB-directed,without_addAF_AlphaMissense_f1
NC_000013.11:32338790:G:C,BRCA2,0,0.014457755445898836,0.0,0.0004368736919334083,0.0,0.00032998778556353817,0.0,0.012744870839848798,0.0,0.0,0000,0.006992371940811145,0.0043751241494764705,22,25,1,Unanimous B/LB-directed,without_addAF_AlphaMissense_f1
NC_000013.11:32338875:G:C,BRCA2,0,0.022805884570883523,0.0,0.018751027064970786,0.0,0.008693096862957403,0.0,0.024252267923140964,0.0,0.0,0000,0.01862556910548817,0.012895036867005891,22,25,1,Unanimous B/LB-directed,without_addAF_AlphaMissense_f1
NC_000013.11:32338924:T:G,BRCA2,0,0.6963044074674595,1.0,0.4605519437099302,0.0,0.7601316475458719,1.0,0.6403191827191511,1.0,3.0,1011,0.6393267953606032,0.656415689856652,22,25,1,Mixed votes,without_addAF_AlphaMissense_f1
NC_000013.11:32338963:G:A,BRCA2,0,0.00955162241176904,0.0,0.017694579498336045,0.0,0.03916222246848044,0.0,0.030395488190747305,0.0,0.0,0000,0.024200978142333206,0.017226445744440225,22,25,1,Unanimous B/LB-directed,without_addAF_AlphaMissense_f1
NC_000013.11:32339290:G:A,BRCA2,0,0.01897371988725537,0.0,0.007658470093555144,0.0,0.0011448426993313548,0.0,0.010416347583875659,0.0,0.0,0000,0.009548345066004382,0.006167583318945438,22,25,1,Unanimous B/LB-directed,without_addAF_AlphaMissense_f1
NC_000013.11:32339353:T:A,BRCA2,0,0.030883767187828346,0.0,0.047000162501329046,0.0,0.02699518488524235,0.0,0.04250961246874377,0.0,0.0,0000,0.03684718176078588,0.027447175997597932,22,25,1,Unanimous B/LB-directed,without_addAF_AlphaMissense_f1
NC_000013.11:32339836:A:G,BRCA2,0,0.021967867414751964,0.0,0.008698664003918865,0.0,0.00028299589452283923,0.0,0.02294063673935801,0.0,0.0,0000,0.013472541013137919,0.009017019610253455,22,25,1,Unanimous B/LB-directed,without_addAF_AlphaMissense_f1
NC_000013.11:32340202:G:A,BRCA2,0,0.02739551292250849,0.0,0.0020841601635063936,0.0,1.6079295226012686e-08,0.0,0.005310000229455274,0.0,0.0,0000,0.008697422348691346,0.005564476518899732,22,25,1,Unanimous B/LB-directed,without_addAF_AlphaMissense_f1
NC_000013.11:32340568:T:A,BRCA2,0,0.041333283785967914,0.0,0.26355672906315836,0.0,0.07447797340042353,0.0,0.101594376637456,0.0,0.0,0000,0.12024059072175146,0.10261247652918469,22,25,1,Unanimous B/LB-directed,without_addAF_AlphaMissense_f1
NC_000013.11:32340738:A:C,BRCA2,0,0.05068991891842663,0.0,0.115145306322389,0.0,0.040147394622024546,0.0,0.24085157037820953,0.0,0.0,0000,0.11170854756026243,0.09448951164012029,22,25,1,Unanimous B/LB-directed,without_addAF_AlphaMissense_f1
NC_000013.11:32355171:A:G,BRCA2,0,0.03726320023283732,0.0,0.0004653099873789807,0.0,0.00022311404666035812,0.0,0.019368264290946006,0.0,0.0,0000,0.014329972139455667,0.009652587183983197,22,25,1,Unanimous B/LB-directed,without_addAF_AlphaMissense_f1
NC_000013.11:32355196:G:T,BRCA2,0,0.031191376185294956,0.0,0.001822501644899529,0.0,1.6079295226012686e-08,0.0,0.006025268241789008,0.0,0.0,0000,0.00975979053781968,0.00631834948174657,22,25,1,Unanimous B/LB-directed,without_addAF_AlphaMissense_f1
NC_000013.11:32355204:A:G,BRCA2,0,0.01950545481512004,0.0,0.007135825346118586,0.0,1.6079295226012686e-08,0.0,0.017879883979294017,0.0,0.0,0000,0.011130295054956968,0.007303658513404616,22,25,1,Unanimous B/LB-directed,without_addAF_AlphaMissense_f1
NC_000013.11:32355249:T:C,BRCA2,0,,,,,,,,,,,,,19,25,0,,without_addAF_AlphaMissense_f1
NC_000013.11:32363428:G:T,BRCA2,0,0.457138791035013,0.0,0.394909940646748,0.0,0.45613489369055144,1.0,0.1819684357067135,0.0,1.0,0010,0.3725380152697565,0.36481218669218884,22,25,1,Mixed votes,without_addAF_AlphaMissense_f1
NC_000013.11:32363509:G:A,BRCA2,0,0.5857088361890814,0.0,0.5547367004622462,0.0,0.5506960022433949,1.0,0.4664409050241877,1.0,2.0,0011,0.5393956109797275,0.5478170759518451,22,25,1,Mixed votes,without_addAF_AlphaMissense_f1
NC_000013.11:32370422:C:A,BRCA2,0,0.21493256824280782,0.0,0.28271639227575585,0.0,0.3035080817488752,0.0,0.13986009704725472,0.0,0.0,0000,0.2352542848286734,0.21805068410172787,22,25,1,Unanimous B/LB-directed,without_addAF_AlphaMissense_f1
NC_000013.11:32376675:C:T,BRCA2,0,0.01923102531944779,0.0,0.004986397574338654,0.0,1.6079295226012686e-08,0.0,0.008979581998850444,0.0,0.0,0000,0.008299255242983028,0.005284354823938792,22,25,1,Unanimous B/LB-directed,without_addAF_AlphaMissense_f1
NC_000013.11:32376738:G:A,BRCA2,0,0.6901317847493119,1.0,0.5128094425486439,0.0,0.5654305142935646,1.0,0.059140011013589136,0.0,2.0,1010,0.45687793815127736,0.4571869264680833,22,25,1,Mixed votes,without_addAF_AlphaMissense_f1
NC_000013.11:32379347:T:G,BRCA2,0,0.4011087210972984,0.0,0.3700614616082054,0.0,0.30544756909451704,0.0,0.040779748271806554,0.0,0.0,0000,0.27934937501795687,0.26443832048248517,22,25,1,Unanimous B/LB-directed,without_addAF_AlphaMissense_f1
NC_000013.11:32379838:A:G,BRCA2,0,0.03955008631371676,0.0,0.06786147508436494,0.0,0.012476891770221338,0.0,0.022213592922592465,0.0,0.0,0000,0.035525511522723874,0.026357110163354187,22,25,1,Unanimous B/LB-directed,without_addAF_AlphaMissense_f1
NC_000013.11:32379884:C:T,BRCA2,0,0.3579909593837582,0.0,0.4263517860769333,0.0,0.1870018656146177,0.0,0.08396800148682088,0.0,0.0,0000,0.26382815314053254,0.24800936534979384,22,25,1,Unanimous B/LB-directed,without_addAF_AlphaMissense_f1
NC_000013.11:32380075:C:T,BRCA2,0,0.04656536097537245,0.0,0.1548714716628714,0.0,0.0463216119989746,0.0,0.028646687754598808,0.0,0.0,0000,0.06910128309795432,0.05523772363433352,22,25,1,Unanimous B/LB-directed,without_addAF_AlphaMissense_f1
NC_000015.10:90749686:A:G,BLM,0,0.03045805928322671,0.0,0.00018444993022783969,0.0,0.017408488121181533,0.0,0.010274300819794741,0.0,0.0,0000,0.014581324538607705,0.009839690432411261,24,25,1,Unanimous B/LB-directed,without_addAF_AlphaMissense_f1
NC_000015.10:90794263:A:G,BLM,0,0.02237387887981583,0.0,0.03875670676664771,0.0,0.019546958921912348,0.0,0.016571353503965443,0.0,0.0,0000,0.024312224518085332,0.01731410318507286,25,25,1,Unanimous B/LB-directed,without_addAF_AlphaMissense_f1
NC_000016.10:23603646:C:T,PALB2,0,0.030492659935197723,0.0,0.012106591083630032,0.0,0.03239444683980583,0.0,0.012699381604609702,0.0,0.0,0000,0.02192326986581082,0.015441884445481868,23,25,1,Unanimous B/LB-directed,without_addAF_AlphaMissense_f1
NC_000016.10:23603665:G:A,PALB2,0,,,,,,,,,,,,,2,25,0,,without_addAF_AlphaMissense_f1
NC_000016.10:23629878:G:T,PALB2,0,0.027694457833735673,0.0,0.00019970108609131592,0.0,0.006021327664658745,0.0,0.0130556934734823,0.0,0.0,0000,0.011742795014492009,0.007748290942189605,24,25,1,Unanimous B/LB-directed,without_addAF_AlphaMissense_f1
NC_000016.10:23629994:G:A,PALB2,0,0.021733937351920543,0.0,0.00023141871852330894,0.0,0.013885185418662587,0.0,0.013889387415178346,0.0,0.0,0000,0.012434982226071195,0.008253749029300686,24,25,1,Unanimous B/LB-directed,without_addAF_AlphaMissense_f1
NC_000016.10:23635032:C:T,PALB2,0,0.03625049855462468,0.0,7.162056267973626e-06,0.0,1.6079295226012686e-08,0.0,0.008333323481624029,0.0,0.0,0000,0.011147750042952978,0.007316294296833836,25,25,1,Unanimous B/LB-directed,without_addAF_AlphaMissense_f1
NC_000016.10:68801791:A:G,CDH1,0,0.015385215279438098,0.0,3.166336147404453e-05,0.0,0.0005873517539086835,0.0,0.009624083600761897,0.0,0.0,0000,0.006407078498895681,0.003973446699518653,24,25,1,Unanimous B/LB-directed,without_addAF_AlphaMissense_f1
NC_000016.10:68813345:G:C,CDH1,0,0.012238777247961088,0.0,0.00021757325299270395,0.0,0.001385657237416897,0.0,0.008705573594868786,0.0,0.0,0000,0.005636895333309869,0.0034507047577364463,24,25,1,Unanimous B/LB-directed,without_addAF_AlphaMissense_f1
NC_000016.10:68813447:G:A,CDH1,0,0.015558543891970037,0.0,2.802699969223243e-06,0.0,0.0015214838406129418,0.0,0.007948068596643307,0.0,0.0,0000,0.006257724757298877,0.0038715422837506275,25,25,1,Unanimous B/LB-directed,without_addAF_AlphaMissense_f1
NC_000016.10:68813470:C:G,CDH1,0,0.14794049762920744,0.0,0.2084979527238982,0.0,0.37583308300598317,0.0,0.29590645713013164,0.0,0.0,0000,0.2570444976223051,0.2408618887820716,25,25,1,Unanimous B/LB-directed,without_addAF_AlphaMissense_f1
NC_000016.10:68829756:G:A,CDH1,0,0.15580543611595832,0.0,0.10014018319775134,0.0,0.2669218676807774,0.0,0.06949335651604154,0.0,0.0,0000,0.14809021087763213,0.12962681118238642,25,25,1,Unanimous B/LB-directed,without_addAF_AlphaMissense_f1
NC_000016.10:68833484:G:A,CDH1,0,0.02582267282098179,0.0,0.026830669904791462,0.0,0.12312875203217044,0.0,0.05962587293567261,0.0,0.0,0000,0.05885199192340408,0.04618846691807612,24,25,1,Unanimous B/LB-directed,without_addAF_AlphaMissense_f1
NC_000016.10:89738899:G:A,FANCA,0,,,,,,,,,,,,,2,25,0,,without_addAF_AlphaMissense_f1
NC_000016.10:89738941:A:G,FANCA,0,,,,,,,,,,,,,2,25,0,,without_addAF_AlphaMissense_f1
NC_000016.10:89738965:G:A,FANCA,0,,,,,,,,,,,,,2,25,0,,without_addAF_AlphaMissense_f1
NC_000016.10:89738965:G:C,FANCA,0,,,,,,,,,,,,,2,25,0,,without_addAF_AlphaMissense_f1
NC_000016.10:89765019:A:T,FANCA,0,0.02933776732237304,0.0,0.0004218478505358763,0.0,0.017192319941312307,0.0,0.045487519420466485,0.0,0.0,0000,0.02310986363367193,0.016369113674527164,25,25,1,Unanimous B/LB-directed,without_addAF_AlphaMissense_f1
NC_000016.10:89816555:C:G,FANCA,0,0.06287941115760197,0.0,0.05341984330637422,0.0,0.05253160985670884,0.0,0.13923397924485983,0.0,0.0,0000,0.07701621089138622,0.06234240033094383,24,25,1,Unanimous B/LB-directed,without_addAF_AlphaMissense_f1
NC_000017.11:7669670:C:G,TP53,0,0.0018956164297294653,0.0,0.014376051883224676,0.0,0.03593582992027952,0.0,0.018481899778494248,0.0,0.0,0000,0.017672349502931978,0.012167708487338528,25,25,1,Unanimous B/LB-directed,without_addAF_AlphaMissense_f1
NC_000017.11:7670645:C:T,TP53,0,0.013126131953407264,0.0,0.00021825290890693767,0.0,0.0031343477384280813,0.0,0.012007758590683848,0.0,0.0,0000,0.007121622797856532,0.0044643093082790755,25,25,1,Unanimous B/LB-directed,without_addAF_AlphaMissense_f1
NC_000017.11:7670704:C:A,TP53,0,0.5054559654703276,0.0,0.24148023787392187,0.0,0.5127963674628312,1.0,0.08476782201270765,0.0,1.0,0010,0.3361250982049471,0.3252942270072086,24,25,1,Mixed votes,without_addAF_AlphaMissense_f1
NC_000017.11:7673227:G:C,TP53,0,,,,,,,,,,,,,2,25,0,,without_addAF_AlphaMissense_f1
NC_000017.11:7673555:A:T,TP53,0,0.007575751399444767,0.0,0.010342965135329424,0.0,0.025525984763742723,0.0,0.00951364304693485,0.0,0.0,0000,0.013239586086362942,0.008845081446029903,24,25,1,Unanimous B/LB-directed,without_addAF_AlphaMissense_f1
NC_000017.11:7673589:C:T,TP53,0,0.012075021111267167,0.0,0.010966035471233485,0.0,0.016628314834875455,0.0,0.02052711458785051,0.0,0.0,0000,0.015049121501306655,0.01018883619749816,25,25,1,Unanimous B/LB-directed,without_addAF_AlphaMissense_f1
NC_000017.11:7673712:T:C,TP53,0,0.014793071908316175,0.0,0.020531631727958678,0.0,0.005848095350104589,0.0,0.017618098050902524,0.0,0.0,0000,0.014697724259320491,0.009926455145058409,24,25,1,Unanimous B/LB-directed,without_addAF_AlphaMissense_f1
NC_000017.11:7673720:G:A,TP53,0,0.027388432217701264,0.0,0.10392049102720258,0.0,0.04147947249628785,0.0,0.02287150000623245,0.0,0.0,0000,0.04891497393685604,0.03759734961381051,24,25,1,Unanimous B/LB-directed,without_addAF_AlphaMissense_f1
NC_000017.11:7673799:C:T,TP53,0,0.023627002304898545,0.0,0.0021462916579242097,0.0,0.005080185210068847,0.0,0.019388551738816505,0.0,0.0,0000,0.012560507727927026,0.008345739293763121,24,25,1,Unanimous B/LB-directed,without_addAF_AlphaMissense_f1
NC_000017.11:7674954:C:G,TP53,0,0.0985096916944681,0.0,0.15120377454646677,0.0,0.13150217441313614,0.0,0.03695987212269032,0.0,0.0,0000,0.10454387819419032,0.08772971726024048,24,25,1,Unanimous B/LB-directed,without_addAF_AlphaMissense_f1
NC_000017.11:7675055:C:T,TP53,0,0.009946166998884419,0.0,0.035813558166687846,0.0,0.17873499325211484,0.0,0.05497974924917771,0.0,0.0,0000,0.0698686169167162,0.05592224663949986,25,25,1,Unanimous B/LB-directed,without_addAF_AlphaMissense_f1
NC_000017.11:7676004:C:T,TP53,0,0.735757652924757,1.0,0.5678573203574088,0.0,0.6205000267906886,1.0,0.3871817341837347,0.0,2.0,1010,0.5778241835641473,0.58981627444825,25,25,1,Mixed votes,without_addAF_AlphaMissense_f1
NC_000017.11:7676147:G:A,TP53,0,0.02290636491090904,0.0,5.941468921744614e-05,0.0,0.004255988420439609,0.0,0.00955422468777664,0.0,0.0,0000,0.009193998177085685,0.005915716145972006,25,25,1,Unanimous B/LB-directed,without_addAF_AlphaMissense_f1
NC_000017.11:7676152:GG:AC,TP53,0,,,,,,,,,,,,,1,25,0,,without_addAF_AlphaMissense_f1
NC_000017.11:7676261:G:T,TP53,0,0.04101774051927054,0.0,0.06730385881227638,0.0,0.022936717065348118,0.0,0.022743626943795277,0.0,0.0,0000,0.03850048583517258,0.028817174601625813,22,25,1,Unanimous B/LB-directed,without_addAF_AlphaMissense_f1
NC_000017.11:7676573:A:C,TP53,0,0.03278631907203396,0.0,0.0012321176769150486,0.0,0.0012311381882813797,0.0,0.011281362271833446,0.0,0.0,0000,0.011632734302265961,0.007668208654025417,22,25,1,Unanimous B/LB-directed,without_addAF_AlphaMissense_f1
NC_000017.11:35100980:C:T,RAD51D,0,0.028549705713745918,0.0,0.0021085102811935503,0.0,0.0061176016283764146,0.0,0.021003797064255692,0.0,0.0,0000,0.014444903671892894,0.009738097061080446,23,25,1,Unanimous B/LB-directed,without_addAF_AlphaMissense_f1
NC_000017.11:35101015:C:T,RAD51D,0,0.04878616099828286,0.0,0.01744792458275456,0.0,0.008737393630948647,0.0,0.04135386179918432,0.0,0.0,0000,0.0290813352527926,0.02111227607511122,23,25,1,Unanimous B/LB-directed,without_addAF_AlphaMissense_f1
NC_000017.11:43045703:G:A,BRCA1,0,0.005842309079245625,0.0,0.008388583229776177,0.0,0.0032713491051815954,0.0,0.012867298999429257,0.0,0.0,0000,0.007592385103408164,0.004790548686637474,25,25,1,Unanimous B/LB-directed,without_addAF_AlphaMissense_f1
NC_000017.11:43045724:C:T,BRCA1,0,0.014970296537514893,0.0,0.09392316701618811,0.0,0.07639383838461623,0.0,0.07554327014765169,0.0,0.0,0000,0.06520764302149273,0.05177900423002622,24,25,1,Unanimous B/LB-directed,without_addAF_AlphaMissense_f1
NC_000017.11:43045794:C:T,BRCA1,0,,,,,,,,,,,,,2,25,0,,without_addAF_AlphaMissense_f1
NC_000017.11:43049142:A:C,BRCA1,0,0.1280622293817303,0.0,0.4769742732011883,0.0,0.097157088149548,0.0,0.04409065356438682,0.0,0.0,0000,0.18657106107421337,0.16803060947246268,24,25,1,Unanimous B/LB-directed,without_addAF_AlphaMissense_f1
NC_000017.11:43049179:T:A,BRCA1,0,0.07082425478224581,0.0,0.2514713591636321,0.0,0.34046527754569983,0.0,0.38198555737118883,0.0,0.0,0000,0.2611866122156916,0.24522368704505462,25,25,1,Unanimous B/LB-directed,without_addAF_AlphaMissense_f1
NC_000017.11:43063357:A:G,BRCA1,0,0.15559458645151697,0.0,0.3116854791076204,0.0,0.2390667552875593,0.0,0.1963647866729461,0.0,0.0,0000,0.2256779018799107,0.20810221888783628,24,25,1,Unanimous B/LB-directed,without_addAF_AlphaMissense_f1
NC_000017.11:43067622:C:T,BRCA1,0,0.01591128257587953,0.0,0.05806123347836016,0.0,0.12969291862504675,0.0,0.03072893505198921,0.0,0.0,0000,0.05859859243281891,0.045967053639608554,24,25,1,Unanimous B/LB-directed,without_addAF_AlphaMissense_f1
NC_000017.11:43067679:A:C,BRCA1,0,0.8145904613347743,1.0,0.7225689985983199,1.0,0.6501473004500488,1.0,0.28805466505267335,0.0,3.0,1110,0.6188403563589541,0.6343368478028133,24,25,1,Mixed votes,without_addAF_AlphaMissense_f1
NC_000017.11:43067690:A:G,BRCA1,0,0.21724444457351288,0.0,0.5707070108906359,0.0,0.32305927114832783,0.0,0.47106311848679944,1.0,1.0,0001,0.39551846127481904,0.38989271765458244,25,25,1,Mixed votes,without_addAF_AlphaMissense_f1
NC_000017.11:43071000:T:A,BRCA1,0,0.02777374583317729,0.0,0.08737409232375995,0.0,0.024192724443099268,0.0,0.016757548283097667,0.0,0.0,0000,0.03902452772078355,0.02925286997325579,24,25,1,Unanimous B/LB-directed,without_addAF_AlphaMissense_f1
NC_000017.11:43076514:C:T,BRCA1,0,0.027840401238256356,0.0,0.0008636609247562729,0.0,0.014644077717443919,0.0,0.024836750729461683,0.0,0.0,0000,0.017046222652479556,0.011692276498302208,24,25,1,Unanimous B/LB-directed,without_addAF_AlphaMissense_f1
NC_000017.11:43079333:C:T,BRCA1,0,,,,,,,,,,,,,2,25,0,,without_addAF_AlphaMissense_f1
NC_000017.11:43079348:T:C,BRCA1,0,,,,,,,,,,,,,2,25,0,,without_addAF_AlphaMissense_f1
NC_000017.11:43091449:T:A,BRCA1,0,0.036464076441564235,0.0,0.0005146335933863109,0.0,0.0018737712977450799,0.0,0.0111770868528016,0.0,0.0,0000,0.012507392046374306,0.008306801876118769,24,25,1,Unanimous B/LB-directed,without_addAF_AlphaMissense_f1
NC_000017.11:43091519:G:C,BRCA1,0,0.03155662045059168,0.0,0.035620985041884844,0.0,0.012153206332862012,0.0,0.023113709363628422,0.0,0.0,0000,0.02561113029724174,0.018340872972530817,24,25,1,Unanimous B/LB-directed,without_addAF_AlphaMissense_f1
NC_000017.11:43091612:C:A,BRCA1,0,0.023752676918089213,0.0,0.0103316893873086,0.0,0.004685053475259358,0.0,0.009780651390026145,0.0,0.0,0000,0.012137517792670827,0.00803615251583576,24,25,1,Unanimous B/LB-directed,without_addAF_AlphaMissense_f1
NC_000017.11:43091733:C:G,BRCA1,0,0.024074435877030304,0.0,0.0007933846902432803,0.0,0.019323966893140653,0.0,0.010737610149670333,0.0,0.0,0000,0.013732349402521143,0.00920915449346196,25,25,1,Unanimous B/LB-directed,without_addAF_AlphaMissense_f1
NC_000017.11:43091863:G:A,BRCA1,0,0.04504232740543545,0.0,0.12591753098120664,0.0,0.14249750827338178,0.0,0.05832423061040563,0.0,0.0,0000,0.09294539931760738,0.07691396016257862,24,25,1,Unanimous B/LB-directed,without_addAF_AlphaMissense_f1
NC_000017.11:43091929:C:T,BRCA1,0,0.018976797542976948,0.0,0.0010765522389879197,0.0,0.004122198490716956,0.0,0.008403910218142125,0.0,0.0,0000,0.008144864622705987,0.005176111277627718,25,25,1,Unanimous B/LB-directed,without_addAF_AlphaMissense_f1
NC_000017.11:43091980:C:T,BRCA1,0,0.029762620205644207,0.0,0.00012769610449450732,0.0,0.0046549898592591924,0.0,0.006419947577540943,0.0,0.0,0000,0.010241313436734711,0.006662965688994464,24,25,1,Unanimous B/LB-directed,without_addAF_AlphaMissense_f1
NC_000017.11:43091988:A:G,BRCA1,0,0.006842126980746537,0.0,0.0009306764930790594,0.0,0.002784992954915422,0.0,0.011704952910190334,0.0,0.0,0000,0.005565687334732838,0.0034027312200478393,24,25,1,Unanimous B/LB-directed,without_addAF_AlphaMissense_f1
NC_000017.11:43092046:C:T,BRCA1,0,0.027386275379846926,0.0,0.00011088215388148099,0.0,0.0018737712977450799,0.0,0.010463520538489429,0.0,0.0,0000,0.009958612342490729,0.006460429504790868,24,25,1,Unanimous B/LB-directed,without_addAF_AlphaMissense_f1
NC_000017.11:43092302:T:A,BRCA1,0,0.23422297726234817,0.0,0.39054324247877875,0.0,0.19098728300578302,0.0,0.09286781417386002,0.0,0.0,0000,0.2271553292301925,0.2096338232029903,25,25,1,Unanimous B/LB-directed,without_addAF_AlphaMissense_f1
NC_000017.11:43092400:T:C,BRCA1,0,0.02335335602768653,0.0,5.064409299924435e-05,0.0,0.0014986361722838222,0.0,0.005731857884343222,0.0,0.0,0000,0.007658623544328204,0.0048366245949673725,25,25,1,Unanimous B/LB-directed,without_addAF_AlphaMissense_f1
NC_000017.11:43092619:G:T,BRCA1,0,0.010631793218448869,0.0,0.0005458335693371286,0.0,0.002627208084410381,0.0,0.009311029006742673,0.0,0.0,0000,0.005778965969734763,0.0035466053302726135,24,25,1,Unanimous B/LB-directed,without_addAF_AlphaMissense_f1
NC_000017.11:43093138:G:C,BRCA1,0,0.013469637629029833,0.0,6.935622834675901e-05,0.0,0.001922044194309689,0.0,0.00685452857836368,0.0,0.0,0000,0.0055788916575124905,0.0034116223498667285,25,25,1,Unanimous B/LB-directed,without_addAF_AlphaMissense_f1
NC_000017.11:43093447:C:A,BRCA1,0,0.024013926578055945,0.0,0.035568985545943094,0.0,0.019584190895624624,0.0,0.01219248810081014,0.0,0.0,0000,0.022839897780108448,0.016157680015688406,25,25,1,Unanimous B/LB-directed,without_addAF_AlphaMissense_f1
NC_000017.11:43093570:T:C,BRCA1,0,0.03262907731661559,0.0,0.001502010923982599,0.0,0.0464950095003515,0.0,0.04504756693390635,0.0,0.0,0000,0.031418416168714006,0.023000365770205613,25,25,1,Unanimous B/LB-directed,without_addAF_AlphaMissense_f1
NC_000017.11:43093633:G:T,BRCA1,0,0.02896445155158216,0.0,0.053031132596474496,0.0,0.023240138822384866,0.0,0.01161851182137746,0.0,0.0,0000,0.029213558697954747,0.02121864796261133,24,25,1,Unanimous B/LB-directed,without_addAF_AlphaMissense_f1
NC_000017.11:43093730:G:C,BRCA1,0,0.011564490209132548,0.0,0.00047051921371131733,0.0,0.0004118691891477209,0.0,0.008566766440859479,0.0,0.0,0000,0.005253411263212766,0.0031931038372287057,24,25,1,Unanimous B/LB-directed,without_addAF_AlphaMissense_f1
NC_000017.11:43094072:A:T,BRCA1,0,0.010549726362652466,0.0,6.769020003883888e-05,0.0,0.002784992954915422,0.0,0.008156960858869619,0.0,0.0,0000,0.005389842594119086,0.0032845351841778803,24,25,1,Unanimous B/LB-directed,without_addAF_AlphaMissense_f1
NC_000017.11:43094109:A:G,BRCA1,0,0.013567025552745497,0.0,0.020801396965253068,0.0,0.008747448304223965,0.0,0.006486090700869386,0.0,0.0,0000,0.012400490380772978,0.008228489324294814,24,25,1,Unanimous B/LB-directed,without_addAF_AlphaMissense_f1
NC_000017.11:43094361:T:C,BRCA1,0,0.010901775819063448,0.0,0.006432852762970934,0.0,0.007981982305011374,0.0,0.0058302956164702924,0.0,0.0,0000,0.007786726625879013,0.004925851706377084,24,25,1,Unanimous B/LB-directed,without_addAF_AlphaMissense_f1
NC_000017.11:43094442:T:C,BRCA1,0,0.04585903830544956,0.0,0.0005273129865413544,0.0,0.1015773846222092,0.0,0.04607894901847232,0.0,0.0,0000,0.04851067123316811,0.0372519839864378,25,25,1,Unanimous B/LB-directed,without_addAF_AlphaMissense_f1
NC_000017.11:43094457:A:G,BRCA1,0,0.0421931768238112,0.0,7.120605930018379e-05,0.0,0.0041806018740100865,0.0,0.008570940141247322,0.0,0.0,0000,0.013753981224592197,0.009225169507001961,24,25,1,Unanimous B/LB-directed,without_addAF_AlphaMissense_f1
NC_000017.11:43094529:G:T,BRCA1,0,0.021276957604617147,0.0,0.02331552990547889,0.0,0.008571918574206324,0.0,0.005893150507553868,0.0,0.0,0000,0.014764389147964057,0.009976180830826874,24,25,1,Unanimous B/LB-directed,without_addAF_AlphaMissense_f1
NC_000017.11:43094639:C:T,BRCA1,0,0.0029921223996566605,0.0,0.015861027436732074,0.0,0.029155017945674475,0.0,0.01657443739208487,0.0,0.0,0000,0.016145651293537018,0.011011802593362352,24,25,1,Unanimous B/LB-directed,without_addAF_AlphaMissense_f1
NC_000017.11:43094691:G:C,BRCA1,0,0.004388678175488979,0.0,0.007316625079606016,0.0,0.07431267710781399,0.0,0.017576411035216333,0.0,0.0,0000,0.025898597849531326,0.018568916343426747,25,25,1,Unanimous B/LB-directed,without_addAF_AlphaMissense_f1
NC_000017.11:43094787:G:T,BRCA1,0,0.045244712333089236,0.0,0.36863782072934104,0.0,0.009711886221873392,0.0,0.04426823361686231,0.0,0.0,0000,0.1169656632252915,0.09948545790816814,24,25,1,Unanimous B/LB-directed,without_addAF_AlphaMissense_f1
NC_000017.11:43099810:T:C,BRCA1,0,0.04249663398802985,0.0,0.0005756081570409416,0.0,0.008817913500092858,0.0,0.09206297480256473,0.0,0.0,0000,0.0359882826119321,0.026738259440724346,25,25,1,Unanimous B/LB-directed,without_addAF_AlphaMissense_f1
NC_000017.11:43104165:G:T,BRCA1,0,0.6745720064546642,1.0,0.6274886719362723,1.0,0.7403031467634402,1.0,0.8346605968418169,1.0,4.0,1111,0.7192561054990484,0.7411778767950553,24,25,1,Unanimous LP/P-directed,without_addAF_AlphaMissense_f1
NC_000017.11:43104192:T:C,BRCA1,0,0.016585623681199323,0.0,0.003157347793735831,0.0,0.007167720461962311,0.0,0.012810549500133278,0.0,0.0,0000,0.009930310359257686,0.006440186203091573,24,25,1,Unanimous B/LB-directed,without_addAF_AlphaMissense_f1
NC_000017.11:43104257:G:C,BRCA1,0,0.014841969217820857,0.0,0.029624083552784373,0.0,0.05983613262139611,0.0,0.013501702767598033,0.0,0.0,0000,0.029450972039899843,0.02140978124520248,25,25,1,Unanimous B/LB-directed,without_addAF_AlphaMissense_f1
NC_000017.11:58692681:T:A,RAD51C,0,0.07422516576316851,0.0,0.1259907456575972,0.0,0.004006002792071694,0.0,0.009074018900978024,0.0,0.0,0000,0.053323983278453856,0.04138541552598296,24,25,1,Unanimous B/LB-directed,without_addAF_AlphaMissense_f1
NC_000017.11:58696786:G:A,RAD51C,0,0.007917020249664586,0.0,0.0024480555472719003,0.0,0.058099860334104525,0.0,0.038489148028687886,0.0,0.0,0000,0.026738521039932225,0.01923684088058406,25,25,1,Unanimous B/LB-directed,without_addAF_AlphaMissense_f1
NC_000017.11:61683543:T:C,BRIP1,0,0.04165528888115984,0.0,0.017907065340819733,0.0,0.0016836930681250672,0.0,0.014922458516540765,0.0,0.0,0000,0.01904212645166135,0.01321417702869125,23,25,1,Unanimous B/LB-directed,without_addAF_AlphaMissense_f1
NC_000017.11:61685985:A:T,BRIP1,0,0.03934643371784855,0.0,0.0007524935819206157,0.0,0.003165535875831258,0.0,0.018143231993848243,0.0,0.0,0000,0.015351923792362167,0.010415465201281658,22,25,1,Unanimous B/LB-directed,without_addAF_AlphaMissense_f1
NC_000017.11:61857138:T:C,BRIP1,0,0.05711768819365848,0.0,0.003926983857028862,0.0,0.002811506480526505,0.0,0.009413932699206042,0.0,0.0,0000,0.01831752780760497,0.012659537570578739,24,25,1,Unanimous B/LB-directed,without_addAF_AlphaMissense_f1
NC_000019.10:1223123:T:C,STK11,0,0.035401193184472164,0.0,0.009557644437345266,0.0,0.016069339903110522,0.0,0.010464479614026903,0.0,0.0,0000,0.017873164284738712,0.01232058520051526,25,25,1,Unanimous B/LB-directed,without_addAF_AlphaMissense_f1
NC_000019.10:1226549:C:A,STK11,0,0.02203496590334253,0.0,0.004052432404639383,0.0,0.007086572261382236,0.0,0.007671990180889723,0.0,0.0,0000,0.010211490187563468,0.006641571167873482,24,25,1,Unanimous B/LB-directed,without_addAF_AlphaMissense_f1
NC_000002.12:214780802:T:C,BARD1,0,0.04079896439596523,0.0,6.814300690261153e-05,0.0,0.0025232743775965806,0.0,0.013091839427421972,0.0,0.0,0000,0.014120555301971599,0.009496969979603417,24,25,1,Unanimous B/LB-directed,without_addAF_AlphaMissense_f1
NC_000002.12:214780999:T:C,BARD1,0,0.03336052417521515,0.0,0.0009794537455573734,0.0,0.0008353169001636332,0.0,0.008759048714521527,0.0,0.0,0000,0.01098358588386442,0.007197538225130718,24,25,1,Unanimous B/LB-directed,without_addAF_AlphaMissense_f1
NC_000002.12:214809499:GC:AT,BARD1,0,,,,,,,,,,,,,0,25,0,,without_addAF_AlphaMissense_f1
NC_000008.11:89943290:T:C,NBN,0,0.02084420536141008,0.0,0.0012221705555172518,0.0,0.024541713551454267,0.0,0.0226919287623679,0.0,0.0,0000,0.017325004557687377,0.011903730290040377,24,25,1,Unanimous B/LB-directed,without_addAF_AlphaMissense_f1
NC_000008.11:89953323:C:T,NBN,0,0.04735915728166135,0.0,0.00014591166427431224,0.0,0.00022311404666035812,0.0,0.01019613187066632,0.0,0.0,0000,0.014481078715815587,0.009765026768476967,24,25,1,Unanimous B/LB-directed,without_addAF_AlphaMissense_f1
NC_000008.11:89982788:ATC:GTT,NBN,0,,,,,,,,,,,,,0,25,0,,without_addAF_AlphaMissense_f1
NC_000009.12:95111576:C:A,FANCC,0,0.05175592104685078,0.0,0.00035788311277935186,0.0,0.00011464251593418412,0.0,0.009942611002078617,0.0,0.0,0000,0.015542764419410732,0.010558547264451608,25,25,1,Unanimous B/LB-directed,without_addAF_AlphaMissense_f1
NC_000009.12:95125150:T:C,FANCC,0,0.02983611260434881,0.0,0.00019439479261735686,0.0,0.0017071839306195106,0.0,0.006825832291892863,0.0,0.0,0000,0.009640880904869635,0.00623352093176791,25,25,1,Unanimous B/LB-directed,without_addAF_AlphaMissense_f1
