SPDI,Gene,y,p_SVM_RBF,vote_SVM_RBF,p_ENET_LR,vote_ENET_LR,p_EXTRA_TREES,vote_EXTRA_TREES,p_HIST_GB,vote_HIST_GB,V,vote_vector,Mean4,S_MAC,n_observed_panel,panel_size,complete_flag,directional_descriptor,partition
NC_000010.11:87894024:A:C,PTEN,1,0.9978379404857267,1.0,0.9946050654059486,1.0,0.9999888393631056,1.0,0.9890204671576333,1.0,4.0,1111,0.9953630781031035,0.99751539594061,24,25,1,Unanimous LP/P-directed,without_addAF_AlphaMissense_f4
NC_000010.11:87894050:G:C,PTEN,1,0.9989606627492227,1.0,0.9996641053860578,1.0,0.999995674683395,1.0,0.9890204671576333,1.0,4.0,1111,0.9969102274940771,0.9984186210679863,25,25,1,Unanimous LP/P-directed,without_addAF_AlphaMissense_f4
NC_000010.11:87925517:T:G,PTEN,1,0.9981088861326722,1.0,0.9964720501885478,1.0,0.9999836372988992,1.0,0.9890204671576333,1.0,4.0,1111,0.9958962601944381,0.9978312962938228,25,25,1,Unanimous LP/P-directed,without_addAF_AlphaMissense_f4
NC_000010.11:87925529:A:G,PTEN,1,0.9966441214175006,1.0,0.9954397451790225,1.0,0.9999833693480025,1.0,0.9890204671576333,1.0,4.0,1111,0.9952719257755398,0.9974609558917709,25,25,1,Unanimous LP/P-directed,without_addAF_AlphaMissense_f4
NC_000010.11:87933143:G:A,PTEN,1,0.9976458115440756,1.0,0.9982258412628645,1.0,0.999995674683395,1.0,0.9890204671576333,1.0,4.0,1111,0.9962219486619921,0.9980219881473924,25,25,1,Unanimous LP/P-directed,without_addAF_AlphaMissense_f4
NC_000010.11:87933150:C:T,PTEN,1,0.9990391622750896,1.0,0.9986701854109958,1.0,0.999994858314533,1.0,0.9890204671576333,1.0,4.0,1111,0.9966811682895629,0.9982876415578872,25,25,1,Unanimous LP/P-directed,without_addAF_AlphaMissense_f4
NC_000010.11:87933153:G:T,PTEN,1,0.9979017174655792,1.0,0.9980674123208453,1.0,0.999995674683395,1.0,0.9890204671576333,1.0,4.0,1111,0.9962463179068632,0.9980361827311962,25,25,1,Unanimous LP/P-directed,without_addAF_AlphaMissense_f4
NC_000010.11:87933165:G:A,PTEN,1,0.9977651643854853,1.0,0.9980307856165691,1.0,0.999995674683395,1.0,0.9890204671576333,1.0,4.0,1111,0.9962030229607708,0.9980109570746996,25,25,1,Unanimous LP/P-directed,without_addAF_AlphaMissense_f4
NC_000011.10:108247028:A:G,ATM,1,0.9890816101648704,1.0,0.992964767879986,1.0,0.97833918160633,1.0,0.9756754257175239,1.0,4.0,1111,0.9840152463421775,0.9901219746481416,25,25,1,Unanimous LP/P-directed,without_addAF_AlphaMissense_f4
NC_000011.10:108271073:T:G,ATM,1,0.9862932829786187,1.0,0.9617247547670269,1.0,0.9976556135459266,1.0,0.9890204671576333,1.0,4.0,1111,0.9836735296123014,0.9898856109695503,25,25,1,Unanimous LP/P-directed,without_addAF_AlphaMissense_f4
NC_000011.10:108329201:T:G,ATM,1,0.72790371225897,1.0,0.7319924272363204,1.0,0.8173514690856974,1.0,0.961955756901952,1.0,4.0,1111,0.8098008413707349,0.8375123749197108,25,25,1,Unanimous LP/P-directed,without_addAF_AlphaMissense_f4
NC_000011.10:108333924:T:C,ATM,1,0.9885164205835031,1.0,0.962890130009137,1.0,0.9989052738248321,1.0,0.9890204671576333,1.0,4.0,1111,0.9848330728937764,0.9906851212043049,25,25,1,Unanimous LP/P-directed,without_addAF_AlphaMissense_f4
NC_000011.10:108345803:T:G,ATM,1,0.9946476020388941,1.0,0.9747861912250924,1.0,0.9984918432216318,1.0,0.9890204671576333,1.0,4.0,1111,0.9892365259108129,0.9936488738949968,25,25,1,Unanimous LP/P-directed,without_addAF_AlphaMissense_f4
NC_000011.10:108353804:A:G,ATM,1,0.9980592655017446,1.0,0.9947985312451639,1.0,0.9999885530612275,1.0,0.9890204671576333,1.0,4.0,1111,0.9954667042414422,0.9975771361247544,25,25,1,Unanimous LP/P-directed,without_addAF_AlphaMissense_f4
NC_000015.10:90794310:G:C,BLM,1,0.9846873863997451,1.0,0.9689560170073527,1.0,0.9897981300732515,1.0,0.9853470999003372,1.0,4.0,1111,0.9821971583451716,0.9888575256773083,25,25,1,Unanimous LP/P-directed,without_addAF_AlphaMissense_f4
NC_000016.10:89765061:T:G,FANCA,1,0.9987730247087007,1.0,0.9968922092937564,1.0,0.9540967286384605,1.0,0.9890204671576333,1.0,4.0,1111,0.9846956074496378,0.9905907188488323,25,25,1,Unanimous LP/P-directed,without_addAF_AlphaMissense_f4
NC_000017.11:7670677:A:G,TP53,1,0.9889425274170343,1.0,0.9674580603179661,1.0,0.999247666025548,1.0,0.9890204671576333,1.0,4.0,1111,0.9861671802295455,0.9915957404356662,25,25,1,Unanimous LP/P-directed,without_addAF_AlphaMissense_f4
NC_000017.11:7670698:C:G,TP53,1,0.9929408752574167,1.0,0.984052780588961,1.0,0.9960340753715384,1.0,0.9890204671576333,1.0,4.0,1111,0.9905120495938873,0.9944825920085307,25,25,1,Unanimous LP/P-directed,without_addAF_AlphaMissense_f4
NC_000017.11:7670698:C:T,TP53,1,0.7014352974002899,1.0,0.7575546262644826,1.0,0.6914892833235686,1.0,0.8991435090033482,1.0,4.0,1111,0.7624056789979223,0.7901207551912764,25,25,1,Unanimous LP/P-directed,without_addAF_AlphaMissense_f4
NC_000017.11:7670699:G:A,TP53,1,0.8961505376081179,1.0,0.8481150462035429,1.0,0.7266068328356134,1.0,0.7807322644178765,1.0,4.0,1111,0.8129011702662876,0.8405515526463493,25,25,1,Unanimous LP/P-directed,without_addAF_AlphaMissense_f4
NC_000017.11:7673732:T:C,TP53,1,0.017471297453883084,0.0,4.425062765229718e-05,0.0,0.0008814935665471132,0.0,0.010594250765249296,0.0,0.0,0000,0.007247823103332947,0.004341102103426272,25,25,1,Unanimous B/LB-directed,without_addAF_AlphaMissense_f4
NC_000017.11:7673775:G:C,TP53,1,0.9995307592787273,1.0,0.9962609262544059,1.0,0.998614873872271,1.0,0.9890204671576333,1.0,4.0,1111,0.9958567566407592,0.9978080456390543,25,25,1,Unanimous LP/P-directed,without_addAF_AlphaMissense_f4
NC_000017.11:7673775:G:A,TP53,1,0.9990865978674077,1.0,0.9949295243061943,1.0,0.9998350235993795,1.0,0.9890204671576333,1.0,4.0,1111,0.9957179032326537,0.9977261197477432,25,25,1,Unanimous LP/P-directed,without_addAF_AlphaMissense_f4
NC_000017.11:7674220:G:A,TP53,1,0.9995081719062117,1.0,0.997155057951155,1.0,0.9999893717920286,1.0,0.9890204671576333,1.0,4.0,1111,0.9964182672017572,0.9981360363557811,25,25,1,Unanimous LP/P-directed,without_addAF_AlphaMissense_f4
NC_000017.11:7674251:C:T,TP53,1,0.9946676478151536,1.0,0.9758545338454676,1.0,0.9998734991961062,1.0,0.9890204671576333,1.0,4.0,1111,0.9898540370035902,0.9940540602074296,25,25,1,Unanimous LP/P-directed,without_addAF_AlphaMissense_f4
NC_000017.11:7674256:A:G,TP53,1,0.991124540021448,1.0,0.9700357416426085,1.0,0.9780966092742721,1.0,0.9890204671576333,1.0,4.0,1111,0.9820693395239906,0.9887680074605926,25,25,1,Unanimous LP/P-directed,without_addAF_AlphaMissense_f4
NC_000017.11:7674261:T:C,TP53,1,0.9960055265314433,1.0,0.961112719974768,1.0,0.9995498767814621,1.0,0.9890204671576333,1.0,4.0,1111,0.9864221476113266,0.9917685883971287,25,25,1,Unanimous LP/P-directed,without_addAF_AlphaMissense_f4
NC_000017.11:7674871:T:C,TP53,1,0.9968521417958383,1.0,0.9918301597945068,1.0,0.9995782516650414,1.0,0.9890204671576333,1.0,4.0,1111,0.9943202551032548,0.996885683548551,25,25,1,Unanimous LP/P-directed,without_addAF_AlphaMissense_f4
NC_000017.11:7674884:C:T,TP53,1,0.9885359690900094,1.0,0.9675054086076592,1.0,0.999663004464956,1.0,0.9890204671576333,1.0,4.0,1111,0.9861812123300644,0.9916052632442474,25,25,1,Unanimous LP/P-directed,without_addAF_AlphaMissense_f4
NC_000017.11:7674946:A:G,TP53,1,0.9981878827934453,1.0,0.9911737204411611,1.0,0.9999816886288921,1.0,0.9890204671576333,1.0,4.0,1111,0.994590939755283,0.9970505353465241,25,25,1,Unanimous LP/P-directed,without_addAF_AlphaMissense_f4
NC_000017.11:7675069:C:T,TP53,1,0.45818238279145673,0.0,0.4886192662422698,0.0,0.4086917194745366,0.0,0.5657435868854488,0.0,0.0,0000,0.48030923884842797,0.4857109722184777,25,25,1,Unanimous B/LB-directed,without_addAF_AlphaMissense_f4
NC_000017.11:7675076:G:A,TP53,1,0.984455452622715,1.0,0.9589244373803546,1.0,0.9995448575677065,1.0,0.9890204671576333,1.0,4.0,1111,0.9829863036821023,0.9894084234987505,25,25,1,Unanimous LP/P-directed,without_addAF_AlphaMissense_f4
NC_000017.11:7675160:G:T,TP53,1,0.8822753393801872,1.0,0.6077860306885765,1.0,0.987485432963258,1.0,0.9792501523520545,1.0,4.0,1111,0.864199238846019,0.8895668729997713,25,25,1,Unanimous LP/P-directed,without_addAF_AlphaMissense_f4
NC_000017.11:7675210:A:C,TP53,1,0.9980772161073788,1.0,0.9831499738701865,1.0,0.9997800149585273,1.0,0.9890204671576333,1.0,4.0,1111,0.9925069180234314,0.9957593203030616,25,25,1,Unanimous LP/P-directed,without_addAF_AlphaMissense_f4
NC_000017.11:43057116:C:T,BRCA1,1,0.9970963797575879,1.0,0.9922796352947243,1.0,0.9998497981971295,1.0,0.9890204671576333,1.0,4.0,1111,0.9945615701017687,0.9970326940853166,25,25,1,Unanimous LP/P-directed,without_addAF_AlphaMissense_f4
NC_000017.11:43063880:G:T,BRCA1,1,0.9906741004529518,1.0,0.9699969102762867,1.0,0.9971574327748307,1.0,0.9890204671576333,1.0,4.0,1111,0.9867122276654257,0.9919647607447472,25,25,1,Unanimous LP/P-directed,without_addAF_AlphaMissense_f4
NC_000017.11:43067624:T:C,BRCA1,1,0.9933722894681619,1.0,0.9644475739070762,1.0,0.9988726678501249,1.0,0.9890204671576333,1.0,4.0,1111,0.986428249595749,0.9917727202641011,25,25,1,Unanimous LP/P-directed,without_addAF_AlphaMissense_f4
NC_000017.11:58695158:G:T,RAD51C,1,0.9993611360627529,1.0,0.9975945461339998,1.0,0.9995910464154598,1.0,0.9890204671576333,1.0,4.0,1111,0.9963917989424615,0.9981207008841486,25,25,1,Unanimous LP/P-directed,without_addAF_AlphaMissense_f4
NC_000019.10:1220433:G:A,STK11,1,0.994346461791805,1.0,0.9969000731517927,1.0,0.9979311555593541,1.0,0.9890204671576333,1.0,4.0,1111,0.9945495394151462,0.9970253825451558,25,25,1,Unanimous LP/P-directed,without_addAF_AlphaMissense_f4
NC_000022.11:28725337:T:C,CHEK2,1,0.9803254324523748,1.0,0.9317850048335118,1.0,0.997925098477941,1.0,0.9879678695517351,1.0,4.0,1111,0.9745008513288906,0.9833391906219493,24,25,1,Unanimous LP/P-directed,without_addAF_AlphaMissense_f4
NC_000010.11:87864471:G:A,PTEN,1,0.9978137960663734,1.0,0.9984022826409876,1.0,0.9969273885519983,1.0,0.9890204671576333,1.0,4.0,1111,0.9955409836042481,0.9976212918821683,22,25,1,Unanimous LP/P-directed,without_addAF_AlphaMissense_f4
NC_000010.11:87864527:G:T,PTEN,1,0.9969763132529433,1.0,0.9959139218090609,1.0,0.9999036361744505,1.0,0.9890204671576333,1.0,4.0,1111,0.995453584598522,0.9975693283846108,25,25,1,Unanimous LP/P-directed,without_addAF_AlphaMissense_f4
NC_000010.11:87864532:G:C,PTEN,1,0.9979923155460133,1.0,0.9972172275089108,1.0,0.9999499658973305,1.0,0.9890204671576333,1.0,4.0,1111,0.996044994027472,0.997918604574154,25,25,1,Unanimous LP/P-directed,without_addAF_AlphaMissense_f4
NC_000010.11:87864535:T:G,PTEN,1,0.9985171600947877,1.0,0.9947698729558004,1.0,0.9922012048757113,1.0,0.9890204671576333,1.0,4.0,1111,0.9936271762709832,0.9964594999352478,25,25,1,Unanimous LP/P-directed,without_addAF_AlphaMissense_f4
NC_000010.11:87864539:A:G,PTEN,1,0.9985788876245921,1.0,0.9977494125572466,1.0,0.999995674683395,1.0,0.9890204671576333,1.0,4.0,1111,0.9963361105057167,0.9980883935572625,25,25,1,Unanimous LP/P-directed,without_addAF_AlphaMissense_f4
NC_000010.11:87864543:G:C,PTEN,1,0.9992893165166565,1.0,0.9983100670279693,1.0,0.9999925099756002,1.0,0.9890204671576333,1.0,4.0,1111,0.9966530901694648,0.9982715134871801,25,25,1,Unanimous LP/P-directed,without_addAF_AlphaMissense_f4
NC_000010.11:87894047:A:C,PTEN,1,0.9989025153913352,1.0,0.9982243280592975,1.0,0.9976614175174565,1.0,0.9890204671576333,1.0,4.0,1111,0.9959521820314305,0.9978641663136749,25,25,1,Unanimous LP/P-directed,without_addAF_AlphaMissense_f4
NC_000010.11:87894050:G:A,PTEN,1,0.9985658880944591,1.0,0.9984682546293872,1.0,0.999995674683395,1.0,0.9890204671576333,1.0,4.0,1111,0.9965125711412186,0.9981905693053478,25,25,1,Unanimous LP/P-directed,without_addAF_AlphaMissense_f4
NC_000010.11:87894087:A:G,PTEN,1,0.9940071280807932,1.0,0.9902435879280491,1.0,0.9911157759513625,1.0,0.9890204671576333,1.0,4.0,1111,0.9910967397794594,0.9948604265914064,25,25,1,Unanimous LP/P-directed,without_addAF_AlphaMissense_f4
NC_000010.11:87894088:C:A,PTEN,1,0.9987032176713906,1.0,0.9993702411687364,1.0,0.999998515635544,1.0,0.9890204671576333,1.0,4.0,1111,0.9967731104083262,0.9983403435272848,25,25,1,Unanimous LP/P-directed,without_addAF_AlphaMissense_f4
NC_000010.11:87894093:T:C,PTEN,1,0.9987529670892002,1.0,0.9968927316453633,1.0,0.999911259123691,1.0,0.9890204671576333,1.0,4.0,1111,0.996144356253972,0.9979767225587338,25,25,1,Unanimous LP/P-directed,without_addAF_AlphaMissense_f4
NC_000010.11:87925547:T:G,PTEN,1,0.9977675995862525,1.0,0.9938976507174038,1.0,0.9999836372988992,1.0,0.9890204671576333,1.0,4.0,1111,0.9951673386900473,0.997398342879161,25,25,1,Unanimous LP/P-directed,without_addAF_AlphaMissense_f4
NC_000010.11:87925550:A:C,PTEN,1,0.998088367773267,1.0,0.9977020209728013,1.0,0.9999921853960365,1.0,0.9890204671576333,1.0,4.0,1111,0.9962007603249345,0.9980096378479659,25,25,1,Unanimous LP/P-directed,without_addAF_AlphaMissense_f4
NC_000010.11:87931077:T:G,PTEN,1,0.9964827709233807,1.0,0.9961420612019549,1.0,0.999978124154948,1.0,0.9890204671576333,1.0,4.0,1111,0.9954058558594792,0.9975409022886588,25,25,1,Unanimous LP/P-directed,without_addAF_AlphaMissense_f4
NC_000010.11:87933045:C:T,PTEN,1,0.9969044711530933,1.0,0.9971027284188944,1.0,0.9999354202648739,1.0,0.9890204671576333,1.0,4.0,1111,0.9957407717486237,0.9977396338407684,25,25,1,Unanimous LP/P-directed,without_addAF_AlphaMissense_f4
NC_000010.11:87933078:A:T,PTEN,1,0.99855364851669,1.0,0.9979494110199852,1.0,0.9999946446498726,1.0,0.9890204671576333,1.0,4.0,1111,0.9963795428360454,0.9981135954398428,25,25,1,Unanimous LP/P-directed,without_addAF_AlphaMissense_f4
NC_000010.11:87933089:T:C,PTEN,1,0.998451529669666,1.0,0.9988421670247127,1.0,0.9999914673904192,1.0,0.9890204671576333,1.0,4.0,1111,0.9965764078106079,0.9982273887147622,25,25,1,Unanimous LP/P-directed,without_addAF_AlphaMissense_f4
NC_000010.11:87933092:C:G,PTEN,1,0.9950271125322079,1.0,0.9999737288048359,1.0,0.9998120917168578,1.0,0.9890204671576333,1.0,4.0,1111,0.9959583500528837,0.9978677886068795,25,25,1,Unanimous LP/P-directed,without_addAF_AlphaMissense_f4
NC_000010.11:87933093:T:G,PTEN,1,0.9981618636580699,1.0,0.9976061111661183,1.0,0.9999877805454719,1.0,0.9890204671576333,1.0,4.0,1111,0.9961940556318234,0.9980057281574273,25,25,1,Unanimous LP/P-directed,without_addAF_AlphaMissense_f4
NC_000010.11:87933131:A:G,PTEN,1,0.9983414774939082,1.0,0.9977508509200319,1.0,0.9999912315456791,1.0,0.9890204671576333,1.0,4.0,1111,0.996276006779313,0.9980534616266654,25,25,1,Unanimous LP/P-directed,without_addAF_AlphaMissense_f4
NC_000010.11:87933137:G:A,PTEN,1,0.9971197177352457,1.0,0.9983885025582503,1.0,0.999995674683395,1.0,0.9890204671576333,1.0,4.0,1111,0.9961310905336311,0.9979689731357149,25,25,1,Unanimous LP/P-directed,without_addAF_AlphaMissense_f4
NC_000010.11:87933183:G:C,PTEN,1,0.9943511098580085,1.0,0.9919567346729449,1.0,0.9819972372212031,1.0,0.9890204671576333,1.0,4.0,1111,0.9893313872274474,0.9937113029733984,25,25,1,Unanimous LP/P-directed,without_addAF_AlphaMissense_f4
NC_000010.11:87933234:G:T,PTEN,1,0.9984262672295672,1.0,0.9986644770569317,1.0,0.999995674683395,1.0,0.9890204671576333,1.0,4.0,1111,0.9965267215318818,0.998198737596034,25,25,1,Unanimous LP/P-directed,without_addAF_AlphaMissense_f4
NC_000010.11:87952117:G:C,PTEN,1,0.9983497199722225,1.0,0.998892330304797,1.0,0.999995674683395,1.0,0.9890204671576333,1.0,4.0,1111,0.996564548029512,0.9982205541760327,25,25,1,Unanimous LP/P-directed,without_addAF_AlphaMissense_f4
NC_000010.11:87952133:G:T,PTEN,1,0.9975631086884802,1.0,0.9969440205603901,1.0,0.9999885530612275,1.0,0.9890204671576333,1.0,4.0,1111,0.9958790373669328,0.9978211625786115,25,25,1,Unanimous LP/P-directed,without_addAF_AlphaMissense_f4
NC_000010.11:87952136:A:G,PTEN,1,0.9975122946940962,1.0,0.9946721583396246,1.0,0.9999511281616289,1.0,0.9890204671576333,1.0,4.0,1111,0.9952890120882458,0.9974711698526446,25,25,1,Unanimous LP/P-directed,without_addAF_AlphaMissense_f4
NC_000010.11:87952141:C:G,PTEN,1,0.9968914502702556,1.0,0.9966743352112977,1.0,0.9998862131482109,1.0,0.9890204671576333,1.0,4.0,1111,0.9956181164468494,0.9976670543671528,25,25,1,Unanimous LP/P-directed,without_addAF_AlphaMissense_f4
NC_000010.11:87952153:T:C,PTEN,1,0.9974094578187251,1.0,0.995365830643843,1.0,0.9999378493176218,1.0,0.9890204671576333,1.0,4.0,1111,0.9954334012344557,0.997557311829175,25,25,1,Unanimous LP/P-directed,without_addAF_AlphaMissense_f4
NC_000010.11:87952234:C:G,PTEN,1,0.9872070081416595,1.0,0.9793876639312316,1.0,0.9943189997432843,1.0,0.9861749073998298,1.0,4.0,1111,0.9867721448040012,0.9920052165484265,25,25,1,Unanimous LP/P-directed,without_addAF_AlphaMissense_f4
NC_000010.11:87957963:T:G,PTEN,1,0.9962785744148683,1.0,0.9850562884853203,1.0,0.9999902997283802,1.0,0.9890204671576333,1.0,4.0,1111,0.9925864074465505,0.9958094309681387,25,25,1,Unanimous LP/P-directed,without_addAF_AlphaMissense_f4
NC_000010.11:87957969:GT:TG,PTEN,1,,,,,,,,,,,,,1,25,0,,without_addAF_AlphaMissense_f4
NC_000010.11:87960912:G:T,PTEN,1,0.9981553286138614,1.0,0.9977527947907978,1.0,0.9999924506500679,1.0,0.9890204671576333,1.0,4.0,1111,0.9962302603030901,0.9980268306892331,25,25,1,Unanimous LP/P-directed,without_addAF_AlphaMissense_f4
NC_000010.11:87960921:C:T,PTEN,1,0.9993354002335437,1.0,0.9988096867354155,1.0,0.999994858314533,1.0,0.9890204671576333,1.0,4.0,1111,0.9967901031102815,0.9983500652782131,25,25,1,Unanimous LP/P-directed,without_addAF_AlphaMissense_f4
NC_000010.11:87965293:T:C,PTEN,1,0.9967524825558453,1.0,0.9887894497921811,1.0,0.9999553309167616,1.0,0.9890204671576333,1.0,4.0,1111,0.9936294326056052,0.9964608964957551,25,25,1,Unanimous LP/P-directed,without_addAF_AlphaMissense_f4
NC_000011.10:108227682:C:G,ATM,1,0.8856630986557797,1.0,0.7100858197369971,1.0,0.8729938569758005,1.0,0.8950887128614915,1.0,4.0,1111,0.8409578720575172,0.8676718752401186,25,25,1,Unanimous LP/P-directed,without_addAF_AlphaMissense_f4
NC_000011.10:108229323:G:C,ATM,1,,,,,,,,,,,,,2,25,0,,without_addAF_AlphaMissense_f4
NC_000011.10:108229324:T:G,ATM,1,,,,,,,,,,,,,2,25,0,,without_addAF_AlphaMissense_f4
NC_000011.10:108271257:T:C,ATM,1,0.930053836085844,1.0,0.8521439042882618,1.0,0.9173543418598787,1.0,0.9349690557311746,1.0,4.0,1111,0.9086302844912898,0.9297114546927294,25,25,1,Unanimous LP/P-directed,without_addAF_AlphaMissense_f4
NC_000011.10:108332761:G:T,ATM,1,0.9957493124802564,1.0,0.9938238783585075,1.0,0.949394045663677,1.0,0.9884088452271036,1.0,4.0,1111,0.9818440204323862,0.988610012066376,25,25,1,Unanimous LP/P-directed,without_addAF_AlphaMissense_f4
NC_000011.10:108335881:A:C,ATM,1,0.9935173597768733,1.0,0.976642348265187,1.0,0.9998531689160521,1.0,0.9890204671576333,1.0,4.0,1111,0.9897583360289364,0.9939914532925574,25,25,1,Unanimous LP/P-directed,without_addAF_AlphaMissense_f4
NC_000011.10:108345888:T:A,ATM,1,0.9990652980476993,1.0,0.995055738909211,1.0,0.9994417700129036,1.0,0.9890204671576333,1.0,4.0,1111,0.9956458185318617,0.9976834673368116,25,25,1,Unanimous LP/P-directed,without_addAF_AlphaMissense_f4
NC_000011.10:108353801:C:T,ATM,1,0.994746695510314,1.0,0.9889643720024728,1.0,0.999107433550521,1.0,0.9890204671576333,1.0,4.0,1111,0.9929597420552354,0.9960439311654002,25,25,1,Unanimous LP/P-directed,without_addAF_AlphaMissense_f4
NC_000011.10:108353830:G:T,ATM,1,0.9975347441387686,1.0,0.9930213298634983,1.0,0.9998275022214294,1.0,0.9890204671576333,1.0,4.0,1111,0.9948510108453323,0.9972080258572771,25,25,1,Unanimous LP/P-directed,without_addAF_AlphaMissense_f4
NC_000013.11:32357919:A:G,BRCA2,1,0.8250881225199247,1.0,0.7413854965545573,1.0,0.6840076660200168,1.0,0.3256616835742085,0.0,3.0,1110,0.6440357421671769,0.6657638648295524,22,25,1,Mixed votes,without_addAF_AlphaMissense_f4
NC_000013.11:32357925:A:G,BRCA2,1,0.9932382118431498,1.0,0.999536944560475,1.0,0.8715909149179889,1.0,0.958833832082834,1.0,4.0,1111,0.9557999758511119,0.9690892894540184,22,25,1,Unanimous LP/P-directed,without_addAF_AlphaMissense_f4
NC_000013.11:32357928:G:C,BRCA2,1,0.9951580156447304,1.0,0.9994479642471139,1.0,0.9077127670719967,1.0,0.9655371501849866,1.0,4.0,1111,0.9669639742872069,0.9777210820953443,22,25,1,Unanimous LP/P-directed,without_addAF_AlphaMissense_f4
NC_000013.11:32362584:A:G,BRCA2,1,0.9855402357027437,1.0,0.9262051739882277,1.0,0.9977591911447803,1.0,0.9890204671576333,1.0,4.0,1111,0.9746312669983463,0.9834346843927871,22,25,1,Unanimous LP/P-directed,without_addAF_AlphaMissense_f4
NC_000013.11:32362592:T:A,BRCA2,1,0.9931781967353683,1.0,0.9619904420046396,1.0,0.999468653844617,1.0,0.9890204671576333,1.0,4.0,1111,0.9859144399355646,0.9914240193599003,22,25,1,Unanimous LP/P-directed,without_addAF_AlphaMissense_f4
NC_000013.11:32362592:T:C,BRCA2,1,0.9934214289363816,1.0,0.9633148815402945,1.0,0.999468653844617,1.0,0.9890204671576333,1.0,4.0,1111,0.9863063578697315,0.9916901404575208,22,25,1,Unanimous LP/P-directed,without_addAF_AlphaMissense_f4
NC_000013.11:32362671:T:G,BRCA2,1,0.9361206893195698,1.0,0.8255398132806374,1.0,0.9758399126441549,1.0,0.9781413817601844,1.0,4.0,1111,0.9289104492511366,0.9471304422798325,22,25,1,Unanimous LP/P-directed,without_addAF_AlphaMissense_f4
NC_000013.11:32362680:A:G,BRCA2,1,0.9534330109929252,1.0,0.8928387988527412,1.0,0.9943254881870487,1.0,0.9890204671576333,1.0,4.0,1111,0.9574044412975871,0.9703500169011016,22,25,1,Unanimous LP/P-directed,without_addAF_AlphaMissense_f4
NC_000013.11:32362692:G:C,BRCA2,1,0.9960913762346274,1.0,0.9997430862149421,1.0,0.995491791780303,1.0,0.9890204671576333,1.0,4.0,1111,0.9950866803468765,0.9973499481673835,22,25,1,Unanimous LP/P-directed,without_addAF_AlphaMissense_f4
NC_000013.11:32363210:C:T,BRCA2,1,0.7285833103016416,1.0,0.7528862988869209,1.0,0.663212772081876,1.0,0.09467231543200143,0.0,3.0,1110,0.55983867417561,0.5738480145555394,22,25,1,Mixed votes,without_addAF_AlphaMissense_f4
NC_000013.11:32363372:G:T,BRCA2,1,0.8986726717444332,1.0,0.7619800248184903,1.0,0.7878918601764283,1.0,0.9188982664627215,1.0,4.0,1111,0.8418607058005184,0.8685325263097993,22,25,1,Unanimous LP/P-directed,without_addAF_AlphaMissense_f4
NC_000013.11:32363389:G:A,BRCA2,1,0.4758353138997287,0.0,0.596414304813169,1.0,0.5497509884114357,1.0,0.3367180358259422,0.0,2.0,0110,0.48967966073756886,0.4961269621867514,22,25,1,Mixed votes,without_addAF_AlphaMissense_f4
NC_000013.11:32363443:G:A,BRCA2,1,0.9411409796254091,1.0,0.9064001864499669,1.0,0.960684500810371,1.0,0.8974275699161868,1.0,4.0,1111,0.9264133092004834,0.9450214328198753,22,25,1,Unanimous LP/P-directed,without_addAF_AlphaMissense_f4
NC_000013.11:32370446:G:A,BRCA2,1,0.9934267153395465,1.0,0.9747843599709893,1.0,0.9993024631237711,1.0,0.987872459464063,1.0,4.0,1111,0.9888464994745925,0.9933915069342673,22,25,1,Unanimous LP/P-directed,without_addAF_AlphaMissense_f4
NC_000013.11:32370447:G:A,BRCA2,1,0.9934341843156238,1.0,0.9716762456551322,1.0,0.9994300331505084,1.0,0.9890204671576333,1.0,4.0,1111,0.9883902325697245,0.993089059177022,22,25,1,Unanimous LP/P-directed,without_addAF_AlphaMissense_f4
NC_000013.11:32394733:T:C,BRCA2,1,0.9440649534254236,1.0,0.8700470063201867,1.0,0.9667971775705378,1.0,0.9860100517311057,1.0,4.0,1111,0.9417297972618135,0.9577809961297651,22,25,1,Unanimous LP/P-directed,without_addAF_AlphaMissense_f4
NC_000013.11:32394733:T:G,BRCA2,1,0.973521022537811,1.0,0.934681825250492,1.0,0.990304159399323,1.0,0.9890204671576333,1.0,4.0,1111,0.9718818685863149,0.9814085610674091,22,25,1,Unanimous LP/P-directed,without_addAF_AlphaMissense_f4
NC_000016.10:23641155:A:C,PALB2,1,0.9732794638054706,1.0,0.8360103265785778,1.0,0.9884943031745407,1.0,0.9875633801939133,1.0,4.0,1111,0.9463368684381256,0.9615309890255673,22,25,1,Unanimous LP/P-directed,without_addAF_AlphaMissense_f4
NC_000016.10:68737416:T:A,CDH1,1,0.9937113772037028,1.0,0.9864618443985148,1.0,0.9999426664753812,1.0,0.9890204671576333,1.0,4.0,1111,0.992284088808808,0.9956185161300602,22,25,1,Unanimous LP/P-directed,without_addAF_AlphaMissense_f4
NC_000016.10:68737416:T:C,CDH1,1,0.9891863294099308,1.0,0.9760061097074588,1.0,0.9934324709420038,1.0,0.9874051295683793,1.0,4.0,1111,0.9865075099069432,0.991826369660792,22,25,1,Unanimous LP/P-directed,without_addAF_AlphaMissense_f4
NC_000016.10:68810223:G:A,CDH1,1,0.9963701343549676,1.0,0.9998564353887239,1.0,0.8341421369028859,1.0,0.9434026490934991,1.0,4.0,1111,0.9434428389350191,0.9591804286209018,25,25,1,Unanimous LP/P-directed,without_addAF_AlphaMissense_f4
NC_000016.10:68819392:C:G,CDH1,1,0.9856218678143074,1.0,0.9977374727038195,1.0,0.9126884404792175,1.0,0.9415742325720126,1.0,4.0,1111,0.9594055033923392,0.971913320784158,25,25,1,Unanimous LP/P-directed,without_addAF_AlphaMissense_f4
NC_000016.10:89738942:C:G,FANCA,1,0.9580125462072187,1.0,0.9391042102827005,1.0,0.9085164847202011,1.0,0.9716862322825387,1.0,4.0,1111,0.9443298683731647,0.9599027265465152,25,25,1,Unanimous LP/P-directed,without_addAF_AlphaMissense_f4
NC_000016.10:89746605:G:A,FANCA,1,0.9896024696120981,1.0,0.9555518592073595,1.0,0.9523470222196566,1.0,0.9880866927865251,1.0,4.0,1111,0.9713970109564098,0.9810485166522857,25,25,1,Unanimous LP/P-directed,without_addAF_AlphaMissense_f4
NC_000016.10:89746606:G:A,FANCA,1,0.9860951443552433,1.0,0.9297718945744806,1.0,0.9203036997368439,1.0,0.9890204671576333,1.0,4.0,1111,0.9562978014560504,0.9694811408383338,25,25,1,Unanimous LP/P-directed,without_addAF_AlphaMissense_f4
NC_000016.10:89746852:T:A,FANCA,1,0.9797386178204721,1.0,0.9568613319125452,1.0,0.8355322139677926,1.0,0.9710435395172273,1.0,4.0,1111,0.9357939258045093,0.9528872842284467,25,25,1,Unanimous LP/P-directed,without_addAF_AlphaMissense_f4
NC_000016.10:89749729:C:T,FANCA,1,0.9994006075567666,1.0,0.9998478720660445,1.0,0.9766373767194633,1.0,0.9890204671576333,1.0,4.0,1111,0.991226580874977,0.9949439399577247,24,25,1,Unanimous LP/P-directed,without_addAF_AlphaMissense_f4
NC_000016.10:89761949:G:A,FANCA,1,0.9965747523779926,1.0,0.9922110999207032,1.0,0.9945110796004921,1.0,0.9860314218943625,1.0,4.0,1111,0.9923320884483877,0.9956488876218572,23,25,1,Unanimous LP/P-directed,without_addAF_AlphaMissense_f4
NC_000016.10:89764905:T:A,FANCA,1,0.2300199403639097,0.0,0.05786807255911609,0.0,0.13675425269167402,0.0,0.09289894214536881,0.0,0.0,0000,0.12938530194001716,0.11031246600777263,25,25,1,Unanimous B/LB-directed,without_addAF_AlphaMissense_f4
NC_000016.10:89770615:T:G,FANCA,1,0.7351522236233905,1.0,0.3411281366957873,0.0,0.8665845172745122,1.0,0.9889307562340123,1.0,3.0,1011,0.7329489084569255,0.7598825231807252,25,25,1,Mixed votes,without_addAF_AlphaMissense_f4
NC_000016.10:89773305:A:G,FANCA,1,0.9981724171619425,1.0,0.9805517914031611,1.0,0.9952759338497645,1.0,0.9890204671576333,1.0,4.0,1111,0.9907551523931253,0.9946400338611796,25,25,1,Unanimous LP/P-directed,without_addAF_AlphaMissense_f4
NC_000016.10:89783083:G:A,FANCA,1,0.919700726509777,1.0,0.84918428203081,1.0,0.8696907232396722,1.0,0.9169451489551212,1.0,4.0,1111,0.888880220183845,0.9121716194167272,25,25,1,Unanimous LP/P-directed,without_addAF_AlphaMissense_f4
NC_000016.10:89791457:C:A,FANCA,1,0.9991933410411327,1.0,0.996819261535122,1.0,0.9929677846395096,1.0,0.9890204671576333,1.0,4.0,1111,0.9945002135933494,0.9969953857096323,25,25,1,Unanimous LP/P-directed,without_addAF_AlphaMissense_f4
NC_000016.10:89791457:C:T,FANCA,1,0.9987492834946711,1.0,0.9941250076366601,1.0,0.9734735061880794,1.0,0.9890204671576333,1.0,4.0,1111,0.988842066119261,0.9933885752174345,25,25,1,Unanimous LP/P-directed,without_addAF_AlphaMissense_f4
NC_000016.10:89795940:A:C,FANCA,1,0.9763136842095985,1.0,0.9151039841925682,1.0,0.8840726712778612,1.0,0.9774128612366513,1.0,4.0,1111,0.9382258002291697,0.9549003805359583,25,25,1,Unanimous LP/P-directed,without_addAF_AlphaMissense_f4
NC_000016.10:89816614:T:A,FANCA,1,0.9466146038963117,1.0,0.9677658489681918,1.0,0.9999123307652612,1.0,0.9770068068318235,1.0,4.0,1111,0.972824897615397,0.982106523083601,22,25,1,Unanimous LP/P-directed,without_addAF_AlphaMissense_f4
NC_000017.11:7673762:T:G,TP53,1,0.9955010912629901,1.0,0.9775725723724089,1.0,0.9994337249751853,1.0,0.9890204671576333,1.0,4.0,1111,0.9903819639420544,0.9943981462085727,25,25,1,Unanimous LP/P-directed,without_addAF_AlphaMissense_f4
NC_000017.11:7673774:C:G,TP53,1,0.9968332497719038,1.0,0.9910851765990811,1.0,0.9999660067182796,1.0,0.9890204671576333,1.0,4.0,1111,0.9942262250617244,0.9968282016630083,25,25,1,Unanimous LP/P-directed,without_addAF_AlphaMissense_f4
NC_000017.11:7673778:C:G,TP53,1,0.9853020163524093,1.0,0.9303297670397248,1.0,0.9954143317204375,1.0,0.9870967351854202,1.0,4.0,1111,0.974535712574498,0.9833647230835093,24,25,1,Unanimous LP/P-directed,without_addAF_AlphaMissense_f4
NC_000017.11:7673810:A:C,TP53,1,0.9909691748186019,1.0,0.9548096042916638,1.0,0.9988983678606513,1.0,0.9890204671576333,1.0,4.0,1111,0.9834244035321376,0.9897129066928683,24,25,1,Unanimous LP/P-directed,without_addAF_AlphaMissense_f4
NC_000017.11:7673811:A:C,TP53,1,0.9709577012919632,1.0,0.8999757649652561,1.0,0.9288159160534045,1.0,0.9828275041618346,1.0,4.0,1111,0.9456442216181147,0.9609700022228355,24,25,1,Unanimous LP/P-directed,without_addAF_AlphaMissense_f4
NC_000017.11:7673823:C:T,TP53,1,0.987734184437885,1.0,0.9655910314555978,1.0,0.9986551063529787,1.0,0.9890204671576333,1.0,4.0,1111,0.9852501973510237,0.9909709310968428,24,25,1,Unanimous LP/P-directed,without_addAF_AlphaMissense_f4
NC_000017.11:7674220:GG:AA,TP53,1,,,,,,,,,,,,,0,25,0,,without_addAF_AlphaMissense_f4
NC_000017.11:7674224:C:T,TP53,1,0.9763888510054198,1.0,0.9632122717080699,1.0,0.9983915938426471,1.0,0.9890204671576333,1.0,4.0,1111,0.9817532959284425,0.9885463264156182,25,25,1,Unanimous LP/P-directed,without_addAF_AlphaMissense_f4
NC_000017.11:7674228:C:A,TP53,1,0.9942455956064595,1.0,0.9867817420216886,1.0,0.9999815546726417,1.0,0.9890204671576333,1.0,4.0,1111,0.9925073398646058,0.9957595863998779,25,25,1,Unanimous LP/P-directed,without_addAF_AlphaMissense_f4
NC_000017.11:7674240:G:T,TP53,1,0.9996095725612048,1.0,0.9963159728764859,1.0,0.999998515635544,1.0,0.9890204671576333,1.0,4.0,1111,0.9962361320577171,0.9980302509635313,25,25,1,Unanimous LP/P-directed,without_addAF_AlphaMissense_f4
NC_000017.11:7674248:A:C,TP53,1,0.998548974721368,1.0,0.9978416999026325,1.0,0.9988317592824069,1.0,0.9890204671576333,1.0,4.0,1111,0.9960607252660101,0.9979278172049307,25,25,1,Unanimous LP/P-directed,without_addAF_AlphaMissense_f4
NC_000017.11:7674251:C:A,TP53,1,0.9952826314812919,1.0,0.9843811362990341,1.0,0.9995157978048004,1.0,0.9890204671576333,1.0,4.0,1111,0.99205000818569,0.9954700866971679,25,25,1,Unanimous LP/P-directed,without_addAF_AlphaMissense_f4
NC_000017.11:7674872:A:G,TP53,1,0.9874658646678202,1.0,0.9406064584114987,1.0,0.9774981665263229,1.0,0.9881747807129871,1.0,4.0,1111,0.9734363175796572,0.9825573904155013,25,25,1,Unanimous LP/P-directed,without_addAF_AlphaMissense_f4
NC_000017.11:7674916:T:C,TP53,1,0.996489198999822,1.0,0.986914315542952,1.0,0.9999200068803334,1.0,0.9890204671576333,1.0,4.0,1111,0.9930859971451851,0.9961229096693388,25,25,1,Unanimous LP/P-directed,without_addAF_AlphaMissense_f4
NC_000017.11:7674961:G:A,TP53,1,0.9105539922339158,1.0,0.7994122506966249,1.0,0.6473182535385792,1.0,0.5763672282226069,0.0,3.0,1110,0.7334129311729317,0.7603630086617967,25,25,1,Mixed votes,without_addAF_AlphaMissense_f4
NC_000017.11:7675083:GCA:CCG,TP53,1,,,,,,,,,,,,,1,25,0,,without_addAF_AlphaMissense_f4
NC_000017.11:7675094:C:A,TP53,1,0.9466444949270181,1.0,0.8118743624715755,1.0,0.9964749437438897,1.0,0.9890204671576333,1.0,4.0,1111,0.9360035670750291,0.953061262214592,25,25,1,Unanimous LP/P-directed,without_addAF_AlphaMissense_f4
NC_000017.11:7675098:C:A,TP53,1,0.02511639822154793,0.0,0.014387278814269006,0.0,0.10935406044479354,0.0,0.03598256359865558,0.0,0.0,0000,0.04621007526981652,0.03446437817107693,24,25,1,Unanimous B/LB-directed,without_addAF_AlphaMissense_f4
NC_000017.11:7675135:G:A,TP53,1,0.790735351018223,1.0,0.7058467938672769,1.0,0.8092728024691341,1.0,0.4542993665950854,0.0,3.0,1110,0.6900385784874299,0.7149345876236284,25,25,1,Mixed votes,without_addAF_AlphaMissense_f4
NC_000017.11:7675137:GC:AA,TP53,1,,,,,,,,,,,,,1,25,0,,without_addAF_AlphaMissense_f4
NC_000017.11:7675160:G:C,TP53,1,0.8231626606209309,1.0,0.5765872601944022,1.0,0.9438802387283042,1.0,0.9797840934864469,1.0,4.0,1111,0.8308535632575211,0.8579869248223226,25,25,1,Unanimous LP/P-directed,without_addAF_AlphaMissense_f4
NC_000017.11:7675183:A:G,TP53,1,0.9617804336602814,1.0,0.9138978062633244,1.0,0.9432520873637872,1.0,0.9782849603862395,1.0,4.0,1111,0.9493038219184081,0.963922367977187,25,25,1,Unanimous LP/P-directed,without_addAF_AlphaMissense_f4
NC_000017.11:7675208:A:G,TP53,1,0.9950047001297466,1.0,0.9896471136341519,1.0,0.9999921853960365,1.0,0.9890204671576333,1.0,4.0,1111,0.993416116579392,0.9963286117594015,25,25,1,Unanimous LP/P-directed,without_addAF_AlphaMissense_f4
NC_000017.11:7676055:C:G,TP53,1,0.994247267170475,1.0,0.968953256380368,1.0,0.9960477359513976,1.0,0.9888778355948986,1.0,4.0,1111,0.9870315237742848,0.9921800908865114,24,25,1,Unanimous LP/P-directed,without_addAF_AlphaMissense_f4
NC_000017.11:43045711:T:C,BRCA1,1,0.9910488268657651,1.0,0.9758874722360371,1.0,0.9929477512820399,1.0,0.9890204671576333,1.0,4.0,1111,0.9872261293853688,0.9923110173879482,25,25,1,Unanimous LP/P-directed,without_addAF_AlphaMissense_f4
NC_000017.11:43045711:T:G,BRCA1,1,0.9805716043952448,1.0,0.9301631647000117,1.0,0.9942703087654852,1.0,0.9835059500197543,1.0,4.0,1111,0.9721277569701241,0.9815908459567775,24,25,1,Unanimous LP/P-directed,without_addAF_AlphaMissense_f4
NC_000017.11:43045746:A:C,BRCA1,1,0.9806309124167928,1.0,0.9841883980602392,1.0,0.9226386432193695,1.0,0.9333277918867624,1.0,4.0,1111,0.955196436395791,0.9686134186128784,25,25,1,Unanimous LP/P-directed,without_addAF_AlphaMissense_f4
NC_000017.11:43045747:C:T,BRCA1,1,0.9725886714154989,1.0,0.9390100630435144,1.0,0.9630278609777821,1.0,0.9890204671576333,1.0,4.0,1111,0.9659117656486071,0.9769223278619354,25,25,1,Unanimous LP/P-directed,without_addAF_AlphaMissense_f4
NC_000017.11:43045756:A:C,BRCA1,1,0.9948453976536142,1.0,0.982833946964521,1.0,0.9934874953419,1.0,0.9890204671576333,1.0,4.0,1111,0.9900468267794171,0.9941799676792971,25,25,1,Unanimous LP/P-directed,without_addAF_AlphaMissense_f4
NC_000017.11:43045772:C:T,BRCA1,1,0.9787080154689999,1.0,0.9478609911329157,1.0,0.9687397810909983,1.0,0.9890204671576333,1.0,4.0,1111,0.9710823137126368,0.9808144045742382,25,25,1,Unanimous LP/P-directed,without_addAF_AlphaMissense_f4
NC_000017.11:43047642:C:A,BRCA1,1,0.9736716391408485,1.0,0.9914023081106137,1.0,0.8972336910580608,1.0,0.9088679120696045,1.0,4.0,1111,0.9427938875947819,0.9586509783984435,23,25,1,Unanimous LP/P-directed,without_addAF_AlphaMissense_f4
NC_000017.11:43047656:T:C,BRCA1,1,0.7830796911686864,1.0,0.8860010583363906,1.0,0.7268930859844669,1.0,0.8615855188717126,1.0,4.0,1111,0.8143898385903141,0.8420079880110337,24,25,1,Unanimous LP/P-directed,without_addAF_AlphaMissense_f4
NC_000017.11:43047664:C:T,BRCA1,1,,,,,,,,,,,,,12,25,0,,without_addAF_AlphaMissense_f4
NC_000017.11:43047675:G:C,BRCA1,1,0.3601868575444985,0.0,0.6000347447567256,1.0,0.6752747995850518,1.0,0.7345096355653221,1.0,3.0,0111,0.5925015093628995,0.6097410992732804,24,25,1,Mixed votes,without_addAF_AlphaMissense_f4
NC_000017.11:43051085:C:A,BRCA1,1,0.9899650949320093,1.0,0.9861031600097017,1.0,0.9947049938488534,1.0,0.9890204671576333,1.0,4.0,1111,0.9899484289870495,0.994115741849492,25,25,1,Unanimous LP/P-directed,without_addAF_AlphaMissense_f4
NC_000017.11:43051112:A:G,BRCA1,1,0.99864158385928,1.0,0.9879673346263479,1.0,0.9999043905490901,1.0,0.9890204671576333,1.0,4.0,1111,0.9938834440480879,0.9966177443238853,25,25,1,Unanimous LP/P-directed,without_addAF_AlphaMissense_f4
NC_000017.11:43057070:C:A,BRCA1,1,0.980863046806675,1.0,0.9695404278654319,1.0,0.9406855488068084,1.0,0.9155880507502535,1.0,4.0,1111,0.9516692685572923,0.9658150589135522,24,25,1,Unanimous LP/P-directed,without_addAF_AlphaMissense_f4
NC_000017.11:43057111:A:C,BRCA1,1,0.8267034476360198,1.0,0.7232379365713333,1.0,0.6812438593548304,1.0,0.9001224046151804,1.0,4.0,1111,0.7828269120443411,0.8107453591603662,25,25,1,Unanimous LP/P-directed,without_addAF_AlphaMissense_f4
NC_000017.11:43057115:C:A,BRCA1,1,0.9956424498220268,1.0,0.9916406540709618,1.0,0.9984138115522839,1.0,0.9890204671576333,1.0,4.0,1111,0.9936793456507265,0.9964917754464593,25,25,1,Unanimous LP/P-directed,without_addAF_AlphaMissense_f4
NC_000017.11:43063909:C:G,BRCA1,1,0.9913548256623458,1.0,0.9820439971129689,1.0,0.9973863649632023,1.0,0.9890204671576333,1.0,4.0,1111,0.9899514137240375,0.9941176911412931,24,25,1,Unanimous LP/P-directed,without_addAF_AlphaMissense_f4
NC_000017.11:43063911:A:G,BRCA1,1,0.9957705807308399,1.0,0.9886700978363098,1.0,0.9990714099728367,1.0,0.9890204671576333,1.0,4.0,1111,0.9931331389244049,0.9961523559988115,25,25,1,Unanimous LP/P-directed,without_addAF_AlphaMissense_f4
NC_000017.11:43063918:A:C,BRCA1,1,0.993067457555949,1.0,0.9778617242110059,1.0,0.996868099560145,1.0,0.9890204671576333,1.0,4.0,1111,0.9892044371211832,0.9936277410426597,24,25,1,Unanimous LP/P-directed,without_addAF_AlphaMissense_f4
NC_000017.11:43063921:T:G,BRCA1,1,0.9847900006789525,1.0,0.911847689642734,1.0,0.9919284927370599,1.0,0.9890204671576333,1.0,4.0,1111,0.9693966625540948,0.9795548286885329,24,25,1,Unanimous LP/P-directed,without_addAF_AlphaMissense_f4
NC_000017.11:43063935:C:A,BRCA1,1,0.9906931366735753,1.0,0.9780090779178259,1.0,0.9996824922322723,1.0,0.9890204671576333,1.0,4.0,1111,0.9893512934953266,0.9937243950592329,25,25,1,Unanimous LP/P-directed,without_addAF_AlphaMissense_f4
NC_000017.11:43063950:T:A,BRCA1,1,0.9800924334633908,1.0,0.9779588351907855,1.0,0.9953150027029722,1.0,0.9890204671576333,1.0,4.0,1111,0.9855966846286954,0.9912075922735367,24,25,1,Unanimous LP/P-directed,without_addAF_AlphaMissense_f4
NC_000017.11:43067607:C:G,BRCA1,1,0.9943878021801487,1.0,0.9989679326067634,1.0,0.9833402208250039,1.0,0.9890204671576333,1.0,4.0,1111,0.9914291056923874,0.9950739109187925,24,25,1,Unanimous LP/P-directed,without_addAF_AlphaMissense_f4
NC_000017.11:43067615:A:T,BRCA1,1,0.9868126363901563,1.0,0.9181446200009125,1.0,0.9787951721241676,1.0,0.9801278040792413,1.0,4.0,1111,0.9659700581486195,0.9769666652289515,24,25,1,Unanimous LP/P-directed,without_addAF_AlphaMissense_f4
NC_000017.11:43070955:A:T,BRCA1,1,0.9823286364398748,1.0,0.928168535080284,1.0,0.9930201578301247,1.0,0.987904424355049,1.0,4.0,1111,0.972855438426333,0.9821290754878854,24,25,1,Unanimous LP/P-directed,without_addAF_AlphaMissense_f4
NC_000017.11:43074330:C:G,BRCA1,1,0.9975454949602118,1.0,0.999334701754164,1.0,0.993295162446391,1.0,0.9890204671576333,1.0,4.0,1111,0.9947989565796,0.9971765756975868,24,25,1,Unanimous LP/P-directed,without_addAF_AlphaMissense_f4
NC_000017.11:43106455:C:A,BRCA1,1,0.9952386156442711,1.0,0.9987033000011186,1.0,0.9935812866007887,1.0,0.9890204671576333,1.0,4.0,1111,0.994135917350953,0.9967728928323846,24,25,1,Unanimous LP/P-directed,without_addAF_AlphaMissense_f4
NC_000017.11:43106475:A:C,BRCA1,1,0.9985049492028002,1.0,0.9918459233802395,1.0,0.9999914673904192,1.0,0.9890204671576333,1.0,4.0,1111,0.994840701782773,0.9972018002334223,25,25,1,Unanimous LP/P-directed,without_addAF_AlphaMissense_f4
NC_000017.11:43106477:A:G,BRCA1,1,0.9978867451084682,1.0,0.986753287734745,1.0,0.999995674683395,1.0,0.9890204671576333,1.0,4.0,1111,0.9934140436710603,0.9963273237946435,25,25,1,Unanimous LP/P-directed,without_addAF_AlphaMissense_f4
NC_000017.11:43106486:A:G,BRCA1,1,0.9982928061454552,1.0,0.9943744290185687,1.0,0.999995674683395,1.0,0.9890204671576333,1.0,4.0,1111,0.9954208442512631,0.9975498326975824,25,25,1,Unanimous LP/P-directed,without_addAF_AlphaMissense_f4
NC_000017.11:43106486:A:T,BRCA1,1,0.9956269441688982,1.0,0.9781096028609328,1.0,0.9999867948124538,1.0,0.9890204671576333,1.0,4.0,1111,0.9906859522499796,0.9945952669031166,25,25,1,Unanimous LP/P-directed,without_addAF_AlphaMissense_f4
NC_000017.11:43106528:A:C,BRCA1,1,0.997609417557107,1.0,0.9857847384346649,1.0,0.9987819518893519,1.0,0.9890204671576333,1.0,4.0,1111,0.9927991437596893,0.995943229830508,25,25,1,Unanimous LP/P-directed,without_addAF_AlphaMissense_f4
NC_000017.11:43115727:G:C,BRCA1,1,0.9838161822257324,1.0,0.9654374355008037,1.0,0.9902199299291528,1.0,0.9708082479423074,1.0,4.0,1111,0.9775704488994992,0.9855696507311176,24,25,1,Unanimous LP/P-directed,without_addAF_AlphaMissense_f4
NC_000017.11:43115742:A:C,BRCA1,1,0.998062438171286,1.0,0.9912728719125681,1.0,0.9999914673904192,1.0,0.9890204671576333,1.0,4.0,1111,0.9945868111579768,0.9970480280130875,25,25,1,Unanimous LP/P-directed,without_addAF_AlphaMissense_f4
NC_000017.11:43115750:T:C,BRCA1,1,0.4333584800523219,0.0,0.421009584048841,0.0,0.6172009323246411,1.0,0.3807020506704511,0.0,1.0,0010,0.4630677617740638,0.46653912286357896,24,25,1,Mixed votes,without_addAF_AlphaMissense_f4
NC_000017.11:43124016:C:A,BRCA1,1,0.9955213070923742,1.0,0.9996856628793771,1.0,0.9993191532858374,1.0,0.9890204671576333,1.0,4.0,1111,0.9958866476038055,0.9978256409560274,23,25,1,Unanimous LP/P-directed,without_addAF_AlphaMissense_f4
NC_000017.11:43124019:A:T,BRCA1,1,0.9982971862684106,1.0,0.9872021879586568,1.0,0.9999337714375826,1.0,0.9890204671576333,1.0,4.0,1111,0.9936134032055708,0.996450973833796,25,25,1,Unanimous LP/P-directed,without_addAF_AlphaMissense_f4
NC_000017.11:43124026:A:C,BRCA1,1,0.9982734351651305,1.0,0.9913635295752075,1.0,0.9999703573911299,1.0,0.9880501478458764,1.0,4.0,1111,0.994414367494336,0.9969431052913591,25,25,1,Unanimous LP/P-directed,without_addAF_AlphaMissense_f4
NC_000017.11:43124026:A:T,BRCA1,1,0.9979644080263944,1.0,0.9887491340985567,1.0,0.9998886989372794,1.0,0.9890204671576333,1.0,4.0,1111,0.9939056770549659,0.9966314372163513,25,25,1,Unanimous LP/P-directed,without_addAF_AlphaMissense_f4
NC_000017.11:43124093:C:G,BRCA1,1,0.9643089730950326,1.0,0.9194225589623048,1.0,0.9997246509547283,1.0,0.975477189048569,1.0,4.0,1111,0.9647333430151587,0.9760238827633407,22,25,1,Unanimous LP/P-directed,without_addAF_AlphaMissense_f4
NC_000017.11:43124094:A:T,BRCA1,1,0.9900149082681877,1.0,0.9670169859748273,1.0,0.9996938182545451,1.0,0.9890204671576333,1.0,4.0,1111,0.9864365449137984,0.9917783369520509,22,25,1,Unanimous LP/P-directed,without_addAF_AlphaMissense_f4
NC_000017.11:43124095:T:C,BRCA1,1,0.9652731297481497,1.0,0.9253094370560331,1.0,0.9982205082625288,1.0,0.9738531813428638,1.0,4.0,1111,0.9656640641023939,0.9767338138900846,22,25,1,Unanimous LP/P-directed,without_addAF_AlphaMissense_f4
NC_000017.11:61849128:C:A,BRIP1,1,0.9949160332142843,1.0,0.9800369201692674,1.0,0.965175570028421,1.0,0.9883052782907003,1.0,4.0,1111,0.9821084504256683,0.9887954073060029,25,25,1,Unanimous LP/P-directed,without_addAF_AlphaMissense_f4
NC_000019.10:1220448:AAC:GAA,STK11,1,,,,,,,,,,,,,1,25,0,,without_addAF_AlphaMissense_f4
NC_000019.10:1220450:C:A,STK11,1,0.9942060808330515,1.0,0.9970521668514984,1.0,0.9934147335309385,1.0,0.9890204671576333,1.0,4.0,1111,0.9934233620932804,0.9963331132587402,25,25,1,Unanimous LP/P-directed,without_addAF_AlphaMissense_f4
NC_000019.10:1220450:C:G,STK11,1,0.9942026554362863,1.0,0.9970517846651772,1.0,0.9934147335309385,1.0,0.9890204671576333,1.0,4.0,1111,0.9934224101975089,0.9963325218971022,25,25,1,Unanimous LP/P-directed,without_addAF_AlphaMissense_f4
NC_000019.10:1220691:G:C,STK11,1,0.9977768236451868,1.0,0.9996823054318987,1.0,0.9999806802595094,1.0,0.9890204671576333,1.0,4.0,1111,0.9966150691235571,0.9982496495835316,25,25,1,Unanimous LP/P-directed,without_addAF_AlphaMissense_f4
NC_000019.10:1221974:A:G,STK11,1,0.9967021915327726,1.0,0.9963652495029166,1.0,0.9992646451256515,1.0,0.9827214020113932,1.0,4.0,1111,0.9937633720431834,0.9965436945312623,25,25,1,Unanimous LP/P-directed,without_addAF_AlphaMissense_f4
NC_000019.10:1222001:C:T,STK11,1,0.987847440609367,1.0,0.98513483173329,1.0,0.9829407604129237,1.0,0.9742744685010173,1.0,4.0,1111,0.9825493753141495,0.989103788047331,25,25,1,Unanimous LP/P-directed,without_addAF_AlphaMissense_f4
NC_000002.12:214780559:C:A,BARD1,1,0.9881026685520248,1.0,0.9997455712022371,1.0,0.9288313689956794,1.0,0.9890204671576333,1.0,4.0,1111,0.9764250189768937,0.9847416250960117,24,25,1,Unanimous LP/P-directed,without_addAF_AlphaMissense_f4
NC_000022.11:28725340:C:T,CHEK2,1,0.9596509745323627,1.0,0.8716007115042328,1.0,0.9916852682526119,1.0,0.9653338776157115,1.0,4.0,1111,0.9470677079762297,0.9621218078153557,24,25,1,Unanimous LP/P-directed,without_addAF_AlphaMissense_f4
NC_000008.11:89953514:T:C,NBN,1,0.20863758812570823,0.0,0.3185908158034416,0.0,0.21744623374604632,0.0,0.05850771470600309,0.0,0.0,0000,0.20079558809529982,0.18179720071331146,24,25,1,Unanimous B/LB-directed,without_addAF_AlphaMissense_f4
NC_000002.12:214728797:T:C,BARD1,0,0.02366434429197201,0.0,0.0034121733261348814,0.0,0.018222087773236927,0.0,0.02122465499461897,0.0,0.0,0000,0.016630815096490698,0.010965056128954875,24,25,1,Unanimous B/LB-directed,without_addAF_AlphaMissense_f4
NC_000002.12:214730478:A:G,BARD1,0,0.02818340534294764,0.0,0.021261869684381946,0.0,0.03522079972243212,0.0,0.014777022658501898,0.0,0.0,0000,0.0248607743520659,0.017190847311022987,24,25,1,Unanimous B/LB-directed,without_addAF_AlphaMissense_f4
NC_000002.12:214745793:C:T,BARD1,0,0.020938937347241792,0.0,0.030958939457421,0.0,0.004545260200757727,0.0,0.010594250765249296,0.0,0.0,0000,0.016759346942667452,0.011059789611105944,24,25,1,Unanimous B/LB-directed,without_addAF_AlphaMissense_f4
NC_000002.12:214767530:C:T,BARD1,0,0.04066755576764371,0.0,0.00010579967624336765,0.0,0.0001679987935894419,0.0,0.01097718455276392,0.0,0.0,0000,0.012979634697560109,0.008313617166330507,23,25,1,Unanimous B/LB-directed,without_addAF_AlphaMissense_f4
NC_000008.11:89978250:C:G,NBN,0,0.027857675441787067,0.0,0.00014072836538768708,0.0,0.00280649579200749,0.0,0.010594250765249296,0.0,0.0,0000,0.010349787591107886,0.0064576855786064305,23,25,1,Unanimous B/LB-directed,without_addAF_AlphaMissense_f4
NC_000010.11:87862042:A:T,PTEN,0,,,,,,,,,,,,,1,25,0,,without_addAF_AlphaMissense_f4
NC_000010.11:87960973:T:G,PTEN,0,0.02404254943822565,0.0,0.22082429966160963,0.0,0.1627961453402724,0.0,0.04667447983999852,0.0,0.0,0000,0.11358436857002654,0.09515675756449368,25,25,1,Unanimous B/LB-directed,without_addAF_AlphaMissense_f4
NC_000011.10:108227848:C:G,ATM,0,0.002571878212463674,0.0,4.219245258081221e-05,0.0,0.0030556076664709584,0.0,0.010594250765249296,0.0,0.0,0000,0.004065982274191185,0.0022806441007472635,25,25,1,Unanimous B/LB-directed,without_addAF_AlphaMissense_f4
NC_000011.10:108248939:A:G,ATM,0,0.037906410242191005,0.0,8.764202738669062e-05,0.0,0.006920477030571691,0.0,0.013095762430356093,0.0,0.0,0000,0.01450257293262637,0.00940986445181222,25,25,1,Unanimous B/LB-directed,without_addAF_AlphaMissense_f4
NC_000011.10:108267275:T:C,ATM,0,0.005099946541964013,0.0,4.428016166317457e-05,0.0,0.01552307443916223,0.0,0.010594250765249296,0.0,0.0,0000,0.007815387977009678,0.004721563921987332,25,25,1,Unanimous B/LB-directed,without_addAF_AlphaMissense_f4
NC_000011.10:108267317:C:T,ATM,0,0.023948435326231202,0.0,3.0292988691126945e-05,0.0,0.0008110209375014122,0.0,0.010594250765249296,0.0,0.0,0000,0.008846000004418259,0.005420601960843919,24,25,1,Unanimous B/LB-directed,without_addAF_AlphaMissense_f4
NC_000011.10:108309008:T:C,ATM,0,,,,,,,,,,,,,2,25,0,,without_addAF_AlphaMissense_f4
NC_000011.10:108312439:G:A,ATM,0,,,,,,,,,,,,,11,25,0,,without_addAF_AlphaMissense_f4
NC_000013.11:32325080:A:C,BRCA2,0,0.015527610919616885,0.0,0.000696001267870578,0.0,0.0017402084669898093,0.0,0.010594250765249296,0.0,0.0,0000,0.007139517854931641,0.004268887057967165,22,25,1,Unanimous B/LB-directed,without_addAF_AlphaMissense_f4
NC_000013.11:32326114:A:G,BRCA2,0,0.028925175479930773,0.0,8.463496960421693e-05,0.0,0.00033919474873030667,0.0,0.010594250765249296,0.0,0.0,0000,0.009985813990878648,0.006204929731723306,22,25,1,Unanimous B/LB-directed,without_addAF_AlphaMissense_f4
NC_000013.11:32332618:G:A,BRCA2,0,0.01338840277207777,0.0,0.00022802241633792454,0.0,0.00031870372180030484,0.0,0.010594250765249296,0.0,0.0,0000,0.006132344918866324,0.003603674084609752,22,25,1,Unanimous B/LB-directed,without_addAF_AlphaMissense_f4
NC_000013.11:32332628:C:T,BRCA2,0,0.01771064514429734,0.0,0.0012702233133883164,0.0,0.0013584377629178664,0.0,0.010594250765249296,0.0,0.0,0000,0.007733389246463204,0.004666391323678146,22,25,1,Unanimous B/LB-directed,without_addAF_AlphaMissense_f4
NC_000013.11:32332758:C:G,BRCA2,0,0.014931566615844416,0.0,0.0009008926762208583,0.0,0.0012769933440814236,0.0,0.010594250765249296,0.0,0.0,0000,0.006925925850348999,0.0041268451639487605,22,25,1,Unanimous B/LB-directed,without_addAF_AlphaMissense_f4
NC_000013.11:32333221:A:C,BRCA2,0,0.012482496806068244,0.0,0.0010290588843234912,0.0,0.017160440074980306,0.0,0.010594250765249296,0.0,0.0,0000,0.010316561632655335,0.0064345680591146965,22,25,1,Unanimous B/LB-directed,without_addAF_AlphaMissense_f4
NC_000013.11:32333269:A:G,BRCA2,0,0.015783292117154107,0.0,5.6343061966801515e-05,0.0,0.00028000229707130924,0.0,0.010594250765249296,0.0,0.0,0000,0.006678472060360378,0.003962922301666253,22,25,1,Unanimous B/LB-directed,without_addAF_AlphaMissense_f4
NC_000013.11:32336704:A:G,BRCA2,0,0.03362158648354897,0.0,9.809283127049223e-05,0.0,0.00012883222369538565,0.0,0.010594250765249296,0.0,0.0,0000,0.011110690575941034,0.006989459217412456,22,25,1,Unanimous B/LB-directed,without_addAF_AlphaMissense_f4
NC_000013.11:32336825:T:C,BRCA2,0,0.05126119040924317,0.0,0.0756511540170421,0.0,0.007301043162765786,0.0,0.015003997030505327,0.0,0.0,0000,0.0373043461548891,0.0270953522087419,22,25,1,Unanimous B/LB-directed,without_addAF_AlphaMissense_f4
NC_000013.11:32337034:G:A,BRCA2,0,0.026821999873087428,0.0,0.0003377083325100846,0.0,0.0003038118987467041,0.0,0.010594250765249296,0.0,0.0,0000,0.009514442717398378,0.005879214969142611,22,25,1,Unanimous B/LB-directed,without_addAF_AlphaMissense_f4
NC_000013.11:32337109:G:A,BRCA2,0,0.03307345183728236,0.0,0.0323358642862015,0.0,0.004212328768783027,0.0,0.010690971977835214,0.0,0.0,0000,0.020078154217525523,0.013535138307381428,22,25,1,Unanimous B/LB-directed,without_addAF_AlphaMissense_f4
NC_000013.11:32337157:G:C,BRCA2,0,0.05878089843125222,0.0,0.07704565502655106,0.0,0.004809511910286342,0.0,0.010594250765249296,0.0,0.0,0000,0.03780757903333473,0.027506087408751247,22,25,1,Unanimous B/LB-directed,without_addAF_AlphaMissense_f4
NC_000013.11:32337341:T:G,BRCA2,0,0.01430880018821174,0.0,0.0009941929551387264,0.0,0.0005324031680889353,0.0,0.010594250765249296,0.0,0.0,0000,0.006607411769172174,0.003915978544965565,22,25,1,Unanimous B/LB-directed,without_addAF_AlphaMissense_f4
NC_000013.11:32338541:A:G,BRCA2,0,0.010493354478539097,0.0,5.769450088013643e-05,0.0,0.012400970322312051,0.0,0.010594250765249296,0.0,0.0,0000,0.008386567516745144,0.005107728764599479,22,25,1,Unanimous B/LB-directed,without_addAF_AlphaMissense_f4
NC_000013.11:32338595:C:T,BRCA2,0,0.032507777776616176,0.0,0.0001331907526327297,0.0,0.0001094019239744587,0.0,0.010594250765249296,0.0,0.0,0000,0.010836155304618166,0.006797079198056556,22,25,1,Unanimous B/LB-directed,without_addAF_AlphaMissense_f4
NC_000013.11:32339424:A:C,BRCA2,0,0.005415846430181126,0.0,0.0070178374379953464,0.0,0.007344726624238078,0.0,0.015521405414530388,0.0,0.0,0000,0.008824953976736234,0.005406227070512794,22,25,1,Unanimous B/LB-directed,without_addAF_AlphaMissense_f4
NC_000013.11:32339828:C:T,BRCA2,0,0.017701147993689107,0.0,0.0005614922770617383,0.0,0.00045918724203422546,0.0,0.012090276605703356,0.0,0.0,0000,0.007703026029622107,0.004645978840354267,22,25,1,Unanimous B/LB-directed,without_addAF_AlphaMissense_f4
NC_000013.11:32340107:A:G,BRCA2,0,0.018270225345800604,0.0,0.0027145763857394293,0.0,0.0021904998901266883,0.0,0.010594250765249296,0.0,0.0,0000,0.008442388096729005,0.0051456373153070094,22,25,1,Unanimous B/LB-directed,without_addAF_AlphaMissense_f4
NC_000013.11:32340644:C:T,BRCA2,0,0.06634764018720986,0.0,0.034902528423328694,0.0,0.020724540225983717,0.0,0.010594250765249296,0.0,0.0,0000,0.03314223990044289,0.02372664570580203,22,25,1,Unanimous B/LB-directed,without_addAF_AlphaMissense_f4
NC_000013.11:32344650:A:T,BRCA2,0,0.03652246696778315,0.0,0.04739037810476524,0.0,0.3771081960664859,0.0,0.27469813824615164,0.0,0.0,0000,0.18392979484629648,0.16453200743417842,22,25,1,Unanimous B/LB-directed,without_addAF_AlphaMissense_f4
NC_000013.11:32356496:G:A,BRCA2,0,0.038594555784779674,0.0,0.008254740884115326,0.0,0.004630486090469817,0.0,0.012638912817864587,0.0,0.0,0000,0.01602967389430735,0.010523182628168863,22,25,1,Unanimous B/LB-directed,without_addAF_AlphaMissense_f4
NC_000013.11:32356525:C:T,BRCA2,0,0.003905121419430715,0.0,0.01620774426873949,0.0,0.048162593757494467,0.0,0.018983276235997448,0.0,0.0,0000,0.02181468392041553,0.014851180715304236,22,25,1,Unanimous B/LB-directed,without_addAF_AlphaMissense_f4
NC_000013.11:32363350:G:T,BRCA2,0,0.000647002333232263,0.0,0.00015396674653449867,0.0,0.010455393197524783,0.0,0.010594250765249296,0.0,0.0,0000,0.00546265326063521,0.003168216570466718,22,25,1,Unanimous B/LB-directed,without_addAF_AlphaMissense_f4
NC_000013.11:32363388:G:T,BRCA2,0,0.005109833170786352,0.0,0.01196274640729208,0.0,0.10989736864350265,0.0,0.11088712771496799,0.0,0.0,0000,0.05946426898413727,0.04577977031923042,22,25,1,Unanimous B/LB-directed,without_addAF_AlphaMissense_f4
NC_000013.11:32379833:C:T,BRCA2,0,0.006483432803594225,0.0,0.002784262143736983,0.0,0.01235371007336139,0.0,0.01729076078993409,0.0,0.0,0000,0.009728041452656672,0.006026579686101032,22,25,1,Unanimous B/LB-directed,without_addAF_AlphaMissense_f4
NC_000015.10:90782868:C:T,BLM,0,0.025093694708222487,0.0,0.001545965006570127,0.0,0.062281058974513095,0.0,0.016454035818621406,0.0,0.0,0000,0.026343688626981776,0.01834322953024935,24,25,1,Unanimous B/LB-directed,without_addAF_AlphaMissense_f4
NC_000016.10:23607964:C:G,PALB2,0,0.005089078247190464,0.0,7.175901083430038e-05,0.0,0.0024332615656237145,0.0,0.010594250765249296,0.0,0.0,0000,0.0045470873972244434,0.002582948114585025,24,25,1,Unanimous B/LB-directed,without_addAF_AlphaMissense_f4
NC_000016.10:68801669:T:G,CDH1,0,0.5674592007027346,0.0,0.49137310324700934,0.0,0.5472319703526601,1.0,0.26213999278672806,0.0,1.0,0010,0.467051066772283,0.47096873808622397,24,25,1,Mixed votes,without_addAF_AlphaMissense_f4
NC_000016.10:68801693:G:A,CDH1,0,0.005963930520256615,0.0,8.837004926931737e-05,0.0,0.004970706133678547,0.0,0.010594250765249296,0.0,0.0,0000,0.005404314367113444,0.0031305637222221183,24,25,1,Unanimous B/LB-directed,without_addAF_AlphaMissense_f4
NC_000016.10:68813336:G:A,CDH1,0,0.026071707411062017,0.0,9.84548686158464e-05,0.0,0.028085178860154617,0.0,0.017055861943113003,0.0,0.0,0000,0.01782780077073637,0.011850666358123749,25,25,1,Unanimous B/LB-directed,without_addAF_AlphaMissense_f4
NC_000016.10:68813348:G:A,CDH1,0,0.0386683136202021,0.0,1.207550225376482e-06,0.0,0.002157666055590395,0.0,0.012594303443955252,0.0,0.0,0000,0.01335537266749328,0.00858271175783655,25,25,1,Unanimous B/LB-directed,without_addAF_AlphaMissense_f4
NC_000016.10:68813397:C:T,CDH1,0,0.010734368574276204,0.0,0.06726796144705516,0.0,0.10164989185205774,0.0,0.01485944479156527,0.0,0.0,0000,0.048627916666238585,0.03649936485543271,25,25,1,Unanimous B/LB-directed,without_addAF_AlphaMissense_f4
NC_000016.10:68833361:A:G,CDH1,0,0.009919190270317528,0.0,0.0211242404202516,0.0,0.021577129839379188,0.0,0.011577855984293265,0.0,0.0,0000,0.016049604128560397,0.010537800615470534,25,25,1,Unanimous B/LB-directed,without_addAF_AlphaMissense_f4
NC_000016.10:68833487:G:A,CDH1,0,0.0015743629459001188,0.0,0.0021577990094685017,0.0,0.07040918934512796,0.0,0.03931674178111819,0.0,0.0,0000,0.028364523270403695,0.01992679767464061,24,25,1,Unanimous B/LB-directed,without_addAF_AlphaMissense_f4
NC_000016.10:89738908:C:T,FANCA,0,,,,,,,,,,,,,2,25,0,,without_addAF_AlphaMissense_f4
NC_000016.10:89767167:G:C,FANCA,0,0.03383825092978811,0.0,0.0006608063522295977,0.0,0.0019346697590252873,0.0,0.010594250765249296,0.0,0.0,0000,0.011756994451573072,0.007444571439887523,24,25,1,Unanimous B/LB-directed,without_addAF_AlphaMissense_f4
NC_000016.10:89770214:C:T,FANCA,0,0.05107016112994284,0.0,1.8434399120895666e-05,0.0,0.0022609334294671065,0.0,0.010594250765249296,0.0,0.0,0000,0.015985944930945035,0.010491117021225795,25,25,1,Unanimous B/LB-directed,without_addAF_AlphaMissense_f4
NC_000016.10:89770245:C:A,FANCA,0,0.005150724287247077,0.0,0.00025072435237319374,0.0,0.0678088914552593,0.0,0.012689089710666127,0.0,0.0,0000,0.021474857451386425,0.014592583488382318,25,25,1,Unanimous B/LB-directed,without_addAF_AlphaMissense_f4
NC_000016.10:89795979:A:G,FANCA,0,0.016206139007301328,0.0,0.00024109413428987964,0.0,0.0026742101056818975,0.0,0.010594250765249296,0.0,0.0,0000,0.0074289235031306,0.004462135703460121,25,25,1,Unanimous B/LB-directed,without_addAF_AlphaMissense_f4
NC_000016.10:89805365:G:A,FANCA,0,0.02403013800763648,0.0,0.00013950322024350556,0.0,0.00036464826998348535,0.0,0.010594250765249296,0.0,0.0,0000,0.008782135065778192,0.005376993286967447,25,25,1,Unanimous B/LB-directed,without_addAF_AlphaMissense_f4
NC_000016.10:89816591:G:C,FANCA,0,0.02222265471499896,0.0,0.00010682239307268004,0.0,0.00064486937178187,0.0,0.010594250765249296,0.0,0.0,0000,0.008392149311275701,0.005111518111464292,24,25,1,Unanimous B/LB-directed,without_addAF_AlphaMissense_f4
NC_000017.11:7670648:G:T,TP53,0,0.0015990716871389845,0.0,0.001238409860948845,0.0,0.009316340899140685,0.0,0.01860033174069829,0.0,0.0,0000,0.007688538546981701,0.004636242556317872,25,25,1,Unanimous B/LB-directed,without_addAF_AlphaMissense_f4
NC_000017.11:7670710:C:T,TP53,0,0.0071636936219223735,0.0,0.04289713120518236,0.0,0.06094049187151827,0.0,0.28038215950746065,0.0,0.0,0000,0.09784586905152091,0.08035821919951304,25,25,1,Unanimous B/LB-directed,without_addAF_AlphaMissense_f4
NC_000017.11:7673581:G:T,TP53,0,0.0004066536549241951,0.0,0.00129526072466526,0.0,0.021986645559466427,0.0,0.010594250765249296,0.0,0.0,0000,0.008570702676076295,0.00523288891391165,25,25,1,Unanimous B/LB-directed,without_addAF_AlphaMissense_f4
NC_000017.11:7675131:C:T,TP53,0,0.06602662911589718,0.0,0.11654663602993864,0.0,0.21459958163737108,0.0,0.1518906474649016,0.0,0.0,0000,0.13726587356202713,0.11797305034847352,25,25,1,Unanimous B/LB-directed,without_addAF_AlphaMissense_f4
NC_000017.11:7676024:T:C,TP53,0,0.000767182390761365,0.0,0.001730533034441742,0.0,0.02072419465484232,0.0,0.010594250765249296,0.0,0.0,0000,0.00845404021132368,0.0051535541514003925,25,25,1,Unanimous B/LB-directed,without_addAF_AlphaMissense_f4
NC_000017.11:7676046:C:T,TP53,0,0.0849805520520428,0.0,0.24211067964062066,0.0,0.15626714125063831,0.0,0.057218614758327825,0.0,0.0,0000,0.13514424692540739,0.11590430037075396,25,25,1,Unanimous B/LB-directed,without_addAF_AlphaMissense_f4
NC_000017.11:7676123:G:A,TP53,0,0.04042694863567724,0.0,0.12204819697494629,0.0,0.076422206338323,0.0,0.0260615568681435,0.0,0.0,0000,0.06623972720427251,0.05170344859076166,25,25,1,Unanimous B/LB-directed,without_addAF_AlphaMissense_f4
NC_000017.11:7676223:C:T,TP53,0,0.0015441105406394796,0.0,0.00011632534043618096,0.0,0.002286589685626867,0.0,0.010594250765249296,0.0,0.0,0000,0.0036353190829879556,0.002013479999237943,25,25,1,Unanimous B/LB-directed,without_addAF_AlphaMissense_f4
NC_000017.11:35103296:C:T,RAD51D,0,0.009172818362771841,0.0,0.00013144365683464716,0.0,0.011223399842082387,0.0,0.021781810407023556,0.0,0.0,0000,0.010577368067178107,0.006616263830045015,24,25,1,Unanimous B/LB-directed,without_addAF_AlphaMissense_f4
NC_000017.11:43045684:T:A,BRCA1,0,0.02212038209536641,0.0,0.003118301791062745,0.0,0.0024487106997266037,0.0,0.011044018589392685,0.0,0.0,0000,0.00968285329388711,0.005995371582272869,24,25,1,Unanimous B/LB-directed,without_addAF_AlphaMissense_f4
NC_000017.11:43045690:T:G,BRCA1,0,0.06575955476729173,0.0,0.004110512206620319,0.0,0.01191551039483964,0.0,0.07817249431082418,0.0,0.0,0000,0.03998951791989397,0.02929513156912526,22,25,1,Unanimous B/LB-directed,without_addAF_AlphaMissense_f4
NC_000017.11:43047698:A:T,BRCA1,0,0.009973586723633328,0.0,0.00018415834800570227,0.0,0.003818236141233607,0.0,0.010594250765249296,0.0,0.0,0000,0.006142557994530484,0.0036103593286490963,23,25,1,Unanimous B/LB-directed,without_addAF_AlphaMissense_f4
NC_000017.11:43063367:T:C,BRCA1,0,0.001168053101301054,0.0,0.0012951993586031336,0.0,0.007597352895540494,0.0,0.010594250765249296,0.0,0.0,0000,0.005163714030173494,0.0029757767546977087,25,25,1,Unanimous B/LB-directed,without_addAF_AlphaMissense_f4
NC_000017.11:43063908:C:G,BRCA1,0,0.5527318361605049,0.0,0.6393284664232601,1.0,0.7654781463214378,1.0,0.8450334123970156,1.0,3.0,0111,0.7006429653255546,0.7261326379711004,25,25,1,Mixed votes,without_addAF_AlphaMissense_f4
NC_000017.11:43071076:T:C,BRCA1,0,0.027090187554205912,0.0,4.949143359259769e-05,0.0,0.0054137462700656275,0.0,0.010594250765249296,0.0,0.0,0000,0.010786919005778358,0.006762637766492925,24,25,1,Unanimous B/LB-directed,without_addAF_AlphaMissense_f4
NC_000017.11:43071184:A:G,BRCA1,0,0.02176756634342466,0.0,0.025961553410654432,0.0,0.013476212933191284,0.0,0.010594250765249296,0.0,0.0,0000,0.01794989586312992,0.011941418361444996,25,25,1,Unanimous B/LB-directed,without_addAF_AlphaMissense_f4
NC_000017.11:43071231:G:A,BRCA1,0,0.009330735153427241,0.0,0.007943186365147138,0.0,0.006999892268197097,0.0,0.018420551371919603,0.0,0.0,0000,0.01067359128967277,0.006683434608373197,25,25,1,Unanimous B/LB-directed,without_addAF_AlphaMissense_f4
NC_000017.11:43091707:T:C,BRCA1,0,0.03507640693353764,0.0,6.774942688456819e-05,0.0,0.00398612753059399,0.0,0.010594250765249296,0.0,0.0,0000,0.012431133664066374,0.007922475601150197,25,25,1,Unanimous B/LB-directed,without_addAF_AlphaMissense_f4
NC_000017.11:43091791:C:T,BRCA1,0,0.04649905275695303,0.0,0.00017058816372873633,0.0,0.0034836721860028582,0.0,0.010594250765249296,0.0,0.0,0000,0.01518689096798348,0.009907087938013148,25,25,1,Unanimous B/LB-directed,without_addAF_AlphaMissense_f4
NC_000017.11:43091890:C:T,BRCA1,0,0.0008757736080287698,0.0,0.005984855007079735,0.0,0.05816318733316363,0.0,0.017848042686129228,0.0,0.0,0000,0.02071796465860034,0.014018445686535465,25,25,1,Unanimous B/LB-directed,without_addAF_AlphaMissense_f4
NC_000017.11:43092447:C:T,BRCA1,0,0.021890768961023967,0.0,2.6353206336018163e-05,0.0,0.00034614006029547097,0.0,0.010594250765249296,0.0,0.0,0000,0.008214378248226187,0.004990979800033483,25,25,1,Unanimous B/LB-directed,without_addAF_AlphaMissense_f4
NC_000017.11:43092946:T:C,BRCA1,0,0.005438835915681628,0.0,0.010857289629662327,0.0,0.03822605591556341,0.0,0.010594250765249296,0.0,0.0,0000,0.016279108056539166,0.0107062905809515,25,25,1,Unanimous B/LB-directed,without_addAF_AlphaMissense_f4
NC_000017.11:43093072:T:C,BRCA1,0,0.006214435489912673,0.0,1.207550225376482e-06,0.0,0.0021358100960443705,0.0,0.010594250765249296,0.0,0.0,0000,0.004736425975357929,0.0027029529806813445,25,25,1,Unanimous B/LB-directed,without_addAF_AlphaMissense_f4
NC_000017.11:43093215:A:G,BRCA1,0,0.006016827039407742,0.0,0.008050755103885948,0.0,0.004620908467862017,0.0,0.010594250765249296,0.0,0.0,0000,0.007320685344101251,0.004389755688333414,25,25,1,Unanimous B/LB-directed,without_addAF_AlphaMissense_f4
NC_000017.11:43093453:C:T,BRCA1,0,0.026834498915105743,0.0,1.3030751875966078e-06,0.0,0.0006197634838421033,0.0,0.010594250765249296,0.0,0.0,0000,0.009512454059846185,0.005877844788086751,24,25,1,Unanimous B/LB-directed,without_addAF_AlphaMissense_f4
NC_000017.11:43093741:C:T,BRCA1,0,0.022463137135626463,0.0,0.03349096526897554,0.0,0.021794761986881277,0.0,0.010594250765249296,0.0,0.0,0000,0.022085778789183143,0.015057835073126111,25,25,1,Unanimous B/LB-directed,without_addAF_AlphaMissense_f4
NC_000017.11:43093827:G:A,BRCA1,0,0.003591988320598032,0.0,0.00037122476886755737,0.0,0.0061766536095873925,0.0,0.010594250765249296,0.0,0.0,0000,0.00518352936607557,0.002988493792155661,25,25,1,Unanimous B/LB-directed,without_addAF_AlphaMissense_f4
NC_000017.11:43094074:A:G,BRCA1,0,0.015553061206708107,0.0,1.592255514238269e-06,0.0,0.0008288397183431033,0.0,0.013246624929690858,0.0,0.0,0000,0.007407529527564076,0.0044478195024496466,25,25,1,Unanimous B/LB-directed,without_addAF_AlphaMissense_f4
NC_000017.11:43094147:A:T,BRCA1,0,0.7533490694120154,1.0,0.3597303645740398,0.0,0.4706854898872899,0.0,0.3159286157767204,0.0,1.0,1000,0.4749233849125164,0.47972269435760906,25,25,1,Mixed votes,without_addAF_AlphaMissense_f4
NC_000017.11:43094297:A:C,BRCA1,0,0.015152380679982537,0.0,2.1386143655657145e-05,0.0,0.0010744566369741556,0.0,0.010594250765249296,0.0,0.0,0000,0.006710618556465412,0.003984178002377671,25,25,1,Unanimous B/LB-directed,without_addAF_AlphaMissense_f4
NC_000017.11:43095874:T:C,BRCA1,0,0.03924686182913469,0.0,0.002952023236967911,0.0,0.013013148565749444,0.0,0.02960307070064625,0.0,0.0,0000,0.021203776083124574,0.014386662723952047,25,25,1,Unanimous B/LB-directed,without_addAF_AlphaMissense_f4
NC_000017.11:43104135:C:T,BRCA1,0,0.008555120880230898,0.0,0.006298261172511887,0.0,0.006950457444868424,0.0,0.01680331190945209,0.0,0.0,0000,0.009651787851765825,0.005973926963340919,25,25,1,Unanimous B/LB-directed,without_addAF_AlphaMissense_f4
NC_000017.11:58695160:G:A,RAD51C,0,0.023829308430249184,0.0,0.0031512067891640632,0.0,0.0167247400706676,0.0,0.01064059115584106,0.0,0.0,0000,0.013586461611480477,0.0087486662518107,25,25,1,Unanimous B/LB-directed,without_addAF_AlphaMissense_f4
NC_000010.11:87863956:G:T,PTEN,0,,,,,,,,,,,,,2,25,0,,without_addAF_AlphaMissense_f4
NC_000010.11:87864457:A:T,PTEN,0,,,,,,,,,,,,,2,25,0,,without_addAF_AlphaMissense_f4
NC_000011.10:108244064:C:A,ATM,0,0.05619145700572413,0.0,0.001094887011419495,0.0,0.04296935035825761,0.0,0.03867851390882698,0.0,0.0,0000,0.03473355207105705,0.02500850221406467,25,25,1,Unanimous B/LB-directed,without_addAF_AlphaMissense_f4
NC_000011.10:108251988:G:C,ATM,0,0.032796848233291286,0.0,0.00016342455747621584,0.0,0.012279255759112574,0.0,0.0376326501818866,0.0,0.0,0000,0.020718044682941666,0.014018506253012358,25,25,1,Unanimous B/LB-directed,without_addAF_AlphaMissense_f4
NC_000011.10:108267248:G:A,ATM,0,0.024041031821991243,0.0,2.375714705626911e-05,0.0,0.0007129984970091183,0.0,0.010594250765249296,0.0,0.0,0000,0.008843009557826482,0.005418559175944838,25,25,1,Unanimous B/LB-directed,without_addAF_AlphaMissense_f4
NC_000011.10:108267277:T:G,ATM,0,0.010361095294219266,0.0,0.0004432838860695329,0.0,0.016351343553875745,0.0,0.010594250765249296,0.0,0.0,0000,0.009437493374853459,0.005826221738092775,25,25,1,Unanimous B/LB-directed,without_addAF_AlphaMissense_f4
NC_000011.10:108272772:C:T,ATM,0,0.017068627476461526,0.0,0.0008388597320832491,0.0,0.0030266872385315263,0.0,0.018315945083168708,0.0,0.0,0000,0.009812529882561252,0.0060849754857020405,25,25,1,Unanimous B/LB-directed,without_addAF_AlphaMissense_f4
NC_000011.10:108284442:G:T,ATM,0,0.08164189834520186,0.0,0.0001852750043826376,0.0,0.04104252310998417,0.0,0.057839871183817254,0.0,0.0,0000,0.04517739191084648,0.033599482949405006,25,25,1,Unanimous B/LB-directed,without_addAF_AlphaMissense_f4
NC_000011.10:108293403:A:T,ATM,0,0.024754316615909648,0.0,0.00013320335345132103,0.0,0.0063947314104793014,0.0,0.014890797399165207,0.0,0.0,0000,0.01154326219475137,0.007293727765716321,25,25,1,Unanimous B/LB-directed,without_addAF_AlphaMissense_f4
NC_000011.10:108365448:C:A,ATM,0,0.5947101237040251,0.0,0.6341750215889492,1.0,0.36131615659585087,0.0,0.2847118417840491,0.0,1.0,0100,0.4687282859182186,0.4728338597274897,25,25,1,Mixed votes,without_addAF_AlphaMissense_f4
NC_000013.11:32330998:A:T,BRCA2,0,0.011923150392874827,0.0,0.0006555219730579085,0.0,0.0028197853801538142,0.0,0.010594250765249296,0.0,0.0,0000,0.006498177127833961,0.0038439306568998125,22,25,1,Unanimous B/LB-directed,without_addAF_AlphaMissense_f4
NC_000013.11:32332342:A:C,BRCA2,0,0.010662407489531865,0.0,0.00013695659046224538,0.0,0.0025700601191230212,0.0,0.013494455442856103,0.0,0.0,0000,0.006715969910493309,0.003987717541883788,21,25,1,Unanimous B/LB-directed,without_addAF_AlphaMissense_f4
NC_000013.11:32332558:A:G,BRCA2,0,0.012000970672275176,0.0,8.932698480394119e-05,0.0,0.0004070371520101522,0.0,0.010594250765249296,0.0,0.0,0000,0.005772896393584641,0.0033692229888236643,22,25,1,Unanimous B/LB-directed,without_addAF_AlphaMissense_f4
NC_000013.11:32332583:A:G,BRCA2,0,0.023083908552614746,0.0,7.690166262282831e-05,0.0,0.00015701458801581334,0.0,0.010594250765249296,0.0,0.0,0000,0.00847801889212567,0.005169850098012963,22,25,1,Unanimous B/LB-directed,without_addAF_AlphaMissense_f4
NC_000013.11:32332606:G:C,BRCA2,0,0.026292454532355618,0.0,0.0011167499181758966,0.0,0.008138868981177034,0.0,0.01444751662424035,0.0,0.0,0000,0.012498897513987224,0.007970688611051248,22,25,1,Unanimous B/LB-directed,without_addAF_AlphaMissense_f4
NC_000013.11:32333152:G:A,BRCA2,0,0.019695356374337187,0.0,0.0006376768816212575,0.0,0.0015078380134714887,0.0,0.010594250765249296,0.0,0.0,0000,0.008108780508669807,0.004919523152169161,22,25,1,Unanimous B/LB-directed,without_addAF_AlphaMissense_f4
NC_000013.11:32333281:G:A,BRCA2,0,0.02227526307392673,0.0,0.0021087375374941844,0.0,0.00451166355251869,0.0,0.026067401681142886,0.0,0.0,0000,0.013740766461270622,0.008859668523281641,22,25,1,Unanimous B/LB-directed,without_addAF_AlphaMissense_f4
NC_000013.11:32336575:G:T,BRCA2,0,0.025667013470897247,0.0,0.001693223645072442,0.0,0.00035207969241377615,0.0,0.010594250765249296,0.0,0.0,0000,0.00957664189340819,0.00592208711078777,22,25,1,Unanimous B/LB-directed,without_addAF_AlphaMissense_f4
NC_000013.11:32336597:A:G,BRCA2,0,0.035042679851583096,0.0,0.002765211138608515,0.0,0.0019205368397906106,0.0,0.010594250765249296,0.0,0.0,0000,0.01258066964880788,0.00802890998881473,22,25,1,Unanimous B/LB-directed,without_addAF_AlphaMissense_f4
NC_000013.11:32336757:C:A,BRCA2,0,0.020696565139285594,0.0,0.00029659439016635367,0.0,0.0004315698973306251,0.0,0.010594250765249296,0.0,0.0,0000,0.008004745048007968,0.004849230239248825,22,25,1,Unanimous B/LB-directed,without_addAF_AlphaMissense_f4
NC_000013.11:32336877:A:T,BRCA2,0,0.033857155227223705,0.0,0.0009438620603972931,0.0,0.0025678949515786356,0.0,0.010594250765249296,0.0,0.0,0000,0.011990790751112233,0.007609950511683811,22,25,1,Unanimous B/LB-directed,without_addAF_AlphaMissense_f4
NC_000013.11:32336977:G:C,BRCA2,0,0.011693731556464235,0.0,0.0007855284502062303,0.0,0.0013685565931223866,0.0,0.010594250765249296,0.0,0.0,0000,0.006110516841260537,0.003589390256904945,22,25,1,Unanimous B/LB-directed,without_addAF_AlphaMissense_f4
NC_000013.11:32337316:G:A,BRCA2,0,0.01454954210941401,0.0,0.002692314929557331,0.0,0.0009312015564669055,0.0,0.010802215539716796,0.0,0.0,0000,0.0072438185337887605,0.004338429710517831,22,25,1,Unanimous B/LB-directed,without_addAF_AlphaMissense_f4
NC_000013.11:32337750:A:C,BRCA2,0,0.016269722175304577,0.0,0.015622739467943177,0.0,0.015716300770955562,0.0,0.02054458804187481,0.0,0.0,0000,0.017038337614019534,0.011265721973061766,22,25,1,Unanimous B/LB-directed,without_addAF_AlphaMissense_f4
NC_000013.11:32338127:T:G,BRCA2,0,0.03162339847641987,0.0,0.00027206148727902527,0.0,0.00012591170194761338,0.0,0.010594250765249296,0.0,0.0,0000,0.010653905607723951,0.006669686706514168,22,25,1,Unanimous B/LB-directed,without_addAF_AlphaMissense_f4
NC_000013.11:32338177:A:G,BRCA2,0,0.01233362421365033,0.0,6.354260709662187e-05,0.0,0.0006452928314436744,0.0,0.010594250765249296,0.0,0.0,0000,0.00590917760435998,0.003457919324759462,22,25,1,Unanimous B/LB-directed,without_addAF_AlphaMissense_f4
NC_000013.11:32338792:T:C,BRCA2,0,0.03590760774758305,0.0,0.0011963324550037608,0.0,0.0003506496187533273,0.0,0.010594250765249296,0.0,0.0,0000,0.012012210146647358,0.007625121199153339,22,25,1,Unanimous B/LB-directed,without_addAF_AlphaMissense_f4
NC_000013.11:32338920:G:T,BRCA2,0,0.2709429929175775,0.0,0.18204771779614623,0.0,0.49124828395086323,0.0,0.17255328512903453,0.0,0.0,0000,0.2791980699484054,0.2643848487304345,22,25,1,Unanimous B/LB-directed,without_addAF_AlphaMissense_f4
NC_000013.11:32338993:G:A,BRCA2,0,0.0025402340425299146,0.0,0.0007917252929694186,0.0,0.019315956665774296,0.0,0.04300314201783572,0.0,0.0,0000,0.016412764504777338,0.010804547797936657,22,25,1,Unanimous B/LB-directed,without_addAF_AlphaMissense_f4
NC_000013.11:32339357:C:G,BRCA2,0,0.07470442999290179,0.0,0.041252261528035,0.0,0.009042527221745256,0.0,0.06500594997341197,0.0,0.0,0000,0.047501292179023505,0.035549416447781694,22,25,1,Unanimous B/LB-directed,without_addAF_AlphaMissense_f4
NC_000013.11:32339578:A:G,BRCA2,0,0.011739007362942273,0.0,0.0002866017301273052,0.0,0.0004294691234528868,0.0,0.010594250765249296,0.0,0.0,0000,0.0057623322454429405,0.003362357531091954,22,25,1,Unanimous B/LB-directed,without_addAF_AlphaMissense_f4
NC_000013.11:32339606:A:C,BRCA2,0,0.034974672210898956,0.0,0.0027696749798269233,0.0,0.0017640910077616422,0.0,0.025907798111297217,0.0,0.0,0000,0.016354059077446186,0.010761378600224874,22,25,1,Unanimous B/LB-directed,without_addAF_AlphaMissense_f4
NC_000013.11:32339677:G:C,BRCA2,0,0.015132066017191853,0.0,0.0008905152149112784,0.0,0.0013415667544188184,0.0,0.010594250765249296,0.0,0.0,0000,0.006989599687942811,0.004169136544911055,22,25,1,Unanimous B/LB-directed,without_addAF_AlphaMissense_f4
NC_000013.11:32339767:A:G,BRCA2,0,0.01000505203010829,0.0,0.0005678217093211292,0.0,0.0007327483653826166,0.0,0.010594250765249296,0.0,0.0,0000,0.005474968217515332,0.003176170792529039,22,25,1,Unanimous B/LB-directed,without_addAF_AlphaMissense_f4
NC_000013.11:32339821:A:C,BRCA2,0,0.011088365460857664,0.0,0.008949249806376623,0.0,0.011716257036801824,0.0,0.010594250765249296,0.0,0.0,0000,0.010587030767321351,0.006623005830226436,22,25,1,Unanimous B/LB-directed,without_addAF_AlphaMissense_f4
NC_000013.11:32340025:G:A,BRCA2,0,0.02169922019093055,0.0,0.004722235048519689,0.0,0.0012228139370940234,0.0,0.010594250765249296,0.0,0.0,0000,0.00955962998544839,0.005910358005991984,22,25,1,Unanimous B/LB-directed,without_addAF_AlphaMissense_f4
NC_000013.11:32340536:C:T,BRCA2,0,0.732332073706063,1.0,0.7207606695297024,1.0,0.5137556485688393,1.0,0.40436063442132114,0.0,3.0,1110,0.5928022565564814,0.6100703788539052,22,25,1,Mixed votes,without_addAF_AlphaMissense_f4
NC_000013.11:32340937:G:A,BRCA2,0,0.018854038934334523,0.0,0.004969839666834868,0.0,0.0027736384544046655,0.0,0.012382865009788429,0.0,0.0,0000,0.009745095516340622,0.0060383621181273614,22,25,1,Unanimous B/LB-directed,without_addAF_AlphaMissense_f4
NC_000013.11:32356460:T:C,BRCA2,0,0.02179178516326344,0.0,0.000266775818867304,0.0,0.00041369080939669076,0.0,0.010594250765249296,0.0,0.0,0000,0.008266625639194182,0.005026374879234917,21,25,1,Unanimous B/LB-directed,without_addAF_AlphaMissense_f4
NC_000013.11:32357854:A:C,BRCA2,0,0.059043435766791975,0.0,0.07723547793027054,0.0,0.007451094352194674,0.0,0.07801904849868325,0.0,0.0,0000,0.05543726413698512,0.04230180815408095,22,25,1,Unanimous B/LB-directed,without_addAF_AlphaMissense_f4
NC_000013.11:32357854:A:T,BRCA2,0,0.06282165858066271,0.0,0.08871252182573848,0.0,0.00316344778692419,0.0,0.03253002006346369,0.0,0.0,0000,0.04680691206419727,0.03496541853638467,22,25,1,Unanimous B/LB-directed,without_addAF_AlphaMissense_f4
NC_000013.11:32362618:G:A,BRCA2,0,0.5577088437985819,0.0,0.6699534937589806,1.0,0.5678402396940966,1.0,0.1987218644677557,0.0,2.0,0110,0.49855611042985365,0.5059895552355209,22,25,1,Mixed votes,without_addAF_AlphaMissense_f4
NC_000013.11:32363527:T:A,BRCA2,0,0.32430836215806436,0.0,0.5212794864411494,0.0,0.19198961756037713,0.0,0.041316606971564154,0.0,0.0,0000,0.2697235182827888,0.25423269168879714,22,25,1,Unanimous B/LB-directed,without_addAF_AlphaMissense_f4
NC_000013.11:32370966:G:C,BRCA2,0,0.13196977948576194,0.0,0.3058628380764933,0.0,0.16382484023736035,0.0,0.06436369472622315,0.0,0.0,0000,0.16650528813145968,0.1469246420026946,22,25,1,Unanimous B/LB-directed,without_addAF_AlphaMissense_f4
NC_000013.11:32379411:G:C,BRCA2,0,0.032066850157059984,0.0,0.16456975166287344,0.0,0.07585430271600378,0.0,0.027860294976851677,0.0,0.0,0000,0.07508779987819722,0.05956487930051446,22,25,1,Unanimous B/LB-directed,without_addAF_AlphaMissense_f4
NC_000013.11:32380087:C:T,BRCA2,0,0.07647497828076144,0.0,0.13010203871346807,0.0,0.05069095097225712,0.0,0.012996019643350225,0.0,0.0,0000,0.06756599690245922,0.052873036962654454,22,25,1,Unanimous B/LB-directed,without_addAF_AlphaMissense_f4
NC_000015.10:90749919:A:G,BLM,0,0.05053068308215428,0.0,0.05428446981940138,0.0,0.00563932285587802,0.0,0.025700863358239016,0.0,0.0,0000,0.03403883477891818,0.02444793016906669,23,25,1,Unanimous B/LB-directed,without_addAF_AlphaMissense_f4
NC_000015.10:90751818:G:A,BLM,0,0.03242874484996777,0.0,0.0004303783682357216,0.0,0.0003187024985382443,0.0,0.01080239209330204,0.0,0.0,0000,0.010995054452510944,0.006908357730238047,25,25,1,Unanimous B/LB-directed,without_addAF_AlphaMissense_f4
NC_000015.10:90803711:A:C,BLM,0,0.026930294501791633,0.0,0.009942555570520605,0.0,0.0034302019225726722,0.0,0.012251001456140068,0.0,0.0,0000,0.013138513362756244,0.008427289682356095,24,25,1,Unanimous B/LB-directed,without_addAF_AlphaMissense_f4
NC_000016.10:23607926:T:G,PALB2,0,0.05781936800210919,0.0,0.07535933796384528,0.0,0.24672839754004355,0.0,0.21935459950577516,0.0,0.0,0000,0.1498154257529433,0.13030141234068945,24,25,1,Unanimous B/LB-directed,without_addAF_AlphaMissense_f4
NC_000016.10:23621373:T:A,PALB2,0,0.06532963494233844,0.0,0.5337974053870538,0.0,0.10157557235930571,0.0,0.4966846345697914,0.0,0.0,0000,0.2993468118146223,0.286102062480645,24,25,1,Unanimous B/LB-directed,without_addAF_AlphaMissense_f4
NC_000016.10:23623039:C:G,PALB2,0,0.027484347897197673,0.0,0.1985901413675673,0.0,0.04747962001011679,0.0,0.048925869867518235,0.0,0.0,0000,0.0806199947856,0.06454711244078967,24,25,1,Unanimous B/LB-directed,without_addAF_AlphaMissense_f4
NC_000016.10:23635603:T:G,PALB2,0,0.026312367888072778,0.0,0.0019399953700349377,0.0,0.006058124480721919,0.0,0.010594250765249296,0.0,0.0,0000,0.011226184626019733,0.007070561358240832,24,25,1,Unanimous B/LB-directed,without_addAF_AlphaMissense_f4
NC_000016.10:23641111:T:C,PALB2,0,0.1468874187256935,0.0,0.04152869005301578,0.0,0.3701754439263989,0.0,0.2518724055272864,0.0,0.0,0000,0.20261598955809865,0.18367291262942523,25,25,1,Unanimous B/LB-directed,without_addAF_AlphaMissense_f4
NC_000016.10:23641131:A:T,PALB2,0,0.02563339152852361,0.0,0.011583647912588813,0.0,0.15859272768313276,0.0,0.14321869145347063,0.0,0.0,0000,0.08475711464442895,0.0683045612436482,23,25,1,Unanimous B/LB-directed,without_addAF_AlphaMissense_f4
NC_000016.10:68737418:G:A,CDH1,0,0.055348408929275006,0.0,0.4460795963329292,0.0,0.07516351611481464,0.0,0.12087430709733321,0.0,0.0,0000,0.174366457118588,0.15483790595780175,23,25,1,Unanimous B/LB-directed,without_addAF_AlphaMissense_f4
NC_000016.10:68738360:C:A,CDH1,0,0.01286150292047943,0.0,0.04313454171850268,0.0,0.07075085229010236,0.0,0.011167721589769326,0.0,0.0,0000,0.03447865462971345,0.024802653891980025,24,25,1,Unanimous B/LB-directed,without_addAF_AlphaMissense_f4
NC_000016.10:68738377:C:A,CDH1,0,0.011173197930792973,0.0,0.038310618554069205,0.0,0.018803819353180505,0.0,0.025477769413865554,0.0,0.0,0000,0.023441351312977057,0.01609585984142795,23,25,1,Unanimous B/LB-directed,without_addAF_AlphaMissense_f4
NC_000016.10:68811789:C:A,CDH1,0,0.014755211824075857,0.0,8.283158424992506e-05,0.0,0.0008368256656167201,0.0,0.01573339337371026,0.0,0.0,0000,0.00785206561191319,0.0047462643313640335,24,25,1,Unanimous B/LB-directed,without_addAF_AlphaMissense_f4
NC_000016.10:68812258:C:T,CDH1,0,0.003906490196521011,0.0,0.006915266390109181,0.0,0.037651777775711145,0.0,0.010594250765249296,0.0,0.0,0000,0.014766946281897658,0.009601628147890428,24,25,1,Unanimous B/LB-directed,without_addAF_AlphaMissense_f4
NC_000016.10:68813328:C:A,CDH1,0,0.025643469993035375,0.0,0.10126468869995019,0.0,0.12623110997954667,0.0,0.03946711308812217,0.0,0.0,0000,0.0731515954401636,0.057833025778017605,24,25,1,Unanimous B/LB-directed,without_addAF_AlphaMissense_f4
NC_000016.10:68813338:G:T,CDH1,0,0.006572751548547847,0.0,0.014994013225359717,0.0,0.03404289248750574,0.0,0.016150342491870924,0.0,0.0,0000,0.017939999938321058,0.01193406000083561,24,25,1,Unanimous B/LB-directed,without_addAF_AlphaMissense_f4
NC_000016.10:68813399:T:C,CDH1,0,0.9221433852155448,1.0,0.908655909928754,1.0,0.7858460064848715,1.0,0.6722378917815404,0.0,3.0,1110,0.8222207983526777,0.8496381339391847,25,25,1,Mixed votes,without_addAF_AlphaMissense_f4
NC_000016.10:68815686:A:C,CDH1,0,0.23026280815461672,0.0,0.28441836635773543,0.0,0.20986135602271921,0.0,0.16325989596815793,0.0,0.0,0000,0.22195060662580735,0.203731471801271,24,25,1,Unanimous B/LB-directed,without_addAF_AlphaMissense_f4
NC_000016.10:68819397:A:G,CDH1,0,0.006854928737104578,0.0,0.0025497652336013204,0.0,0.017746875149317377,0.0,0.010594250765249296,0.0,0.0,0000,0.009436454971318143,0.0058255069613248655,25,25,1,Unanimous B/LB-directed,without_addAF_AlphaMissense_f4
NC_000016.10:68822153:A:G,CDH1,0,0.002203504902711193,0.0,0.005838863546636761,0.0,0.017439547860773577,0.0,0.027785480917146242,0.0,0.0,0000,0.013316849306816944,0.008555079944742217,25,25,1,Unanimous B/LB-directed,without_addAF_AlphaMissense_f4
NC_000016.10:89738215:G:C,FANCA,0,,,,,,,,,,,,,2,25,0,,without_addAF_AlphaMissense_f4
NC_000016.10:89765039:G:T,FANCA,0,0.028953132995968536,0.0,0.0009267393190332662,0.0,0.0046625161372682335,0.0,0.025162326804922044,0.0,0.0,0000,0.01492617881429802,0.00971732872361699,25,25,1,Unanimous B/LB-directed,without_addAF_AlphaMissense_f4
NC_000016.10:89791491:G:C,FANCA,0,0.023471379839726955,0.0,0.004889145622675326,0.0,0.013113404263398071,0.0,0.015934914115747073,0.0,0.0,0000,0.014352210960386856,0.009300986907541808,25,25,1,Unanimous B/LB-directed,without_addAF_AlphaMissense_f4
NC_000016.10:89808345:C:T,FANCA,0,0.01176724611053628,0.0,0.00351387367857695,0.0,0.006483393551026056,0.0,0.010594250765249296,0.0,0.0,0000,0.008089691026347146,0.004906617137807497,25,25,1,Unanimous B/LB-directed,without_addAF_AlphaMissense_f4
NC_000016.10:89815972:C:G,FANCA,0,0.02758330458280805,0.0,0.001822324900341781,0.0,0.005536030445661342,0.0,0.010594250765249296,0.0,0.0,0000,0.011383977673515117,0.007181527143414898,25,25,1,Unanimous B/LB-directed,without_addAF_AlphaMissense_f4
NC_000017.11:7669626:T:A,TP53,0,0.04262558740023184,0.0,0.07664188600789003,0.0,0.01965582373790045,0.0,0.01320802892813485,0.0,0.0,0000,0.03803283151853929,0.02769016851368579,23,25,1,Unanimous B/LB-directed,without_addAF_AlphaMissense_f4
NC_000017.11:7669639:A:G,TP53,0,0.006300074322914778,0.0,0.002229790716540414,0.0,0.005082371669182544,0.0,0.010594250765249296,0.0,0.0,0000,0.006051621868471758,0.003550880195778582,24,25,1,Unanimous B/LB-directed,without_addAF_AlphaMissense_f4
NC_000017.11:7669640:T:C,TP53,0,0.02204466900249028,0.0,0.004208276585438282,0.0,0.0050045602729444525,0.0,0.010594250765249296,0.0,0.0,0000,0.010462939156530578,0.006536478545313974,24,25,1,Unanimous B/LB-directed,without_addAF_AlphaMissense_f4
NC_000017.11:7669667:G:T,TP53,0,0.3692937892897061,0.0,0.47440293963757835,0.0,0.4584598930189656,0.0,0.3256884766889303,0.0,0.0,0000,0.4069612746587951,0.40421211225718756,23,25,1,Unanimous B/LB-directed,without_addAF_AlphaMissense_f4
NC_000017.11:7670641:C:T,TP53,0,0.011507750501041749,0.0,0.00032464673952298045,0.0,0.0019494933819713825,0.0,0.011252125334436891,0.0,0.0,0000,0.00625850398924325,0.003686344832957725,25,25,1,Unanimous B/LB-directed,without_addAF_AlphaMissense_f4
NC_000017.11:7670642:C:G,TP53,0,0.004382377937470006,0.0,0.0023136736835176145,0.0,0.0023083895836795787,0.0,0.019879837698207396,0.0,0.0,0000,0.0072210697257186485,0.0043232518872203035,25,25,1,Unanimous B/LB-directed,without_addAF_AlphaMissense_f4
NC_000017.11:7670702:C:G,TP53,0,0.017092588828485317,0.0,0.03777714353099293,0.0,0.020674147247454686,0.0,0.01915060582384766,0.0,0.0,0000,0.023673621357695147,0.016274485439409975,24,25,1,Unanimous B/LB-directed,without_addAF_AlphaMissense_f4
NC_000017.11:7673249:C:T,TP53,0,,,,,,,,,,,,,2,25,0,,without_addAF_AlphaMissense_f4
NC_000017.11:7673331:G:A,TP53,0,,,,,,,,,,,,,2,25,0,,without_addAF_AlphaMissense_f4
NC_000017.11:7673714:C:G,TP53,0,0.023434423131229627,0.0,0.06561928018533626,0.0,0.0053512009041285806,0.0,0.01442555973851652,0.0,0.0,0000,0.027207615989802748,0.019018405481345497,24,25,1,Unanimous B/LB-directed,without_addAF_AlphaMissense_f4
NC_000017.11:7673736:G:A,TP53,0,0.018915277352740564,0.0,0.0001962810349628992,0.0,0.0016669368860988349,0.0,0.010594250765249296,0.0,0.0,0000,0.007843186509762899,0.004740283493733904,24,25,1,Unanimous B/LB-directed,without_addAF_AlphaMissense_f4
NC_000017.11:7675064:A:G,TP53,0,0.014024796629411328,0.0,0.008026185039256343,0.0,0.009925745229987888,0.0,0.015039356248239617,0.0,0.0,0000,0.011754020786723794,0.007442470487575608,24,25,1,Unanimous B/LB-directed,without_addAF_AlphaMissense_f4
NC_000017.11:7676087:G:A,TP53,0,0.29801373748427196,0.0,0.4964263901344498,0.0,0.29566253424892636,0.0,0.2905422174058898,0.0,0.0,0000,0.3451612198183845,0.33602598319722987,24,25,1,Unanimous B/LB-directed,without_addAF_AlphaMissense_f4
NC_000017.11:7676150:A:T,TP53,0,0.025749521730600296,0.0,0.002424009504984133,0.0,0.0016386766283800608,0.0,0.010594250765249296,0.0,0.0,0000,0.010101614657303446,0.0062852292780451804,24,25,1,Unanimous B/LB-directed,without_addAF_AlphaMissense_f4
NC_000017.11:7676571:G:A,TP53,0,0.011263716118482621,0.0,0.003268803153665605,0.0,0.0019156709670540696,0.0,0.010594250765249296,0.0,0.0,0000,0.006760610251112898,0.004017256708341264,22,25,1,Unanimous B/LB-directed,without_addAF_AlphaMissense_f4
NC_000017.11:7676583:G:T,TP53,0,0.020434968273638655,0.0,0.024491015144115537,0.0,0.002240232163962685,0.0,0.010594250765249296,0.0,0.0,0000,0.014440116586741544,0.009364622994270077,22,25,1,Unanimous B/LB-directed,without_addAF_AlphaMissense_f4
NC_000017.11:35101001:G:T,RAD51D,0,0.05620486783781365,0.0,0.05330422427480447,0.0,0.03822502391309479,0.0,0.031781095072568474,0.0,0.0,0000,0.04487880277457035,0.033349893924354314,22,25,1,Unanimous B/LB-directed,without_addAF_AlphaMissense_f4
NC_000017.11:43045726:T:C,BRCA1,0,0.012358837989229798,0.0,0.10342813731990697,0.0,0.1240652458245601,0.0,0.3965358626819448,0.0,0.0,0000,0.15909702095391043,0.1395153008996326,24,25,1,Unanimous B/LB-directed,without_addAF_AlphaMissense_f4
NC_000017.11:43045729:C:G,BRCA1,0,0.014327097787648149,0.0,0.07864039158841632,0.0,0.1253703191090794,0.0,0.07715745702916374,0.0,0.0,0000,0.0738738163785769,0.05847828564140047,24,25,1,Unanimous B/LB-directed,without_addAF_AlphaMissense_f4
NC_000017.11:43045738:A:C,BRCA1,0,0.016333129374133393,0.0,0.03831726331027991,0.0,0.16964749345044156,0.0,0.02341627949157484,0.0,0.0,0000,0.061928541406607425,0.047924080862851715,25,25,1,Unanimous B/LB-directed,without_addAF_AlphaMissense_f4
NC_000017.11:43045791:C:G,BRCA1,0,0.010500560639961324,0.0,0.06500322907038371,0.0,0.013498700940342922,0.0,0.02296863109854335,0.0,0.0,0000,0.027992780437307824,0.01963438698985348,23,25,1,Unanimous B/LB-directed,without_addAF_AlphaMissense_f4
NC_000017.11:43045793:G:C,BRCA1,0,0.018845644890912647,0.0,0.025683171478285232,0.0,0.07387936993467423,0.0,0.08259166635911055,0.0,0.0,0000,0.05024996316574566,0.03787220328454781,23,25,1,Unanimous B/LB-directed,without_addAF_AlphaMissense_f4
NC_000017.11:43045794:C:A,BRCA1,0,,,,,,,,,,,,,2,25,0,,without_addAF_AlphaMissense_f4
NC_000017.11:43047652:A:G,BRCA1,0,,,,,,,,,,,,,2,25,0,,without_addAF_AlphaMissense_f4
NC_000017.11:43047661:T:C,BRCA1,0,,,,,,,,,,,,,2,25,0,,without_addAF_AlphaMissense_f4
NC_000017.11:43047662:G:C,BRCA1,0,0.03180780837334767,0.0,0.09206160595741918,0.0,0.12837695681644828,0.0,0.011198503876381265,0.0,0.0,0000,0.0658612187558991,0.05137024433447166,23,25,1,Unanimous B/LB-directed,without_addAF_AlphaMissense_f4
NC_000017.11:43047670:A:G,BRCA1,0,,,,,,,,,,,,,2,25,0,,without_addAF_AlphaMissense_f4
NC_000017.11:43057059:C:A,BRCA1,0,0.5121402385923735,0.0,0.7816616615611645,1.0,0.22686683139541053,0.0,0.13734535286397873,0.0,1.0,0100,0.4145035211032318,0.4125765207239948,24,25,1,Mixed votes,without_addAF_AlphaMissense_f4
NC_000017.11:43057134:G:C,BRCA1,0,0.17453408667450804,0.0,0.21273787806910383,0.0,0.26286810034358493,0.0,0.0858537675400153,0.0,0.0,0000,0.18399845815680302,0.16460186813072536,25,25,1,Unanimous B/LB-directed,without_addAF_AlphaMissense_f4
NC_000017.11:43067664:G:A,BRCA1,0,0.011558690519553723,0.0,0.15280048840060562,0.0,0.02116082270256846,0.0,0.010594250765249296,0.0,0.0,0000,0.04902856309699428,0.03683789497519951,24,25,1,Unanimous B/LB-directed,without_addAF_AlphaMissense_f4
NC_000017.11:43067685:A:T,BRCA1,0,0.07557020794492152,0.0,0.10802118852351732,0.0,0.09848492263638235,0.0,0.03502350047506009,0.0,0.0,0000,0.07927495489497031,0.06333125559070597,24,25,1,Unanimous B/LB-directed,without_addAF_AlphaMissense_f4
NC_000017.11:43070970:T:C,BRCA1,0,0.0309950956709351,0.0,0.0005264623964925054,0.0,0.005964094441916259,0.0,0.010594250765249296,0.0,0.0,0000,0.012019975818648288,0.0076306221801862575,24,25,1,Unanimous B/LB-directed,without_addAF_AlphaMissense_f4
NC_000017.11:43070970:T:G,BRCA1,0,0.027367544097550173,0.0,0.013406731012643,0.0,0.014178425887229167,0.0,0.03573974666697722,0.0,0.0,0000,0.02267311191609989,0.015506635710869849,24,25,1,Unanimous B/LB-directed,without_addAF_AlphaMissense_f4
NC_000017.11:43070992:C:T,BRCA1,0,0.026172431820483358,0.0,0.00242815298024358,0.0,0.004576400142003951,0.0,0.010594250765249296,0.0,0.0,0000,0.010942808926995045,0.0068717484782186995,24,25,1,Unanimous B/LB-directed,without_addAF_AlphaMissense_f4
NC_000017.11:43079351:G:A,BRCA1,0,,,,,,,,,,,,,2,25,0,,without_addAF_AlphaMissense_f4
NC_000017.11:43091449:T:G,BRCA1,0,0.02739812984937884,0.0,1.3769707830470652e-05,0.0,0.0012391728736569785,0.0,0.01713775920161983,0.0,0.0,0000,0.01144720790812153,0.007226044515625749,25,25,1,Unanimous B/LB-directed,without_addAF_AlphaMissense_f4
NC_000017.11:43091679:T:C,BRCA1,0,0.05938204437705138,0.0,0.06755293565607777,0.0,0.04157798041645078,0.0,0.04563714613228122,0.0,0.0,0000,0.05353752664546528,0.04067278349309402,25,25,1,Unanimous B/LB-directed,without_addAF_AlphaMissense_f4
NC_000017.11:43091772:G:T,BRCA1,0,0.2040443188594746,0.0,0.5665134419442945,1.0,0.17157290854226503,0.0,0.22155710068928972,0.0,1.0,0100,0.29092194250883097,0.2770012428794265,25,25,1,Mixed votes,without_addAF_AlphaMissense_f4
NC_000017.11:43091802:C:G,BRCA1,0,0.027689389562536287,0.0,0.03120285755559558,0.0,0.016720681297248748,0.0,0.013131523273406515,0.0,0.0,0000,0.02218611292219678,0.015134399560658325,25,25,1,Unanimous B/LB-directed,without_addAF_AlphaMissense_f4
NC_000017.11:43091808:G:C,BRCA1,0,0.011329590598209028,0.0,0.02262164855607629,0.0,0.03285245956738073,0.0,0.010594250765249296,0.0,0.0,0000,0.019349487371728837,0.012987025042339886,24,25,1,Unanimous B/LB-directed,without_addAF_AlphaMissense_f4
NC_000017.11:43091917:C:G,BRCA1,0,0.04579248788098724,0.0,0.002095521503100576,0.0,0.04926581724325773,0.0,0.06155246287755052,0.0,0.0,0000,0.03967657237622402,0.02903773524133844,25,25,1,Unanimous B/LB-directed,without_addAF_AlphaMissense_f4
NC_000017.11:43092448:G:A,BRCA1,0,0.006660287172373334,0.0,2.709210614280924e-05,0.0,0.002793812014962108,0.0,0.010594250765249296,0.0,0.0,0000,0.005018860514681887,0.0028829850343772604,25,25,1,Unanimous B/LB-directed,without_addAF_AlphaMissense_f4
NC_000017.11:43092458:G:C,BRCA1,0,0.030203764477586294,0.0,0.2668258745799497,0.0,0.04839023832944374,0.0,0.07978946090604207,0.0,0.0,0000,0.10630233457325544,0.08827062508637494,25,25,1,Unanimous B/LB-directed,without_addAF_AlphaMissense_f4
NC_000017.11:43092609:A:G,BRCA1,0,0.03423501364557713,0.0,0.0006491806746346949,0.0,0.00571905627317146,0.0,0.010594250765249296,0.0,0.0,0000,0.012799375339658144,0.00818484959379748,24,25,1,Unanimous B/LB-directed,without_addAF_AlphaMissense_f4
NC_000017.11:43092772:C:T,BRCA1,0,0.032050561852390504,0.0,0.00020490019680511582,0.0,0.0016395065354463598,0.0,0.010594250765249296,0.0,0.0,0000,0.011122304837472818,0.006997610456231815,25,25,1,Unanimous B/LB-directed,without_addAF_AlphaMissense_f4
NC_000017.11:43093285:C:G,BRCA1,0,0.011421204207621003,0.0,0.03258213420803882,0.0,0.01506104724099374,0.0,0.010759478410089396,0.0,0.0,0000,0.01745596601668574,0.011574755936903191,24,25,1,Unanimous B/LB-directed,without_addAF_AlphaMissense_f4
NC_000017.11:43093323:T:C,BRCA1,0,0.026846290132676184,0.0,0.00035724058993307655,0.0,0.0041973355604058345,0.0,0.013493499077943333,0.0,0.0,0000,0.011223591340239607,0.007068739209295454,24,25,1,Unanimous B/LB-directed,without_addAF_AlphaMissense_f4
NC_000017.11:43093323:T:G,BRCA1,0,0.0032532954231047012,0.0,0.0002154597485719592,0.0,0.002778642417065229,0.0,0.010594250765249296,0.0,0.0,0000,0.004210412088497796,0.0023709874921640974,25,25,1,Unanimous B/LB-directed,without_addAF_AlphaMissense_f4
NC_000017.11:43093453:C:A,BRCA1,0,0.021661629818906247,0.0,0.006807477073546606,0.0,0.0037450014091029815,0.0,0.010594250765249296,0.0,0.0,0000,0.010702089766701282,0.006703342439988633,24,25,1,Unanimous B/LB-directed,without_addAF_AlphaMissense_f4
NC_000017.11:43093696:T:C,BRCA1,0,0.02561962220047514,0.0,0.11833505214368417,0.0,0.03343389905374568,0.0,0.014088845434965813,0.0,0.0,0000,0.047869354708217696,0.03585943262135042,24,25,1,Unanimous B/LB-directed,without_addAF_AlphaMissense_f4
NC_000017.11:43093969:C:G,BRCA1,0,0.011424369915218415,0.0,0.019083047018703496,0.0,0.027344090306737512,0.0,0.010594250765249296,0.0,0.0,0000,0.01711143950147718,0.011319749280336237,24,25,1,Unanimous B/LB-directed,without_addAF_AlphaMissense_f4
NC_000017.11:43094056:T:C,BRCA1,0,0.024686276341483855,0.0,0.0034614042447875053,0.0,0.0038848033456252563,0.0,0.010594250765249296,0.0,0.0,0000,0.010656683674286477,0.006671626643954166,24,25,1,Unanimous B/LB-directed,without_addAF_AlphaMissense_f4
NC_000017.11:43094062:G:A,BRCA1,0,0.01007418283953401,0.0,0.0028222849348618563,0.0,0.006610560092338809,0.0,0.010594250765249296,0.0,0.0,0000,0.007525319657995992,0.004526700647072498,24,25,1,Unanimous B/LB-directed,without_addAF_AlphaMissense_f4
NC_000017.11:43094156:G:C,BRCA1,0,0.11082189238950715,0.0,0.046371458127513754,0.0,0.21720416374714238,0.0,0.040748696078727914,0.0,0.0,0000,0.10378655258572281,0.08590699285944668,25,25,1,Unanimous B/LB-directed,without_addAF_AlphaMissense_f4
NC_000017.11:43094430:G:C,BRCA1,0,0.027567084229920356,0.0,8.645312147110009e-05,0.0,0.01271414409133369,0.0,0.013993237026989385,0.0,0.0,0000,0.013590229617428635,0.008751375042141041,24,25,1,Unanimous B/LB-directed,without_addAF_AlphaMissense_f4
NC_000017.11:43094449:A:C,BRCA1,0,0.006860778332981346,0.0,0.005782259522629784,0.0,0.008398312313731204,0.0,0.010594250765249296,0.0,0.0,0000,0.007908900233647907,0.004784566045889789,24,25,1,Unanimous B/LB-directed,without_addAF_AlphaMissense_f4
NC_000017.11:43094629:T:G,BRCA1,0,0.02016676239298194,0.0,0.01975613857394139,0.0,0.051869766661238485,0.0,0.024541006408158036,0.0,0.0,0000,0.029083418509079965,0.02049365396604247,24,25,1,Unanimous B/LB-directed,without_addAF_AlphaMissense_f4
NC_000017.11:43094706:C:T,BRCA1,0,0.06740174027653009,0.0,0.06559272773442554,0.0,0.1850991405475125,0.0,0.062461797210139114,0.0,0.0,0000,0.09513885144215181,0.0778454481748943,25,25,1,Unanimous B/LB-directed,without_addAF_AlphaMissense_f4
NC_000017.11:43094742:C:G,BRCA1,0,0.03562577832464779,0.0,0.08085191691217164,0.0,0.016418372132494582,0.0,0.026477115743797332,0.0,0.0,0000,0.03984329577827783,0.029174831524914416,24,25,1,Unanimous B/LB-directed,without_addAF_AlphaMissense_f4
NC_000017.11:43099858:G:C,BRCA1,0,0.007867540865049816,0.0,0.0016533552786788873,0.0,0.008852519156874843,0.0,0.010594250765249296,0.0,0.0,0000,0.00724191651646321,0.004337160486484037,25,25,1,Unanimous B/LB-directed,without_addAF_AlphaMissense_f4
NC_000017.11:43104165:G:A,BRCA1,0,0.8855019791198453,1.0,0.8597312894132242,1.0,0.608371858328159,1.0,0.8642141955579977,1.0,4.0,1111,0.8044548306048065,0.8322531218927023,25,25,1,Unanimous LP/P-directed,without_addAF_AlphaMissense_f4
NC_000017.11:43104240:C:A,BRCA1,0,0.03927566259921668,0.0,0.0009751510314656128,0.0,0.057445676871536205,0.0,0.018691522872271483,0.0,0.0,0000,0.029097003343622495,0.020504383055487366,24,25,1,Unanimous B/LB-directed,without_addAF_AlphaMissense_f4
NC_000017.11:43106492:A:C,BRCA1,0,0.005791396159326037,0.0,0.002387481348211263,0.0,0.03997978934637089,0.0,0.016061764692237173,0.0,0.0,0000,0.01605510788653634,0.010541837779151972,25,25,1,Unanimous B/LB-directed,without_addAF_AlphaMissense_f4
NC_000017.11:43124035:T:G,BRCA1,0,0.03300933648711673,0.0,0.14960462211562947,0.0,0.05591899515879343,0.0,0.032469190339194445,0.0,0.0,0000,0.06775053602518352,0.05303602760656848,24,25,1,Unanimous B/LB-directed,without_addAF_AlphaMissense_f4
NC_000017.11:58695058:G:C,RAD51C,0,0.02385471692967505,0.0,0.0272636458667966,0.0,0.04876243682114579,0.0,0.031775796292568145,0.0,0.0,0000,0.032914148977546395,0.02354355141386794,25,25,1,Unanimous B/LB-directed,without_addAF_AlphaMissense_f4
NC_000017.11:61683978:G:A,BRIP1,0,0.01903836201204796,0.0,8.927781556217181e-05,0.0,0.0010367987460287251,0.0,0.010594250765249296,0.0,0.0,0000,0.007689672334722038,0.004637004438805538,24,25,1,Unanimous B/LB-directed,without_addAF_AlphaMissense_f4
NC_000017.11:61685985:A:G,BRIP1,0,0.024147673090105102,0.0,2.010224731390402e-06,0.0,0.000140269001270279,0.0,0.010594250765249296,0.0,0.0,0000,0.008721050770339016,0.005335318187621824,22,25,1,Unanimous B/LB-directed,without_addAF_AlphaMissense_f4
NC_000017.11:61686066:G:T,BRIP1,0,0.03931114487363394,0.0,0.0003621215158760201,0.0,0.004408051670260368,0.0,0.010594250765249296,0.0,0.0,0000,0.013668892206254907,0.008807945573954735,24,25,1,Unanimous B/LB-directed,without_addAF_AlphaMissense_f4
NC_000017.11:61716033:G:C,BRIP1,0,0.03821885734918331,0.0,0.00024338067802603938,0.0,0.005740326256394851,0.0,0.010594250765249296,0.0,0.0,0000,0.013699203762213374,0.008829754729971398,25,25,1,Unanimous B/LB-directed,without_addAF_AlphaMissense_f4
NC_000017.11:61849169:C:T,BRIP1,0,0.019178453564783236,0.0,0.0003499453292954978,0.0,0.008999735868855979,0.0,0.010594250765249296,0.0,0.0,0000,0.009780596382046002,0.006062897019830023,25,25,1,Unanimous B/LB-directed,without_addAF_AlphaMissense_f4
NC_000019.10:1223063:A:G,STK11,0,0.02630236185489038,0.0,0.022886834187470798,0.0,0.03200047805968383,0.0,0.010594250765249296,0.0,0.0,0000,0.022945981216823574,0.015715639931656856,25,25,1,Unanimous B/LB-directed,without_addAF_AlphaMissense_f4
NC_000002.12:214780616:A:T,BARD1,0,0.03729865680645459,0.0,0.0012111601807098505,0.0,0.0021280902401425313,0.0,0.010594250765249296,0.0,0.0,0000,0.012808039498139067,0.008191033851447666,24,25,1,Unanimous B/LB-directed,without_addAF_AlphaMissense_f4
NC_000022.11:28711910:C:T,CHEK2,0,0.05959363461610985,0.0,0.001425855059630586,0.0,0.006295323114956093,0.0,0.013726182329204948,0.0,0.0,0000,0.02026024877997537,0.013672499795625511,24,25,1,Unanimous B/LB-directed,without_addAF_AlphaMissense_f4
NC_000022.11:28719434:C:A,CHEK2,0,0.02989886343069911,0.0,0.00632489902223213,0.0,0.02876063719148895,0.0,0.010594250765249296,0.0,0.0,0000,0.01889466260241737,0.012646180740627384,24,25,1,Unanimous B/LB-directed,without_addAF_AlphaMissense_f4
NC_000008.11:89946195:G:C,NBN,0,0.050855507197618575,0.0,9.679097142918484e-05,0.0,0.0022801944274593844,0.0,0.013912107883256319,0.0,0.0,0000,0.016786150119940866,0.011079555889683703,24,25,1,Unanimous B/LB-directed,without_addAF_AlphaMissense_f4
NC_000008.11:89953429:C:G,NBN,0,0.05761878978181198,0.0,0.00022068649345945425,0.0,0.0014941258778685832,0.0,0.010594250765249296,0.0,0.0,0000,0.017481963229597327,0.011594023305297824,24,25,1,Unanimous B/LB-directed,without_addAF_AlphaMissense_f4
NC_000008.11:89971254:C:T,NBN,0,0.041324870310071184,0.0,0.005205262075435814,0.0,0.010184335333802853,0.0,0.010594250765249296,0.0,0.0,0000,0.016827179621139787,0.011109820971938763,24,25,1,Unanimous B/LB-directed,without_addAF_AlphaMissense_f4
NC_000009.12:95107246:C:T,FANCC,0,0.019599015217024694,0.0,0.00012698353005931686,0.0,0.00038925607222569324,0.0,0.010594250765249296,0.0,0.0,0000,0.007677376396139749,0.004628742517715322,25,25,1,Unanimous B/LB-directed,without_addAF_AlphaMissense_f4
NC_000009.12:95114707:T:C,FANCC,0,0.05434434191337336,0.0,7.407433400419203e-05,0.0,0.00036728148417819657,0.0,0.012633843073535822,0.0,0.0,0000,0.016854885201272894,0.01113026286387762,25,25,1,Unanimous B/LB-directed,without_addAF_AlphaMissense_f4
NC_000009.12:95249274:A:G,FANCC,0,0.04179781815875148,0.0,0.00033440142408247043,0.0,0.00037122981550540994,0.0,0.010594250765249296,0.0,0.0,0000,0.013274425040897162,0.008524661226777199,24,25,1,Unanimous B/LB-directed,without_addAF_AlphaMissense_f4
