SPDI,Gene,y,p_SVM_RBF,vote_SVM_RBF,p_ENET_LR,vote_ENET_LR,p_EXTRA_TREES,vote_EXTRA_TREES,p_HIST_GB,vote_HIST_GB,V,vote_vector,Mean4,S_MAC,n_observed_panel,panel_size,complete_flag,directional_descriptor,partition
NC_000010.11:87925556:T:C,PTEN,1,0.995619734132945,1.0,0.9966721342302461,1.0,0.9999999944673961,1.0,0.9968516118350829,1.0,4.0,1111,0.9972858686664176,0.9988439959156609,24,25,1,Unanimous LP/P-directed,without_addAF_AlphaMissense_f5
NC_000010.11:87933126:A:G,PTEN,1,0.9949656332444131,1.0,0.9968158191737638,1.0,0.9999999944673961,1.0,0.996605191941267,1.0,4.0,1111,0.99709665970671,0.9987516698233153,25,25,1,Unanimous LP/P-directed,without_addAF_AlphaMissense_f5
NC_000010.11:87933128:T:C,PTEN,1,0.9944500496578631,1.0,0.9968382839473078,1.0,0.9999999944673961,1.0,0.996605191941267,1.0,4.0,1111,0.9969733800034586,0.9986910503344772,25,25,1,Unanimous LP/P-directed,without_addAF_AlphaMissense_f5
NC_000010.11:87952134:T:A,PTEN,1,0.9941168255259324,1.0,0.9950868091968521,1.0,0.9999999944673961,1.0,0.9968516118350829,1.0,4.0,1111,0.9965138102563159,0.9984620624391422,25,25,1,Unanimous LP/P-directed,without_addAF_AlphaMissense_f5
NC_000010.11:87957939:T:C,PTEN,1,0.994824817715524,1.0,0.9313124413513726,1.0,0.9974418683028374,1.0,0.99580755185222,1.0,4.0,1111,0.9798466698054885,0.9885613680495836,25,25,1,Unanimous LP/P-directed,without_addAF_AlphaMissense_f5
NC_000011.10:108244999:C:T,ATM,1,0.984079762309232,1.0,0.9247192939480037,1.0,0.9834846968976904,1.0,0.993113302710206,1.0,4.0,1111,0.971349263966283,0.9828566626537877,25,25,1,Unanimous LP/P-directed,without_addAF_AlphaMissense_f5
NC_000011.10:108272590:T:C,ATM,1,0.9963088266968303,1.0,0.9179095013940116,1.0,0.9981247619183125,1.0,0.9942112631549919,1.0,4.0,1111,0.9766385882910367,0.9864452033695993,25,25,1,Unanimous LP/P-directed,without_addAF_AlphaMissense_f5
NC_000011.10:108315910:G:A,ATM,1,0.9667938483285096,1.0,0.9992972109698627,1.0,0.9667082289823806,1.0,0.9914308291757421,1.0,4.0,1111,0.9810575293641237,0.989346923742294,24,25,1,Unanimous LP/P-directed,without_addAF_AlphaMissense_f5
NC_000011.10:108365359:G:A,ATM,1,0.8234437892333126,1.0,0.9604390996891471,1.0,0.6663362039379834,1.0,0.8967933187671038,1.0,4.0,1111,0.8367531029068869,0.8696898001185247,25,25,1,Unanimous LP/P-directed,without_addAF_AlphaMissense_f5
NC_000013.11:32362594:G:C,BRCA2,1,0.9975633888445191,1.0,0.9709623380845839,1.0,0.9999999944673961,1.0,0.9945972318278522,1.0,4.0,1111,0.9907807383060878,0.9953311762126814,22,25,1,Unanimous LP/P-directed,without_addAF_AlphaMissense_f5
NC_000013.11:32363389:G:C,BRCA2,1,0.9877922663052486,1.0,0.8510863820157166,1.0,0.9954278973756134,1.0,0.9840805214944608,1.0,4.0,1111,0.9545967667977597,0.9708281260518662,22,25,1,Unanimous LP/P-directed,without_addAF_AlphaMissense_f5
NC_000016.10:68822189:C:T,CDH1,1,0.9393083102139843,1.0,0.9493124336420419,1.0,0.8886317302424932,1.0,0.9112470879586089,1.0,4.0,1111,0.922124890514282,0.945389812229412,25,25,1,Unanimous LP/P-directed,without_addAF_AlphaMissense_f5
NC_000016.10:89739478:T:C,FANCA,1,0.9616915535936801,1.0,0.9216744751267437,1.0,0.8327492730700367,1.0,0.966370512768373,1.0,4.0,1111,0.9206214536397084,0.9441571945196138,24,25,1,Unanimous LP/P-directed,without_addAF_AlphaMissense_f5
NC_000016.10:89816613:A:G,FANCA,1,0.9838954129091233,1.0,0.9149735089175385,1.0,0.9989553497346191,1.0,0.9814081033409047,1.0,4.0,1111,0.9698080937255464,0.9817899201587565,22,25,1,Unanimous LP/P-directed,without_addAF_AlphaMissense_f5
NC_000017.11:7670683:C:G,TP53,1,0.9670553205417779,1.0,0.9706599152083477,1.0,0.9820144330143004,1.0,0.9921542765028432,1.0,4.0,1111,0.9779709863168172,0.9873300285139082,25,25,1,Unanimous LP/P-directed,without_addAF_AlphaMissense_f5
NC_000017.11:7670698:C:A,TP53,1,0.9470579071324057,1.0,0.8491127648097266,1.0,0.8260864270986379,1.0,0.8861271049264738,1.0,4.0,1111,0.877096050991811,0.9067815983314985,25,25,1,Unanimous LP/P-directed,without_addAF_AlphaMissense_f5
NC_000017.11:7673763:C:T,TP53,1,0.9992544268956758,1.0,0.9728158861949651,1.0,0.9999999944673961,1.0,0.9968516118350829,1.0,4.0,1111,0.9922304798482801,0.9961605935217303,25,25,1,Unanimous LP/P-directed,without_addAF_AlphaMissense_f5
NC_000017.11:7673780:C:G,TP53,1,0.9956229947721046,1.0,0.9981898273135327,1.0,0.9999999944673961,1.0,0.9968516118350829,1.0,4.0,1111,0.9976661070970291,0.9990267352099504,25,25,1,Unanimous LP/P-directed,without_addAF_AlphaMissense_f5
NC_000017.11:7674215:C:A,TP53,1,0.9919407523541948,1.0,0.9944709746675239,1.0,0.997959722637897,1.0,0.9959939812949107,1.0,4.0,1111,0.9950913577386316,0.9977275349955941,25,25,1,Unanimous LP/P-directed,without_addAF_AlphaMissense_f5
NC_000017.11:7674226:T:C,TP53,1,0.9973733131645893,1.0,0.9799755481678754,1.0,0.9998745383061816,1.0,0.9956175633375207,1.0,4.0,1111,0.9932102407440417,0.9967086375626196,25,25,1,Unanimous LP/P-directed,without_addAF_AlphaMissense_f5
NC_000017.11:7674229:C:A,TP53,1,0.9966202376192215,1.0,0.9912837346286811,1.0,0.9999999944673961,1.0,0.9965128166843931,1.0,4.0,1111,0.9961041958499229,0.9982542866142724,25,25,1,Unanimous LP/P-directed,without_addAF_AlphaMissense_f5
NC_000017.11:7674249:C:T,TP53,1,0.9928762055723716,1.0,0.998011643779105,1.0,0.9999999944673961,1.0,0.9966376142853924,1.0,4.0,1111,0.9968813645260662,0.9986455745289521,25,25,1,Unanimous LP/P-directed,without_addAF_AlphaMissense_f5
NC_000017.11:7674250:A:C,TP53,1,0.9953357121157378,1.0,0.997958309458082,1.0,0.9999999944673961,1.0,0.9966376142853924,1.0,4.0,1111,0.9974829075816521,0.9989391776328839,25,25,1,Unanimous LP/P-directed,without_addAF_AlphaMissense_f5
NC_000017.11:7674871:T:G,TP53,1,0.9987479193746158,1.0,0.9851827517463589,1.0,0.9999999944673961,1.0,0.9965128166843931,1.0,4.0,1111,0.995110870568191,0.9977378426544253,25,25,1,Unanimous LP/P-directed,without_addAF_AlphaMissense_f5
NC_000017.11:7674952:T:C,TP53,1,0.9980339013563965,1.0,0.995320292270458,1.0,0.9999999944673961,1.0,0.9966209131060402,1.0,4.0,1111,0.9974937753000727,0.998944397529982,25,25,1,Unanimous LP/P-directed,without_addAF_AlphaMissense_f5
NC_000017.11:7674953:G:A,TP53,1,0.9958371501737205,1.0,0.9907050222879252,1.0,0.9999999944673961,1.0,0.9963594156163069,1.0,4.0,1111,0.9957253956363372,0.9980593346017114,25,25,1,Unanimous LP/P-directed,without_addAF_AlphaMissense_f5
NC_000017.11:7675121:T:C,TP53,1,0.9971957506588498,1.0,0.9665240018216819,1.0,0.9999154263445968,1.0,0.992009485718398,1.0,4.0,1111,0.9889111661358816,0.9942330455207461,24,25,1,Unanimous LP/P-directed,without_addAF_AlphaMissense_f5
NC_000017.11:7675138:C:G,TP53,1,0.997052723486703,1.0,0.9893234521391894,1.0,0.9999999944673961,1.0,0.9968359702203764,1.0,4.0,1111,0.9958030350784163,0.9980995012377927,25,25,1,Unanimous LP/P-directed,without_addAF_AlphaMissense_f5
NC_000017.11:7675213:A:G,TP53,1,0.7417036972598648,1.0,0.9384231224697156,1.0,0.9874592086231293,1.0,0.9898558657290759,1.0,4.0,1111,0.9143604735204464,0.9389781907256791,25,25,1,Unanimous LP/P-directed,without_addAF_AlphaMissense_f5
NC_000017.11:7675220:T:A,TP53,1,0.9942332658027886,1.0,0.9526008250069382,1.0,0.9959113248526059,1.0,0.9958931680354889,1.0,4.0,1111,0.9846596459244553,0.9916364253149071,25,25,1,Unanimous LP/P-directed,without_addAF_AlphaMissense_f5
NC_000017.11:7675231:G:A,TP53,1,0.9976502860181636,1.0,0.9865145603125226,1.0,0.9999999944673961,1.0,0.9968387257609718,1.0,4.0,1111,0.9952508916397635,0.9978116342926515,25,25,1,Unanimous LP/P-directed,without_addAF_AlphaMissense_f5
NC_000017.11:43063371:C:A,BRCA1,1,0.9977742175328256,1.0,0.9781727540617673,1.0,0.9999999944673961,1.0,0.9966376142853924,1.0,4.0,1111,0.9931461450868454,0.9966731191629306,24,25,1,Unanimous LP/P-directed,without_addAF_AlphaMissense_f5
NC_000017.11:43063902:G:T,BRCA1,1,0.9968333263967581,1.0,0.9929694401905684,1.0,0.9998745383061816,1.0,0.9960545402264716,1.0,4.0,1111,0.9964329612799949,0.9984213149168498,25,25,1,Unanimous LP/P-directed,without_addAF_AlphaMissense_f5
NC_000017.11:43067615:A:C,BRCA1,1,0.9978930395549995,1.0,0.9960327019360591,1.0,0.9987432982859821,1.0,0.9937656180130139,1.0,4.0,1111,0.9966086644475136,0.9985096971412701,25,25,1,Unanimous LP/P-directed,without_addAF_AlphaMissense_f5
NC_000017.11:43067623:A:T,BRCA1,1,0.9957166961258581,1.0,0.9822486446554439,1.0,0.9707041363486686,1.0,0.988796480157544,1.0,4.0,1111,0.9843664893218786,0.9914529277376498,25,25,1,Unanimous LP/P-directed,without_addAF_AlphaMissense_f5
NC_000017.11:43071045:G:C,BRCA1,1,0.7305875265139905,1.0,0.998296935654177,1.0,0.6812304848019057,1.0,0.6006997371162943,1.0,4.0,1111,0.7527036710215919,0.7866631672263023,25,25,1,Unanimous LP/P-directed,without_addAF_AlphaMissense_f5
NC_000017.11:43106476:C:T,BRCA1,1,0.9977797551521826,1.0,0.9944653898985905,1.0,0.9999999944673961,1.0,0.9968516118350829,1.0,4.0,1111,0.997274187838313,0.9988383218886677,25,25,1,Unanimous LP/P-directed,without_addAF_AlphaMissense_f5
NC_000017.11:43106477:A:C,BRCA1,1,0.9866040532386372,1.0,0.9998768564924044,1.0,0.9999999944673961,1.0,0.9964294630923487,1.0,4.0,1111,0.9957275918226967,0.99806047223921,25,25,1,Unanimous LP/P-directed,without_addAF_AlphaMissense_f5
NC_000017.11:58696701:G:C,RAD51C,1,0.8543099590485805,1.0,0.8783918048029754,1.0,0.5724410472269831,1.0,0.34160032705900145,0.0,3.0,1110,0.6616857845343851,0.6902883147297177,25,25,1,Mixed votes,without_addAF_AlphaMissense_f5
NC_000019.10:1220487:G:T,STK11,1,0.9883915493158298,1.0,0.991442790191586,1.0,0.9999999944673961,1.0,0.9967805566579142,1.0,4.0,1111,0.9941537226581815,0.9972256152624542,25,25,1,Unanimous LP/P-directed,without_addAF_AlphaMissense_f5
NC_000019.10:1220699:G:C,STK11,1,0.9850204149577027,1.0,0.9962340817451071,1.0,0.9999999944673961,1.0,0.9968516118350829,1.0,4.0,1111,0.9945265257513222,0.9974266833446637,25,25,1,Unanimous LP/P-directed,without_addAF_AlphaMissense_f5
NC_000022.11:28695799:T:G,CHEK2,1,0.9912742528164014,1.0,0.9703529042607814,1.0,0.9981428550899508,1.0,0.9954793300368435,1.0,4.0,1111,0.9888123355509943,0.9941741815168725,24,25,1,Unanimous LP/P-directed,without_addAF_AlphaMissense_f5
NC_000010.11:87864503:A:C,PTEN,1,0.964466978378413,1.0,0.897407964953343,1.0,0.8652456397236825,1.0,0.9691250470327095,1.0,4.0,1111,0.924061407522037,0.9469710447763908,25,25,1,Unanimous LP/P-directed,without_addAF_AlphaMissense_f5
NC_000010.11:87864545:C:A,PTEN,1,0.9952909613335961,1.0,0.9775584186027504,1.0,0.9924125347229384,1.0,0.9949906218819192,1.0,4.0,1111,0.9900631341353011,0.9949132474836998,25,25,1,Unanimous LP/P-directed,without_addAF_AlphaMissense_f5
NC_000010.11:87894024:A:G,PTEN,1,0.9965142823865883,1.0,0.9872148747597966,1.0,0.9999999944673961,1.0,0.9965214165848633,1.0,4.0,1111,0.9950626420496611,0.9977123552165076,24,25,1,Unanimous LP/P-directed,without_addAF_AlphaMissense_f5
NC_000010.11:87894047:A:G,PTEN,1,0.9994197716649817,1.0,0.9994568598039725,1.0,0.9998745383061816,1.0,0.996378560811662,1.0,4.0,1111,0.9987824326466994,0.9995363255562404,25,25,1,Unanimous LP/P-directed,without_addAF_AlphaMissense_f5
NC_000010.11:87894051:G:A,PTEN,1,0.9961232772113902,1.0,0.9985528913668265,1.0,0.9999999944673961,1.0,0.9968516118350829,1.0,4.0,1111,0.9978819437201739,0.9991286472063661,25,25,1,Unanimous LP/P-directed,without_addAF_AlphaMissense_f5
NC_000010.11:87894057:C:T,PTEN,1,0.9906148591811431,1.0,0.9999022957221808,1.0,0.9998745383061816,1.0,0.9967063656570562,1.0,4.0,1111,0.9967745147166405,0.9985925280870781,25,25,1,Unanimous LP/P-directed,without_addAF_AlphaMissense_f5
NC_000010.11:87925545:G:T,PTEN,1,0.9970518213893809,1.0,0.9929989823542266,1.0,0.9999999944673961,1.0,0.9965057912736611,1.0,4.0,1111,0.9966391473711661,0.9985249653744995,25,25,1,Unanimous LP/P-directed,without_addAF_AlphaMissense_f5
NC_000010.11:87925550:A:G,PTEN,1,0.9945988252593325,1.0,0.996360677847924,1.0,0.9999999944673961,1.0,0.9968096380561711,1.0,4.0,1111,0.996942283907706,0.9986757037000004,25,25,1,Unanimous LP/P-directed,without_addAF_AlphaMissense_f5
NC_000010.11:87931047:G:A,PTEN,1,0.9869933361624683,1.0,0.9958354915926481,1.0,0.9999999944673961,1.0,0.9968516118350829,1.0,4.0,1111,0.9949201085143989,0.9976368219641792,25,25,1,Unanimous LP/P-directed,without_addAF_AlphaMissense_f5
NC_000010.11:87933027:T:C,PTEN,1,0.9973065748472956,1.0,0.9954402746468919,1.0,0.9999999944673961,1.0,0.9968516118350829,1.0,4.0,1111,0.9973996139491667,0.9988990657361679,25,25,1,Unanimous LP/P-directed,without_addAF_AlphaMissense_f5
NC_000010.11:87933033:A:C,PTEN,1,0.9980540428835608,1.0,0.9981907862672188,1.0,0.9999999944673961,1.0,0.9968096380561711,1.0,4.0,1111,0.9982636154185867,0.9993052141873557,25,25,1,Unanimous LP/P-directed,without_addAF_AlphaMissense_f5
NC_000010.11:87933035:C:T,PTEN,1,0.998323318835872,1.0,0.9961176769423122,1.0,0.9999999944673961,1.0,0.9968096380561711,1.0,4.0,1111,0.997812657075438,0.9990960846707818,25,25,1,Unanimous LP/P-directed,without_addAF_AlphaMissense_f5
NC_000010.11:87933080:C:T,PTEN,1,0.9922538202529966,1.0,0.9776497486029655,1.0,0.9899415183702035,1.0,0.9926614765029992,1.0,4.0,1111,0.9881266409322912,0.9937636699976834,25,25,1,Unanimous LP/P-directed,without_addAF_AlphaMissense_f5
NC_000010.11:87933113:G:C,PTEN,1,0.9966581108056293,1.0,0.9890116082892607,1.0,0.9999999944673961,1.0,0.9957550190970896,1.0,4.0,1111,0.995356183164844,0.9978669184182133,25,25,1,Unanimous LP/P-directed,without_addAF_AlphaMissense_f5
NC_000010.11:87933119:G:C,PTEN,1,0.9974975847479933,1.0,0.992027184457829,1.0,0.9999999944673961,1.0,0.9961741660692751,1.0,4.0,1111,0.9964247324356234,0.9984171601875115,25,25,1,Unanimous LP/P-directed,without_addAF_AlphaMissense_f5
NC_000010.11:87933125:C:G,PTEN,1,0.9949713977162645,1.0,0.9966399793900882,1.0,0.9999999944673961,1.0,0.9966376142853924,1.0,4.0,1111,0.9970622464647853,0.9987347840876981,25,25,1,Unanimous LP/P-directed,without_addAF_AlphaMissense_f5
NC_000010.11:87933128:T:A,PTEN,1,0.9953472761135262,1.0,0.9950455612702008,1.0,0.9999999944673961,1.0,0.9968506553122927,1.0,4.0,1111,0.9968108717908539,0.9986106062871988,25,25,1,Unanimous LP/P-directed,without_addAF_AlphaMissense_f5
NC_000010.11:87933129:G:A,PTEN,1,0.9901330017868443,1.0,0.9970793074663002,1.0,0.9999999944673961,1.0,0.9968516118350829,1.0,4.0,1111,0.9960159788889059,0.9982091176211537,25,25,1,Unanimous LP/P-directed,without_addAF_AlphaMissense_f5
NC_000010.11:87933135:C:A,PTEN,1,0.99810193564564,1.0,0.9958773030322212,1.0,0.9999999944673961,1.0,0.99628948108593,1.0,4.0,1111,0.9975671785577969,0.9989795696702499,25,25,1,Unanimous LP/P-directed,without_addAF_AlphaMissense_f5
NC_000010.11:87933140:A:G,PTEN,1,0.9970176011805874,1.0,0.9949666948103075,1.0,0.9999999944673961,1.0,0.9968516118350829,1.0,4.0,1111,0.9972089755733434,0.9988065817490872,25,25,1,Unanimous LP/P-directed,without_addAF_AlphaMissense_f5
NC_000010.11:87933144:GA:TT,PTEN,1,,,,,,,,,,,,,1,25,0,,without_addAF_AlphaMissense_f5
NC_000010.11:87933159:T:C,PTEN,1,0.9978865896841657,1.0,0.9943020796436806,1.0,0.9999999944673961,1.0,0.9968516118350829,1.0,4.0,1111,0.9972600689075813,0.9988314589452055,25,25,1,Unanimous LP/P-directed,without_addAF_AlphaMissense_f5
NC_000010.11:87933165:G:T,PTEN,1,0.9923039104532428,1.0,0.9965015262620539,1.0,0.9999999944673961,1.0,0.9968516118350829,1.0,4.0,1111,0.996414260754444,0.9984118710845493,25,25,1,Unanimous LP/P-directed,without_addAF_AlphaMissense_f5
NC_000010.11:87933180:A:T,PTEN,1,0.9960674986000246,1.0,0.9955518272538367,1.0,0.9999999944673961,1.0,0.9959634441631048,1.0,4.0,1111,0.9968956911210906,0.9986526676723068,25,25,1,Unanimous LP/P-directed,without_addAF_AlphaMissense_f5
NC_000010.11:87933219:T:G,PTEN,1,0.9921387285520802,1.0,0.9556933352184132,1.0,0.9997609503895749,1.0,0.9953579621022763,1.0,4.0,1111,0.9857377440655861,0.9923065962434762,25,25,1,Unanimous LP/P-directed,without_addAF_AlphaMissense_f5
NC_000010.11:87933222:A:G,PTEN,1,0.9965248568275669,1.0,0.9974734925409044,1.0,0.9999999944673961,1.0,0.9968516118350829,1.0,4.0,1111,0.9977124889177377,0.9990487521013671,25,25,1,Unanimous LP/P-directed,without_addAF_AlphaMissense_f5
NC_000010.11:87933234:G:A,PTEN,1,0.997749133992554,1.0,0.9971582859436218,1.0,0.9999999944673961,1.0,0.9967805566579142,1.0,4.0,1111,0.9979219927653715,0.9991474009534752,25,25,1,Unanimous LP/P-directed,without_addAF_AlphaMissense_f5
NC_000010.11:87952132:A:C,PTEN,1,0.995230511153252,1.0,0.9954401728405765,1.0,0.9999999944673961,1.0,0.9966971542420031,1.0,4.0,1111,0.996841958175807,0.9986260405039012,25,25,1,Unanimous LP/P-directed,without_addAF_AlphaMissense_f5
NC_000010.11:87952134:T:G,PTEN,1,0.9943799569660438,1.0,0.9951220409069501,1.0,0.9999999944673961,1.0,0.9968516118350829,1.0,4.0,1111,0.9965884010438683,0.9984995368267412,25,25,1,Unanimous LP/P-directed,without_addAF_AlphaMissense_f5
NC_000010.11:87952142:G:A,PTEN,1,0.9947029715745791,1.0,0.9967534284765249,1.0,0.9998745383061816,1.0,0.9965950218360196,1.0,4.0,1111,0.9969814900483263,0.9986950491599542,25,25,1,Unanimous LP/P-directed,without_addAF_AlphaMissense_f5
NC_000010.11:87952145:A:G,PTEN,1,0.9906799986822883,1.0,0.9952562625677546,1.0,0.9999999944673961,1.0,0.9966971542420031,1.0,4.0,1111,0.9956583524898606,0.9980245657724671,25,25,1,Unanimous LP/P-directed,without_addAF_AlphaMissense_f5
NC_000010.11:87952147:G:A,PTEN,1,0.993124877731262,1.0,0.9934379608266076,1.0,0.9996752844750211,1.0,0.9966226986996815,1.0,4.0,1111,0.9957152054331431,0.9980540549224167,25,25,1,Unanimous LP/P-directed,without_addAF_AlphaMissense_f5
NC_000010.11:87952229:C:T,PTEN,1,0.9857318413993386,1.0,0.9187156722946906,1.0,0.9928702330602089,1.0,0.9918094853941286,1.0,4.0,1111,0.9722818080370916,0.9834976840180849,25,25,1,Unanimous LP/P-directed,without_addAF_AlphaMissense_f5
NC_000010.11:87952257:C:G,PTEN,1,0.9793110660513656,1.0,0.9668326073582044,1.0,0.9973023044929484,1.0,0.9950104065479306,1.0,4.0,1111,0.9846140961126123,0.9916079488043323,25,25,1,Unanimous LP/P-directed,without_addAF_AlphaMissense_f5
NC_000010.11:87957978:A:C,PTEN,1,0.9979333343711618,1.0,0.9900542007060501,1.0,0.9999999944673961,1.0,0.9960559255319362,1.0,4.0,1111,0.996010863769136,0.9982064941552199,25,25,1,Unanimous LP/P-directed,without_addAF_AlphaMissense_f5
NC_000010.11:87957981:T:A,PTEN,1,0.9975595430622431,1.0,0.9867510469059786,1.0,0.9999999944673961,1.0,0.9961741660692751,1.0,4.0,1111,0.9951211876262233,0.9977432902567771,25,25,1,Unanimous LP/P-directed,without_addAF_AlphaMissense_f5
NC_000010.11:87957981:T:G,PTEN,1,0.9969150376414627,1.0,0.9792690499690458,1.0,0.9999999944673961,1.0,0.9961741660692751,1.0,4.0,1111,0.9930895620367949,0.9966417236489731,25,25,1,Unanimous LP/P-directed,without_addAF_AlphaMissense_f5
NC_000011.10:108227695:G:C,ATM,1,0.9850711909932148,1.0,0.960989707805005,1.0,0.9438160278070152,1.0,0.9155713680347802,1.0,4.0,1111,0.9513620736600039,0.9684076559354348,25,25,1,Unanimous LP/P-directed,without_addAF_AlphaMissense_f5
NC_000011.10:108229323:G:T,ATM,1,,,,,,,,,,,,,2,25,0,,without_addAF_AlphaMissense_f5
NC_000011.10:108317376:T:C,ATM,1,0.9821031375967437,1.0,0.9912138449949671,1.0,0.9755126588215144,1.0,0.993628994297114,1.0,4.0,1111,0.9856146589275848,0.9922304615134911,25,25,1,Unanimous LP/P-directed,without_addAF_AlphaMissense_f5
NC_000011.10:108327757:G:C,ATM,1,0.926838042711454,1.0,0.9391152379478349,1.0,0.8784851152748147,1.0,0.9623681120467377,1.0,4.0,1111,0.9267016269952103,0.9491149597519544,25,25,1,Unanimous LP/P-directed,without_addAF_AlphaMissense_f5
NC_000011.10:108329111:C:T,ATM,1,0.8086604611755339,1.0,0.7637091661578426,1.0,0.8119558420288079,1.0,0.8700586347697227,1.0,4.0,1111,0.8135960260329768,0.8475178812267967,25,25,1,Unanimous LP/P-directed,without_addAF_AlphaMissense_f5
NC_000011.10:108332898:A:T,ATM,1,0.9906333914835064,1.0,0.9944080567743022,1.0,0.9010766097184663,1.0,0.9907309874046913,1.0,4.0,1111,0.9692122613452415,0.9813751108434134,24,25,1,Unanimous LP/P-directed,without_addAF_AlphaMissense_f5
NC_000011.10:108333942:T:A,ATM,1,0.998832083158859,1.0,0.9669157213453786,1.0,0.9998745383061816,1.0,0.996738116309949,1.0,4.0,1111,0.990590114780092,0.9952206118116762,25,25,1,Unanimous LP/P-directed,without_addAF_AlphaMissense_f5
NC_000011.10:108333954:C:A,ATM,1,0.9855290486482791,1.0,0.9347187664641222,1.0,0.9841706935665728,1.0,0.99143692988592,1.0,4.0,1111,0.9739638596412236,0.9846451101016823,25,25,1,Unanimous LP/P-directed,without_addAF_AlphaMissense_f5
NC_000011.10:108335081:T:A,ATM,1,0.9436435868176414,1.0,0.9249098908809359,1.0,0.9823681054193613,1.0,0.9935848497442032,1.0,4.0,1111,0.9611266082155354,0.9756236023642854,25,25,1,Unanimous LP/P-directed,without_addAF_AlphaMissense_f5
NC_000011.10:108335104:T:C,ATM,1,0.990134587654284,1.0,0.9548136486474752,1.0,0.9735671936043223,1.0,0.9929760617603935,1.0,4.0,1111,0.9778728729166188,0.9872651537003374,24,25,1,Unanimous LP/P-directed,without_addAF_AlphaMissense_f5
NC_000011.10:108345869:G:C,ATM,1,0.9954689911215812,1.0,0.9942216731039409,1.0,0.9999377099551539,1.0,0.9968516118350829,1.0,4.0,1111,0.9966199965039397,0.9985153754105017,25,25,1,Unanimous LP/P-directed,without_addAF_AlphaMissense_f5
NC_000013.11:32326281:G:T,BRCA2,1,0.9768583633822854,1.0,0.9885401173768927,1.0,0.9663167214098097,1.0,0.9490074519716828,1.0,4.0,1111,0.9701806635351676,0.9820486251441375,22,25,1,Unanimous LP/P-directed,without_addAF_AlphaMissense_f5
NC_000013.11:32341017:C:G,BRCA2,1,0.009228429600569611,0.0,0.007893064688639,0.0,0.0012182737671447138,0.0,0.006577047217770535,0.0,0.0,0000,0.006229203818530964,0.0032165925689125407,22,25,1,Unanimous B/LB-directed,without_addAF_AlphaMissense_f5
NC_000013.11:32362594:G:T,BRCA2,1,0.9974250641485558,1.0,0.9702023626595094,1.0,0.9999999944673961,1.0,0.9945972318278522,1.0,4.0,1111,0.9905561632758283,0.9952008845357748,22,25,1,Unanimous LP/P-directed,without_addAF_AlphaMissense_f5
NC_000013.11:32362674:T:C,BRCA2,1,0.9971886597803495,1.0,0.9617662257826232,1.0,0.9999999944673961,1.0,0.9955573926812931,1.0,4.0,1111,0.9886280681779155,0.9940642241055667,22,25,1,Unanimous LP/P-directed,without_addAF_AlphaMissense_f5
NC_000013.11:32363179:T:G,BRCA2,1,0.9985685802058477,1.0,0.9639131873241583,1.0,0.9999377099551539,1.0,0.9957610067199981,1.0,4.0,1111,0.9895451210512896,0.9946087495565201,22,25,1,Unanimous LP/P-directed,without_addAF_AlphaMissense_f5
NC_000013.11:32363368:G:C,BRCA2,1,0.998471190503113,1.0,0.9607668615367674,1.0,0.9999999944673961,1.0,0.9958544704329988,1.0,4.0,1111,0.9887731292350688,0.9941508085044312,22,25,1,Unanimous LP/P-directed,without_addAF_AlphaMissense_f5
NC_000013.11:32363369:A:T,BRCA2,1,0.9983413769087168,1.0,0.9363308347919165,1.0,0.9999999944673961,1.0,0.9958544704329988,1.0,4.0,1111,0.982631669150257,0.9903565223146383,22,25,1,Unanimous LP/P-directed,without_addAF_AlphaMissense_f5
NC_000013.11:32363371:G:T,BRCA2,1,0.9939836996179812,1.0,0.9100977114786465,1.0,0.9814080691690492,1.0,0.9517550040927639,1.0,4.0,1111,0.9593111210896101,0.9743030237453126,22,25,1,Unanimous LP/P-directed,without_addAF_AlphaMissense_f5
NC_000013.11:32363378:A:G,BRCA2,1,0.9944847720940203,1.0,0.8714853827135368,1.0,0.9969339113935014,1.0,0.9951107872541691,1.0,4.0,1111,0.9645037133638068,0.9780525096370852,22,25,1,Unanimous LP/P-directed,without_addAF_AlphaMissense_f5
NC_000013.11:32370555:A:G,BRCA2,1,0.8898428067634192,1.0,0.95854308971647,1.0,0.6476233722651602,1.0,0.832167747572701,1.0,4.0,1111,0.8320442540794375,0.8652297214382929,22,25,1,Unanimous LP/P-directed,without_addAF_AlphaMissense_f5
NC_000013.11:32379877:G:C,BRCA2,1,0.04150123360901648,0.0,0.04110725395411763,0.0,0.018334492448174543,0.0,0.013967871247950044,0.0,0.0,0000,0.028727712814814673,0.0185232446365768,22,25,1,Unanimous B/LB-directed,without_addAF_AlphaMissense_f5
NC_000013.11:32380042:C:T,BRCA2,1,0.9959688127520424,1.0,0.9830015689464068,1.0,0.9947196822214173,1.0,0.9857640253093802,1.0,4.0,1111,0.9898635223073116,0.994796184073667,22,25,1,Unanimous LP/P-directed,without_addAF_AlphaMissense_f5
NC_000013.11:32380115:G:T,BRCA2,1,0.9901818404071506,1.0,0.8983863767093442,1.0,0.9914840489968321,1.0,0.9943122239888391,1.0,4.0,1111,0.9685911225255415,0.9809412924987038,22,25,1,Unanimous LP/P-directed,without_addAF_AlphaMissense_f5
NC_000013.11:32380142:CA:TT,BRCA2,1,,,,,,,,,,,,,0,25,0,,without_addAF_AlphaMissense_f5
NC_000013.11:32394716:C:A,BRCA2,1,0.9792607924470674,1.0,0.8757918967722976,1.0,0.9676341633502913,1.0,0.9762835257632602,1.0,4.0,1111,0.9497425945832291,0.9671852746719389,22,25,1,Unanimous LP/P-directed,without_addAF_AlphaMissense_f5
NC_000015.10:90794309:T:C,BLM,1,0.9849432493684955,1.0,0.9883475645106273,1.0,0.996400524211631,1.0,0.9964370581061984,1.0,4.0,1111,0.991532099049238,0.9957636412116079,25,25,1,Unanimous LP/P-directed,without_addAF_AlphaMissense_f5
NC_000016.10:23641155:A:T,PALB2,1,0.971788168038212,1.0,0.8703615620855474,1.0,0.8736101702648533,1.0,0.5932580476424663,1.0,4.0,1111,0.8272544870077698,0.8606671118650326,21,25,1,Unanimous LP/P-directed,without_addAF_AlphaMissense_f5
NC_000016.10:68737415:A:T,CDH1,1,0.9745464483707293,1.0,0.9778089707102561,1.0,0.9891025460208188,1.0,0.9895502361541719,1.0,4.0,1111,0.9827520503139939,0.9904331670159957,22,25,1,Unanimous LP/P-directed,without_addAF_AlphaMissense_f5
NC_000016.10:68819416:C:G,CDH1,1,0.03407744387192365,0.0,0.5754939228088964,0.0,0.04327531315974742,0.0,0.09842165618944267,0.0,0.0,0000,0.18781708400750255,0.1639658519187089,24,25,1,Unanimous B/LB-directed,without_addAF_AlphaMissense_f5
NC_000016.10:68819424:G:A,CDH1,1,0.8455734656166463,1.0,0.8796851899116319,1.0,0.6016086676046686,1.0,0.5120334537355281,1.0,4.0,1111,0.7097251942171187,0.7418465030401953,23,25,1,Unanimous LP/P-directed,without_addAF_AlphaMissense_f5
NC_000016.10:89738883:C:A,FANCA,1,,,,,,,,,,,,,12,25,0,,without_addAF_AlphaMissense_f5
NC_000016.10:89744973:C:G,FANCA,1,0.12583967322616818,0.0,0.2448526580311261,0.0,0.13148905087549476,0.0,0.390820259952093,0.0,0.0,0000,0.22325041052122052,0.20076909845295454,25,25,1,Unanimous B/LB-directed,without_addAF_AlphaMissense_f5
NC_000016.10:89746888:C:G,FANCA,1,0.9099777332960474,1.0,0.6723939590179487,0.0,0.853283747864884,1.0,0.967456548778193,1.0,3.0,1011,0.8507779972392683,0.8828187489783728,25,25,1,Mixed votes,without_addAF_AlphaMissense_f5
NC_000016.10:89749805:G:C,FANCA,1,0.9986841409777889,1.0,0.9916960906654748,1.0,0.9306858048324038,1.0,0.9806190647404929,1.0,4.0,1111,0.9754212753040401,0.985629795260432,25,25,1,Unanimous LP/P-directed,without_addAF_AlphaMissense_f5
NC_000016.10:89762006:A:G,FANCA,1,0.99959947611489,1.0,0.9919787536562809,1.0,0.9998745383061816,1.0,0.9952437356094334,1.0,4.0,1111,0.9966741259216965,0.998542461112927,25,25,1,Unanimous LP/P-directed,without_addAF_AlphaMissense_f5
NC_000016.10:89767228:G:C,FANCA,1,0.9932252072084844,1.0,0.9703575387025387,1.0,0.755163860523185,1.0,0.970696750738886,1.0,4.0,1111,0.9223608392932735,0.9455828631321257,25,25,1,Unanimous LP/P-directed,without_addAF_AlphaMissense_f5
NC_000016.10:89770191:G:A,FANCA,1,0.999354595245517,1.0,0.9980659971338287,1.0,0.992011838547506,1.0,0.9956308634907882,1.0,4.0,1111,0.99626582360441,0.9983366633289913,25,25,1,Unanimous LP/P-directed,without_addAF_AlphaMissense_f5
NC_000016.10:89778834:C:T,FANCA,1,0.5194592528285338,1.0,0.7373402966590236,0.0,0.6548215464038262,1.0,0.8318406160093176,1.0,3.0,1011,0.6858654279751752,0.7164129063757889,25,25,1,Mixed votes,without_addAF_AlphaMissense_f5
NC_000016.10:89791453:C:G,FANCA,1,0.907966640902868,1.0,0.7073401568278114,0.0,0.729883151685519,1.0,0.9655548309449961,1.0,3.0,1011,0.8276861950902986,0.861079401950199,25,25,1,Mixed votes,without_addAF_AlphaMissense_f5
NC_000016.10:89791457:C:G,FANCA,1,0.9995040544742864,1.0,0.9915805736082586,1.0,0.9997609503895749,1.0,0.9943037888672016,1.0,4.0,1111,0.9962873418348304,0.9983475926733881,25,25,1,Unanimous LP/P-directed,without_addAF_AlphaMissense_f5
NC_000016.10:89791458:G:A,FANCA,1,0.9996408373446318,1.0,0.9963523809606535,1.0,0.998442680888608,1.0,0.9954814043171435,1.0,4.0,1111,0.9974793258777592,0.9989374565983612,25,25,1,Unanimous LP/P-directed,without_addAF_AlphaMissense_f5
NC_000016.10:89791931:A:C,FANCA,1,0.5310333670371089,1.0,0.9031368541415301,1.0,0.8005702451588866,1.0,0.9715686794438891,1.0,4.0,1111,0.8015772864453536,0.835784926003149,25,25,1,Unanimous LP/P-directed,without_addAF_AlphaMissense_f5
NC_000016.10:89816613:A:C,FANCA,1,0.9849963604743632,1.0,0.9886448062708549,1.0,0.9925750480007886,1.0,0.9860645657029322,1.0,4.0,1111,0.9880701951122348,0.9937297159742332,22,25,1,Unanimous LP/P-directed,without_addAF_AlphaMissense_f5
NC_000017.11:7673777:T:G,TP53,1,0.995866617978425,1.0,0.9883770908474201,1.0,0.9999999944673961,1.0,0.9968516118350829,1.0,4.0,1111,0.995273828782081,0.9978236927429016,25,25,1,Unanimous LP/P-directed,without_addAF_AlphaMissense_f5
NC_000017.11:7673787:G:A,TP53,1,0.9966318684989157,1.0,0.9824462910796526,1.0,0.9999999944673961,1.0,0.996275877085731,1.0,4.0,1111,0.9938385077829239,0.9970541491615194,25,25,1,Unanimous LP/P-directed,without_addAF_AlphaMissense_f5
NC_000017.11:7673795:C:A,TP53,1,0.996033125798041,1.0,0.9953906841347007,1.0,0.9999999944673961,1.0,0.9968516118350829,1.0,4.0,1111,0.9970688540588052,0.998738028457975,25,25,1,Unanimous LP/P-directed,without_addAF_AlphaMissense_f5
NC_000017.11:7673801:C:A,TP53,1,0.9985187576690121,1.0,0.9920200488148059,1.0,0.9999999944673961,1.0,0.9968359702203764,1.0,4.0,1111,0.9968436927928975,0.9986269010982175,25,25,1,Unanimous LP/P-directed,without_addAF_AlphaMissense_f5
NC_000017.11:7673802:G:C,TP53,1,0.9995169968042497,1.0,0.9970305216479258,1.0,0.9998745383061816,1.0,0.9967130651948956,1.0,4.0,1111,0.9982837804883131,0.9993144013459831,25,25,1,Unanimous LP/P-directed,without_addAF_AlphaMissense_f5
NC_000017.11:7673802:G:T,TP53,1,0.9996019714738436,1.0,0.9960092897278451,1.0,0.9999999944673961,1.0,0.9968359702203764,1.0,4.0,1111,0.9981118064723652,0.9992355786829102,25,25,1,Unanimous LP/P-directed,without_addAF_AlphaMissense_f5
NC_000017.11:7673807:T:A,TP53,1,0.9971386502243068,1.0,0.9825344218077995,1.0,0.9999999944673961,1.0,0.9961072556913693,1.0,4.0,1111,0.9939450805477179,0.9971122665555897,25,25,1,Unanimous LP/P-directed,without_addAF_AlphaMissense_f5
NC_000017.11:7673823:C:G,TP53,1,0.993608609569249,1.0,0.9813445850951259,1.0,0.9999999944673961,1.0,0.9903938722956803,1.0,4.0,1111,0.9913367653568628,0.9956517351904743,24,25,1,Unanimous LP/P-directed,without_addAF_AlphaMissense_f5
NC_000017.11:7674224:C:G,TP53,1,0.9810092833348208,1.0,0.9648488744873633,1.0,0.9907884562889772,1.0,0.9923357102904575,1.0,4.0,1111,0.9822455811004047,0.990110156985816,25,25,1,Unanimous LP/P-directed,without_addAF_AlphaMissense_f5
NC_000017.11:7674243:C:T,TP53,1,0.9690873370804458,1.0,0.895832392414006,1.0,0.8280393886268814,1.0,0.8760118004459257,1.0,4.0,1111,0.8922427296418147,0.9201337946695041,24,25,1,Unanimous LP/P-directed,without_addAF_AlphaMissense_f5
NC_000017.11:7674244:T:C,TP53,1,0.9967002742897959,1.0,0.9482166260246243,1.0,0.9945143345998914,1.0,0.9941539288965693,1.0,4.0,1111,0.9833962909527202,0.9908419364815128,25,25,1,Unanimous LP/P-directed,without_addAF_AlphaMissense_f5
NC_000017.11:7674267:A:T,TP53,1,0.9946705428171257,1.0,0.9562745494967357,1.0,0.9942409334724005,1.0,0.9733352996550297,1.0,4.0,1111,0.9796303313603228,0.9884202288668775,24,25,1,Unanimous LP/P-directed,without_addAF_AlphaMissense_f5
NC_000017.11:7674889:T:C,TP53,1,0.9887406661318723,1.0,0.914702139379185,1.0,0.9891328624370889,1.0,0.9858478183389546,1.0,4.0,1111,0.9696058715717751,0.9816492838668047,25,25,1,Unanimous LP/P-directed,without_addAF_AlphaMissense_f5
NC_000017.11:7674917:A:G,TP53,1,0.9947590523749983,1.0,0.9067941601207001,1.0,0.997119794746098,1.0,0.981570665741123,1.0,4.0,1111,0.9700609182457298,0.9819655332262587,24,25,1,Unanimous LP/P-directed,without_addAF_AlphaMissense_f5
NC_000017.11:7675074:A:T,TP53,1,0.9791375177036488,1.0,0.9661797401630215,1.0,0.9956600615854687,1.0,0.9955633080620107,1.0,4.0,1111,0.9841351568785375,0.9913077567293606,25,25,1,Unanimous LP/P-directed,without_addAF_AlphaMissense_f5
NC_000017.11:7675077:G:C,TP53,1,0.9804659709773017,1.0,0.8678315765490932,1.0,0.9756693050356907,1.0,0.9818185026522004,1.0,4.0,1111,0.9514463388035715,0.9684710694084665,25,25,1,Unanimous LP/P-directed,without_addAF_AlphaMissense_f5
NC_000017.11:7675117:T:A,TP53,1,0.022444840556931606,0.0,0.15897136164845105,0.0,0.12356942999519116,0.0,0.11516853087558263,0.0,0.0,0000,0.10503854076903912,0.0830932770936629,24,25,1,Unanimous B/LB-directed,without_addAF_AlphaMissense_f5
NC_000017.11:7675130:C:T,TP53,1,0.992883077047841,1.0,0.9488021499898218,1.0,0.9735269827158843,1.0,0.9945743401833451,1.0,4.0,1111,0.9774466374842231,0.9869827942744566,25,25,1,Unanimous LP/P-directed,without_addAF_AlphaMissense_f5
NC_000017.11:7675138:C:A,TP53,1,0.9973006814995898,1.0,0.9778894089387106,1.0,0.9999999944673961,1.0,0.9968230203305528,1.0,4.0,1111,0.9930032763090623,0.9965937754012706,25,25,1,Unanimous LP/P-directed,without_addAF_AlphaMissense_f5
NC_000017.11:7675144:C:G,TP53,1,0.92790890613532,1.0,0.9450966531094545,1.0,0.9744467151950785,1.0,0.992723716001402,1.0,4.0,1111,0.9600439976103138,0.9748373299035666,25,25,1,Unanimous LP/P-directed,without_addAF_AlphaMissense_f5
NC_000017.11:7675159:GG:AA,TP53,1,,,,,,,,,,,,,1,25,0,,without_addAF_AlphaMissense_f5
NC_000017.11:7675188:G:C,TP53,1,0.9879252621468544,1.0,0.9779845768228062,1.0,0.9998745383061816,1.0,0.9964954978072719,1.0,4.0,1111,0.9905699687707784,0.9952089073846211,25,25,1,Unanimous LP/P-directed,without_addAF_AlphaMissense_f5
NC_000017.11:7675215:C:G,TP53,1,0.996589586104743,1.0,0.966918076633162,1.0,0.9986944604327623,1.0,0.9937897072543402,1.0,4.0,1111,0.9889979576062518,0.9942846745342997,24,25,1,Unanimous LP/P-directed,without_addAF_AlphaMissense_f5
NC_000017.11:7676038:AC:GG,TP53,1,,,,,,,,,,,,,1,25,0,,without_addAF_AlphaMissense_f5
NC_000017.11:7676039:C:A,TP53,1,0.4474681482846001,1.0,0.6096103756752501,0.0,0.47554086077159247,1.0,0.371742244379989,0.0,2.0,1010,0.4760904072778579,0.4822286686545449,25,25,1,Mixed votes,without_addAF_AlphaMissense_f5
NC_000017.11:43045742:C:G,BRCA1,1,0.9971602813801614,1.0,0.9445841173922809,1.0,0.9867682828416785,1.0,0.9952603503931368,1.0,4.0,1111,0.9809432580018144,0.9892731143381667,25,25,1,Unanimous LP/P-directed,without_addAF_AlphaMissense_f5
NC_000017.11:43045748:T:G,BRCA1,1,0.9994039404757392,1.0,0.9751827643962557,1.0,0.9999999944673961,1.0,0.9962907882904887,1.0,4.0,1111,0.99271937190747,0.9964354083988509,25,25,1,Unanimous LP/P-directed,without_addAF_AlphaMissense_f5
NC_000017.11:43045756:A:T,BRCA1,1,0.9990885251144401,1.0,0.9911526756321738,1.0,0.9999999944673961,1.0,0.9958903616388816,1.0,4.0,1111,0.9965328892132229,0.9984716586611998,25,25,1,Unanimous LP/P-directed,without_addAF_AlphaMissense_f5
NC_000017.11:43045781:C:A,BRCA1,1,0.012272666372378565,0.0,0.08551160661442904,0.0,0.012031724178219438,0.0,0.023803350229296798,0.0,0.0,0000,0.033404836848580956,0.02203528220112354,24,25,1,Unanimous B/LB-directed,without_addAF_AlphaMissense_f5
NC_000017.11:43047660:C:A,BRCA1,1,,,,,,,,,,,,,12,25,0,,without_addAF_AlphaMissense_f5
NC_000017.11:43047678:G:A,BRCA1,1,,,,,,,,,,,,,12,25,0,,without_addAF_AlphaMissense_f5
NC_000017.11:43049166:C:T,BRCA1,1,0.9950521014636909,1.0,0.9627608122047367,1.0,0.9990550342938208,1.0,0.9903145584358699,1.0,4.0,1111,0.9867956265995297,0.992956778380924,24,25,1,Unanimous LP/P-directed,without_addAF_AlphaMissense_f5
NC_000017.11:43049175:A:T,BRCA1,1,0.9890162937189542,1.0,0.9557950203762164,1.0,0.9969130530215916,1.0,0.9921214532505879,1.0,4.0,1111,0.9834614550918375,0.9908831492139515,24,25,1,Unanimous LP/P-directed,without_addAF_AlphaMissense_f5
NC_000017.11:43051071:T:C,BRCA1,1,0.044572898376564044,0.0,0.22218740895439046,0.0,0.3480230734746712,0.0,0.21509969844063942,0.0,0.0,0000,0.2074707698115663,0.1842470314322301,25,25,1,Unanimous B/LB-directed,without_addAF_AlphaMissense_f5
NC_000017.11:43051097:A:G,BRCA1,1,0.9862043543656648,1.0,0.9348165496213814,1.0,0.9429295338678846,1.0,0.9663996421131861,1.0,4.0,1111,0.9575875199920292,0.9730400770982083,24,25,1,Unanimous LP/P-directed,without_addAF_AlphaMissense_f5
NC_000017.11:43057069:T:A,BRCA1,1,0.9922099737961497,1.0,0.9679017115244879,1.0,0.9761150472977578,1.0,0.9786467539912215,1.0,4.0,1111,0.9787183716524042,0.9878227168567949,24,25,1,Unanimous LP/P-directed,without_addAF_AlphaMissense_f5
NC_000017.11:43057069:T:G,BRCA1,1,0.9920114992065799,1.0,0.967307198910259,1.0,0.9761150472977578,1.0,0.9786467539912215,1.0,4.0,1111,0.9785201248514545,0.9876922897243203,24,25,1,Unanimous LP/P-directed,without_addAF_AlphaMissense_f5
NC_000017.11:43057073:G:T,BRCA1,1,0.9739621584063202,1.0,0.9127161391074413,1.0,0.7513789530430428,1.0,0.8154258721514644,1.0,4.0,1111,0.8633707806770672,0.8943992298193575,24,25,1,Unanimous LP/P-directed,without_addAF_AlphaMissense_f5
NC_000017.11:43057086:C:A,BRCA1,1,0.9841978170009473,1.0,0.927527338070842,1.0,0.9375855611435628,1.0,0.9252405979836557,1.0,4.0,1111,0.9436378285497519,0.9625172133014607,24,25,1,Unanimous LP/P-directed,without_addAF_AlphaMissense_f5
NC_000017.11:43057116:C:G,BRCA1,1,0.9982062348898212,1.0,0.9871311526042484,1.0,0.9998389011340068,1.0,0.994986161564823,1.0,4.0,1111,0.9950406125482247,0.9977007013026875,25,25,1,Unanimous LP/P-directed,without_addAF_AlphaMissense_f5
NC_000017.11:43057122:C:A,BRCA1,1,0.9956054800669218,1.0,0.9522976480331723,1.0,0.9919028887876816,1.0,0.9646465549437216,1.0,4.0,1111,0.9761131429578744,0.986094042583,24,25,1,Unanimous LP/P-directed,without_addAF_AlphaMissense_f5
NC_000017.11:43063361:A:G,BRCA1,1,0.9946222769571036,1.0,0.9286128614681733,1.0,0.9993403649614534,1.0,0.9863332973961801,1.0,4.0,1111,0.9772272001957277,0.9868370994385445,24,25,1,Unanimous LP/P-directed,without_addAF_AlphaMissense_f5
NC_000017.11:43063369:A:C,BRCA1,1,0.9884060609661817,1.0,0.9501921769013041,1.0,0.971496770365817,1.0,0.9490719807664945,1.0,4.0,1111,0.9647917472499494,0.9782579525293219,24,25,1,Unanimous LP/P-directed,without_addAF_AlphaMissense_f5
NC_000017.11:43063372:C:T,BRCA1,1,,,,,,,,,,,,,12,25,0,,without_addAF_AlphaMissense_f5
NC_000017.11:43063884:A:C,BRCA1,1,0.932439955469669,1.0,0.9999602820616614,1.0,0.9979967369015984,1.0,0.9941372695885501,1.0,4.0,1111,0.9811335610053697,0.9893959954174661,25,25,1,Unanimous LP/P-directed,without_addAF_AlphaMissense_f5
NC_000017.11:43063908:C:A,BRCA1,1,0.9812436067555398,1.0,0.9698879287421328,1.0,0.9990249903922921,1.0,0.9917248080442307,1.0,4.0,1111,0.9854703334835488,0.9921410626767219,24,25,1,Unanimous LP/P-directed,without_addAF_AlphaMissense_f5
NC_000017.11:43067607:C:T,BRCA1,1,0.9911244559051675,1.0,0.9972300930175065,1.0,0.9763313670641629,1.0,0.99206422056589,1.0,4.0,1111,0.9891875341381817,0.9943972351219367,24,25,1,Unanimous LP/P-directed,without_addAF_AlphaMissense_f5
NC_000017.11:43067609:G:T,BRCA1,1,0.974212572538711,1.0,0.9285267192474028,1.0,0.9827195312672103,1.0,0.994116715534732,1.0,4.0,1111,0.969893884647014,0.9818495377498839,25,25,1,Unanimous LP/P-directed,without_addAF_AlphaMissense_f5
NC_000017.11:43067625:G:A,BRCA1,1,0.9925829212061911,1.0,0.982595260355759,1.0,0.9790470820664957,1.0,0.9757861985519288,1.0,4.0,1111,0.9825028655450937,0.9902744246616757,24,25,1,Unanimous LP/P-directed,without_addAF_AlphaMissense_f5
NC_000017.11:43067693:A:C,BRCA1,1,0.330761806583471,0.0,0.5107619971322612,0.0,0.33637666425759266,0.0,0.1689124833530193,0.0,0.0,0000,0.33670323783158607,0.3243193107348718,24,25,1,Unanimous B/LB-directed,without_addAF_AlphaMissense_f5
NC_000017.11:43082439:C:T,BRCA1,1,0.009970336132986925,0.0,0.001202161657767075,0.0,0.00010250935825650964,0.0,0.006202204105904748,0.0,0.0,0000,0.004369302813728815,0.00214588987946576,24,25,1,Unanimous B/LB-directed,without_addAF_AlphaMissense_f5
NC_000017.11:43090943:C:G,BRCA1,1,0.9926384569065296,1.0,0.9997276641602475,1.0,0.9405593705626362,1.0,0.984391085813664,1.0,4.0,1111,0.9793291443607692,0.9882233453992941,24,25,1,Unanimous LP/P-directed,without_addAF_AlphaMissense_f5
NC_000017.11:43104259:A:T,BRCA1,1,,,,,,,,,,,,,12,25,0,,without_addAF_AlphaMissense_f5
NC_000017.11:43104259:AT:TC,BRCA1,1,,,,,,,,,,,,,0,25,0,,without_addAF_AlphaMissense_f5
NC_000017.11:43106456:T:A,BRCA1,1,0.9861641517732957,1.0,0.9985700352545678,1.0,0.962246406414729,1.0,0.9805028180421931,1.0,4.0,1111,0.9818708528711964,0.9898702494899749,23,25,1,Unanimous LP/P-directed,without_addAF_AlphaMissense_f5
NC_000017.11:43106485:C:T,BRCA1,1,0.9975393294610408,1.0,0.9991276136265169,1.0,0.9999999944673961,1.0,0.9968516118350829,1.0,4.0,1111,0.9983796373475092,0.9993578636650453,25,25,1,Unanimous LP/P-directed,without_addAF_AlphaMissense_f5
NC_000017.11:43115728:C:A,BRCA1,1,0.9894456455195617,1.0,0.9796892487618045,1.0,0.9999999944673961,1.0,0.9958090466358066,1.0,4.0,1111,0.9912359838461422,0.9955938520137639,25,25,1,Unanimous LP/P-directed,without_addAF_AlphaMissense_f5
NC_000017.11:43115749:G:T,BRCA1,1,0.9973366593678658,1.0,0.9889165731169621,1.0,0.9999999944673961,1.0,0.9957919114477684,1.0,4.0,1111,0.995511284599998,0.9979480276052068,25,25,1,Unanimous LP/P-directed,without_addAF_AlphaMissense_f5
NC_000017.11:43124025:C:G,BRCA1,1,0.996796415356983,1.0,0.984495378726812,1.0,0.9997812091669582,1.0,0.9927819514451609,1.0,4.0,1111,0.9934637386739785,0.9968486314616725,24,25,1,Unanimous LP/P-directed,without_addAF_AlphaMissense_f5
NC_000017.11:43124025:C:T,BRCA1,1,0.9979528436748002,1.0,0.9959975740910901,1.0,0.9999999944673961,1.0,0.996605191941267,1.0,4.0,1111,0.9976389010436384,0.9990137919806472,25,25,1,Unanimous LP/P-directed,without_addAF_AlphaMissense_f5
NC_000017.11:43124043:A:T,BRCA1,1,0.9913162212475904,1.0,0.9888401620964364,1.0,0.9985279829842542,1.0,0.9925644424501234,1.0,4.0,1111,0.9928122021946011,0.9964872916275999,25,25,1,Unanimous LP/P-directed,without_addAF_AlphaMissense_f5
NC_000017.11:58695188:G:T,RAD51C,1,0.8973740377338019,1.0,0.9999982044668606,1.0,0.9840000586670317,1.0,0.9945044829148176,1.0,4.0,1111,0.9689691959456279,0.9812055161063041,24,25,1,Unanimous LP/P-directed,without_addAF_AlphaMissense_f5
NC_000017.11:61808619:C:A,BRIP1,1,0.998104133260157,1.0,0.9836218521679428,1.0,0.9999999944673961,1.0,0.9967519010778715,1.0,4.0,1111,0.994619470243342,0.9974765101350682,25,25,1,Unanimous LP/P-directed,without_addAF_AlphaMissense_f5
NC_000019.10:1220437:T:A,STK11,1,0.9875298905259647,1.0,0.9851072938044568,1.0,0.9930032181208779,1.0,0.9762304903210118,1.0,4.0,1111,0.9854677231930778,0.9921394445520976,25,25,1,Unanimous LP/P-directed,without_addAF_AlphaMissense_f5
NC_000019.10:1220449:A:G,STK11,1,0.9887107555089356,1.0,0.9576129974255945,1.0,0.9749223087147193,1.0,0.9709914538276531,1.0,4.0,1111,0.9730593788692256,0.9840295394627584,25,25,1,Unanimous LP/P-directed,without_addAF_AlphaMissense_f5
NC_000019.10:1220489:C:A,STK11,1,0.9961260607238753,1.0,0.9926064571770844,1.0,0.9999999944673961,1.0,0.9967937885808085,1.0,4.0,1111,0.996381575237291,0.9983953479482098,25,25,1,Unanimous LP/P-directed,without_addAF_AlphaMissense_f5
NC_000019.10:1220493:G:C,STK11,1,0.9883659615363989,1.0,0.9923089545470115,1.0,0.9999377099551539,1.0,0.9965285947425709,1.0,4.0,1111,0.9942853051952838,0.9972968010005868,25,25,1,Unanimous LP/P-directed,without_addAF_AlphaMissense_f5
NC_000019.10:1220706:G:A,STK11,1,0.984522300435442,1.0,0.9954974592755783,1.0,0.9997190109519848,1.0,0.996605191941267,1.0,4.0,1111,0.9940859906510681,0.9971888817298292,25,25,1,Unanimous LP/P-directed,without_addAF_AlphaMissense_f5
NC_000002.12:214730507:C:T,BARD1,1,,,,,,,,,,,,,12,25,0,,without_addAF_AlphaMissense_f5
NC_000022.11:28695866:C:G,CHEK2,1,0.9900742663219809,1.0,0.9802666733721916,1.0,0.9999377099551539,1.0,0.995714563220204,1.0,4.0,1111,0.9914983032173825,0.9957443065798942,24,25,1,Unanimous LP/P-directed,without_addAF_AlphaMissense_f5
NC_000008.11:89958853:C:T,NBN,1,0.0151004799424925,0.0,0.0019243581498466394,0.0,0.00010250935825650964,0.0,0.00692750146248153,0.0,0.0,0000,0.006013712228269295,0.0030898591709636186,24,25,1,Unanimous B/LB-directed,without_addAF_AlphaMissense_f5
NC_000002.12:214792407:C:A,BARD1,0,0.006790702309340526,0.0,0.003989076962355913,0.0,0.004306844076546684,0.0,0.008816200861227573,0.0,0.0,0000,0.0059757060523676735,0.003067574476098278,24,25,1,Unanimous B/LB-directed,without_addAF_AlphaMissense_f5
NC_000002.12:214809525:C:A,BARD1,0,0.047631269687377104,0.0,0.0047748505243959405,0.0,0.008855386345643472,0.0,0.01143189048041578,0.0,0.0,0000,0.018173349259458075,0.010947929816962824,24,25,1,Unanimous B/LB-directed,without_addAF_AlphaMissense_f5
NC_000008.11:89955457:T:C,NBN,0,0.019544126610034265,0.0,0.00014976953061241068,0.0,7.550037503368737e-05,0.0,0.006079393199602095,0.0,0.0,0000,0.006462197428820614,0.00335433275964675,24,25,1,Unanimous B/LB-directed,without_addAF_AlphaMissense_f5
NC_000010.11:87862105:G:C,PTEN,0,,,,,,,,,,,,,1,25,0,,without_addAF_AlphaMissense_f5
NC_000010.11:87863956:G:C,PTEN,0,,,,,,,,,,,,,2,25,0,,without_addAF_AlphaMissense_f5
NC_000011.10:108243999:G:C,ATM,0,0.027735705724000526,0.0,5.508120625384463e-06,0.0,0.0017224580546363068,0.0,0.0060988715137829975,0.0,0.0,0000,0.008890635853261303,0.004829423858916684,25,25,1,Unanimous B/LB-directed,without_addAF_AlphaMissense_f5
NC_000011.10:108244021:G:A,ATM,0,0.0028665424937332562,0.0,0.0016571264035647423,0.0,0.010250166956403774,0.0,0.012652841724057215,0.0,0.0,0000,0.006856669394439747,0.0035891656423582058,24,25,1,Unanimous B/LB-directed,without_addAF_AlphaMissense_f5
NC_000011.10:108254033:T:C,ATM,0,0.02448150328757986,0.0,3.413313191932902e-06,0.0,0.0018248011259601065,0.0,0.005775266000860867,0.0,0.0,0000,0.008021245931898192,0.0042935965963943465,24,25,1,Unanimous B/LB-directed,without_addAF_AlphaMissense_f5
NC_000011.10:108272571:A:G,ATM,0,0.02222556013193837,0.0,2.7986241210854304e-06,0.0,0.0012926294310795586,0.0,0.004999595693419504,0.0,0.0,0000,0.007130145970139629,0.003753128635718741,25,25,1,Unanimous B/LB-directed,without_addAF_AlphaMissense_f5
NC_000011.10:108279588:A:G,ATM,0,0.017400274299072642,0.0,0.0004077992781662739,0.0,0.003003610454128831,0.0,0.0038182688129347344,0.0,0.0,0000,0.0061574882110756205,0.0031743443259100133,25,25,1,Unanimous B/LB-directed,without_addAF_AlphaMissense_f5
NC_000013.11:32332333:T:C,BRCA2,0,0.009931610204338833,0.0,0.0010619367124531539,0.0,0.0002651826902574387,0.0,0.003783111109561435,0.0,0.0,0000,0.003760460179152715,0.0018082728681029817,22,25,1,Unanimous B/LB-directed,without_addAF_AlphaMissense_f5
NC_000013.11:32332643:C:A,BRCA2,0,0.02182326093897049,0.0,2.654202845720005e-05,0.0,6.706034397358522e-09,0.0,0.00425189391464718,0.0,0.0,0000,0.006525425897027317,0.0033918370012918945,22,25,1,Unanimous B/LB-directed,without_addAF_AlphaMissense_f5
NC_000013.11:32333015:A:G,BRCA2,0,0.01812424827428199,0.0,0.0009473991404078757,0.0,6.706034397358522e-09,0.0,0.006917560909035509,0.0,0.0,0000,0.006497303757439943,0.003375149712341115,22,25,1,Unanimous B/LB-directed,without_addAF_AlphaMissense_f5
NC_000013.11:32333366:C:T,BRCA2,0,0.018174415021288554,0.0,2.0370550311752696e-05,0.0,6.706034397358522e-09,0.0,0.0037578643292528755,0.0,0.0,0000,0.005488164151721895,0.002783557732284648,22,25,1,Unanimous B/LB-directed,without_addAF_AlphaMissense_f5
NC_000013.11:32337140:T:C,BRCA2,0,0.012230793326096567,0.0,0.0004092937187324147,0.0,6.706034397358522e-09,0.0,0.003946538641967267,0.0,0.0,0000,0.004146658098207662,0.0020215961225583056,22,25,1,Unanimous B/LB-directed,without_addAF_AlphaMissense_f5
NC_000013.11:32337157:G:A,BRCA2,0,0.016159322250404496,0.0,0.0027947054095481443,0.0,0.0008158813136624947,0.0,0.005853584465948345,0.0,0.0,0000,0.00640587335989087,0.00332096852924418,22,25,1,Unanimous B/LB-directed,without_addAF_AlphaMissense_f5
NC_000013.11:32337280:T:A,BRCA2,0,0.012326318884824404,0.0,0.00015038455190570786,0.0,6.706034397358522e-09,0.0,0.0043299470293064815,0.0,0.0,0000,0.004201664293017748,0.002052217299052235,22,25,1,Unanimous B/LB-directed,without_addAF_AlphaMissense_f5
NC_000013.11:32337935:G:A,BRCA2,0,0.01647009274582732,0.0,0.00041316040192639666,0.0,6.706034397358522e-09,0.0,0.004361352733398791,0.0,0.0,0000,0.0053111531467967266,0.0026813191659757784,22,25,1,Unanimous B/LB-directed,without_addAF_AlphaMissense_f5
NC_000013.11:32338193:A:T,BRCA2,0,0.018025367448317176,0.0,0.012352589609970682,0.0,0.00015206728536160919,0.0,0.0058907993559099365,0.0,0.0,0000,0.00910520592488985,0.004962883095406502,22,25,1,Unanimous B/LB-directed,without_addAF_AlphaMissense_f5
NC_000013.11:32338223:G:A,BRCA2,0,0.024933144720043668,0.0,0.00015457693383658105,0.0,0.0010202875391641562,0.0,0.004421982363754644,0.0,0.0,0000,0.007632497889199763,0.004056678645405059,22,25,1,Unanimous B/LB-directed,without_addAF_AlphaMissense_f5
NC_000013.11:32339809:C:T,BRCA2,0,0.03576573937109909,0.0,0.00014604152523289095,0.0,6.706034397358522e-09,0.0,0.006001671281960295,0.0,0.0,0000,0.010478364721081667,0.005827552675191603,22,25,1,Unanimous B/LB-directed,without_addAF_AlphaMissense_f5
NC_000013.11:32339994:T:G,BRCA2,0,0.012651977007755895,0.0,0.00013262408071726886,0.0,0.00010250935825650964,0.0,0.003899955168778945,0.0,0.0,0000,0.004196766403877155,0.002049488381614457,22,25,1,Unanimous B/LB-directed,without_addAF_AlphaMissense_f5
NC_000013.11:32340064:C:G,BRCA2,0,0.01752834822820853,0.0,0.0005024201089451371,0.0,6.706034397358522e-09,0.0,0.003977960480064243,0.0,0.0,0000,0.005502183880813078,0.002791675770573955,22,25,1,Unanimous B/LB-directed,without_addAF_AlphaMissense_f5
NC_000013.11:32340106:C:T,BRCA2,0,0.015185246946138481,0.0,0.0008085817619132617,0.0,0.00015206728536160919,0.0,0.004751596279135238,0.0,0.0,0000,0.005224373068137148,0.0026313740128004015,22,25,1,Unanimous B/LB-directed,without_addAF_AlphaMissense_f5
NC_000013.11:32341102:A:G,BRCA2,0,0.017004899704275163,0.0,0.0007726693345553499,0.0,6.706034397358522e-09,0.0,0.005108327169662756,0.0,0.0,0000,0.005721475728631916,0.002919038678053442,22,25,1,Unanimous B/LB-directed,without_addAF_AlphaMissense_f5
NC_000013.11:32354904:C:G,BRCA2,0,0.009765174075603759,0.0,0.0009542167599926672,0.0,0.0008158813136624947,0.0,0.004626891237194932,0.0,0.0,0000,0.004040540846613463,0.00196268626193261,22,25,1,Unanimous B/LB-directed,without_addAF_AlphaMissense_f5
NC_000013.11:32354909:G:C,BRCA2,0,0.01320360546726666,0.0,0.0034344166147602497,0.0,0.007740591664302646,0.0,0.0139521023762613,0.0,0.0,0000,0.009582679030647714,0.005261508920458923,22,25,1,Unanimous B/LB-directed,without_addAF_AlphaMissense_f5
NC_000013.11:32363383:G:A,BRCA2,0,0.04437586634966616,0.0,0.00018472365305646755,0.0,0.0002651826902574387,0.0,0.004361352733398791,0.0,0.0,0000,0.012296781356594714,0.006998377790244563,22,25,1,Unanimous B/LB-directed,without_addAF_AlphaMissense_f5
NC_000013.11:32370970:T:C,BRCA2,0,0.016687270061622576,0.0,0.0031181904249639814,0.0,0.00042082412691804626,0.0,0.004494098495750313,0.0,0.0,0000,0.006180095777313729,0.003187654998435461,22,25,1,Unanimous B/LB-directed,without_addAF_AlphaMissense_f5
NC_000013.11:32379466:G:A,BRCA2,0,0.012145813010126906,0.0,0.004267755247552058,0.0,0.002539609023633123,0.0,0.007295861739263503,0.0,0.0,0000,0.006562259755143897,0.00341370943639245,22,25,1,Unanimous B/LB-directed,without_addAF_AlphaMissense_f5
NC_000015.10:90804199:G:A,BLM,0,0.020986142110794463,0.0,0.00094239577154681,0.0,0.010969959515142251,0.0,0.00990968031305318,0.0,0.0,0000,0.010702044427634175,0.005970052598728471,25,25,1,Unanimous B/LB-directed,without_addAF_AlphaMissense_f5
NC_000016.10:23621420:C:G,PALB2,0,0.004208226995304066,0.0,0.0018363571151332413,0.0,0.00288926374985542,0.0,0.005585524150747777,0.0,0.0,0000,0.003629843002760126,0.0017368121378574558,25,25,1,Unanimous B/LB-directed,without_addAF_AlphaMissense_f5
NC_000016.10:23626393:G:A,PALB2,0,0.01843693928174948,0.0,8.029470885892265e-05,0.0,0.0044124875532233305,0.0,0.006654769929891889,0.0,0.0,0000,0.007396122868430905,0.003913473438807851,25,25,1,Unanimous B/LB-directed,without_addAF_AlphaMissense_f5
NC_000016.10:68801689:G:A,CDH1,0,0.005160889987817633,0.0,0.035334531377976194,0.0,0.08883133071021157,0.0,0.03729577830788778,0.0,0.0,0000,0.041655632595973296,0.028421024680185418,24,25,1,Unanimous B/LB-directed,without_addAF_AlphaMissense_f5
NC_000016.10:68801809:G:A,CDH1,0,0.0038180440057493797,0.0,0.0003648198389940521,0.0,6.706034397358522e-09,0.0,0.00839876855513672,0.0,0.0,0000,0.0031454097764786375,0.0014750556488636014,24,25,1,Unanimous B/LB-directed,without_addAF_AlphaMissense_f5
NC_000016.10:68808830:C:T,CDH1,0,0.023620821449255213,0.0,0.0002370381058999158,0.0,0.0037898659981703956,0.0,0.012395211175995275,0.0,0.0,0000,0.0100107341823302,0.00553109617200502,25,25,1,Unanimous B/LB-directed,without_addAF_AlphaMissense_f5
NC_000016.10:68812261:C:T,CDH1,0,0.046994044107698536,0.0,0.00016748856336861267,0.0,0.004020159499864298,0.0,0.0071337673901474856,0.0,0.0,0000,0.014578864890269733,0.00850439157344353,25,25,1,Unanimous B/LB-directed,without_addAF_AlphaMissense_f5
NC_000016.10:68813472:A:G,CDH1,0,0.0011951270187368895,0.0,0.005319349039046736,0.0,0.009611677684494469,0.0,0.0064894433419474306,0.0,0.0,0000,0.005653899271056381,0.002879714640041849,25,25,1,Unanimous B/LB-directed,without_addAF_AlphaMissense_f5
NC_000016.10:68815602:C:T,CDH1,0,0.07330959004432723,0.0,0.14237818091021698,0.0,0.12342783770432336,0.0,0.05064436038773774,0.0,0.0,0000,0.09743999226165133,0.07612878138078186,25,25,1,Unanimous B/LB-directed,without_addAF_AlphaMissense_f5
NC_000016.10:68828212:C:T,CDH1,0,0.030992045118565143,0.0,0.0013486094334352501,0.0,0.0013114083380937071,0.0,0.010705493405064267,0.0,0.0,0000,0.01108938907378959,0.006217857077926068,25,25,1,Unanimous B/LB-directed,without_addAF_AlphaMissense_f5
NC_000016.10:68829693:G:A,CDH1,0,0.003807492512460962,0.0,0.0891904743925661,0.0,0.02729801562860028,0.0,0.014696437320765064,0.0,0.0,0000,0.0337481049635981,0.022296292246376467,25,25,1,Unanimous B/LB-directed,without_addAF_AlphaMissense_f5
NC_000016.10:89738915:C:T,FANCA,0,0.017943114538982813,0.0,5.655169248104605e-05,0.0,0.0018248011259601065,0.0,0.0053856241474997835,0.0,0.0,0000,0.006302522876230938,0.0032598580794259003,25,25,1,Unanimous B/LB-directed,without_addAF_AlphaMissense_f5
NC_000016.10:89738958:G:A,FANCA,0,,,,,,,,,,,,,2,25,0,,without_addAF_AlphaMissense_f5
NC_000016.10:89740068:C:T,FANCA,0,0.02553176156658344,0.0,4.011015098368091e-05,0.0,0.000686899902996468,0.0,0.008521402076204852,0.0,0.0,0000,0.00869504342419211,0.004708178455809866,25,25,1,Unanimous B/LB-directed,without_addAF_AlphaMissense_f5
NC_000016.10:89752172:G:A,FANCA,0,0.01605714531704806,0.0,4.693659231687265e-05,0.0,0.0008826083157797131,0.0,0.0045703937683547165,0.0,0.0,0000,0.00538927099837484,0.0027263793048427176,25,25,1,Unanimous B/LB-directed,without_addAF_AlphaMissense_f5
NC_000016.10:89791526:G:A,FANCA,0,0.06467801889348074,0.0,0.007141085487732603,0.0,0.06359571915925713,0.0,0.035284742203183735,0.0,0.0,0000,0.04267489143591355,0.029225199304608086,24,25,1,Unanimous B/LB-directed,without_addAF_AlphaMissense_f5
NC_000016.10:89795954:G:C,FANCA,0,0.08287270756153019,0.0,0.4634874236649486,0.0,0.22652724006287323,0.0,0.3761049421815798,0.0,0.0,0000,0.287248078367733,0.269593238081854,25,25,1,Unanimous B/LB-directed,without_addAF_AlphaMissense_f5
NC_000016.10:89799634:T:C,FANCA,0,0.018817872247813845,0.0,0.0002602577569745638,0.0,0.005283470556228251,0.0,0.008353245144361877,0.0,0.0,0000,0.008178711426344635,0.004390044032117768,24,25,1,Unanimous B/LB-directed,without_addAF_AlphaMissense_f5
NC_000016.10:89803295:T:C,FANCA,0,0.1702978042471526,0.0,0.0005095988569204109,0.0,0.0920666613807676,0.0,0.02157839406036549,0.0,0.0,0000,0.07111311463630153,0.05277898929467648,25,25,1,Unanimous B/LB-directed,without_addAF_AlphaMissense_f5
NC_000016.10:89808347:G:A,FANCA,0,0.03255258032555927,0.0,0.00016503957587850096,0.0,0.006492705459159011,0.0,0.009310456203995695,0.0,0.0,0000,0.01213019539114812,0.006889983273270058,24,25,1,Unanimous B/LB-directed,without_addAF_AlphaMissense_f5
NC_000016.10:89816598:A:T,FANCA,0,0.050123523667011005,0.0,0.016144224685023575,0.0,0.0004911118279188058,0.0,0.004028951854794207,0.0,0.0,0000,0.0176969530086869,0.010619491631897654,23,25,1,Unanimous B/LB-directed,without_addAF_AlphaMissense_f5
NC_000017.11:7669654:C:T,TP53,0,0.013077806619168578,0.0,0.05333443611533836,0.0,0.015351597718461315,0.0,0.010895030437918403,0.0,0.0,0000,0.02316471772272166,0.01446369195366936,24,25,1,Unanimous B/LB-directed,without_addAF_AlphaMissense_f5
NC_000017.11:7670612:A:C,TP53,0,0.027800025946058553,0.0,0.07794416833323159,0.0,0.07763983412000229,0.0,0.015295357285966454,0.0,0.0,0000,0.04966984642131472,0.034826593462983606,25,25,1,Unanimous B/LB-directed,without_addAF_AlphaMissense_f5
NC_000017.11:7673247:A:G,TP53,0,,,,,,,,,,,,,2,25,0,,without_addAF_AlphaMissense_f5
NC_000017.11:7673584:A:T,TP53,0,0.00787903288016594,0.0,0.001662336897525932,0.0,0.001866197854758433,0.0,0.011507830316838417,0.0,0.0,0000,0.00572884948732218,0.0029233336715897666,25,25,1,Unanimous B/LB-directed,without_addAF_AlphaMissense_f5
NC_000017.11:7673727:C:T,TP53,0,0.021349566134203864,0.0,3.802354788075993e-05,0.0,0.009379554972482398,0.0,0.011253726697698255,0.0,0.0,0000,0.010505217838066318,0.005844636498129009,25,25,1,Unanimous B/LB-directed,without_addAF_AlphaMissense_f5
NC_000017.11:7673733:G:A,TP53,0,0.0688295015043102,0.0,0.0003341771683433528,0.0,0.0806307932592158,0.0,0.02472908077516122,0.0,0.0,0000,0.04363088817675764,0.02998233415805386,25,25,1,Unanimous B/LB-directed,without_addAF_AlphaMissense_f5
NC_000017.11:7675057:C:T,TP53,0,0.03973003703458598,0.0,3.824178530349649e-05,0.0,0.015351597718461315,0.0,0.006645393588947442,0.0,0.0,0000,0.01544131753182456,0.00908315470262081,25,25,1,Unanimous B/LB-directed,without_addAF_AlphaMissense_f5
NC_000017.11:7676219:A:G,TP53,0,0.007948175849776522,0.0,0.0011883086587140632,0.0,0.004679787060575068,0.0,0.004118518527095017,0.0,0.0,0000,0.004483697524040167,0.0022101075660579256,24,25,1,Unanimous B/LB-directed,without_addAF_AlphaMissense_f5
NC_000017.11:7676566:C:T,TP53,0,0.046596220591682745,0.0,3.8429372589579185e-05,0.0,0.007959986316725997,0.0,0.0036543646426936385,0.0,0.0,0000,0.01456225023092299,0.008493291602453264,23,25,1,Unanimous B/LB-directed,without_addAF_AlphaMissense_f5
NC_000017.11:35100956:G:A,RAD51D,0,0.03907059538390828,0.0,0.00046539649015995307,0.0,0.00015206728536160919,0.0,0.0039052002468047864,0.0,0.0,0000,0.010898314851558658,0.0060954541586449385,23,25,1,Unanimous B/LB-directed,without_addAF_AlphaMissense_f5
NC_000017.11:35103293:T:C,RAD51D,0,0.004991459661372281,0.0,0.0006410890469211441,0.0,0.01181027428099762,0.0,0.015368922864145079,0.0,0.0,0000,0.008202936463359031,0.004404906029202911,24,25,1,Unanimous B/LB-directed,without_addAF_AlphaMissense_f5
NC_000017.11:43045693:G:C,BRCA1,0,0.00646362073437966,0.0,0.0015306896624670344,0.0,0.0012926294310795586,0.0,0.0049065575169430714,0.0,0.0,0000,0.0035483743362173317,0.001692424580788921,24,25,1,Unanimous B/LB-directed,without_addAF_AlphaMissense_f5
NC_000017.11:43070958:A:G,BRCA1,0,0.23061955493876748,0.0,0.36954414963238374,0.0,0.18203200593850716,0.0,0.05767039318592448,0.0,0.0,0000,0.20996652592389572,0.18684663485177144,25,25,1,Unanimous B/LB-directed,without_addAF_AlphaMissense_f5
NC_000017.11:43071003:G:A,BRCA1,0,0.03144384573131255,0.0,0.0058337937339790836,0.0,0.03128388291510235,0.0,0.012014334087946263,0.0,0.0,0000,0.02014396411708506,0.01232021437069147,25,25,1,Unanimous B/LB-directed,without_addAF_AlphaMissense_f5
NC_000017.11:43071030:A:G,BRCA1,0,0.025885705467464663,0.0,1.3429466918815636e-05,0.0,0.0014256424908233834,0.0,0.00712520212046219,0.0,0.0,0000,0.008612494886417263,0.004657126736085958,25,25,1,Unanimous B/LB-directed,without_addAF_AlphaMissense_f5
NC_000017.11:43091782:C:T,BRCA1,0,0.00415300163257771,0.0,0.0010977227659856891,0.0,6.706034397358522e-09,0.0,0.004819762053836381,0.0,0.0,0000,0.0025176232896085443,0.0011443978651915349,25,25,1,Unanimous B/LB-directed,without_addAF_AlphaMissense_f5
NC_000017.11:43091930:C:A,BRCA1,0,0.008304670555191768,0.0,0.0024497185259572192,0.0,0.0004911118279188058,0.0,0.004403836342826422,0.0,0.0,0000,0.003912334312973553,0.0018918078879697842,25,25,1,Unanimous B/LB-directed,without_addAF_AlphaMissense_f5
NC_000017.11:43092082:G:A,BRCA1,0,0.09688109621192312,0.0,0.04434996860369631,0.0,0.2420221445512159,0.0,0.22198333490579747,0.0,0.0,0000,0.1513091360681582,0.1272924695806359,25,25,1,Unanimous B/LB-directed,without_addAF_AlphaMissense_f5
NC_000017.11:43092112:T:C,BRCA1,0,0.02912705938598066,0.0,8.571752591688455e-06,0.0,0.002250147384249781,0.0,0.004569124897298523,0.0,0.0,0000,0.008988725855030162,0.0048903764296639425,25,25,1,Unanimous B/LB-directed,without_addAF_AlphaMissense_f5
NC_000017.11:43092203:T:G,BRCA1,0,0.002033118906396073,0.0,0.005626163917230162,0.0,0.0014837434833368478,0.0,0.005255875651907873,0.0,0.0,0000,0.003599725489717739,0.0017203861771240307,25,25,1,Unanimous B/LB-directed,without_addAF_AlphaMissense_f5
NC_000017.11:43092508:T:C,BRCA1,0,0.018580530416156444,0.0,5.206924874991995e-06,0.0,0.00028973584290821415,0.0,0.0173754552287385,0.0,0.0,0000,0.009062732103169538,0.0049364280937153416,25,25,1,Unanimous B/LB-directed,without_addAF_AlphaMissense_f5
NC_000017.11:43092861:C:A,BRCA1,0,0.016638542699587974,0.0,2.2908908799970982e-05,0.0,0.00010250935825650964,0.0,0.006218393658015828,0.0,0.0,0000,0.0057455886561650705,0.002933086689394254,25,25,1,Unanimous B/LB-directed,without_addAF_AlphaMissense_f5
NC_000017.11:43093118:C:G,BRCA1,0,0.0070697996923270385,0.0,0.00016202403948496058,0.0,0.00019526025292648287,0.0,0.003457491809642146,0.0,0.0,0000,0.002721143948595157,0.0012504423634552054,25,25,1,Unanimous B/LB-directed,without_addAF_AlphaMissense_f5
NC_000017.11:43093363:T:C,BRCA1,0,0.009967514748359756,0.0,5.46335371065054e-05,0.0,0.00015206728536160919,0.0,0.003414988142584728,0.0,0.0,0000,0.00339730092835315,0.0016104982496660824,25,25,1,Unanimous B/LB-directed,without_addAF_AlphaMissense_f5
NC_000017.11:43093528:G:A,BRCA1,0,0.00300646436346238,0.0,0.00033935304332964844,0.0,6.706034397358522e-09,0.0,0.004492321347613032,0.0,0.0,0000,0.0019595363651098647,0.0008600586924214599,25,25,1,Unanimous B/LB-directed,without_addAF_AlphaMissense_f5
NC_000017.11:43093882:T:G,BRCA1,0,0.009314076515809849,0.0,0.00046249244431079107,0.0,0.0002294950355858036,0.0,0.004720357205302837,0.0,0.0,0000,0.00368160530025232,0.0017650882938654191,25,25,1,Unanimous B/LB-directed,without_addAF_AlphaMissense_f5
NC_000017.11:43094137:A:C,BRCA1,0,0.9718596455531385,1.0,0.9198195256206853,1.0,0.9209862493227938,1.0,0.9760982007886366,1.0,4.0,1111,0.9471909053213137,0.965245464249631,25,25,1,Unanimous LP/P-directed,without_addAF_AlphaMissense_f5
NC_000017.11:43094393:A:C,BRCA1,0,0.0023460637401628063,0.0,0.0008794361240387035,0.0,0.03204963636393374,0.0,0.008552442668146563,0.0,0.0,0000,0.010956894724070451,0.006132947174267476,25,25,1,Unanimous B/LB-directed,without_addAF_AlphaMissense_f5
NC_000017.11:43094529:G:A,BRCA1,0,0.011073944918087395,0.0,0.0008736417353487208,0.0,7.550037503368737e-05,0.0,0.004580733805887125,0.0,0.0,0000,0.004150955208589232,0.002023986187408375,25,25,1,Unanimous B/LB-directed,without_addAF_AlphaMissense_f5
NC_000017.11:43094794:A:C,BRCA1,0,0.021841464610322665,0.0,0.0005277813100617969,0.0,0.0010202875391641562,0.0,0.0034876181157880975,0.0,0.0,0000,0.006719287893834179,0.0035071531753160536,25,25,1,Unanimous B/LB-directed,without_addAF_AlphaMissense_f5
NC_000017.11:43099813:G:A,BRCA1,0,0.02612860866822024,0.0,0.0003530129340066101,0.0,0.002382517430763052,0.0,0.00934514072993289,0.0,0.0,0000,0.009552319940730698,0.0052424551564769,25,25,1,Unanimous B/LB-directed,without_addAF_AlphaMissense_f5
NC_000017.11:43104137:G:T,BRCA1,0,0.002615303484868427,0.0,0.010976681344149785,0.0,6.706034397358522e-09,0.0,0.004072745125421075,0.0,0.0,0000,0.004416184165118422,0.0021721789377933385,25,25,1,Unanimous B/LB-directed,without_addAF_AlphaMissense_f5
NC_000017.11:43104166:G:T,BRCA1,0,0.0798116135233566,0.0,0.09816907332682637,0.0,0.060361662896934204,0.0,0.01224086132883789,0.0,0.0,0000,0.06264580276898876,0.04556130842478258,25,25,1,Unanimous B/LB-directed,without_addAF_AlphaMissense_f5
NC_000017.11:43106468:C:A,BRCA1,0,0.05807445494192629,0.0,0.0602277283394831,0.0,0.06105846127569922,0.0,0.05469830815714772,0.0,0.0,0000,0.058514738178564084,0.04209873390831076,25,25,1,Unanimous B/LB-directed,without_addAF_AlphaMissense_f5
NC_000017.11:58720766:A:G,RAD51C,0,0.012359768313092708,0.0,0.009598593970497156,0.0,0.03624026851080214,0.0,0.01790646739058497,0.0,0.0,0000,0.019026274546244244,0.011539225925485924,25,25,1,Unanimous B/LB-directed,without_addAF_AlphaMissense_f5
NC_000017.11:61744452:T:C,BRIP1,0,0.054529433342494986,0.0,0.00012770301347281247,0.0,0.0023160659753568885,0.0,0.005614661630960732,0.0,0.0,0000,0.015646965990571356,0.009221890083093518,25,25,1,Unanimous B/LB-directed,without_addAF_AlphaMissense_f5
NC_000017.11:61849205:C:T,BRIP1,0,0.031900021262626706,0.0,4.311207882966343e-05,0.0,0.008790497755601034,0.0,0.009594965389168217,0.0,0.0,0000,0.012582149121556405,0.007184568661096655,25,25,1,Unanimous B/LB-directed,without_addAF_AlphaMissense_f5
NC_000019.10:1223125:C:G,STK11,0,0.02644097883919131,0.0,2.1300235483972334e-05,0.0,6.706034397358522e-09,0.0,0.005912524591719118,0.0,0.0,0000,0.0080937025931072,0.00433794224426839,25,25,1,Unanimous B/LB-directed,without_addAF_AlphaMissense_f5
NC_000010.11:87863958:G:A,PTEN,0,,,,,,,,,,,,,2,25,0,,without_addAF_AlphaMissense_f5
NC_000010.11:87864179:A:T,PTEN,0,,,,,,,,,,,,,2,25,0,,without_addAF_AlphaMissense_f5
NC_000011.10:108227826:C:T,ATM,0,0.03253657501094652,0.0,3.418435815395039e-05,0.0,0.0063449864904284135,0.0,0.008253648618816703,0.0,0.0,0000,0.011792348619586395,0.006670834155617819,25,25,1,Unanimous B/LB-directed,without_addAF_AlphaMissense_f5
NC_000011.10:108250926:T:A,ATM,0,0.9401823152829997,1.0,0.9273792201184404,1.0,0.8372372780990959,1.0,0.8357724023089602,1.0,4.0,1111,0.8851428039523741,0.9139175541630143,25,25,1,Unanimous LP/P-directed,without_addAF_AlphaMissense_f5
NC_000011.10:108253992:G:A,ATM,0,0.01623280068554473,0.0,2.037660822991656e-05,0.0,0.0008490639141618851,0.0,0.008481683659999083,0.0,0.0,0000,0.006395981216983904,0.00331511316695701,25,25,1,Unanimous B/LB-directed,without_addAF_AlphaMissense_f5
NC_000011.10:108304797:C:T,ATM,0,0.019245690164881906,0.0,2.0497471265362296e-05,0.0,0.0009165085023788243,0.0,0.0060119249961983435,0.0,0.0,0000,0.006548655283681109,0.003405628846598254,25,25,1,Unanimous B/LB-directed,without_addAF_AlphaMissense_f5
NC_000011.10:108312473:A:T,ATM,0,0.12959651036689304,0.0,0.04995075068088728,0.0,0.04363801507214182,0.0,0.011062533421606307,0.0,0.0,0000,0.058561952385382116,0.0421380791786749,24,25,1,Unanimous B/LB-directed,without_addAF_AlphaMissense_f5
NC_000011.10:108327646:C:G,ATM,0,0.4898929958447319,1.0,0.35106247491915704,0.0,0.6839011001568093,1.0,0.5841512218013021,1.0,3.0,1011,0.5272519481805,0.5404244914547147,24,25,1,Mixed votes,without_addAF_AlphaMissense_f5
NC_000011.10:108329057:G:A,ATM,0,0.014587087928731042,0.0,0.00010189438522596972,0.0,6.706034397358522e-09,0.0,0.004523531997310592,0.0,0.0,0000,0.0048031302543255,0.0023906544751830265,24,25,1,Unanimous B/LB-directed,without_addAF_AlphaMissense_f5
NC_000011.10:108330409:G:A,ATM,0,0.052945400639247374,0.0,0.0004222073569366394,0.0,0.030520429586618623,0.0,0.020721105157947336,0.0,0.0,0000,0.026152285685187494,0.01662688737345819,25,25,1,Unanimous B/LB-directed,without_addAF_AlphaMissense_f5
NC_000013.11:32326142:T:A,BRCA2,0,0.025682152297456157,0.0,0.00022672972600276965,0.0,0.001273926047231987,0.0,0.003833038533880209,0.0,0.0,0000,0.0077539616511427805,0.004130518740192396,22,25,1,Unanimous B/LB-directed,without_addAF_AlphaMissense_f5
NC_000013.11:32332591:A:C,BRCA2,0,0.019727572484228663,0.0,7.800436095994879e-05,0.0,6.706034397358522e-09,0.0,0.003940907194847255,0.0,0.0,0000,0.005936622686517566,0.0030446794819671487,20,25,1,Unanimous B/LB-directed,without_addAF_AlphaMissense_f5
NC_000013.11:32332601:C:T,BRCA2,0,0.01266722587814826,0.0,0.00027343655567207433,0.0,7.550037503368737e-05,0.0,0.004625737352251742,0.0,0.0,0000,0.004410475040276441,0.002168975363652567,22,25,1,Unanimous B/LB-directed,without_addAF_AlphaMissense_f5
NC_000013.11:32332850:C:G,BRCA2,0,0.02155531714964274,0.0,0.00023871672927693366,0.0,6.706034397358522e-09,0.0,0.004361352733398791,0.0,0.0,0000,0.006538848329588216,0.003399805357625974,22,25,1,Unanimous B/LB-directed,without_addAF_AlphaMissense_f5
NC_000013.11:32333092:G:A,BRCA2,0,0.017271502236316252,0.0,8.3035188042079e-05,0.0,6.706034397358522e-09,0.0,0.003833038533880209,0.0,0.0,0000,0.005296895666068235,0.002673105357945678,22,25,1,Unanimous B/LB-directed,without_addAF_AlphaMissense_f5
NC_000013.11:32333103:A:G,BRCA2,0,0.011490705085185573,0.0,0.00019317473997627554,0.0,6.706034397358522e-09,0.0,0.004200092079325206,0.0,0.0,0000,0.003970994652630363,0.00192419755206302,22,25,1,Unanimous B/LB-directed,without_addAF_AlphaMissense_f5
NC_000013.11:32336573:C:T,BRCA2,0,0.019850853480442014,0.0,0.0008029168329364776,0.0,0.0002294950355858036,0.0,0.004133531340343194,0.0,0.0,0000,0.006254199172326873,0.003231334086367992,22,25,1,Unanimous B/LB-directed,without_addAF_AlphaMissense_f5
NC_000013.11:32336836:T:C,BRCA2,0,0.04552439942040192,0.0,0.07306649546898682,0.0,0.0017495876273965398,0.0,0.008252553790986755,0.0,0.0,0000,0.032148259076943006,0.021083512189226442,22,25,1,Unanimous B/LB-directed,without_addAF_AlphaMissense_f5
NC_000013.11:32337238:C:T,BRCA2,0,0.01173866876297492,0.0,0.0005307586383846784,0.0,6.706034397358522e-09,0.0,0.0037578643292528755,0.0,0.0,0000,0.004006824609161718,0.001944014908762348,22,25,1,Unanimous B/LB-directed,without_addAF_AlphaMissense_f5
NC_000013.11:32337470:C:T,BRCA2,0,0.03556384851939124,0.0,0.007538218816247325,0.0,0.04017363406366022,0.0,0.008213367784558735,0.0,0.0,0000,0.022872267295964383,0.014254180692540648,22,25,1,Unanimous B/LB-directed,without_addAF_AlphaMissense_f5
NC_000013.11:32337801:G:C,BRCA2,0,0.010794475209324632,0.0,0.0006632886333213341,0.0,7.550037503368737e-05,0.0,0.0038639603092532923,0.0,0.0,0000,0.0038493061317332366,0.0018570835269803537,22,25,1,Unanimous B/LB-directed,without_addAF_AlphaMissense_f5
NC_000013.11:32337873:T:G,BRCA2,0,0.01119221824368836,0.0,0.0014720764547698172,0.0,0.00019526025292648287,0.0,0.0038455493952002863,0.0,0.0,0000,0.004176276086646237,0.0020380768884468207,22,25,1,Unanimous B/LB-directed,without_addAF_AlphaMissense_f5
NC_000013.11:32338147:T:A,BRCA2,0,0.025805133332384916,0.0,0.0010158732280469982,0.0,6.706034397358522e-09,0.0,0.0037972300099302168,0.0,0.0,0000,0.007654560819099132,0.004070078484946111,22,25,1,Unanimous B/LB-directed,without_addAF_AlphaMissense_f5
NC_000013.11:32338259:C:A,BRCA2,0,0.016428176173812176,0.0,0.0016977703584409617,0.0,6.706034397358522e-09,0.0,0.003728012065303143,0.0,0.0,0000,0.00546349132589767,0.0027692783274632683,22,25,1,Unanimous B/LB-directed,without_addAF_AlphaMissense_f5
NC_000013.11:32338296:G:C,BRCA2,0,0.010550050538359503,0.0,0.0012286731277838016,0.0,6.706034397358522e-09,0.0,0.003818461496599558,0.0,0.0,0000,0.0038992979671943154,0.0018846191443159812,22,25,1,Unanimous B/LB-directed,without_addAF_AlphaMissense_f5
NC_000013.11:32338400:T:C,BRCA2,0,0.014313357486466873,0.0,0.0035623171586435815,0.0,0.00105555581866272,0.0,0.005413818066052523,0.0,0.0,0000,0.006086262132456424,0.00313245470538134,22,25,1,Unanimous B/LB-directed,without_addAF_AlphaMissense_f5
NC_000013.11:32338504:T:G,BRCA2,0,0.009136300109520157,0.0,0.00042540393171540473,0.0,6.706034397358522e-09,0.0,0.003801224235381251,0.0,0.0,0000,0.0033407337456628026,0.001579953829770018,22,25,1,Unanimous B/LB-directed,without_addAF_AlphaMissense_f5
NC_000013.11:32338625:C:G,BRCA2,0,0.016025364220828692,0.0,0.0022599952696027614,0.0,6.706034397358522e-09,0.0,0.004858277666619756,0.0,0.0,0000,0.005785910965771402,0.0029565971250895195,22,25,1,Unanimous B/LB-directed,without_addAF_AlphaMissense_f5
NC_000013.11:32338843:G:T,BRCA2,0,0.016770849239060304,0.0,0.0004536099343529117,0.0,0.0021414845407264765,0.0,0.006944457975612568,0.0,0.0,0000,0.006577600422438065,0.0034228241742549253,22,25,1,Unanimous B/LB-directed,without_addAF_AlphaMissense_f5
NC_000013.11:32338893:T:A,BRCA2,0,0.03466679885037782,0.0,8.202346431055384e-05,0.0,0.005936708231092183,0.0,0.004695553402024593,0.0,0.0,0000,0.011345270986951289,0.006382264929439487,22,25,1,Unanimous B/LB-directed,without_addAF_AlphaMissense_f5
NC_000013.11:32339163:C:A,BRCA2,0,0.017315193444456273,0.0,0.0005626479941021855,0.0,0.0002294950355858036,0.0,0.004985171654875443,0.0,0.0,0000,0.0057731270322549265,0.0029491407273201605,22,25,1,Unanimous B/LB-directed,without_addAF_AlphaMissense_f5
NC_000013.11:32339180:C:G,BRCA2,0,0.011039759517815124,0.0,0.00021303378144653544,0.0,6.706034397358522e-09,0.0,0.003986370679689711,0.0,0.0,0000,0.0038097926712464423,0.0018353553889973702,22,25,1,Unanimous B/LB-directed,without_addAF_AlphaMissense_f5
NC_000013.11:32339501:A:G,BRCA2,0,0.01913561363651661,0.0,0.0019640508058208542,0.0,7.550037503368737e-05,0.0,0.00442926633485396,0.0,0.0,0000,0.006401107788056278,0.0033181475262627825,22,25,1,Unanimous B/LB-directed,without_addAF_AlphaMissense_f5
NC_000013.11:32339652:T:A,BRCA2,0,0.03478927655741289,0.0,0.00034354024237208717,0.0,0.00010250935825650964,0.0,0.004123932838562536,0.0,0.0,0000,0.009839814749151004,0.0054232442791091245,22,25,1,Unanimous B/LB-directed,without_addAF_AlphaMissense_f5
NC_000013.11:32339688:T:A,BRCA2,0,0.010498544110813296,0.0,0.0014129089432154283,0.0,6.706034397358522e-09,0.0,0.004078032446986023,0.0,0.0,0000,0.0039973730517622865,0.00193878484139476,22,25,1,Unanimous B/LB-directed,without_addAF_AlphaMissense_f5
NC_000013.11:32339897:G:C,BRCA2,0,0.002230367547958688,0.0,0.005964378067857333,0.0,0.007893641949827845,0.0,0.008123721748806453,0.0,0.0,0000,0.006053027328612581,0.0031129327272098116,22,25,1,Unanimous B/LB-directed,without_addAF_AlphaMissense_f5
NC_000013.11:32339989:GAGAAT:AAGAAG,BRCA2,0,,,,,,,,,,,,,0,25,0,,without_addAF_AlphaMissense_f5
NC_000013.11:32340086:A:G,BRCA2,0,0.009899510531954743,0.0,0.0011671836381928692,0.0,0.00015206728536160919,0.0,0.004179399380694504,0.0,0.0,0000,0.0038495402090509313,0.0018572123391951054,22,25,1,Unanimous B/LB-directed,without_addAF_AlphaMissense_f5
NC_000013.11:32340098:C:A,BRCA2,0,0.016099321697815108,0.0,0.0005328143182574287,0.0,6.706034397358522e-09,0.0,0.004083685896268598,0.0,0.0,0000,0.005178957154593883,0.0026052827897174538,22,25,1,Unanimous B/LB-directed,without_addAF_AlphaMissense_f5
NC_000013.11:32340184:A:G,BRCA2,0,0.020893384876734863,0.0,0.00028328907933696456,0.0,6.706034397358522e-09,0.0,0.00457365613263766,0.0,0.0,0000,0.006437584198685971,0.0033397476276730235,22,25,1,Unanimous B/LB-directed,without_addAF_AlphaMissense_f5
NC_000013.11:32340890:T:C,BRCA2,0,0.015973387816189184,0.0,0.0026010159744260367,0.0,0.0009165085023788243,0.0,0.00617411355725075,0.0,0.0,0000,0.0064162564625612,0.0033271159066111827,22,25,1,Unanimous B/LB-directed,without_addAF_AlphaMissense_f5
NC_000013.11:32340895:G:A,BRCA2,0,0.014920380332430544,0.0,0.002320623502175516,0.0,0.0020556533795768298,0.0,0.0077460626155911524,0.0,0.0,0000,0.00676067995744351,0.0035318376117234565,22,25,1,Unanimous B/LB-directed,without_addAF_AlphaMissense_f5
NC_000013.11:32340985:G:A,BRCA2,0,0.022338438655927842,0.0,0.0012496435294602963,0.0,0.0019497656309248135,0.0,0.008281024585992402,0.0,0.0,0000,0.008454718100576339,0.00455974991967881,22,25,1,Unanimous B/LB-directed,without_addAF_AlphaMissense_f5
NC_000013.11:32346831:A:T,BRCA2,0,0.013652250392370833,0.0,0.0023017672300902512,0.0,0.00015206728536160919,0.0,0.005811391135012065,0.0,0.0,0000,0.005479369010708689,0.0027784664811251335,22,25,1,Unanimous B/LB-directed,without_addAF_AlphaMissense_f5
NC_000013.11:32355039:T:C,BRCA2,0,0.019168262091433238,0.0,0.0013243744346067253,0.0,0.00015206728536160919,0.0,0.005811391135012065,0.0,0.0,0000,0.006614023736603409,0.0034444775881625773,22,25,1,Unanimous B/LB-directed,without_addAF_AlphaMissense_f5
NC_000013.11:32355040:G:T,BRCA2,0,0.030677869540322606,0.0,0.0007391319277038383,0.0,0.002098445648699415,0.0,0.007706606733849071,0.0,0.0,0000,0.010305513462643733,0.005717740760124767,22,25,1,Unanimous B/LB-directed,without_addAF_AlphaMissense_f5
NC_000013.11:32355223:T:A,BRCA2,0,0.01838874130433097,0.0,0.0005662069954518158,0.0,6.706034397358522e-09,0.0,0.004019728306367346,0.0,0.0,0000,0.005743670828046132,0.0029319690658241534,22,25,1,Unanimous B/LB-directed,without_addAF_AlphaMissense_f5
NC_000013.11:32355249:TA:CG,BRCA2,0,,,,,,,,,,,,,0,25,0,,without_addAF_AlphaMissense_f5
NC_000013.11:32362632:C:G,BRCA2,0,0.9938862653886072,1.0,0.8928351638118263,1.0,0.9955078935284143,1.0,0.9931299014784956,1.0,4.0,1111,0.9688398060518358,0.9811151482402033,22,25,1,Unanimous LP/P-directed,without_addAF_AlphaMissense_f5
NC_000013.11:32363215:A:G,BRCA2,0,0.027099024349606694,0.0,0.005881064108255513,0.0,0.007572971207507654,0.0,0.017169378294237307,0.0,0.0,0000,0.014430609489901792,0.008405412102473891,22,25,1,Unanimous B/LB-directed,without_addAF_AlphaMissense_f5
NC_000013.11:32376770:G:A,BRCA2,0,0.02009345831915121,0.0,0.00488699706047398,0.0,0.0009165085023788243,0.0,0.006029005582364684,0.0,0.0,0000,0.007981492366092175,0.004269290990919674,22,25,1,Unanimous B/LB-directed,without_addAF_AlphaMissense_f5
NC_000013.11:32379439:C:G,BRCA2,0,0.009791604571683923,0.0,0.0005055743560735324,0.0,6.706034397358522e-09,0.0,0.004361352733398791,0.0,0.0,0000,0.003664634591797661,0.001755811447196173,22,25,1,Unanimous B/LB-directed,without_addAF_AlphaMissense_f5
NC_000015.10:90749722:A:G,BLM,0,0.010674461966959457,0.0,0.0009621404384846463,0.0,6.706034397358522e-09,0.0,0.004607953698162917,0.0,0.0,0000,0.004061140702410354,0.0019741049813368893,24,25,1,Unanimous B/LB-directed,without_addAF_AlphaMissense_f5
NC_000015.10:90760705:C:T,BLM,0,0.09104548842633038,0.0,0.07413313353226406,0.0,0.004020159499864298,0.0,0.009169085886355581,0.0,0.0,0000,0.04459196683620358,0.03074625030059032,24,25,1,Unanimous B/LB-directed,without_addAF_AlphaMissense_f5
NC_000015.10:90803699:G:A,BLM,0,0.052849560674699585,0.0,0.004100757254617467,0.0,0.008054564513862826,0.0,0.007405039469584372,0.0,0.0,0000,0.018102480478191064,0.010898987314878136,25,25,1,Unanimous B/LB-directed,without_addAF_AlphaMissense_f5
NC_000016.10:23623122:A:G,PALB2,0,0.04127015019285706,0.0,0.0002562718245263329,0.0,0.0018869934534577082,0.0,0.007864566437534295,0.0,0.0,0000,0.012819495477093849,0.007339908267664796,24,25,1,Unanimous B/LB-directed,without_addAF_AlphaMissense_f5
NC_000016.10:23626259:T:G,PALB2,0,0.006380840484389783,0.0,0.005009691224964929,0.0,0.009018225635056833,0.0,0.009935302631642913,0.0,0.0,0000,0.007586014994013615,0.004028465886448707,25,25,1,Unanimous B/LB-directed,without_addAF_AlphaMissense_f5
NC_000016.10:23629931:C:G,PALB2,0,0.0445902144663046,0.0,3.7528030408767766e-05,0.0,0.00039355854584144476,0.0,0.005130035194875488,0.0,0.0,0000,0.012537834059357576,0.00715561324354288,24,25,1,Unanimous B/LB-directed,without_addAF_AlphaMissense_f5
NC_000016.10:23630334:G:C,PALB2,0,0.017243738549654258,0.0,0.011324149148033027,0.0,0.016987210243556317,0.0,0.009273350666700443,0.0,0.0,0000,0.013707112151986011,0.007924598925292643,24,25,1,Unanimous B/LB-directed,without_addAF_AlphaMissense_f5
NC_000016.10:23635280:T:G,PALB2,0,0.024481493283835785,0.0,0.027112558755001317,0.0,0.03436073001489022,0.0,0.019514407739042696,0.0,0.0,0000,0.026367297448192505,0.016784122446942558,24,25,1,Unanimous B/LB-directed,without_addAF_AlphaMissense_f5
NC_000016.10:68801678:A:T,CDH1,0,0.04202590992629799,0.0,0.1099050789728543,0.0,0.040198383115981576,0.0,0.03147770387863168,0.0,0.0,0000,0.05590176897344139,0.03992973237177729,23,25,1,Unanimous B/LB-directed,without_addAF_AlphaMissense_f5
NC_000016.10:68808831:G:A,CDH1,0,0.012235709204767234,0.0,1.58063739447658e-05,0.0,7.550037503368737e-05,0.0,0.004695627823712834,0.0,0.0,0000,0.00425566094436463,0.0020823321698850215,25,25,1,Unanimous B/LB-directed,without_addAF_AlphaMissense_f5
NC_000016.10:68810232:G:A,CDH1,0,0.01792270592960426,0.0,3.4018609016565773e-05,0.0,0.001273926047231987,0.0,0.0048331641008781635,0.0,0.0,0000,0.006015953671682744,0.0030911740635484017,25,25,1,Unanimous B/LB-directed,without_addAF_AlphaMissense_f5
NC_000016.10:68812155:G:A,CDH1,0,0.0017952166791260016,0.0,0.0014612350207537715,0.0,0.005033955059204888,0.0,0.008926614004161237,0.0,0.0,0000,0.004304255190811474,0.0021094807132826764,25,25,1,Unanimous B/LB-directed,without_addAF_AlphaMissense_f5
NC_000016.10:68812243:C:T,CDH1,0,0.9744439476617265,1.0,0.9507918850546223,1.0,0.9996863772060345,1.0,0.996577608848563,1.0,4.0,1111,0.9803749546927365,0.9889050262133521,25,25,1,Unanimous LP/P-directed,without_addAF_AlphaMissense_f5
NC_000016.10:68813381:G:A,CDH1,0,0.018655908012407373,0.0,0.0008801716045767949,0.0,0.003513751146740766,0.0,0.00594585252663233,0.0,0.0,0000,0.007248920822589315,0.0038246269097376856,24,25,1,Unanimous B/LB-directed,without_addAF_AlphaMissense_f5
NC_000016.10:68813457:A:G,CDH1,0,0.015459151882836584,0.0,0.006230156179321274,0.0,0.041583715015283594,0.0,0.02358792530794982,0.0,0.0,0000,0.021715237096347817,0.013429397710193053,24,25,1,Unanimous B/LB-directed,without_addAF_AlphaMissense_f5
NC_000016.10:68815553:G:A,CDH1,0,0.012663780561345199,0.0,0.0005527356655562823,0.0,0.01485573089492335,0.0,0.006506766212982129,0.0,0.0,0000,0.00864475333370174,0.004677068325810111,25,25,1,Unanimous B/LB-directed,without_addAF_AlphaMissense_f5
NC_000016.10:68819281:A:G,CDH1,0,0.9735448859978552,1.0,0.9708147794737891,1.0,0.9759036560778616,1.0,0.9753098994555564,1.0,4.0,1111,0.9738933052512656,0.9845972135716767,25,25,1,Unanimous LP/P-directed,without_addAF_AlphaMissense_f5
NC_000016.10:89738707:G:A,FANCA,0,,,,,,,,,,,,,2,25,0,,without_addAF_AlphaMissense_f5
NC_000016.10:89738887:C:G,FANCA,0,,,,,,,,,,,,,2,25,0,,without_addAF_AlphaMissense_f5
NC_000016.10:89764941:G:C,FANCA,0,0.01610736485765725,0.0,0.000244533187750017,0.0,0.00010250935825650964,0.0,0.005003702673198423,0.0,0.0,0000,0.00536452751921555,0.0027120964869902326,25,25,1,Unanimous B/LB-directed,without_addAF_AlphaMissense_f5
NC_000017.11:7669628:C:G,TP53,0,0.01596976126331696,0.0,0.14212157657900912,0.0,0.02245770526786512,0.0,0.027551389071740446,0.0,0.0,0000,0.05202510804548291,0.03674332327846182,23,25,1,Unanimous B/LB-directed,without_addAF_AlphaMissense_f5
NC_000017.11:7669635:G:T,TP53,0,0.032293686200145444,0.0,0.0035435745565001314,0.0,0.019823657750421993,0.0,0.005742052705186373,0.0,0.0,0000,0.015350742803063486,0.009022138997760352,23,25,1,Unanimous B/LB-directed,without_addAF_AlphaMissense_f5
NC_000017.11:7670668:G:C,TP53,0,0.004225425410914838,0.0,0.027928773079305438,0.0,0.0181055065816137,0.0,0.017533917724210424,0.0,0.0,0000,0.0169484056990111,0.010106151810692413,24,25,1,Unanimous B/LB-directed,without_addAF_AlphaMissense_f5
NC_000017.11:7670688:C:A,TP53,0,0.0032719824885797132,0.0,0.019564383164105414,0.0,0.0036385179314158385,0.0,0.01567980267866618,0.0,0.0,0000,0.010538671565691786,0.0058659286153989985,24,25,1,Unanimous B/LB-directed,without_addAF_AlphaMissense_f5
NC_000017.11:7670711:G:A,TP53,0,0.9778724679632154,1.0,0.8763718194636244,1.0,0.9442833628339582,1.0,0.9268836646407629,1.0,4.0,1111,0.9313528287253903,0.9528574476505921,25,25,1,Unanimous LP/P-directed,without_addAF_AlphaMissense_f5
NC_000017.11:7673318:T:G,TP53,0,,,,,,,,,,,,,2,25,0,,without_addAF_AlphaMissense_f5
NC_000017.11:7673592:G:T,TP53,0,0.012664561995181553,0.0,0.041369847092548734,0.0,0.01297279331681681,0.0,0.009200319563635147,0.0,0.0,0000,0.01905188049204556,0.01155704108335644,24,25,1,Unanimous B/LB-directed,without_addAF_AlphaMissense_f5
NC_000017.11:7673744:T:C,TP53,0,0.0010226397933375815,0.0,0.005889127158399679,0.0,0.01156325917091759,0.0,0.01204507854486614,0.0,0.0,0000,0.007630026166880247,0.004055177804660252,24,25,1,Unanimous B/LB-directed,without_addAF_AlphaMissense_f5
NC_000017.11:7673831:T:C,TP53,0,0.004789818534548593,0.0,0.013810320606503012,0.0,0.019410204819527103,0.0,0.0406456966928107,0.0,0.0,0000,0.019664010163347352,0.011984008640596048,24,25,1,Unanimous B/LB-directed,without_addAF_AlphaMissense_f5
NC_000017.11:7675056:G:C,TP53,0,0.10955264136861052,0.0,0.10991136930735795,0.0,0.0789507301324742,0.0,0.08642347596986222,0.0,0.0,0000,0.09620955419457622,0.07500986343586437,24,25,1,Unanimous B/LB-directed,without_addAF_AlphaMissense_f5
NC_000017.11:7676015:G:A,TP53,0,0.9768102161636044,1.0,0.7870675023185985,1.0,0.93456832409488,1.0,0.9949112536725659,1.0,4.0,1111,0.9233393240624121,0.9463822950155292,25,25,1,Unanimous LP/P-directed,without_addAF_AlphaMissense_f5
NC_000017.11:7676196:G:C,TP53,0,0.008756771549848568,0.0,0.0003317796414138572,0.0,0.003840705436401315,0.0,0.006184869614158517,0.0,0.0,0000,0.004778531560455565,0.0023766883591457106,24,25,1,Unanimous B/LB-directed,without_addAF_AlphaMissense_f5
NC_000017.11:7676383:G:C,TP53,0,0.00871658568766437,0.0,0.14216249500110617,0.0,0.00864593412622276,0.0,0.015241158335230638,0.0,0.0,0000,0.04369154328755598,0.03003046480521953,22,25,1,Unanimous B/LB-directed,without_addAF_AlphaMissense_f5
NC_000017.11:7676392:T:C,TP53,0,0.008167087907783178,0.0,0.004848333325272336,0.0,0.0015228343678159136,0.0,0.009183726617640067,0.0,0.0,0000,0.005930495554627874,0.0030410921808961904,22,25,1,Unanimous B/LB-directed,without_addAF_AlphaMissense_f5
NC_000017.11:7676583:G:A,TP53,0,0.009121519328232418,0.0,0.04596282512637292,0.0,0.0015228343678159136,0.0,0.005551460528773179,0.0,0.0,0000,0.015539659837798606,0.009149464208591538,22,25,1,Unanimous B/LB-directed,without_addAF_AlphaMissense_f5
NC_000017.11:43045791:C:T,BRCA1,0,,,,,,,,,,,,,2,25,0,,without_addAF_AlphaMissense_f5
NC_000017.11:43045797:A:G,BRCA1,0,,,,,,,,,,,,,2,25,0,,without_addAF_AlphaMissense_f5
NC_000017.11:43045800:T:G,BRCA1,0,,,,,,,,,,,,,2,25,0,,without_addAF_AlphaMissense_f5
NC_000017.11:43047649:G:A,BRCA1,0,,,,,,,,,,,,,2,25,0,,without_addAF_AlphaMissense_f5
NC_000017.11:43047663:T:C,BRCA1,0,0.021279102266301014,0.0,0.011885266177024236,0.0,0.043541607980172446,0.0,0.019846015238750073,0.0,0.0,0000,0.02413799791556194,0.015163889760098925,23,25,1,Unanimous B/LB-directed,without_addAF_AlphaMissense_f5
NC_000017.11:43049189:T:G,BRCA1,0,0.029097744395779224,0.0,0.007955688602395736,0.0,0.028871558331242504,0.0,0.012120242080432116,0.0,0.0,0000,0.01951130835246239,0.01187730405177319,24,25,1,Unanimous B/LB-directed,without_addAF_AlphaMissense_f5
NC_000017.11:43070955:A:G,BRCA1,0,0.435469914823972,0.0,0.5630144056787515,0.0,0.7690371920017157,1.0,0.882226683256701,1.0,2.0,0011,0.6624370489402851,0.6911049118850855,24,25,1,Mixed votes,without_addAF_AlphaMissense_f5
NC_000017.11:43070988:G:A,BRCA1,0,0.008419290003502479,0.0,0.03654968599051898,0.0,0.03395772231765417,0.0,0.01323864407843308,0.0,0.0,0000,0.023041335597527177,0.014375250701228462,24,25,1,Unanimous B/LB-directed,without_addAF_AlphaMissense_f5
NC_000017.11:43070995:T:C,BRCA1,0,0.020710102822702414,0.0,0.000536113431784994,0.0,0.0028387124813434037,0.0,0.007135220022731681,0.0,0.0,0000,0.007805037189640623,0.004161618994540911,24,25,1,Unanimous B/LB-directed,without_addAF_AlphaMissense_f5
NC_000017.11:43071016:T:C,BRCA1,0,0.007603211196002511,0.0,0.003115433895318347,0.0,0.0004911118279188058,0.0,0.004335917037975263,0.0,0.0,0000,0.003886418489303731,0.0018775202642377753,24,25,1,Unanimous B/LB-directed,without_addAF_AlphaMissense_f5
NC_000017.11:43071109:C:G,BRCA1,0,0.02574862984915163,0.0,9.530311669226878e-05,0.0,0.0010202875391641562,0.0,0.00645054541933939,0.0,0.0,0000,0.00832869148108686,0.004482159011066264,24,25,1,Unanimous B/LB-directed,without_addAF_AlphaMissense_f5
NC_000017.11:43074462:C:T,BRCA1,0,0.022944440738414028,0.0,0.0001841103126017446,0.0,0.0016618527028821825,0.0,0.0038752654217953605,0.0,0.0,0000,0.007166417293923329,0.0037749444930289173,24,25,1,Unanimous B/LB-directed,without_addAF_AlphaMissense_f5
NC_000017.11:43082427:G:C,BRCA1,0,0.022503624065576697,0.0,0.0007264079688983637,0.0,0.0018248011259601065,0.0,0.006157624580432054,0.0,0.0,0000,0.007803114435216805,0.004160447677738818,24,25,1,Unanimous B/LB-directed,without_addAF_AlphaMissense_f5
NC_000017.11:43082466:T:G,BRCA1,0,0.02910711634063068,0.0,3.801931459949663e-05,0.0,6.706034397358522e-09,0.0,0.005130035194875488,0.0,0.0,0000,0.008568794389035015,0.004630129300757752,24,25,1,Unanimous B/LB-directed,without_addAF_AlphaMissense_f5
NC_000017.11:43082505:C:G,BRCA1,0,0.008092816522364134,0.0,0.002080797556145686,0.0,0.0014837434833368478,0.0,0.006942726192240541,0.0,0.0,0000,0.0046500209385218014,0.002303893699873452,25,25,1,Unanimous B/LB-directed,without_addAF_AlphaMissense_f5
NC_000017.11:43091535:C:T,BRCA1,0,0.029791217056082397,0.0,5.971147436514663e-05,0.0,0.000686899902996468,0.0,0.005299561531775443,0.0,0.0,0000,0.008959347491304864,0.004872110610252931,24,25,1,Unanimous B/LB-directed,without_addAF_AlphaMissense_f5
NC_000017.11:43091595:G:C,BRCA1,0,0.014416178184034288,0.0,6.630981170453513e-05,0.0,0.0002651826902574387,0.0,0.0035800987803107595,0.0,0.0,0000,0.004581942366576755,0.002265446684413707,25,25,1,Unanimous B/LB-directed,without_addAF_AlphaMissense_f5
NC_000017.11:43091704:A:C,BRCA1,0,0.018717371323806242,0.0,0.0010229238075435759,0.0,0.0011815586888478937,0.0,0.005883244390159827,0.0,0.0,0000,0.006701274552589385,0.003496417663569641,24,25,1,Unanimous B/LB-directed,without_addAF_AlphaMissense_f5
NC_000017.11:43091712:T:C,BRCA1,0,0.021976171695612345,0.0,0.0027799623944490194,0.0,0.0007185689730483764,0.0,0.007459304618662146,0.0,0.0,0000,0.008233501920442973,0.004423666996643967,24,25,1,Unanimous B/LB-directed,without_addAF_AlphaMissense_f5
NC_000017.11:43091806:T:C,BRCA1,0,0.012487909415881689,0.0,0.0031453528106283653,0.0,7.550037503368737e-05,0.0,0.003457491809642146,0.0,0.0,0000,0.004791563602796472,0.002384086132176005,25,25,1,Unanimous B/LB-directed,without_addAF_AlphaMissense_f5
NC_000017.11:43091878:T:A,BRCA1,0,0.002154818904950705,0.0,0.0065509132551549365,0.0,0.038892919429808666,0.0,0.02223270490038974,0.0,0.0,0000,0.01745783912257601,0.010455145881030692,24,25,1,Unanimous B/LB-directed,without_addAF_AlphaMissense_f5
NC_000017.11:43092003:A:T,BRCA1,0,0.525181005924569,1.0,0.37984305114538564,0.0,0.5170869425129387,1.0,0.4188875763969236,0.0,2.0,1010,0.4602496439949542,0.4641752797524968,24,25,1,Mixed votes,without_addAF_AlphaMissense_f5
NC_000017.11:43092156:G:T,BRCA1,0,0.04807178485429431,0.0,0.11886515337783782,0.0,0.0645776917276793,0.0,0.04066707809035292,0.0,0.0,0000,0.06804542701254108,0.05014598290391298,25,25,1,Unanimous B/LB-directed,without_addAF_AlphaMissense_f5
NC_000017.11:43092402:T:C,BRCA1,0,0.02145334418249069,0.0,3.730733524282099e-06,0.0,0.0009335902091677701,0.0,0.009012216781515868,0.0,0.0,0000,0.007850720476674653,0.004189460995902759,25,25,1,Unanimous B/LB-directed,without_addAF_AlphaMissense_f5
NC_000017.11:43092420:T:A,BRCA1,0,0.02134387169551759,0.0,0.04793154165318221,0.0,0.02366417685035311,0.0,0.007264214723640776,0.0,0.0,0000,0.02505095123067342,0.01582470324714375,24,25,1,Unanimous B/LB-directed,without_addAF_AlphaMissense_f5
NC_000017.11:43092589:G:C,BRCA1,0,0.0025481692163103623,0.0,0.009276854778491644,0.0,0.004359573803726475,0.0,0.004730567294699978,0.0,0.0,0000,0.005228791273307115,0.0026339139931967266,24,25,1,Unanimous B/LB-directed,without_addAF_AlphaMissense_f5
NC_000017.11:43092628:G:C,BRCA1,0,0.024451017964628466,0.0,3.721031603455905e-05,0.0,0.0008490639141618851,0.0,0.006719412702675339,0.0,0.0,0000,0.008014176224375062,0.004289272841830988,24,25,1,Unanimous B/LB-directed,without_addAF_AlphaMissense_f5
NC_000017.11:43092669:A:T,BRCA1,0,0.022295133850171456,0.0,0.00016575288931063291,0.0,0.0014643047106833885,0.0,0.0038752654217953605,0.0,0.0,0000,0.00695011421799021,0.0036450857774900235,24,25,1,Unanimous B/LB-directed,without_addAF_AlphaMissense_f5
NC_000017.11:43092784:T:A,BRCA1,0,0.007839439165987061,0.0,0.021563960590541456,0.0,0.0011815586888478937,0.0,0.007087725075463239,0.0,0.0,0000,0.009418170880209912,0.005158368253378812,24,25,1,Unanimous B/LB-directed,without_addAF_AlphaMissense_f5
NC_000017.11:43092895:C:T,BRCA1,0,0.0035607001197849784,0.0,0.009336179210971613,0.0,0.00044858194069389825,0.0,0.00814301944336381,0.0,0.0,0000,0.005372120178703576,0.0027164782359422445,25,25,1,Unanimous B/LB-directed,without_addAF_AlphaMissense_f5
NC_000017.11:43093005:T:C,BRCA1,0,0.0038101081749997586,0.0,0.006584250158812935,0.0,0.0019708171853560887,0.0,0.005841830613675374,0.0,0.0,0000,0.004551751533211039,0.002248422632752086,25,25,1,Unanimous B/LB-directed,without_addAF_AlphaMissense_f5
NC_000017.11:43093350:G:A,BRCA1,0,0.012800123914181784,0.0,8.286418417433291e-06,0.0,0.00010250935825650964,0.0,0.0035800987803107595,0.0,0.0,0000,0.004122754617791622,0.0020083073963353755,25,25,1,Unanimous B/LB-directed,without_addAF_AlphaMissense_f5
NC_000017.11:43093598:A:C,BRCA1,0,0.06652327325606787,0.0,0.05428613433424816,0.0,0.29839298418567245,0.0,0.09531462255757989,0.0,0.0,0000,0.1286292535833921,0.10527000447573065,25,25,1,Unanimous B/LB-directed,without_addAF_AlphaMissense_f5
NC_000017.11:43093887:A:C,BRCA1,0,0.012351895617491749,0.0,0.017100308540511738,0.0,0.0003801149363449204,0.0,0.00519649728038007,0.0,0.0,0000,0.008757204093682119,0.0047466682672500276,24,25,1,Unanimous B/LB-directed,without_addAF_AlphaMissense_f5
NC_000017.11:43093966:C:T,BRCA1,0,0.01795007198738441,0.0,0.08171630076567173,0.0,0.06048535398583222,0.0,0.023397970968697432,0.0,0.0,0000,0.045887424426896445,0.031780244686927334,24,25,1,Unanimous B/LB-directed,without_addAF_AlphaMissense_f5
NC_000017.11:43094371:A:T,BRCA1,0,0.0018020279361183893,0.0,0.01851788898355679,0.0,0.04849193170636732,0.0,0.016861780928177438,0.0,0.0,0000,0.021418407388554987,0.013218883844750525,25,25,1,Unanimous B/LB-directed,without_addAF_AlphaMissense_f5
NC_000017.11:43094425:C:T,BRCA1,0,0.004054398775254116,0.0,0.00822860917693582,0.0,0.0012296332279009485,0.0,0.004003724969456358,0.0,0.0,0000,0.004379091537386811,0.0021513756637764137,24,25,1,Unanimous B/LB-directed,without_addAF_AlphaMissense_f5
NC_000017.11:43094639:C:A,BRCA1,0,0.0078584358905781,0.0,0.026895674564606585,0.0,0.022454221570204134,0.0,0.013813575330867554,0.0,0.0,0000,0.01775547683906409,0.010659767437075094,24,25,1,Unanimous B/LB-directed,without_addAF_AlphaMissense_f5
NC_000017.11:43094740:T:A,BRCA1,0,0.023399811909362588,0.0,0.02604338300891168,0.0,0.028591840233575527,0.0,0.02277049725315767,0.0,0.0,0000,0.02520138310125187,0.015933953997612417,24,25,1,Unanimous B/LB-directed,without_addAF_AlphaMissense_f5
NC_000017.11:43094791:T:C,BRCA1,0,0.004498209624667826,0.0,0.002214921472293678,0.0,0.0003276487593523997,0.0,0.006083894932960705,0.0,0.0,0000,0.0032811686973186517,0.0015478699259503317,25,25,1,Unanimous B/LB-directed,without_addAF_AlphaMissense_f5
NC_000017.11:43095863:A:C,BRCA1,0,0.0280231505950654,0.0,0.0005347458009445766,0.0,0.0021847680012203764,0.0,0.003596851358089042,0.0,0.0,0000,0.00858487893882985,0.004640063730354192,25,25,1,Unanimous B/LB-directed,without_addAF_AlphaMissense_f5
NC_000017.11:43104886:C:G,BRCA1,0,0.018001272161588956,0.0,0.4337074685256001,0.0,0.06412285334282818,0.0,0.0980609150637466,0.0,0.0,0000,0.15347312727344095,0.12942621155959794,24,25,1,Unanimous B/LB-directed,without_addAF_AlphaMissense_f5
NC_000017.11:43104900:T:C,BRCA1,0,0.0033079836182596874,0.0,0.009277780344397546,0.0,0.04554378702690159,0.0,0.01339074717551357,0.0,0.0,0000,0.017880074541268096,0.010745582246115604,24,25,1,Unanimous B/LB-directed,without_addAF_AlphaMissense_f5
NC_000017.11:43106478:T:C,BRCA1,0,,,,,,,,,,,,,2,25,0,,without_addAF_AlphaMissense_f5
NC_000017.11:43115760:T:G,BRCA1,0,0.01869028566165897,0.0,0.14027505706378995,0.0,0.052476615399759605,0.0,0.062466186466142395,0.0,0.0,0000,0.06847703614783773,0.05051522020479321,24,25,1,Unanimous B/LB-directed,without_addAF_AlphaMissense_f5
NC_000017.11:43115762:C:T,BRCA1,0,0.3217814880299346,0.0,0.4047752254011437,0.0,0.4039841796488508,0.0,0.448977458492987,1.0,1.0,0001,0.39487958789322897,0.389820698061707,24,25,1,Mixed votes,without_addAF_AlphaMissense_f5
NC_000017.11:43124044:T:G,BRCA1,0,0.02810688788781279,0.0,0.12333335728831334,0.0,0.08491086319299314,0.0,0.06261990137824137,0.0,0.0,0000,0.07474275243684016,0.055919707237993874,24,25,1,Unanimous B/LB-directed,without_addAF_AlphaMissense_f5
NC_000017.11:58695032:A:G,RAD51C,0,0.03702065847101647,0.0,0.017139079180638565,0.0,0.0027920866891557707,0.0,0.008651983803921416,0.0,0.0,0000,0.016400952036183056,0.009732884024858888,25,25,1,Unanimous B/LB-directed,without_addAF_AlphaMissense_f5
NC_000017.11:61683456:C:T,BRIP1,0,0.014844249184501166,0.0,0.00035733748911822243,0.0,0.00039355854584144476,0.0,0.004760166436039113,0.0,0.0,0000,0.005088827913874987,0.0025536014017127464,24,25,1,Unanimous B/LB-directed,without_addAF_AlphaMissense_f5
NC_000017.11:61685985:A:C,BRIP1,0,0.02938029001891767,0.0,0.0007339980484606304,0.0,0.0024719377063901283,0.0,0.006455768208890318,0.0,0.0,0000,0.009760498495664686,0.005373288209619352,22,25,1,Unanimous B/LB-directed,without_addAF_AlphaMissense_f5
NC_000017.11:61857170:G:A,BRIP1,0,0.04197341401999166,0.0,0.0446744345049076,0.0,0.007709397527824526,0.0,0.006543228931631497,0.0,0.0,0000,0.02522511874608882,0.015951201281245515,24,25,1,Unanimous B/LB-directed,without_addAF_AlphaMissense_f5
NC_000002.12:214780734:T:G,BARD1,0,0.01817494071914647,0.0,3.436922533230038e-05,0.0,0.0003276487593523997,0.0,0.008501199090632697,0.0,0.0,0000,0.006759539448615967,0.0035311571677362967,24,25,1,Unanimous B/LB-directed,without_addAF_AlphaMissense_f5
NC_000002.12:214780957:T:C,BARD1,0,0.02549056302767638,0.0,0.00019094247871904681,0.0,0.0005346762737227797,0.0,0.005283134409604495,0.0,0.0,0000,0.007874829047430676,0.004204163658903943,24,25,1,Unanimous B/LB-directed,without_addAF_AlphaMissense_f5
NC_000002.12:214792443:T:A,BARD1,0,0.00639411297892258,0.0,0.011686382129438686,0.0,0.00028973584290821415,0.0,0.0075514234656207085,0.0,0.0,0000,0.006480413604222548,0.003365132345276518,24,25,1,Unanimous B/LB-directed,without_addAF_AlphaMissense_f5
NC_000022.11:28711935:C:A,CHEK2,0,0.04007282451662974,0.0,0.15929157072952782,0.0,0.006023528365086158,0.0,0.011625494721533637,0.0,0.0,0000,0.05425335458319434,0.03857012688140115,24,25,1,Unanimous B/LB-directed,without_addAF_AlphaMissense_f5
NC_000022.11:28734660:G:A,CHEK2,0,0.16659537973132935,0.0,7.014777691684931e-05,0.0,0.043968788263873244,0.0,0.01665100106464536,0.0,0.0,0000,0.0568213292091912,0.040691137418045156,22,25,1,Unanimous B/LB-directed,without_addAF_AlphaMissense_f5
NC_000008.11:89946189:C:T,NBN,0,0.025001372634102972,0.0,3.2099809385536104e-05,0.0,6.706034397358522e-09,0.0,0.009249008592714545,0.0,0.0,0000,0.008570621935559363,0.004631257925789188,24,25,1,Unanimous B/LB-directed,without_addAF_AlphaMissense_f5
NC_000008.11:89955351:T:C,NBN,0,0.016849154084568763,0.0,5.732670442943278e-05,0.0,6.706034397358522e-09,0.0,0.004717708476078803,0.0,0.0,0000,0.005406048992777849,0.0027360695264029974,24,25,1,Unanimous B/LB-directed,without_addAF_AlphaMissense_f5
NC_000008.11:89984527:C:G,NBN,0,0.03358896926531495,0.0,0.007916552983786075,0.0,0.003588462148844351,0.0,0.010688583162999216,0.0,0.0,0000,0.013945641890236147,0.008082707294079651,24,25,1,Unanimous B/LB-directed,without_addAF_AlphaMissense_f5
NC_000009.12:95107174:G:T,FANCC,0,0.014957069732452291,0.0,0.00021077397860973902,0.0,0.00019526025292648287,0.0,0.007115228510565661,0.0,0.0,0000,0.0056195831186385435,0.002859771246095534,25,25,1,Unanimous B/LB-directed,without_addAF_AlphaMissense_f5
NC_000009.12:95107207:G:A,FANCC,0,0.017193614720204104,0.0,0.00028015819457160576,0.0,0.0015819982671328315,0.0,0.004674544011854191,0.0,0.0,0000,0.0059325787984406825,0.003042311814450127,25,25,1,Unanimous B/LB-directed,without_addAF_AlphaMissense_f5
NC_000009.12:95249154:C:T,FANCC,0,0.01692059291027381,0.0,0.002000638407168289,0.0,0.0008826083157797131,0.0,0.006684727427962929,0.0,0.0,0000,0.006622141765296186,0.0034493060564725567,25,25,1,Unanimous B/LB-directed,without_addAF_AlphaMissense_f5
